|* Post-layout sampler_dff: the SETUP-TIME bracket -- how far ahead of the
|* sampling clock edge the data input must settle for the bit to be captured
|* -- extracted parasitics vs. the pre-layout netlist, in ONE deck.
|*
|* Purpose. The companion deck in this slug
|* (tb_post_layout_sampler_dff.spice) measures what the sampler does AFTER
|* the edge (clk -> q delay, output levels, reset/idle/active currents). This
|* one measures the window BEFORE it. For a TRNG that is the more
|* consequential of the two: the raw bit is whatever the combining node
|* happens to be doing inside this window, so the window's width is a
|* property of the digitizer that any later raw-bit or min-entropy claim
|* rests on. sim/raw-bit-min-entropy/ digitizes through this exact cell and
|* has never measured it.
|*
|* Method: a LADDER, not a bisection. Twenty-four DFFs run in one transient
|* -- twelve post-layout, twelve pre-layout -- sharing one clock whose single
|* rising edge is at 50 ns, each fed by its OWN d source whose 0 -> 1
|* transition is centred a different distance ahead of that edge:
|*
|*     3200, 800, 260, 215, 180, 150, 125, 105, 88, 73, 60, 45 ps
|*
|* ("centred": each PWL edge takes 100 ps, and the offset is measured
|* between the two signals' 50% crossings, so a rung's label IS the setup
|* time it offers.) After the run, v(q) is read in a settled window after the
|* edge: an instance that captured reads ~Vdd, one that did not reads ~0.
|* The setup time is bracketed between the smallest rung that captured and
|* the largest that did not, per side, per corner, from one transient.
|*
|* Why these twelve rungs. The two wide anchors (3200 and 800 ps) exist to
|* show the ladder saturating -- a run where even they fail to capture is a
|* broken deck, not a fast cell. The other ten are spaced ~1.2x apart across
|* 45..260 ps, which is the band the boundary actually falls in: a scouting
|* run of an earlier, purely geometric (factor-of-two) version of this deck
|* put it between 50 and 100 ps at both tt/27 degC/1.8 V and
|* ff/125 degC/1.98 V, and between 100 and 200 ps at ss/-40 degC/1.62 V.
|* The factor-of-two ladder was too coarse to separate the post-layout cell
|* from its own pre-layout control at any of the three -- both sides landed
|* in the same rung -- which is the whole point of running them in one deck,
|* hence this spacing.
|*
|* Deliberately NOT a metastability measurement.
|* spec/porting-plan.md carries DR-0011's judgment that full resolution-time
|* statistics are "not credibly reproducible in a general-purpose transient
|* solver", and that judgment is tool-general rather than PDK-specific. What
|* is measured here is a DETERMINISTIC timing property -- captured or not
|* captured, at a stated offset -- and nothing about resolution time,
|* failure probability, or the shape of the boundary is claimed. A rung that
|* lands close enough to the boundary to read back an intermediate level is
|* reported as exactly that: an intermediate level at a stated offset.
|*
|* Topology, parasitic scope, substrate tie, stimulus idealization and the
|* pre-layout-control-in-the-same-deck argument are all identical to the
|* companion deck -- see tb_post_layout_sampler_dff.spice's header, which
|* states them in full, including why an ideal PWL stimulus makes every
|* post-layout figure here a FLOOR on the real cost rather than the whole of
|* it.
|*
|* The waveform (ns):
|*
|*    0 .. 10   rst_n = 0, clk = 0, every d = 0    reset; all q = 0
|*   10         rst_n 0 -> 1                       released, master
|*                                                 transparent (clk = 0)
|*   46.8 .. 50.055                                each d rises, one rung
|*                                                 each -- see the ladder
|*   50        clk 0 -> 1                          THE sampling edge; the
|*                                                 slave captures whatever
|*                                                 the master settled to
|*   50 .. 56  clk held high                       master opaque, so a d
|*                                                 that arrived too late
|*                                                 cannot leak through after
|*                                                 the fact; q read over
|*                                                 54 .. 56 ns
|*
|* PVT: the same four (temp, supply) points as every post-layout campaign in
|* this repo, each bundling tt/ss/ff into one record.
|*
|* This file is a TEMPLATE: sim/bin/corner-run.py substitutes /home/ubuntu/.volare/volare/sky130/versions/c6d73a35f524070e85faff4a6a9eef49553ebc2b/sky130A/libs.tech/combined/sky130.lib.spice,
|* tt, /home/ubuntu/loom-workspaces/sky130-trng/.loom/worktrees/issue-22/design/sampler_core.spice (design/sampler_core.spice), /home/ubuntu/loom-workspaces/sky130-trng/.loom/worktrees/issue-22/layout/pex/sampler_dff_pex.spice
|* (layout/pex/sampler_dff_pex.spice), -40.0, 1.62 and 5p. As
|* committed it is not a runnable deck.
|
|.option scale=1u
|.lib "/home/ubuntu/.volare/volare/sky130/versions/c6d73a35f524070e85faff4a6a9eef49553ebc2b/sky130A/libs.tech/combined/sky130.lib.spice" tt
|
|.include "/home/ubuntu/loom-workspaces/sky130-trng/.loom/worktrees/issue-22/design/sampler_core.spice"
|.include "/home/ubuntu/loom-workspaces/sky130-trng/.loom/worktrees/issue-22/layout/pex/sampler_dff_pex.spice"
|
|.temp -40.0
|
|* --- substrate return node: hard tie (see the companion deck's header) --
|Vsub vsubs 0 dc 0
|
|*-----------------------------------------------------------------------
|* The post-layout sampler_dff, assembled from extracted leaf cells.
|* Identical to the companion deck's subcircuit; every port assignment is
|* annotated there with the design/sampler_core.spice device it reproduces.
|*-----------------------------------------------------------------------
|.subckt sampler_dff_pex d clk rst_n q vdd vss
|xinv_clk clk    clkb   vdd vss           sampler_inv_pex
|xtg_d    d      m      clk  clkb vdd vss sampler_tg_pex
|xnand_m  m      rst_n  mb   vdd  vss     sampler_nand2_pex
|xinv_mc  mb     mc     vdd vss           sampler_inv_pex
|xtg_fbm  mc     m      clkb clk  vdd vss sampler_tg_pex
|xtg_s    mb     s      clkb clk  vdd vss sampler_tg_pex
|xinv_q   s      q      vdd vss           sampler_inv_pex
|xnand_s2 q      rst_n  qb   vdd  vss     sampler_nand2_pex
|xtg_fbs  qb     s      clk  clkb vdd vss sampler_tg_pex
|.ends
|
|* --- shared clock and reset --------------------------------------------
|* One rising edge, at 50 ns, held high to the end of the run.
|Vclk clk 0 PWL(0 0  50n 0  50.1n 1.62)
|Vrstn rst_n 0 PWL(0 0  10n 0  10.1n 1.62)
|
|* --- the setup ladder: one d source per rung ----------------------------
|* Each edge takes 100 ps and its 50% crossing precedes the clock's 50%
|* crossing (50.05 ns) by exactly the rung's offset.
|Vd1 d1 0 PWL(0 0  46.8n 0  46.9n 1.62)
|Vd2 d2 0 PWL(0 0  49.2n 0  49.3n 1.62)
|Vd3 d3 0 PWL(0 0  49.74n 0  49.84n 1.62)
|Vd4 d4 0 PWL(0 0  49.785n 0  49.885n 1.62)
|Vd5 d5 0 PWL(0 0  49.82n 0  49.92n 1.62)
|Vd6 d6 0 PWL(0 0  49.85n 0  49.95n 1.62)
|Vd7 d7 0 PWL(0 0  49.875n 0  49.975n 1.62)
|Vd8 d8 0 PWL(0 0  49.895n 0  49.995n 1.62)
|Vd9 d9 0 PWL(0 0  49.912n 0  50.012n 1.62)
|Vd10 d10 0 PWL(0 0  49.927n 0  50.027n 1.62)
|Vd11 d11 0 PWL(0 0  49.94n 0  50.04n 1.62)
|Vd12 d12 0 PWL(0 0  49.955n 0  50.055n 1.62)
|
|* --- twelve post-layout DFFs, one per rung ------------------------------
|* One shared supply source on each side: this deck measures timing, not
|* current (the companion deck owns the per-cell current measurements).
|Vddp vddp 0 dc 1.62
|xp1 d1 clk rst_n qp1 vddp 0 sampler_dff_pex
|xp2 d2 clk rst_n qp2 vddp 0 sampler_dff_pex
|xp3 d3 clk rst_n qp3 vddp 0 sampler_dff_pex
|xp4 d4 clk rst_n qp4 vddp 0 sampler_dff_pex
|xp5 d5 clk rst_n qp5 vddp 0 sampler_dff_pex
|xp6 d6 clk rst_n qp6 vddp 0 sampler_dff_pex
|xp7 d7 clk rst_n qp7 vddp 0 sampler_dff_pex
|xp8 d8 clk rst_n qp8 vddp 0 sampler_dff_pex
|xp9 d9 clk rst_n qp9 vddp 0 sampler_dff_pex
|xp10 d10 clk rst_n qp10 vddp 0 sampler_dff_pex
|xp11 d11 clk rst_n qp11 vddp 0 sampler_dff_pex
|xp12 d12 clk rst_n qp12 vddp 0 sampler_dff_pex
|
|* --- twelve pre-layout control DFFs, the same ladder --------------------
|Vddq vddq 0 dc 1.62
|xq1 d1 clk rst_n qq1 vddq 0 sampler_dff
|xq2 d2 clk rst_n qq2 vddq 0 sampler_dff
|xq3 d3 clk rst_n qq3 vddq 0 sampler_dff
|xq4 d4 clk rst_n qq4 vddq 0 sampler_dff
|xq5 d5 clk rst_n qq5 vddq 0 sampler_dff
|xq6 d6 clk rst_n qq6 vddq 0 sampler_dff
|xq7 d7 clk rst_n qq7 vddq 0 sampler_dff
|xq8 d8 clk rst_n qq8 vddq 0 sampler_dff
|xq9 d9 clk rst_n qq9 vddq 0 sampler_dff
|xq10 d10 clk rst_n qq10 vddq 0 sampler_dff
|xq11 d11 clk rst_n qq11 vddq 0 sampler_dff
|xq12 d12 clk rst_n qq12 vddq 0 sampler_dff
|
|* --- output load: one inverter per DFF, matched per side ----------------
|Vddl vddl 0 dc 1.62
|xlp1 qp1 qpb1 vddl 0 sampler_inv_pex
|xlp2 qp2 qpb2 vddl 0 sampler_inv_pex
|xlp3 qp3 qpb3 vddl 0 sampler_inv_pex
|xlp4 qp4 qpb4 vddl 0 sampler_inv_pex
|xlp5 qp5 qpb5 vddl 0 sampler_inv_pex
|xlp6 qp6 qpb6 vddl 0 sampler_inv_pex
|xlp7 qp7 qpb7 vddl 0 sampler_inv_pex
|xlp8 qp8 qpb8 vddl 0 sampler_inv_pex
|xlp9 qp9 qpb9 vddl 0 sampler_inv_pex
|xlp10 qp10 qpb10 vddl 0 sampler_inv_pex
|xlp11 qp11 qpb11 vddl 0 sampler_inv_pex
|xlp12 qp12 qpb12 vddl 0 sampler_inv_pex
|xlq1 qq1 qqb1 vddl 0 ro_buf
|xlq2 qq2 qqb2 vddl 0 ro_buf
|xlq3 qq3 qqb3 vddl 0 ro_buf
|xlq4 qq4 qqb4 vddl 0 ro_buf
|xlq5 qq5 qqb5 vddl 0 ro_buf
|xlq6 qq6 qqb6 vddl 0 ro_buf
|xlq7 qq7 qqb7 vddl 0 ro_buf
|xlq8 qq8 qqb8 vddl 0 ro_buf
|xlq9 qq9 qqb9 vddl 0 ro_buf
|xlq10 qq10 qqb10 vddl 0 ro_buf
|xlq11 qq11 qqb11 vddl 0 ro_buf
|xlq12 qq12 qqb12 vddl 0 ro_buf
|
|.tran 5p 56n
|
|.control
|run
|
|* --- captured level per rung, as a fraction of Vdd ---------------------
|* Read in a settled window well after the edge. ~1 means the rung's setup
|* time was sufficient, ~0 means it was not; anything in between means the
|* rung sits close to the boundary and is reported as such, NOT as a
|* metastability statistic (see the header).
|meas tran vp1 AVG v(qp1) from=54n to=56n
|meas tran vp2 AVG v(qp2) from=54n to=56n
|meas tran vp3 AVG v(qp3) from=54n to=56n
|meas tran vp4 AVG v(qp4) from=54n to=56n
|meas tran vp5 AVG v(qp5) from=54n to=56n
|meas tran vp6 AVG v(qp6) from=54n to=56n
|meas tran vp7 AVG v(qp7) from=54n to=56n
|meas tran vp8 AVG v(qp8) from=54n to=56n
|meas tran vp9 AVG v(qp9) from=54n to=56n
|meas tran vp10 AVG v(qp10) from=54n to=56n
|meas tran vp11 AVG v(qp11) from=54n to=56n
|meas tran vp12 AVG v(qp12) from=54n to=56n
|meas tran vq1 AVG v(qq1) from=54n to=56n
|meas tran vq2 AVG v(qq2) from=54n to=56n
|meas tran vq3 AVG v(qq3) from=54n to=56n
|meas tran vq4 AVG v(qq4) from=54n to=56n
|meas tran vq5 AVG v(qq5) from=54n to=56n
|meas tran vq6 AVG v(qq6) from=54n to=56n
|meas tran vq7 AVG v(qq7) from=54n to=56n
|meas tran vq8 AVG v(qq8) from=54n to=56n
|meas tran vq9 AVG v(qq9) from=54n to=56n
|meas tran vq10 AVG v(qq10) from=54n to=56n
|meas tran vq11 AVG v(qq11) from=54n to=56n
|meas tran vq12 AVG v(qq12) from=54n to=56n
|
|* Named by the rung's own setup offset in picoseconds, so a record reads
|* as the ladder it is.
|let cap_pex_3200ps = vp1 / 1.62
|let cap_pex_800ps = vp2 / 1.62
|let cap_pex_260ps = vp3 / 1.62
|let cap_pex_215ps = vp4 / 1.62
|let cap_pex_180ps = vp5 / 1.62
|let cap_pex_150ps = vp6 / 1.62
|let cap_pex_125ps = vp7 / 1.62
|let cap_pex_105ps = vp8 / 1.62
|let cap_pex_88ps = vp9 / 1.62
|let cap_pex_73ps = vp10 / 1.62
|let cap_pex_60ps = vp11 / 1.62
|let cap_pex_45ps = vp12 / 1.62
|let cap_pre_3200ps = vq1 / 1.62
|let cap_pre_800ps = vq2 / 1.62
|let cap_pre_260ps = vq3 / 1.62
|let cap_pre_215ps = vq4 / 1.62
|let cap_pre_180ps = vq5 / 1.62
|let cap_pre_150ps = vq6 / 1.62
|let cap_pre_125ps = vq7 / 1.62
|let cap_pre_105ps = vq8 / 1.62
|let cap_pre_88ps = vq9 / 1.62
|let cap_pre_73ps = vq10 / 1.62
|let cap_pre_60ps = vq11 / 1.62
|let cap_pre_45ps = vq12 / 1.62
|
|print cap_pex_3200ps
|print cap_pex_800ps
|print cap_pex_260ps
|print cap_pex_215ps
|print cap_pex_180ps
|print cap_pex_150ps
|print cap_pex_125ps
|print cap_pex_105ps
|print cap_pex_88ps
|print cap_pex_73ps
|print cap_pex_60ps
|print cap_pex_45ps
|print cap_pre_3200ps
|print cap_pre_800ps
|print cap_pre_260ps
|print cap_pre_215ps
|print cap_pre_180ps
|print cap_pre_150ps
|print cap_pre_125ps
|print cap_pre_105ps
|print cap_pre_88ps
|print cap_pre_73ps
|print cap_pre_60ps
|print cap_pre_45ps
|.endc
|.end
|

----- stdout -----

Note: No compatibility mode selected!


Circuit: * post-layout sampler_dff: the setup-time bracket -- how far ahead of the

Doing analysis at TEMP = -40.000000 and TNOM = 27.000000

Using SPARSE 1.3 as Direct Linear Solver

Initial Transient Solution
--------------------------

Node                                   Voltage
----                                   -------
vsubs                                        0
clk                                          0
rst_n                                        0
d1                                           0
d2                                           0
d3                                           0
d4                                           0
d5                                           0
d6                                           0
d7                                           0
d8                                           0
d9                                           0
d10                                          0
d11                                          0
d12                                          0
vddp                                      1.62
xp1.xinv_clk.xpex.y__t0                   1.62
xp1.xinv_clk.xpex.a__t0                      0
xp1.xinv_clk.xpex.vss__t0          3.87347e-15
xp1.xinv_clk.xpex.vss__t1          1.54035e-10
xp1.xinv_clk.xpex.y__t1                   1.62
xp1.xinv_clk.xpex.a__t1                      0
xp1.xinv_clk.xpex.vdd__t0                 1.62
xp1.xinv_clk.xpex.vdd__t1                 1.62
xp1.clkb                                  1.62
xp1.xtg_d.xpex.a__t0               7.45802e-10
xp1.xtg_d.xpex.ctrlb__t0                  1.62
xp1.xtg_d.xpex.b__t0               8.28073e-09
xp1.xtg_d.xpex.vss__t0             1.32135e-18
xp1.xtg_d.xpex.a__t1               3.36386e-10
xp1.xtg_d.xpex.ctrl__t0                      0
xp1.xtg_d.xpex.b__t1               9.16751e-09
xp1.xtg_d.xpex.vdd__t0                    1.62
xp1.m                              8.89186e-09
xp1.xnand_m.xpex.n2__t0            0.000194975
xp1.xnand_m.xpex.en__t0                      0
xp1.xnand_m.xpex.vss__t0           8.95064e-18
xp1.xnand_m.xpex.vss__t1            1.0093e-14
xp1.xnand_m.xpex.y__t0                    1.62
xp1.xnand_m.xpex.a__t0             8.89186e-09
xp1.xnand_m.xpex.n2__t1            0.000194975
xp1.xnand_m.xpex.vss__t2            1.6774e-10
xp1.xnand_m.xpex.y__t1                    1.62
xp1.xnand_m.xpex.en__t1                      0
xp1.xnand_m.xpex.vdd__t2                  1.62
xp1.xnand_m.xpex.vdd__t0                  1.62
xp1.xnand_m.xpex.vdd__t3                  1.62
xp1.xnand_m.xpex.a__t1             8.89186e-09
xp1.xnand_m.xpex.y__t2                    1.62
xp1.xnand_m.xpex.vdd__t1                  1.62
xp1.xnand_m.xpex.n2                0.000194975
xp1.mb                                    1.62
xp1.xinv_mc.xpex.y__t0             9.48123e-09
xp1.xinv_mc.xpex.a__t0                    1.62
xp1.xinv_mc.xpex.vss__t0           4.11092e-10
xp1.xinv_mc.xpex.vss__t1           9.40593e-19
xp1.xinv_mc.xpex.y__t1             1.08673e-08
xp1.xinv_mc.xpex.a__t1                    1.62
xp1.xinv_mc.xpex.vdd__t0                  1.62
xp1.xinv_mc.xpex.vdd__t1                  1.62
xp1.mc                              1.0379e-08
xp1.xtg_fbm.xpex.a__t0              1.0379e-08
xp1.xtg_fbm.xpex.ctrlb__t0                   0
xp1.xtg_fbm.xpex.b__t0             8.89186e-09
xp1.xtg_fbm.xpex.vss__t0           2.82098e-18
xp1.xtg_fbm.xpex.a__t1             1.07884e-08
xp1.xtg_fbm.xpex.ctrl__t0                 1.62
xp1.xtg_fbm.xpex.b__t1             9.22735e-09
xp1.xtg_fbm.xpex.vdd__t0                  1.62
xp1.xtg_s.xpex.a__t0                      1.62
xp1.xtg_s.xpex.ctrlb__t0                     0
xp1.xtg_s.xpex.b__t0                      1.62
xp1.xtg_s.xpex.vss__t0             4.74289e-10
xp1.xtg_s.xpex.a__t1                      1.62
xp1.xtg_s.xpex.ctrl__t0                   1.62
xp1.xtg_s.xpex.b__t1                      1.62
xp1.xtg_s.xpex.vdd__t0                    1.62
xp1.s                                     1.62
xp1.xinv_q.xpex.y__t0              5.15737e-09
xp1.xinv_q.xpex.a__t0                     1.62
xp1.xinv_q.xpex.vss__t0            2.23616e-10
xp1.xinv_q.xpex.vss__t1            5.11641e-19
xp1.xinv_q.xpex.y__t1              6.13405e-09
xp1.xinv_q.xpex.a__t1                     1.62
xp1.xinv_q.xpex.vdd__t0                   1.62
xp1.xinv_q.xpex.vdd__t1                   1.62
qp1                                5.64571e-09
xp1.xnand_s2.xpex.n2__t0           0.000194975
xp1.xnand_s2.xpex.en__t0                     0
xp1.xnand_s2.xpex.vss__t0          8.95064e-18
xp1.xnand_s2.xpex.vss__t1          1.00929e-14
xp1.xnand_s2.xpex.y__t0                   1.62
xp1.xnand_s2.xpex.a__t0            5.64571e-09
xp1.xnand_s2.xpex.n2__t1           0.000194975
xp1.xnand_s2.xpex.vss__t2           1.6774e-10
xp1.xnand_s2.xpex.y__t1                   1.62
xp1.xnand_s2.xpex.en__t1                     0
xp1.xnand_s2.xpex.vdd__t2                 1.62
xp1.xnand_s2.xpex.vdd__t0                 1.62
xp1.xnand_s2.xpex.vdd__t3                 1.62
xp1.xnand_s2.xpex.a__t1            5.64571e-09
xp1.xnand_s2.xpex.y__t2                   1.62
xp1.xnand_s2.xpex.vdd__t1                 1.62
xp1.xnand_s2.xpex.n2               0.000194975
xp1.qb                                    1.62
xp1.xtg_fbs.xpex.a__t0                    1.62
xp1.xtg_fbs.xpex.ctrlb__t0                1.62
xp1.xtg_fbs.xpex.b__t0                    1.62
xp1.xtg_fbs.xpex.vss__t0           4.74289e-10
xp1.xtg_fbs.xpex.a__t1                    1.62
xp1.xtg_fbs.xpex.ctrl__t0                    0
xp1.xtg_fbs.xpex.b__t1                    1.62
xp1.xtg_fbs.xpex.vdd__t0                  1.62
xp2.xinv_clk.xpex.y__t0                   1.62
xp2.xinv_clk.xpex.a__t0                      0
xp2.xinv_clk.xpex.vss__t0          3.87347e-15
xp2.xinv_clk.xpex.vss__t1          1.54035e-10
xp2.xinv_clk.xpex.y__t1                   1.62
xp2.xinv_clk.xpex.a__t1                      0
xp2.xinv_clk.xpex.vdd__t0                 1.62
xp2.xinv_clk.xpex.vdd__t1                 1.62
xp2.clkb                                  1.62
xp2.xtg_d.xpex.a__t0               7.45802e-10
xp2.xtg_d.xpex.ctrlb__t0                  1.62
xp2.xtg_d.xpex.b__t0               8.28073e-09
xp2.xtg_d.xpex.vss__t0             1.32135e-18
xp2.xtg_d.xpex.a__t1               3.36386e-10
xp2.xtg_d.xpex.ctrl__t0                      0
xp2.xtg_d.xpex.b__t1               9.16751e-09
xp2.xtg_d.xpex.vdd__t0                    1.62
xp2.m                              8.89186e-09
xp2.xnand_m.xpex.n2__t0            0.000194975
xp2.xnand_m.xpex.en__t0                      0
xp2.xnand_m.xpex.vss__t0           8.95064e-18
xp2.xnand_m.xpex.vss__t1            1.0093e-14
xp2.xnand_m.xpex.y__t0                    1.62
xp2.xnand_m.xpex.a__t0             8.89186e-09
xp2.xnand_m.xpex.n2__t1            0.000194975
xp2.xnand_m.xpex.vss__t2            1.6774e-10
xp2.xnand_m.xpex.y__t1                    1.62
xp2.xnand_m.xpex.en__t1                      0
xp2.xnand_m.xpex.vdd__t2                  1.62
xp2.xnand_m.xpex.vdd__t0                  1.62
xp2.xnand_m.xpex.vdd__t3                  1.62
xp2.xnand_m.xpex.a__t1             8.89186e-09
xp2.xnand_m.xpex.y__t2                    1.62
xp2.xnand_m.xpex.vdd__t1                  1.62
xp2.xnand_m.xpex.n2                0.000194975
xp2.mb                                    1.62
xp2.xinv_mc.xpex.y__t0             9.48123e-09
xp2.xinv_mc.xpex.a__t0                    1.62
xp2.xinv_mc.xpex.vss__t0           4.11092e-10
xp2.xinv_mc.xpex.vss__t1           9.40593e-19
xp2.xinv_mc.xpex.y__t1             1.08673e-08
xp2.xinv_mc.xpex.a__t1                    1.62
xp2.xinv_mc.xpex.vdd__t0                  1.62
xp2.xinv_mc.xpex.vdd__t1                  1.62
xp2.mc                              1.0379e-08
xp2.xtg_fbm.xpex.a__t0              1.0379e-08
xp2.xtg_fbm.xpex.ctrlb__t0                   0
xp2.xtg_fbm.xpex.b__t0             8.89186e-09
xp2.xtg_fbm.xpex.vss__t0           2.82097e-18
xp2.xtg_fbm.xpex.a__t1             1.07884e-08
xp2.xtg_fbm.xpex.ctrl__t0                 1.62
xp2.xtg_fbm.xpex.b__t1             9.22735e-09
xp2.xtg_fbm.xpex.vdd__t0                  1.62
xp2.xtg_s.xpex.a__t0                      1.62
xp2.xtg_s.xpex.ctrlb__t0                     0
xp2.xtg_s.xpex.b__t0                      1.62
xp2.xtg_s.xpex.vss__t0             4.74289e-10
xp2.xtg_s.xpex.a__t1                      1.62
xp2.xtg_s.xpex.ctrl__t0                   1.62
xp2.xtg_s.xpex.b__t1                      1.62
xp2.xtg_s.xpex.vdd__t0                    1.62
xp2.s                                     1.62
xp2.xinv_q.xpex.y__t0              5.15737e-09
xp2.xinv_q.xpex.a__t0                     1.62
xp2.xinv_q.xpex.vss__t0            2.23616e-10
xp2.xinv_q.xpex.vss__t1            5.11641e-19
xp2.xinv_q.xpex.y__t1              6.13405e-09
xp2.xinv_q.xpex.a__t1                     1.62
xp2.xinv_q.xpex.vdd__t0                   1.62
xp2.xinv_q.xpex.vdd__t1                   1.62
qp2                                5.64571e-09
xp2.xnand_s2.xpex.n2__t0           0.000194975
xp2.xnand_s2.xpex.en__t0                     0
xp2.xnand_s2.xpex.vss__t0          8.95064e-18
xp2.xnand_s2.xpex.vss__t1          1.00929e-14
xp2.xnand_s2.xpex.y__t0                   1.62
xp2.xnand_s2.xpex.a__t0            5.64571e-09
xp2.xnand_s2.xpex.n2__t1           0.000194975
xp2.xnand_s2.xpex.vss__t2           1.6774e-10
xp2.xnand_s2.xpex.y__t1                   1.62
xp2.xnand_s2.xpex.en__t1                     0
xp2.xnand_s2.xpex.vdd__t2                 1.62
xp2.xnand_s2.xpex.vdd__t0                 1.62
xp2.xnand_s2.xpex.vdd__t3                 1.62
xp2.xnand_s2.xpex.a__t1            5.64571e-09
xp2.xnand_s2.xpex.y__t2                   1.62
xp2.xnand_s2.xpex.vdd__t1                 1.62
xp2.xnand_s2.xpex.n2               0.000194975
xp2.qb                                    1.62
xp2.xtg_fbs.xpex.a__t0                    1.62
xp2.xtg_fbs.xpex.ctrlb__t0                1.62
xp2.xtg_fbs.xpex.b__t0                    1.62
xp2.xtg_fbs.xpex.vss__t0           4.74289e-10
xp2.xtg_fbs.xpex.a__t1                    1.62
xp2.xtg_fbs.xpex.ctrl__t0                    0
xp2.xtg_fbs.xpex.b__t1                    1.62
xp2.xtg_fbs.xpex.vdd__t0                  1.62
xp3.xinv_clk.xpex.y__t0                   1.62
xp3.xinv_clk.xpex.a__t0                      0
xp3.xinv_clk.xpex.vss__t0          3.87347e-15
xp3.xinv_clk.xpex.vss__t1          1.54035e-10
xp3.xinv_clk.xpex.y__t1                   1.62
xp3.xinv_clk.xpex.a__t1                      0
xp3.xinv_clk.xpex.vdd__t0                 1.62
xp3.xinv_clk.xpex.vdd__t1                 1.62
xp3.clkb                                  1.62
xp3.xtg_d.xpex.a__t0               7.45802e-10
xp3.xtg_d.xpex.ctrlb__t0                  1.62
xp3.xtg_d.xpex.b__t0               8.28073e-09
xp3.xtg_d.xpex.vss__t0             1.32135e-18
xp3.xtg_d.xpex.a__t1               3.36386e-10
xp3.xtg_d.xpex.ctrl__t0                      0
xp3.xtg_d.xpex.b__t1               9.16751e-09
xp3.xtg_d.xpex.vdd__t0                    1.62
xp3.m                              8.89186e-09
xp3.xnand_m.xpex.n2__t0            0.000194975
xp3.xnand_m.xpex.en__t0                      0
xp3.xnand_m.xpex.vss__t0           8.95064e-18
xp3.xnand_m.xpex.vss__t1            1.0093e-14
xp3.xnand_m.xpex.y__t0                    1.62
xp3.xnand_m.xpex.a__t0             8.89186e-09
xp3.xnand_m.xpex.n2__t1            0.000194975
xp3.xnand_m.xpex.vss__t2            1.6774e-10
xp3.xnand_m.xpex.y__t1                    1.62
xp3.xnand_m.xpex.en__t1                      0
xp3.xnand_m.xpex.vdd__t2                  1.62
xp3.xnand_m.xpex.vdd__t0                  1.62
xp3.xnand_m.xpex.vdd__t3                  1.62
xp3.xnand_m.xpex.a__t1             8.89186e-09
xp3.xnand_m.xpex.y__t2                    1.62
xp3.xnand_m.xpex.vdd__t1                  1.62
xp3.xnand_m.xpex.n2                0.000194975
xp3.mb                                    1.62
xp3.xinv_mc.xpex.y__t0             9.48123e-09
xp3.xinv_mc.xpex.a__t0                    1.62
xp3.xinv_mc.xpex.vss__t0           4.11092e-10
xp3.xinv_mc.xpex.vss__t1           9.40593e-19
xp3.xinv_mc.xpex.y__t1             1.08673e-08
xp3.xinv_mc.xpex.a__t1                    1.62
xp3.xinv_mc.xpex.vdd__t0                  1.62
xp3.xinv_mc.xpex.vdd__t1                  1.62
xp3.mc                              1.0379e-08
xp3.xtg_fbm.xpex.a__t0              1.0379e-08
xp3.xtg_fbm.xpex.ctrlb__t0                   0
xp3.xtg_fbm.xpex.b__t0             8.89186e-09
xp3.xtg_fbm.xpex.vss__t0           2.82098e-18
xp3.xtg_fbm.xpex.a__t1             1.07884e-08
xp3.xtg_fbm.xpex.ctrl__t0                 1.62
xp3.xtg_fbm.xpex.b__t1             9.22735e-09
xp3.xtg_fbm.xpex.vdd__t0                  1.62
xp3.xtg_s.xpex.a__t0                      1.62
xp3.xtg_s.xpex.ctrlb__t0                     0
xp3.xtg_s.xpex.b__t0                      1.62
xp3.xtg_s.xpex.vss__t0             4.74289e-10
xp3.xtg_s.xpex.a__t1                      1.62
xp3.xtg_s.xpex.ctrl__t0                   1.62
xp3.xtg_s.xpex.b__t1                      1.62
xp3.xtg_s.xpex.vdd__t0                    1.62
xp3.s                                     1.62
xp3.xinv_q.xpex.y__t0              5.15737e-09
xp3.xinv_q.xpex.a__t0                     1.62
xp3.xinv_q.xpex.vss__t0            2.23616e-10
xp3.xinv_q.xpex.vss__t1            5.11641e-19
xp3.xinv_q.xpex.y__t1              6.13405e-09
xp3.xinv_q.xpex.a__t1                     1.62
xp3.xinv_q.xpex.vdd__t0                   1.62
xp3.xinv_q.xpex.vdd__t1                   1.62
qp3                                5.64571e-09
xp3.xnand_s2.xpex.n2__t0           0.000194975
xp3.xnand_s2.xpex.en__t0                     0
xp3.xnand_s2.xpex.vss__t0          8.95064e-18
xp3.xnand_s2.xpex.vss__t1          1.00929e-14
xp3.xnand_s2.xpex.y__t0                   1.62
xp3.xnand_s2.xpex.a__t0            5.64571e-09
xp3.xnand_s2.xpex.n2__t1           0.000194975
xp3.xnand_s2.xpex.vss__t2           1.6774e-10
xp3.xnand_s2.xpex.y__t1                   1.62
xp3.xnand_s2.xpex.en__t1                     0
xp3.xnand_s2.xpex.vdd__t2                 1.62
xp3.xnand_s2.xpex.vdd__t0                 1.62
xp3.xnand_s2.xpex.vdd__t3                 1.62
xp3.xnand_s2.xpex.a__t1            5.64571e-09
xp3.xnand_s2.xpex.y__t2                   1.62
xp3.xnand_s2.xpex.vdd__t1                 1.62
xp3.xnand_s2.xpex.n2               0.000194975
xp3.qb                                    1.62
xp3.xtg_fbs.xpex.a__t0                    1.62
xp3.xtg_fbs.xpex.ctrlb__t0                1.62
xp3.xtg_fbs.xpex.b__t0                    1.62
xp3.xtg_fbs.xpex.vss__t0           4.74289e-10
xp3.xtg_fbs.xpex.a__t1                    1.62
xp3.xtg_fbs.xpex.ctrl__t0                    0
xp3.xtg_fbs.xpex.b__t1                    1.62
xp3.xtg_fbs.xpex.vdd__t0                  1.62
xp4.xinv_clk.xpex.y__t0                   1.62
xp4.xinv_clk.xpex.a__t0                      0
xp4.xinv_clk.xpex.vss__t0          3.87347e-15
xp4.xinv_clk.xpex.vss__t1          1.54035e-10
xp4.xinv_clk.xpex.y__t1                   1.62
xp4.xinv_clk.xpex.a__t1                      0
xp4.xinv_clk.xpex.vdd__t0                 1.62
xp4.xinv_clk.xpex.vdd__t1                 1.62
xp4.clkb                                  1.62
xp4.xtg_d.xpex.a__t0               7.45802e-10
xp4.xtg_d.xpex.ctrlb__t0                  1.62
xp4.xtg_d.xpex.b__t0               8.28073e-09
xp4.xtg_d.xpex.vss__t0             1.32135e-18
xp4.xtg_d.xpex.a__t1               3.36386e-10
xp4.xtg_d.xpex.ctrl__t0                      0
xp4.xtg_d.xpex.b__t1               9.16751e-09
xp4.xtg_d.xpex.vdd__t0                    1.62
xp4.m                              8.89186e-09
xp4.xnand_m.xpex.n2__t0            0.000194975
xp4.xnand_m.xpex.en__t0                      0
xp4.xnand_m.xpex.vss__t0           8.95064e-18
xp4.xnand_m.xpex.vss__t1            1.0093e-14
xp4.xnand_m.xpex.y__t0                    1.62
xp4.xnand_m.xpex.a__t0             8.89186e-09
xp4.xnand_m.xpex.n2__t1            0.000194975
xp4.xnand_m.xpex.vss__t2            1.6774e-10
xp4.xnand_m.xpex.y__t1                    1.62
xp4.xnand_m.xpex.en__t1                      0
xp4.xnand_m.xpex.vdd__t2                  1.62
xp4.xnand_m.xpex.vdd__t0                  1.62
xp4.xnand_m.xpex.vdd__t3                  1.62
xp4.xnand_m.xpex.a__t1             8.89186e-09
xp4.xnand_m.xpex.y__t2                    1.62
xp4.xnand_m.xpex.vdd__t1                  1.62
xp4.xnand_m.xpex.n2                0.000194975
xp4.mb                                    1.62
xp4.xinv_mc.xpex.y__t0             9.48123e-09
xp4.xinv_mc.xpex.a__t0                    1.62
xp4.xinv_mc.xpex.vss__t0           4.11092e-10
xp4.xinv_mc.xpex.vss__t1           9.40593e-19
xp4.xinv_mc.xpex.y__t1             1.08673e-08
xp4.xinv_mc.xpex.a__t1                    1.62
xp4.xinv_mc.xpex.vdd__t0                  1.62
xp4.xinv_mc.xpex.vdd__t1                  1.62
xp4.mc                              1.0379e-08
xp4.xtg_fbm.xpex.a__t0              1.0379e-08
xp4.xtg_fbm.xpex.ctrlb__t0                   0
xp4.xtg_fbm.xpex.b__t0             8.89186e-09
xp4.xtg_fbm.xpex.vss__t0           2.82097e-18
xp4.xtg_fbm.xpex.a__t1             1.07884e-08
xp4.xtg_fbm.xpex.ctrl__t0                 1.62
xp4.xtg_fbm.xpex.b__t1             9.22735e-09
xp4.xtg_fbm.xpex.vdd__t0                  1.62
xp4.xtg_s.xpex.a__t0                      1.62
xp4.xtg_s.xpex.ctrlb__t0                     0
xp4.xtg_s.xpex.b__t0                      1.62
xp4.xtg_s.xpex.vss__t0             4.74289e-10
xp4.xtg_s.xpex.a__t1                      1.62
xp4.xtg_s.xpex.ctrl__t0                   1.62
xp4.xtg_s.xpex.b__t1                      1.62
xp4.xtg_s.xpex.vdd__t0                    1.62
xp4.s                                     1.62
xp4.xinv_q.xpex.y__t0              5.15737e-09
xp4.xinv_q.xpex.a__t0                     1.62
xp4.xinv_q.xpex.vss__t0            2.23616e-10
xp4.xinv_q.xpex.vss__t1            5.11641e-19
xp4.xinv_q.xpex.y__t1              6.13405e-09
xp4.xinv_q.xpex.a__t1                     1.62
xp4.xinv_q.xpex.vdd__t0                   1.62
xp4.xinv_q.xpex.vdd__t1                   1.62
qp4                                5.64571e-09
xp4.xnand_s2.xpex.n2__t0           0.000194975
xp4.xnand_s2.xpex.en__t0                     0
xp4.xnand_s2.xpex.vss__t0          8.95064e-18
xp4.xnand_s2.xpex.vss__t1          1.00929e-14
xp4.xnand_s2.xpex.y__t0                   1.62
xp4.xnand_s2.xpex.a__t0            5.64571e-09
xp4.xnand_s2.xpex.n2__t1           0.000194975
xp4.xnand_s2.xpex.vss__t2           1.6774e-10
xp4.xnand_s2.xpex.y__t1                   1.62
xp4.xnand_s2.xpex.en__t1                     0
xp4.xnand_s2.xpex.vdd__t2                 1.62
xp4.xnand_s2.xpex.vdd__t0                 1.62
xp4.xnand_s2.xpex.vdd__t3                 1.62
xp4.xnand_s2.xpex.a__t1            5.64571e-09
xp4.xnand_s2.xpex.y__t2                   1.62
xp4.xnand_s2.xpex.vdd__t1                 1.62
xp4.xnand_s2.xpex.n2               0.000194975
xp4.qb                                    1.62
xp4.xtg_fbs.xpex.a__t0                    1.62
xp4.xtg_fbs.xpex.ctrlb__t0                1.62
xp4.xtg_fbs.xpex.b__t0                    1.62
xp4.xtg_fbs.xpex.vss__t0           4.74289e-10
xp4.xtg_fbs.xpex.a__t1                    1.62
xp4.xtg_fbs.xpex.ctrl__t0                    0
xp4.xtg_fbs.xpex.b__t1                    1.62
xp4.xtg_fbs.xpex.vdd__t0                  1.62
xp5.xinv_clk.xpex.y__t0                   1.62
xp5.xinv_clk.xpex.a__t0                      0
xp5.xinv_clk.xpex.vss__t0          3.87347e-15
xp5.xinv_clk.xpex.vss__t1          1.54035e-10
xp5.xinv_clk.xpex.y__t1                   1.62
xp5.xinv_clk.xpex.a__t1                      0
xp5.xinv_clk.xpex.vdd__t0                 1.62
xp5.xinv_clk.xpex.vdd__t1                 1.62
xp5.clkb                                  1.62
xp5.xtg_d.xpex.a__t0               7.45802e-10
xp5.xtg_d.xpex.ctrlb__t0                  1.62
xp5.xtg_d.xpex.b__t0               8.28073e-09
xp5.xtg_d.xpex.vss__t0             1.32135e-18
xp5.xtg_d.xpex.a__t1               3.36386e-10
xp5.xtg_d.xpex.ctrl__t0                      0
xp5.xtg_d.xpex.b__t1               9.16751e-09
xp5.xtg_d.xpex.vdd__t0                    1.62
xp5.m                              8.89186e-09
xp5.xnand_m.xpex.n2__t0            0.000194975
xp5.xnand_m.xpex.en__t0                      0
xp5.xnand_m.xpex.vss__t0           8.95064e-18
xp5.xnand_m.xpex.vss__t1            1.0093e-14
xp5.xnand_m.xpex.y__t0                    1.62
xp5.xnand_m.xpex.a__t0             8.89186e-09
xp5.xnand_m.xpex.n2__t1            0.000194975
xp5.xnand_m.xpex.vss__t2            1.6774e-10
xp5.xnand_m.xpex.y__t1                    1.62
xp5.xnand_m.xpex.en__t1                      0
xp5.xnand_m.xpex.vdd__t2                  1.62
xp5.xnand_m.xpex.vdd__t0                  1.62
xp5.xnand_m.xpex.vdd__t3                  1.62
xp5.xnand_m.xpex.a__t1             8.89186e-09
xp5.xnand_m.xpex.y__t2                    1.62
xp5.xnand_m.xpex.vdd__t1                  1.62
xp5.xnand_m.xpex.n2                0.000194975
xp5.mb                                    1.62
xp5.xinv_mc.xpex.y__t0             9.48123e-09
xp5.xinv_mc.xpex.a__t0                    1.62
xp5.xinv_mc.xpex.vss__t0           4.11092e-10
xp5.xinv_mc.xpex.vss__t1           9.40593e-19
xp5.xinv_mc.xpex.y__t1             1.08673e-08
xp5.xinv_mc.xpex.a__t1                    1.62
xp5.xinv_mc.xpex.vdd__t0                  1.62
xp5.xinv_mc.xpex.vdd__t1                  1.62
xp5.mc                              1.0379e-08
xp5.xtg_fbm.xpex.a__t0              1.0379e-08
xp5.xtg_fbm.xpex.ctrlb__t0                   0
xp5.xtg_fbm.xpex.b__t0             8.89186e-09
xp5.xtg_fbm.xpex.vss__t0           2.82098e-18
xp5.xtg_fbm.xpex.a__t1             1.07884e-08
xp5.xtg_fbm.xpex.ctrl__t0                 1.62
xp5.xtg_fbm.xpex.b__t1             9.22735e-09
xp5.xtg_fbm.xpex.vdd__t0                  1.62
xp5.xtg_s.xpex.a__t0                      1.62
xp5.xtg_s.xpex.ctrlb__t0                     0
xp5.xtg_s.xpex.b__t0                      1.62
xp5.xtg_s.xpex.vss__t0             4.74289e-10
xp5.xtg_s.xpex.a__t1                      1.62
xp5.xtg_s.xpex.ctrl__t0                   1.62
xp5.xtg_s.xpex.b__t1                      1.62
xp5.xtg_s.xpex.vdd__t0                    1.62
xp5.s                                     1.62
xp5.xinv_q.xpex.y__t0              5.15737e-09
xp5.xinv_q.xpex.a__t0                     1.62
xp5.xinv_q.xpex.vss__t0            2.23616e-10
xp5.xinv_q.xpex.vss__t1            5.11641e-19
xp5.xinv_q.xpex.y__t1              6.13405e-09
xp5.xinv_q.xpex.a__t1                     1.62
xp5.xinv_q.xpex.vdd__t0                   1.62
xp5.xinv_q.xpex.vdd__t1                   1.62
qp5                                5.64571e-09
xp5.xnand_s2.xpex.n2__t0           0.000194975
xp5.xnand_s2.xpex.en__t0                     0
xp5.xnand_s2.xpex.vss__t0          8.95064e-18
xp5.xnand_s2.xpex.vss__t1          1.00929e-14
xp5.xnand_s2.xpex.y__t0                   1.62
xp5.xnand_s2.xpex.a__t0            5.64571e-09
xp5.xnand_s2.xpex.n2__t1           0.000194975
xp5.xnand_s2.xpex.vss__t2           1.6774e-10
xp5.xnand_s2.xpex.y__t1                   1.62
xp5.xnand_s2.xpex.en__t1                     0
xp5.xnand_s2.xpex.vdd__t2                 1.62
xp5.xnand_s2.xpex.vdd__t0                 1.62
xp5.xnand_s2.xpex.vdd__t3                 1.62
xp5.xnand_s2.xpex.a__t1            5.64571e-09
xp5.xnand_s2.xpex.y__t2                   1.62
xp5.xnand_s2.xpex.vdd__t1                 1.62
xp5.xnand_s2.xpex.n2               0.000194975
xp5.qb                                    1.62
xp5.xtg_fbs.xpex.a__t0                    1.62
xp5.xtg_fbs.xpex.ctrlb__t0                1.62
xp5.xtg_fbs.xpex.b__t0                    1.62
xp5.xtg_fbs.xpex.vss__t0           4.74289e-10
xp5.xtg_fbs.xpex.a__t1                    1.62
xp5.xtg_fbs.xpex.ctrl__t0                    0
xp5.xtg_fbs.xpex.b__t1                    1.62
xp5.xtg_fbs.xpex.vdd__t0                  1.62
xp6.xinv_clk.xpex.y__t0                   1.62
xp6.xinv_clk.xpex.a__t0                      0
xp6.xinv_clk.xpex.vss__t0          3.87347e-15
xp6.xinv_clk.xpex.vss__t1          1.54035e-10
xp6.xinv_clk.xpex.y__t1                   1.62
xp6.xinv_clk.xpex.a__t1                      0
xp6.xinv_clk.xpex.vdd__t0                 1.62
xp6.xinv_clk.xpex.vdd__t1                 1.62
xp6.clkb                                  1.62
xp6.xtg_d.xpex.a__t0               7.45802e-10
xp6.xtg_d.xpex.ctrlb__t0                  1.62
xp6.xtg_d.xpex.b__t0               8.28073e-09
xp6.xtg_d.xpex.vss__t0             1.32135e-18
xp6.xtg_d.xpex.a__t1               3.36386e-10
xp6.xtg_d.xpex.ctrl__t0                      0
xp6.xtg_d.xpex.b__t1               9.16751e-09
xp6.xtg_d.xpex.vdd__t0                    1.62
xp6.m                              8.89186e-09
xp6.xnand_m.xpex.n2__t0            0.000194975
xp6.xnand_m.xpex.en__t0                      0
xp6.xnand_m.xpex.vss__t0           8.95064e-18
xp6.xnand_m.xpex.vss__t1            1.0093e-14
xp6.xnand_m.xpex.y__t0                    1.62
xp6.xnand_m.xpex.a__t0             8.89186e-09
xp6.xnand_m.xpex.n2__t1            0.000194975
xp6.xnand_m.xpex.vss__t2            1.6774e-10
xp6.xnand_m.xpex.y__t1                    1.62
xp6.xnand_m.xpex.en__t1                      0
xp6.xnand_m.xpex.vdd__t2                  1.62
xp6.xnand_m.xpex.vdd__t0                  1.62
xp6.xnand_m.xpex.vdd__t3                  1.62
xp6.xnand_m.xpex.a__t1             8.89186e-09
xp6.xnand_m.xpex.y__t2                    1.62
xp6.xnand_m.xpex.vdd__t1                  1.62
xp6.xnand_m.xpex.n2                0.000194975
xp6.mb                                    1.62
xp6.xinv_mc.xpex.y__t0             9.48123e-09
xp6.xinv_mc.xpex.a__t0                    1.62
xp6.xinv_mc.xpex.vss__t0           4.11092e-10
xp6.xinv_mc.xpex.vss__t1           9.40593e-19
xp6.xinv_mc.xpex.y__t1             1.08673e-08
xp6.xinv_mc.xpex.a__t1                    1.62
xp6.xinv_mc.xpex.vdd__t0                  1.62
xp6.xinv_mc.xpex.vdd__t1                  1.62
xp6.mc                              1.0379e-08
xp6.xtg_fbm.xpex.a__t0              1.0379e-08
xp6.xtg_fbm.xpex.ctrlb__t0                   0
xp6.xtg_fbm.xpex.b__t0             8.89186e-09
xp6.xtg_fbm.xpex.vss__t0           2.82098e-18
xp6.xtg_fbm.xpex.a__t1             1.07884e-08
xp6.xtg_fbm.xpex.ctrl__t0                 1.62
xp6.xtg_fbm.xpex.b__t1             9.22735e-09
xp6.xtg_fbm.xpex.vdd__t0                  1.62
xp6.xtg_s.xpex.a__t0                      1.62
xp6.xtg_s.xpex.ctrlb__t0                     0
xp6.xtg_s.xpex.b__t0                      1.62
xp6.xtg_s.xpex.vss__t0             4.74289e-10
xp6.xtg_s.xpex.a__t1                      1.62
xp6.xtg_s.xpex.ctrl__t0                   1.62
xp6.xtg_s.xpex.b__t1                      1.62
xp6.xtg_s.xpex.vdd__t0                    1.62
xp6.s                                     1.62
xp6.xinv_q.xpex.y__t0              5.15737e-09
xp6.xinv_q.xpex.a__t0                     1.62
xp6.xinv_q.xpex.vss__t0            2.23616e-10
xp6.xinv_q.xpex.vss__t1            5.11641e-19
xp6.xinv_q.xpex.y__t1              6.13405e-09
xp6.xinv_q.xpex.a__t1                     1.62
xp6.xinv_q.xpex.vdd__t0                   1.62
xp6.xinv_q.xpex.vdd__t1                   1.62
qp6                                5.64571e-09
xp6.xnand_s2.xpex.n2__t0           0.000194975
xp6.xnand_s2.xpex.en__t0                     0
xp6.xnand_s2.xpex.vss__t0          8.95064e-18
xp6.xnand_s2.xpex.vss__t1          1.00929e-14
xp6.xnand_s2.xpex.y__t0                   1.62
xp6.xnand_s2.xpex.a__t0            5.64571e-09
xp6.xnand_s2.xpex.n2__t1           0.000194975
xp6.xnand_s2.xpex.vss__t2           1.6774e-10
xp6.xnand_s2.xpex.y__t1                   1.62
xp6.xnand_s2.xpex.en__t1                     0
xp6.xnand_s2.xpex.vdd__t2                 1.62
xp6.xnand_s2.xpex.vdd__t0                 1.62
xp6.xnand_s2.xpex.vdd__t3                 1.62
xp6.xnand_s2.xpex.a__t1            5.64571e-09
xp6.xnand_s2.xpex.y__t2                   1.62
xp6.xnand_s2.xpex.vdd__t1                 1.62
xp6.xnand_s2.xpex.n2               0.000194975
xp6.qb                                    1.62
xp6.xtg_fbs.xpex.a__t0                    1.62
xp6.xtg_fbs.xpex.ctrlb__t0                1.62
xp6.xtg_fbs.xpex.b__t0                    1.62
xp6.xtg_fbs.xpex.vss__t0           4.74289e-10
xp6.xtg_fbs.xpex.a__t1                    1.62
xp6.xtg_fbs.xpex.ctrl__t0                    0
xp6.xtg_fbs.xpex.b__t1                    1.62
xp6.xtg_fbs.xpex.vdd__t0                  1.62
xp7.xinv_clk.xpex.y__t0                   1.62
xp7.xinv_clk.xpex.a__t0                      0
xp7.xinv_clk.xpex.vss__t0          3.87347e-15
xp7.xinv_clk.xpex.vss__t1          1.54035e-10
xp7.xinv_clk.xpex.y__t1                   1.62
xp7.xinv_clk.xpex.a__t1                      0
xp7.xinv_clk.xpex.vdd__t0                 1.62
xp7.xinv_clk.xpex.vdd__t1                 1.62
xp7.clkb                                  1.62
xp7.xtg_d.xpex.a__t0               7.45802e-10
xp7.xtg_d.xpex.ctrlb__t0                  1.62
xp7.xtg_d.xpex.b__t0               8.28073e-09
xp7.xtg_d.xpex.vss__t0             1.32135e-18
xp7.xtg_d.xpex.a__t1               3.36386e-10
xp7.xtg_d.xpex.ctrl__t0                      0
xp7.xtg_d.xpex.b__t1               9.16751e-09
xp7.xtg_d.xpex.vdd__t0                    1.62
xp7.m                              8.89186e-09
xp7.xnand_m.xpex.n2__t0            0.000194975
xp7.xnand_m.xpex.en__t0                      0
xp7.xnand_m.xpex.vss__t0           8.95064e-18
xp7.xnand_m.xpex.vss__t1            1.0093e-14
xp7.xnand_m.xpex.y__t0                    1.62
xp7.xnand_m.xpex.a__t0             8.89186e-09
xp7.xnand_m.xpex.n2__t1            0.000194975
xp7.xnand_m.xpex.vss__t2            1.6774e-10
xp7.xnand_m.xpex.y__t1                    1.62
xp7.xnand_m.xpex.en__t1                      0
xp7.xnand_m.xpex.vdd__t2                  1.62
xp7.xnand_m.xpex.vdd__t0                  1.62
xp7.xnand_m.xpex.vdd__t3                  1.62
xp7.xnand_m.xpex.a__t1             8.89186e-09
xp7.xnand_m.xpex.y__t2                    1.62
xp7.xnand_m.xpex.vdd__t1                  1.62
xp7.xnand_m.xpex.n2                0.000194975
xp7.mb                                    1.62
xp7.xinv_mc.xpex.y__t0             9.48123e-09
xp7.xinv_mc.xpex.a__t0                    1.62
xp7.xinv_mc.xpex.vss__t0           4.11092e-10
xp7.xinv_mc.xpex.vss__t1           9.40593e-19
xp7.xinv_mc.xpex.y__t1             1.08673e-08
xp7.xinv_mc.xpex.a__t1                    1.62
xp7.xinv_mc.xpex.vdd__t0                  1.62
xp7.xinv_mc.xpex.vdd__t1                  1.62
xp7.mc                              1.0379e-08
xp7.xtg_fbm.xpex.a__t0              1.0379e-08
xp7.xtg_fbm.xpex.ctrlb__t0                   0
xp7.xtg_fbm.xpex.b__t0             8.89186e-09
xp7.xtg_fbm.xpex.vss__t0           2.82098e-18
xp7.xtg_fbm.xpex.a__t1             1.07884e-08
xp7.xtg_fbm.xpex.ctrl__t0                 1.62
xp7.xtg_fbm.xpex.b__t1             9.22735e-09
xp7.xtg_fbm.xpex.vdd__t0                  1.62
xp7.xtg_s.xpex.a__t0                      1.62
xp7.xtg_s.xpex.ctrlb__t0                     0
xp7.xtg_s.xpex.b__t0                      1.62
xp7.xtg_s.xpex.vss__t0             4.74289e-10
xp7.xtg_s.xpex.a__t1                      1.62
xp7.xtg_s.xpex.ctrl__t0                   1.62
xp7.xtg_s.xpex.b__t1                      1.62
xp7.xtg_s.xpex.vdd__t0                    1.62
xp7.s                                     1.62
xp7.xinv_q.xpex.y__t0              5.15737e-09
xp7.xinv_q.xpex.a__t0                     1.62
xp7.xinv_q.xpex.vss__t0            2.23616e-10
xp7.xinv_q.xpex.vss__t1            5.11641e-19
xp7.xinv_q.xpex.y__t1              6.13405e-09
xp7.xinv_q.xpex.a__t1                     1.62
xp7.xinv_q.xpex.vdd__t0                   1.62
xp7.xinv_q.xpex.vdd__t1                   1.62
qp7                                5.64571e-09
xp7.xnand_s2.xpex.n2__t0           0.000194975
xp7.xnand_s2.xpex.en__t0                     0
xp7.xnand_s2.xpex.vss__t0          8.95064e-18
xp7.xnand_s2.xpex.vss__t1          1.00929e-14
xp7.xnand_s2.xpex.y__t0                   1.62
xp7.xnand_s2.xpex.a__t0            5.64571e-09
xp7.xnand_s2.xpex.n2__t1           0.000194975
xp7.xnand_s2.xpex.vss__t2           1.6774e-10
xp7.xnand_s2.xpex.y__t1                   1.62
xp7.xnand_s2.xpex.en__t1                     0
xp7.xnand_s2.xpex.vdd__t2                 1.62
xp7.xnand_s2.xpex.vdd__t0                 1.62
xp7.xnand_s2.xpex.vdd__t3                 1.62
xp7.xnand_s2.xpex.a__t1            5.64571e-09
xp7.xnand_s2.xpex.y__t2                   1.62
xp7.xnand_s2.xpex.vdd__t1                 1.62
xp7.xnand_s2.xpex.n2               0.000194975
xp7.qb                                    1.62
xp7.xtg_fbs.xpex.a__t0                    1.62
xp7.xtg_fbs.xpex.ctrlb__t0                1.62
xp7.xtg_fbs.xpex.b__t0                    1.62
xp7.xtg_fbs.xpex.vss__t0           4.74289e-10
xp7.xtg_fbs.xpex.a__t1                    1.62
xp7.xtg_fbs.xpex.ctrl__t0                    0
xp7.xtg_fbs.xpex.b__t1                    1.62
xp7.xtg_fbs.xpex.vdd__t0                  1.62
xp8.xinv_clk.xpex.y__t0                   1.62
xp8.xinv_clk.xpex.a__t0                      0
xp8.xinv_clk.xpex.vss__t0          3.87347e-15
xp8.xinv_clk.xpex.vss__t1          1.54035e-10
xp8.xinv_clk.xpex.y__t1                   1.62
xp8.xinv_clk.xpex.a__t1                      0
xp8.xinv_clk.xpex.vdd__t0                 1.62
xp8.xinv_clk.xpex.vdd__t1                 1.62
xp8.clkb                                  1.62
xp8.xtg_d.xpex.a__t0               7.45802e-10
xp8.xtg_d.xpex.ctrlb__t0                  1.62
xp8.xtg_d.xpex.b__t0               8.28073e-09
xp8.xtg_d.xpex.vss__t0             1.32135e-18
xp8.xtg_d.xpex.a__t1               3.36386e-10
xp8.xtg_d.xpex.ctrl__t0                      0
xp8.xtg_d.xpex.b__t1               9.16751e-09
xp8.xtg_d.xpex.vdd__t0                    1.62
xp8.m                              8.89186e-09
xp8.xnand_m.xpex.n2__t0            0.000194975
xp8.xnand_m.xpex.en__t0                      0
xp8.xnand_m.xpex.vss__t0           8.95064e-18
xp8.xnand_m.xpex.vss__t1            1.0093e-14
xp8.xnand_m.xpex.y__t0                    1.62
xp8.xnand_m.xpex.a__t0             8.89186e-09
xp8.xnand_m.xpex.n2__t1            0.000194975
xp8.xnand_m.xpex.vss__t2            1.6774e-10
xp8.xnand_m.xpex.y__t1                    1.62
xp8.xnand_m.xpex.en__t1                      0
xp8.xnand_m.xpex.vdd__t2                  1.62
xp8.xnand_m.xpex.vdd__t0                  1.62
xp8.xnand_m.xpex.vdd__t3                  1.62
xp8.xnand_m.xpex.a__t1             8.89186e-09
xp8.xnand_m.xpex.y__t2                    1.62
xp8.xnand_m.xpex.vdd__t1                  1.62
xp8.xnand_m.xpex.n2                0.000194975
xp8.mb                                    1.62
xp8.xinv_mc.xpex.y__t0             9.48123e-09
xp8.xinv_mc.xpex.a__t0                    1.62
xp8.xinv_mc.xpex.vss__t0           4.11092e-10
xp8.xinv_mc.xpex.vss__t1           9.40593e-19
xp8.xinv_mc.xpex.y__t1             1.08673e-08
xp8.xinv_mc.xpex.a__t1                    1.62
xp8.xinv_mc.xpex.vdd__t0                  1.62
xp8.xinv_mc.xpex.vdd__t1                  1.62
xp8.mc                              1.0379e-08
xp8.xtg_fbm.xpex.a__t0              1.0379e-08
xp8.xtg_fbm.xpex.ctrlb__t0                   0
xp8.xtg_fbm.xpex.b__t0             8.89186e-09
xp8.xtg_fbm.xpex.vss__t0           2.82098e-18
xp8.xtg_fbm.xpex.a__t1             1.07884e-08
xp8.xtg_fbm.xpex.ctrl__t0                 1.62
xp8.xtg_fbm.xpex.b__t1             9.22735e-09
xp8.xtg_fbm.xpex.vdd__t0                  1.62
xp8.xtg_s.xpex.a__t0                      1.62
xp8.xtg_s.xpex.ctrlb__t0                     0
xp8.xtg_s.xpex.b__t0                      1.62
xp8.xtg_s.xpex.vss__t0             4.74289e-10
xp8.xtg_s.xpex.a__t1                      1.62
xp8.xtg_s.xpex.ctrl__t0                   1.62
xp8.xtg_s.xpex.b__t1                      1.62
xp8.xtg_s.xpex.vdd__t0                    1.62
xp8.s                                     1.62
xp8.xinv_q.xpex.y__t0              5.15737e-09
xp8.xinv_q.xpex.a__t0                     1.62
xp8.xinv_q.xpex.vss__t0            2.23616e-10
xp8.xinv_q.xpex.vss__t1            5.11641e-19
xp8.xinv_q.xpex.y__t1              6.13405e-09
xp8.xinv_q.xpex.a__t1                     1.62
xp8.xinv_q.xpex.vdd__t0                   1.62
xp8.xinv_q.xpex.vdd__t1                   1.62
qp8                                5.64571e-09
xp8.xnand_s2.xpex.n2__t0           0.000194975
xp8.xnand_s2.xpex.en__t0                     0
xp8.xnand_s2.xpex.vss__t0          8.95064e-18
xp8.xnand_s2.xpex.vss__t1          1.00929e-14
xp8.xnand_s2.xpex.y__t0                   1.62
xp8.xnand_s2.xpex.a__t0            5.64571e-09
xp8.xnand_s2.xpex.n2__t1           0.000194975
xp8.xnand_s2.xpex.vss__t2           1.6774e-10
xp8.xnand_s2.xpex.y__t1                   1.62
xp8.xnand_s2.xpex.en__t1                     0
xp8.xnand_s2.xpex.vdd__t2                 1.62
xp8.xnand_s2.xpex.vdd__t0                 1.62
xp8.xnand_s2.xpex.vdd__t3                 1.62
xp8.xnand_s2.xpex.a__t1            5.64571e-09
xp8.xnand_s2.xpex.y__t2                   1.62
xp8.xnand_s2.xpex.vdd__t1                 1.62
xp8.xnand_s2.xpex.n2               0.000194975
xp8.qb                                    1.62
xp8.xtg_fbs.xpex.a__t0                    1.62
xp8.xtg_fbs.xpex.ctrlb__t0                1.62
xp8.xtg_fbs.xpex.b__t0                    1.62
xp8.xtg_fbs.xpex.vss__t0           4.74289e-10
xp8.xtg_fbs.xpex.a__t1                    1.62
xp8.xtg_fbs.xpex.ctrl__t0                    0
xp8.xtg_fbs.xpex.b__t1                    1.62
xp8.xtg_fbs.xpex.vdd__t0                  1.62
xp9.xinv_clk.xpex.y__t0                   1.62
xp9.xinv_clk.xpex.a__t0                      0
xp9.xinv_clk.xpex.vss__t0          3.87347e-15
xp9.xinv_clk.xpex.vss__t1          1.54035e-10
xp9.xinv_clk.xpex.y__t1                   1.62
xp9.xinv_clk.xpex.a__t1                      0
xp9.xinv_clk.xpex.vdd__t0                 1.62
xp9.xinv_clk.xpex.vdd__t1                 1.62
xp9.clkb                                  1.62
xp9.xtg_d.xpex.a__t0               7.45802e-10
xp9.xtg_d.xpex.ctrlb__t0                  1.62
xp9.xtg_d.xpex.b__t0               8.28073e-09
xp9.xtg_d.xpex.vss__t0             1.32135e-18
xp9.xtg_d.xpex.a__t1               3.36386e-10
xp9.xtg_d.xpex.ctrl__t0                      0
xp9.xtg_d.xpex.b__t1               9.16751e-09
xp9.xtg_d.xpex.vdd__t0                    1.62
xp9.m                              8.89186e-09
xp9.xnand_m.xpex.n2__t0            0.000194975
xp9.xnand_m.xpex.en__t0                      0
xp9.xnand_m.xpex.vss__t0           8.95064e-18
xp9.xnand_m.xpex.vss__t1            1.0093e-14
xp9.xnand_m.xpex.y__t0                    1.62
xp9.xnand_m.xpex.a__t0             8.89186e-09
xp9.xnand_m.xpex.n2__t1            0.000194975
xp9.xnand_m.xpex.vss__t2            1.6774e-10
xp9.xnand_m.xpex.y__t1                    1.62
xp9.xnand_m.xpex.en__t1                      0
xp9.xnand_m.xpex.vdd__t2                  1.62
xp9.xnand_m.xpex.vdd__t0                  1.62
xp9.xnand_m.xpex.vdd__t3                  1.62
xp9.xnand_m.xpex.a__t1             8.89186e-09
xp9.xnand_m.xpex.y__t2                    1.62
xp9.xnand_m.xpex.vdd__t1                  1.62
xp9.xnand_m.xpex.n2                0.000194975
xp9.mb                                    1.62
xp9.xinv_mc.xpex.y__t0             9.48123e-09
xp9.xinv_mc.xpex.a__t0                    1.62
xp9.xinv_mc.xpex.vss__t0           4.11092e-10
xp9.xinv_mc.xpex.vss__t1           9.40593e-19
xp9.xinv_mc.xpex.y__t1             1.08673e-08
xp9.xinv_mc.xpex.a__t1                    1.62
xp9.xinv_mc.xpex.vdd__t0                  1.62
xp9.xinv_mc.xpex.vdd__t1                  1.62
xp9.mc                              1.0379e-08
xp9.xtg_fbm.xpex.a__t0              1.0379e-08
xp9.xtg_fbm.xpex.ctrlb__t0                   0
xp9.xtg_fbm.xpex.b__t0             8.89186e-09
xp9.xtg_fbm.xpex.vss__t0           2.82097e-18
xp9.xtg_fbm.xpex.a__t1             1.07884e-08
xp9.xtg_fbm.xpex.ctrl__t0                 1.62
xp9.xtg_fbm.xpex.b__t1             9.22735e-09
xp9.xtg_fbm.xpex.vdd__t0                  1.62
xp9.xtg_s.xpex.a__t0                      1.62
xp9.xtg_s.xpex.ctrlb__t0                     0
xp9.xtg_s.xpex.b__t0                      1.62
xp9.xtg_s.xpex.vss__t0             4.74289e-10
xp9.xtg_s.xpex.a__t1                      1.62
xp9.xtg_s.xpex.ctrl__t0                   1.62
xp9.xtg_s.xpex.b__t1                      1.62
xp9.xtg_s.xpex.vdd__t0                    1.62
xp9.s                                     1.62
xp9.xinv_q.xpex.y__t0              5.15737e-09
xp9.xinv_q.xpex.a__t0                     1.62
xp9.xinv_q.xpex.vss__t0            2.23616e-10
xp9.xinv_q.xpex.vss__t1            5.11641e-19
xp9.xinv_q.xpex.y__t1              6.13405e-09
xp9.xinv_q.xpex.a__t1                     1.62
xp9.xinv_q.xpex.vdd__t0                   1.62
xp9.xinv_q.xpex.vdd__t1                   1.62
qp9                                5.64571e-09
xp9.xnand_s2.xpex.n2__t0           0.000194975
xp9.xnand_s2.xpex.en__t0                     0
xp9.xnand_s2.xpex.vss__t0          8.95064e-18
xp9.xnand_s2.xpex.vss__t1          1.00929e-14
xp9.xnand_s2.xpex.y__t0                   1.62
xp9.xnand_s2.xpex.a__t0            5.64571e-09
xp9.xnand_s2.xpex.n2__t1           0.000194975
xp9.xnand_s2.xpex.vss__t2           1.6774e-10
xp9.xnand_s2.xpex.y__t1                   1.62
xp9.xnand_s2.xpex.en__t1                     0
xp9.xnand_s2.xpex.vdd__t2                 1.62
xp9.xnand_s2.xpex.vdd__t0                 1.62
xp9.xnand_s2.xpex.vdd__t3                 1.62
xp9.xnand_s2.xpex.a__t1            5.64571e-09
xp9.xnand_s2.xpex.y__t2                   1.62
xp9.xnand_s2.xpex.vdd__t1                 1.62
xp9.xnand_s2.xpex.n2               0.000194975
xp9.qb                                    1.62
xp9.xtg_fbs.xpex.a__t0                    1.62
xp9.xtg_fbs.xpex.ctrlb__t0                1.62
xp9.xtg_fbs.xpex.b__t0                    1.62
xp9.xtg_fbs.xpex.vss__t0           4.74289e-10
xp9.xtg_fbs.xpex.a__t1                    1.62
xp9.xtg_fbs.xpex.ctrl__t0                    0
xp9.xtg_fbs.xpex.b__t1                    1.62
xp9.xtg_fbs.xpex.vdd__t0                  1.62
xp10.xinv_clk.xpex.y__t0                  1.62
xp10.xinv_clk.xpex.a__t0                     0
xp10.xinv_clk.xpex.vss__t0         3.87347e-15
xp10.xinv_clk.xpex.vss__t1         1.54035e-10
xp10.xinv_clk.xpex.y__t1                  1.62
xp10.xinv_clk.xpex.a__t1                     0
xp10.xinv_clk.xpex.vdd__t0                1.62
xp10.xinv_clk.xpex.vdd__t1                1.62
xp10.clkb                                 1.62
xp10.xtg_d.xpex.a__t0              7.45802e-10
xp10.xtg_d.xpex.ctrlb__t0                 1.62
xp10.xtg_d.xpex.b__t0              8.28073e-09
xp10.xtg_d.xpex.vss__t0            1.32135e-18
xp10.xtg_d.xpex.a__t1              3.36386e-10
xp10.xtg_d.xpex.ctrl__t0                     0
xp10.xtg_d.xpex.b__t1              9.16751e-09
xp10.xtg_d.xpex.vdd__t0                   1.62
xp10.m                             8.89186e-09
xp10.xnand_m.xpex.n2__t0           0.000194975
xp10.xnand_m.xpex.en__t0                     0
xp10.xnand_m.xpex.vss__t0          8.95064e-18
xp10.xnand_m.xpex.vss__t1           1.0093e-14
xp10.xnand_m.xpex.y__t0                   1.62
xp10.xnand_m.xpex.a__t0            8.89186e-09
xp10.xnand_m.xpex.n2__t1           0.000194975
xp10.xnand_m.xpex.vss__t2           1.6774e-10
xp10.xnand_m.xpex.y__t1                   1.62
xp10.xnand_m.xpex.en__t1                     0
xp10.xnand_m.xpex.vdd__t2                 1.62
xp10.xnand_m.xpex.vdd__t0                 1.62
xp10.xnand_m.xpex.vdd__t3                 1.62
xp10.xnand_m.xpex.a__t1            8.89186e-09
xp10.xnand_m.xpex.y__t2                   1.62
xp10.xnand_m.xpex.vdd__t1                 1.62
xp10.xnand_m.xpex.n2               0.000194975
xp10.mb                                   1.62
xp10.xinv_mc.xpex.y__t0            9.48123e-09
xp10.xinv_mc.xpex.a__t0                   1.62
xp10.xinv_mc.xpex.vss__t0          4.11092e-10
xp10.xinv_mc.xpex.vss__t1          9.40593e-19
xp10.xinv_mc.xpex.y__t1            1.08673e-08
xp10.xinv_mc.xpex.a__t1                   1.62
xp10.xinv_mc.xpex.vdd__t0                 1.62
xp10.xinv_mc.xpex.vdd__t1                 1.62
xp10.mc                             1.0379e-08
xp10.xtg_fbm.xpex.a__t0             1.0379e-08
xp10.xtg_fbm.xpex.ctrlb__t0                  0
xp10.xtg_fbm.xpex.b__t0            8.89186e-09
xp10.xtg_fbm.xpex.vss__t0          2.82098e-18
xp10.xtg_fbm.xpex.a__t1            1.07884e-08
xp10.xtg_fbm.xpex.ctrl__t0                1.62
xp10.xtg_fbm.xpex.b__t1            9.22735e-09
xp10.xtg_fbm.xpex.vdd__t0                 1.62
xp10.xtg_s.xpex.a__t0                     1.62
xp10.xtg_s.xpex.ctrlb__t0                    0
xp10.xtg_s.xpex.b__t0                     1.62
xp10.xtg_s.xpex.vss__t0            4.74289e-10
xp10.xtg_s.xpex.a__t1                     1.62
xp10.xtg_s.xpex.ctrl__t0                  1.62
xp10.xtg_s.xpex.b__t1                     1.62
xp10.xtg_s.xpex.vdd__t0                   1.62
xp10.s                                    1.62
xp10.xinv_q.xpex.y__t0             5.15737e-09
xp10.xinv_q.xpex.a__t0                    1.62
xp10.xinv_q.xpex.vss__t0           2.23616e-10
xp10.xinv_q.xpex.vss__t1           5.11641e-19
xp10.xinv_q.xpex.y__t1             6.13405e-09
xp10.xinv_q.xpex.a__t1                    1.62
xp10.xinv_q.xpex.vdd__t0                  1.62
xp10.xinv_q.xpex.vdd__t1                  1.62
qp10                               5.64571e-09
xp10.xnand_s2.xpex.n2__t0          0.000194975
xp10.xnand_s2.xpex.en__t0                    0
xp10.xnand_s2.xpex.vss__t0         8.95064e-18
xp10.xnand_s2.xpex.vss__t1         1.00929e-14
xp10.xnand_s2.xpex.y__t0                  1.62
xp10.xnand_s2.xpex.a__t0           5.64571e-09
xp10.xnand_s2.xpex.n2__t1          0.000194975
xp10.xnand_s2.xpex.vss__t2          1.6774e-10
xp10.xnand_s2.xpex.y__t1                  1.62
xp10.xnand_s2.xpex.en__t1                    0
xp10.xnand_s2.xpex.vdd__t2                1.62
xp10.xnand_s2.xpex.vdd__t0                1.62
xp10.xnand_s2.xpex.vdd__t3                1.62
xp10.xnand_s2.xpex.a__t1           5.64571e-09
xp10.xnand_s2.xpex.y__t2                  1.62
xp10.xnand_s2.xpex.vdd__t1                1.62
xp10.xnand_s2.xpex.n2              0.000194975
xp10.qb                                   1.62
xp10.xtg_fbs.xpex.a__t0                   1.62
xp10.xtg_fbs.xpex.ctrlb__t0               1.62
xp10.xtg_fbs.xpex.b__t0                   1.62
xp10.xtg_fbs.xpex.vss__t0          4.74289e-10
xp10.xtg_fbs.xpex.a__t1                   1.62
xp10.xtg_fbs.xpex.ctrl__t0                   0
xp10.xtg_fbs.xpex.b__t1                   1.62
xp10.xtg_fbs.xpex.vdd__t0                 1.62
xp11.xinv_clk.xpex.y__t0                  1.62
xp11.xinv_clk.xpex.a__t0                     0
xp11.xinv_clk.xpex.vss__t0         3.87347e-15
xp11.xinv_clk.xpex.vss__t1         1.54035e-10
xp11.xinv_clk.xpex.y__t1                  1.62
xp11.xinv_clk.xpex.a__t1                     0
xp11.xinv_clk.xpex.vdd__t0                1.62
xp11.xinv_clk.xpex.vdd__t1                1.62
xp11.clkb                                 1.62
xp11.xtg_d.xpex.a__t0              7.45802e-10
xp11.xtg_d.xpex.ctrlb__t0                 1.62
xp11.xtg_d.xpex.b__t0              8.28073e-09
xp11.xtg_d.xpex.vss__t0            1.32135e-18
xp11.xtg_d.xpex.a__t1              3.36386e-10
xp11.xtg_d.xpex.ctrl__t0                     0
xp11.xtg_d.xpex.b__t1              9.16751e-09
xp11.xtg_d.xpex.vdd__t0                   1.62
xp11.m                             8.89186e-09
xp11.xnand_m.xpex.n2__t0           0.000194975
xp11.xnand_m.xpex.en__t0                     0
xp11.xnand_m.xpex.vss__t0          8.95064e-18
xp11.xnand_m.xpex.vss__t1           1.0093e-14
xp11.xnand_m.xpex.y__t0                   1.62
xp11.xnand_m.xpex.a__t0            8.89186e-09
xp11.xnand_m.xpex.n2__t1           0.000194975
xp11.xnand_m.xpex.vss__t2           1.6774e-10
xp11.xnand_m.xpex.y__t1                   1.62
xp11.xnand_m.xpex.en__t1                     0
xp11.xnand_m.xpex.vdd__t2                 1.62
xp11.xnand_m.xpex.vdd__t0                 1.62
xp11.xnand_m.xpex.vdd__t3                 1.62
xp11.xnand_m.xpex.a__t1            8.89186e-09
xp11.xnand_m.xpex.y__t2                   1.62
xp11.xnand_m.xpex.vdd__t1                 1.62
xp11.xnand_m.xpex.n2               0.000194975
xp11.mb                                   1.62
xp11.xinv_mc.xpex.y__t0            9.48123e-09
xp11.xinv_mc.xpex.a__t0                   1.62
xp11.xinv_mc.xpex.vss__t0          4.11092e-10
xp11.xinv_mc.xpex.vss__t1          9.40593e-19
xp11.xinv_mc.xpex.y__t1            1.08673e-08
xp11.xinv_mc.xpex.a__t1                   1.62
xp11.xinv_mc.xpex.vdd__t0                 1.62
xp11.xinv_mc.xpex.vdd__t1                 1.62
xp11.mc                             1.0379e-08
xp11.xtg_fbm.xpex.a__t0             1.0379e-08
xp11.xtg_fbm.xpex.ctrlb__t0                  0
xp11.xtg_fbm.xpex.b__t0            8.89186e-09
xp11.xtg_fbm.xpex.vss__t0          2.82097e-18
xp11.xtg_fbm.xpex.a__t1            1.07884e-08
xp11.xtg_fbm.xpex.ctrl__t0                1.62
xp11.xtg_fbm.xpex.b__t1            9.22735e-09
xp11.xtg_fbm.xpex.vdd__t0                 1.62
xp11.xtg_s.xpex.a__t0                     1.62
xp11.xtg_s.xpex.ctrlb__t0                    0
xp11.xtg_s.xpex.b__t0                     1.62
xp11.xtg_s.xpex.vss__t0            4.74289e-10
xp11.xtg_s.xpex.a__t1                     1.62
xp11.xtg_s.xpex.ctrl__t0                  1.62
xp11.xtg_s.xpex.b__t1                     1.62
xp11.xtg_s.xpex.vdd__t0                   1.62
xp11.s                                    1.62
xp11.xinv_q.xpex.y__t0             5.15737e-09
xp11.xinv_q.xpex.a__t0                    1.62
xp11.xinv_q.xpex.vss__t0           2.23616e-10
xp11.xinv_q.xpex.vss__t1           5.11641e-19
xp11.xinv_q.xpex.y__t1             6.13405e-09
xp11.xinv_q.xpex.a__t1                    1.62
xp11.xinv_q.xpex.vdd__t0                  1.62
xp11.xinv_q.xpex.vdd__t1                  1.62
qp11                               5.64571e-09
xp11.xnand_s2.xpex.n2__t0          0.000194975
xp11.xnand_s2.xpex.en__t0                    0
xp11.xnand_s2.xpex.vss__t0         8.95064e-18
xp11.xnand_s2.xpex.vss__t1         1.00929e-14
xp11.xnand_s2.xpex.y__t0                  1.62
xp11.xnand_s2.xpex.a__t0           5.64571e-09
xp11.xnand_s2.xpex.n2__t1          0.000194975
xp11.xnand_s2.xpex.vss__t2          1.6774e-10
xp11.xnand_s2.xpex.y__t1                  1.62
xp11.xnand_s2.xpex.en__t1                    0
xp11.xnand_s2.xpex.vdd__t2                1.62
xp11.xnand_s2.xpex.vdd__t0                1.62
xp11.xnand_s2.xpex.vdd__t3                1.62
xp11.xnand_s2.xpex.a__t1           5.64571e-09
xp11.xnand_s2.xpex.y__t2                  1.62
xp11.xnand_s2.xpex.vdd__t1                1.62
xp11.xnand_s2.xpex.n2              0.000194975
xp11.qb                                   1.62
xp11.xtg_fbs.xpex.a__t0                   1.62
xp11.xtg_fbs.xpex.ctrlb__t0               1.62
xp11.xtg_fbs.xpex.b__t0                   1.62
xp11.xtg_fbs.xpex.vss__t0          4.74289e-10
xp11.xtg_fbs.xpex.a__t1                   1.62
xp11.xtg_fbs.xpex.ctrl__t0                   0
xp11.xtg_fbs.xpex.b__t1                   1.62
xp11.xtg_fbs.xpex.vdd__t0                 1.62
xp12.xinv_clk.xpex.y__t0                  1.62
xp12.xinv_clk.xpex.a__t0                     0
xp12.xinv_clk.xpex.vss__t0         3.87347e-15
xp12.xinv_clk.xpex.vss__t1         1.54035e-10
xp12.xinv_clk.xpex.y__t1                  1.62
xp12.xinv_clk.xpex.a__t1                     0
xp12.xinv_clk.xpex.vdd__t0                1.62
xp12.xinv_clk.xpex.vdd__t1                1.62
xp12.clkb                                 1.62
xp12.xtg_d.xpex.a__t0              7.45802e-10
xp12.xtg_d.xpex.ctrlb__t0                 1.62
xp12.xtg_d.xpex.b__t0              8.28073e-09
xp12.xtg_d.xpex.vss__t0            1.32135e-18
xp12.xtg_d.xpex.a__t1              3.36386e-10
xp12.xtg_d.xpex.ctrl__t0                     0
xp12.xtg_d.xpex.b__t1              9.16751e-09
xp12.xtg_d.xpex.vdd__t0                   1.62
xp12.m                             8.89186e-09
xp12.xnand_m.xpex.n2__t0           0.000194975
xp12.xnand_m.xpex.en__t0                     0
xp12.xnand_m.xpex.vss__t0          8.95064e-18
xp12.xnand_m.xpex.vss__t1           1.0093e-14
xp12.xnand_m.xpex.y__t0                   1.62
xp12.xnand_m.xpex.a__t0            8.89186e-09
xp12.xnand_m.xpex.n2__t1           0.000194975
xp12.xnand_m.xpex.vss__t2           1.6774e-10
xp12.xnand_m.xpex.y__t1                   1.62
xp12.xnand_m.xpex.en__t1                     0
xp12.xnand_m.xpex.vdd__t2                 1.62
xp12.xnand_m.xpex.vdd__t0                 1.62
xp12.xnand_m.xpex.vdd__t3                 1.62
xp12.xnand_m.xpex.a__t1            8.89186e-09
xp12.xnand_m.xpex.y__t2                   1.62
xp12.xnand_m.xpex.vdd__t1                 1.62
xp12.xnand_m.xpex.n2               0.000194975
xp12.mb                                   1.62
xp12.xinv_mc.xpex.y__t0            9.48123e-09
xp12.xinv_mc.xpex.a__t0                   1.62
xp12.xinv_mc.xpex.vss__t0          4.11092e-10
xp12.xinv_mc.xpex.vss__t1          9.40593e-19
xp12.xinv_mc.xpex.y__t1            1.08673e-08
xp12.xinv_mc.xpex.a__t1                   1.62
xp12.xinv_mc.xpex.vdd__t0                 1.62
xp12.xinv_mc.xpex.vdd__t1                 1.62
xp12.mc                             1.0379e-08
xp12.xtg_fbm.xpex.a__t0             1.0379e-08
xp12.xtg_fbm.xpex.ctrlb__t0                  0
xp12.xtg_fbm.xpex.b__t0            8.89186e-09
xp12.xtg_fbm.xpex.vss__t0          2.82097e-18
xp12.xtg_fbm.xpex.a__t1            1.07884e-08
xp12.xtg_fbm.xpex.ctrl__t0                1.62
xp12.xtg_fbm.xpex.b__t1            9.22735e-09
xp12.xtg_fbm.xpex.vdd__t0                 1.62
xp12.xtg_s.xpex.a__t0                     1.62
xp12.xtg_s.xpex.ctrlb__t0                    0
xp12.xtg_s.xpex.b__t0                     1.62
xp12.xtg_s.xpex.vss__t0            4.74289e-10
xp12.xtg_s.xpex.a__t1                     1.62
xp12.xtg_s.xpex.ctrl__t0                  1.62
xp12.xtg_s.xpex.b__t1                     1.62
xp12.xtg_s.xpex.vdd__t0                   1.62
xp12.s                                    1.62
xp12.xinv_q.xpex.y__t0             5.15737e-09
xp12.xinv_q.xpex.a__t0                    1.62
xp12.xinv_q.xpex.vss__t0           2.23616e-10
xp12.xinv_q.xpex.vss__t1           5.11641e-19
xp12.xinv_q.xpex.y__t1             6.13405e-09
xp12.xinv_q.xpex.a__t1                    1.62
xp12.xinv_q.xpex.vdd__t0                  1.62
xp12.xinv_q.xpex.vdd__t1                  1.62
qp12                               5.64571e-09
xp12.xnand_s2.xpex.n2__t0          0.000194975
xp12.xnand_s2.xpex.en__t0                    0
xp12.xnand_s2.xpex.vss__t0         8.95064e-18
xp12.xnand_s2.xpex.vss__t1         1.00929e-14
xp12.xnand_s2.xpex.y__t0                  1.62
xp12.xnand_s2.xpex.a__t0           5.64571e-09
xp12.xnand_s2.xpex.n2__t1          0.000194975
xp12.xnand_s2.xpex.vss__t2          1.6774e-10
xp12.xnand_s2.xpex.y__t1                  1.62
xp12.xnand_s2.xpex.en__t1                    0
xp12.xnand_s2.xpex.vdd__t2                1.62
xp12.xnand_s2.xpex.vdd__t0                1.62
xp12.xnand_s2.xpex.vdd__t3                1.62
xp12.xnand_s2.xpex.a__t1           5.64571e-09
xp12.xnand_s2.xpex.y__t2                  1.62
xp12.xnand_s2.xpex.vdd__t1                1.62
xp12.xnand_s2.xpex.n2              0.000194975
xp12.qb                                   1.62
xp12.xtg_fbs.xpex.a__t0                   1.62
xp12.xtg_fbs.xpex.ctrlb__t0               1.62
xp12.xtg_fbs.xpex.b__t0                   1.62
xp12.xtg_fbs.xpex.vss__t0          4.74289e-10
xp12.xtg_fbs.xpex.a__t1                   1.62
xp12.xtg_fbs.xpex.ctrl__t0                   0
xp12.xtg_fbs.xpex.b__t1                   1.62
xp12.xtg_fbs.xpex.vdd__t0                 1.62
vddq                                      1.62
xq1.clkb                                  1.62
xq1.m                              9.21698e-09
xq1.mb                                    1.62
xq1.mmid                           0.000194976
xq1.mc                             1.10949e-08
xq1.s                                     1.62
qq1                                6.03514e-09
xq1.qb                                    1.62
xq1.s2mid                          0.000194976
xq2.clkb                                  1.62
xq2.m                              9.21698e-09
xq2.mb                                    1.62
xq2.mmid                           0.000194976
xq2.mc                             1.10949e-08
xq2.s                                     1.62
qq2                                6.03514e-09
xq2.qb                                    1.62
xq2.s2mid                          0.000194976
xq3.clkb                                  1.62
xq3.m                              9.21698e-09
xq3.mb                                    1.62
xq3.mmid                           0.000194975
xq3.mc                             1.10949e-08
xq3.s                                     1.62
qq3                                6.03514e-09
xq3.qb                                    1.62
xq3.s2mid                          0.000194976
xq4.clkb                                  1.62
xq4.m                              9.21698e-09
xq4.mb                                    1.62
xq4.mmid                           0.000194976
xq4.mc                             1.10949e-08
xq4.s                                     1.62
qq4                                6.03514e-09
xq4.qb                                    1.62
xq4.s2mid                          0.000194976
xq5.clkb                                  1.62
xq5.m                              9.21698e-09
xq5.mb                                    1.62
xq5.mmid                           0.000194976
xq5.mc                             1.10949e-08
xq5.s                                     1.62
qq5                                6.03514e-09
xq5.qb                                    1.62
xq5.s2mid                          0.000194976
xq6.clkb                                  1.62
xq6.m                              9.21698e-09
xq6.mb                                    1.62
xq6.mmid                           0.000194976
xq6.mc                             1.10949e-08
xq6.s                                     1.62
qq6                                6.03514e-09
xq6.qb                                    1.62
xq6.s2mid                          0.000194976
xq7.clkb                                  1.62
xq7.m                              9.21698e-09
xq7.mb                                    1.62
xq7.mmid                           0.000194976
xq7.mc                             1.10949e-08
xq7.s                                     1.62
qq7                                6.03514e-09
xq7.qb                                    1.62
xq7.s2mid                          0.000194976
xq8.clkb                                  1.62
xq8.m                              9.21698e-09
xq8.mb                                    1.62
xq8.mmid                           0.000194976
xq8.mc                             1.10949e-08
xq8.s                                     1.62
qq8                                6.03514e-09
xq8.qb                                    1.62
xq8.s2mid                          0.000194976
xq9.clkb                                  1.62
xq9.m                              9.21698e-09
xq9.mb                                    1.62
xq9.mmid                           0.000194976
xq9.mc                             1.10949e-08
xq9.s                                     1.62
qq9                                6.03514e-09
xq9.qb                                    1.62
xq9.s2mid                          0.000194976
xq10.clkb                                 1.62
xq10.m                             9.21698e-09
xq10.mb                                   1.62
xq10.mmid                          0.000194976
xq10.mc                            1.10949e-08
xq10.s                                    1.62
qq10                               6.03514e-09
xq10.qb                                   1.62
xq10.s2mid                         0.000194976
xq11.clkb                                 1.62
xq11.m                             9.21698e-09
xq11.mb                                   1.62
xq11.mmid                          0.000194976
xq11.mc                            1.10949e-08
xq11.s                                    1.62
qq11                               6.03514e-09
xq11.qb                                   1.62
xq11.s2mid                         0.000194976
xq12.clkb                                 1.62
xq12.m                             9.21698e-09
xq12.mb                                   1.62
xq12.mmid                          0.000194976
xq12.mc                            1.10949e-08
xq12.s                                    1.62
qq12                               6.03514e-09
xq12.qb                                   1.62
xq12.s2mid                         0.000194976
vddl                                      1.62
xlp1.xpex.y__t0                           1.62
xlp1.xpex.a__t0                    5.64571e-09
xlp1.xpex.vss__t0                  3.87347e-15
xlp1.xpex.vss__t1                  1.54035e-10
xlp1.xpex.y__t1                           1.62
xlp1.xpex.a__t1                    5.64571e-09
xlp1.xpex.vdd__t0                         1.62
xlp1.xpex.vdd__t1                         1.62
qpb1                                      1.62
xlp2.xpex.y__t0                           1.62
xlp2.xpex.a__t0                    5.64571e-09
xlp2.xpex.vss__t0                  3.87347e-15
xlp2.xpex.vss__t1                  1.54035e-10
xlp2.xpex.y__t1                           1.62
xlp2.xpex.a__t1                    5.64571e-09
xlp2.xpex.vdd__t0                         1.62
xlp2.xpex.vdd__t1                         1.62
qpb2                                      1.62
xlp3.xpex.y__t0                           1.62
xlp3.xpex.a__t0                    5.64571e-09
xlp3.xpex.vss__t0                  3.87347e-15
xlp3.xpex.vss__t1                  1.54035e-10
xlp3.xpex.y__t1                           1.62
xlp3.xpex.a__t1                    5.64571e-09
xlp3.xpex.vdd__t0                         1.62
xlp3.xpex.vdd__t1                         1.62
qpb3                                      1.62
xlp4.xpex.y__t0                           1.62
xlp4.xpex.a__t0                    5.64571e-09
xlp4.xpex.vss__t0                  3.87347e-15
xlp4.xpex.vss__t1                  1.54035e-10
xlp4.xpex.y__t1                           1.62
xlp4.xpex.a__t1                    5.64571e-09
xlp4.xpex.vdd__t0                         1.62
xlp4.xpex.vdd__t1                         1.62
qpb4                                      1.62
xlp5.xpex.y__t0                           1.62
xlp5.xpex.a__t0                    5.64571e-09
xlp5.xpex.vss__t0                  3.87347e-15
xlp5.xpex.vss__t1                  1.54035e-10
xlp5.xpex.y__t1                           1.62
xlp5.xpex.a__t1                    5.64571e-09
xlp5.xpex.vdd__t0                         1.62
xlp5.xpex.vdd__t1                         1.62
qpb5                                      1.62
xlp6.xpex.y__t0                           1.62
xlp6.xpex.a__t0                    5.64571e-09
xlp6.xpex.vss__t0                  3.87347e-15
xlp6.xpex.vss__t1                  1.54035e-10
xlp6.xpex.y__t1                           1.62
xlp6.xpex.a__t1                    5.64571e-09
xlp6.xpex.vdd__t0                         1.62
xlp6.xpex.vdd__t1                         1.62
qpb6                                      1.62
xlp7.xpex.y__t0                           1.62
xlp7.xpex.a__t0                    5.64571e-09
xlp7.xpex.vss__t0                  3.87347e-15
xlp7.xpex.vss__t1                  1.54035e-10
xlp7.xpex.y__t1                           1.62
xlp7.xpex.a__t1                    5.64571e-09
xlp7.xpex.vdd__t0                         1.62
xlp7.xpex.vdd__t1                         1.62
qpb7                                      1.62
xlp8.xpex.y__t0                           1.62
xlp8.xpex.a__t0                    5.64571e-09
xlp8.xpex.vss__t0                  3.87347e-15
xlp8.xpex.vss__t1                  1.54035e-10
xlp8.xpex.y__t1                           1.62
xlp8.xpex.a__t1                    5.64571e-09
xlp8.xpex.vdd__t0                         1.62
xlp8.xpex.vdd__t1                         1.62
qpb8                                      1.62
xlp9.xpex.y__t0                           1.62
xlp9.xpex.a__t0                    5.64571e-09
xlp9.xpex.vss__t0                  3.87347e-15
xlp9.xpex.vss__t1                  1.54035e-10
xlp9.xpex.y__t1                           1.62
xlp9.xpex.a__t1                    5.64571e-09
xlp9.xpex.vdd__t0                         1.62
xlp9.xpex.vdd__t1                         1.62
qpb9                                      1.62
xlp10.xpex.y__t0                          1.62
xlp10.xpex.a__t0                   5.64571e-09
xlp10.xpex.vss__t0                 3.87347e-15
xlp10.xpex.vss__t1                 1.54035e-10
xlp10.xpex.y__t1                          1.62
xlp10.xpex.a__t1                   5.64571e-09
xlp10.xpex.vdd__t0                        1.62
xlp10.xpex.vdd__t1                        1.62
qpb10                                     1.62
xlp11.xpex.y__t0                          1.62
xlp11.xpex.a__t0                   5.64571e-09
xlp11.xpex.vss__t0                 3.87347e-15
xlp11.xpex.vss__t1                 1.54035e-10
xlp11.xpex.y__t1                          1.62
xlp11.xpex.a__t1                   5.64571e-09
xlp11.xpex.vdd__t0                        1.62
xlp11.xpex.vdd__t1                        1.62
qpb11                                     1.62
xlp12.xpex.y__t0                          1.62
xlp12.xpex.a__t0                   5.64571e-09
xlp12.xpex.vss__t0                 3.87347e-15
xlp12.xpex.vss__t1                 1.54035e-10
xlp12.xpex.y__t1                          1.62
xlp12.xpex.a__t1                   5.64571e-09
xlp12.xpex.vdd__t0                        1.62
xlp12.xpex.vdd__t1                        1.62
qpb12                                     1.62
qqb1                                      1.62
qqb2                                      1.62
qqb3                                      1.62
qqb4                                      1.62
qqb5                                      1.62
qqb6                                      1.62
qqb7                                      1.62
qqb8                                      1.62
qqb9                                      1.62
qqb10                                     1.62
qqb11                                     1.62
qqb12                                     1.62
vddl#branch                       -3.88802e-11
vddq#branch                       -2.78782e-10
vddp#branch                       -2.78737e-10
vd12#branch                        1.04234e-11
vd11#branch                        1.04234e-11
vd10#branch                        1.04234e-11
vd9#branch                         1.04234e-11
vd8#branch                         1.04234e-11
vd7#branch                         1.04234e-11
vd6#branch                         1.04234e-11
vd5#branch                         1.04234e-11
vd4#branch                         1.04234e-11
vd3#branch                         1.04234e-11
vd2#branch                         1.04234e-11
vd1#branch                         1.04234e-11
vrstn#branch                                 0
vclk#branch                                  0
vsub#branch                                  0

 Reference value :  0.00000e+00
 Reference value :  2.64000e-11
 Reference value :  9.64000e-11
 Reference value :  1.66400e-10
 Reference value :  2.36400e-10
 Reference value :  3.11400e-10
 Reference value :  3.81400e-10
 Reference value :  4.61400e-10
 Reference value :  5.06400e-10
 Reference value :  5.71400e-10
 Reference value :  6.36400e-10
 Reference value :  7.11400e-10
 Reference value :  7.91400e-10
 Reference value :  8.61400e-10
 Reference value :  9.06400e-10
 Reference value :  9.46400e-10
 Reference value :  1.02140e-09
 Reference value :  1.09140e-09
 Reference value :  1.12640e-09
 Reference value :  1.19640e-09
 Reference value :  1.24140e-09
 Reference value :  1.29140e-09
 Reference value :  1.31640e-09
 Reference value :  1.36640e-09
 Reference value :  1.41140e-09
 Reference value :  1.48640e-09
 Reference value :  1.55640e-09
 Reference value :  1.61640e-09
 Reference value :  1.66640e-09
 Reference value :  1.73640e-09
 Reference value :  1.80640e-09
 Reference value :  1.87640e-09
 Reference value :  1.94640e-09
 Reference value :  1.97640e-09
 Reference value :  2.04140e-09
 Reference value :  2.10140e-09
 Reference value :  2.18140e-09
 Reference value :  2.25640e-09
 Reference value :  2.32640e-09
 Reference value :  2.39640e-09
 Reference value :  2.42640e-09
 Reference value :  2.50140e-09
 Reference value :  2.57140e-09
 Reference value :  2.61140e-09
 Reference value :  2.68640e-09
 Reference value :  2.74640e-09
 Reference value :  2.77640e-09
 Reference value :  2.85140e-09
 Reference value :  2.90140e-09
 Reference value :  2.96640e-09
 Reference value :  3.04140e-09
 Reference value :  3.11640e-09
 Reference value :  3.17140e-09
 Reference value :  3.22140e-09
 Reference value :  3.30140e-09
 Reference value :  3.37140e-09
 Reference value :  3.44640e-09
 Reference value :  3.51140e-09
 Reference value :  3.54640e-09
 Reference value :  3.62140e-09
 Reference value :  3.68140e-09
 Reference value :  3.73640e-09
 Reference value :  3.78640e-09
 Reference value :  3.86640e-09
 Reference value :  3.91640e-09
 Reference value :  3.96640e-09
 Reference value :  4.04140e-09
 Reference value :  4.11140e-09
 Reference value :  4.18640e-09
 Reference value :  4.25640e-09
 Reference value :  4.30640e-09
 Reference value :  4.33640e-09
 Reference value :  4.40640e-09
 Reference value :  4.48140e-09
 Reference value :  4.55640e-09
 Reference value :  4.63140e-09
 Reference value :  4.69640e-09
 Reference value :  4.75640e-09
 Reference value :  4.78140e-09
 Reference value :  4.81640e-09
 Reference value :  4.89140e-09
 Reference value :  4.96140e-09
 Reference value :  5.03640e-09
 Reference value :  5.10140e-09
 Reference value :  5.12640e-09
 Reference value :  5.15140e-09
 Reference value :  5.20640e-09
 Reference value :  5.28640e-09
 Reference value :  5.35640e-09
 Reference value :  5.42640e-09
 Reference value :  5.49640e-09
 Reference value :  5.52140e-09
 Reference value :  5.56140e-09
 Reference value :  5.62640e-09
 Reference value :  5.68140e-09
 Reference value :  5.74140e-09
 Reference value :  5.79140e-09
 Reference value :  5.81640e-09
 Reference value :  5.84640e-09
 Reference value :  5.86140e-09
 Reference value :  5.87640e-09
 Reference value :  5.89140e-09
 Reference value :  5.91640e-09
 Reference value :  5.93640e-09
 Reference value :  5.95640e-09
 Reference value :  5.97640e-09
 Reference value :  5.99640e-09
 Reference value :  6.01640e-09
 Reference value :  6.03640e-09
 Reference value :  6.05640e-09
 Reference value :  6.07140e-09
 Reference value :  6.08640e-09
 Reference value :  6.10640e-09
 Reference value :  6.12640e-09
 Reference value :  6.14640e-09
 Reference value :  6.16140e-09
 Reference value :  6.18140e-09
 Reference value :  6.20140e-09
 Reference value :  6.24140e-09
 Reference value :  6.26140e-09
 Reference value :  6.30640e-09
 Reference value :  6.33140e-09
 Reference value :  6.35140e-09
 Reference value :  6.38640e-09
 Reference value :  6.40140e-09
 Reference value :  6.42140e-09
 Reference value :  6.43640e-09
 Reference value :  6.45640e-09
 Reference value :  6.47640e-09
 Reference value :  6.49640e-09
 Reference value :  6.51140e-09
 Reference value :  6.53140e-09
 Reference value :  6.55140e-09
 Reference value :  6.57640e-09
 Reference value :  6.59640e-09
 Reference value :  6.61640e-09
 Reference value :  6.63140e-09
 Reference value :  6.65140e-09
 Reference value :  6.68140e-09
 Reference value :  6.72140e-09
 Reference value :  6.74140e-09
 Reference value :  6.76140e-09
 Reference value :  6.82140e-09
 Reference value :  6.84140e-09
 Reference value :  6.87140e-09
 Reference value :  6.92140e-09
 Reference value :  6.97140e-09
 Reference value :  7.04640e-09
 Reference value :  7.12140e-09
 Reference value :  7.20140e-09
 Reference value :  7.27140e-09
 Reference value :  7.34640e-09
 Reference value :  7.37640e-09
 Reference value :  7.44640e-09
 Reference value :  7.51640e-09
 Reference value :  7.58640e-09
 Reference value :  7.65640e-09
 Reference value :  7.70140e-09
 Reference value :  7.72640e-09
 Reference value :  7.79140e-09
 Reference value :  7.87140e-09
 Reference value :  7.94140e-09
 Reference value :  8.02140e-09
 Reference value :  8.08640e-09
 Reference value :  8.12140e-09
 Reference value :  8.19640e-09
 Reference value :  8.22640e-09
 Reference value :  8.27140e-09
 Reference value :  8.30140e-09
 Reference value :  8.33640e-09
 Reference value :  8.38640e-09
 Reference value :  8.43640e-09
 Reference value :  8.48140e-09
 Reference value :  8.53640e-09
 Reference value :  8.58140e-09
 Reference value :  8.60140e-09
 Reference value :  8.62640e-09
 Reference value :  8.65640e-09
 Reference value :  8.69140e-09
 Reference value :  8.75140e-09
 Reference value :  8.81140e-09
 Reference value :  8.83140e-09
 Reference value :  8.90640e-09
 Reference value :  8.97140e-09
 Reference value :  9.04640e-09
 Reference value :  9.12640e-09
 Reference value :  9.19640e-09
 Reference value :  9.24140e-09
 Reference value :  9.27640e-09
 Reference value :  9.35140e-09
 Reference value :  9.42140e-09
 Reference value :  9.49140e-09
 Reference value :  9.57140e-09
 Reference value :  9.62640e-09
 Reference value :  9.70140e-09
 Reference value :  9.73640e-09
 Reference value :  9.76640e-09
 Reference value :  9.82640e-09
 Reference value :  9.88640e-09
 Reference value :  9.93640e-09
 Reference value :  9.97640e-09
 Reference value :  1.00015e-08
 Reference value :  1.00375e-08
 Reference value :  1.00875e-08
 Reference value :  1.01035e-08
 Reference value :  1.01325e-08
 Reference value :  1.01575e-08
 Reference value :  1.01725e-08
 Reference value :  1.02275e-08
 Reference value :  1.02875e-08
 Reference value :  1.03175e-08
 Reference value :  1.03625e-08
 Reference value :  1.03925e-08
 Reference value :  1.04225e-08
 Reference value :  1.04575e-08
 Reference value :  1.04775e-08
 Reference value :  1.04975e-08
 Reference value :  1.05625e-08
 Reference value :  1.06025e-08
 Reference value :  1.06475e-08
 Reference value :  1.07175e-08
 Reference value :  1.07875e-08
 Reference value :  1.08275e-08
 Reference value :  1.08975e-08
 Reference value :  1.09725e-08
 Reference value :  1.10475e-08
 Reference value :  1.10975e-08
 Reference value :  1.11225e-08
 Reference value :  1.11875e-08
 Reference value :  1.12675e-08
 Reference value :  1.13225e-08
 Reference value :  1.13575e-08
 Reference value :  1.13975e-08
 Reference value :  1.14675e-08
 Reference value :  1.15425e-08
 Reference value :  1.16175e-08
 Reference value :  1.16975e-08
 Reference value :  1.17675e-08
 Reference value :  1.17975e-08
 Reference value :  1.18275e-08
 Reference value :  1.18975e-08
 Reference value :  1.19675e-08
 Reference value :  1.19975e-08
 Reference value :  1.20225e-08
 Reference value :  1.20425e-08
 Reference value :  1.20875e-08
 Reference value :  1.21425e-08
 Reference value :  1.22025e-08
 Reference value :  1.22575e-08
 Reference value :  1.23025e-08
 Reference value :  1.23475e-08
 Reference value :  1.24225e-08
 Reference value :  1.24725e-08
 Reference value :  1.25175e-08
 Reference value :  1.25925e-08
 Reference value :  1.26625e-08
 Reference value :  1.27325e-08
 Reference value :  1.27675e-08
 Reference value :  1.27925e-08
 Reference value :  1.28525e-08
 Reference value :  1.29125e-08
 Reference value :  1.29675e-08
 Reference value :  1.29875e-08
 Reference value :  1.30475e-08
 Reference value :  1.30875e-08
 Reference value :  1.31575e-08
 Reference value :  1.32025e-08
 Reference value :  1.32625e-08
 Reference value :  1.33325e-08
 Reference value :  1.34075e-08
 Reference value :  1.34775e-08
 Reference value :  1.34975e-08
 Reference value :  1.35525e-08
 Reference value :  1.36225e-08
 Reference value :  1.37025e-08
 Reference value :  1.37675e-08
 Reference value :  1.38425e-08
 Reference value :  1.39075e-08
 Reference value :  1.39325e-08
 Reference value :  1.39525e-08
 Reference value :  1.39675e-08
 Reference value :  1.39925e-08
 Reference value :  1.40525e-08
 Reference value :  1.40925e-08
 Reference value :  1.41225e-08
 Reference value :  1.41775e-08
 Reference value :  1.42275e-08
 Reference value :  1.42625e-08
 Reference value :  1.43075e-08
 Reference value :  1.43625e-08
 Reference value :  1.43875e-08
 Reference value :  1.44075e-08
 Reference value :  1.44325e-08
 Reference value :  1.44825e-08
 Reference value :  1.45575e-08
 Reference value :  1.46075e-08
 Reference value :  1.46625e-08
 Reference value :  1.47325e-08
 Reference value :  1.48075e-08
 Reference value :  1.48275e-08
 Reference value :  1.49025e-08
 Reference value :  1.49625e-08
 Reference value :  1.50025e-08
 Reference value :  1.50575e-08
 Reference value :  1.51275e-08
 Reference value :  1.51975e-08
 Reference value :  1.52575e-08
 Reference value :  1.53075e-08
 Reference value :  1.53525e-08
 Reference value :  1.54275e-08
 Reference value :  1.55025e-08
 Reference value :  1.55725e-08
 Reference value :  1.56475e-08
 Reference value :  1.57125e-08
 Reference value :  1.57475e-08
 Reference value :  1.57975e-08
 Reference value :  1.58675e-08
 Reference value :  1.59425e-08
 Reference value :  1.59925e-08
 Reference value :  1.60425e-08
 Reference value :  1.60775e-08
 Reference value :  1.61575e-08
 Reference value :  1.62275e-08
 Reference value :  1.62975e-08
 Reference value :  1.63725e-08
 Reference value :  1.64275e-08
 Reference value :  1.64725e-08
 Reference value :  1.65375e-08
 Reference value :  1.66075e-08
 Reference value :  1.66775e-08
 Reference value :  1.67525e-08
 Reference value :  1.68025e-08
 Reference value :  1.68525e-08
 Reference value :  1.69325e-08
 Reference value :  1.70025e-08
 Reference value :  1.70825e-08
 Reference value :  1.71525e-08
 Reference value :  1.72275e-08
 Reference value :  1.72775e-08
 Reference value :  1.73175e-08
 Reference value :  1.73975e-08
 Reference value :  1.74725e-08
 Reference value :  1.75475e-08
 Reference value :  1.76025e-08
 Reference value :  1.76425e-08
 Reference value :  1.77075e-08
 Reference value :  1.77675e-08
 Reference value :  1.78225e-08
 Reference value :  1.78975e-08
 Reference value :  1.79725e-08
 Reference value :  1.79975e-08
 Reference value :  1.80275e-08
 Reference value :  1.80975e-08
 Reference value :  1.81425e-08
 Reference value :  1.81975e-08
 Reference value :  1.82475e-08
 Reference value :  1.82825e-08
 Reference value :  1.83275e-08
 Reference value :  1.83875e-08
 Reference value :  1.84275e-08
 Reference value :  1.84725e-08
 Reference value :  1.85275e-08
 Reference value :  1.85775e-08
 Reference value :  1.86275e-08
 Reference value :  1.87025e-08
 Reference value :  1.87525e-08
 Reference value :  1.88275e-08
 Reference value :  1.88825e-08
 Reference value :  1.89175e-08
 Reference value :  1.89375e-08
 Reference value :  1.89575e-08
 Reference value :  1.89825e-08
 Reference value :  1.90325e-08
 Reference value :  1.90725e-08
 Reference value :  1.90925e-08
 Reference value :  1.91175e-08
 Reference value :  1.91375e-08
 Reference value :  1.91575e-08
 Reference value :  1.91775e-08
 Reference value :  1.92225e-08
 Reference value :  1.92575e-08
 Reference value :  1.93325e-08
 Reference value :  1.93675e-08
 Reference value :  1.94375e-08
 Reference value :  1.95125e-08
 Reference value :  1.95825e-08
 Reference value :  1.96325e-08
 Reference value :  1.96725e-08
 Reference value :  1.97325e-08
 Reference value :  1.98125e-08
 Reference value :  1.98875e-08
 Reference value :  1.99675e-08
 Reference value :  2.00225e-08
 Reference value :  2.00825e-08
 Reference value :  2.01475e-08
 Reference value :  2.02225e-08
 Reference value :  2.02925e-08
 Reference value :  2.03675e-08
 Reference value :  2.04325e-08
 Reference value :  2.04675e-08
 Reference value :  2.05425e-08
 Reference value :  2.06125e-08
 Reference value :  2.06875e-08
 Reference value :  2.07375e-08
 Reference value :  2.07825e-08
 Reference value :  2.08525e-08
 Reference value :  2.08825e-08
 Reference value :  2.09275e-08
 Reference value :  2.09725e-08
 Reference value :  2.10275e-08
 Reference value :  2.10575e-08
 Reference value :  2.10975e-08
 Reference value :  2.11325e-08
 Reference value :  2.11675e-08
 Reference value :  2.12025e-08
 Reference value :  2.12625e-08
 Reference value :  2.13075e-08
 Reference value :  2.13525e-08
 Reference value :  2.14275e-08
 Reference value :  2.14725e-08
 Reference value :  2.15475e-08
 Reference value :  2.16225e-08
 Reference value :  2.16775e-08
 Reference value :  2.17175e-08
 Reference value :  2.17425e-08
 Reference value :  2.18125e-08
 Reference value :  2.18825e-08
 Reference value :  2.19575e-08
 Reference value :  2.20175e-08
 Reference value :  2.20525e-08
 Reference value :  2.20925e-08
 Reference value :  2.21275e-08
 Reference value :  2.21975e-08
 Reference value :  2.22675e-08
 Reference value :  2.23475e-08
 Reference value :  2.24175e-08
 Reference value :  2.24925e-08
 Reference value :  2.25725e-08
 Reference value :  2.26325e-08
 Reference value :  2.26825e-08
 Reference value :  2.27275e-08
 Reference value :  2.28025e-08
 Reference value :  2.28675e-08
 Reference value :  2.29425e-08
 Reference value :  2.30175e-08
 Reference value :  2.30675e-08
 Reference value :  2.30875e-08
 Reference value :  2.31225e-08
 Reference value :  2.31775e-08
 Reference value :  2.32375e-08
 Reference value :  2.32875e-08
 Reference value :  2.33325e-08
 Reference value :  2.33525e-08
 Reference value :  2.33875e-08
 Reference value :  2.34425e-08
 Reference value :  2.34775e-08
 Reference value :  2.34975e-08
 Reference value :  2.35125e-08
 Reference value :  2.35425e-08
 Reference value :  2.35625e-08
 Reference value :  2.36225e-08
 Reference value :  2.36475e-08
 Reference value :  2.37125e-08
 Reference value :  2.37725e-08
 Reference value :  2.38125e-08
 Reference value :  2.38275e-08
 Reference value :  2.38575e-08
 Reference value :  2.39025e-08
 Reference value :  2.39525e-08
 Reference value :  2.39875e-08
 Reference value :  2.40225e-08
 Reference value :  2.40425e-08
 Reference value :  2.40725e-08
 Reference value :  2.41175e-08
 Reference value :  2.41925e-08
 Reference value :  2.42425e-08
 Reference value :  2.42775e-08
 Reference value :  2.42975e-08
 Reference value :  2.43425e-08
 Reference value :  2.43825e-08
 Reference value :  2.44225e-08
 Reference value :  2.44775e-08
 Reference value :  2.45375e-08
 Reference value :  2.45775e-08
 Reference value :  2.46275e-08
 Reference value :  2.46825e-08
 Reference value :  2.47475e-08
 Reference value :  2.47825e-08
 Reference value :  2.48325e-08
 Reference value :  2.48775e-08
 Reference value :  2.49325e-08
 Reference value :  2.49875e-08
 Reference value :  2.50225e-08
 Reference value :  2.50875e-08
 Reference value :  2.51625e-08
 Reference value :  2.52275e-08
 Reference value :  2.52875e-08
 Reference value :  2.53425e-08
 Reference value :  2.54175e-08
 Reference value :  2.54675e-08
 Reference value :  2.54925e-08
 Reference value :  2.55475e-08
 Reference value :  2.55875e-08
 Reference value :  2.56375e-08
 Reference value :  2.56975e-08
 Reference value :  2.57525e-08
 Reference value :  2.57975e-08
 Reference value :  2.58725e-08
 Reference value :  2.59275e-08
 Reference value :  2.59575e-08
 Reference value :  2.59875e-08
 Reference value :  2.60225e-08
 Reference value :  2.60775e-08
 Reference value :  2.61425e-08
 Reference value :  2.61875e-08
 Reference value :  2.62375e-08
 Reference value :  2.63025e-08
 Reference value :  2.63625e-08
 Reference value :  2.64075e-08
 Reference value :  2.64425e-08
 Reference value :  2.64775e-08
 Reference value :  2.65025e-08
 Reference value :  2.65375e-08
 Reference value :  2.66175e-08
 Reference value :  2.66875e-08
 Reference value :  2.67475e-08
 Reference value :  2.67675e-08
 Reference value :  2.68175e-08
 Reference value :  2.68975e-08
 Reference value :  2.69675e-08
 Reference value :  2.70425e-08
 Reference value :  2.71075e-08
 Reference value :  2.71375e-08
 Reference value :  2.71675e-08
 Reference value :  2.72425e-08
 Reference value :  2.72725e-08
 Reference value :  2.73475e-08
 Reference value :  2.74175e-08
 Reference value :  2.74375e-08
 Reference value :  2.74975e-08
 Reference value :  2.75475e-08
 Reference value :  2.76275e-08
 Reference value :  2.76875e-08
 Reference value :  2.77275e-08
 Reference value :  2.77475e-08
 Reference value :  2.77725e-08
 Reference value :  2.78375e-08
 Reference value :  2.79025e-08
 Reference value :  2.79575e-08
 Reference value :  2.79875e-08
 Reference value :  2.80075e-08
 Reference value :  2.80725e-08
 Reference value :  2.81475e-08
 Reference value :  2.82125e-08
 Reference value :  2.82825e-08
 Reference value :  2.83225e-08
 Reference value :  2.83525e-08
 Reference value :  2.84025e-08
 Reference value :  2.84775e-08
 Reference value :  2.85525e-08
 Reference value :  2.86225e-08
 Reference value :  2.86675e-08
 Reference value :  2.86925e-08
 Reference value :  2.87375e-08
 Reference value :  2.88125e-08
 Reference value :  2.88575e-08
 Reference value :  2.89275e-08
 Reference value :  2.89975e-08
 Reference value :  2.90725e-08
 Reference value :  2.91225e-08
 Reference value :  2.91575e-08
 Reference value :  2.91925e-08
 Reference value :  2.92575e-08
 Reference value :  2.93325e-08
 Reference value :  2.93975e-08
 Reference value :  2.94575e-08
 Reference value :  2.94875e-08
 Reference value :  2.95325e-08
 Reference value :  2.95725e-08
 Reference value :  2.96475e-08
 Reference value :  2.96925e-08
 Reference value :  2.97575e-08
 Reference value :  2.98375e-08
 Reference value :  2.98975e-08
 Reference value :  2.99475e-08
 Reference value :  3.00175e-08
 Reference value :  3.00625e-08
 Reference value :  3.01175e-08
 Reference value :  3.01575e-08
 Reference value :  3.02025e-08
 Reference value :  3.02775e-08
 Reference value :  3.03475e-08
 Reference value :  3.04175e-08
 Reference value :  3.04975e-08
 Reference value :  3.05475e-08
 Reference value :  3.05675e-08
 Reference value :  3.06175e-08
 Reference value :  3.06925e-08
 Reference value :  3.07675e-08
 Reference value :  3.08325e-08
 Reference value :  3.08925e-08
 Reference value :  3.09275e-08
 Reference value :  3.09725e-08
 Reference value :  3.10075e-08
 Reference value :  3.10825e-08
 Reference value :  3.11575e-08
 Reference value :  3.12325e-08
 Reference value :  3.13075e-08
 Reference value :  3.13475e-08
 Reference value :  3.14125e-08
 Reference value :  3.14725e-08
 Reference value :  3.15175e-08
 Reference value :  3.15875e-08
 Reference value :  3.16275e-08
 Reference value :  3.16725e-08
 Reference value :  3.17275e-08
 Reference value :  3.17925e-08
 Reference value :  3.18225e-08
 Reference value :  3.18875e-08
 Reference value :  3.19525e-08
 Reference value :  3.20075e-08
 Reference value :  3.20575e-08
 Reference value :  3.21225e-08
 Reference value :  3.21575e-08
 Reference value :  3.22075e-08
 Reference value :  3.22475e-08
 Reference value :  3.23125e-08
 Reference value :  3.23875e-08
 Reference value :  3.24525e-08
 Reference value :  3.25275e-08
 Reference value :  3.25825e-08
 Reference value :  3.26475e-08
 Reference value :  3.27175e-08
 Reference value :  3.27925e-08
 Reference value :  3.28475e-08
 Reference value :  3.28825e-08
 Reference value :  3.29125e-08
 Reference value :  3.29725e-08
 Reference value :  3.30275e-08
 Reference value :  3.30575e-08
 Reference value :  3.30925e-08
 Reference value :  3.31575e-08
 Reference value :  3.32175e-08
 Reference value :  3.32425e-08
 Reference value :  3.32625e-08
 Reference value :  3.32825e-08
 Reference value :  3.33025e-08
 Reference value :  3.33275e-08
 Reference value :  3.33475e-08
 Reference value :  3.33975e-08
 Reference value :  3.34325e-08
 Reference value :  3.34525e-08
 Reference value :  3.34825e-08
 Reference value :  3.35025e-08
 Reference value :  3.35225e-08
 Reference value :  3.35425e-08
 Reference value :  3.35975e-08
 Reference value :  3.36525e-08
 Reference value :  3.36975e-08
 Reference value :  3.37225e-08
 Reference value :  3.37875e-08
 Reference value :  3.38675e-08
 Reference value :  3.39175e-08
 Reference value :  3.39575e-08
 Reference value :  3.40175e-08
 Reference value :  3.40425e-08
 Reference value :  3.40825e-08
 Reference value :  3.41575e-08
 Reference value :  3.42325e-08
 Reference value :  3.42725e-08
 Reference value :  3.43525e-08
 Reference value :  3.44175e-08
 Reference value :  3.44825e-08
 Reference value :  3.45475e-08
 Reference value :  3.45875e-08
 Reference value :  3.46325e-08
 Reference value :  3.46975e-08
 Reference value :  3.47725e-08
 Reference value :  3.48425e-08
 Reference value :  3.48975e-08
 Reference value :  3.49375e-08
 Reference value :  3.49875e-08
 Reference value :  3.50225e-08
 Reference value :  3.50975e-08
 Reference value :  3.51575e-08
 Reference value :  3.52075e-08
 Reference value :  3.52775e-08
 Reference value :  3.53225e-08
 Reference value :  3.53725e-08
 Reference value :  3.54325e-08
 Reference value :  3.55075e-08
 Reference value :  3.55775e-08
 Reference value :  3.56375e-08
 Reference value :  3.56925e-08
 Reference value :  3.57525e-08
 Reference value :  3.57775e-08
 Reference value :  3.58425e-08
 Reference value :  3.59225e-08
 Reference value :  3.59875e-08
 Reference value :  3.60175e-08
 Reference value :  3.60475e-08
 Reference value :  3.60825e-08
 Reference value :  3.61375e-08
 Reference value :  3.62075e-08
 Reference value :  3.62625e-08
 Reference value :  3.63125e-08
 Reference value :  3.63725e-08
 Reference value :  3.64025e-08
 Reference value :  3.64375e-08
 Reference value :  3.64925e-08
 Reference value :  3.65525e-08
 Reference value :  3.65825e-08
 Reference value :  3.66025e-08
 Reference value :  3.66225e-08
 Reference value :  3.66525e-08
 Reference value :  3.66825e-08
 Reference value :  3.67025e-08
 Reference value :  3.67225e-08
 Reference value :  3.67425e-08
 Reference value :  3.67625e-08
 Reference value :  3.67825e-08
 Reference value :  3.68075e-08
 Reference value :  3.68275e-08
 Reference value :  3.68475e-08
 Reference value :  3.68675e-08
 Reference value :  3.68875e-08
 Reference value :  3.69075e-08
 Reference value :  3.69275e-08
 Reference value :  3.69425e-08
 Reference value :  3.69625e-08
 Reference value :  3.69825e-08
 Reference value :  3.70275e-08
 Reference value :  3.70775e-08
 Reference value :  3.71275e-08
 Reference value :  3.71775e-08
 Reference value :  3.71975e-08
 Reference value :  3.72225e-08
 Reference value :  3.72975e-08
 Reference value :  3.73625e-08
 Reference value :  3.74025e-08
 Reference value :  3.74225e-08
 Reference value :  3.74875e-08
 Reference value :  3.75275e-08
 Reference value :  3.75725e-08
 Reference value :  3.76175e-08
 Reference value :  3.76625e-08
 Reference value :  3.76975e-08
 Reference value :  3.77175e-08
 Reference value :  3.77325e-08
 Reference value :  3.77575e-08
 Reference value :  3.78025e-08
 Reference value :  3.78175e-08
 Reference value :  3.78375e-08
 Reference value :  3.78525e-08
 Reference value :  3.78675e-08
 Reference value :  3.78825e-08
 Reference value :  3.79025e-08
 Reference value :  3.79225e-08
 Reference value :  3.79425e-08
 Reference value :  3.79575e-08
 Reference value :  3.79775e-08
 Reference value :  3.80025e-08
 Reference value :  3.80225e-08
 Reference value :  3.80425e-08
 Reference value :  3.80625e-08
 Reference value :  3.80825e-08
 Reference value :  3.81225e-08
 Reference value :  3.81475e-08
 Reference value :  3.81675e-08
 Reference value :  3.81875e-08
 Reference value :  3.82525e-08
 Reference value :  3.83175e-08
 Reference value :  3.83875e-08
 Reference value :  3.84675e-08
 Reference value :  3.85275e-08
 Reference value :  3.85575e-08
 Reference value :  3.85975e-08
 Reference value :  3.86775e-08
 Reference value :  3.87475e-08
 Reference value :  3.88175e-08
 Reference value :  3.88775e-08
 Reference value :  3.89075e-08
 Reference value :  3.89375e-08
 Reference value :  3.89825e-08
 Reference value :  3.90575e-08
 Reference value :  3.91175e-08
 Reference value :  3.91825e-08
 Reference value :  3.92175e-08
 Reference value :  3.92575e-08
 Reference value :  3.93325e-08
 Reference value :  3.93975e-08
 Reference value :  3.94725e-08
 Reference value :  3.95325e-08
 Reference value :  3.95875e-08
 Reference value :  3.96125e-08
 Reference value :  3.96825e-08
 Reference value :  3.97525e-08
 Reference value :  3.98275e-08
 Reference value :  3.98925e-08
 Reference value :  3.99525e-08
 Reference value :  3.99725e-08
 Reference value :  4.00425e-08
 Reference value :  4.01175e-08
 Reference value :  4.01875e-08
 Reference value :  4.02625e-08
 Reference value :  4.03225e-08
 Reference value :  4.03425e-08
 Reference value :  4.03625e-08
 Reference value :  4.04025e-08
 Reference value :  4.04575e-08
 Reference value :  4.05075e-08
 Reference value :  4.05425e-08
 Reference value :  4.05675e-08
 Reference value :  4.05875e-08
 Reference value :  4.06075e-08
 Reference value :  4.06325e-08
 Reference value :  4.06625e-08
 Reference value :  4.07125e-08
 Reference value :  4.07475e-08
 Reference value :  4.07825e-08
 Reference value :  4.08025e-08
 Reference value :  4.08525e-08
 Reference value :  4.08875e-08
 Reference value :  4.09525e-08
 Reference value :  4.10275e-08
 Reference value :  4.10625e-08
 Reference value :  4.11375e-08
 Reference value :  4.12075e-08
 Reference value :  4.12475e-08
 Reference value :  4.12825e-08
 Reference value :  4.13575e-08
 Reference value :  4.14325e-08
 Reference value :  4.15025e-08
 Reference value :  4.15725e-08
 Reference value :  4.16075e-08
 Reference value :  4.16575e-08
 Reference value :  4.17225e-08
 Reference value :  4.17775e-08
 Reference value :  4.18125e-08
 Reference value :  4.18575e-08
 Reference value :  4.19025e-08
 Reference value :  4.19625e-08
 Reference value :  4.20125e-08
 Reference value :  4.20825e-08
 Reference value :  4.21125e-08
 Reference value :  4.21475e-08
 Reference value :  4.21725e-08
 Reference value :  4.21925e-08
 Reference value :  4.22125e-08
 Reference value :  4.22325e-08
 Reference value :  4.22575e-08
 Reference value :  4.22775e-08
 Reference value :  4.23025e-08
 Reference value :  4.23225e-08
 Reference value :  4.23375e-08
 Reference value :  4.23575e-08
 Reference value :  4.23875e-08
 Reference value :  4.24075e-08
 Reference value :  4.24325e-08
 Reference value :  4.24575e-08
 Reference value :  4.24775e-08
 Reference value :  4.25125e-08
 Reference value :  4.25775e-08
 Reference value :  4.26275e-08
 Reference value :  4.26775e-08
 Reference value :  4.27025e-08
 Reference value :  4.27375e-08
 Reference value :  4.27675e-08
 Reference value :  4.28425e-08
 Reference value :  4.29175e-08
 Reference value :  4.29875e-08
 Reference value :  4.30525e-08
 Reference value :  4.31275e-08
 Reference value :  4.31675e-08
 Reference value :  4.32425e-08
 Reference value :  4.33125e-08
 Reference value :  4.33825e-08
 Reference value :  4.34525e-08
 Reference value :  4.34925e-08
 Reference value :  4.35475e-08
 Reference value :  4.36125e-08
 Reference value :  4.36925e-08
 Reference value :  4.37575e-08
 Reference value :  4.38375e-08
 Reference value :  4.39075e-08
 Reference value :  4.39325e-08
 Reference value :  4.39975e-08
 Reference value :  4.40725e-08
 Reference value :  4.41525e-08
 Reference value :  4.42125e-08
 Reference value :  4.42425e-08
 Reference value :  4.43125e-08
 Reference value :  4.43875e-08
 Reference value :  4.44025e-08
 Reference value :  4.44725e-08
 Reference value :  4.45375e-08
 Reference value :  4.45875e-08
 Reference value :  4.46525e-08
 Reference value :  4.47125e-08
 Reference value :  4.47925e-08
 Reference value :  4.48625e-08
 Reference value :  4.49025e-08
 Reference value :  4.49775e-08
 Reference value :  4.50525e-08
 Reference value :  4.51175e-08
 Reference value :  4.51825e-08
 Reference value :  4.52525e-08
 Reference value :  4.53325e-08
 Reference value :  4.54075e-08
 Reference value :  4.54575e-08
 Reference value :  4.55075e-08
 Reference value :  4.55625e-08
 Reference value :  4.56375e-08
 Reference value :  4.57075e-08
 Reference value :  4.57825e-08
 Reference value :  4.58525e-08
 Reference value :  4.59275e-08
 Reference value :  4.59925e-08
 Reference value :  4.60225e-08
 Reference value :  4.60975e-08
 Reference value :  4.61725e-08
 Reference value :  4.62525e-08
 Reference value :  4.63225e-08
 Reference value :  4.63975e-08
 Reference value :  4.64725e-08
 Reference value :  4.65375e-08
 Reference value :  4.66125e-08
 Reference value :  4.66825e-08
 Reference value :  4.67575e-08
 Reference value :  4.68075e-08
 Reference value :  4.68425e-08
 Reference value :  4.68962e-08
 Reference value :  4.69035e-08
 Reference value :  4.69175e-08
 Reference value :  4.69725e-08
 Reference value :  4.70275e-08
 Reference value :  4.70825e-08
 Reference value :  4.71125e-08
 Reference value :  4.71675e-08
 Reference value :  4.72225e-08
 Reference value :  4.72725e-08
 Reference value :  4.73275e-08
 Reference value :  4.73525e-08
 Reference value :  4.73625e-08
 Reference value :  4.73775e-08
 Reference value :  4.73925e-08
 Reference value :  4.74175e-08
 Reference value :  4.74475e-08
 Reference value :  4.74675e-08
 Reference value :  4.74825e-08
 Reference value :  4.74975e-08
 Reference value :  4.75175e-08
 Reference value :  4.75425e-08
 Reference value :  4.75675e-08
 Reference value :  4.75825e-08
 Reference value :  4.76025e-08
 Reference value :  4.76175e-08
 Reference value :  4.76425e-08
 Reference value :  4.76725e-08
 Reference value :  4.77025e-08
 Reference value :  4.77325e-08
 Reference value :  4.77725e-08
 Reference value :  4.78125e-08
 Reference value :  4.78425e-08
 Reference value :  4.78725e-08
 Reference value :  4.79225e-08
 Reference value :  4.79725e-08
 Reference value :  4.79975e-08
 Reference value :  4.80475e-08
 Reference value :  4.80925e-08
 Reference value :  4.81475e-08
 Reference value :  4.81975e-08
 Reference value :  4.82425e-08
 Reference value :  4.82725e-08
 Reference value :  4.83225e-08
 Reference value :  4.83775e-08
 Reference value :  4.84225e-08
 Reference value :  4.84775e-08
 Reference value :  4.85075e-08
 Reference value :  4.85375e-08
 Reference value :  4.85725e-08
 Reference value :  4.86125e-08
 Reference value :  4.86525e-08
 Reference value :  4.86775e-08
 Reference value :  4.87075e-08
 Reference value :  4.87625e-08
 Reference value :  4.88125e-08
 Reference value :  4.88575e-08
 Reference value :  4.88725e-08
 Reference value :  4.88925e-08
 Reference value :  4.89125e-08
 Reference value :  4.89275e-08
 Reference value :  4.89725e-08
 Reference value :  4.90175e-08
 Reference value :  4.90575e-08
 Reference value :  4.90775e-08
 Reference value :  4.90925e-08
 Reference value :  4.91125e-08
 Reference value :  4.91475e-08
 Reference value :  4.91962e-08
 Reference value :  4.92425e-08
 Reference value :  4.92875e-08
 Reference value :  4.93175e-08
 Reference value :  4.93425e-08
 Reference value :  4.93975e-08
 Reference value :  4.94575e-08
 Reference value :  4.95025e-08
 Reference value :  4.95325e-08
 Reference value :  4.95875e-08
 Reference value :  4.96125e-08
 Reference value :  4.96475e-08
 Reference value :  4.97025e-08
 Reference value :  4.97325e-08
 Reference value :  4.97725e-08
 Reference value :  4.98025e-08
 Reference value :  4.98235e-08
 Reference value :  4.98515e-08
 Reference value :  4.98855e-08
 Reference value :  4.99135e-08
 Reference value :  4.99297e-08
 Reference value :  4.99515e-08
 Reference value :  4.99755e-08
 Reference value :  5.00000e-08
 Reference value :  5.00155e-08
 Reference value :  5.00405e-08
 Reference value :  5.00585e-08
 Reference value :  5.00925e-08
 Reference value :  5.01225e-08
 Reference value :  5.01375e-08
 Reference value :  5.01725e-08
 Reference value :  5.02225e-08
 Reference value :  5.02775e-08
 Reference value :  5.03275e-08
 Reference value :  5.03825e-08
 Reference value :  5.04375e-08
 Reference value :  5.04925e-08
 Reference value :  5.05275e-08
 Reference value :  5.05475e-08
 Reference value :  5.06025e-08
 Reference value :  5.06525e-08
 Reference value :  5.07075e-08
 Reference value :  5.07575e-08
 Reference value :  5.07975e-08
 Reference value :  5.08325e-08
 Reference value :  5.08725e-08
 Reference value :  5.09275e-08
 Reference value :  5.09775e-08
 Reference value :  5.10325e-08
 Reference value :  5.10725e-08
 Reference value :  5.11075e-08
 Reference value :  5.11375e-08
 Reference value :  5.11825e-08
 Reference value :  5.12225e-08
 Reference value :  5.12625e-08
 Reference value :  5.13075e-08
 Reference value :  5.13325e-08
 Reference value :  5.13575e-08
 Reference value :  5.13925e-08
 Reference value :  5.14375e-08
 Reference value :  5.14825e-08
 Reference value :  5.15375e-08
 Reference value :  5.15675e-08
 Reference value :  5.16175e-08
 Reference value :  5.16425e-08
 Reference value :  5.16675e-08
 Reference value :  5.17175e-08
 Reference value :  5.17675e-08
 Reference value :  5.18225e-08
 Reference value :  5.18625e-08
 Reference value :  5.19025e-08
 Reference value :  5.19475e-08
 Reference value :  5.20025e-08
 Reference value :  5.20575e-08
 Reference value :  5.21075e-08
 Reference value :  5.21575e-08
 Reference value :  5.22075e-08
 Reference value :  5.22275e-08
 Reference value :  5.22725e-08
 Reference value :  5.23225e-08
 Reference value :  5.23725e-08
 Reference value :  5.24275e-08
 Reference value :  5.24775e-08
 Reference value :  5.25175e-08
 Reference value :  5.25525e-08
 Reference value :  5.26025e-08
 Reference value :  5.26575e-08
 Reference value :  5.26875e-08
 Reference value :  5.27175e-08
 Reference value :  5.27425e-08
 Reference value :  5.27725e-08
 Reference value :  5.28025e-08
 Reference value :  5.28425e-08
 Reference value :  5.28825e-08
 Reference value :  5.28975e-08
 Reference value :  5.29325e-08
 Reference value :  5.29475e-08
 Reference value :  5.29625e-08
 Reference value :  5.29975e-08
 Reference value :  5.30325e-08
 Reference value :  5.30825e-08
 Reference value :  5.31325e-08
 Reference value :  5.31675e-08
 Reference value :  5.32175e-08
 Reference value :  5.32675e-08
 Reference value :  5.33175e-08
 Reference value :  5.33375e-08
 Reference value :  5.33525e-08
 Reference value :  5.33875e-08
 Reference value :  5.34425e-08
 Reference value :  5.34925e-08
 Reference value :  5.35425e-08
 Reference value :  5.35625e-08
 Reference value :  5.35825e-08
 Reference value :  5.36225e-08
 Reference value :  5.36775e-08
 Reference value :  5.37275e-08
 Reference value :  5.37475e-08
 Reference value :  5.37675e-08
 Reference value :  5.38025e-08
 Reference value :  5.38525e-08
 Reference value :  5.39025e-08
 Reference value :  5.39575e-08
 Reference value :  5.39775e-08
 Reference value :  5.40225e-08
 Reference value :  5.40725e-08
 Reference value :  5.41275e-08
 Reference value :  5.41625e-08
 Reference value :  5.41925e-08
 Reference value :  5.42425e-08
 Reference value :  5.42675e-08
 Reference value :  5.43125e-08
 Reference value :  5.43625e-08
 Reference value :  5.44025e-08
 Reference value :  5.44375e-08
 Reference value :  5.44575e-08
 Reference value :  5.45025e-08
 Reference value :  5.45525e-08
 Reference value :  5.46025e-08
 Reference value :  5.46275e-08
 Reference value :  5.46625e-08
 Reference value :  5.47125e-08
 Reference value :  5.47675e-08
 Reference value :  5.48175e-08
 Reference value :  5.48725e-08
 Reference value :  5.49125e-08
 Reference value :  5.49475e-08
 Reference value :  5.49975e-08
 Reference value :  5.50325e-08
 Reference value :  5.50475e-08
 Reference value :  5.50625e-08
 Reference value :  5.50875e-08
 Reference value :  5.51275e-08
 Reference value :  5.51675e-08
 Reference value :  5.52175e-08
 Reference value :  5.52575e-08
 Reference value :  5.52825e-08
 Reference value :  5.52975e-08
 Reference value :  5.53225e-08
 Reference value :  5.53625e-08
 Reference value :  5.54325e-08
 Reference value :  5.54775e-08
 Reference value :  5.55225e-08
 Reference value :  5.55825e-08
 Reference value :  5.56075e-08
 Reference value :  5.56575e-08
 Reference value :  5.57225e-08
 Reference value :  5.57425e-08
 Reference value :  5.57875e-08
 Reference value :  5.58425e-08
 Reference value :  5.59025e-08
 Reference value :  5.59525e-08
 Reference value :  5.59825e-08
No. of Data Rows : 11294
vp1                 =  1.62000e+00 from=  5.40000e-08 to=  5.60000e-08
vp2                 =  1.62000e+00 from=  5.40000e-08 to=  5.60000e-08
vp3                 =  1.62000e+00 from=  5.40000e-08 to=  5.60000e-08
vp4                 =  1.62000e+00 from=  5.40000e-08 to=  5.60000e-08
vp5                 =  1.62000e+00 from=  5.40000e-08 to=  5.60000e-08
vp6                 =  1.62000e+00 from=  5.40000e-08 to=  5.60000e-08
vp7                 =  1.62000e+00 from=  5.40000e-08 to=  5.60000e-08
vp8                 =  5.64543e-09 from=  5.40000e-08 to=  5.60000e-08
vp9                 =  5.63652e-09 from=  5.40000e-08 to=  5.60000e-08
vp10                =  5.64522e-09 from=  5.40000e-08 to=  5.60000e-08
vp11                =  5.64492e-09 from=  5.40000e-08 to=  5.60000e-08
vp12                =  5.64529e-09 from=  5.40000e-08 to=  5.60000e-08
vq1                 =  1.62000e+00 from=  5.40000e-08 to=  5.60000e-08
vq2                 =  1.62000e+00 from=  5.40000e-08 to=  5.60000e-08
vq3                 =  1.62000e+00 from=  5.40000e-08 to=  5.60000e-08
vq4                 =  1.62000e+00 from=  5.40000e-08 to=  5.60000e-08
vq5                 =  1.62000e+00 from=  5.40000e-08 to=  5.60000e-08
vq6                 =  1.62000e+00 from=  5.40000e-08 to=  5.60000e-08
vq7                 =  1.62000e+00 from=  5.40000e-08 to=  5.60000e-08
vq8                 =  1.62000e+00 from=  5.40000e-08 to=  5.60000e-08
vq9                 =  6.03447e-09 from=  5.40000e-08 to=  5.60000e-08
vq10                =  6.01703e-09 from=  5.40000e-08 to=  5.60000e-08
vq11                =  6.02095e-09 from=  5.40000e-08 to=  5.60000e-08
vq12                =  6.02222e-09 from=  5.40000e-08 to=  5.60000e-08
cap_pex_3200ps = 1.000000e+00
cap_pex_800ps = 1.000000e+00
cap_pex_260ps = 1.000000e+00
cap_pex_215ps = 1.000000e+00
cap_pex_180ps = 1.000000e+00
cap_pex_150ps = 1.000000e+00
cap_pex_125ps = 1.000000e+00
cap_pex_105ps = 3.484831e-09
cap_pex_88ps = 3.479334e-09
cap_pex_73ps = 3.484706e-09
cap_pex_60ps = 3.484522e-09
cap_pex_45ps = 3.484744e-09
cap_pre_3200ps = 1.000000e+00
cap_pre_800ps = 1.000000e+00
cap_pre_260ps = 1.000000e+00
cap_pre_215ps = 1.000000e+00
cap_pre_180ps = 1.000000e+00
cap_pre_150ps = 1.000000e+00
cap_pre_125ps = 1.000000e+00
cap_pre_105ps = 1.000000e+00
cap_pre_88ps = 3.724981e-09
cap_pre_73ps = 3.714217e-09
cap_pre_60ps = 3.716636e-09
cap_pre_45ps = 3.717418e-09
Note: Simulation executed from .control section 

----- stderr -----

