|* Post-layout sampler_dff: the SETUP-TIME bracket -- how far ahead of the
|* sampling clock edge the data input must settle for the bit to be captured
|* -- extracted parasitics vs. the pre-layout netlist, in ONE deck.
|*
|* Purpose. The companion deck in this slug
|* (tb_post_layout_sampler_dff.spice) measures what the sampler does AFTER
|* the edge (clk -> q delay, output levels, reset/idle/active currents). This
|* one measures the window BEFORE it. For a TRNG that is the more
|* consequential of the two: the raw bit is whatever the combining node
|* happens to be doing inside this window, so the window's width is a
|* property of the digitizer that any later raw-bit or min-entropy claim
|* rests on. sim/raw-bit-min-entropy/ digitizes through this exact cell and
|* has never measured it.
|*
|* Method: a LADDER, not a bisection. Twenty-four DFFs run in one transient
|* -- twelve post-layout, twelve pre-layout -- sharing one clock whose single
|* rising edge is at 50 ns, each fed by its OWN d source whose 0 -> 1
|* transition is centred a different distance ahead of that edge:
|*
|*     3200, 800, 260, 215, 180, 150, 125, 105, 88, 73, 60, 45 ps
|*
|* ("centred": each PWL edge takes 100 ps, and the offset is measured
|* between the two signals' 50% crossings, so a rung's label IS the setup
|* time it offers.) After the run, v(q) is read in a settled window after the
|* edge: an instance that captured reads ~Vdd, one that did not reads ~0.
|* The setup time is bracketed between the smallest rung that captured and
|* the largest that did not, per side, per corner, from one transient.
|*
|* Why these twelve rungs. The two wide anchors (3200 and 800 ps) exist to
|* show the ladder saturating -- a run where even they fail to capture is a
|* broken deck, not a fast cell. The other ten are spaced ~1.2x apart across
|* 45..260 ps, which is the band the boundary actually falls in: a scouting
|* run of an earlier, purely geometric (factor-of-two) version of this deck
|* put it between 50 and 100 ps at both tt/27 degC/1.8 V and
|* ff/125 degC/1.98 V, and between 100 and 200 ps at ss/-40 degC/1.62 V.
|* The factor-of-two ladder was too coarse to separate the post-layout cell
|* from its own pre-layout control at any of the three -- both sides landed
|* in the same rung -- which is the whole point of running them in one deck,
|* hence this spacing.
|*
|* Deliberately NOT a metastability measurement.
|* spec/porting-plan.md carries DR-0011's judgment that full resolution-time
|* statistics are "not credibly reproducible in a general-purpose transient
|* solver", and that judgment is tool-general rather than PDK-specific. What
|* is measured here is a DETERMINISTIC timing property -- captured or not
|* captured, at a stated offset -- and nothing about resolution time,
|* failure probability, or the shape of the boundary is claimed. A rung that
|* lands close enough to the boundary to read back an intermediate level is
|* reported as exactly that: an intermediate level at a stated offset.
|*
|* Topology, parasitic scope, substrate tie, stimulus idealization and the
|* pre-layout-control-in-the-same-deck argument are all identical to the
|* companion deck -- see tb_post_layout_sampler_dff.spice's header, which
|* states them in full, including why an ideal PWL stimulus makes every
|* post-layout figure here a FLOOR on the real cost rather than the whole of
|* it.
|*
|* The waveform (ns):
|*
|*    0 .. 10   rst_n = 0, clk = 0, every d = 0    reset; all q = 0
|*   10         rst_n 0 -> 1                       released, master
|*                                                 transparent (clk = 0)
|*   46.8 .. 50.055                                each d rises, one rung
|*                                                 each -- see the ladder
|*   50        clk 0 -> 1                          THE sampling edge; the
|*                                                 slave captures whatever
|*                                                 the master settled to
|*   50 .. 56  clk held high                       master opaque, so a d
|*                                                 that arrived too late
|*                                                 cannot leak through after
|*                                                 the fact; q read over
|*                                                 54 .. 56 ns
|*
|* PVT: the same four (temp, supply) points as every post-layout campaign in
|* this repo, each bundling tt/ss/ff into one record.
|*
|* This file is a TEMPLATE: sim/bin/corner-run.py substitutes /home/ubuntu/.volare/volare/sky130/versions/c6d73a35f524070e85faff4a6a9eef49553ebc2b/sky130A/libs.tech/combined/sky130.lib.spice,
|* ff, /home/ubuntu/loom-workspaces/sky130-trng/.loom/worktrees/issue-22/design/sampler_core.spice (design/sampler_core.spice), /home/ubuntu/loom-workspaces/sky130-trng/.loom/worktrees/issue-22/layout/pex/sampler_dff_pex.spice
|* (layout/pex/sampler_dff_pex.spice), -40.0, 1.98 and 5p. As
|* committed it is not a runnable deck.
|
|.option scale=1u
|.lib "/home/ubuntu/.volare/volare/sky130/versions/c6d73a35f524070e85faff4a6a9eef49553ebc2b/sky130A/libs.tech/combined/sky130.lib.spice" ff
|
|.include "/home/ubuntu/loom-workspaces/sky130-trng/.loom/worktrees/issue-22/design/sampler_core.spice"
|.include "/home/ubuntu/loom-workspaces/sky130-trng/.loom/worktrees/issue-22/layout/pex/sampler_dff_pex.spice"
|
|.temp -40.0
|
|* --- substrate return node: hard tie (see the companion deck's header) --
|Vsub vsubs 0 dc 0
|
|*-----------------------------------------------------------------------
|* The post-layout sampler_dff, assembled from extracted leaf cells.
|* Identical to the companion deck's subcircuit; every port assignment is
|* annotated there with the design/sampler_core.spice device it reproduces.
|*-----------------------------------------------------------------------
|.subckt sampler_dff_pex d clk rst_n q vdd vss
|xinv_clk clk    clkb   vdd vss           sampler_inv_pex
|xtg_d    d      m      clk  clkb vdd vss sampler_tg_pex
|xnand_m  m      rst_n  mb   vdd  vss     sampler_nand2_pex
|xinv_mc  mb     mc     vdd vss           sampler_inv_pex
|xtg_fbm  mc     m      clkb clk  vdd vss sampler_tg_pex
|xtg_s    mb     s      clkb clk  vdd vss sampler_tg_pex
|xinv_q   s      q      vdd vss           sampler_inv_pex
|xnand_s2 q      rst_n  qb   vdd  vss     sampler_nand2_pex
|xtg_fbs  qb     s      clk  clkb vdd vss sampler_tg_pex
|.ends
|
|* --- shared clock and reset --------------------------------------------
|* One rising edge, at 50 ns, held high to the end of the run.
|Vclk clk 0 PWL(0 0  50n 0  50.1n 1.98)
|Vrstn rst_n 0 PWL(0 0  10n 0  10.1n 1.98)
|
|* --- the setup ladder: one d source per rung ----------------------------
|* Each edge takes 100 ps and its 50% crossing precedes the clock's 50%
|* crossing (50.05 ns) by exactly the rung's offset.
|Vd1 d1 0 PWL(0 0  46.8n 0  46.9n 1.98)
|Vd2 d2 0 PWL(0 0  49.2n 0  49.3n 1.98)
|Vd3 d3 0 PWL(0 0  49.74n 0  49.84n 1.98)
|Vd4 d4 0 PWL(0 0  49.785n 0  49.885n 1.98)
|Vd5 d5 0 PWL(0 0  49.82n 0  49.92n 1.98)
|Vd6 d6 0 PWL(0 0  49.85n 0  49.95n 1.98)
|Vd7 d7 0 PWL(0 0  49.875n 0  49.975n 1.98)
|Vd8 d8 0 PWL(0 0  49.895n 0  49.995n 1.98)
|Vd9 d9 0 PWL(0 0  49.912n 0  50.012n 1.98)
|Vd10 d10 0 PWL(0 0  49.927n 0  50.027n 1.98)
|Vd11 d11 0 PWL(0 0  49.94n 0  50.04n 1.98)
|Vd12 d12 0 PWL(0 0  49.955n 0  50.055n 1.98)
|
|* --- twelve post-layout DFFs, one per rung ------------------------------
|* One shared supply source on each side: this deck measures timing, not
|* current (the companion deck owns the per-cell current measurements).
|Vddp vddp 0 dc 1.98
|xp1 d1 clk rst_n qp1 vddp 0 sampler_dff_pex
|xp2 d2 clk rst_n qp2 vddp 0 sampler_dff_pex
|xp3 d3 clk rst_n qp3 vddp 0 sampler_dff_pex
|xp4 d4 clk rst_n qp4 vddp 0 sampler_dff_pex
|xp5 d5 clk rst_n qp5 vddp 0 sampler_dff_pex
|xp6 d6 clk rst_n qp6 vddp 0 sampler_dff_pex
|xp7 d7 clk rst_n qp7 vddp 0 sampler_dff_pex
|xp8 d8 clk rst_n qp8 vddp 0 sampler_dff_pex
|xp9 d9 clk rst_n qp9 vddp 0 sampler_dff_pex
|xp10 d10 clk rst_n qp10 vddp 0 sampler_dff_pex
|xp11 d11 clk rst_n qp11 vddp 0 sampler_dff_pex
|xp12 d12 clk rst_n qp12 vddp 0 sampler_dff_pex
|
|* --- twelve pre-layout control DFFs, the same ladder --------------------
|Vddq vddq 0 dc 1.98
|xq1 d1 clk rst_n qq1 vddq 0 sampler_dff
|xq2 d2 clk rst_n qq2 vddq 0 sampler_dff
|xq3 d3 clk rst_n qq3 vddq 0 sampler_dff
|xq4 d4 clk rst_n qq4 vddq 0 sampler_dff
|xq5 d5 clk rst_n qq5 vddq 0 sampler_dff
|xq6 d6 clk rst_n qq6 vddq 0 sampler_dff
|xq7 d7 clk rst_n qq7 vddq 0 sampler_dff
|xq8 d8 clk rst_n qq8 vddq 0 sampler_dff
|xq9 d9 clk rst_n qq9 vddq 0 sampler_dff
|xq10 d10 clk rst_n qq10 vddq 0 sampler_dff
|xq11 d11 clk rst_n qq11 vddq 0 sampler_dff
|xq12 d12 clk rst_n qq12 vddq 0 sampler_dff
|
|* --- output load: one inverter per DFF, matched per side ----------------
|Vddl vddl 0 dc 1.98
|xlp1 qp1 qpb1 vddl 0 sampler_inv_pex
|xlp2 qp2 qpb2 vddl 0 sampler_inv_pex
|xlp3 qp3 qpb3 vddl 0 sampler_inv_pex
|xlp4 qp4 qpb4 vddl 0 sampler_inv_pex
|xlp5 qp5 qpb5 vddl 0 sampler_inv_pex
|xlp6 qp6 qpb6 vddl 0 sampler_inv_pex
|xlp7 qp7 qpb7 vddl 0 sampler_inv_pex
|xlp8 qp8 qpb8 vddl 0 sampler_inv_pex
|xlp9 qp9 qpb9 vddl 0 sampler_inv_pex
|xlp10 qp10 qpb10 vddl 0 sampler_inv_pex
|xlp11 qp11 qpb11 vddl 0 sampler_inv_pex
|xlp12 qp12 qpb12 vddl 0 sampler_inv_pex
|xlq1 qq1 qqb1 vddl 0 ro_buf
|xlq2 qq2 qqb2 vddl 0 ro_buf
|xlq3 qq3 qqb3 vddl 0 ro_buf
|xlq4 qq4 qqb4 vddl 0 ro_buf
|xlq5 qq5 qqb5 vddl 0 ro_buf
|xlq6 qq6 qqb6 vddl 0 ro_buf
|xlq7 qq7 qqb7 vddl 0 ro_buf
|xlq8 qq8 qqb8 vddl 0 ro_buf
|xlq9 qq9 qqb9 vddl 0 ro_buf
|xlq10 qq10 qqb10 vddl 0 ro_buf
|xlq11 qq11 qqb11 vddl 0 ro_buf
|xlq12 qq12 qqb12 vddl 0 ro_buf
|
|.tran 5p 56n
|
|.control
|run
|
|* --- captured level per rung, as a fraction of Vdd ---------------------
|* Read in a settled window well after the edge. ~1 means the rung's setup
|* time was sufficient, ~0 means it was not; anything in between means the
|* rung sits close to the boundary and is reported as such, NOT as a
|* metastability statistic (see the header).
|meas tran vp1 AVG v(qp1) from=54n to=56n
|meas tran vp2 AVG v(qp2) from=54n to=56n
|meas tran vp3 AVG v(qp3) from=54n to=56n
|meas tran vp4 AVG v(qp4) from=54n to=56n
|meas tran vp5 AVG v(qp5) from=54n to=56n
|meas tran vp6 AVG v(qp6) from=54n to=56n
|meas tran vp7 AVG v(qp7) from=54n to=56n
|meas tran vp8 AVG v(qp8) from=54n to=56n
|meas tran vp9 AVG v(qp9) from=54n to=56n
|meas tran vp10 AVG v(qp10) from=54n to=56n
|meas tran vp11 AVG v(qp11) from=54n to=56n
|meas tran vp12 AVG v(qp12) from=54n to=56n
|meas tran vq1 AVG v(qq1) from=54n to=56n
|meas tran vq2 AVG v(qq2) from=54n to=56n
|meas tran vq3 AVG v(qq3) from=54n to=56n
|meas tran vq4 AVG v(qq4) from=54n to=56n
|meas tran vq5 AVG v(qq5) from=54n to=56n
|meas tran vq6 AVG v(qq6) from=54n to=56n
|meas tran vq7 AVG v(qq7) from=54n to=56n
|meas tran vq8 AVG v(qq8) from=54n to=56n
|meas tran vq9 AVG v(qq9) from=54n to=56n
|meas tran vq10 AVG v(qq10) from=54n to=56n
|meas tran vq11 AVG v(qq11) from=54n to=56n
|meas tran vq12 AVG v(qq12) from=54n to=56n
|
|* Named by the rung's own setup offset in picoseconds, so a record reads
|* as the ladder it is.
|let cap_pex_3200ps = vp1 / 1.98
|let cap_pex_800ps = vp2 / 1.98
|let cap_pex_260ps = vp3 / 1.98
|let cap_pex_215ps = vp4 / 1.98
|let cap_pex_180ps = vp5 / 1.98
|let cap_pex_150ps = vp6 / 1.98
|let cap_pex_125ps = vp7 / 1.98
|let cap_pex_105ps = vp8 / 1.98
|let cap_pex_88ps = vp9 / 1.98
|let cap_pex_73ps = vp10 / 1.98
|let cap_pex_60ps = vp11 / 1.98
|let cap_pex_45ps = vp12 / 1.98
|let cap_pre_3200ps = vq1 / 1.98
|let cap_pre_800ps = vq2 / 1.98
|let cap_pre_260ps = vq3 / 1.98
|let cap_pre_215ps = vq4 / 1.98
|let cap_pre_180ps = vq5 / 1.98
|let cap_pre_150ps = vq6 / 1.98
|let cap_pre_125ps = vq7 / 1.98
|let cap_pre_105ps = vq8 / 1.98
|let cap_pre_88ps = vq9 / 1.98
|let cap_pre_73ps = vq10 / 1.98
|let cap_pre_60ps = vq11 / 1.98
|let cap_pre_45ps = vq12 / 1.98
|
|print cap_pex_3200ps
|print cap_pex_800ps
|print cap_pex_260ps
|print cap_pex_215ps
|print cap_pex_180ps
|print cap_pex_150ps
|print cap_pex_125ps
|print cap_pex_105ps
|print cap_pex_88ps
|print cap_pex_73ps
|print cap_pex_60ps
|print cap_pex_45ps
|print cap_pre_3200ps
|print cap_pre_800ps
|print cap_pre_260ps
|print cap_pre_215ps
|print cap_pre_180ps
|print cap_pre_150ps
|print cap_pre_125ps
|print cap_pre_105ps
|print cap_pre_88ps
|print cap_pre_73ps
|print cap_pre_60ps
|print cap_pre_45ps
|.endc
|.end
|

----- stdout -----

Note: No compatibility mode selected!


Circuit: * post-layout sampler_dff: the setup-time bracket -- how far ahead of the

Doing analysis at TEMP = -40.000000 and TNOM = 27.000000

Using SPARSE 1.3 as Direct Linear Solver

Initial Transient Solution
--------------------------

Node                                   Voltage
----                                   -------
vsubs                                        0
clk                                          0
rst_n                                        0
d1                                           0
d2                                           0
d3                                           0
d4                                           0
d5                                           0
d6                                           0
d7                                           0
d8                                           0
d9                                           0
d10                                          0
d11                                          0
d12                                          0
vddp                                      1.98
xp1.xinv_clk.xpex.y__t0                   1.98
xp1.xinv_clk.xpex.a__t0                      0
xp1.xinv_clk.xpex.vss__t0          1.25804e-13
xp1.xinv_clk.xpex.vss__t1          1.88264e-10
xp1.xinv_clk.xpex.y__t1                   1.98
xp1.xinv_clk.xpex.a__t1                      0
xp1.xinv_clk.xpex.vdd__t0                 1.98
xp1.xinv_clk.xpex.vdd__t1                 1.98
xp1.clkb                                  1.98
xp1.xtg_d.xpex.a__t0               1.84411e-09
xp1.xtg_d.xpex.ctrlb__t0                  1.98
xp1.xtg_d.xpex.b__t0               1.55061e-08
xp1.xtg_d.xpex.vss__t0             2.53983e-18
xp1.xtg_d.xpex.a__t1               4.11138e-10
xp1.xtg_d.xpex.ctrl__t0                      0
xp1.xtg_d.xpex.b__t1               1.73542e-08
xp1.xtg_d.xpex.vdd__t0                    1.98
xp1.m                              1.70173e-08
xp1.xnand_m.xpex.n2__t0             0.00357093
xp1.xnand_m.xpex.en__t0                      0
xp1.xnand_m.xpex.vss__t0           1.71184e-15
xp1.xnand_m.xpex.vss__t1           1.84851e-13
xp1.xnand_m.xpex.y__t0                    1.98
xp1.xnand_m.xpex.a__t0             1.70173e-08
xp1.xnand_m.xpex.n2__t1             0.00357093
xp1.xnand_m.xpex.vss__t2           2.05361e-10
xp1.xnand_m.xpex.y__t1                    1.98
xp1.xnand_m.xpex.en__t1                      0
xp1.xnand_m.xpex.vdd__t2                  1.98
xp1.xnand_m.xpex.vdd__t0                  1.98
xp1.xnand_m.xpex.vdd__t3                  1.98
xp1.xnand_m.xpex.a__t1             1.70173e-08
xp1.xnand_m.xpex.y__t2                    1.98
xp1.xnand_m.xpex.vdd__t1                  1.98
xp1.xnand_m.xpex.n2                 0.00357093
xp1.mb                                    1.98
xp1.xinv_mc.xpex.y__t0             8.79109e-08
xp1.xinv_mc.xpex.a__t0                    1.98
xp1.xinv_mc.xpex.vss__t0           5.11738e-09
xp1.xinv_mc.xpex.vss__t1           8.84542e-18
xp1.xinv_mc.xpex.y__t1             1.08829e-07
xp1.xinv_mc.xpex.a__t1                    1.98
xp1.xinv_mc.xpex.vdd__t0                  1.98
xp1.xinv_mc.xpex.vdd__t1                  1.98
xp1.mc                             9.90864e-08
xp1.xtg_fbm.xpex.a__t0             9.90864e-08
xp1.xtg_fbm.xpex.ctrlb__t0                   0
xp1.xtg_fbm.xpex.b__t0             1.70173e-08
xp1.xtg_fbm.xpex.vss__t0           1.69959e-17
xp1.xtg_fbm.xpex.a__t1             1.00519e-07
xp1.xtg_fbm.xpex.ctrl__t0                 1.98
xp1.xtg_fbm.xpex.b__t1             1.81915e-08
xp1.xtg_fbm.xpex.vdd__t0                  1.98
xp1.xtg_s.xpex.a__t0                      1.98
xp1.xtg_s.xpex.ctrlb__t0                     0
xp1.xtg_s.xpex.b__t0                      1.98
xp1.xtg_s.xpex.vss__t0             5.79687e-10
xp1.xtg_s.xpex.a__t1                      1.98
xp1.xtg_s.xpex.ctrl__t0                   1.98
xp1.xtg_s.xpex.b__t1                      1.98
xp1.xtg_s.xpex.vdd__t0                    1.98
xp1.s                                     1.98
xp1.xinv_q.xpex.y__t0              7.66386e-08
xp1.xinv_q.xpex.a__t0                     1.98
xp1.xinv_q.xpex.vss__t0            4.46121e-09
xp1.xinv_q.xpex.vss__t1            7.71123e-18
xp1.xinv_q.xpex.y__t1              9.61237e-08
xp1.xinv_q.xpex.a__t1                     1.98
xp1.xinv_q.xpex.vdd__t0                   1.98
xp1.xinv_q.xpex.vdd__t1                   1.98
qp1                                8.63812e-08
xp1.xnand_s2.xpex.n2__t0            0.00357094
xp1.xnand_s2.xpex.en__t0                     0
xp1.xnand_s2.xpex.vss__t0          1.71184e-15
xp1.xnand_s2.xpex.vss__t1          1.84851e-13
xp1.xnand_s2.xpex.y__t0                   1.98
xp1.xnand_s2.xpex.a__t0            8.63812e-08
xp1.xnand_s2.xpex.n2__t1            0.00357094
xp1.xnand_s2.xpex.vss__t2          2.05361e-10
xp1.xnand_s2.xpex.y__t1                   1.98
xp1.xnand_s2.xpex.en__t1                     0
xp1.xnand_s2.xpex.vdd__t2                 1.98
xp1.xnand_s2.xpex.vdd__t0                 1.98
xp1.xnand_s2.xpex.vdd__t3                 1.98
xp1.xnand_s2.xpex.a__t1            8.63812e-08
xp1.xnand_s2.xpex.y__t2                   1.98
xp1.xnand_s2.xpex.vdd__t1                 1.98
xp1.xnand_s2.xpex.n2                0.00357094
xp1.qb                                    1.98
xp1.xtg_fbs.xpex.a__t0                    1.98
xp1.xtg_fbs.xpex.ctrlb__t0                1.98
xp1.xtg_fbs.xpex.b__t0                    1.98
xp1.xtg_fbs.xpex.vss__t0           5.79687e-10
xp1.xtg_fbs.xpex.a__t1                    1.98
xp1.xtg_fbs.xpex.ctrl__t0                    0
xp1.xtg_fbs.xpex.b__t1                    1.98
xp1.xtg_fbs.xpex.vdd__t0                  1.98
xp2.xinv_clk.xpex.y__t0                   1.98
xp2.xinv_clk.xpex.a__t0                      0
xp2.xinv_clk.xpex.vss__t0          1.25804e-13
xp2.xinv_clk.xpex.vss__t1          1.88264e-10
xp2.xinv_clk.xpex.y__t1                   1.98
xp2.xinv_clk.xpex.a__t1                      0
xp2.xinv_clk.xpex.vdd__t0                 1.98
xp2.xinv_clk.xpex.vdd__t1                 1.98
xp2.clkb                                  1.98
xp2.xtg_d.xpex.a__t0               1.84411e-09
xp2.xtg_d.xpex.ctrlb__t0                  1.98
xp2.xtg_d.xpex.b__t0               1.55061e-08
xp2.xtg_d.xpex.vss__t0             2.53983e-18
xp2.xtg_d.xpex.a__t1               4.11138e-10
xp2.xtg_d.xpex.ctrl__t0                      0
xp2.xtg_d.xpex.b__t1               1.73542e-08
xp2.xtg_d.xpex.vdd__t0                    1.98
xp2.m                              1.70173e-08
xp2.xnand_m.xpex.n2__t0             0.00357094
xp2.xnand_m.xpex.en__t0                      0
xp2.xnand_m.xpex.vss__t0           1.71184e-15
xp2.xnand_m.xpex.vss__t1           1.84851e-13
xp2.xnand_m.xpex.y__t0                    1.98
xp2.xnand_m.xpex.a__t0             1.70173e-08
xp2.xnand_m.xpex.n2__t1             0.00357094
xp2.xnand_m.xpex.vss__t2           2.05361e-10
xp2.xnand_m.xpex.y__t1                    1.98
xp2.xnand_m.xpex.en__t1                      0
xp2.xnand_m.xpex.vdd__t2                  1.98
xp2.xnand_m.xpex.vdd__t0                  1.98
xp2.xnand_m.xpex.vdd__t3                  1.98
xp2.xnand_m.xpex.a__t1             1.70173e-08
xp2.xnand_m.xpex.y__t2                    1.98
xp2.xnand_m.xpex.vdd__t1                  1.98
xp2.xnand_m.xpex.n2                 0.00357094
xp2.mb                                    1.98
xp2.xinv_mc.xpex.y__t0             8.79109e-08
xp2.xinv_mc.xpex.a__t0                    1.98
xp2.xinv_mc.xpex.vss__t0           5.11738e-09
xp2.xinv_mc.xpex.vss__t1           8.84542e-18
xp2.xinv_mc.xpex.y__t1             1.08829e-07
xp2.xinv_mc.xpex.a__t1                    1.98
xp2.xinv_mc.xpex.vdd__t0                  1.98
xp2.xinv_mc.xpex.vdd__t1                  1.98
xp2.mc                             9.90864e-08
xp2.xtg_fbm.xpex.a__t0             9.90864e-08
xp2.xtg_fbm.xpex.ctrlb__t0                   0
xp2.xtg_fbm.xpex.b__t0             1.70173e-08
xp2.xtg_fbm.xpex.vss__t0           1.69959e-17
xp2.xtg_fbm.xpex.a__t1             1.00519e-07
xp2.xtg_fbm.xpex.ctrl__t0                 1.98
xp2.xtg_fbm.xpex.b__t1             1.81915e-08
xp2.xtg_fbm.xpex.vdd__t0                  1.98
xp2.xtg_s.xpex.a__t0                      1.98
xp2.xtg_s.xpex.ctrlb__t0                     0
xp2.xtg_s.xpex.b__t0                      1.98
xp2.xtg_s.xpex.vss__t0             5.79687e-10
xp2.xtg_s.xpex.a__t1                      1.98
xp2.xtg_s.xpex.ctrl__t0                   1.98
xp2.xtg_s.xpex.b__t1                      1.98
xp2.xtg_s.xpex.vdd__t0                    1.98
xp2.s                                     1.98
xp2.xinv_q.xpex.y__t0              7.66386e-08
xp2.xinv_q.xpex.a__t0                     1.98
xp2.xinv_q.xpex.vss__t0            4.46121e-09
xp2.xinv_q.xpex.vss__t1            7.71123e-18
xp2.xinv_q.xpex.y__t1              9.61237e-08
xp2.xinv_q.xpex.a__t1                     1.98
xp2.xinv_q.xpex.vdd__t0                   1.98
xp2.xinv_q.xpex.vdd__t1                   1.98
qp2                                8.63812e-08
xp2.xnand_s2.xpex.n2__t0            0.00357094
xp2.xnand_s2.xpex.en__t0                     0
xp2.xnand_s2.xpex.vss__t0          1.71184e-15
xp2.xnand_s2.xpex.vss__t1          1.84851e-13
xp2.xnand_s2.xpex.y__t0                   1.98
xp2.xnand_s2.xpex.a__t0            8.63812e-08
xp2.xnand_s2.xpex.n2__t1            0.00357094
xp2.xnand_s2.xpex.vss__t2          2.05361e-10
xp2.xnand_s2.xpex.y__t1                   1.98
xp2.xnand_s2.xpex.en__t1                     0
xp2.xnand_s2.xpex.vdd__t2                 1.98
xp2.xnand_s2.xpex.vdd__t0                 1.98
xp2.xnand_s2.xpex.vdd__t3                 1.98
xp2.xnand_s2.xpex.a__t1            8.63812e-08
xp2.xnand_s2.xpex.y__t2                   1.98
xp2.xnand_s2.xpex.vdd__t1                 1.98
xp2.xnand_s2.xpex.n2                0.00357094
xp2.qb                                    1.98
xp2.xtg_fbs.xpex.a__t0                    1.98
xp2.xtg_fbs.xpex.ctrlb__t0                1.98
xp2.xtg_fbs.xpex.b__t0                    1.98
xp2.xtg_fbs.xpex.vss__t0           5.79687e-10
xp2.xtg_fbs.xpex.a__t1                    1.98
xp2.xtg_fbs.xpex.ctrl__t0                    0
xp2.xtg_fbs.xpex.b__t1                    1.98
xp2.xtg_fbs.xpex.vdd__t0                  1.98
xp3.xinv_clk.xpex.y__t0                   1.98
xp3.xinv_clk.xpex.a__t0                      0
xp3.xinv_clk.xpex.vss__t0          1.25804e-13
xp3.xinv_clk.xpex.vss__t1          1.88264e-10
xp3.xinv_clk.xpex.y__t1                   1.98
xp3.xinv_clk.xpex.a__t1                      0
xp3.xinv_clk.xpex.vdd__t0                 1.98
xp3.xinv_clk.xpex.vdd__t1                 1.98
xp3.clkb                                  1.98
xp3.xtg_d.xpex.a__t0               1.84411e-09
xp3.xtg_d.xpex.ctrlb__t0                  1.98
xp3.xtg_d.xpex.b__t0               1.55061e-08
xp3.xtg_d.xpex.vss__t0             2.53983e-18
xp3.xtg_d.xpex.a__t1               4.11138e-10
xp3.xtg_d.xpex.ctrl__t0                      0
xp3.xtg_d.xpex.b__t1               1.73542e-08
xp3.xtg_d.xpex.vdd__t0                    1.98
xp3.m                              1.70173e-08
xp3.xnand_m.xpex.n2__t0             0.00357093
xp3.xnand_m.xpex.en__t0                      0
xp3.xnand_m.xpex.vss__t0           1.71184e-15
xp3.xnand_m.xpex.vss__t1           1.84851e-13
xp3.xnand_m.xpex.y__t0                    1.98
xp3.xnand_m.xpex.a__t0             1.70173e-08
xp3.xnand_m.xpex.n2__t1             0.00357093
xp3.xnand_m.xpex.vss__t2           2.05361e-10
xp3.xnand_m.xpex.y__t1                    1.98
xp3.xnand_m.xpex.en__t1                      0
xp3.xnand_m.xpex.vdd__t2                  1.98
xp3.xnand_m.xpex.vdd__t0                  1.98
xp3.xnand_m.xpex.vdd__t3                  1.98
xp3.xnand_m.xpex.a__t1             1.70173e-08
xp3.xnand_m.xpex.y__t2                    1.98
xp3.xnand_m.xpex.vdd__t1                  1.98
xp3.xnand_m.xpex.n2                 0.00357093
xp3.mb                                    1.98
xp3.xinv_mc.xpex.y__t0             8.79109e-08
xp3.xinv_mc.xpex.a__t0                    1.98
xp3.xinv_mc.xpex.vss__t0           5.11738e-09
xp3.xinv_mc.xpex.vss__t1           8.84542e-18
xp3.xinv_mc.xpex.y__t1             1.08829e-07
xp3.xinv_mc.xpex.a__t1                    1.98
xp3.xinv_mc.xpex.vdd__t0                  1.98
xp3.xinv_mc.xpex.vdd__t1                  1.98
xp3.mc                             9.90864e-08
xp3.xtg_fbm.xpex.a__t0             9.90864e-08
xp3.xtg_fbm.xpex.ctrlb__t0                   0
xp3.xtg_fbm.xpex.b__t0             1.70173e-08
xp3.xtg_fbm.xpex.vss__t0           1.69959e-17
xp3.xtg_fbm.xpex.a__t1             1.00519e-07
xp3.xtg_fbm.xpex.ctrl__t0                 1.98
xp3.xtg_fbm.xpex.b__t1             1.81915e-08
xp3.xtg_fbm.xpex.vdd__t0                  1.98
xp3.xtg_s.xpex.a__t0                      1.98
xp3.xtg_s.xpex.ctrlb__t0                     0
xp3.xtg_s.xpex.b__t0                      1.98
xp3.xtg_s.xpex.vss__t0             5.79687e-10
xp3.xtg_s.xpex.a__t1                      1.98
xp3.xtg_s.xpex.ctrl__t0                   1.98
xp3.xtg_s.xpex.b__t1                      1.98
xp3.xtg_s.xpex.vdd__t0                    1.98
xp3.s                                     1.98
xp3.xinv_q.xpex.y__t0              7.66386e-08
xp3.xinv_q.xpex.a__t0                     1.98
xp3.xinv_q.xpex.vss__t0            4.46121e-09
xp3.xinv_q.xpex.vss__t1            7.71123e-18
xp3.xinv_q.xpex.y__t1              9.61237e-08
xp3.xinv_q.xpex.a__t1                     1.98
xp3.xinv_q.xpex.vdd__t0                   1.98
xp3.xinv_q.xpex.vdd__t1                   1.98
qp3                                8.63812e-08
xp3.xnand_s2.xpex.n2__t0            0.00357094
xp3.xnand_s2.xpex.en__t0                     0
xp3.xnand_s2.xpex.vss__t0          1.71184e-15
xp3.xnand_s2.xpex.vss__t1          1.84851e-13
xp3.xnand_s2.xpex.y__t0                   1.98
xp3.xnand_s2.xpex.a__t0            8.63812e-08
xp3.xnand_s2.xpex.n2__t1            0.00357094
xp3.xnand_s2.xpex.vss__t2          2.05361e-10
xp3.xnand_s2.xpex.y__t1                   1.98
xp3.xnand_s2.xpex.en__t1                     0
xp3.xnand_s2.xpex.vdd__t2                 1.98
xp3.xnand_s2.xpex.vdd__t0                 1.98
xp3.xnand_s2.xpex.vdd__t3                 1.98
xp3.xnand_s2.xpex.a__t1            8.63812e-08
xp3.xnand_s2.xpex.y__t2                   1.98
xp3.xnand_s2.xpex.vdd__t1                 1.98
xp3.xnand_s2.xpex.n2                0.00357094
xp3.qb                                    1.98
xp3.xtg_fbs.xpex.a__t0                    1.98
xp3.xtg_fbs.xpex.ctrlb__t0                1.98
xp3.xtg_fbs.xpex.b__t0                    1.98
xp3.xtg_fbs.xpex.vss__t0           5.79687e-10
xp3.xtg_fbs.xpex.a__t1                    1.98
xp3.xtg_fbs.xpex.ctrl__t0                    0
xp3.xtg_fbs.xpex.b__t1                    1.98
xp3.xtg_fbs.xpex.vdd__t0                  1.98
xp4.xinv_clk.xpex.y__t0                   1.98
xp4.xinv_clk.xpex.a__t0                      0
xp4.xinv_clk.xpex.vss__t0          1.25804e-13
xp4.xinv_clk.xpex.vss__t1          1.88264e-10
xp4.xinv_clk.xpex.y__t1                   1.98
xp4.xinv_clk.xpex.a__t1                      0
xp4.xinv_clk.xpex.vdd__t0                 1.98
xp4.xinv_clk.xpex.vdd__t1                 1.98
xp4.clkb                                  1.98
xp4.xtg_d.xpex.a__t0               1.84411e-09
xp4.xtg_d.xpex.ctrlb__t0                  1.98
xp4.xtg_d.xpex.b__t0               1.55061e-08
xp4.xtg_d.xpex.vss__t0             2.53983e-18
xp4.xtg_d.xpex.a__t1               4.11138e-10
xp4.xtg_d.xpex.ctrl__t0                      0
xp4.xtg_d.xpex.b__t1               1.73542e-08
xp4.xtg_d.xpex.vdd__t0                    1.98
xp4.m                              1.70173e-08
xp4.xnand_m.xpex.n2__t0             0.00357093
xp4.xnand_m.xpex.en__t0                      0
xp4.xnand_m.xpex.vss__t0           1.71184e-15
xp4.xnand_m.xpex.vss__t1           1.84851e-13
xp4.xnand_m.xpex.y__t0                    1.98
xp4.xnand_m.xpex.a__t0             1.70173e-08
xp4.xnand_m.xpex.n2__t1             0.00357093
xp4.xnand_m.xpex.vss__t2           2.05361e-10
xp4.xnand_m.xpex.y__t1                    1.98
xp4.xnand_m.xpex.en__t1                      0
xp4.xnand_m.xpex.vdd__t2                  1.98
xp4.xnand_m.xpex.vdd__t0                  1.98
xp4.xnand_m.xpex.vdd__t3                  1.98
xp4.xnand_m.xpex.a__t1             1.70173e-08
xp4.xnand_m.xpex.y__t2                    1.98
xp4.xnand_m.xpex.vdd__t1                  1.98
xp4.xnand_m.xpex.n2                 0.00357093
xp4.mb                                    1.98
xp4.xinv_mc.xpex.y__t0             8.79109e-08
xp4.xinv_mc.xpex.a__t0                    1.98
xp4.xinv_mc.xpex.vss__t0           5.11738e-09
xp4.xinv_mc.xpex.vss__t1           8.84542e-18
xp4.xinv_mc.xpex.y__t1             1.08829e-07
xp4.xinv_mc.xpex.a__t1                    1.98
xp4.xinv_mc.xpex.vdd__t0                  1.98
xp4.xinv_mc.xpex.vdd__t1                  1.98
xp4.mc                             9.90864e-08
xp4.xtg_fbm.xpex.a__t0             9.90864e-08
xp4.xtg_fbm.xpex.ctrlb__t0                   0
xp4.xtg_fbm.xpex.b__t0             1.70173e-08
xp4.xtg_fbm.xpex.vss__t0           1.69959e-17
xp4.xtg_fbm.xpex.a__t1             1.00519e-07
xp4.xtg_fbm.xpex.ctrl__t0                 1.98
xp4.xtg_fbm.xpex.b__t1             1.81915e-08
xp4.xtg_fbm.xpex.vdd__t0                  1.98
xp4.xtg_s.xpex.a__t0                      1.98
xp4.xtg_s.xpex.ctrlb__t0                     0
xp4.xtg_s.xpex.b__t0                      1.98
xp4.xtg_s.xpex.vss__t0             5.79687e-10
xp4.xtg_s.xpex.a__t1                      1.98
xp4.xtg_s.xpex.ctrl__t0                   1.98
xp4.xtg_s.xpex.b__t1                      1.98
xp4.xtg_s.xpex.vdd__t0                    1.98
xp4.s                                     1.98
xp4.xinv_q.xpex.y__t0              7.66386e-08
xp4.xinv_q.xpex.a__t0                     1.98
xp4.xinv_q.xpex.vss__t0            4.46121e-09
xp4.xinv_q.xpex.vss__t1            7.71123e-18
xp4.xinv_q.xpex.y__t1              9.61237e-08
xp4.xinv_q.xpex.a__t1                     1.98
xp4.xinv_q.xpex.vdd__t0                   1.98
xp4.xinv_q.xpex.vdd__t1                   1.98
qp4                                8.63812e-08
xp4.xnand_s2.xpex.n2__t0            0.00357094
xp4.xnand_s2.xpex.en__t0                     0
xp4.xnand_s2.xpex.vss__t0          1.71184e-15
xp4.xnand_s2.xpex.vss__t1          1.84851e-13
xp4.xnand_s2.xpex.y__t0                   1.98
xp4.xnand_s2.xpex.a__t0            8.63812e-08
xp4.xnand_s2.xpex.n2__t1            0.00357094
xp4.xnand_s2.xpex.vss__t2          2.05361e-10
xp4.xnand_s2.xpex.y__t1                   1.98
xp4.xnand_s2.xpex.en__t1                     0
xp4.xnand_s2.xpex.vdd__t2                 1.98
xp4.xnand_s2.xpex.vdd__t0                 1.98
xp4.xnand_s2.xpex.vdd__t3                 1.98
xp4.xnand_s2.xpex.a__t1            8.63812e-08
xp4.xnand_s2.xpex.y__t2                   1.98
xp4.xnand_s2.xpex.vdd__t1                 1.98
xp4.xnand_s2.xpex.n2                0.00357094
xp4.qb                                    1.98
xp4.xtg_fbs.xpex.a__t0                    1.98
xp4.xtg_fbs.xpex.ctrlb__t0                1.98
xp4.xtg_fbs.xpex.b__t0                    1.98
xp4.xtg_fbs.xpex.vss__t0           5.79687e-10
xp4.xtg_fbs.xpex.a__t1                    1.98
xp4.xtg_fbs.xpex.ctrl__t0                    0
xp4.xtg_fbs.xpex.b__t1                    1.98
xp4.xtg_fbs.xpex.vdd__t0                  1.98
xp5.xinv_clk.xpex.y__t0                   1.98
xp5.xinv_clk.xpex.a__t0                      0
xp5.xinv_clk.xpex.vss__t0          1.25804e-13
xp5.xinv_clk.xpex.vss__t1          1.88264e-10
xp5.xinv_clk.xpex.y__t1                   1.98
xp5.xinv_clk.xpex.a__t1                      0
xp5.xinv_clk.xpex.vdd__t0                 1.98
xp5.xinv_clk.xpex.vdd__t1                 1.98
xp5.clkb                                  1.98
xp5.xtg_d.xpex.a__t0               1.84411e-09
xp5.xtg_d.xpex.ctrlb__t0                  1.98
xp5.xtg_d.xpex.b__t0               1.55061e-08
xp5.xtg_d.xpex.vss__t0             2.53983e-18
xp5.xtg_d.xpex.a__t1               4.11138e-10
xp5.xtg_d.xpex.ctrl__t0                      0
xp5.xtg_d.xpex.b__t1               1.73542e-08
xp5.xtg_d.xpex.vdd__t0                    1.98
xp5.m                              1.70173e-08
xp5.xnand_m.xpex.n2__t0             0.00357094
xp5.xnand_m.xpex.en__t0                      0
xp5.xnand_m.xpex.vss__t0           1.71184e-15
xp5.xnand_m.xpex.vss__t1           1.84851e-13
xp5.xnand_m.xpex.y__t0                    1.98
xp5.xnand_m.xpex.a__t0             1.70173e-08
xp5.xnand_m.xpex.n2__t1             0.00357094
xp5.xnand_m.xpex.vss__t2           2.05361e-10
xp5.xnand_m.xpex.y__t1                    1.98
xp5.xnand_m.xpex.en__t1                      0
xp5.xnand_m.xpex.vdd__t2                  1.98
xp5.xnand_m.xpex.vdd__t0                  1.98
xp5.xnand_m.xpex.vdd__t3                  1.98
xp5.xnand_m.xpex.a__t1             1.70173e-08
xp5.xnand_m.xpex.y__t2                    1.98
xp5.xnand_m.xpex.vdd__t1                  1.98
xp5.xnand_m.xpex.n2                 0.00357094
xp5.mb                                    1.98
xp5.xinv_mc.xpex.y__t0             8.79109e-08
xp5.xinv_mc.xpex.a__t0                    1.98
xp5.xinv_mc.xpex.vss__t0           5.11738e-09
xp5.xinv_mc.xpex.vss__t1           8.84542e-18
xp5.xinv_mc.xpex.y__t1             1.08829e-07
xp5.xinv_mc.xpex.a__t1                    1.98
xp5.xinv_mc.xpex.vdd__t0                  1.98
xp5.xinv_mc.xpex.vdd__t1                  1.98
xp5.mc                             9.90864e-08
xp5.xtg_fbm.xpex.a__t0             9.90864e-08
xp5.xtg_fbm.xpex.ctrlb__t0                   0
xp5.xtg_fbm.xpex.b__t0             1.70173e-08
xp5.xtg_fbm.xpex.vss__t0           1.69959e-17
xp5.xtg_fbm.xpex.a__t1             1.00519e-07
xp5.xtg_fbm.xpex.ctrl__t0                 1.98
xp5.xtg_fbm.xpex.b__t1             1.81915e-08
xp5.xtg_fbm.xpex.vdd__t0                  1.98
xp5.xtg_s.xpex.a__t0                      1.98
xp5.xtg_s.xpex.ctrlb__t0                     0
xp5.xtg_s.xpex.b__t0                      1.98
xp5.xtg_s.xpex.vss__t0             5.79687e-10
xp5.xtg_s.xpex.a__t1                      1.98
xp5.xtg_s.xpex.ctrl__t0                   1.98
xp5.xtg_s.xpex.b__t1                      1.98
xp5.xtg_s.xpex.vdd__t0                    1.98
xp5.s                                     1.98
xp5.xinv_q.xpex.y__t0              7.66386e-08
xp5.xinv_q.xpex.a__t0                     1.98
xp5.xinv_q.xpex.vss__t0            4.46121e-09
xp5.xinv_q.xpex.vss__t1            7.71123e-18
xp5.xinv_q.xpex.y__t1              9.61237e-08
xp5.xinv_q.xpex.a__t1                     1.98
xp5.xinv_q.xpex.vdd__t0                   1.98
xp5.xinv_q.xpex.vdd__t1                   1.98
qp5                                8.63812e-08
xp5.xnand_s2.xpex.n2__t0            0.00357094
xp5.xnand_s2.xpex.en__t0                     0
xp5.xnand_s2.xpex.vss__t0          1.71184e-15
xp5.xnand_s2.xpex.vss__t1          1.84851e-13
xp5.xnand_s2.xpex.y__t0                   1.98
xp5.xnand_s2.xpex.a__t0            8.63812e-08
xp5.xnand_s2.xpex.n2__t1            0.00357094
xp5.xnand_s2.xpex.vss__t2          2.05361e-10
xp5.xnand_s2.xpex.y__t1                   1.98
xp5.xnand_s2.xpex.en__t1                     0
xp5.xnand_s2.xpex.vdd__t2                 1.98
xp5.xnand_s2.xpex.vdd__t0                 1.98
xp5.xnand_s2.xpex.vdd__t3                 1.98
xp5.xnand_s2.xpex.a__t1            8.63812e-08
xp5.xnand_s2.xpex.y__t2                   1.98
xp5.xnand_s2.xpex.vdd__t1                 1.98
xp5.xnand_s2.xpex.n2                0.00357094
xp5.qb                                    1.98
xp5.xtg_fbs.xpex.a__t0                    1.98
xp5.xtg_fbs.xpex.ctrlb__t0                1.98
xp5.xtg_fbs.xpex.b__t0                    1.98
xp5.xtg_fbs.xpex.vss__t0           5.79687e-10
xp5.xtg_fbs.xpex.a__t1                    1.98
xp5.xtg_fbs.xpex.ctrl__t0                    0
xp5.xtg_fbs.xpex.b__t1                    1.98
xp5.xtg_fbs.xpex.vdd__t0                  1.98
xp6.xinv_clk.xpex.y__t0                   1.98
xp6.xinv_clk.xpex.a__t0                      0
xp6.xinv_clk.xpex.vss__t0          1.25804e-13
xp6.xinv_clk.xpex.vss__t1          1.88264e-10
xp6.xinv_clk.xpex.y__t1                   1.98
xp6.xinv_clk.xpex.a__t1                      0
xp6.xinv_clk.xpex.vdd__t0                 1.98
xp6.xinv_clk.xpex.vdd__t1                 1.98
xp6.clkb                                  1.98
xp6.xtg_d.xpex.a__t0               1.84411e-09
xp6.xtg_d.xpex.ctrlb__t0                  1.98
xp6.xtg_d.xpex.b__t0               1.55061e-08
xp6.xtg_d.xpex.vss__t0             2.53983e-18
xp6.xtg_d.xpex.a__t1               4.11138e-10
xp6.xtg_d.xpex.ctrl__t0                      0
xp6.xtg_d.xpex.b__t1               1.73542e-08
xp6.xtg_d.xpex.vdd__t0                    1.98
xp6.m                              1.70173e-08
xp6.xnand_m.xpex.n2__t0             0.00357093
xp6.xnand_m.xpex.en__t0                      0
xp6.xnand_m.xpex.vss__t0           1.71184e-15
xp6.xnand_m.xpex.vss__t1           1.84851e-13
xp6.xnand_m.xpex.y__t0                    1.98
xp6.xnand_m.xpex.a__t0             1.70173e-08
xp6.xnand_m.xpex.n2__t1             0.00357093
xp6.xnand_m.xpex.vss__t2           2.05361e-10
xp6.xnand_m.xpex.y__t1                    1.98
xp6.xnand_m.xpex.en__t1                      0
xp6.xnand_m.xpex.vdd__t2                  1.98
xp6.xnand_m.xpex.vdd__t0                  1.98
xp6.xnand_m.xpex.vdd__t3                  1.98
xp6.xnand_m.xpex.a__t1             1.70173e-08
xp6.xnand_m.xpex.y__t2                    1.98
xp6.xnand_m.xpex.vdd__t1                  1.98
xp6.xnand_m.xpex.n2                 0.00357093
xp6.mb                                    1.98
xp6.xinv_mc.xpex.y__t0             8.79109e-08
xp6.xinv_mc.xpex.a__t0                    1.98
xp6.xinv_mc.xpex.vss__t0           5.11738e-09
xp6.xinv_mc.xpex.vss__t1           8.84542e-18
xp6.xinv_mc.xpex.y__t1             1.08829e-07
xp6.xinv_mc.xpex.a__t1                    1.98
xp6.xinv_mc.xpex.vdd__t0                  1.98
xp6.xinv_mc.xpex.vdd__t1                  1.98
xp6.mc                             9.90864e-08
xp6.xtg_fbm.xpex.a__t0             9.90864e-08
xp6.xtg_fbm.xpex.ctrlb__t0                   0
xp6.xtg_fbm.xpex.b__t0             1.70173e-08
xp6.xtg_fbm.xpex.vss__t0           1.69959e-17
xp6.xtg_fbm.xpex.a__t1             1.00519e-07
xp6.xtg_fbm.xpex.ctrl__t0                 1.98
xp6.xtg_fbm.xpex.b__t1             1.81915e-08
xp6.xtg_fbm.xpex.vdd__t0                  1.98
xp6.xtg_s.xpex.a__t0                      1.98
xp6.xtg_s.xpex.ctrlb__t0                     0
xp6.xtg_s.xpex.b__t0                      1.98
xp6.xtg_s.xpex.vss__t0             5.79687e-10
xp6.xtg_s.xpex.a__t1                      1.98
xp6.xtg_s.xpex.ctrl__t0                   1.98
xp6.xtg_s.xpex.b__t1                      1.98
xp6.xtg_s.xpex.vdd__t0                    1.98
xp6.s                                     1.98
xp6.xinv_q.xpex.y__t0              7.66386e-08
xp6.xinv_q.xpex.a__t0                     1.98
xp6.xinv_q.xpex.vss__t0            4.46121e-09
xp6.xinv_q.xpex.vss__t1            7.71123e-18
xp6.xinv_q.xpex.y__t1              9.61237e-08
xp6.xinv_q.xpex.a__t1                     1.98
xp6.xinv_q.xpex.vdd__t0                   1.98
xp6.xinv_q.xpex.vdd__t1                   1.98
qp6                                8.63812e-08
xp6.xnand_s2.xpex.n2__t0            0.00357094
xp6.xnand_s2.xpex.en__t0                     0
xp6.xnand_s2.xpex.vss__t0          1.71184e-15
xp6.xnand_s2.xpex.vss__t1          1.84851e-13
xp6.xnand_s2.xpex.y__t0                   1.98
xp6.xnand_s2.xpex.a__t0            8.63812e-08
xp6.xnand_s2.xpex.n2__t1            0.00357094
xp6.xnand_s2.xpex.vss__t2          2.05361e-10
xp6.xnand_s2.xpex.y__t1                   1.98
xp6.xnand_s2.xpex.en__t1                     0
xp6.xnand_s2.xpex.vdd__t2                 1.98
xp6.xnand_s2.xpex.vdd__t0                 1.98
xp6.xnand_s2.xpex.vdd__t3                 1.98
xp6.xnand_s2.xpex.a__t1            8.63812e-08
xp6.xnand_s2.xpex.y__t2                   1.98
xp6.xnand_s2.xpex.vdd__t1                 1.98
xp6.xnand_s2.xpex.n2                0.00357094
xp6.qb                                    1.98
xp6.xtg_fbs.xpex.a__t0                    1.98
xp6.xtg_fbs.xpex.ctrlb__t0                1.98
xp6.xtg_fbs.xpex.b__t0                    1.98
xp6.xtg_fbs.xpex.vss__t0           5.79687e-10
xp6.xtg_fbs.xpex.a__t1                    1.98
xp6.xtg_fbs.xpex.ctrl__t0                    0
xp6.xtg_fbs.xpex.b__t1                    1.98
xp6.xtg_fbs.xpex.vdd__t0                  1.98
xp7.xinv_clk.xpex.y__t0                   1.98
xp7.xinv_clk.xpex.a__t0                      0
xp7.xinv_clk.xpex.vss__t0          1.25804e-13
xp7.xinv_clk.xpex.vss__t1          1.88264e-10
xp7.xinv_clk.xpex.y__t1                   1.98
xp7.xinv_clk.xpex.a__t1                      0
xp7.xinv_clk.xpex.vdd__t0                 1.98
xp7.xinv_clk.xpex.vdd__t1                 1.98
xp7.clkb                                  1.98
xp7.xtg_d.xpex.a__t0               1.84411e-09
xp7.xtg_d.xpex.ctrlb__t0                  1.98
xp7.xtg_d.xpex.b__t0               1.55061e-08
xp7.xtg_d.xpex.vss__t0             2.53983e-18
xp7.xtg_d.xpex.a__t1               4.11138e-10
xp7.xtg_d.xpex.ctrl__t0                      0
xp7.xtg_d.xpex.b__t1               1.73542e-08
xp7.xtg_d.xpex.vdd__t0                    1.98
xp7.m                              1.70173e-08
xp7.xnand_m.xpex.n2__t0             0.00357093
xp7.xnand_m.xpex.en__t0                      0
xp7.xnand_m.xpex.vss__t0           1.71184e-15
xp7.xnand_m.xpex.vss__t1           1.84851e-13
xp7.xnand_m.xpex.y__t0                    1.98
xp7.xnand_m.xpex.a__t0             1.70173e-08
xp7.xnand_m.xpex.n2__t1             0.00357093
xp7.xnand_m.xpex.vss__t2           2.05361e-10
xp7.xnand_m.xpex.y__t1                    1.98
xp7.xnand_m.xpex.en__t1                      0
xp7.xnand_m.xpex.vdd__t2                  1.98
xp7.xnand_m.xpex.vdd__t0                  1.98
xp7.xnand_m.xpex.vdd__t3                  1.98
xp7.xnand_m.xpex.a__t1             1.70173e-08
xp7.xnand_m.xpex.y__t2                    1.98
xp7.xnand_m.xpex.vdd__t1                  1.98
xp7.xnand_m.xpex.n2                 0.00357093
xp7.mb                                    1.98
xp7.xinv_mc.xpex.y__t0             8.79109e-08
xp7.xinv_mc.xpex.a__t0                    1.98
xp7.xinv_mc.xpex.vss__t0           5.11738e-09
xp7.xinv_mc.xpex.vss__t1           8.84542e-18
xp7.xinv_mc.xpex.y__t1             1.08829e-07
xp7.xinv_mc.xpex.a__t1                    1.98
xp7.xinv_mc.xpex.vdd__t0                  1.98
xp7.xinv_mc.xpex.vdd__t1                  1.98
xp7.mc                             9.90864e-08
xp7.xtg_fbm.xpex.a__t0             9.90864e-08
xp7.xtg_fbm.xpex.ctrlb__t0                   0
xp7.xtg_fbm.xpex.b__t0             1.70173e-08
xp7.xtg_fbm.xpex.vss__t0           1.69959e-17
xp7.xtg_fbm.xpex.a__t1             1.00519e-07
xp7.xtg_fbm.xpex.ctrl__t0                 1.98
xp7.xtg_fbm.xpex.b__t1             1.81915e-08
xp7.xtg_fbm.xpex.vdd__t0                  1.98
xp7.xtg_s.xpex.a__t0                      1.98
xp7.xtg_s.xpex.ctrlb__t0                     0
xp7.xtg_s.xpex.b__t0                      1.98
xp7.xtg_s.xpex.vss__t0             5.79687e-10
xp7.xtg_s.xpex.a__t1                      1.98
xp7.xtg_s.xpex.ctrl__t0                   1.98
xp7.xtg_s.xpex.b__t1                      1.98
xp7.xtg_s.xpex.vdd__t0                    1.98
xp7.s                                     1.98
xp7.xinv_q.xpex.y__t0              7.66386e-08
xp7.xinv_q.xpex.a__t0                     1.98
xp7.xinv_q.xpex.vss__t0            4.46121e-09
xp7.xinv_q.xpex.vss__t1            7.71123e-18
xp7.xinv_q.xpex.y__t1              9.61237e-08
xp7.xinv_q.xpex.a__t1                     1.98
xp7.xinv_q.xpex.vdd__t0                   1.98
xp7.xinv_q.xpex.vdd__t1                   1.98
qp7                                8.63812e-08
xp7.xnand_s2.xpex.n2__t0            0.00357094
xp7.xnand_s2.xpex.en__t0                     0
xp7.xnand_s2.xpex.vss__t0          1.71184e-15
xp7.xnand_s2.xpex.vss__t1          1.84851e-13
xp7.xnand_s2.xpex.y__t0                   1.98
xp7.xnand_s2.xpex.a__t0            8.63812e-08
xp7.xnand_s2.xpex.n2__t1            0.00357094
xp7.xnand_s2.xpex.vss__t2          2.05361e-10
xp7.xnand_s2.xpex.y__t1                   1.98
xp7.xnand_s2.xpex.en__t1                     0
xp7.xnand_s2.xpex.vdd__t2                 1.98
xp7.xnand_s2.xpex.vdd__t0                 1.98
xp7.xnand_s2.xpex.vdd__t3                 1.98
xp7.xnand_s2.xpex.a__t1            8.63812e-08
xp7.xnand_s2.xpex.y__t2                   1.98
xp7.xnand_s2.xpex.vdd__t1                 1.98
xp7.xnand_s2.xpex.n2                0.00357094
xp7.qb                                    1.98
xp7.xtg_fbs.xpex.a__t0                    1.98
xp7.xtg_fbs.xpex.ctrlb__t0                1.98
xp7.xtg_fbs.xpex.b__t0                    1.98
xp7.xtg_fbs.xpex.vss__t0           5.79687e-10
xp7.xtg_fbs.xpex.a__t1                    1.98
xp7.xtg_fbs.xpex.ctrl__t0                    0
xp7.xtg_fbs.xpex.b__t1                    1.98
xp7.xtg_fbs.xpex.vdd__t0                  1.98
xp8.xinv_clk.xpex.y__t0                   1.98
xp8.xinv_clk.xpex.a__t0                      0
xp8.xinv_clk.xpex.vss__t0          1.25804e-13
xp8.xinv_clk.xpex.vss__t1          1.88264e-10
xp8.xinv_clk.xpex.y__t1                   1.98
xp8.xinv_clk.xpex.a__t1                      0
xp8.xinv_clk.xpex.vdd__t0                 1.98
xp8.xinv_clk.xpex.vdd__t1                 1.98
xp8.clkb                                  1.98
xp8.xtg_d.xpex.a__t0               1.84411e-09
xp8.xtg_d.xpex.ctrlb__t0                  1.98
xp8.xtg_d.xpex.b__t0               1.55061e-08
xp8.xtg_d.xpex.vss__t0             2.53983e-18
xp8.xtg_d.xpex.a__t1               4.11138e-10
xp8.xtg_d.xpex.ctrl__t0                      0
xp8.xtg_d.xpex.b__t1               1.73542e-08
xp8.xtg_d.xpex.vdd__t0                    1.98
xp8.m                              1.70173e-08
xp8.xnand_m.xpex.n2__t0             0.00357094
xp8.xnand_m.xpex.en__t0                      0
xp8.xnand_m.xpex.vss__t0           1.71184e-15
xp8.xnand_m.xpex.vss__t1           1.84851e-13
xp8.xnand_m.xpex.y__t0                    1.98
xp8.xnand_m.xpex.a__t0             1.70173e-08
xp8.xnand_m.xpex.n2__t1             0.00357094
xp8.xnand_m.xpex.vss__t2           2.05361e-10
xp8.xnand_m.xpex.y__t1                    1.98
xp8.xnand_m.xpex.en__t1                      0
xp8.xnand_m.xpex.vdd__t2                  1.98
xp8.xnand_m.xpex.vdd__t0                  1.98
xp8.xnand_m.xpex.vdd__t3                  1.98
xp8.xnand_m.xpex.a__t1             1.70173e-08
xp8.xnand_m.xpex.y__t2                    1.98
xp8.xnand_m.xpex.vdd__t1                  1.98
xp8.xnand_m.xpex.n2                 0.00357094
xp8.mb                                    1.98
xp8.xinv_mc.xpex.y__t0             8.79109e-08
xp8.xinv_mc.xpex.a__t0                    1.98
xp8.xinv_mc.xpex.vss__t0           5.11738e-09
xp8.xinv_mc.xpex.vss__t1           8.84542e-18
xp8.xinv_mc.xpex.y__t1             1.08829e-07
xp8.xinv_mc.xpex.a__t1                    1.98
xp8.xinv_mc.xpex.vdd__t0                  1.98
xp8.xinv_mc.xpex.vdd__t1                  1.98
xp8.mc                             9.90864e-08
xp8.xtg_fbm.xpex.a__t0             9.90864e-08
xp8.xtg_fbm.xpex.ctrlb__t0                   0
xp8.xtg_fbm.xpex.b__t0             1.70173e-08
xp8.xtg_fbm.xpex.vss__t0           1.69959e-17
xp8.xtg_fbm.xpex.a__t1             1.00519e-07
xp8.xtg_fbm.xpex.ctrl__t0                 1.98
xp8.xtg_fbm.xpex.b__t1             1.81915e-08
xp8.xtg_fbm.xpex.vdd__t0                  1.98
xp8.xtg_s.xpex.a__t0                      1.98
xp8.xtg_s.xpex.ctrlb__t0                     0
xp8.xtg_s.xpex.b__t0                      1.98
xp8.xtg_s.xpex.vss__t0             5.79687e-10
xp8.xtg_s.xpex.a__t1                      1.98
xp8.xtg_s.xpex.ctrl__t0                   1.98
xp8.xtg_s.xpex.b__t1                      1.98
xp8.xtg_s.xpex.vdd__t0                    1.98
xp8.s                                     1.98
xp8.xinv_q.xpex.y__t0              7.66386e-08
xp8.xinv_q.xpex.a__t0                     1.98
xp8.xinv_q.xpex.vss__t0            4.46121e-09
xp8.xinv_q.xpex.vss__t1            7.71123e-18
xp8.xinv_q.xpex.y__t1              9.61237e-08
xp8.xinv_q.xpex.a__t1                     1.98
xp8.xinv_q.xpex.vdd__t0                   1.98
xp8.xinv_q.xpex.vdd__t1                   1.98
qp8                                8.63812e-08
xp8.xnand_s2.xpex.n2__t0            0.00357094
xp8.xnand_s2.xpex.en__t0                     0
xp8.xnand_s2.xpex.vss__t0          1.71184e-15
xp8.xnand_s2.xpex.vss__t1          1.84851e-13
xp8.xnand_s2.xpex.y__t0                   1.98
xp8.xnand_s2.xpex.a__t0            8.63812e-08
xp8.xnand_s2.xpex.n2__t1            0.00357094
xp8.xnand_s2.xpex.vss__t2          2.05361e-10
xp8.xnand_s2.xpex.y__t1                   1.98
xp8.xnand_s2.xpex.en__t1                     0
xp8.xnand_s2.xpex.vdd__t2                 1.98
xp8.xnand_s2.xpex.vdd__t0                 1.98
xp8.xnand_s2.xpex.vdd__t3                 1.98
xp8.xnand_s2.xpex.a__t1            8.63812e-08
xp8.xnand_s2.xpex.y__t2                   1.98
xp8.xnand_s2.xpex.vdd__t1                 1.98
xp8.xnand_s2.xpex.n2                0.00357094
xp8.qb                                    1.98
xp8.xtg_fbs.xpex.a__t0                    1.98
xp8.xtg_fbs.xpex.ctrlb__t0                1.98
xp8.xtg_fbs.xpex.b__t0                    1.98
xp8.xtg_fbs.xpex.vss__t0           5.79687e-10
xp8.xtg_fbs.xpex.a__t1                    1.98
xp8.xtg_fbs.xpex.ctrl__t0                    0
xp8.xtg_fbs.xpex.b__t1                    1.98
xp8.xtg_fbs.xpex.vdd__t0                  1.98
xp9.xinv_clk.xpex.y__t0                   1.98
xp9.xinv_clk.xpex.a__t0                      0
xp9.xinv_clk.xpex.vss__t0          1.25804e-13
xp9.xinv_clk.xpex.vss__t1          1.88264e-10
xp9.xinv_clk.xpex.y__t1                   1.98
xp9.xinv_clk.xpex.a__t1                      0
xp9.xinv_clk.xpex.vdd__t0                 1.98
xp9.xinv_clk.xpex.vdd__t1                 1.98
xp9.clkb                                  1.98
xp9.xtg_d.xpex.a__t0               1.84411e-09
xp9.xtg_d.xpex.ctrlb__t0                  1.98
xp9.xtg_d.xpex.b__t0               1.55061e-08
xp9.xtg_d.xpex.vss__t0             2.53983e-18
xp9.xtg_d.xpex.a__t1               4.11138e-10
xp9.xtg_d.xpex.ctrl__t0                      0
xp9.xtg_d.xpex.b__t1               1.73542e-08
xp9.xtg_d.xpex.vdd__t0                    1.98
xp9.m                              1.70173e-08
xp9.xnand_m.xpex.n2__t0             0.00357094
xp9.xnand_m.xpex.en__t0                      0
xp9.xnand_m.xpex.vss__t0           1.71184e-15
xp9.xnand_m.xpex.vss__t1           1.84851e-13
xp9.xnand_m.xpex.y__t0                    1.98
xp9.xnand_m.xpex.a__t0             1.70173e-08
xp9.xnand_m.xpex.n2__t1             0.00357094
xp9.xnand_m.xpex.vss__t2           2.05361e-10
xp9.xnand_m.xpex.y__t1                    1.98
xp9.xnand_m.xpex.en__t1                      0
xp9.xnand_m.xpex.vdd__t2                  1.98
xp9.xnand_m.xpex.vdd__t0                  1.98
xp9.xnand_m.xpex.vdd__t3                  1.98
xp9.xnand_m.xpex.a__t1             1.70173e-08
xp9.xnand_m.xpex.y__t2                    1.98
xp9.xnand_m.xpex.vdd__t1                  1.98
xp9.xnand_m.xpex.n2                 0.00357094
xp9.mb                                    1.98
xp9.xinv_mc.xpex.y__t0             8.79109e-08
xp9.xinv_mc.xpex.a__t0                    1.98
xp9.xinv_mc.xpex.vss__t0           5.11738e-09
xp9.xinv_mc.xpex.vss__t1           8.84542e-18
xp9.xinv_mc.xpex.y__t1             1.08829e-07
xp9.xinv_mc.xpex.a__t1                    1.98
xp9.xinv_mc.xpex.vdd__t0                  1.98
xp9.xinv_mc.xpex.vdd__t1                  1.98
xp9.mc                             9.90864e-08
xp9.xtg_fbm.xpex.a__t0             9.90864e-08
xp9.xtg_fbm.xpex.ctrlb__t0                   0
xp9.xtg_fbm.xpex.b__t0             1.70173e-08
xp9.xtg_fbm.xpex.vss__t0           1.69959e-17
xp9.xtg_fbm.xpex.a__t1             1.00519e-07
xp9.xtg_fbm.xpex.ctrl__t0                 1.98
xp9.xtg_fbm.xpex.b__t1             1.81915e-08
xp9.xtg_fbm.xpex.vdd__t0                  1.98
xp9.xtg_s.xpex.a__t0                      1.98
xp9.xtg_s.xpex.ctrlb__t0                     0
xp9.xtg_s.xpex.b__t0                      1.98
xp9.xtg_s.xpex.vss__t0             5.79687e-10
xp9.xtg_s.xpex.a__t1                      1.98
xp9.xtg_s.xpex.ctrl__t0                   1.98
xp9.xtg_s.xpex.b__t1                      1.98
xp9.xtg_s.xpex.vdd__t0                    1.98
xp9.s                                     1.98
xp9.xinv_q.xpex.y__t0              7.66386e-08
xp9.xinv_q.xpex.a__t0                     1.98
xp9.xinv_q.xpex.vss__t0            4.46121e-09
xp9.xinv_q.xpex.vss__t1            7.71123e-18
xp9.xinv_q.xpex.y__t1              9.61237e-08
xp9.xinv_q.xpex.a__t1                     1.98
xp9.xinv_q.xpex.vdd__t0                   1.98
xp9.xinv_q.xpex.vdd__t1                   1.98
qp9                                8.63812e-08
xp9.xnand_s2.xpex.n2__t0            0.00357094
xp9.xnand_s2.xpex.en__t0                     0
xp9.xnand_s2.xpex.vss__t0          1.71184e-15
xp9.xnand_s2.xpex.vss__t1          1.84851e-13
xp9.xnand_s2.xpex.y__t0                   1.98
xp9.xnand_s2.xpex.a__t0            8.63812e-08
xp9.xnand_s2.xpex.n2__t1            0.00357094
xp9.xnand_s2.xpex.vss__t2          2.05361e-10
xp9.xnand_s2.xpex.y__t1                   1.98
xp9.xnand_s2.xpex.en__t1                     0
xp9.xnand_s2.xpex.vdd__t2                 1.98
xp9.xnand_s2.xpex.vdd__t0                 1.98
xp9.xnand_s2.xpex.vdd__t3                 1.98
xp9.xnand_s2.xpex.a__t1            8.63812e-08
xp9.xnand_s2.xpex.y__t2                   1.98
xp9.xnand_s2.xpex.vdd__t1                 1.98
xp9.xnand_s2.xpex.n2                0.00357094
xp9.qb                                    1.98
xp9.xtg_fbs.xpex.a__t0                    1.98
xp9.xtg_fbs.xpex.ctrlb__t0                1.98
xp9.xtg_fbs.xpex.b__t0                    1.98
xp9.xtg_fbs.xpex.vss__t0           5.79687e-10
xp9.xtg_fbs.xpex.a__t1                    1.98
xp9.xtg_fbs.xpex.ctrl__t0                    0
xp9.xtg_fbs.xpex.b__t1                    1.98
xp9.xtg_fbs.xpex.vdd__t0                  1.98
xp10.xinv_clk.xpex.y__t0                  1.98
xp10.xinv_clk.xpex.a__t0                     0
xp10.xinv_clk.xpex.vss__t0         1.25804e-13
xp10.xinv_clk.xpex.vss__t1         1.88264e-10
xp10.xinv_clk.xpex.y__t1                  1.98
xp10.xinv_clk.xpex.a__t1                     0
xp10.xinv_clk.xpex.vdd__t0                1.98
xp10.xinv_clk.xpex.vdd__t1                1.98
xp10.clkb                                 1.98
xp10.xtg_d.xpex.a__t0              1.84411e-09
xp10.xtg_d.xpex.ctrlb__t0                 1.98
xp10.xtg_d.xpex.b__t0              1.55061e-08
xp10.xtg_d.xpex.vss__t0            2.53983e-18
xp10.xtg_d.xpex.a__t1              4.11138e-10
xp10.xtg_d.xpex.ctrl__t0                     0
xp10.xtg_d.xpex.b__t1              1.73542e-08
xp10.xtg_d.xpex.vdd__t0                   1.98
xp10.m                             1.70173e-08
xp10.xnand_m.xpex.n2__t0            0.00357094
xp10.xnand_m.xpex.en__t0                     0
xp10.xnand_m.xpex.vss__t0          1.71184e-15
xp10.xnand_m.xpex.vss__t1          1.84851e-13
xp10.xnand_m.xpex.y__t0                   1.98
xp10.xnand_m.xpex.a__t0            1.70173e-08
xp10.xnand_m.xpex.n2__t1            0.00357094
xp10.xnand_m.xpex.vss__t2          2.05361e-10
xp10.xnand_m.xpex.y__t1                   1.98
xp10.xnand_m.xpex.en__t1                     0
xp10.xnand_m.xpex.vdd__t2                 1.98
xp10.xnand_m.xpex.vdd__t0                 1.98
xp10.xnand_m.xpex.vdd__t3                 1.98
xp10.xnand_m.xpex.a__t1            1.70173e-08
xp10.xnand_m.xpex.y__t2                   1.98
xp10.xnand_m.xpex.vdd__t1                 1.98
xp10.xnand_m.xpex.n2                0.00357094
xp10.mb                                   1.98
xp10.xinv_mc.xpex.y__t0            8.79109e-08
xp10.xinv_mc.xpex.a__t0                   1.98
xp10.xinv_mc.xpex.vss__t0          5.11738e-09
xp10.xinv_mc.xpex.vss__t1          8.84542e-18
xp10.xinv_mc.xpex.y__t1            1.08829e-07
xp10.xinv_mc.xpex.a__t1                   1.98
xp10.xinv_mc.xpex.vdd__t0                 1.98
xp10.xinv_mc.xpex.vdd__t1                 1.98
xp10.mc                            9.90864e-08
xp10.xtg_fbm.xpex.a__t0            9.90864e-08
xp10.xtg_fbm.xpex.ctrlb__t0                  0
xp10.xtg_fbm.xpex.b__t0            1.70173e-08
xp10.xtg_fbm.xpex.vss__t0          1.69959e-17
xp10.xtg_fbm.xpex.a__t1            1.00519e-07
xp10.xtg_fbm.xpex.ctrl__t0                1.98
xp10.xtg_fbm.xpex.b__t1            1.81915e-08
xp10.xtg_fbm.xpex.vdd__t0                 1.98
xp10.xtg_s.xpex.a__t0                     1.98
xp10.xtg_s.xpex.ctrlb__t0                    0
xp10.xtg_s.xpex.b__t0                     1.98
xp10.xtg_s.xpex.vss__t0            5.79687e-10
xp10.xtg_s.xpex.a__t1                     1.98
xp10.xtg_s.xpex.ctrl__t0                  1.98
xp10.xtg_s.xpex.b__t1                     1.98
xp10.xtg_s.xpex.vdd__t0                   1.98
xp10.s                                    1.98
xp10.xinv_q.xpex.y__t0             7.66386e-08
xp10.xinv_q.xpex.a__t0                    1.98
xp10.xinv_q.xpex.vss__t0           4.46121e-09
xp10.xinv_q.xpex.vss__t1           7.71123e-18
xp10.xinv_q.xpex.y__t1             9.61237e-08
xp10.xinv_q.xpex.a__t1                    1.98
xp10.xinv_q.xpex.vdd__t0                  1.98
xp10.xinv_q.xpex.vdd__t1                  1.98
qp10                               8.63812e-08
xp10.xnand_s2.xpex.n2__t0           0.00357094
xp10.xnand_s2.xpex.en__t0                    0
xp10.xnand_s2.xpex.vss__t0         1.71184e-15
xp10.xnand_s2.xpex.vss__t1         1.84851e-13
xp10.xnand_s2.xpex.y__t0                  1.98
xp10.xnand_s2.xpex.a__t0           8.63812e-08
xp10.xnand_s2.xpex.n2__t1           0.00357094
xp10.xnand_s2.xpex.vss__t2         2.05361e-10
xp10.xnand_s2.xpex.y__t1                  1.98
xp10.xnand_s2.xpex.en__t1                    0
xp10.xnand_s2.xpex.vdd__t2                1.98
xp10.xnand_s2.xpex.vdd__t0                1.98
xp10.xnand_s2.xpex.vdd__t3                1.98
xp10.xnand_s2.xpex.a__t1           8.63812e-08
xp10.xnand_s2.xpex.y__t2                  1.98
xp10.xnand_s2.xpex.vdd__t1                1.98
xp10.xnand_s2.xpex.n2               0.00357094
xp10.qb                                   1.98
xp10.xtg_fbs.xpex.a__t0                   1.98
xp10.xtg_fbs.xpex.ctrlb__t0               1.98
xp10.xtg_fbs.xpex.b__t0                   1.98
xp10.xtg_fbs.xpex.vss__t0          5.79687e-10
xp10.xtg_fbs.xpex.a__t1                   1.98
xp10.xtg_fbs.xpex.ctrl__t0                   0
xp10.xtg_fbs.xpex.b__t1                   1.98
xp10.xtg_fbs.xpex.vdd__t0                 1.98
xp11.xinv_clk.xpex.y__t0                  1.98
xp11.xinv_clk.xpex.a__t0                     0
xp11.xinv_clk.xpex.vss__t0         1.25804e-13
xp11.xinv_clk.xpex.vss__t1         1.88264e-10
xp11.xinv_clk.xpex.y__t1                  1.98
xp11.xinv_clk.xpex.a__t1                     0
xp11.xinv_clk.xpex.vdd__t0                1.98
xp11.xinv_clk.xpex.vdd__t1                1.98
xp11.clkb                                 1.98
xp11.xtg_d.xpex.a__t0              1.84411e-09
xp11.xtg_d.xpex.ctrlb__t0                 1.98
xp11.xtg_d.xpex.b__t0              1.55061e-08
xp11.xtg_d.xpex.vss__t0            2.53983e-18
xp11.xtg_d.xpex.a__t1              4.11138e-10
xp11.xtg_d.xpex.ctrl__t0                     0
xp11.xtg_d.xpex.b__t1              1.73542e-08
xp11.xtg_d.xpex.vdd__t0                   1.98
xp11.m                             1.70173e-08
xp11.xnand_m.xpex.n2__t0            0.00357094
xp11.xnand_m.xpex.en__t0                     0
xp11.xnand_m.xpex.vss__t0          1.71184e-15
xp11.xnand_m.xpex.vss__t1          1.84851e-13
xp11.xnand_m.xpex.y__t0                   1.98
xp11.xnand_m.xpex.a__t0            1.70173e-08
xp11.xnand_m.xpex.n2__t1            0.00357094
xp11.xnand_m.xpex.vss__t2          2.05361e-10
xp11.xnand_m.xpex.y__t1                   1.98
xp11.xnand_m.xpex.en__t1                     0
xp11.xnand_m.xpex.vdd__t2                 1.98
xp11.xnand_m.xpex.vdd__t0                 1.98
xp11.xnand_m.xpex.vdd__t3                 1.98
xp11.xnand_m.xpex.a__t1            1.70173e-08
xp11.xnand_m.xpex.y__t2                   1.98
xp11.xnand_m.xpex.vdd__t1                 1.98
xp11.xnand_m.xpex.n2                0.00357094
xp11.mb                                   1.98
xp11.xinv_mc.xpex.y__t0            8.79109e-08
xp11.xinv_mc.xpex.a__t0                   1.98
xp11.xinv_mc.xpex.vss__t0          5.11738e-09
xp11.xinv_mc.xpex.vss__t1          8.84542e-18
xp11.xinv_mc.xpex.y__t1            1.08829e-07
xp11.xinv_mc.xpex.a__t1                   1.98
xp11.xinv_mc.xpex.vdd__t0                 1.98
xp11.xinv_mc.xpex.vdd__t1                 1.98
xp11.mc                            9.90864e-08
xp11.xtg_fbm.xpex.a__t0            9.90864e-08
xp11.xtg_fbm.xpex.ctrlb__t0                  0
xp11.xtg_fbm.xpex.b__t0            1.70173e-08
xp11.xtg_fbm.xpex.vss__t0          1.69959e-17
xp11.xtg_fbm.xpex.a__t1            1.00519e-07
xp11.xtg_fbm.xpex.ctrl__t0                1.98
xp11.xtg_fbm.xpex.b__t1            1.81915e-08
xp11.xtg_fbm.xpex.vdd__t0                 1.98
xp11.xtg_s.xpex.a__t0                     1.98
xp11.xtg_s.xpex.ctrlb__t0                    0
xp11.xtg_s.xpex.b__t0                     1.98
xp11.xtg_s.xpex.vss__t0            5.79687e-10
xp11.xtg_s.xpex.a__t1                     1.98
xp11.xtg_s.xpex.ctrl__t0                  1.98
xp11.xtg_s.xpex.b__t1                     1.98
xp11.xtg_s.xpex.vdd__t0                   1.98
xp11.s                                    1.98
xp11.xinv_q.xpex.y__t0             7.66386e-08
xp11.xinv_q.xpex.a__t0                    1.98
xp11.xinv_q.xpex.vss__t0           4.46121e-09
xp11.xinv_q.xpex.vss__t1           7.71123e-18
xp11.xinv_q.xpex.y__t1             9.61237e-08
xp11.xinv_q.xpex.a__t1                    1.98
xp11.xinv_q.xpex.vdd__t0                  1.98
xp11.xinv_q.xpex.vdd__t1                  1.98
qp11                               8.63812e-08
xp11.xnand_s2.xpex.n2__t0           0.00357094
xp11.xnand_s2.xpex.en__t0                    0
xp11.xnand_s2.xpex.vss__t0         1.71184e-15
xp11.xnand_s2.xpex.vss__t1         1.84851e-13
xp11.xnand_s2.xpex.y__t0                  1.98
xp11.xnand_s2.xpex.a__t0           8.63812e-08
xp11.xnand_s2.xpex.n2__t1           0.00357094
xp11.xnand_s2.xpex.vss__t2         2.05361e-10
xp11.xnand_s2.xpex.y__t1                  1.98
xp11.xnand_s2.xpex.en__t1                    0
xp11.xnand_s2.xpex.vdd__t2                1.98
xp11.xnand_s2.xpex.vdd__t0                1.98
xp11.xnand_s2.xpex.vdd__t3                1.98
xp11.xnand_s2.xpex.a__t1           8.63812e-08
xp11.xnand_s2.xpex.y__t2                  1.98
xp11.xnand_s2.xpex.vdd__t1                1.98
xp11.xnand_s2.xpex.n2               0.00357094
xp11.qb                                   1.98
xp11.xtg_fbs.xpex.a__t0                   1.98
xp11.xtg_fbs.xpex.ctrlb__t0               1.98
xp11.xtg_fbs.xpex.b__t0                   1.98
xp11.xtg_fbs.xpex.vss__t0          5.79687e-10
xp11.xtg_fbs.xpex.a__t1                   1.98
xp11.xtg_fbs.xpex.ctrl__t0                   0
xp11.xtg_fbs.xpex.b__t1                   1.98
xp11.xtg_fbs.xpex.vdd__t0                 1.98
xp12.xinv_clk.xpex.y__t0                  1.98
xp12.xinv_clk.xpex.a__t0                     0
xp12.xinv_clk.xpex.vss__t0         1.25804e-13
xp12.xinv_clk.xpex.vss__t1         1.88264e-10
xp12.xinv_clk.xpex.y__t1                  1.98
xp12.xinv_clk.xpex.a__t1                     0
xp12.xinv_clk.xpex.vdd__t0                1.98
xp12.xinv_clk.xpex.vdd__t1                1.98
xp12.clkb                                 1.98
xp12.xtg_d.xpex.a__t0              1.84411e-09
xp12.xtg_d.xpex.ctrlb__t0                 1.98
xp12.xtg_d.xpex.b__t0              1.55061e-08
xp12.xtg_d.xpex.vss__t0            2.53983e-18
xp12.xtg_d.xpex.a__t1              4.11138e-10
xp12.xtg_d.xpex.ctrl__t0                     0
xp12.xtg_d.xpex.b__t1              1.73542e-08
xp12.xtg_d.xpex.vdd__t0                   1.98
xp12.m                             1.70173e-08
xp12.xnand_m.xpex.n2__t0            0.00357094
xp12.xnand_m.xpex.en__t0                     0
xp12.xnand_m.xpex.vss__t0          1.71184e-15
xp12.xnand_m.xpex.vss__t1          1.84851e-13
xp12.xnand_m.xpex.y__t0                   1.98
xp12.xnand_m.xpex.a__t0            1.70173e-08
xp12.xnand_m.xpex.n2__t1            0.00357094
xp12.xnand_m.xpex.vss__t2          2.05361e-10
xp12.xnand_m.xpex.y__t1                   1.98
xp12.xnand_m.xpex.en__t1                     0
xp12.xnand_m.xpex.vdd__t2                 1.98
xp12.xnand_m.xpex.vdd__t0                 1.98
xp12.xnand_m.xpex.vdd__t3                 1.98
xp12.xnand_m.xpex.a__t1            1.70173e-08
xp12.xnand_m.xpex.y__t2                   1.98
xp12.xnand_m.xpex.vdd__t1                 1.98
xp12.xnand_m.xpex.n2                0.00357094
xp12.mb                                   1.98
xp12.xinv_mc.xpex.y__t0            8.79109e-08
xp12.xinv_mc.xpex.a__t0                   1.98
xp12.xinv_mc.xpex.vss__t0          5.11738e-09
xp12.xinv_mc.xpex.vss__t1          8.84542e-18
xp12.xinv_mc.xpex.y__t1            1.08829e-07
xp12.xinv_mc.xpex.a__t1                   1.98
xp12.xinv_mc.xpex.vdd__t0                 1.98
xp12.xinv_mc.xpex.vdd__t1                 1.98
xp12.mc                            9.90864e-08
xp12.xtg_fbm.xpex.a__t0            9.90864e-08
xp12.xtg_fbm.xpex.ctrlb__t0                  0
xp12.xtg_fbm.xpex.b__t0            1.70173e-08
xp12.xtg_fbm.xpex.vss__t0          1.69959e-17
xp12.xtg_fbm.xpex.a__t1            1.00519e-07
xp12.xtg_fbm.xpex.ctrl__t0                1.98
xp12.xtg_fbm.xpex.b__t1            1.81915e-08
xp12.xtg_fbm.xpex.vdd__t0                 1.98
xp12.xtg_s.xpex.a__t0                     1.98
xp12.xtg_s.xpex.ctrlb__t0                    0
xp12.xtg_s.xpex.b__t0                     1.98
xp12.xtg_s.xpex.vss__t0            5.79687e-10
xp12.xtg_s.xpex.a__t1                     1.98
xp12.xtg_s.xpex.ctrl__t0                  1.98
xp12.xtg_s.xpex.b__t1                     1.98
xp12.xtg_s.xpex.vdd__t0                   1.98
xp12.s                                    1.98
xp12.xinv_q.xpex.y__t0             7.66386e-08
xp12.xinv_q.xpex.a__t0                    1.98
xp12.xinv_q.xpex.vss__t0           4.46121e-09
xp12.xinv_q.xpex.vss__t1           7.71123e-18
xp12.xinv_q.xpex.y__t1             9.61237e-08
xp12.xinv_q.xpex.a__t1                    1.98
xp12.xinv_q.xpex.vdd__t0                  1.98
xp12.xinv_q.xpex.vdd__t1                  1.98
qp12                               8.63812e-08
xp12.xnand_s2.xpex.n2__t0           0.00357094
xp12.xnand_s2.xpex.en__t0                    0
xp12.xnand_s2.xpex.vss__t0         1.71184e-15
xp12.xnand_s2.xpex.vss__t1         1.84851e-13
xp12.xnand_s2.xpex.y__t0                  1.98
xp12.xnand_s2.xpex.a__t0           8.63812e-08
xp12.xnand_s2.xpex.n2__t1           0.00357094
xp12.xnand_s2.xpex.vss__t2         2.05361e-10
xp12.xnand_s2.xpex.y__t1                  1.98
xp12.xnand_s2.xpex.en__t1                    0
xp12.xnand_s2.xpex.vdd__t2                1.98
xp12.xnand_s2.xpex.vdd__t0                1.98
xp12.xnand_s2.xpex.vdd__t3                1.98
xp12.xnand_s2.xpex.a__t1           8.63812e-08
xp12.xnand_s2.xpex.y__t2                  1.98
xp12.xnand_s2.xpex.vdd__t1                1.98
xp12.xnand_s2.xpex.n2               0.00357094
xp12.qb                                   1.98
xp12.xtg_fbs.xpex.a__t0                   1.98
xp12.xtg_fbs.xpex.ctrlb__t0               1.98
xp12.xtg_fbs.xpex.b__t0                   1.98
xp12.xtg_fbs.xpex.vss__t0          5.79687e-10
xp12.xtg_fbs.xpex.a__t1                   1.98
xp12.xtg_fbs.xpex.ctrl__t0                   0
xp12.xtg_fbs.xpex.b__t1                   1.98
xp12.xtg_fbs.xpex.vdd__t0                 1.98
vddq                                      1.98
xq1.clkb                                  1.98
xq1.m                              1.78212e-08
xq1.mb                                    1.98
xq1.mmid                            0.00357094
xq1.mc                             1.07998e-07
xq1.s                                     1.98
qq1                                9.41504e-08
xq1.qb                                    1.98
xq1.s2mid                           0.00357095
xq2.clkb                                  1.98
xq2.m                              1.78212e-08
xq2.mb                                    1.98
xq2.mmid                            0.00357094
xq2.mc                             1.07998e-07
xq2.s                                     1.98
qq2                                9.41504e-08
xq2.qb                                    1.98
xq2.s2mid                           0.00357095
xq3.clkb                                  1.98
xq3.m                              1.78212e-08
xq3.mb                                    1.98
xq3.mmid                            0.00357094
xq3.mc                             1.07998e-07
xq3.s                                     1.98
qq3                                9.41504e-08
xq3.qb                                    1.98
xq3.s2mid                           0.00357095
xq4.clkb                                  1.98
xq4.m                              1.78212e-08
xq4.mb                                    1.98
xq4.mmid                            0.00357094
xq4.mc                             1.07998e-07
xq4.s                                     1.98
qq4                                9.41504e-08
xq4.qb                                    1.98
xq4.s2mid                           0.00357095
xq5.clkb                                  1.98
xq5.m                              1.78212e-08
xq5.mb                                    1.98
xq5.mmid                            0.00357094
xq5.mc                             1.07998e-07
xq5.s                                     1.98
qq5                                9.41504e-08
xq5.qb                                    1.98
xq5.s2mid                           0.00357095
xq6.clkb                                  1.98
xq6.m                              1.78212e-08
xq6.mb                                    1.98
xq6.mmid                            0.00357094
xq6.mc                             1.07998e-07
xq6.s                                     1.98
qq6                                9.41504e-08
xq6.qb                                    1.98
xq6.s2mid                           0.00357095
xq7.clkb                                  1.98
xq7.m                              1.78212e-08
xq7.mb                                    1.98
xq7.mmid                            0.00357094
xq7.mc                             1.07998e-07
xq7.s                                     1.98
qq7                                9.41504e-08
xq7.qb                                    1.98
xq7.s2mid                           0.00357095
xq8.clkb                                  1.98
xq8.m                              1.78212e-08
xq8.mb                                    1.98
xq8.mmid                            0.00357094
xq8.mc                             1.07998e-07
xq8.s                                     1.98
qq8                                9.41504e-08
xq8.qb                                    1.98
xq8.s2mid                           0.00357095
xq9.clkb                                  1.98
xq9.m                              1.78212e-08
xq9.mb                                    1.98
xq9.mmid                            0.00357094
xq9.mc                             1.07998e-07
xq9.s                                     1.98
qq9                                9.41504e-08
xq9.qb                                    1.98
xq9.s2mid                           0.00357095
xq10.clkb                                 1.98
xq10.m                             1.78212e-08
xq10.mb                                   1.98
xq10.mmid                           0.00357094
xq10.mc                            1.07998e-07
xq10.s                                    1.98
qq10                               9.41504e-08
xq10.qb                                   1.98
xq10.s2mid                          0.00357095
xq11.clkb                                 1.98
xq11.m                             1.78212e-08
xq11.mb                                   1.98
xq11.mmid                           0.00357094
xq11.mc                            1.07998e-07
xq11.s                                    1.98
qq11                               9.41504e-08
xq11.qb                                   1.98
xq11.s2mid                          0.00357095
xq12.clkb                                 1.98
xq12.m                             1.78212e-08
xq12.mb                                   1.98
xq12.mmid                           0.00357094
xq12.mc                            1.07998e-07
xq12.s                                    1.98
qq12                               9.41504e-08
xq12.qb                                   1.98
xq12.s2mid                          0.00357095
vddl                                      1.98
xlp1.xpex.y__t0                           1.98
xlp1.xpex.a__t0                    8.63812e-08
xlp1.xpex.vss__t0                  1.25804e-13
xlp1.xpex.vss__t1                  1.88264e-10
xlp1.xpex.y__t1                           1.98
xlp1.xpex.a__t1                    8.63812e-08
xlp1.xpex.vdd__t0                         1.98
xlp1.xpex.vdd__t1                         1.98
qpb1                                      1.98
xlp2.xpex.y__t0                           1.98
xlp2.xpex.a__t0                    8.63812e-08
xlp2.xpex.vss__t0                  1.25804e-13
xlp2.xpex.vss__t1                  1.88264e-10
xlp2.xpex.y__t1                           1.98
xlp2.xpex.a__t1                    8.63812e-08
xlp2.xpex.vdd__t0                         1.98
xlp2.xpex.vdd__t1                         1.98
qpb2                                      1.98
xlp3.xpex.y__t0                           1.98
xlp3.xpex.a__t0                    8.63812e-08
xlp3.xpex.vss__t0                  1.25804e-13
xlp3.xpex.vss__t1                  1.88264e-10
xlp3.xpex.y__t1                           1.98
xlp3.xpex.a__t1                    8.63812e-08
xlp3.xpex.vdd__t0                         1.98
xlp3.xpex.vdd__t1                         1.98
qpb3                                      1.98
xlp4.xpex.y__t0                           1.98
xlp4.xpex.a__t0                    8.63812e-08
xlp4.xpex.vss__t0                  1.25804e-13
xlp4.xpex.vss__t1                  1.88264e-10
xlp4.xpex.y__t1                           1.98
xlp4.xpex.a__t1                    8.63812e-08
xlp4.xpex.vdd__t0                         1.98
xlp4.xpex.vdd__t1                         1.98
qpb4                                      1.98
xlp5.xpex.y__t0                           1.98
xlp5.xpex.a__t0                    8.63812e-08
xlp5.xpex.vss__t0                  1.25804e-13
xlp5.xpex.vss__t1                  1.88264e-10
xlp5.xpex.y__t1                           1.98
xlp5.xpex.a__t1                    8.63812e-08
xlp5.xpex.vdd__t0                         1.98
xlp5.xpex.vdd__t1                         1.98
qpb5                                      1.98
xlp6.xpex.y__t0                           1.98
xlp6.xpex.a__t0                    8.63812e-08
xlp6.xpex.vss__t0                  1.25804e-13
xlp6.xpex.vss__t1                  1.88264e-10
xlp6.xpex.y__t1                           1.98
xlp6.xpex.a__t1                    8.63812e-08
xlp6.xpex.vdd__t0                         1.98
xlp6.xpex.vdd__t1                         1.98
qpb6                                      1.98
xlp7.xpex.y__t0                           1.98
xlp7.xpex.a__t0                    8.63812e-08
xlp7.xpex.vss__t0                  1.25804e-13
xlp7.xpex.vss__t1                  1.88264e-10
xlp7.xpex.y__t1                           1.98
xlp7.xpex.a__t1                    8.63812e-08
xlp7.xpex.vdd__t0                         1.98
xlp7.xpex.vdd__t1                         1.98
qpb7                                      1.98
xlp8.xpex.y__t0                           1.98
xlp8.xpex.a__t0                    8.63812e-08
xlp8.xpex.vss__t0                  1.25804e-13
xlp8.xpex.vss__t1                  1.88264e-10
xlp8.xpex.y__t1                           1.98
xlp8.xpex.a__t1                    8.63812e-08
xlp8.xpex.vdd__t0                         1.98
xlp8.xpex.vdd__t1                         1.98
qpb8                                      1.98
xlp9.xpex.y__t0                           1.98
xlp9.xpex.a__t0                    8.63812e-08
xlp9.xpex.vss__t0                  1.25804e-13
xlp9.xpex.vss__t1                  1.88264e-10
xlp9.xpex.y__t1                           1.98
xlp9.xpex.a__t1                    8.63812e-08
xlp9.xpex.vdd__t0                         1.98
xlp9.xpex.vdd__t1                         1.98
qpb9                                      1.98
xlp10.xpex.y__t0                          1.98
xlp10.xpex.a__t0                   8.63812e-08
xlp10.xpex.vss__t0                 1.25804e-13
xlp10.xpex.vss__t1                 1.88264e-10
xlp10.xpex.y__t1                          1.98
xlp10.xpex.a__t1                   8.63812e-08
xlp10.xpex.vdd__t0                        1.98
xlp10.xpex.vdd__t1                        1.98
qpb10                                     1.98
xlp11.xpex.y__t0                          1.98
xlp11.xpex.a__t0                   8.63812e-08
xlp11.xpex.vss__t0                 1.25804e-13
xlp11.xpex.vss__t1                 1.88264e-10
xlp11.xpex.y__t1                          1.98
xlp11.xpex.a__t1                   8.63812e-08
xlp11.xpex.vdd__t0                        1.98
xlp11.xpex.vdd__t1                        1.98
qpb11                                     1.98
xlp12.xpex.y__t0                          1.98
xlp12.xpex.a__t0                   8.63812e-08
xlp12.xpex.vss__t0                 1.25804e-13
xlp12.xpex.vss__t1                 1.88264e-10
xlp12.xpex.y__t1                          1.98
xlp12.xpex.a__t1                   8.63812e-08
xlp12.xpex.vdd__t0                        1.98
xlp12.xpex.vdd__t1                        1.98
qpb12                                     1.98
qqb1                                      1.98
qqb2                                      1.98
qqb3                                      1.98
qqb4                                      1.98
qqb5                                      1.98
qqb6                                      1.98
qqb7                                      1.98
qqb8                                      1.98
qqb9                                      1.98
qqb10                                     1.98
qqb11                                     1.98
qqb12                                     1.98
vddl#branch                       -4.75489e-11
vddq#branch                       -1.50565e-09
vddp#branch                       -1.50572e-09
vd12#branch                        2.17221e-11
vd11#branch                        2.17221e-11
vd10#branch                        2.17221e-11
vd9#branch                         2.17221e-11
vd8#branch                         2.17221e-11
vd7#branch                         2.17221e-11
vd6#branch                         2.17221e-11
vd5#branch                         2.17221e-11
vd4#branch                         2.17221e-11
vd3#branch                         2.17221e-11
vd2#branch                         2.17221e-11
vd1#branch                         2.17221e-11
vrstn#branch                                 0
vclk#branch                                  0
vsub#branch                                  0

 Reference value :  0.00000e+00
 Reference value :  2.14000e-11
 Reference value :  8.14000e-11
 Reference value :  1.51400e-10
 Reference value :  2.21400e-10
 Reference value :  3.01400e-10
 Reference value :  3.36400e-10
 Reference value :  4.16400e-10
 Reference value :  4.86400e-10
 Reference value :  5.66400e-10
 Reference value :  6.31400e-10
 Reference value :  6.81400e-10
 Reference value :  7.26400e-10
 Reference value :  7.76400e-10
 Reference value :  8.36400e-10
 Reference value :  8.91400e-10
 Reference value :  9.51400e-10
 Reference value :  9.81400e-10
 Reference value :  1.00140e-09
 Reference value :  1.05640e-09
 Reference value :  1.11140e-09
 Reference value :  1.15140e-09
 Reference value :  1.19140e-09
 Reference value :  1.26640e-09
 Reference value :  1.32640e-09
 Reference value :  1.36640e-09
 Reference value :  1.40140e-09
 Reference value :  1.43640e-09
 Reference value :  1.45640e-09
 Reference value :  1.50140e-09
 Reference value :  1.57140e-09
 Reference value :  1.64640e-09
 Reference value :  1.68640e-09
 Reference value :  1.73640e-09
 Reference value :  1.77140e-09
 Reference value :  1.83640e-09
 Reference value :  1.91640e-09
 Reference value :  1.99140e-09
 Reference value :  2.06140e-09
 Reference value :  2.13140e-09
 Reference value :  2.20640e-09
 Reference value :  2.28140e-09
 Reference value :  2.32640e-09
 Reference value :  2.37140e-09
 Reference value :  2.44140e-09
 Reference value :  2.52140e-09
 Reference value :  2.59140e-09
 Reference value :  2.66140e-09
 Reference value :  2.72640e-09
 Reference value :  2.80140e-09
 Reference value :  2.87140e-09
 Reference value :  2.92140e-09
 Reference value :  2.99140e-09
 Reference value :  3.03140e-09
 Reference value :  3.10640e-09
 Reference value :  3.17640e-09
 Reference value :  3.25140e-09
 Reference value :  3.32640e-09
 Reference value :  3.38140e-09
 Reference value :  3.46140e-09
 Reference value :  3.52640e-09
 Reference value :  3.57640e-09
 Reference value :  3.62140e-09
 Reference value :  3.69640e-09
 Reference value :  3.77140e-09
 Reference value :  3.84140e-09
 Reference value :  3.91640e-09
 Reference value :  3.98640e-09
 Reference value :  4.05640e-09
 Reference value :  4.09140e-09
 Reference value :  4.16140e-09
 Reference value :  4.23640e-09
 Reference value :  4.31140e-09
 Reference value :  4.38640e-09
 Reference value :  4.42640e-09
 Reference value :  4.45640e-09
 Reference value :  4.51140e-09
 Reference value :  4.58640e-09
 Reference value :  4.65140e-09
 Reference value :  4.70140e-09
 Reference value :  4.74640e-09
 Reference value :  4.78140e-09
 Reference value :  4.82640e-09
 Reference value :  4.84640e-09
 Reference value :  4.86640e-09
 Reference value :  4.90140e-09
 Reference value :  4.94140e-09
 Reference value :  4.95640e-09
 Reference value :  4.99140e-09
 Reference value :  5.05640e-09
 Reference value :  5.08140e-09
 Reference value :  5.13140e-09
 Reference value :  5.18640e-09
 Reference value :  5.21640e-09
 Reference value :  5.26640e-09
 Reference value :  5.32140e-09
 Reference value :  5.34640e-09
 Reference value :  5.36640e-09
 Reference value :  5.41640e-09
 Reference value :  5.44140e-09
 Reference value :  5.46140e-09
 Reference value :  5.52640e-09
 Reference value :  5.55640e-09
 Reference value :  5.58640e-09
 Reference value :  5.63140e-09
 Reference value :  5.66140e-09
 Reference value :  5.73640e-09
 Reference value :  5.80640e-09
 Reference value :  5.86640e-09
 Reference value :  5.88140e-09
 Reference value :  5.94140e-09
 Reference value :  6.01140e-09
 Reference value :  6.09140e-09
 Reference value :  6.17140e-09
 Reference value :  6.24140e-09
 Reference value :  6.30140e-09
 Reference value :  6.35140e-09
 Reference value :  6.37640e-09
 Reference value :  6.44140e-09
 Reference value :  6.52140e-09
 Reference value :  6.59640e-09
 Reference value :  6.67640e-09
 Reference value :  6.73140e-09
 Reference value :  6.78640e-09
 Reference value :  6.83640e-09
 Reference value :  6.90640e-09
 Reference value :  6.98140e-09
 Reference value :  7.05140e-09
 Reference value :  7.12140e-09
 Reference value :  7.19140e-09
 Reference value :  7.25140e-09
 Reference value :  7.33140e-09
 Reference value :  7.40140e-09
 Reference value :  7.48140e-09
 Reference value :  7.55140e-09
 Reference value :  7.62640e-09
 Reference value :  7.68640e-09
 Reference value :  7.74640e-09
 Reference value :  7.82140e-09
 Reference value :  7.87140e-09
 Reference value :  7.94140e-09
 Reference value :  8.01140e-09
 Reference value :  8.08640e-09
 Reference value :  8.12640e-09
 Reference value :  8.19640e-09
 Reference value :  8.26640e-09
 Reference value :  8.34140e-09
 Reference value :  8.41640e-09
 Reference value :  8.48640e-09
 Reference value :  8.55640e-09
 Reference value :  8.60140e-09
 Reference value :  8.68140e-09
 Reference value :  8.75140e-09
 Reference value :  8.82640e-09
 Reference value :  8.89640e-09
 Reference value :  8.96640e-09
 Reference value :  9.04140e-09
 Reference value :  9.10640e-09
 Reference value :  9.14140e-09
 Reference value :  9.19640e-09
 Reference value :  9.22140e-09
 Reference value :  9.27640e-09
 Reference value :  9.33140e-09
 Reference value :  9.37640e-09
 Reference value :  9.40640e-09
 Reference value :  9.43640e-09
 Reference value :  9.48640e-09
 Reference value :  9.56140e-09
 Reference value :  9.63640e-09
 Reference value :  9.70640e-09
 Reference value :  9.77640e-09
 Reference value :  9.82640e-09
 Reference value :  9.87640e-09
 Reference value :  9.93640e-09
 Reference value :  9.96140e-09
 Reference value :  1.00035e-08
 Reference value :  1.00425e-08
 Reference value :  1.00625e-08
 Reference value :  1.00725e-08
 Reference value :  1.01175e-08
 Reference value :  1.01425e-08
 Reference value :  1.02025e-08
 Reference value :  1.02525e-08
 Reference value :  1.02975e-08
 Reference value :  1.03275e-08
 Reference value :  1.03675e-08
 Reference value :  1.04125e-08
 Reference value :  1.04575e-08
 Reference value :  1.05075e-08
 Reference value :  1.05425e-08
 Reference value :  1.05725e-08
 Reference value :  1.06025e-08
 Reference value :  1.06625e-08
 Reference value :  1.07375e-08
 Reference value :  1.08075e-08
 Reference value :  1.08875e-08
 Reference value :  1.09625e-08
 Reference value :  1.10325e-08
 Reference value :  1.10875e-08
 Reference value :  1.11575e-08
 Reference value :  1.12325e-08
 Reference value :  1.13125e-08
 Reference value :  1.13825e-08
 Reference value :  1.14625e-08
 Reference value :  1.15175e-08
 Reference value :  1.15475e-08
 Reference value :  1.15825e-08
 Reference value :  1.16425e-08
 Reference value :  1.17225e-08
 Reference value :  1.17875e-08
 Reference value :  1.18675e-08
 Reference value :  1.19325e-08
 Reference value :  1.20125e-08
 Reference value :  1.20875e-08
 Reference value :  1.21375e-08
 Reference value :  1.21575e-08
 Reference value :  1.22175e-08
 Reference value :  1.22375e-08
 Reference value :  1.22675e-08
 Reference value :  1.23175e-08
 Reference value :  1.23875e-08
 Reference value :  1.24675e-08
 Reference value :  1.25275e-08
 Reference value :  1.25675e-08
 Reference value :  1.26475e-08
 Reference value :  1.27125e-08
 Reference value :  1.27925e-08
 Reference value :  1.28675e-08
 Reference value :  1.29425e-08
 Reference value :  1.29725e-08
 Reference value :  1.30325e-08
 Reference value :  1.31075e-08
 Reference value :  1.31825e-08
 Reference value :  1.32575e-08
 Reference value :  1.33175e-08
 Reference value :  1.33925e-08
 Reference value :  1.34625e-08
 Reference value :  1.35075e-08
 Reference value :  1.35875e-08
 Reference value :  1.36475e-08
 Reference value :  1.37225e-08
 Reference value :  1.37925e-08
 Reference value :  1.38625e-08
 Reference value :  1.39025e-08
 Reference value :  1.39375e-08
 Reference value :  1.39725e-08
 Reference value :  1.40475e-08
 Reference value :  1.41275e-08
 Reference value :  1.41975e-08
 Reference value :  1.42775e-08
 Reference value :  1.43475e-08
 Reference value :  1.44175e-08
 Reference value :  1.44475e-08
 Reference value :  1.45175e-08
 Reference value :  1.45975e-08
 Reference value :  1.46675e-08
 Reference value :  1.47375e-08
 Reference value :  1.48125e-08
 Reference value :  1.48825e-08
 Reference value :  1.49075e-08
 Reference value :  1.49525e-08
 Reference value :  1.50225e-08
 Reference value :  1.51025e-08
 Reference value :  1.51475e-08
 Reference value :  1.52225e-08
 Reference value :  1.52975e-08
 Reference value :  1.53675e-08
 Reference value :  1.54175e-08
 Reference value :  1.54875e-08
 Reference value :  1.55675e-08
 Reference value :  1.56475e-08
 Reference value :  1.57175e-08
 Reference value :  1.57725e-08
 Reference value :  1.58125e-08
 Reference value :  1.58775e-08
 Reference value :  1.59175e-08
 Reference value :  1.59725e-08
 Reference value :  1.60375e-08
 Reference value :  1.60975e-08
 Reference value :  1.61575e-08
 Reference value :  1.62125e-08
 Reference value :  1.62325e-08
 Reference value :  1.62975e-08
 Reference value :  1.63725e-08
 Reference value :  1.64425e-08
 Reference value :  1.65025e-08
 Reference value :  1.65625e-08
 Reference value :  1.66375e-08
 Reference value :  1.67125e-08
 Reference value :  1.67825e-08
 Reference value :  1.68625e-08
 Reference value :  1.69175e-08
 Reference value :  1.69575e-08
 Reference value :  1.70275e-08
 Reference value :  1.71025e-08
 Reference value :  1.71775e-08
 Reference value :  1.72575e-08
 Reference value :  1.73325e-08
 Reference value :  1.73625e-08
 Reference value :  1.74125e-08
 Reference value :  1.74725e-08
 Reference value :  1.75525e-08
 Reference value :  1.76125e-08
 Reference value :  1.76425e-08
 Reference value :  1.76625e-08
 Reference value :  1.76825e-08
 Reference value :  1.77025e-08
 Reference value :  1.77225e-08
 Reference value :  1.77875e-08
 Reference value :  1.78275e-08
 Reference value :  1.79075e-08
 Reference value :  1.79825e-08
 Reference value :  1.80625e-08
 Reference value :  1.81175e-08
 Reference value :  1.81575e-08
 Reference value :  1.82025e-08
 Reference value :  1.82525e-08
 Reference value :  1.83075e-08
 Reference value :  1.83825e-08
 Reference value :  1.84575e-08
 Reference value :  1.85275e-08
 Reference value :  1.86075e-08
 Reference value :  1.86825e-08
 Reference value :  1.87625e-08
 Reference value :  1.88325e-08
 Reference value :  1.89025e-08
 Reference value :  1.89475e-08
 Reference value :  1.90025e-08
 Reference value :  1.90825e-08
 Reference value :  1.91525e-08
 Reference value :  1.92325e-08
 Reference value :  1.92975e-08
 Reference value :  1.93625e-08
 Reference value :  1.94275e-08
 Reference value :  1.94625e-08
 Reference value :  1.95275e-08
 Reference value :  1.95975e-08
 Reference value :  1.96675e-08
 Reference value :  1.97125e-08
 Reference value :  1.97875e-08
 Reference value :  1.98575e-08
 Reference value :  1.99325e-08
 Reference value :  2.00075e-08
 Reference value :  2.00775e-08
 Reference value :  2.01425e-08
 Reference value :  2.02125e-08
 Reference value :  2.02875e-08
 Reference value :  2.03175e-08
 Reference value :  2.03825e-08
 Reference value :  2.04325e-08
 Reference value :  2.04925e-08
 Reference value :  2.05675e-08
 Reference value :  2.06325e-08
 Reference value :  2.07075e-08
 Reference value :  2.07825e-08
 Reference value :  2.08575e-08
 Reference value :  2.09325e-08
 Reference value :  2.09925e-08
 Reference value :  2.10675e-08
 Reference value :  2.11375e-08
 Reference value :  2.12125e-08
 Reference value :  2.12825e-08
 Reference value :  2.13575e-08
 Reference value :  2.14375e-08
 Reference value :  2.15075e-08
 Reference value :  2.15875e-08
 Reference value :  2.16325e-08
 Reference value :  2.16525e-08
 Reference value :  2.17075e-08
 Reference value :  2.17725e-08
 Reference value :  2.18275e-08
 Reference value :  2.18825e-08
 Reference value :  2.19325e-08
 Reference value :  2.19725e-08
 Reference value :  2.20075e-08
 Reference value :  2.20325e-08
 Reference value :  2.20925e-08
 Reference value :  2.21225e-08
 Reference value :  2.21825e-08
 Reference value :  2.22175e-08
 Reference value :  2.22525e-08
 Reference value :  2.22825e-08
 Reference value :  2.23575e-08
 Reference value :  2.24275e-08
 Reference value :  2.25025e-08
 Reference value :  2.25475e-08
 Reference value :  2.26025e-08
 Reference value :  2.26725e-08
 Reference value :  2.27225e-08
 Reference value :  2.27775e-08
 Reference value :  2.28275e-08
 Reference value :  2.28875e-08
 Reference value :  2.29425e-08
 Reference value :  2.29625e-08
 Reference value :  2.29975e-08
 Reference value :  2.30375e-08
 Reference value :  2.30625e-08
 Reference value :  2.31075e-08
 Reference value :  2.31375e-08
 Reference value :  2.31625e-08
 Reference value :  2.31825e-08
 Reference value :  2.31975e-08
 Reference value :  2.32125e-08
 Reference value :  2.32325e-08
 Reference value :  2.32525e-08
 Reference value :  2.32675e-08
 Reference value :  2.32825e-08
 Reference value :  2.32975e-08
 Reference value :  2.33175e-08
 Reference value :  2.33375e-08
 Reference value :  2.33575e-08
 Reference value :  2.33775e-08
 Reference value :  2.33975e-08
 Reference value :  2.34175e-08
 Reference value :  2.34375e-08
 Reference value :  2.34575e-08
 Reference value :  2.34875e-08
 Reference value :  2.35225e-08
 Reference value :  2.35525e-08
 Reference value :  2.36125e-08
 Reference value :  2.36725e-08
 Reference value :  2.37225e-08
 Reference value :  2.37625e-08
 Reference value :  2.37875e-08
 Reference value :  2.38275e-08
 Reference value :  2.38625e-08
 Reference value :  2.39225e-08
 Reference value :  2.39825e-08
 Reference value :  2.40575e-08
 Reference value :  2.41025e-08
 Reference value :  2.41825e-08
 Reference value :  2.42525e-08
 Reference value :  2.43275e-08
 Reference value :  2.43925e-08
 Reference value :  2.44575e-08
 Reference value :  2.45275e-08
 Reference value :  2.45825e-08
 Reference value :  2.46525e-08
 Reference value :  2.47225e-08
 Reference value :  2.47975e-08
 Reference value :  2.48775e-08
 Reference value :  2.49225e-08
 Reference value :  2.49575e-08
 Reference value :  2.50225e-08
 Reference value :  2.50925e-08
 Reference value :  2.51625e-08
 Reference value :  2.52425e-08
 Reference value :  2.53075e-08
 Reference value :  2.53575e-08
 Reference value :  2.53875e-08
 Reference value :  2.54575e-08
 Reference value :  2.55325e-08
 Reference value :  2.56025e-08
 Reference value :  2.56775e-08
 Reference value :  2.57325e-08
 Reference value :  2.57925e-08
 Reference value :  2.58625e-08
 Reference value :  2.59325e-08
 Reference value :  2.60075e-08
 Reference value :  2.60825e-08
 Reference value :  2.61525e-08
 Reference value :  2.62175e-08
 Reference value :  2.62725e-08
 Reference value :  2.63425e-08
 Reference value :  2.64175e-08
 Reference value :  2.64925e-08
 Reference value :  2.65625e-08
 Reference value :  2.66375e-08
 Reference value :  2.67075e-08
 Reference value :  2.67625e-08
 Reference value :  2.68025e-08
 Reference value :  2.68775e-08
 Reference value :  2.69025e-08
 Reference value :  2.69775e-08
 Reference value :  2.70525e-08
 Reference value :  2.71025e-08
 Reference value :  2.71575e-08
 Reference value :  2.72175e-08
 Reference value :  2.72925e-08
 Reference value :  2.73625e-08
 Reference value :  2.74375e-08
 Reference value :  2.75125e-08
 Reference value :  2.75775e-08
 Reference value :  2.76025e-08
 Reference value :  2.76375e-08
 Reference value :  2.76875e-08
 Reference value :  2.77425e-08
 Reference value :  2.77875e-08
 Reference value :  2.78225e-08
 Reference value :  2.78875e-08
 Reference value :  2.79375e-08
 Reference value :  2.79825e-08
 Reference value :  2.80575e-08
 Reference value :  2.81075e-08
 Reference value :  2.81575e-08
 Reference value :  2.81975e-08
 Reference value :  2.82175e-08
 Reference value :  2.82725e-08
 Reference value :  2.83425e-08
 Reference value :  2.84125e-08
 Reference value :  2.84875e-08
 Reference value :  2.85675e-08
 Reference value :  2.86425e-08
 Reference value :  2.87225e-08
 Reference value :  2.87825e-08
 Reference value :  2.88225e-08
 Reference value :  2.88725e-08
 Reference value :  2.89525e-08
 Reference value :  2.90275e-08
 Reference value :  2.91025e-08
 Reference value :  2.91725e-08
 Reference value :  2.92375e-08
 Reference value :  2.93075e-08
 Reference value :  2.93775e-08
 Reference value :  2.94575e-08
 Reference value :  2.95075e-08
 Reference value :  2.95325e-08
 Reference value :  2.96075e-08
 Reference value :  2.96825e-08
 Reference value :  2.97575e-08
 Reference value :  2.98375e-08
 Reference value :  2.99175e-08
 Reference value :  2.99925e-08
 Reference value :  3.00675e-08
 Reference value :  3.01375e-08
 Reference value :  3.02175e-08
 Reference value :  3.02925e-08
 Reference value :  3.03725e-08
 Reference value :  3.04425e-08
 Reference value :  3.05175e-08
 Reference value :  3.05925e-08
 Reference value :  3.06625e-08
 Reference value :  3.07425e-08
 Reference value :  3.08125e-08
 Reference value :  3.08925e-08
 Reference value :  3.09625e-08
 Reference value :  3.10425e-08
 Reference value :  3.11225e-08
 Reference value :  3.11625e-08
 Reference value :  3.11875e-08
 Reference value :  3.12075e-08
 Reference value :  3.12275e-08
 Reference value :  3.12675e-08
 Reference value :  3.13025e-08
 Reference value :  3.13325e-08
 Reference value :  3.13725e-08
 Reference value :  3.14275e-08
 Reference value :  3.14625e-08
 Reference value :  3.15375e-08
 Reference value :  3.16125e-08
 Reference value :  3.16475e-08
 Reference value :  3.17175e-08
 Reference value :  3.17975e-08
 Reference value :  3.18725e-08
 Reference value :  3.19525e-08
 Reference value :  3.20225e-08
 Reference value :  3.20975e-08
 Reference value :  3.21725e-08
 Reference value :  3.22525e-08
 Reference value :  3.23325e-08
 Reference value :  3.24025e-08
 Reference value :  3.24775e-08
 Reference value :  3.25375e-08
 Reference value :  3.25825e-08
 Reference value :  3.26175e-08
 Reference value :  3.26925e-08
 Reference value :  3.27725e-08
 Reference value :  3.28125e-08
 Reference value :  3.28525e-08
 Reference value :  3.29125e-08
 Reference value :  3.29875e-08
 Reference value :  3.30475e-08
 Reference value :  3.31225e-08
 Reference value :  3.31975e-08
 Reference value :  3.32725e-08
 Reference value :  3.33525e-08
 Reference value :  3.34225e-08
 Reference value :  3.34975e-08
 Reference value :  3.35675e-08
 Reference value :  3.36475e-08
 Reference value :  3.37125e-08
 Reference value :  3.37925e-08
 Reference value :  3.38725e-08
 Reference value :  3.39475e-08
 Reference value :  3.40275e-08
 Reference value :  3.40975e-08
 Reference value :  3.41725e-08
 Reference value :  3.42475e-08
 Reference value :  3.43275e-08
 Reference value :  3.43975e-08
 Reference value :  3.44725e-08
 Reference value :  3.45525e-08
 Reference value :  3.46125e-08
 Reference value :  3.46775e-08
 Reference value :  3.47375e-08
 Reference value :  3.47975e-08
 Reference value :  3.48575e-08
 Reference value :  3.49125e-08
 Reference value :  3.49725e-08
 Reference value :  3.50275e-08
 Reference value :  3.50725e-08
 Reference value :  3.51425e-08
 Reference value :  3.52225e-08
 Reference value :  3.52975e-08
 Reference value :  3.53775e-08
 Reference value :  3.54375e-08
 Reference value :  3.55125e-08
 Reference value :  3.55925e-08
 Reference value :  3.56625e-08
 Reference value :  3.57425e-08
 Reference value :  3.57875e-08
 Reference value :  3.58325e-08
 Reference value :  3.58875e-08
 Reference value :  3.59475e-08
 Reference value :  3.60075e-08
 Reference value :  3.60675e-08
 Reference value :  3.61225e-08
 Reference value :  3.61625e-08
 Reference value :  3.61875e-08
 Reference value :  3.62275e-08
 Reference value :  3.62825e-08
 Reference value :  3.63375e-08
 Reference value :  3.63575e-08
 Reference value :  3.64075e-08
 Reference value :  3.64575e-08
 Reference value :  3.65325e-08
 Reference value :  3.66075e-08
 Reference value :  3.66875e-08
 Reference value :  3.67625e-08
 Reference value :  3.68425e-08
 Reference value :  3.69175e-08
 Reference value :  3.69925e-08
 Reference value :  3.70675e-08
 Reference value :  3.71425e-08
 Reference value :  3.72175e-08
 Reference value :  3.72925e-08
 Reference value :  3.73675e-08
 Reference value :  3.74425e-08
 Reference value :  3.75125e-08
 Reference value :  3.75825e-08
 Reference value :  3.76575e-08
 Reference value :  3.77375e-08
 Reference value :  3.78125e-08
 Reference value :  3.78875e-08
 Reference value :  3.79575e-08
 Reference value :  3.80325e-08
 Reference value :  3.81025e-08
 Reference value :  3.81825e-08
 Reference value :  3.82275e-08
 Reference value :  3.83075e-08
 Reference value :  3.83875e-08
 Reference value :  3.84625e-08
 Reference value :  3.85125e-08
 Reference value :  3.85725e-08
 Reference value :  3.86175e-08
 Reference value :  3.86625e-08
 Reference value :  3.87375e-08
 Reference value :  3.88075e-08
 Reference value :  3.88775e-08
 Reference value :  3.89525e-08
 Reference value :  3.90225e-08
 Reference value :  3.90975e-08
 Reference value :  3.91725e-08
 Reference value :  3.92425e-08
 Reference value :  3.93125e-08
 Reference value :  3.93825e-08
 Reference value :  3.94575e-08
 Reference value :  3.95275e-08
 Reference value :  3.96075e-08
 Reference value :  3.96675e-08
 Reference value :  3.97325e-08
 Reference value :  3.98025e-08
 Reference value :  3.98775e-08
 Reference value :  3.99375e-08
 Reference value :  4.00125e-08
 Reference value :  4.00875e-08
 Reference value :  4.01225e-08
 Reference value :  4.01975e-08
 Reference value :  4.02275e-08
 Reference value :  4.03075e-08
 Reference value :  4.03775e-08
 Reference value :  4.04525e-08
 Reference value :  4.05325e-08
 Reference value :  4.06075e-08
 Reference value :  4.06825e-08
 Reference value :  4.07425e-08
 Reference value :  4.07825e-08
 Reference value :  4.08525e-08
 Reference value :  4.09275e-08
 Reference value :  4.10075e-08
 Reference value :  4.10675e-08
 Reference value :  4.11125e-08
 Reference value :  4.11725e-08
 Reference value :  4.12275e-08
 Reference value :  4.12825e-08
 Reference value :  4.13425e-08
 Reference value :  4.13975e-08
 Reference value :  4.14575e-08
 Reference value :  4.14825e-08
 Reference value :  4.15575e-08
 Reference value :  4.16375e-08
 Reference value :  4.16925e-08
 Reference value :  4.17625e-08
 Reference value :  4.18325e-08
 Reference value :  4.19075e-08
 Reference value :  4.19775e-08
 Reference value :  4.20575e-08
 Reference value :  4.21175e-08
 Reference value :  4.21875e-08
 Reference value :  4.22675e-08
 Reference value :  4.23425e-08
 Reference value :  4.24175e-08
 Reference value :  4.24925e-08
 Reference value :  4.25725e-08
 Reference value :  4.26475e-08
 Reference value :  4.27225e-08
 Reference value :  4.28025e-08
 Reference value :  4.28775e-08
 Reference value :  4.29525e-08
 Reference value :  4.30275e-08
 Reference value :  4.31025e-08
 Reference value :  4.31625e-08
 Reference value :  4.32375e-08
 Reference value :  4.33175e-08
 Reference value :  4.33925e-08
 Reference value :  4.34625e-08
 Reference value :  4.35125e-08
 Reference value :  4.35875e-08
 Reference value :  4.36575e-08
 Reference value :  4.37375e-08
 Reference value :  4.38175e-08
 Reference value :  4.38875e-08
 Reference value :  4.39625e-08
 Reference value :  4.40375e-08
 Reference value :  4.41075e-08
 Reference value :  4.41775e-08
 Reference value :  4.42575e-08
 Reference value :  4.43225e-08
 Reference value :  4.43925e-08
 Reference value :  4.44675e-08
 Reference value :  4.45375e-08
 Reference value :  4.46175e-08
 Reference value :  4.46875e-08
 Reference value :  4.47675e-08
 Reference value :  4.48475e-08
 Reference value :  4.49175e-08
 Reference value :  4.49975e-08
 Reference value :  4.50675e-08
 Reference value :  4.51475e-08
 Reference value :  4.52075e-08
 Reference value :  4.52625e-08
 Reference value :  4.53375e-08
 Reference value :  4.53975e-08
 Reference value :  4.54775e-08
 Reference value :  4.55475e-08
 Reference value :  4.56275e-08
 Reference value :  4.57025e-08
 Reference value :  4.57475e-08
 Reference value :  4.57975e-08
 Reference value :  4.58775e-08
 Reference value :  4.59475e-08
 Reference value :  4.60225e-08
 Reference value :  4.60975e-08
 Reference value :  4.61675e-08
 Reference value :  4.62475e-08
 Reference value :  4.63225e-08
 Reference value :  4.64025e-08
 Reference value :  4.64725e-08
 Reference value :  4.65475e-08
 Reference value :  4.66275e-08
 Reference value :  4.66925e-08
 Reference value :  4.67725e-08
 Reference value :  4.68175e-08
 Reference value :  4.68775e-08
 Reference value :  4.69175e-08
 Reference value :  4.69725e-08
 Reference value :  4.70275e-08
 Reference value :  4.70825e-08
 Reference value :  4.71375e-08
 Reference value :  4.71875e-08
 Reference value :  4.72425e-08
 Reference value :  4.72925e-08
 Reference value :  4.73375e-08
 Reference value :  4.73775e-08
 Reference value :  4.74325e-08
 Reference value :  4.74875e-08
 Reference value :  4.75125e-08
 Reference value :  4.75675e-08
 Reference value :  4.76225e-08
 Reference value :  4.76775e-08
 Reference value :  4.77275e-08
 Reference value :  4.77825e-08
 Reference value :  4.78325e-08
 Reference value :  4.78825e-08
 Reference value :  4.79325e-08
 Reference value :  4.79825e-08
 Reference value :  4.80375e-08
 Reference value :  4.80675e-08
 Reference value :  4.81225e-08
 Reference value :  4.81725e-08
 Reference value :  4.82275e-08
 Reference value :  4.82725e-08
 Reference value :  4.83225e-08
 Reference value :  4.83775e-08
 Reference value :  4.84275e-08
 Reference value :  4.84775e-08
 Reference value :  4.85275e-08
 Reference value :  4.85425e-08
 Reference value :  4.85725e-08
 Reference value :  4.86125e-08
 Reference value :  4.86525e-08
 Reference value :  4.86975e-08
 Reference value :  4.87375e-08
 Reference value :  4.87625e-08
 Reference value :  4.88125e-08
 Reference value :  4.88375e-08
 Reference value :  4.88825e-08
 Reference value :  4.89325e-08
 Reference value :  4.89875e-08
 Reference value :  4.90375e-08
 Reference value :  4.90625e-08
 Reference value :  4.91125e-08
 Reference value :  4.91575e-08
 Reference value :  4.91925e-08
 Reference value :  4.92175e-08
 Reference value :  4.92625e-08
 Reference value :  4.92925e-08
 Reference value :  4.93035e-08
 Reference value :  4.93375e-08
 Reference value :  4.93775e-08
 Reference value :  4.93925e-08
 Reference value :  4.94075e-08
 Reference value :  4.94225e-08
 Reference value :  4.94375e-08
 Reference value :  4.94525e-08
 Reference value :  4.94625e-08
 Reference value :  4.94775e-08
 Reference value :  4.94875e-08
 Reference value :  4.95025e-08
 Reference value :  4.95175e-08
 Reference value :  4.95275e-08
 Reference value :  4.95425e-08
 Reference value :  4.95525e-08
 Reference value :  4.95725e-08
 Reference value :  4.96125e-08
 Reference value :  4.96425e-08
 Reference value :  4.96575e-08
 Reference value :  4.96725e-08
 Reference value :  4.96875e-08
 Reference value :  4.96975e-08
 Reference value :  4.97225e-08
 Reference value :  4.97435e-08
 Reference value :  4.97575e-08
 Reference value :  4.97812e-08
 Reference value :  4.97855e-08
 Reference value :  4.97925e-08
 Reference value :  4.98025e-08
 Reference value :  4.98125e-08
 Reference value :  4.98200e-08
 Reference value :  4.98235e-08
 Reference value :  4.98363e-08
 Reference value :  4.98435e-08
 Reference value :  4.98500e-08
 Reference value :  4.98535e-08
 Reference value :  4.98675e-08
 Reference value :  4.98750e-08
 Reference value :  4.98785e-08
 Reference value :  4.98855e-08
 Reference value :  4.98918e-08
 Reference value :  4.98965e-08
 Reference value :  4.99125e-08
 Reference value :  4.99282e-08
 Reference value :  4.99435e-08
 Reference value :  4.99603e-08
 Reference value :  4.99950e-08
 Reference value :  5.00024e-08
 Reference value :  5.00270e-08
 Reference value :  5.00435e-08
 Reference value :  5.00875e-08
 Reference value :  5.01225e-08
 Reference value :  5.01675e-08
 Reference value :  5.02125e-08
 Reference value :  5.02625e-08
 Reference value :  5.03175e-08
 Reference value :  5.03675e-08
 Reference value :  5.04275e-08
 Reference value :  5.04775e-08
 Reference value :  5.05325e-08
 Reference value :  5.05675e-08
 Reference value :  5.06025e-08
 Reference value :  5.06175e-08
 Reference value :  5.06625e-08
 Reference value :  5.06975e-08
 Reference value :  5.07425e-08
 Reference value :  5.07675e-08
 Reference value :  5.08075e-08
 Reference value :  5.08375e-08
 Reference value :  5.08775e-08
 Reference value :  5.09375e-08
 Reference value :  5.09875e-08
 Reference value :  5.10475e-08
 Reference value :  5.11025e-08
 Reference value :  5.11375e-08
 Reference value :  5.11925e-08
 Reference value :  5.12425e-08
 Reference value :  5.12925e-08
 Reference value :  5.13425e-08
 Reference value :  5.13975e-08
 Reference value :  5.14525e-08
 Reference value :  5.15075e-08
 Reference value :  5.15625e-08
 Reference value :  5.16125e-08
 Reference value :  5.16625e-08
 Reference value :  5.17125e-08
 Reference value :  5.17675e-08
 Reference value :  5.18175e-08
 Reference value :  5.18725e-08
 Reference value :  5.19275e-08
 Reference value :  5.19825e-08
 Reference value :  5.20375e-08
 Reference value :  5.20875e-08
 Reference value :  5.21375e-08
 Reference value :  5.21875e-08
 Reference value :  5.22425e-08
 Reference value :  5.22975e-08
 Reference value :  5.23525e-08
 Reference value :  5.24075e-08
 Reference value :  5.24325e-08
 Reference value :  5.24625e-08
 Reference value :  5.25025e-08
 Reference value :  5.25475e-08
 Reference value :  5.25825e-08
 Reference value :  5.26075e-08
 Reference value :  5.26325e-08
 Reference value :  5.26625e-08
 Reference value :  5.26875e-08
 Reference value :  5.27425e-08
 Reference value :  5.27875e-08
 Reference value :  5.28375e-08
 Reference value :  5.28875e-08
 Reference value :  5.29075e-08
 Reference value :  5.29625e-08
 Reference value :  5.30125e-08
 Reference value :  5.30625e-08
 Reference value :  5.31125e-08
 Reference value :  5.31675e-08
 Reference value :  5.32175e-08
 Reference value :  5.32725e-08
 Reference value :  5.33175e-08
 Reference value :  5.33675e-08
 Reference value :  5.34225e-08
 Reference value :  5.34725e-08
 Reference value :  5.35275e-08
 Reference value :  5.35775e-08
 Reference value :  5.36325e-08
 Reference value :  5.36825e-08
 Reference value :  5.37375e-08
 Reference value :  5.37925e-08
 Reference value :  5.38375e-08
 Reference value :  5.38925e-08
 Reference value :  5.39425e-08
 Reference value :  5.39825e-08
 Reference value :  5.40125e-08
 Reference value :  5.40525e-08
 Reference value :  5.40875e-08
 Reference value :  5.41275e-08
 Reference value :  5.41725e-08
 Reference value :  5.42025e-08
 Reference value :  5.42175e-08
 Reference value :  5.42625e-08
 Reference value :  5.42975e-08
 Reference value :  5.43225e-08
 Reference value :  5.43775e-08
 Reference value :  5.44275e-08
 Reference value :  5.44825e-08
 Reference value :  5.45275e-08
 Reference value :  5.45725e-08
 Reference value :  5.46275e-08
 Reference value :  5.46775e-08
 Reference value :  5.47275e-08
 Reference value :  5.47775e-08
 Reference value :  5.48325e-08
 Reference value :  5.48875e-08
 Reference value :  5.49375e-08
 Reference value :  5.49925e-08
 Reference value :  5.50425e-08
 Reference value :  5.50975e-08
 Reference value :  5.51375e-08
 Reference value :  5.51675e-08
 Reference value :  5.52025e-08
 Reference value :  5.52425e-08
 Reference value :  5.52825e-08
 Reference value :  5.53175e-08
 Reference value :  5.53575e-08
 Reference value :  5.53925e-08
 Reference value :  5.54325e-08
 Reference value :  5.54575e-08
 Reference value :  5.55125e-08
 Reference value :  5.55625e-08
 Reference value :  5.56025e-08
 Reference value :  5.56325e-08
 Reference value :  5.56675e-08
 Reference value :  5.57075e-08
 Reference value :  5.57475e-08
 Reference value :  5.57875e-08
 Reference value :  5.58225e-08
 Reference value :  5.58425e-08
 Reference value :  5.58875e-08
 Reference value :  5.59325e-08
 Reference value :  5.59875e-08
No. of Data Rows : 11294
vp1                 =  1.98000e+00 from=  5.40000e-08 to=  5.60000e-08
vp2                 =  1.98000e+00 from=  5.40000e-08 to=  5.60000e-08
vp3                 =  1.98000e+00 from=  5.40000e-08 to=  5.60000e-08
vp4                 =  1.98000e+00 from=  5.40000e-08 to=  5.60000e-08
vp5                 =  1.98000e+00 from=  5.40000e-08 to=  5.60000e-08
vp6                 =  1.98000e+00 from=  5.40000e-08 to=  5.60000e-08
vp7                 =  1.98000e+00 from=  5.40000e-08 to=  5.60000e-08
vp8                 =  1.98000e+00 from=  5.40000e-08 to=  5.60000e-08
vp9                 =  1.98000e+00 from=  5.40000e-08 to=  5.60000e-08
vp10                =  1.98000e+00 from=  5.40000e-08 to=  5.60000e-08
vp11                =  8.63812e-08 from=  5.40000e-08 to=  5.60000e-08
vp12                =  8.63812e-08 from=  5.40000e-08 to=  5.60000e-08
vq1                 =  1.98000e+00 from=  5.40000e-08 to=  5.60000e-08
vq2                 =  1.98000e+00 from=  5.40000e-08 to=  5.60000e-08
vq3                 =  1.98000e+00 from=  5.40000e-08 to=  5.60000e-08
vq4                 =  1.98000e+00 from=  5.40000e-08 to=  5.60000e-08
vq5                 =  1.98000e+00 from=  5.40000e-08 to=  5.60000e-08
vq6                 =  1.98000e+00 from=  5.40000e-08 to=  5.60000e-08
vq7                 =  1.98000e+00 from=  5.40000e-08 to=  5.60000e-08
vq8                 =  1.98000e+00 from=  5.40000e-08 to=  5.60000e-08
vq9                 =  1.98000e+00 from=  5.40000e-08 to=  5.60000e-08
vq10                =  1.98000e+00 from=  5.40000e-08 to=  5.60000e-08
vq11                =  1.98000e+00 from=  5.40000e-08 to=  5.60000e-08
vq12                =  9.41504e-08 from=  5.40000e-08 to=  5.60000e-08
cap_pex_3200ps = 1.000000e+00
cap_pex_800ps = 1.000000e+00
cap_pex_260ps = 1.000000e+00
cap_pex_215ps = 1.000000e+00
cap_pex_180ps = 1.000000e+00
cap_pex_150ps = 1.000000e+00
cap_pex_125ps = 1.000000e+00
cap_pex_105ps = 1.000000e+00
cap_pex_88ps = 1.000000e+00
cap_pex_73ps = 1.000000e+00
cap_pex_60ps = 4.362688e-08
cap_pex_45ps = 4.362686e-08
cap_pre_3200ps = 1.000000e+00
cap_pre_800ps = 1.000000e+00
cap_pre_260ps = 1.000000e+00
cap_pre_215ps = 1.000000e+00
cap_pre_180ps = 1.000000e+00
cap_pre_150ps = 1.000000e+00
cap_pre_125ps = 1.000000e+00
cap_pre_105ps = 1.000000e+00
cap_pre_88ps = 1.000000e+00
cap_pre_73ps = 1.000000e+00
cap_pre_60ps = 1.000000e+00
cap_pre_45ps = 4.755071e-08
Note: Simulation executed from .control section 

----- stderr -----

Checking parameters for BSIM 4.5 model xlq12.xmn:nshort_model.48
Warning: Eta0 = -0.0261666 is negative.

Checking parameters for BSIM 4.5 model xlq12.xmp:pshort_model.40
Warning: A2 = 1.0885 is larger than 1. A2 is set to 1 and A1 is set to 0.
Warning: Pdibl1 = -0.00669442 is negative.

Checking parameters for BSIM 4.5 model xlq11.xmn:nshort_model.48
Warning: Eta0 = -0.0261666 is negative.

Checking parameters for BSIM 4.5 model xlq11.xmp:pshort_model.40
Warning: A2 = 1.0885 is larger than 1. A2 is set to 1 and A1 is set to 0.
Warning: Pdibl1 = -0.00669442 is negative.

Checking parameters for BSIM 4.5 model xlq10.xmn:nshort_model.48
Warning: Eta0 = -0.0261666 is negative.

Checking parameters for BSIM 4.5 model xlq10.xmp:pshort_model.40
Warning: A2 = 1.0885 is larger than 1. A2 is set to 1 and A1 is set to 0.
Warning: Pdibl1 = -0.00669442 is negative.

Checking parameters for BSIM 4.5 model xlq9.xmn:nshort_model.48
Warning: Eta0 = -0.0261666 is negative.

Checking parameters for BSIM 4.5 model xlq9.xmp:pshort_model.40
Warning: A2 = 1.0885 is larger than 1. A2 is set to 1 and A1 is set to 0.
Warning: Pdibl1 = -0.00669442 is negative.

Checking parameters for BSIM 4.5 model xlq8.xmn:nshort_model.48
Warning: Eta0 = -0.0261666 is negative.

Checking parameters for BSIM 4.5 model xlq8.xmp:pshort_model.40
Warning: A2 = 1.0885 is larger than 1. A2 is set to 1 and A1 is set to 0.
Warning: Pdibl1 = -0.00669442 is negative.

Checking parameters for BSIM 4.5 model xlq7.xmn:nshort_model.48
Warning: Eta0 = -0.0261666 is negative.

Checking parameters for BSIM 4.5 model xlq7.xmp:pshort_model.40
Warning: A2 = 1.0885 is larger than 1. A2 is set to 1 and A1 is set to 0.
Warning: Pdibl1 = -0.00669442 is negative.

Checking parameters for BSIM 4.5 model xlq6.xmn:nshort_model.48
Warning: Eta0 = -0.0261666 is negative.

Checking parameters for BSIM 4.5 model xlq6.xmp:pshort_model.40
Warning: A2 = 1.0885 is larger than 1. A2 is set to 1 and A1 is set to 0.
Warning: Pdibl1 = -0.00669442 is negative.

Checking parameters for BSIM 4.5 model xlq5.xmn:nshort_model.48
Warning: Eta0 = -0.0261666 is negative.

Checking parameters for BSIM 4.5 model xlq5.xmp:pshort_model.40
Warning: A2 = 1.0885 is larger than 1. A2 is set to 1 and A1 is set to 0.
Warning: Pdibl1 = -0.00669442 is negative.

Checking parameters for BSIM 4.5 model xlq4.xmn:nshort_model.48
Warning: Eta0 = -0.0261666 is negative.

Checking parameters for BSIM 4.5 model xlq4.xmp:pshort_model.40
Warning: A2 = 1.0885 is larger than 1. A2 is set to 1 and A1 is set to 0.
Warning: Pdibl1 = -0.00669442 is negative.

Checking parameters for BSIM 4.5 model xlq3.xmn:nshort_model.48
Warning: Eta0 = -0.0261666 is negative.

Checking parameters for BSIM 4.5 model xlq3.xmp:pshort_model.40
Warning: A2 = 1.0885 is larger than 1. A2 is set to 1 and A1 is set to 0.
Warning: Pdibl1 = -0.00669442 is negative.

Checking parameters for BSIM 4.5 model xlq2.xmn:nshort_model.48
Warning: Eta0 = -0.0261666 is negative.

Checking parameters for BSIM 4.5 model xlq2.xmp:pshort_model.40
Warning: A2 = 1.0885 is larger than 1. A2 is set to 1 and A1 is set to 0.
Warning: Pdibl1 = -0.00669442 is negative.

Checking parameters for BSIM 4.5 model xlq1.xmn:nshort_model.48
Warning: Eta0 = -0.0261666 is negative.

Checking parameters for BSIM 4.5 model xlq1.xmp:pshort_model.40
Warning: A2 = 1.0885 is larger than 1. A2 is set to 1 and A1 is set to 0.
Warning: Pdibl1 = -0.00669442 is negative.

Checking parameters for BSIM 4.5 model xlp12.xpex.xn2:pshort_model.40
Warning: A2 = 1.0885 is larger than 1. A2 is set to 1 and A1 is set to 0.
Warning: Pdibl1 = -0.00669442 is negative.

Checking parameters for BSIM 4.5 model xlp12.xpex.xn1:nshort_model.48
Warning: Eta0 = -0.0261666 is negative.

Checking parameters for BSIM 4.5 model xlp11.xpex.xn2:pshort_model.40
Warning: A2 = 1.0885 is larger than 1. A2 is set to 1 and A1 is set to 0.
Warning: Pdibl1 = -0.00669442 is negative.

Checking parameters for BSIM 4.5 model xlp11.xpex.xn1:nshort_model.48
Warning: Eta0 = -0.0261666 is negative.

Checking parameters for BSIM 4.5 model xlp10.xpex.xn2:pshort_model.40
Warning: A2 = 1.0885 is larger than 1. A2 is set to 1 and A1 is set to 0.
Warning: Pdibl1 = -0.00669442 is negative.

Checking parameters for BSIM 4.5 model xlp10.xpex.xn1:nshort_model.48
Warning: Eta0 = -0.0261666 is negative.

Checking parameters for BSIM 4.5 model xlp9.xpex.xn2:pshort_model.40
Warning: A2 = 1.0885 is larger than 1. A2 is set to 1 and A1 is set to 0.
Warning: Pdibl1 = -0.00669442 is negative.

Checking parameters for BSIM 4.5 model xlp9.xpex.xn1:nshort_model.48
Warning: Eta0 = -0.0261666 is negative.

Checking parameters for BSIM 4.5 model xlp8.xpex.xn2:pshort_model.40
Warning: A2 = 1.0885 is larger than 1. A2 is set to 1 and A1 is set to 0.
Warning: Pdibl1 = -0.00669442 is negative.

Checking parameters for BSIM 4.5 model xlp8.xpex.xn1:nshort_model.48
Warning: Eta0 = -0.0261666 is negative.

Checking parameters for BSIM 4.5 model xlp7.xpex.xn2:pshort_model.40
Warning: A2 = 1.0885 is larger than 1. A2 is set to 1 and A1 is set to 0.
Warning: Pdibl1 = -0.00669442 is negative.

Checking parameters for BSIM 4.5 model xlp7.xpex.xn1:nshort_model.48
Warning: Eta0 = -0.0261666 is negative.

Checking parameters for BSIM 4.5 model xlp6.xpex.xn2:pshort_model.40
Warning: A2 = 1.0885 is larger than 1. A2 is set to 1 and A1 is set to 0.
Warning: Pdibl1 = -0.00669442 is negative.

Checking parameters for BSIM 4.5 model xlp6.xpex.xn1:nshort_model.48
Warning: Eta0 = -0.0261666 is negative.

Checking parameters for BSIM 4.5 model xlp5.xpex.xn2:pshort_model.40
Warning: A2 = 1.0885 is larger than 1. A2 is set to 1 and A1 is set to 0.
Warning: Pdibl1 = -0.00669442 is negative.

Checking parameters for BSIM 4.5 model xlp5.xpex.xn1:nshort_model.48
Warning: Eta0 = -0.0261666 is negative.

Checking parameters for BSIM 4.5 model xlp4.xpex.xn2:pshort_model.40
Warning: A2 = 1.0885 is larger than 1. A2 is set to 1 and A1 is set to 0.
Warning: Pdibl1 = -0.00669442 is negative.

Checking parameters for BSIM 4.5 model xlp4.xpex.xn1:nshort_model.48
Warning: Eta0 = -0.0261666 is negative.

Checking parameters for BSIM 4.5 model xlp3.xpex.xn2:pshort_model.40
Warning: A2 = 1.0885 is larger than 1. A2 is set to 1 and A1 is set to 0.
Warning: Pdibl1 = -0.00669442 is negative.

Checking parameters for BSIM 4.5 model xlp3.xpex.xn1:nshort_model.48
Warning: Eta0 = -0.0261666 is negative.

Checking parameters for BSIM 4.5 model xlp2.xpex.xn2:pshort_model.40
Warning: A2 = 1.0885 is larger than 1. A2 is set to 1 and A1 is set to 0.
Warning: Pdibl1 = -0.00669442 is negative.

Checking parameters for BSIM 4.5 model xlp2.xpex.xn1:nshort_model.48
Warning: Eta0 = -0.0261666 is negative.

Checking parameters for BSIM 4.5 model xlp1.xpex.xn2:pshort_model.40
Warning: A2 = 1.0885 is larger than 1. A2 is set to 1 and A1 is set to 0.
Warning: Pdibl1 = -0.00669442 is negative.

Checking parameters for BSIM 4.5 model xlp1.xpex.xn1:nshort_model.48
Warning: Eta0 = -0.0261666 is negative.

Checking parameters for BSIM 4.5 model xq12.xmfsn:nshort_model.48
Warning: Eta0 = -0.0261666 is negative.

Checking parameters for BSIM 4.5 model xq12.xmfsp:pshort_model.40
Warning: A2 = 1.0885 is larger than 1. A2 is set to 1 and A1 is set to 0.
Warning: Pdibl1 = -0.00669442 is negative.

Checking parameters for BSIM 4.5 model xq12.xmis2nb:nshort_model.40
Warning: Eta0 = -0.00908636 is negative.

Checking parameters for BSIM 4.5 model xq12.xmis2na:nshort_model.40
Warning: Eta0 = -0.00908636 is negative.

Checking parameters for BSIM 4.5 model xq12.xmis2pb:pshort_model.40
Warning: A2 = 1.0885 is larger than 1. A2 is set to 1 and A1 is set to 0.
Warning: Pdibl1 = -0.00669442 is negative.

Checking parameters for BSIM 4.5 model xq12.xmis2pa:pshort_model.40
Warning: A2 = 1.0885 is larger than 1. A2 is set to 1 and A1 is set to 0.
Warning: Pdibl1 = -0.00669442 is negative.

Checking parameters for BSIM 4.5 model xq12.xmisn:nshort_model.48
Warning: Eta0 = -0.0261666 is negative.

Checking parameters for BSIM 4.5 model xq12.xmisp:pshort_model.40
Warning: A2 = 1.0885 is larger than 1. A2 is set to 1 and A1 is set to 0.
Warning: Pdibl1 = -0.00669442 is negative.

Checking parameters for BSIM 4.5 model xq12.xmtsn:nshort_model.48
Warning: Eta0 = -0.0261666 is negative.

Checking parameters for BSIM 4.5 model xq12.xmtsp:pshort_model.40
Warning: A2 = 1.0885 is larger than 1. A2 is set to 1 and A1 is set to 0.
Warning: Pdibl1 = -0.00669442 is negative.

Checking parameters for BSIM 4.5 model xq12.xmfmn:nshort_model.48
Warning: Eta0 = -0.0261666 is negative.

Checking parameters for BSIM 4.5 model xq12.xmfmp:pshort_model.40
Warning: A2 = 1.0885 is larger than 1. A2 is set to 1 and A1 is set to 0.
Warning: Pdibl1 = -0.00669442 is negative.

Checking parameters for BSIM 4.5 model xq12.xmim2n:nshort_model.48
Warning: Eta0 = -0.0261666 is negative.

Checking parameters for BSIM 4.5 model xq12.xmim2p:pshort_model.40
Warning: A2 = 1.0885 is larger than 1. A2 is set to 1 and A1 is set to 0.
Warning: Pdibl1 = -0.00669442 is negative.

Checking parameters for BSIM 4.5 model xq12.xmimnb:nshort_model.40
Warning: Eta0 = -0.00908636 is negative.

Checking parameters for BSIM 4.5 model xq12.xmimna:nshort_model.40
Warning: Eta0 = -0.00908636 is negative.

Checking parameters for BSIM 4.5 model xq12.xmimpb:pshort_model.40
Warning: A2 = 1.0885 is larger than 1. A2 is set to 1 and A1 is set to 0.
Warning: Pdibl1 = -0.00669442 is negative.

Checking parameters for BSIM 4.5 model xq12.xmimpa:pshort_model.40
Warning: A2 = 1.0885 is larger than 1. A2 is set to 1 and A1 is set to 0.
Warning: Pdibl1 = -0.00669442 is negative.

Checking parameters for BSIM 4.5 model xq12.xmtdn:nshort_model.48
Warning: Eta0 = -0.0261666 is negative.

Checking parameters for BSIM 4.5 model xq12.xmtdp:pshort_model.40
Warning: A2 = 1.0885 is larger than 1. A2 is set to 1 and A1 is set to 0.
Warning: Pdibl1 = -0.00669442 is negative.

Checking parameters for BSIM 4.5 model xq12.xmnc:nshort_model.48
Warning: Eta0 = -0.0261666 is negative.

Checking parameters for BSIM 4.5 model xq12.xmpc:pshort_model.40
Warning: A2 = 1.0885 is larger than 1. A2 is set to 1 and A1 is set to 0.
Warning: Pdibl1 = -0.00669442 is negative.

Checking parameters for BSIM 4.5 model xq11.xmfsn:nshort_model.48
Warning: Eta0 = -0.0261666 is negative.

Checking parameters for BSIM 4.5 model xq11.xmfsp:pshort_model.40
Warning: A2 = 1.0885 is larger than 1. A2 is set to 1 and A1 is set to 0.
Warning: Pdibl1 = -0.00669442 is negative.

Checking parameters for BSIM 4.5 model xq11.xmis2nb:nshort_model.40
Warning: Eta0 = -0.00908636 is negative.

Checking parameters for BSIM 4.5 model xq11.xmis2na:nshort_model.40
Warning: Eta0 = -0.00908636 is negative.

Checking parameters for BSIM 4.5 model xq11.xmis2pb:pshort_model.40
Warning: A2 = 1.0885 is larger than 1. A2 is set to 1 and A1 is set to 0.
Warning: Pdibl1 = -0.00669442 is negative.

Checking parameters for BSIM 4.5 model xq11.xmis2pa:pshort_model.40
Warning: A2 = 1.0885 is larger than 1. A2 is set to 1 and A1 is set to 0.
Warning: Pdibl1 = -0.00669442 is negative.

Checking parameters for BSIM 4.5 model xq11.xmisn:nshort_model.48
Warning: Eta0 = -0.0261666 is negative.

Checking parameters for BSIM 4.5 model xq11.xmisp:pshort_model.40
Warning: A2 = 1.0885 is larger than 1. A2 is set to 1 and A1 is set to 0.
Warning: Pdibl1 = -0.00669442 is negative.

Checking parameters for BSIM 4.5 model xq11.xmtsn:nshort_model.48
Warning: Eta0 = -0.0261666 is negative.

Checking parameters for BSIM 4.5 model xq11.xmtsp:pshort_model.40
Warning: A2 = 1.0885 is larger than 1. A2 is set to 1 and A1 is set to 0.
Warning: Pdibl1 = -0.00669442 is negative.

Checking parameters for BSIM 4.5 model xq11.xmfmn:nshort_model.48
Warning: Eta0 = -0.0261666 is negative.

Checking parameters for BSIM 4.5 model xq11.xmfmp:pshort_model.40
Warning: A2 = 1.0885 is larger than 1. A2 is set to 1 and A1 is set to 0.
Warning: Pdibl1 = -0.00669442 is negative.

Checking parameters for BSIM 4.5 model xq11.xmim2n:nshort_model.48
Warning: Eta0 = -0.0261666 is negative.

Checking parameters for BSIM 4.5 model xq11.xmim2p:pshort_model.40
Warning: A2 = 1.0885 is larger than 1. A2 is set to 1 and A1 is set to 0.
Warning: Pdibl1 = -0.00669442 is negative.

Checking parameters for BSIM 4.5 model xq11.xmimnb:nshort_model.40
Warning: Eta0 = -0.00908636 is negative.

Checking parameters for BSIM 4.5 model xq11.xmimna:nshort_model.40
Warning: Eta0 = -0.00908636 is negative.

Checking parameters for BSIM 4.5 model xq11.xmimpb:pshort_model.40
Warning: A2 = 1.0885 is larger than 1. A2 is set to 1 and A1 is set to 0.
Warning: Pdibl1 = -0.00669442 is negative.

Checking parameters for BSIM 4.5 model xq11.xmimpa:pshort_model.40
Warning: A2 = 1.0885 is larger than 1. A2 is set to 1 and A1 is set to 0.
Warning: Pdibl1 = -0.00669442 is negative.

Checking parameters for BSIM 4.5 model xq11.xmtdn:nshort_model.48
Warning: Eta0 = -0.0261666 is negative.

Checking parameters for BSIM 4.5 model xq11.xmtdp:pshort_model.40
Warning: A2 = 1.0885 is larger than 1. A2 is set to 1 and A1 is set to 0.
Warning: Pdibl1 = -0.00669442 is negative.

Checking parameters for BSIM 4.5 model xq11.xmnc:nshort_model.48
Warning: Eta0 = -0.0261666 is negative.

Checking parameters for BSIM 4.5 model xq11.xmpc:pshort_model.40
Warning: A2 = 1.0885 is larger than 1. A2 is set to 1 and A1 is set to 0.
Warning: Pdibl1 = -0.00669442 is negative.

Checking parameters for BSIM 4.5 model xq10.xmfsn:nshort_model.48
Warning: Eta0 = -0.0261666 is negative.

Checking parameters for BSIM 4.5 model xq10.xmfsp:pshort_model.40
Warning: A2 = 1.0885 is larger than 1. A2 is set to 1 and A1 is set to 0.
Warning: Pdibl1 = -0.00669442 is negative.

Checking parameters for BSIM 4.5 model xq10.xmis2nb:nshort_model.40
Warning: Eta0 = -0.00908636 is negative.

Checking parameters for BSIM 4.5 model xq10.xmis2na:nshort_model.40
Warning: Eta0 = -0.00908636 is negative.

Checking parameters for BSIM 4.5 model xq10.xmis2pb:pshort_model.40
Warning: A2 = 1.0885 is larger than 1. A2 is set to 1 and A1 is set to 0.
Warning: Pdibl1 = -0.00669442 is negative.

Checking parameters for BSIM 4.5 model xq10.xmis2pa:pshort_model.40
Warning: A2 = 1.0885 is larger than 1. A2 is set to 1 and A1 is set to 0.
Warning: Pdibl1 = -0.00669442 is negative.

Checking parameters for BSIM 4.5 model xq10.xmisn:nshort_model.48
Warning: Eta0 = -0.0261666 is negative.

Checking parameters for BSIM 4.5 model xq10.xmisp:pshort_model.40
Warning: A2 = 1.0885 is larger than 1. A2 is set to 1 and A1 is set to 0.
Warning: Pdibl1 = -0.00669442 is negative.

Checking parameters for BSIM 4.5 model xq10.xmtsn:nshort_model.48
Warning: Eta0 = -0.0261666 is negative.

Checking parameters for BSIM 4.5 model xq10.xmtsp:pshort_model.40
Warning: A2 = 1.0885 is larger than 1. A2 is set to 1 and A1 is set to 0.
Warning: Pdibl1 = -0.00669442 is negative.

Checking parameters for BSIM 4.5 model xq10.xmfmn:nshort_model.48
Warning: Eta0 = -0.0261666 is negative.

Checking parameters for BSIM 4.5 model xq10.xmfmp:pshort_model.40
Warning: A2 = 1.0885 is larger than 1. A2 is set to 1 and A1 is set to 0.
Warning: Pdibl1 = -0.00669442 is negative.

Checking parameters for BSIM 4.5 model xq10.xmim2n:nshort_model.48
Warning: Eta0 = -0.0261666 is negative.

Checking parameters for BSIM 4.5 model xq10.xmim2p:pshort_model.40
Warning: A2 = 1.0885 is larger than 1. A2 is set to 1 and A1 is set to 0.
Warning: Pdibl1 = -0.00669442 is negative.

Checking parameters for BSIM 4.5 model xq10.xmimnb:nshort_model.40
Warning: Eta0 = -0.00908636 is negative.

Checking parameters for BSIM 4.5 model xq10.xmimna:nshort_model.40
Warning: Eta0 = -0.00908636 is negative.

Checking parameters for BSIM 4.5 model xq10.xmimpb:pshort_model.40
Warning: A2 = 1.0885 is larger than 1. A2 is set to 1 and A1 is set to 0.
Warning: Pdibl1 = -0.00669442 is negative.

Checking parameters for BSIM 4.5 model xq10.xmimpa:pshort_model.40
Warning: A2 = 1.0885 is larger than 1. A2 is set to 1 and A1 is set to 0.
Warning: Pdibl1 = -0.00669442 is negative.

Checking parameters for BSIM 4.5 model xq10.xmtdn:nshort_model.48
Warning: Eta0 = -0.0261666 is negative.

Checking parameters for BSIM 4.5 model xq10.xmtdp:pshort_model.40
Warning: A2 = 1.0885 is larger than 1. A2 is set to 1 and A1 is set to 0.
Warning: Pdibl1 = -0.00669442 is negative.

Checking parameters for BSIM 4.5 model xq10.xmnc:nshort_model.48
Warning: Eta0 = -0.0261666 is negative.

Checking parameters for BSIM 4.5 model xq10.xmpc:pshort_model.40
Warning: A2 = 1.0885 is larger than 1. A2 is set to 1 and A1 is set to 0.
Warning: Pdibl1 = -0.00669442 is negative.

Checking parameters for BSIM 4.5 model xq9.xmfsn:nshort_model.48
Warning: Eta0 = -0.0261666 is negative.

Checking parameters for BSIM 4.5 model xq9.xmfsp:pshort_model.40
Warning: A2 = 1.0885 is larger than 1. A2 is set to 1 and A1 is set to 0.
Warning: Pdibl1 = -0.00669442 is negative.

Checking parameters for BSIM 4.5 model xq9.xmis2nb:nshort_model.40
Warning: Eta0 = -0.00908636 is negative.

Checking parameters for BSIM 4.5 model xq9.xmis2na:nshort_model.40
Warning: Eta0 = -0.00908636 is negative.

Checking parameters for BSIM 4.5 model xq9.xmis2pb:pshort_model.40
Warning: A2 = 1.0885 is larger than 1. A2 is set to 1 and A1 is set to 0.
Warning: Pdibl1 = -0.00669442 is negative.

Checking parameters for BSIM 4.5 model xq9.xmis2pa:pshort_model.40
Warning: A2 = 1.0885 is larger than 1. A2 is set to 1 and A1 is set to 0.
Warning: Pdibl1 = -0.00669442 is negative.

Checking parameters for BSIM 4.5 model xq9.xmisn:nshort_model.48
Warning: Eta0 = -0.0261666 is negative.

Checking parameters for BSIM 4.5 model xq9.xmisp:pshort_model.40
Warning: A2 = 1.0885 is larger than 1. A2 is set to 1 and A1 is set to 0.
Warning: Pdibl1 = -0.00669442 is negative.

Checking parameters for BSIM 4.5 model xq9.xmtsn:nshort_model.48
Warning: Eta0 = -0.0261666 is negative.

Checking parameters for BSIM 4.5 model xq9.xmtsp:pshort_model.40
Warning: A2 = 1.0885 is larger than 1. A2 is set to 1 and A1 is set to 0.
Warning: Pdibl1 = -0.00669442 is negative.

Checking parameters for BSIM 4.5 model xq9.xmfmn:nshort_model.48
Warning: Eta0 = -0.0261666 is negative.

Checking parameters for BSIM 4.5 model xq9.xmfmp:pshort_model.40
Warning: A2 = 1.0885 is larger than 1. A2 is set to 1 and A1 is set to 0.
Warning: Pdibl1 = -0.00669442 is negative.

Checking parameters for BSIM 4.5 model xq9.xmim2n:nshort_model.48
Warning: Eta0 = -0.0261666 is negative.

Checking parameters for BSIM 4.5 model xq9.xmim2p:pshort_model.40
Warning: A2 = 1.0885 is larger than 1. A2 is set to 1 and A1 is set to 0.
Warning: Pdibl1 = -0.00669442 is negative.

Checking parameters for BSIM 4.5 model xq9.xmimnb:nshort_model.40
Warning: Eta0 = -0.00908636 is negative.

Checking parameters for BSIM 4.5 model xq9.xmimna:nshort_model.40
Warning: Eta0 = -0.00908636 is negative.

Checking parameters for BSIM 4.5 model xq9.xmimpb:pshort_model.40
Warning: A2 = 1.0885 is larger than 1. A2 is set to 1 and A1 is set to 0.
Warning: Pdibl1 = -0.00669442 is negative.

Checking parameters for BSIM 4.5 model xq9.xmimpa:pshort_model.40
Warning: A2 = 1.0885 is larger than 1. A2 is set to 1 and A1 is set to 0.
Warning: Pdibl1 = -0.00669442 is negative.

Checking parameters for BSIM 4.5 model xq9.xmtdn:nshort_model.48
Warning: Eta0 = -0.0261666 is negative.

Checking parameters for BSIM 4.5 model xq9.xmtdp:pshort_model.40
Warning: A2 = 1.0885 is larger than 1. A2 is set to 1 and A1 is set to 0.
Warning: Pdibl1 = -0.00669442 is negative.

Checking parameters for BSIM 4.5 model xq9.xmnc:nshort_model.48
Warning: Eta0 = -0.0261666 is negative.

Checking parameters for BSIM 4.5 model xq9.xmpc:pshort_model.40
Warning: A2 = 1.0885 is larger than 1. A2 is set to 1 and A1 is set to 0.
Warning: Pdibl1 = -0.00669442 is negative.

Checking parameters for BSIM 4.5 model xq8.xmfsn:nshort_model.48
Warning: Eta0 = -0.0261666 is negative.

Checking parameters for BSIM 4.5 model xq8.xmfsp:pshort_model.40
Warning: A2 = 1.0885 is larger than 1. A2 is set to 1 and A1 is set to 0.
Warning: Pdibl1 = -0.00669442 is negative.

Checking parameters for BSIM 4.5 model xq8.xmis2nb:nshort_model.40
Warning: Eta0 = -0.00908636 is negative.

Checking parameters for BSIM 4.5 model xq8.xmis2na:nshort_model.40
Warning: Eta0 = -0.00908636 is negative.

Checking parameters for BSIM 4.5 model xq8.xmis2pb:pshort_model.40
Warning: A2 = 1.0885 is larger than 1. A2 is set to 1 and A1 is set to 0.
Warning: Pdibl1 = -0.00669442 is negative.

Checking parameters for BSIM 4.5 model xq8.xmis2pa:pshort_model.40
Warning: A2 = 1.0885 is larger than 1. A2 is set to 1 and A1 is set to 0.
Warning: Pdibl1 = -0.00669442 is negative.

Checking parameters for BSIM 4.5 model xq8.xmisn:nshort_model.48
Warning: Eta0 = -0.0261666 is negative.

Checking parameters for BSIM 4.5 model xq8.xmisp:pshort_model.40
Warning: A2 = 1.0885 is larger than 1. A2 is set to 1 and A1 is set to 0.
Warning: Pdibl1 = -0.00669442 is negative.

Checking parameters for BSIM 4.5 model xq8.xmtsn:nshort_model.48
Warning: Eta0 = -0.0261666 is negative.

Checking parameters for BSIM 4.5 model xq8.xmtsp:pshort_model.40
Warning: A2 = 1.0885 is larger than 1. A2 is set to 1 and A1 is set to 0.
Warning: Pdibl1 = -0.00669442 is negative.

Checking parameters for BSIM 4.5 model xq8.xmfmn:nshort_model.48
Warning: Eta0 = -0.0261666 is negative.

Checking parameters for BSIM 4.5 model xq8.xmfmp:pshort_model.40
Warning: A2 = 1.0885 is larger than 1. A2 is set to 1 and A1 is set to 0.
Warning: Pdibl1 = -0.00669442 is negative.

Checking parameters for BSIM 4.5 model xq8.xmim2n:nshort_model.48
Warning: Eta0 = -0.0261666 is negative.

Checking parameters for BSIM 4.5 model xq8.xmim2p:pshort_model.40
Warning: A2 = 1.0885 is larger than 1. A2 is set to 1 and A1 is set to 0.
Warning: Pdibl1 = -0.00669442 is negative.

Checking parameters for BSIM 4.5 model xq8.xmimnb:nshort_model.40
Warning: Eta0 = -0.00908636 is negative.

Checking parameters for BSIM 4.5 model xq8.xmimna:nshort_model.40
Warning: Eta0 = -0.00908636 is negative.

Checking parameters for BSIM 4.5 model xq8.xmimpb:pshort_model.40
Warning: A2 = 1.0885 is larger than 1. A2 is set to 1 and A1 is set to 0.
Warning: Pdibl1 = -0.00669442 is negative.

Checking parameters for BSIM 4.5 model xq8.xmimpa:pshort_model.40
Warning: A2 = 1.0885 is larger than 1. A2 is set to 1 and A1 is set to 0.
Warning: Pdibl1 = -0.00669442 is negative.

Checking parameters for BSIM 4.5 model xq8.xmtdn:nshort_model.48
Warning: Eta0 = -0.0261666 is negative.

Checking parameters for BSIM 4.5 model xq8.xmtdp:pshort_model.40
Warning: A2 = 1.0885 is larger than 1. A2 is set to 1 and A1 is set to 0.
Warning: Pdibl1 = -0.00669442 is negative.

Checking parameters for BSIM 4.5 model xq8.xmnc:nshort_model.48
Warning: Eta0 = -0.0261666 is negative.

Checking parameters for BSIM 4.5 model xq8.xmpc:pshort_model.40
Warning: A2 = 1.0885 is larger than 1. A2 is set to 1 and A1 is set to 0.
Warning: Pdibl1 = -0.00669442 is negative.

Checking parameters for BSIM 4.5 model xq7.xmfsn:nshort_model.48
Warning: Eta0 = -0.0261666 is negative.

Checking parameters for BSIM 4.5 model xq7.xmfsp:pshort_model.40
Warning: A2 = 1.0885 is larger than 1. A2 is set to 1 and A1 is set to 0.
Warning: Pdibl1 = -0.00669442 is negative.

Checking parameters for BSIM 4.5 model xq7.xmis2nb:nshort_model.40
Warning: Eta0 = -0.00908636 is negative.

Checking parameters for BSIM 4.5 model xq7.xmis2na:nshort_model.40
Warning: Eta0 = -0.00908636 is negative.

Checking parameters for BSIM 4.5 model xq7.xmis2pb:pshort_model.40
Warning: A2 = 1.0885 is larger than 1. A2 is set to 1 and A1 is set to 0.
Warning: Pdibl1 = -0.00669442 is negative.

Checking parameters for BSIM 4.5 model xq7.xmis2pa:pshort_model.40
Warning: A2 = 1.0885 is larger than 1. A2 is set to 1 and A1 is set to 0.
Warning: Pdibl1 = -0.00669442 is negative.

Checking parameters for BSIM 4.5 model xq7.xmisn:nshort_model.48
Warning: Eta0 = -0.0261666 is negative.

Checking parameters for BSIM 4.5 model xq7.xmisp:pshort_model.40
Warning: A2 = 1.0885 is larger than 1. A2 is set to 1 and A1 is set to 0.
Warning: Pdibl1 = -0.00669442 is negative.

Checking parameters for BSIM 4.5 model xq7.xmtsn:nshort_model.48
Warning: Eta0 = -0.0261666 is negative.

Checking parameters for BSIM 4.5 model xq7.xmtsp:pshort_model.40
Warning: A2 = 1.0885 is larger than 1. A2 is set to 1 and A1 is set to 0.
Warning: Pdibl1 = -0.00669442 is negative.

Checking parameters for BSIM 4.5 model xq7.xmfmn:nshort_model.48
Warning: Eta0 = -0.0261666 is negative.

Checking parameters for BSIM 4.5 model xq7.xmfmp:pshort_model.40
Warning: A2 = 1.0885 is larger than 1. A2 is set to 1 and A1 is set to 0.
Warning: Pdibl1 = -0.00669442 is negative.

Checking parameters for BSIM 4.5 model xq7.xmim2n:nshort_model.48
Warning: Eta0 = -0.0261666 is negative.

Checking parameters for BSIM 4.5 model xq7.xmim2p:pshort_model.40
Warning: A2 = 1.0885 is larger than 1. A2 is set to 1 and A1 is set to 0.
Warning: Pdibl1 = -0.00669442 is negative.

Checking parameters for BSIM 4.5 model xq7.xmimnb:nshort_model.40
Warning: Eta0 = -0.00908636 is negative.

Checking parameters for BSIM 4.5 model xq7.xmimna:nshort_model.40
Warning: Eta0 = -0.00908636 is negative.

Checking parameters for BSIM 4.5 model xq7.xmimpb:pshort_model.40
Warning: A2 = 1.0885 is larger than 1. A2 is set to 1 and A1 is set to 0.
Warning: Pdibl1 = -0.00669442 is negative.

Checking parameters for BSIM 4.5 model xq7.xmimpa:pshort_model.40
Warning: A2 = 1.0885 is larger than 1. A2 is set to 1 and A1 is set to 0.
Warning: Pdibl1 = -0.00669442 is negative.

Checking parameters for BSIM 4.5 model xq7.xmtdn:nshort_model.48
Warning: Eta0 = -0.0261666 is negative.

Checking parameters for BSIM 4.5 model xq7.xmtdp:pshort_model.40
Warning: A2 = 1.0885 is larger than 1. A2 is set to 1 and A1 is set to 0.
Warning: Pdibl1 = -0.00669442 is negative.

Checking parameters for BSIM 4.5 model xq7.xmnc:nshort_model.48
Warning: Eta0 = -0.0261666 is negative.

Checking parameters for BSIM 4.5 model xq7.xmpc:pshort_model.40
Warning: A2 = 1.0885 is larger than 1. A2 is set to 1 and A1 is set to 0.
Warning: Pdibl1 = -0.00669442 is negative.

Checking parameters for BSIM 4.5 model xq6.xmfsn:nshort_model.48
Warning: Eta0 = -0.0261666 is negative.

Checking parameters for BSIM 4.5 model xq6.xmfsp:pshort_model.40
Warning: A2 = 1.0885 is larger than 1. A2 is set to 1 and A1 is set to 0.
Warning: Pdibl1 = -0.00669442 is negative.

Checking parameters for BSIM 4.5 model xq6.xmis2nb:nshort_model.40
Warning: Eta0 = -0.00908636 is negative.

Checking parameters for BSIM 4.5 model xq6.xmis2na:nshort_model.40
Warning: Eta0 = -0.00908636 is negative.

Checking parameters for BSIM 4.5 model xq6.xmis2pb:pshort_model.40
Warning: A2 = 1.0885 is larger than 1. A2 is set to 1 and A1 is set to 0.
Warning: Pdibl1 = -0.00669442 is negative.

Checking parameters for BSIM 4.5 model xq6.xmis2pa:pshort_model.40
Warning: A2 = 1.0885 is larger than 1. A2 is set to 1 and A1 is set to 0.
Warning: Pdibl1 = -0.00669442 is negative.

Checking parameters for BSIM 4.5 model xq6.xmisn:nshort_model.48
Warning: Eta0 = -0.0261666 is negative.

Checking parameters for BSIM 4.5 model xq6.xmisp:pshort_model.40
Warning: A2 = 1.0885 is larger than 1. A2 is set to 1 and A1 is set to 0.
Warning: Pdibl1 = -0.00669442 is negative.

Checking parameters for BSIM 4.5 model xq6.xmtsn:nshort_model.48
Warning: Eta0 = -0.0261666 is negative.

Checking parameters for BSIM 4.5 model xq6.xmtsp:pshort_model.40
Warning: A2 = 1.0885 is larger than 1. A2 is set to 1 and A1 is set to 0.
Warning: Pdibl1 = -0.00669442 is negative.

Checking parameters for BSIM 4.5 model xq6.xmfmn:nshort_model.48
Warning: Eta0 = -0.0261666 is negative.

Checking parameters for BSIM 4.5 model xq6.xmfmp:pshort_model.40
Warning: A2 = 1.0885 is larger than 1. A2 is set to 1 and A1 is set to 0.
Warning: Pdibl1 = -0.00669442 is negative.

Checking parameters for BSIM 4.5 model xq6.xmim2n:nshort_model.48
Warning: Eta0 = -0.0261666 is negative.

Checking parameters for BSIM 4.5 model xq6.xmim2p:pshort_model.40
Warning: A2 = 1.0885 is larger than 1. A2 is set to 1 and A1 is set to 0.
Warning: Pdibl1 = -0.00669442 is negative.

Checking parameters for BSIM 4.5 model xq6.xmimnb:nshort_model.40
Warning: Eta0 = -0.00908636 is negative.

Checking parameters for BSIM 4.5 model xq6.xmimna:nshort_model.40
Warning: Eta0 = -0.00908636 is negative.

Checking parameters for BSIM 4.5 model xq6.xmimpb:pshort_model.40
Warning: A2 = 1.0885 is larger than 1. A2 is set to 1 and A1 is set to 0.
Warning: Pdibl1 = -0.00669442 is negative.

Checking parameters for BSIM 4.5 model xq6.xmimpa:pshort_model.40
Warning: A2 = 1.0885 is larger than 1. A2 is set to 1 and A1 is set to 0.
Warning: Pdibl1 = -0.00669442 is negative.

Checking parameters for BSIM 4.5 model xq6.xmtdn:nshort_model.48
Warning: Eta0 = -0.0261666 is negative.

Checking parameters for BSIM 4.5 model xq6.xmtdp:pshort_model.40
Warning: A2 = 1.0885 is larger than 1. A2 is set to 1 and A1 is set to 0.
Warning: Pdibl1 = -0.00669442 is negative.

Checking parameters for BSIM 4.5 model xq6.xmnc:nshort_model.48
Warning: Eta0 = -0.0261666 is negative.

Checking parameters for BSIM 4.5 model xq6.xmpc:pshort_model.40
Warning: A2 = 1.0885 is larger than 1. A2 is set to 1 and A1 is set to 0.
Warning: Pdibl1 = -0.00669442 is negative.

Checking parameters for BSIM 4.5 model xq5.xmfsn:nshort_model.48
Warning: Eta0 = -0.0261666 is negative.

Checking parameters for BSIM 4.5 model xq5.xmfsp:pshort_model.40
Warning: A2 = 1.0885 is larger than 1. A2 is set to 1 and A1 is set to 0.
Warning: Pdibl1 = -0.00669442 is negative.

Checking parameters for BSIM 4.5 model xq5.xmis2nb:nshort_model.40
Warning: Eta0 = -0.00908636 is negative.

Checking parameters for BSIM 4.5 model xq5.xmis2na:nshort_model.40
Warning: Eta0 = -0.00908636 is negative.

Checking parameters for BSIM 4.5 model xq5.xmis2pb:pshort_model.40
Warning: A2 = 1.0885 is larger than 1. A2 is set to 1 and A1 is set to 0.
Warning: Pdibl1 = -0.00669442 is negative.

Checking parameters for BSIM 4.5 model xq5.xmis2pa:pshort_model.40
Warning: A2 = 1.0885 is larger than 1. A2 is set to 1 and A1 is set to 0.
Warning: Pdibl1 = -0.00669442 is negative.

Checking parameters for BSIM 4.5 model xq5.xmisn:nshort_model.48
Warning: Eta0 = -0.0261666 is negative.

Checking parameters for BSIM 4.5 model xq5.xmisp:pshort_model.40
Warning: A2 = 1.0885 is larger than 1. A2 is set to 1 and A1 is set to 0.
Warning: Pdibl1 = -0.00669442 is negative.

Checking parameters for BSIM 4.5 model xq5.xmtsn:nshort_model.48
Warning: Eta0 = -0.0261666 is negative.

Checking parameters for BSIM 4.5 model xq5.xmtsp:pshort_model.40
Warning: A2 = 1.0885 is larger than 1. A2 is set to 1 and A1 is set to 0.
Warning: Pdibl1 = -0.00669442 is negative.

Checking parameters for BSIM 4.5 model xq5.xmfmn:nshort_model.48
Warning: Eta0 = -0.0261666 is negative.

Checking parameters for BSIM 4.5 model xq5.xmfmp:pshort_model.40
Warning: A2 = 1.0885 is larger than 1. A2 is set to 1 and A1 is set to 0.
Warning: Pdibl1 = -0.00669442 is negative.

Checking parameters for BSIM 4.5 model xq5.xmim2n:nshort_model.48
Warning: Eta0 = -0.0261666 is negative.

Checking parameters for BSIM 4.5 model xq5.xmim2p:pshort_model.40
Warning: A2 = 1.0885 is larger than 1. A2 is set to 1 and A1 is set to 0.
Warning: Pdibl1 = -0.00669442 is negative.

Checking parameters for BSIM 4.5 model xq5.xmimnb:nshort_model.40
Warning: Eta0 = -0.00908636 is negative.

Checking parameters for BSIM 4.5 model xq5.xmimna:nshort_model.40
Warning: Eta0 = -0.00908636 is negative.

Checking parameters for BSIM 4.5 model xq5.xmimpb:pshort_model.40
Warning: A2 = 1.0885 is larger than 1. A2 is set to 1 and A1 is set to 0.
Warning: Pdibl1 = -0.00669442 is negative.

Checking parameters for BSIM 4.5 model xq5.xmimpa:pshort_model.40
Warning: A2 = 1.0885 is larger than 1. A2 is set to 1 and A1 is set to 0.
Warning: Pdibl1 = -0.00669442 is negative.

Checking parameters for BSIM 4.5 model xq5.xmtdn:nshort_model.48
Warning: Eta0 = -0.0261666 is negative.

Checking parameters for BSIM 4.5 model xq5.xmtdp:pshort_model.40
Warning: A2 = 1.0885 is larger than 1. A2 is set to 1 and A1 is set to 0.
Warning: Pdibl1 = -0.00669442 is negative.

Checking parameters for BSIM 4.5 model xq5.xmnc:nshort_model.48
Warning: Eta0 = -0.0261666 is negative.

Checking parameters for BSIM 4.5 model xq5.xmpc:pshort_model.40
Warning: A2 = 1.0885 is larger than 1. A2 is set to 1 and A1 is set to 0.
Warning: Pdibl1 = -0.00669442 is negative.

Checking parameters for BSIM 4.5 model xq4.xmfsn:nshort_model.48
Warning: Eta0 = -0.0261666 is negative.

Checking parameters for BSIM 4.5 model xq4.xmfsp:pshort_model.40
Warning: A2 = 1.0885 is larger than 1. A2 is set to 1 and A1 is set to 0.
Warning: Pdibl1 = -0.00669442 is negative.

Checking parameters for BSIM 4.5 model xq4.xmis2nb:nshort_model.40
Warning: Eta0 = -0.00908636 is negative.

Checking parameters for BSIM 4.5 model xq4.xmis2na:nshort_model.40
Warning: Eta0 = -0.00908636 is negative.

Checking parameters for BSIM 4.5 model xq4.xmis2pb:pshort_model.40
Warning: A2 = 1.0885 is larger than 1. A2 is set to 1 and A1 is set to 0.
Warning: Pdibl1 = -0.00669442 is negative.

Checking parameters for BSIM 4.5 model xq4.xmis2pa:pshort_model.40
Warning: A2 = 1.0885 is larger than 1. A2 is set to 1 and A1 is set to 0.
Warning: Pdibl1 = -0.00669442 is negative.

Checking parameters for BSIM 4.5 model xq4.xmisn:nshort_model.48
Warning: Eta0 = -0.0261666 is negative.

Checking parameters for BSIM 4.5 model xq4.xmisp:pshort_model.40
Warning: A2 = 1.0885 is larger than 1. A2 is set to 1 and A1 is set to 0.
Warning: Pdibl1 = -0.00669442 is negative.

Checking parameters for BSIM 4.5 model xq4.xmtsn:nshort_model.48
Warning: Eta0 = -0.0261666 is negative.

Checking parameters for BSIM 4.5 model xq4.xmtsp:pshort_model.40
Warning: A2 = 1.0885 is larger than 1. A2 is set to 1 and A1 is set to 0.
Warning: Pdibl1 = -0.00669442 is negative.

Checking parameters for BSIM 4.5 model xq4.xmfmn:nshort_model.48
Warning: Eta0 = -0.0261666 is negative.

Checking parameters for BSIM 4.5 model xq4.xmfmp:pshort_model.40
Warning: A2 = 1.0885 is larger than 1. A2 is set to 1 and A1 is set to 0.
Warning: Pdibl1 = -0.00669442 is negative.

Checking parameters for BSIM 4.5 model xq4.xmim2n:nshort_model.48
Warning: Eta0 = -0.0261666 is negative.

Checking parameters for BSIM 4.5 model xq4.xmim2p:pshort_model.40
Warning: A2 = 1.0885 is larger than 1. A2 is set to 1 and A1 is set to 0.
Warning: Pdibl1 = -0.00669442 is negative.

Checking parameters for BSIM 4.5 model xq4.xmimnb:nshort_model.40
Warning: Eta0 = -0.00908636 is negative.

Checking parameters for BSIM 4.5 model xq4.xmimna:nshort_model.40
Warning: Eta0 = -0.00908636 is negative.

Checking parameters for BSIM 4.5 model xq4.xmimpb:pshort_model.40
Warning: A2 = 1.0885 is larger than 1. A2 is set to 1 and A1 is set to 0.
Warning: Pdibl1 = -0.00669442 is negative.

Checking parameters for BSIM 4.5 model xq4.xmimpa:pshort_model.40
Warning: A2 = 1.0885 is larger than 1. A2 is set to 1 and A1 is set to 0.
Warning: Pdibl1 = -0.00669442 is negative.

Checking parameters for BSIM 4.5 model xq4.xmtdn:nshort_model.48
Warning: Eta0 = -0.0261666 is negative.

Checking parameters for BSIM 4.5 model xq4.xmtdp:pshort_model.40
Warning: A2 = 1.0885 is larger than 1. A2 is set to 1 and A1 is set to 0.
Warning: Pdibl1 = -0.00669442 is negative.

Checking parameters for BSIM 4.5 model xq4.xmnc:nshort_model.48
Warning: Eta0 = -0.0261666 is negative.

Checking parameters for BSIM 4.5 model xq4.xmpc:pshort_model.40
Warning: A2 = 1.0885 is larger than 1. A2 is set to 1 and A1 is set to 0.
Warning: Pdibl1 = -0.00669442 is negative.

Checking parameters for BSIM 4.5 model xq3.xmfsn:nshort_model.48
Warning: Eta0 = -0.0261666 is negative.

Checking parameters for BSIM 4.5 model xq3.xmfsp:pshort_model.40
Warning: A2 = 1.0885 is larger than 1. A2 is set to 1 and A1 is set to 0.
Warning: Pdibl1 = -0.00669442 is negative.

Checking parameters for BSIM 4.5 model xq3.xmis2nb:nshort_model.40
Warning: Eta0 = -0.00908636 is negative.

Checking parameters for BSIM 4.5 model xq3.xmis2na:nshort_model.40
Warning: Eta0 = -0.00908636 is negative.

Checking parameters for BSIM 4.5 model xq3.xmis2pb:pshort_model.40
Warning: A2 = 1.0885 is larger than 1. A2 is set to 1 and A1 is set to 0.
Warning: Pdibl1 = -0.00669442 is negative.

Checking parameters for BSIM 4.5 model xq3.xmis2pa:pshort_model.40
Warning: A2 = 1.0885 is larger than 1. A2 is set to 1 and A1 is set to 0.
Warning: Pdibl1 = -0.00669442 is negative.

Checking parameters for BSIM 4.5 model xq3.xmisn:nshort_model.48
Warning: Eta0 = -0.0261666 is negative.

Checking parameters for BSIM 4.5 model xq3.xmisp:pshort_model.40
Warning: A2 = 1.0885 is larger than 1. A2 is set to 1 and A1 is set to 0.
Warning: Pdibl1 = -0.00669442 is negative.

Checking parameters for BSIM 4.5 model xq3.xmtsn:nshort_model.48
Warning: Eta0 = -0.0261666 is negative.

Checking parameters for BSIM 4.5 model xq3.xmtsp:pshort_model.40
Warning: A2 = 1.0885 is larger than 1. A2 is set to 1 and A1 is set to 0.
Warning: Pdibl1 = -0.00669442 is negative.

Checking parameters for BSIM 4.5 model xq3.xmfmn:nshort_model.48
Warning: Eta0 = -0.0261666 is negative.

Checking parameters for BSIM 4.5 model xq3.xmfmp:pshort_model.40
Warning: A2 = 1.0885 is larger than 1. A2 is set to 1 and A1 is set to 0.
Warning: Pdibl1 = -0.00669442 is negative.

Checking parameters for BSIM 4.5 model xq3.xmim2n:nshort_model.48
Warning: Eta0 = -0.0261666 is negative.

Checking parameters for BSIM 4.5 model xq3.xmim2p:pshort_model.40
Warning: A2 = 1.0885 is larger than 1. A2 is set to 1 and A1 is set to 0.
Warning: Pdibl1 = -0.00669442 is negative.

Checking parameters for BSIM 4.5 model xq3.xmimnb:nshort_model.40
Warning: Eta0 = -0.00908636 is negative.

Checking parameters for BSIM 4.5 model xq3.xmimna:nshort_model.40
Warning: Eta0 = -0.00908636 is negative.

Checking parameters for BSIM 4.5 model xq3.xmimpb:pshort_model.40
Warning: A2 = 1.0885 is larger than 1. A2 is set to 1 and A1 is set to 0.
Warning: Pdibl1 = -0.00669442 is negative.

Checking parameters for BSIM 4.5 model xq3.xmimpa:pshort_model.40
Warning: A2 = 1.0885 is larger than 1. A2 is set to 1 and A1 is set to 0.
Warning: Pdibl1 = -0.00669442 is negative.

Checking parameters for BSIM 4.5 model xq3.xmtdn:nshort_model.48
Warning: Eta0 = -0.0261666 is negative.

Checking parameters for BSIM 4.5 model xq3.xmtdp:pshort_model.40
Warning: A2 = 1.0885 is larger than 1. A2 is set to 1 and A1 is set to 0.
Warning: Pdibl1 = -0.00669442 is negative.

Checking parameters for BSIM 4.5 model xq3.xmnc:nshort_model.48
Warning: Eta0 = -0.0261666 is negative.

Checking parameters for BSIM 4.5 model xq3.xmpc:pshort_model.40
Warning: A2 = 1.0885 is larger than 1. A2 is set to 1 and A1 is set to 0.
Warning: Pdibl1 = -0.00669442 is negative.

Checking parameters for BSIM 4.5 model xq2.xmfsn:nshort_model.48
Warning: Eta0 = -0.0261666 is negative.

Checking parameters for BSIM 4.5 model xq2.xmfsp:pshort_model.40
Warning: A2 = 1.0885 is larger than 1. A2 is set to 1 and A1 is set to 0.
Warning: Pdibl1 = -0.00669442 is negative.

Checking parameters for BSIM 4.5 model xq2.xmis2nb:nshort_model.40
Warning: Eta0 = -0.00908636 is negative.

Checking parameters for BSIM 4.5 model xq2.xmis2na:nshort_model.40
Warning: Eta0 = -0.00908636 is negative.

Checking parameters for BSIM 4.5 model xq2.xmis2pb:pshort_model.40
Warning: A2 = 1.0885 is larger than 1. A2 is set to 1 and A1 is set to 0.
Warning: Pdibl1 = -0.00669442 is negative.

Checking parameters for BSIM 4.5 model xq2.xmis2pa:pshort_model.40
Warning: A2 = 1.0885 is larger than 1. A2 is set to 1 and A1 is set to 0.
Warning: Pdibl1 = -0.00669442 is negative.

Checking parameters for BSIM 4.5 model xq2.xmisn:nshort_model.48
Warning: Eta0 = -0.0261666 is negative.

Checking parameters for BSIM 4.5 model xq2.xmisp:pshort_model.40
Warning: A2 = 1.0885 is larger than 1. A2 is set to 1 and A1 is set to 0.
Warning: Pdibl1 = -0.00669442 is negative.

Checking parameters for BSIM 4.5 model xq2.xmtsn:nshort_model.48
Warning: Eta0 = -0.0261666 is negative.

Checking parameters for BSIM 4.5 model xq2.xmtsp:pshort_model.40
Warning: A2 = 1.0885 is larger than 1. A2 is set to 1 and A1 is set to 0.
Warning: Pdibl1 = -0.00669442 is negative.

Checking parameters for BSIM 4.5 model xq2.xmfmn:nshort_model.48
Warning: Eta0 = -0.0261666 is negative.

Checking parameters for BSIM 4.5 model xq2.xmfmp:pshort_model.40
Warning: A2 = 1.0885 is larger than 1. A2 is set to 1 and A1 is set to 0.
Warning: Pdibl1 = -0.00669442 is negative.

Checking parameters for BSIM 4.5 model xq2.xmim2n:nshort_model.48
Warning: Eta0 = -0.0261666 is negative.

Checking parameters for BSIM 4.5 model xq2.xmim2p:pshort_model.40
Warning: A2 = 1.0885 is larger than 1. A2 is set to 1 and A1 is set to 0.
Warning: Pdibl1 = -0.00669442 is negative.

Checking parameters for BSIM 4.5 model xq2.xmimnb:nshort_model.40
Warning: Eta0 = -0.00908636 is negative.

Checking parameters for BSIM 4.5 model xq2.xmimna:nshort_model.40
Warning: Eta0 = -0.00908636 is negative.

Checking parameters for BSIM 4.5 model xq2.xmimpb:pshort_model.40
Warning: A2 = 1.0885 is larger than 1. A2 is set to 1 and A1 is set to 0.
Warning: Pdibl1 = -0.00669442 is negative.

Checking parameters for BSIM 4.5 model xq2.xmimpa:pshort_model.40
Warning: A2 = 1.0885 is larger than 1. A2 is set to 1 and A1 is set to 0.
Warning: Pdibl1 = -0.00669442 is negative.

Checking parameters for BSIM 4.5 model xq2.xmtdn:nshort_model.48
Warning: Eta0 = -0.0261666 is negative.

Checking parameters for BSIM 4.5 model xq2.xmtdp:pshort_model.40
Warning: A2 = 1.0885 is larger than 1. A2 is set to 1 and A1 is set to 0.
Warning: Pdibl1 = -0.00669442 is negative.

Checking parameters for BSIM 4.5 model xq2.xmnc:nshort_model.48
Warning: Eta0 = -0.0261666 is negative.

Checking parameters for BSIM 4.5 model xq2.xmpc:pshort_model.40
Warning: A2 = 1.0885 is larger than 1. A2 is set to 1 and A1 is set to 0.
Warning: Pdibl1 = -0.00669442 is negative.

Checking parameters for BSIM 4.5 model xq1.xmfsn:nshort_model.48
Warning: Eta0 = -0.0261666 is negative.

Checking parameters for BSIM 4.5 model xq1.xmfsp:pshort_model.40
Warning: A2 = 1.0885 is larger than 1. A2 is set to 1 and A1 is set to 0.
Warning: Pdibl1 = -0.00669442 is negative.

Checking parameters for BSIM 4.5 model xq1.xmis2nb:nshort_model.40
Warning: Eta0 = -0.00908636 is negative.

Checking parameters for BSIM 4.5 model xq1.xmis2na:nshort_model.40
Warning: Eta0 = -0.00908636 is negative.

Checking parameters for BSIM 4.5 model xq1.xmis2pb:pshort_model.40
Warning: A2 = 1.0885 is larger than 1. A2 is set to 1 and A1 is set to 0.
Warning: Pdibl1 = -0.00669442 is negative.

Checking parameters for BSIM 4.5 model xq1.xmis2pa:pshort_model.40
Warning: A2 = 1.0885 is larger than 1. A2 is set to 1 and A1 is set to 0.
Warning: Pdibl1 = -0.00669442 is negative.

Checking parameters for BSIM 4.5 model xq1.xmisn:nshort_model.48
Warning: Eta0 = -0.0261666 is negative.

Checking parameters for BSIM 4.5 model xq1.xmisp:pshort_model.40
Warning: A2 = 1.0885 is larger than 1. A2 is set to 1 and A1 is set to 0.
Warning: Pdibl1 = -0.00669442 is negative.

Checking parameters for BSIM 4.5 model xq1.xmtsn:nshort_model.48
Warning: Eta0 = -0.0261666 is negative.

Checking parameters for BSIM 4.5 model xq1.xmtsp:pshort_model.40
Warning: A2 = 1.0885 is larger than 1. A2 is set to 1 and A1 is set to 0.
Warning: Pdibl1 = -0.00669442 is negative.

Checking parameters for BSIM 4.5 model xq1.xmfmn:nshort_model.48
Warning: Eta0 = -0.0261666 is negative.

Checking parameters for BSIM 4.5 model xq1.xmfmp:pshort_model.40
Warning: A2 = 1.0885 is larger than 1. A2 is set to 1 and A1 is set to 0.
Warning: Pdibl1 = -0.00669442 is negative.

Checking parameters for BSIM 4.5 model xq1.xmim2n:nshort_model.48
Warning: Eta0 = -0.0261666 is negative.

Checking parameters for BSIM 4.5 model xq1.xmim2p:pshort_model.40
Warning: A2 = 1.0885 is larger than 1. A2 is set to 1 and A1 is set to 0.
Warning: Pdibl1 = -0.00669442 is negative.

Checking parameters for BSIM 4.5 model xq1.xmimnb:nshort_model.40
Warning: Eta0 = -0.00908636 is negative.

Checking parameters for BSIM 4.5 model xq1.xmimna:nshort_model.40
Warning: Eta0 = -0.00908636 is negative.

Checking parameters for BSIM 4.5 model xq1.xmimpb:pshort_model.40
Warning: A2 = 1.0885 is larger than 1. A2 is set to 1 and A1 is set to 0.
Warning: Pdibl1 = -0.00669442 is negative.

Checking parameters for BSIM 4.5 model xq1.xmimpa:pshort_model.40
Warning: A2 = 1.0885 is larger than 1. A2 is set to 1 and A1 is set to 0.
Warning: Pdibl1 = -0.00669442 is negative.

Checking parameters for BSIM 4.5 model xq1.xmtdn:nshort_model.48
Warning: Eta0 = -0.0261666 is negative.

Checking parameters for BSIM 4.5 model xq1.xmtdp:pshort_model.40
Warning: A2 = 1.0885 is larger than 1. A2 is set to 1 and A1 is set to 0.
Warning: Pdibl1 = -0.00669442 is negative.

Checking parameters for BSIM 4.5 model xq1.xmnc:nshort_model.48
Warning: Eta0 = -0.0261666 is negative.

Checking parameters for BSIM 4.5 model xq1.xmpc:pshort_model.40
Warning: A2 = 1.0885 is larger than 1. A2 is set to 1 and A1 is set to 0.
Warning: Pdibl1 = -0.00669442 is negative.

Checking parameters for BSIM 4.5 model xp12.xtg_fbs.xpex.xn2:pshort_model.40
Warning: A2 = 1.0885 is larger than 1. A2 is set to 1 and A1 is set to 0.
Warning: Pdibl1 = -0.00669442 is negative.

Checking parameters for BSIM 4.5 model xp12.xtg_fbs.xpex.xn1:nshort_model.48
Warning: Eta0 = -0.0261666 is negative.

Checking parameters for BSIM 4.5 model xp12.xnand_s2.xpex.xn4:pshort_model.40
Warning: A2 = 1.0885 is larger than 1. A2 is set to 1 and A1 is set to 0.
Warning: Pdibl1 = -0.00669442 is negative.

Checking parameters for BSIM 4.5 model xp12.xnand_s2.xpex.xn3:pshort_model.40
Warning: A2 = 1.0885 is larger than 1. A2 is set to 1 and A1 is set to 0.
Warning: Pdibl1 = -0.00669442 is negative.

Checking parameters for BSIM 4.5 model xp12.xnand_s2.xpex.xn2:nshort_model.40
Warning: Eta0 = -0.00908636 is negative.

Checking parameters for BSIM 4.5 model xp12.xnand_s2.xpex.xn1:nshort_model.40
Warning: Eta0 = -0.00908636 is negative.

Checking parameters for BSIM 4.5 model xp12.xinv_q.xpex.xn2:pshort_model.40
Warning: A2 = 1.0885 is larger than 1. A2 is set to 1 and A1 is set to 0.
Warning: Pdibl1 = -0.00669442 is negative.

Checking parameters for BSIM 4.5 model xp12.xinv_q.xpex.xn1:nshort_model.48
Warning: Eta0 = -0.0261666 is negative.

Checking parameters for BSIM 4.5 model xp12.xtg_s.xpex.xn2:pshort_model.40
Warning: A2 = 1.0885 is larger than 1. A2 is set to 1 and A1 is set to 0.
Warning: Pdibl1 = -0.00669442 is negative.

Checking parameters for BSIM 4.5 model xp12.xtg_s.xpex.xn1:nshort_model.48
Warning: Eta0 = -0.0261666 is negative.

Checking parameters for BSIM 4.5 model xp12.xtg_fbm.xpex.xn2:pshort_model.40
Warning: A2 = 1.0885 is larger than 1. A2 is set to 1 and A1 is set to 0.
Warning: Pdibl1 = -0.00669442 is negative.

Checking parameters for BSIM 4.5 model xp12.xtg_fbm.xpex.xn1:nshort_model.48
Warning: Eta0 = -0.0261666 is negative.

Checking parameters for BSIM 4.5 model xp12.xinv_mc.xpex.xn2:pshort_model.40
Warning: A2 = 1.0885 is larger than 1. A2 is set to 1 and A1 is set to 0.
Warning: Pdibl1 = -0.00669442 is negative.

Checking parameters for BSIM 4.5 model xp12.xinv_mc.xpex.xn1:nshort_model.48
Warning: Eta0 = -0.0261666 is negative.

Checking parameters for BSIM 4.5 model xp12.xnand_m.xpex.xn4:pshort_model.40
Warning: A2 = 1.0885 is larger than 1. A2 is set to 1 and A1 is set to 0.
Warning: Pdibl1 = -0.00669442 is negative.

Checking parameters for BSIM 4.5 model xp12.xnand_m.xpex.xn3:pshort_model.40
Warning: A2 = 1.0885 is larger than 1. A2 is set to 1 and A1 is set to 0.
Warning: Pdibl1 = -0.00669442 is negative.

Checking parameters for BSIM 4.5 model xp12.xnand_m.xpex.xn2:nshort_model.40
Warning: Eta0 = -0.00908636 is negative.

Checking parameters for BSIM 4.5 model xp12.xnand_m.xpex.xn1:nshort_model.40
Warning: Eta0 = -0.00908636 is negative.

Checking parameters for BSIM 4.5 model xp12.xtg_d.xpex.xn2:pshort_model.40
Warning: A2 = 1.0885 is larger than 1. A2 is set to 1 and A1 is set to 0.
Warning: Pdibl1 = -0.00669442 is negative.

Checking parameters for BSIM 4.5 model xp12.xtg_d.xpex.xn1:nshort_model.48
Warning: Eta0 = -0.0261666 is negative.

Checking parameters for BSIM 4.5 model xp12.xinv_clk.xpex.xn2:pshort_model.40
Warning: A2 = 1.0885 is larger than 1. A2 is set to 1 and A1 is set to 0.
Warning: Pdibl1 = -0.00669442 is negative.

Checking parameters for BSIM 4.5 model xp12.xinv_clk.xpex.xn1:nshort_model.48
Warning: Eta0 = -0.0261666 is negative.

Checking parameters for BSIM 4.5 model xp11.xtg_fbs.xpex.xn2:pshort_model.40
Warning: A2 = 1.0885 is larger than 1. A2 is set to 1 and A1 is set to 0.
Warning: Pdibl1 = -0.00669442 is negative.

Checking parameters for BSIM 4.5 model xp11.xtg_fbs.xpex.xn1:nshort_model.48
Warning: Eta0 = -0.0261666 is negative.

Checking parameters for BSIM 4.5 model xp11.xnand_s2.xpex.xn4:pshort_model.40
Warning: A2 = 1.0885 is larger than 1. A2 is set to 1 and A1 is set to 0.
Warning: Pdibl1 = -0.00669442 is negative.

Checking parameters for BSIM 4.5 model xp11.xnand_s2.xpex.xn3:pshort_model.40
Warning: A2 = 1.0885 is larger than 1. A2 is set to 1 and A1 is set to 0.
Warning: Pdibl1 = -0.00669442 is negative.

Checking parameters for BSIM 4.5 model xp11.xnand_s2.xpex.xn2:nshort_model.40
Warning: Eta0 = -0.00908636 is negative.

Checking parameters for BSIM 4.5 model xp11.xnand_s2.xpex.xn1:nshort_model.40
Warning: Eta0 = -0.00908636 is negative.

Checking parameters for BSIM 4.5 model xp11.xinv_q.xpex.xn2:pshort_model.40
Warning: A2 = 1.0885 is larger than 1. A2 is set to 1 and A1 is set to 0.
Warning: Pdibl1 = -0.00669442 is negative.

Checking parameters for BSIM 4.5 model xp11.xinv_q.xpex.xn1:nshort_model.48
Warning: Eta0 = -0.0261666 is negative.

Checking parameters for BSIM 4.5 model xp11.xtg_s.xpex.xn2:pshort_model.40
Warning: A2 = 1.0885 is larger than 1. A2 is set to 1 and A1 is set to 0.
Warning: Pdibl1 = -0.00669442 is negative.

Checking parameters for BSIM 4.5 model xp11.xtg_s.xpex.xn1:nshort_model.48
Warning: Eta0 = -0.0261666 is negative.

Checking parameters for BSIM 4.5 model xp11.xtg_fbm.xpex.xn2:pshort_model.40
Warning: A2 = 1.0885 is larger than 1. A2 is set to 1 and A1 is set to 0.
Warning: Pdibl1 = -0.00669442 is negative.

Checking parameters for BSIM 4.5 model xp11.xtg_fbm.xpex.xn1:nshort_model.48
Warning: Eta0 = -0.0261666 is negative.

Checking parameters for BSIM 4.5 model xp11.xinv_mc.xpex.xn2:pshort_model.40
Warning: A2 = 1.0885 is larger than 1. A2 is set to 1 and A1 is set to 0.
Warning: Pdibl1 = -0.00669442 is negative.

Checking parameters for BSIM 4.5 model xp11.xinv_mc.xpex.xn1:nshort_model.48
Warning: Eta0 = -0.0261666 is negative.

Checking parameters for BSIM 4.5 model xp11.xnand_m.xpex.xn4:pshort_model.40
Warning: A2 = 1.0885 is larger than 1. A2 is set to 1 and A1 is set to 0.
Warning: Pdibl1 = -0.00669442 is negative.

Checking parameters for BSIM 4.5 model xp11.xnand_m.xpex.xn3:pshort_model.40
Warning: A2 = 1.0885 is larger than 1. A2 is set to 1 and A1 is set to 0.
Warning: Pdibl1 = -0.00669442 is negative.

Checking parameters for BSIM 4.5 model xp11.xnand_m.xpex.xn2:nshort_model.40
Warning: Eta0 = -0.00908636 is negative.

Checking parameters for BSIM 4.5 model xp11.xnand_m.xpex.xn1:nshort_model.40
Warning: Eta0 = -0.00908636 is negative.

Checking parameters for BSIM 4.5 model xp11.xtg_d.xpex.xn2:pshort_model.40
Warning: A2 = 1.0885 is larger than 1. A2 is set to 1 and A1 is set to 0.
Warning: Pdibl1 = -0.00669442 is negative.

Checking parameters for BSIM 4.5 model xp11.xtg_d.xpex.xn1:nshort_model.48
Warning: Eta0 = -0.0261666 is negative.

Checking parameters for BSIM 4.5 model xp11.xinv_clk.xpex.xn2:pshort_model.40
Warning: A2 = 1.0885 is larger than 1. A2 is set to 1 and A1 is set to 0.
Warning: Pdibl1 = -0.00669442 is negative.

Checking parameters for BSIM 4.5 model xp11.xinv_clk.xpex.xn1:nshort_model.48
Warning: Eta0 = -0.0261666 is negative.

Checking parameters for BSIM 4.5 model xp10.xtg_fbs.xpex.xn2:pshort_model.40
Warning: A2 = 1.0885 is larger than 1. A2 is set to 1 and A1 is set to 0.
Warning: Pdibl1 = -0.00669442 is negative.

Checking parameters for BSIM 4.5 model xp10.xtg_fbs.xpex.xn1:nshort_model.48
Warning: Eta0 = -0.0261666 is negative.

Checking parameters for BSIM 4.5 model xp10.xnand_s2.xpex.xn4:pshort_model.40
Warning: A2 = 1.0885 is larger than 1. A2 is set to 1 and A1 is set to 0.
Warning: Pdibl1 = -0.00669442 is negative.

Checking parameters for BSIM 4.5 model xp10.xnand_s2.xpex.xn3:pshort_model.40
Warning: A2 = 1.0885 is larger than 1. A2 is set to 1 and A1 is set to 0.
Warning: Pdibl1 = -0.00669442 is negative.

Checking parameters for BSIM 4.5 model xp10.xnand_s2.xpex.xn2:nshort_model.40
Warning: Eta0 = -0.00908636 is negative.

Checking parameters for BSIM 4.5 model xp10.xnand_s2.xpex.xn1:nshort_model.40
Warning: Eta0 = -0.00908636 is negative.

Checking parameters for BSIM 4.5 model xp10.xinv_q.xpex.xn2:pshort_model.40
Warning: A2 = 1.0885 is larger than 1. A2 is set to 1 and A1 is set to 0.
Warning: Pdibl1 = -0.00669442 is negative.

Checking parameters for BSIM 4.5 model xp10.xinv_q.xpex.xn1:nshort_model.48
Warning: Eta0 = -0.0261666 is negative.

Checking parameters for BSIM 4.5 model xp10.xtg_s.xpex.xn2:pshort_model.40
Warning: A2 = 1.0885 is larger than 1. A2 is set to 1 and A1 is set to 0.
Warning: Pdibl1 = -0.00669442 is negative.

Checking parameters for BSIM 4.5 model xp10.xtg_s.xpex.xn1:nshort_model.48
Warning: Eta0 = -0.0261666 is negative.

Checking parameters for BSIM 4.5 model xp10.xtg_fbm.xpex.xn2:pshort_model.40
Warning: A2 = 1.0885 is larger than 1. A2 is set to 1 and A1 is set to 0.
Warning: Pdibl1 = -0.00669442 is negative.

Checking parameters for BSIM 4.5 model xp10.xtg_fbm.xpex.xn1:nshort_model.48
Warning: Eta0 = -0.0261666 is negative.

Checking parameters for BSIM 4.5 model xp10.xinv_mc.xpex.xn2:pshort_model.40
Warning: A2 = 1.0885 is larger than 1. A2 is set to 1 and A1 is set to 0.
Warning: Pdibl1 = -0.00669442 is negative.

Checking parameters for BSIM 4.5 model xp10.xinv_mc.xpex.xn1:nshort_model.48
Warning: Eta0 = -0.0261666 is negative.

Checking parameters for BSIM 4.5 model xp10.xnand_m.xpex.xn4:pshort_model.40
Warning: A2 = 1.0885 is larger than 1. A2 is set to 1 and A1 is set to 0.
Warning: Pdibl1 = -0.00669442 is negative.

Checking parameters for BSIM 4.5 model xp10.xnand_m.xpex.xn3:pshort_model.40
Warning: A2 = 1.0885 is larger than 1. A2 is set to 1 and A1 is set to 0.
Warning: Pdibl1 = -0.00669442 is negative.

Checking parameters for BSIM 4.5 model xp10.xnand_m.xpex.xn2:nshort_model.40
Warning: Eta0 = -0.00908636 is negative.

Checking parameters for BSIM 4.5 model xp10.xnand_m.xpex.xn1:nshort_model.40
Warning: Eta0 = -0.00908636 is negative.

Checking parameters for BSIM 4.5 model xp10.xtg_d.xpex.xn2:pshort_model.40
Warning: A2 = 1.0885 is larger than 1. A2 is set to 1 and A1 is set to 0.
Warning: Pdibl1 = -0.00669442 is negative.

Checking parameters for BSIM 4.5 model xp10.xtg_d.xpex.xn1:nshort_model.48
Warning: Eta0 = -0.0261666 is negative.

Checking parameters for BSIM 4.5 model xp10.xinv_clk.xpex.xn2:pshort_model.40
Warning: A2 = 1.0885 is larger than 1. A2 is set to 1 and A1 is set to 0.
Warning: Pdibl1 = -0.00669442 is negative.

Checking parameters for BSIM 4.5 model xp10.xinv_clk.xpex.xn1:nshort_model.48
Warning: Eta0 = -0.0261666 is negative.

Checking parameters for BSIM 4.5 model xp9.xtg_fbs.xpex.xn2:pshort_model.40
Warning: A2 = 1.0885 is larger than 1. A2 is set to 1 and A1 is set to 0.
Warning: Pdibl1 = -0.00669442 is negative.

Checking parameters for BSIM 4.5 model xp9.xtg_fbs.xpex.xn1:nshort_model.48
Warning: Eta0 = -0.0261666 is negative.

Checking parameters for BSIM 4.5 model xp9.xnand_s2.xpex.xn4:pshort_model.40
Warning: A2 = 1.0885 is larger than 1. A2 is set to 1 and A1 is set to 0.
Warning: Pdibl1 = -0.00669442 is negative.

Checking parameters for BSIM 4.5 model xp9.xnand_s2.xpex.xn3:pshort_model.40
Warning: A2 = 1.0885 is larger than 1. A2 is set to 1 and A1 is set to 0.
Warning: Pdibl1 = -0.00669442 is negative.

Checking parameters for BSIM 4.5 model xp9.xnand_s2.xpex.xn2:nshort_model.40
Warning: Eta0 = -0.00908636 is negative.

Checking parameters for BSIM 4.5 model xp9.xnand_s2.xpex.xn1:nshort_model.40
Warning: Eta0 = -0.00908636 is negative.

Checking parameters for BSIM 4.5 model xp9.xinv_q.xpex.xn2:pshort_model.40
Warning: A2 = 1.0885 is larger than 1. A2 is set to 1 and A1 is set to 0.
Warning: Pdibl1 = -0.00669442 is negative.

Checking parameters for BSIM 4.5 model xp9.xinv_q.xpex.xn1:nshort_model.48
Warning: Eta0 = -0.0261666 is negative.

Checking parameters for BSIM 4.5 model xp9.xtg_s.xpex.xn2:pshort_model.40
Warning: A2 = 1.0885 is larger than 1. A2 is set to 1 and A1 is set to 0.
Warning: Pdibl1 = -0.00669442 is negative.

Checking parameters for BSIM 4.5 model xp9.xtg_s.xpex.xn1:nshort_model.48
Warning: Eta0 = -0.0261666 is negative.

Checking parameters for BSIM 4.5 model xp9.xtg_fbm.xpex.xn2:pshort_model.40
Warning: A2 = 1.0885 is larger than 1. A2 is set to 1 and A1 is set to 0.
Warning: Pdibl1 = -0.00669442 is negative.

Checking parameters for BSIM 4.5 model xp9.xtg_fbm.xpex.xn1:nshort_model.48
Warning: Eta0 = -0.0261666 is negative.

Checking parameters for BSIM 4.5 model xp9.xinv_mc.xpex.xn2:pshort_model.40
Warning: A2 = 1.0885 is larger than 1. A2 is set to 1 and A1 is set to 0.
Warning: Pdibl1 = -0.00669442 is negative.

Checking parameters for BSIM 4.5 model xp9.xinv_mc.xpex.xn1:nshort_model.48
Warning: Eta0 = -0.0261666 is negative.

Checking parameters for BSIM 4.5 model xp9.xnand_m.xpex.xn4:pshort_model.40
Warning: A2 = 1.0885 is larger than 1. A2 is set to 1 and A1 is set to 0.
Warning: Pdibl1 = -0.00669442 is negative.

Checking parameters for BSIM 4.5 model xp9.xnand_m.xpex.xn3:pshort_model.40
Warning: A2 = 1.0885 is larger than 1. A2 is set to 1 and A1 is set to 0.
Warning: Pdibl1 = -0.00669442 is negative.

Checking parameters for BSIM 4.5 model xp9.xnand_m.xpex.xn2:nshort_model.40
Warning: Eta0 = -0.00908636 is negative.

Checking parameters for BSIM 4.5 model xp9.xnand_m.xpex.xn1:nshort_model.40
Warning: Eta0 = -0.00908636 is negative.

Checking parameters for BSIM 4.5 model xp9.xtg_d.xpex.xn2:pshort_model.40
Warning: A2 = 1.0885 is larger than 1. A2 is set to 1 and A1 is set to 0.
Warning: Pdibl1 = -0.00669442 is negative.

Checking parameters for BSIM 4.5 model xp9.xtg_d.xpex.xn1:nshort_model.48
Warning: Eta0 = -0.0261666 is negative.

Checking parameters for BSIM 4.5 model xp9.xinv_clk.xpex.xn2:pshort_model.40
Warning: A2 = 1.0885 is larger than 1. A2 is set to 1 and A1 is set to 0.
Warning: Pdibl1 = -0.00669442 is negative.

Checking parameters for BSIM 4.5 model xp9.xinv_clk.xpex.xn1:nshort_model.48
Warning: Eta0 = -0.0261666 is negative.

Checking parameters for BSIM 4.5 model xp8.xtg_fbs.xpex.xn2:pshort_model.40
Warning: A2 = 1.0885 is larger than 1. A2 is set to 1 and A1 is set to 0.
Warning: Pdibl1 = -0.00669442 is negative.

Checking parameters for BSIM 4.5 model xp8.xtg_fbs.xpex.xn1:nshort_model.48
Warning: Eta0 = -0.0261666 is negative.

Checking parameters for BSIM 4.5 model xp8.xnand_s2.xpex.xn4:pshort_model.40
Warning: A2 = 1.0885 is larger than 1. A2 is set to 1 and A1 is set to 0.
Warning: Pdibl1 = -0.00669442 is negative.

Checking parameters for BSIM 4.5 model xp8.xnand_s2.xpex.xn3:pshort_model.40
Warning: A2 = 1.0885 is larger than 1. A2 is set to 1 and A1 is set to 0.
Warning: Pdibl1 = -0.00669442 is negative.

Checking parameters for BSIM 4.5 model xp8.xnand_s2.xpex.xn2:nshort_model.40
Warning: Eta0 = -0.00908636 is negative.

Checking parameters for BSIM 4.5 model xp8.xnand_s2.xpex.xn1:nshort_model.40
Warning: Eta0 = -0.00908636 is negative.

Checking parameters for BSIM 4.5 model xp8.xinv_q.xpex.xn2:pshort_model.40
Warning: A2 = 1.0885 is larger than 1. A2 is set to 1 and A1 is set to 0.
Warning: Pdibl1 = -0.00669442 is negative.

Checking parameters for BSIM 4.5 model xp8.xinv_q.xpex.xn1:nshort_model.48
Warning: Eta0 = -0.0261666 is negative.

Checking parameters for BSIM 4.5 model xp8.xtg_s.xpex.xn2:pshort_model.40
Warning: A2 = 1.0885 is larger than 1. A2 is set to 1 and A1 is set to 0.
Warning: Pdibl1 = -0.00669442 is negative.

Checking parameters for BSIM 4.5 model xp8.xtg_s.xpex.xn1:nshort_model.48
Warning: Eta0 = -0.0261666 is negative.

Checking parameters for BSIM 4.5 model xp8.xtg_fbm.xpex.xn2:pshort_model.40
Warning: A2 = 1.0885 is larger than 1. A2 is set to 1 and A1 is set to 0.
Warning: Pdibl1 = -0.00669442 is negative.

Checking parameters for BSIM 4.5 model xp8.xtg_fbm.xpex.xn1:nshort_model.48
Warning: Eta0 = -0.0261666 is negative.

Checking parameters for BSIM 4.5 model xp8.xinv_mc.xpex.xn2:pshort_model.40
Warning: A2 = 1.0885 is larger than 1. A2 is set to 1 and A1 is set to 0.
Warning: Pdibl1 = -0.00669442 is negative.

Checking parameters for BSIM 4.5 model xp8.xinv_mc.xpex.xn1:nshort_model.48
Warning: Eta0 = -0.0261666 is negative.

Checking parameters for BSIM 4.5 model xp8.xnand_m.xpex.xn4:pshort_model.40
Warning: A2 = 1.0885 is larger than 1. A2 is set to 1 and A1 is set to 0.
Warning: Pdibl1 = -0.00669442 is negative.

Checking parameters for BSIM 4.5 model xp8.xnand_m.xpex.xn3:pshort_model.40
Warning: A2 = 1.0885 is larger than 1. A2 is set to 1 and A1 is set to 0.
Warning: Pdibl1 = -0.00669442 is negative.

Checking parameters for BSIM 4.5 model xp8.xnand_m.xpex.xn2:nshort_model.40
Warning: Eta0 = -0.00908636 is negative.

Checking parameters for BSIM 4.5 model xp8.xnand_m.xpex.xn1:nshort_model.40
Warning: Eta0 = -0.00908636 is negative.

Checking parameters for BSIM 4.5 model xp8.xtg_d.xpex.xn2:pshort_model.40
Warning: A2 = 1.0885 is larger than 1. A2 is set to 1 and A1 is set to 0.
Warning: Pdibl1 = -0.00669442 is negative.

Checking parameters for BSIM 4.5 model xp8.xtg_d.xpex.xn1:nshort_model.48
Warning: Eta0 = -0.0261666 is negative.

Checking parameters for BSIM 4.5 model xp8.xinv_clk.xpex.xn2:pshort_model.40
Warning: A2 = 1.0885 is larger than 1. A2 is set to 1 and A1 is set to 0.
Warning: Pdibl1 = -0.00669442 is negative.

Checking parameters for BSIM 4.5 model xp8.xinv_clk.xpex.xn1:nshort_model.48
Warning: Eta0 = -0.0261666 is negative.

Checking parameters for BSIM 4.5 model xp7.xtg_fbs.xpex.xn2:pshort_model.40
Warning: A2 = 1.0885 is larger than 1. A2 is set to 1 and A1 is set to 0.
Warning: Pdibl1 = -0.00669442 is negative.

Checking parameters for BSIM 4.5 model xp7.xtg_fbs.xpex.xn1:nshort_model.48
Warning: Eta0 = -0.0261666 is negative.

Checking parameters for BSIM 4.5 model xp7.xnand_s2.xpex.xn4:pshort_model.40
Warning: A2 = 1.0885 is larger than 1. A2 is set to 1 and A1 is set to 0.
Warning: Pdibl1 = -0.00669442 is negative.

Checking parameters for BSIM 4.5 model xp7.xnand_s2.xpex.xn3:pshort_model.40
Warning: A2 = 1.0885 is larger than 1. A2 is set to 1 and A1 is set to 0.
Warning: Pdibl1 = -0.00669442 is negative.

Checking parameters for BSIM 4.5 model xp7.xnand_s2.xpex.xn2:nshort_model.40
Warning: Eta0 = -0.00908636 is negative.

Checking parameters for BSIM 4.5 model xp7.xnand_s2.xpex.xn1:nshort_model.40
Warning: Eta0 = -0.00908636 is negative.

Checking parameters for BSIM 4.5 model xp7.xinv_q.xpex.xn2:pshort_model.40
Warning: A2 = 1.0885 is larger than 1. A2 is set to 1 and A1 is set to 0.
Warning: Pdibl1 = -0.00669442 is negative.

Checking parameters for BSIM 4.5 model xp7.xinv_q.xpex.xn1:nshort_model.48
Warning: Eta0 = -0.0261666 is negative.

Checking parameters for BSIM 4.5 model xp7.xtg_s.xpex.xn2:pshort_model.40
Warning: A2 = 1.0885 is larger than 1. A2 is set to 1 and A1 is set to 0.
Warning: Pdibl1 = -0.00669442 is negative.

Checking parameters for BSIM 4.5 model xp7.xtg_s.xpex.xn1:nshort_model.48
Warning: Eta0 = -0.0261666 is negative.

Checking parameters for BSIM 4.5 model xp7.xtg_fbm.xpex.xn2:pshort_model.40
Warning: A2 = 1.0885 is larger than 1. A2 is set to 1 and A1 is set to 0.
Warning: Pdibl1 = -0.00669442 is negative.

Checking parameters for BSIM 4.5 model xp7.xtg_fbm.xpex.xn1:nshort_model.48
Warning: Eta0 = -0.0261666 is negative.

Checking parameters for BSIM 4.5 model xp7.xinv_mc.xpex.xn2:pshort_model.40
Warning: A2 = 1.0885 is larger than 1. A2 is set to 1 and A1 is set to 0.
Warning: Pdibl1 = -0.00669442 is negative.

Checking parameters for BSIM 4.5 model xp7.xinv_mc.xpex.xn1:nshort_model.48
Warning: Eta0 = -0.0261666 is negative.

Checking parameters for BSIM 4.5 model xp7.xnand_m.xpex.xn4:pshort_model.40
Warning: A2 = 1.0885 is larger than 1. A2 is set to 1 and A1 is set to 0.
Warning: Pdibl1 = -0.00669442 is negative.

Checking parameters for BSIM 4.5 model xp7.xnand_m.xpex.xn3:pshort_model.40
Warning: A2 = 1.0885 is larger than 1. A2 is set to 1 and A1 is set to 0.
Warning: Pdibl1 = -0.00669442 is negative.

Checking parameters for BSIM 4.5 model xp7.xnand_m.xpex.xn2:nshort_model.40
Warning: Eta0 = -0.00908636 is negative.

Checking parameters for BSIM 4.5 model xp7.xnand_m.xpex.xn1:nshort_model.40
Warning: Eta0 = -0.00908636 is negative.

Checking parameters for BSIM 4.5 model xp7.xtg_d.xpex.xn2:pshort_model.40
Warning: A2 = 1.0885 is larger than 1. A2 is set to 1 and A1 is set to 0.
Warning: Pdibl1 = -0.00669442 is negative.

Checking parameters for BSIM 4.5 model xp7.xtg_d.xpex.xn1:nshort_model.48
Warning: Eta0 = -0.0261666 is negative.

Checking parameters for BSIM 4.5 model xp7.xinv_clk.xpex.xn2:pshort_model.40
Warning: A2 = 1.0885 is larger than 1. A2 is set to 1 and A1 is set to 0.
Warning: Pdibl1 = -0.00669442 is negative.

Checking parameters for BSIM 4.5 model xp7.xinv_clk.xpex.xn1:nshort_model.48
Warning: Eta0 = -0.0261666 is negative.

Checking parameters for BSIM 4.5 model xp6.xtg_fbs.xpex.xn2:pshort_model.40
Warning: A2 = 1.0885 is larger than 1. A2 is set to 1 and A1 is set to 0.
Warning: Pdibl1 = -0.00669442 is negative.

Checking parameters for BSIM 4.5 model xp6.xtg_fbs.xpex.xn1:nshort_model.48
Warning: Eta0 = -0.0261666 is negative.

Checking parameters for BSIM 4.5 model xp6.xnand_s2.xpex.xn4:pshort_model.40
Warning: A2 = 1.0885 is larger than 1. A2 is set to 1 and A1 is set to 0.
Warning: Pdibl1 = -0.00669442 is negative.

Checking parameters for BSIM 4.5 model xp6.xnand_s2.xpex.xn3:pshort_model.40
Warning: A2 = 1.0885 is larger than 1. A2 is set to 1 and A1 is set to 0.
Warning: Pdibl1 = -0.00669442 is negative.

Checking parameters for BSIM 4.5 model xp6.xnand_s2.xpex.xn2:nshort_model.40
Warning: Eta0 = -0.00908636 is negative.

Checking parameters for BSIM 4.5 model xp6.xnand_s2.xpex.xn1:nshort_model.40
Warning: Eta0 = -0.00908636 is negative.

Checking parameters for BSIM 4.5 model xp6.xinv_q.xpex.xn2:pshort_model.40
Warning: A2 = 1.0885 is larger than 1. A2 is set to 1 and A1 is set to 0.
Warning: Pdibl1 = -0.00669442 is negative.

Checking parameters for BSIM 4.5 model xp6.xinv_q.xpex.xn1:nshort_model.48
Warning: Eta0 = -0.0261666 is negative.

Checking parameters for BSIM 4.5 model xp6.xtg_s.xpex.xn2:pshort_model.40
Warning: A2 = 1.0885 is larger than 1. A2 is set to 1 and A1 is set to 0.
Warning: Pdibl1 = -0.00669442 is negative.

Checking parameters for BSIM 4.5 model xp6.xtg_s.xpex.xn1:nshort_model.48
Warning: Eta0 = -0.0261666 is negative.

Checking parameters for BSIM 4.5 model xp6.xtg_fbm.xpex.xn2:pshort_model.40
Warning: A2 = 1.0885 is larger than 1. A2 is set to 1 and A1 is set to 0.
Warning: Pdibl1 = -0.00669442 is negative.

Checking parameters for BSIM 4.5 model xp6.xtg_fbm.xpex.xn1:nshort_model.48
Warning: Eta0 = -0.0261666 is negative.

Checking parameters for BSIM 4.5 model xp6.xinv_mc.xpex.xn2:pshort_model.40
Warning: A2 = 1.0885 is larger than 1. A2 is set to 1 and A1 is set to 0.
Warning: Pdibl1 = -0.00669442 is negative.

Checking parameters for BSIM 4.5 model xp6.xinv_mc.xpex.xn1:nshort_model.48
Warning: Eta0 = -0.0261666 is negative.

Checking parameters for BSIM 4.5 model xp6.xnand_m.xpex.xn4:pshort_model.40
Warning: A2 = 1.0885 is larger than 1. A2 is set to 1 and A1 is set to 0.
Warning: Pdibl1 = -0.00669442 is negative.

Checking parameters for BSIM 4.5 model xp6.xnand_m.xpex.xn3:pshort_model.40
Warning: A2 = 1.0885 is larger than 1. A2 is set to 1 and A1 is set to 0.
Warning: Pdibl1 = -0.00669442 is negative.

Checking parameters for BSIM 4.5 model xp6.xnand_m.xpex.xn2:nshort_model.40
Warning: Eta0 = -0.00908636 is negative.

Checking parameters for BSIM 4.5 model xp6.xnand_m.xpex.xn1:nshort_model.40
Warning: Eta0 = -0.00908636 is negative.

Checking parameters for BSIM 4.5 model xp6.xtg_d.xpex.xn2:pshort_model.40
Warning: A2 = 1.0885 is larger than 1. A2 is set to 1 and A1 is set to 0.
Warning: Pdibl1 = -0.00669442 is negative.

Checking parameters for BSIM 4.5 model xp6.xtg_d.xpex.xn1:nshort_model.48
Warning: Eta0 = -0.0261666 is negative.

Checking parameters for BSIM 4.5 model xp6.xinv_clk.xpex.xn2:pshort_model.40
Warning: A2 = 1.0885 is larger than 1. A2 is set to 1 and A1 is set to 0.
Warning: Pdibl1 = -0.00669442 is negative.

Checking parameters for BSIM 4.5 model xp6.xinv_clk.xpex.xn1:nshort_model.48
Warning: Eta0 = -0.0261666 is negative.

Checking parameters for BSIM 4.5 model xp5.xtg_fbs.xpex.xn2:pshort_model.40
Warning: A2 = 1.0885 is larger than 1. A2 is set to 1 and A1 is set to 0.
Warning: Pdibl1 = -0.00669442 is negative.

Checking parameters for BSIM 4.5 model xp5.xtg_fbs.xpex.xn1:nshort_model.48
Warning: Eta0 = -0.0261666 is negative.

Checking parameters for BSIM 4.5 model xp5.xnand_s2.xpex.xn4:pshort_model.40
Warning: A2 = 1.0885 is larger than 1. A2 is set to 1 and A1 is set to 0.
Warning: Pdibl1 = -0.00669442 is negative.

Checking parameters for BSIM 4.5 model xp5.xnand_s2.xpex.xn3:pshort_model.40
Warning: A2 = 1.0885 is larger than 1. A2 is set to 1 and A1 is set to 0.
Warning: Pdibl1 = -0.00669442 is negative.

Checking parameters for BSIM 4.5 model xp5.xnand_s2.xpex.xn2:nshort_model.40
Warning: Eta0 = -0.00908636 is negative.

Checking parameters for BSIM 4.5 model xp5.xnand_s2.xpex.xn1:nshort_model.40
Warning: Eta0 = -0.00908636 is negative.

Checking parameters for BSIM 4.5 model xp5.xinv_q.xpex.xn2:pshort_model.40
Warning: A2 = 1.0885 is larger than 1. A2 is set to 1 and A1 is set to 0.
Warning: Pdibl1 = -0.00669442 is negative.

Checking parameters for BSIM 4.5 model xp5.xinv_q.xpex.xn1:nshort_model.48
Warning: Eta0 = -0.0261666 is negative.

Checking parameters for BSIM 4.5 model xp5.xtg_s.xpex.xn2:pshort_model.40
Warning: A2 = 1.0885 is larger than 1. A2 is set to 1 and A1 is set to 0.
Warning: Pdibl1 = -0.00669442 is negative.

Checking parameters for BSIM 4.5 model xp5.xtg_s.xpex.xn1:nshort_model.48
Warning: Eta0 = -0.0261666 is negative.

Checking parameters for BSIM 4.5 model xp5.xtg_fbm.xpex.xn2:pshort_model.40
Warning: A2 = 1.0885 is larger than 1. A2 is set to 1 and A1 is set to 0.
Warning: Pdibl1 = -0.00669442 is negative.

Checking parameters for BSIM 4.5 model xp5.xtg_fbm.xpex.xn1:nshort_model.48
Warning: Eta0 = -0.0261666 is negative.

Checking parameters for BSIM 4.5 model xp5.xinv_mc.xpex.xn2:pshort_model.40
Warning: A2 = 1.0885 is larger than 1. A2 is set to 1 and A1 is set to 0.
Warning: Pdibl1 = -0.00669442 is negative.

Checking parameters for BSIM 4.5 model xp5.xinv_mc.xpex.xn1:nshort_model.48
Warning: Eta0 = -0.0261666 is negative.

Checking parameters for BSIM 4.5 model xp5.xnand_m.xpex.xn4:pshort_model.40
Warning: A2 = 1.0885 is larger than 1. A2 is set to 1 and A1 is set to 0.
Warning: Pdibl1 = -0.00669442 is negative.

Checking parameters for BSIM 4.5 model xp5.xnand_m.xpex.xn3:pshort_model.40
Warning: A2 = 1.0885 is larger than 1. A2 is set to 1 and A1 is set to 0.
Warning: Pdibl1 = -0.00669442 is negative.

Checking parameters for BSIM 4.5 model xp5.xnand_m.xpex.xn2:nshort_model.40
Warning: Eta0 = -0.00908636 is negative.

Checking parameters for BSIM 4.5 model xp5.xnand_m.xpex.xn1:nshort_model.40
Warning: Eta0 = -0.00908636 is negative.

Checking parameters for BSIM 4.5 model xp5.xtg_d.xpex.xn2:pshort_model.40
Warning: A2 = 1.0885 is larger than 1. A2 is set to 1 and A1 is set to 0.
Warning: Pdibl1 = -0.00669442 is negative.

Checking parameters for BSIM 4.5 model xp5.xtg_d.xpex.xn1:nshort_model.48
Warning: Eta0 = -0.0261666 is negative.

Checking parameters for BSIM 4.5 model xp5.xinv_clk.xpex.xn2:pshort_model.40
Warning: A2 = 1.0885 is larger than 1. A2 is set to 1 and A1 is set to 0.
Warning: Pdibl1 = -0.00669442 is negative.

Checking parameters for BSIM 4.5 model xp5.xinv_clk.xpex.xn1:nshort_model.48
Warning: Eta0 = -0.0261666 is negative.

Checking parameters for BSIM 4.5 model xp4.xtg_fbs.xpex.xn2:pshort_model.40
Warning: A2 = 1.0885 is larger than 1. A2 is set to 1 and A1 is set to 0.
Warning: Pdibl1 = -0.00669442 is negative.

Checking parameters for BSIM 4.5 model xp4.xtg_fbs.xpex.xn1:nshort_model.48
Warning: Eta0 = -0.0261666 is negative.

Checking parameters for BSIM 4.5 model xp4.xnand_s2.xpex.xn4:pshort_model.40
Warning: A2 = 1.0885 is larger than 1. A2 is set to 1 and A1 is set to 0.
Warning: Pdibl1 = -0.00669442 is negative.

Checking parameters for BSIM 4.5 model xp4.xnand_s2.xpex.xn3:pshort_model.40
Warning: A2 = 1.0885 is larger than 1. A2 is set to 1 and A1 is set to 0.
Warning: Pdibl1 = -0.00669442 is negative.

Checking parameters for BSIM 4.5 model xp4.xnand_s2.xpex.xn2:nshort_model.40
Warning: Eta0 = -0.00908636 is negative.

Checking parameters for BSIM 4.5 model xp4.xnand_s2.xpex.xn1:nshort_model.40
Warning: Eta0 = -0.00908636 is negative.

Checking parameters for BSIM 4.5 model xp4.xinv_q.xpex.xn2:pshort_model.40
Warning: A2 = 1.0885 is larger than 1. A2 is set to 1 and A1 is set to 0.
Warning: Pdibl1 = -0.00669442 is negative.

Checking parameters for BSIM 4.5 model xp4.xinv_q.xpex.xn1:nshort_model.48
Warning: Eta0 = -0.0261666 is negative.

Checking parameters for BSIM 4.5 model xp4.xtg_s.xpex.xn2:pshort_model.40
Warning: A2 = 1.0885 is larger than 1. A2 is set to 1 and A1 is set to 0.
Warning: Pdibl1 = -0.00669442 is negative.

Checking parameters for BSIM 4.5 model xp4.xtg_s.xpex.xn1:nshort_model.48
Warning: Eta0 = -0.0261666 is negative.

Checking parameters for BSIM 4.5 model xp4.xtg_fbm.xpex.xn2:pshort_model.40
Warning: A2 = 1.0885 is larger than 1. A2 is set to 1 and A1 is set to 0.
Warning: Pdibl1 = -0.00669442 is negative.

Checking parameters for BSIM 4.5 model xp4.xtg_fbm.xpex.xn1:nshort_model.48
Warning: Eta0 = -0.0261666 is negative.

Checking parameters for BSIM 4.5 model xp4.xinv_mc.xpex.xn2:pshort_model.40
Warning: A2 = 1.0885 is larger than 1. A2 is set to 1 and A1 is set to 0.
Warning: Pdibl1 = -0.00669442 is negative.

Checking parameters for BSIM 4.5 model xp4.xinv_mc.xpex.xn1:nshort_model.48
Warning: Eta0 = -0.0261666 is negative.

Checking parameters for BSIM 4.5 model xp4.xnand_m.xpex.xn4:pshort_model.40
Warning: A2 = 1.0885 is larger than 1. A2 is set to 1 and A1 is set to 0.
Warning: Pdibl1 = -0.00669442 is negative.

Checking parameters for BSIM 4.5 model xp4.xnand_m.xpex.xn3:pshort_model.40
Warning: A2 = 1.0885 is larger than 1. A2 is set to 1 and A1 is set to 0.
Warning: Pdibl1 = -0.00669442 is negative.

Checking parameters for BSIM 4.5 model xp4.xnand_m.xpex.xn2:nshort_model.40
Warning: Eta0 = -0.00908636 is negative.

Checking parameters for BSIM 4.5 model xp4.xnand_m.xpex.xn1:nshort_model.40
Warning: Eta0 = -0.00908636 is negative.

Checking parameters for BSIM 4.5 model xp4.xtg_d.xpex.xn2:pshort_model.40
Warning: A2 = 1.0885 is larger than 1. A2 is set to 1 and A1 is set to 0.
Warning: Pdibl1 = -0.00669442 is negative.

Checking parameters for BSIM 4.5 model xp4.xtg_d.xpex.xn1:nshort_model.48
Warning: Eta0 = -0.0261666 is negative.

Checking parameters for BSIM 4.5 model xp4.xinv_clk.xpex.xn2:pshort_model.40
Warning: A2 = 1.0885 is larger than 1. A2 is set to 1 and A1 is set to 0.
Warning: Pdibl1 = -0.00669442 is negative.

Checking parameters for BSIM 4.5 model xp4.xinv_clk.xpex.xn1:nshort_model.48
Warning: Eta0 = -0.0261666 is negative.

Checking parameters for BSIM 4.5 model xp3.xtg_fbs.xpex.xn2:pshort_model.40
Warning: A2 = 1.0885 is larger than 1. A2 is set to 1 and A1 is set to 0.
Warning: Pdibl1 = -0.00669442 is negative.

Checking parameters for BSIM 4.5 model xp3.xtg_fbs.xpex.xn1:nshort_model.48
Warning: Eta0 = -0.0261666 is negative.

Checking parameters for BSIM 4.5 model xp3.xnand_s2.xpex.xn4:pshort_model.40
Warning: A2 = 1.0885 is larger than 1. A2 is set to 1 and A1 is set to 0.
Warning: Pdibl1 = -0.00669442 is negative.

Checking parameters for BSIM 4.5 model xp3.xnand_s2.xpex.xn3:pshort_model.40
Warning: A2 = 1.0885 is larger than 1. A2 is set to 1 and A1 is set to 0.
Warning: Pdibl1 = -0.00669442 is negative.

Checking parameters for BSIM 4.5 model xp3.xnand_s2.xpex.xn2:nshort_model.40
Warning: Eta0 = -0.00908636 is negative.

Checking parameters for BSIM 4.5 model xp3.xnand_s2.xpex.xn1:nshort_model.40
Warning: Eta0 = -0.00908636 is negative.

Checking parameters for BSIM 4.5 model xp3.xinv_q.xpex.xn2:pshort_model.40
Warning: A2 = 1.0885 is larger than 1. A2 is set to 1 and A1 is set to 0.
Warning: Pdibl1 = -0.00669442 is negative.

Checking parameters for BSIM 4.5 model xp3.xinv_q.xpex.xn1:nshort_model.48
Warning: Eta0 = -0.0261666 is negative.

Checking parameters for BSIM 4.5 model xp3.xtg_s.xpex.xn2:pshort_model.40
Warning: A2 = 1.0885 is larger than 1. A2 is set to 1 and A1 is set to 0.
Warning: Pdibl1 = -0.00669442 is negative.

Checking parameters for BSIM 4.5 model xp3.xtg_s.xpex.xn1:nshort_model.48
Warning: Eta0 = -0.0261666 is negative.

Checking parameters for BSIM 4.5 model xp3.xtg_fbm.xpex.xn2:pshort_model.40
Warning: A2 = 1.0885 is larger than 1. A2 is set to 1 and A1 is set to 0.
Warning: Pdibl1 = -0.00669442 is negative.

Checking parameters for BSIM 4.5 model xp3.xtg_fbm.xpex.xn1:nshort_model.48
Warning: Eta0 = -0.0261666 is negative.

Checking parameters for BSIM 4.5 model xp3.xinv_mc.xpex.xn2:pshort_model.40
Warning: A2 = 1.0885 is larger than 1. A2 is set to 1 and A1 is set to 0.
Warning: Pdibl1 = -0.00669442 is negative.

Checking parameters for BSIM 4.5 model xp3.xinv_mc.xpex.xn1:nshort_model.48
Warning: Eta0 = -0.0261666 is negative.

Checking parameters for BSIM 4.5 model xp3.xnand_m.xpex.xn4:pshort_model.40
Warning: A2 = 1.0885 is larger than 1. A2 is set to 1 and A1 is set to 0.
Warning: Pdibl1 = -0.00669442 is negative.

Checking parameters for BSIM 4.5 model xp3.xnand_m.xpex.xn3:pshort_model.40
Warning: A2 = 1.0885 is larger than 1. A2 is set to 1 and A1 is set to 0.
Warning: Pdibl1 = -0.00669442 is negative.

Checking parameters for BSIM 4.5 model xp3.xnand_m.xpex.xn2:nshort_model.40
Warning: Eta0 = -0.00908636 is negative.

Checking parameters for BSIM 4.5 model xp3.xnand_m.xpex.xn1:nshort_model.40
Warning: Eta0 = -0.00908636 is negative.

Checking parameters for BSIM 4.5 model xp3.xtg_d.xpex.xn2:pshort_model.40
Warning: A2 = 1.0885 is larger than 1. A2 is set to 1 and A1 is set to 0.
Warning: Pdibl1 = -0.00669442 is negative.

Checking parameters for BSIM 4.5 model xp3.xtg_d.xpex.xn1:nshort_model.48
Warning: Eta0 = -0.0261666 is negative.

Checking parameters for BSIM 4.5 model xp3.xinv_clk.xpex.xn2:pshort_model.40
Warning: A2 = 1.0885 is larger than 1. A2 is set to 1 and A1 is set to 0.
Warning: Pdibl1 = -0.00669442 is negative.

Checking parameters for BSIM 4.5 model xp3.xinv_clk.xpex.xn1:nshort_model.48
Warning: Eta0 = -0.0261666 is negative.

Checking parameters for BSIM 4.5 model xp2.xtg_fbs.xpex.xn2:pshort_model.40
Warning: A2 = 1.0885 is larger than 1. A2 is set to 1 and A1 is set to 0.
Warning: Pdibl1 = -0.00669442 is negative.

Checking parameters for BSIM 4.5 model xp2.xtg_fbs.xpex.xn1:nshort_model.48
Warning: Eta0 = -0.0261666 is negative.

Checking parameters for BSIM 4.5 model xp2.xnand_s2.xpex.xn4:pshort_model.40
Warning: A2 = 1.0885 is larger than 1. A2 is set to 1 and A1 is set to 0.
Warning: Pdibl1 = -0.00669442 is negative.

Checking parameters for BSIM 4.5 model xp2.xnand_s2.xpex.xn3:pshort_model.40
Warning: A2 = 1.0885 is larger than 1. A2 is set to 1 and A1 is set to 0.
Warning: Pdibl1 = -0.00669442 is negative.

Checking parameters for BSIM 4.5 model xp2.xnand_s2.xpex.xn2:nshort_model.40
Warning: Eta0 = -0.00908636 is negative.

Checking parameters for BSIM 4.5 model xp2.xnand_s2.xpex.xn1:nshort_model.40
Warning: Eta0 = -0.00908636 is negative.

Checking parameters for BSIM 4.5 model xp2.xinv_q.xpex.xn2:pshort_model.40
Warning: A2 = 1.0885 is larger than 1. A2 is set to 1 and A1 is set to 0.
Warning: Pdibl1 = -0.00669442 is negative.

Checking parameters for BSIM 4.5 model xp2.xinv_q.xpex.xn1:nshort_model.48
Warning: Eta0 = -0.0261666 is negative.

Checking parameters for BSIM 4.5 model xp2.xtg_s.xpex.xn2:pshort_model.40
Warning: A2 = 1.0885 is larger than 1. A2 is set to 1 and A1 is set to 0.
Warning: Pdibl1 = -0.00669442 is negative.

Checking parameters for BSIM 4.5 model xp2.xtg_s.xpex.xn1:nshort_model.48
Warning: Eta0 = -0.0261666 is negative.

Checking parameters for BSIM 4.5 model xp2.xtg_fbm.xpex.xn2:pshort_model.40
Warning: A2 = 1.0885 is larger than 1. A2 is set to 1 and A1 is set to 0.
Warning: Pdibl1 = -0.00669442 is negative.

Checking parameters for BSIM 4.5 model xp2.xtg_fbm.xpex.xn1:nshort_model.48
Warning: Eta0 = -0.0261666 is negative.

Checking parameters for BSIM 4.5 model xp2.xinv_mc.xpex.xn2:pshort_model.40
Warning: A2 = 1.0885 is larger than 1. A2 is set to 1 and A1 is set to 0.
Warning: Pdibl1 = -0.00669442 is negative.

Checking parameters for BSIM 4.5 model xp2.xinv_mc.xpex.xn1:nshort_model.48
Warning: Eta0 = -0.0261666 is negative.

Checking parameters for BSIM 4.5 model xp2.xnand_m.xpex.xn4:pshort_model.40
Warning: A2 = 1.0885 is larger than 1. A2 is set to 1 and A1 is set to 0.
Warning: Pdibl1 = -0.00669442 is negative.

Checking parameters for BSIM 4.5 model xp2.xnand_m.xpex.xn3:pshort_model.40
Warning: A2 = 1.0885 is larger than 1. A2 is set to 1 and A1 is set to 0.
Warning: Pdibl1 = -0.00669442 is negative.

Checking parameters for BSIM 4.5 model xp2.xnand_m.xpex.xn2:nshort_model.40
Warning: Eta0 = -0.00908636 is negative.

Checking parameters for BSIM 4.5 model xp2.xnand_m.xpex.xn1:nshort_model.40
Warning: Eta0 = -0.00908636 is negative.

Checking parameters for BSIM 4.5 model xp2.xtg_d.xpex.xn2:pshort_model.40
Warning: A2 = 1.0885 is larger than 1. A2 is set to 1 and A1 is set to 0.
Warning: Pdibl1 = -0.00669442 is negative.

Checking parameters for BSIM 4.5 model xp2.xtg_d.xpex.xn1:nshort_model.48
Warning: Eta0 = -0.0261666 is negative.

Checking parameters for BSIM 4.5 model xp2.xinv_clk.xpex.xn2:pshort_model.40
Warning: A2 = 1.0885 is larger than 1. A2 is set to 1 and A1 is set to 0.
Warning: Pdibl1 = -0.00669442 is negative.

Checking parameters for BSIM 4.5 model xp2.xinv_clk.xpex.xn1:nshort_model.48
Warning: Eta0 = -0.0261666 is negative.

Checking parameters for BSIM 4.5 model xp1.xtg_fbs.xpex.xn2:pshort_model.40
Warning: A2 = 1.0885 is larger than 1. A2 is set to 1 and A1 is set to 0.
Warning: Pdibl1 = -0.00669442 is negative.

Checking parameters for BSIM 4.5 model xp1.xtg_fbs.xpex.xn1:nshort_model.48
Warning: Eta0 = -0.0261666 is negative.

Checking parameters for BSIM 4.5 model xp1.xnand_s2.xpex.xn4:pshort_model.40
Warning: A2 = 1.0885 is larger than 1. A2 is set to 1 and A1 is set to 0.
Warning: Pdibl1 = -0.00669442 is negative.

Checking parameters for BSIM 4.5 model xp1.xnand_s2.xpex.xn3:pshort_model.40
Warning: A2 = 1.0885 is larger than 1. A2 is set to 1 and A1 is set to 0.
Warning: Pdibl1 = -0.00669442 is negative.

Checking parameters for BSIM 4.5 model xp1.xnand_s2.xpex.xn2:nshort_model.40
Warning: Eta0 = -0.00908636 is negative.

Checking parameters for BSIM 4.5 model xp1.xnand_s2.xpex.xn1:nshort_model.40
Warning: Eta0 = -0.00908636 is negative.

Checking parameters for BSIM 4.5 model xp1.xinv_q.xpex.xn2:pshort_model.40
Warning: A2 = 1.0885 is larger than 1. A2 is set to 1 and A1 is set to 0.
Warning: Pdibl1 = -0.00669442 is negative.

Checking parameters for BSIM 4.5 model xp1.xinv_q.xpex.xn1:nshort_model.48
Warning: Eta0 = -0.0261666 is negative.

Checking parameters for BSIM 4.5 model xp1.xtg_s.xpex.xn2:pshort_model.40
Warning: A2 = 1.0885 is larger than 1. A2 is set to 1 and A1 is set to 0.
Warning: Pdibl1 = -0.00669442 is negative.

Checking parameters for BSIM 4.5 model xp1.xtg_s.xpex.xn1:nshort_model.48
Warning: Eta0 = -0.0261666 is negative.

Checking parameters for BSIM 4.5 model xp1.xtg_fbm.xpex.xn2:pshort_model.40
Warning: A2 = 1.0885 is larger than 1. A2 is set to 1 and A1 is set to 0.
Warning: Pdibl1 = -0.00669442 is negative.

Checking parameters for BSIM 4.5 model xp1.xtg_fbm.xpex.xn1:nshort_model.48
Warning: Eta0 = -0.0261666 is negative.

Checking parameters for BSIM 4.5 model xp1.xinv_mc.xpex.xn2:pshort_model.40
Warning: A2 = 1.0885 is larger than 1. A2 is set to 1 and A1 is set to 0.
Warning: Pdibl1 = -0.00669442 is negative.

Checking parameters for BSIM 4.5 model xp1.xinv_mc.xpex.xn1:nshort_model.48
Warning: Eta0 = -0.0261666 is negative.

Checking parameters for BSIM 4.5 model xp1.xnand_m.xpex.xn4:pshort_model.40
Warning: A2 = 1.0885 is larger than 1. A2 is set to 1 and A1 is set to 0.
Warning: Pdibl1 = -0.00669442 is negative.

Checking parameters for BSIM 4.5 model xp1.xnand_m.xpex.xn3:pshort_model.40
Warning: A2 = 1.0885 is larger than 1. A2 is set to 1 and A1 is set to 0.
Warning: Pdibl1 = -0.00669442 is negative.

Checking parameters for BSIM 4.5 model xp1.xnand_m.xpex.xn2:nshort_model.40
Warning: Eta0 = -0.00908636 is negative.

Checking parameters for BSIM 4.5 model xp1.xnand_m.xpex.xn1:nshort_model.40
Warning: Eta0 = -0.00908636 is negative.

Checking parameters for BSIM 4.5 model xp1.xtg_d.xpex.xn2:pshort_model.40
Warning: A2 = 1.0885 is larger than 1. A2 is set to 1 and A1 is set to 0.
Warning: Pdibl1 = -0.00669442 is negative.

Checking parameters for BSIM 4.5 model xp1.xtg_d.xpex.xn1:nshort_model.48
Warning: Eta0 = -0.0261666 is negative.

Checking parameters for BSIM 4.5 model xp1.xinv_clk.xpex.xn2:pshort_model.40
Warning: A2 = 1.0885 is larger than 1. A2 is set to 1 and A1 is set to 0.
Warning: Pdibl1 = -0.00669442 is negative.

Checking parameters for BSIM 4.5 model xp1.xinv_clk.xpex.xn1:nshort_model.48
Warning: Eta0 = -0.0261666 is negative.

