|* Post-layout sampler_dff: the SETUP-TIME bracket -- how far ahead of the
|* sampling clock edge the data input must settle for the bit to be captured
|* -- extracted parasitics vs. the pre-layout netlist, in ONE deck.
|*
|* Purpose. The companion deck in this slug
|* (tb_post_layout_sampler_dff.spice) measures what the sampler does AFTER
|* the edge (clk -> q delay, output levels, reset/idle/active currents). This
|* one measures the window BEFORE it. For a TRNG that is the more
|* consequential of the two: the raw bit is whatever the combining node
|* happens to be doing inside this window, so the window's width is a
|* property of the digitizer that any later raw-bit or min-entropy claim
|* rests on. sim/raw-bit-min-entropy/ digitizes through this exact cell and
|* has never measured it.
|*
|* Method: a LADDER, not a bisection. Twenty-four DFFs run in one transient
|* -- twelve post-layout, twelve pre-layout -- sharing one clock whose single
|* rising edge is at 50 ns, each fed by its OWN d source whose 0 -> 1
|* transition is centred a different distance ahead of that edge:
|*
|*     3200, 800, 260, 215, 180, 150, 125, 105, 88, 73, 60, 45 ps
|*
|* ("centred": each PWL edge takes 100 ps, and the offset is measured
|* between the two signals' 50% crossings, so a rung's label IS the setup
|* time it offers.) After the run, v(q) is read in a settled window after the
|* edge: an instance that captured reads ~Vdd, one that did not reads ~0.
|* The setup time is bracketed between the smallest rung that captured and
|* the largest that did not, per side, per corner, from one transient.
|*
|* Why these twelve rungs. The two wide anchors (3200 and 800 ps) exist to
|* show the ladder saturating -- a run where even they fail to capture is a
|* broken deck, not a fast cell. The other ten are spaced ~1.2x apart across
|* 45..260 ps, which is the band the boundary actually falls in: a scouting
|* run of an earlier, purely geometric (factor-of-two) version of this deck
|* put it between 50 and 100 ps at both tt/27 degC/1.8 V and
|* ff/125 degC/1.98 V, and between 100 and 200 ps at ss/-40 degC/1.62 V.
|* The factor-of-two ladder was too coarse to separate the post-layout cell
|* from its own pre-layout control at any of the three -- both sides landed
|* in the same rung -- which is the whole point of running them in one deck,
|* hence this spacing.
|*
|* Deliberately NOT a metastability measurement.
|* spec/porting-plan.md carries DR-0011's judgment that full resolution-time
|* statistics are "not credibly reproducible in a general-purpose transient
|* solver", and that judgment is tool-general rather than PDK-specific. What
|* is measured here is a DETERMINISTIC timing property -- captured or not
|* captured, at a stated offset -- and nothing about resolution time,
|* failure probability, or the shape of the boundary is claimed. A rung that
|* lands close enough to the boundary to read back an intermediate level is
|* reported as exactly that: an intermediate level at a stated offset.
|*
|* Topology, parasitic scope, substrate tie, stimulus idealization and the
|* pre-layout-control-in-the-same-deck argument are all identical to the
|* companion deck -- see tb_post_layout_sampler_dff.spice's header, which
|* states them in full, including why an ideal PWL stimulus makes every
|* post-layout figure here a FLOOR on the real cost rather than the whole of
|* it.
|*
|* The waveform (ns):
|*
|*    0 .. 10   rst_n = 0, clk = 0, every d = 0    reset; all q = 0
|*   10         rst_n 0 -> 1                       released, master
|*                                                 transparent (clk = 0)
|*   46.8 .. 50.055                                each d rises, one rung
|*                                                 each -- see the ladder
|*   50        clk 0 -> 1                          THE sampling edge; the
|*                                                 slave captures whatever
|*                                                 the master settled to
|*   50 .. 56  clk held high                       master opaque, so a d
|*                                                 that arrived too late
|*                                                 cannot leak through after
|*                                                 the fact; q read over
|*                                                 54 .. 56 ns
|*
|* PVT: the same four (temp, supply) points as every post-layout campaign in
|* this repo, each bundling tt/ss/ff into one record.
|*
|* This file is a TEMPLATE: sim/bin/corner-run.py substitutes /home/ubuntu/.volare/volare/sky130/versions/c6d73a35f524070e85faff4a6a9eef49553ebc2b/sky130A/libs.tech/combined/sky130.lib.spice,
|* ss, /home/ubuntu/loom-workspaces/sky130-trng/.loom/worktrees/issue-22/design/sampler_core.spice (design/sampler_core.spice), /home/ubuntu/loom-workspaces/sky130-trng/.loom/worktrees/issue-22/layout/pex/sampler_dff_pex.spice
|* (layout/pex/sampler_dff_pex.spice), -40.0, 1.98 and 5p. As
|* committed it is not a runnable deck.
|
|.option scale=1u
|.lib "/home/ubuntu/.volare/volare/sky130/versions/c6d73a35f524070e85faff4a6a9eef49553ebc2b/sky130A/libs.tech/combined/sky130.lib.spice" ss
|
|.include "/home/ubuntu/loom-workspaces/sky130-trng/.loom/worktrees/issue-22/design/sampler_core.spice"
|.include "/home/ubuntu/loom-workspaces/sky130-trng/.loom/worktrees/issue-22/layout/pex/sampler_dff_pex.spice"
|
|.temp -40.0
|
|* --- substrate return node: hard tie (see the companion deck's header) --
|Vsub vsubs 0 dc 0
|
|*-----------------------------------------------------------------------
|* The post-layout sampler_dff, assembled from extracted leaf cells.
|* Identical to the companion deck's subcircuit; every port assignment is
|* annotated there with the design/sampler_core.spice device it reproduces.
|*-----------------------------------------------------------------------
|.subckt sampler_dff_pex d clk rst_n q vdd vss
|xinv_clk clk    clkb   vdd vss           sampler_inv_pex
|xtg_d    d      m      clk  clkb vdd vss sampler_tg_pex
|xnand_m  m      rst_n  mb   vdd  vss     sampler_nand2_pex
|xinv_mc  mb     mc     vdd vss           sampler_inv_pex
|xtg_fbm  mc     m      clkb clk  vdd vss sampler_tg_pex
|xtg_s    mb     s      clkb clk  vdd vss sampler_tg_pex
|xinv_q   s      q      vdd vss           sampler_inv_pex
|xnand_s2 q      rst_n  qb   vdd  vss     sampler_nand2_pex
|xtg_fbs  qb     s      clk  clkb vdd vss sampler_tg_pex
|.ends
|
|* --- shared clock and reset --------------------------------------------
|* One rising edge, at 50 ns, held high to the end of the run.
|Vclk clk 0 PWL(0 0  50n 0  50.1n 1.98)
|Vrstn rst_n 0 PWL(0 0  10n 0  10.1n 1.98)
|
|* --- the setup ladder: one d source per rung ----------------------------
|* Each edge takes 100 ps and its 50% crossing precedes the clock's 50%
|* crossing (50.05 ns) by exactly the rung's offset.
|Vd1 d1 0 PWL(0 0  46.8n 0  46.9n 1.98)
|Vd2 d2 0 PWL(0 0  49.2n 0  49.3n 1.98)
|Vd3 d3 0 PWL(0 0  49.74n 0  49.84n 1.98)
|Vd4 d4 0 PWL(0 0  49.785n 0  49.885n 1.98)
|Vd5 d5 0 PWL(0 0  49.82n 0  49.92n 1.98)
|Vd6 d6 0 PWL(0 0  49.85n 0  49.95n 1.98)
|Vd7 d7 0 PWL(0 0  49.875n 0  49.975n 1.98)
|Vd8 d8 0 PWL(0 0  49.895n 0  49.995n 1.98)
|Vd9 d9 0 PWL(0 0  49.912n 0  50.012n 1.98)
|Vd10 d10 0 PWL(0 0  49.927n 0  50.027n 1.98)
|Vd11 d11 0 PWL(0 0  49.94n 0  50.04n 1.98)
|Vd12 d12 0 PWL(0 0  49.955n 0  50.055n 1.98)
|
|* --- twelve post-layout DFFs, one per rung ------------------------------
|* One shared supply source on each side: this deck measures timing, not
|* current (the companion deck owns the per-cell current measurements).
|Vddp vddp 0 dc 1.98
|xp1 d1 clk rst_n qp1 vddp 0 sampler_dff_pex
|xp2 d2 clk rst_n qp2 vddp 0 sampler_dff_pex
|xp3 d3 clk rst_n qp3 vddp 0 sampler_dff_pex
|xp4 d4 clk rst_n qp4 vddp 0 sampler_dff_pex
|xp5 d5 clk rst_n qp5 vddp 0 sampler_dff_pex
|xp6 d6 clk rst_n qp6 vddp 0 sampler_dff_pex
|xp7 d7 clk rst_n qp7 vddp 0 sampler_dff_pex
|xp8 d8 clk rst_n qp8 vddp 0 sampler_dff_pex
|xp9 d9 clk rst_n qp9 vddp 0 sampler_dff_pex
|xp10 d10 clk rst_n qp10 vddp 0 sampler_dff_pex
|xp11 d11 clk rst_n qp11 vddp 0 sampler_dff_pex
|xp12 d12 clk rst_n qp12 vddp 0 sampler_dff_pex
|
|* --- twelve pre-layout control DFFs, the same ladder --------------------
|Vddq vddq 0 dc 1.98
|xq1 d1 clk rst_n qq1 vddq 0 sampler_dff
|xq2 d2 clk rst_n qq2 vddq 0 sampler_dff
|xq3 d3 clk rst_n qq3 vddq 0 sampler_dff
|xq4 d4 clk rst_n qq4 vddq 0 sampler_dff
|xq5 d5 clk rst_n qq5 vddq 0 sampler_dff
|xq6 d6 clk rst_n qq6 vddq 0 sampler_dff
|xq7 d7 clk rst_n qq7 vddq 0 sampler_dff
|xq8 d8 clk rst_n qq8 vddq 0 sampler_dff
|xq9 d9 clk rst_n qq9 vddq 0 sampler_dff
|xq10 d10 clk rst_n qq10 vddq 0 sampler_dff
|xq11 d11 clk rst_n qq11 vddq 0 sampler_dff
|xq12 d12 clk rst_n qq12 vddq 0 sampler_dff
|
|* --- output load: one inverter per DFF, matched per side ----------------
|Vddl vddl 0 dc 1.98
|xlp1 qp1 qpb1 vddl 0 sampler_inv_pex
|xlp2 qp2 qpb2 vddl 0 sampler_inv_pex
|xlp3 qp3 qpb3 vddl 0 sampler_inv_pex
|xlp4 qp4 qpb4 vddl 0 sampler_inv_pex
|xlp5 qp5 qpb5 vddl 0 sampler_inv_pex
|xlp6 qp6 qpb6 vddl 0 sampler_inv_pex
|xlp7 qp7 qpb7 vddl 0 sampler_inv_pex
|xlp8 qp8 qpb8 vddl 0 sampler_inv_pex
|xlp9 qp9 qpb9 vddl 0 sampler_inv_pex
|xlp10 qp10 qpb10 vddl 0 sampler_inv_pex
|xlp11 qp11 qpb11 vddl 0 sampler_inv_pex
|xlp12 qp12 qpb12 vddl 0 sampler_inv_pex
|xlq1 qq1 qqb1 vddl 0 ro_buf
|xlq2 qq2 qqb2 vddl 0 ro_buf
|xlq3 qq3 qqb3 vddl 0 ro_buf
|xlq4 qq4 qqb4 vddl 0 ro_buf
|xlq5 qq5 qqb5 vddl 0 ro_buf
|xlq6 qq6 qqb6 vddl 0 ro_buf
|xlq7 qq7 qqb7 vddl 0 ro_buf
|xlq8 qq8 qqb8 vddl 0 ro_buf
|xlq9 qq9 qqb9 vddl 0 ro_buf
|xlq10 qq10 qqb10 vddl 0 ro_buf
|xlq11 qq11 qqb11 vddl 0 ro_buf
|xlq12 qq12 qqb12 vddl 0 ro_buf
|
|.tran 5p 56n
|
|.control
|run
|
|* --- captured level per rung, as a fraction of Vdd ---------------------
|* Read in a settled window well after the edge. ~1 means the rung's setup
|* time was sufficient, ~0 means it was not; anything in between means the
|* rung sits close to the boundary and is reported as such, NOT as a
|* metastability statistic (see the header).
|meas tran vp1 AVG v(qp1) from=54n to=56n
|meas tran vp2 AVG v(qp2) from=54n to=56n
|meas tran vp3 AVG v(qp3) from=54n to=56n
|meas tran vp4 AVG v(qp4) from=54n to=56n
|meas tran vp5 AVG v(qp5) from=54n to=56n
|meas tran vp6 AVG v(qp6) from=54n to=56n
|meas tran vp7 AVG v(qp7) from=54n to=56n
|meas tran vp8 AVG v(qp8) from=54n to=56n
|meas tran vp9 AVG v(qp9) from=54n to=56n
|meas tran vp10 AVG v(qp10) from=54n to=56n
|meas tran vp11 AVG v(qp11) from=54n to=56n
|meas tran vp12 AVG v(qp12) from=54n to=56n
|meas tran vq1 AVG v(qq1) from=54n to=56n
|meas tran vq2 AVG v(qq2) from=54n to=56n
|meas tran vq3 AVG v(qq3) from=54n to=56n
|meas tran vq4 AVG v(qq4) from=54n to=56n
|meas tran vq5 AVG v(qq5) from=54n to=56n
|meas tran vq6 AVG v(qq6) from=54n to=56n
|meas tran vq7 AVG v(qq7) from=54n to=56n
|meas tran vq8 AVG v(qq8) from=54n to=56n
|meas tran vq9 AVG v(qq9) from=54n to=56n
|meas tran vq10 AVG v(qq10) from=54n to=56n
|meas tran vq11 AVG v(qq11) from=54n to=56n
|meas tran vq12 AVG v(qq12) from=54n to=56n
|
|* Named by the rung's own setup offset in picoseconds, so a record reads
|* as the ladder it is.
|let cap_pex_3200ps = vp1 / 1.98
|let cap_pex_800ps = vp2 / 1.98
|let cap_pex_260ps = vp3 / 1.98
|let cap_pex_215ps = vp4 / 1.98
|let cap_pex_180ps = vp5 / 1.98
|let cap_pex_150ps = vp6 / 1.98
|let cap_pex_125ps = vp7 / 1.98
|let cap_pex_105ps = vp8 / 1.98
|let cap_pex_88ps = vp9 / 1.98
|let cap_pex_73ps = vp10 / 1.98
|let cap_pex_60ps = vp11 / 1.98
|let cap_pex_45ps = vp12 / 1.98
|let cap_pre_3200ps = vq1 / 1.98
|let cap_pre_800ps = vq2 / 1.98
|let cap_pre_260ps = vq3 / 1.98
|let cap_pre_215ps = vq4 / 1.98
|let cap_pre_180ps = vq5 / 1.98
|let cap_pre_150ps = vq6 / 1.98
|let cap_pre_125ps = vq7 / 1.98
|let cap_pre_105ps = vq8 / 1.98
|let cap_pre_88ps = vq9 / 1.98
|let cap_pre_73ps = vq10 / 1.98
|let cap_pre_60ps = vq11 / 1.98
|let cap_pre_45ps = vq12 / 1.98
|
|print cap_pex_3200ps
|print cap_pex_800ps
|print cap_pex_260ps
|print cap_pex_215ps
|print cap_pex_180ps
|print cap_pex_150ps
|print cap_pex_125ps
|print cap_pex_105ps
|print cap_pex_88ps
|print cap_pex_73ps
|print cap_pex_60ps
|print cap_pex_45ps
|print cap_pre_3200ps
|print cap_pre_800ps
|print cap_pre_260ps
|print cap_pre_215ps
|print cap_pre_180ps
|print cap_pre_150ps
|print cap_pre_125ps
|print cap_pre_105ps
|print cap_pre_88ps
|print cap_pre_73ps
|print cap_pre_60ps
|print cap_pre_45ps
|.endc
|.end
|

----- stdout -----

Note: No compatibility mode selected!


Circuit: * post-layout sampler_dff: the setup-time bracket -- how far ahead of the

Doing analysis at TEMP = -40.000000 and TNOM = 27.000000

Using SPARSE 1.3 as Direct Linear Solver

Initial Transient Solution
--------------------------

Node                                   Voltage
----                                   -------
vsubs                                        0
clk                                          0
rst_n                                        0
d1                                           0
d2                                           0
d3                                           0
d4                                           0
d5                                           0
d6                                           0
d7                                           0
d8                                           0
d9                                           0
d10                                          0
d11                                          0
d12                                          0
vddp                                      1.98
xp1.xinv_clk.xpex.y__t0                   1.98
xp1.xinv_clk.xpex.a__t0                      0
xp1.xinv_clk.xpex.vss__t0          2.65379e-17
xp1.xinv_clk.xpex.vss__t1          1.88264e-10
xp1.xinv_clk.xpex.y__t1                   1.98
xp1.xinv_clk.xpex.a__t1                      0
xp1.xinv_clk.xpex.vdd__t0                 1.98
xp1.xinv_clk.xpex.vdd__t1                 1.98
xp1.clkb                                  1.98
xp1.xtg_d.xpex.a__t0               1.48858e-09
xp1.xtg_d.xpex.ctrlb__t0                  1.98
xp1.xtg_d.xpex.b__t0               1.65411e-08
xp1.xtg_d.xpex.vss__t0             2.63929e-18
xp1.xtg_d.xpex.a__t1               4.11138e-10
xp1.xtg_d.xpex.ctrl__t0                      0
xp1.xtg_d.xpex.b__t1               1.80978e-08
xp1.xtg_d.xpex.vdd__t0                    1.98
xp1.m                              1.77609e-08
xp1.xnand_m.xpex.n2__t0            2.87736e-05
xp1.xnand_m.xpex.en__t0                      0
xp1.xnand_m.xpex.vss__t0           1.45862e-19
xp1.xnand_m.xpex.vss__t1           1.48948e-15
xp1.xnand_m.xpex.y__t0                    1.98
xp1.xnand_m.xpex.a__t0             1.77609e-08
xp1.xnand_m.xpex.n2__t1            2.87736e-05
xp1.xnand_m.xpex.vss__t2           2.04994e-10
xp1.xnand_m.xpex.y__t1                    1.98
xp1.xnand_m.xpex.en__t1                      0
xp1.xnand_m.xpex.vdd__t2                  1.98
xp1.xnand_m.xpex.vdd__t0                  1.98
xp1.xnand_m.xpex.vdd__t3                  1.98
xp1.xnand_m.xpex.a__t1             1.77609e-08
xp1.xnand_m.xpex.y__t2                    1.98
xp1.xnand_m.xpex.vdd__t1                  1.98
xp1.xnand_m.xpex.n2                2.87736e-05
xp1.mb                                    1.98
xp1.xinv_mc.xpex.y__t0             2.28505e-08
xp1.xinv_mc.xpex.a__t0                    1.98
xp1.xinv_mc.xpex.vss__t0           9.89934e-10
xp1.xinv_mc.xpex.vss__t1           2.26683e-18
xp1.xinv_mc.xpex.y__t1             2.60968e-08
xp1.xinv_mc.xpex.a__t1                    1.98
xp1.xinv_mc.xpex.vdd__t0                  1.98
xp1.xinv_mc.xpex.vdd__t1                  1.98
xp1.mc                             2.50124e-08
xp1.xtg_fbm.xpex.a__t0             2.50124e-08
xp1.xtg_fbm.xpex.ctrlb__t0                   0
xp1.xtg_fbm.xpex.b__t0             1.77609e-08
xp1.xtg_fbm.xpex.vss__t0            6.2614e-18
xp1.xtg_fbm.xpex.a__t1             2.60898e-08
xp1.xtg_fbm.xpex.ctrl__t0                 1.98
xp1.xtg_fbm.xpex.b__t1             1.86438e-08
xp1.xtg_fbm.xpex.vdd__t0                  1.98
xp1.xtg_s.xpex.a__t0                      1.98
xp1.xtg_s.xpex.ctrlb__t0                     0
xp1.xtg_s.xpex.b__t0                      1.98
xp1.xtg_s.xpex.vss__t0             5.79687e-10
xp1.xtg_s.xpex.a__t1                      1.98
xp1.xtg_s.xpex.ctrl__t0                   1.98
xp1.xtg_s.xpex.b__t1                      1.98
xp1.xtg_s.xpex.vdd__t0                    1.98
xp1.s                                     1.98
xp1.xinv_q.xpex.y__t0              1.14621e-08
xp1.xinv_q.xpex.a__t0                     1.98
xp1.xinv_q.xpex.vss__t0            4.96561e-10
xp1.xinv_q.xpex.vss__t1            1.13706e-18
xp1.xinv_q.xpex.y__t1              1.36309e-08
xp1.xinv_q.xpex.a__t1                     1.98
xp1.xinv_q.xpex.vdd__t0                   1.98
xp1.xinv_q.xpex.vdd__t1                   1.98
qp1                                1.25465e-08
xp1.xnand_s2.xpex.n2__t0           2.87736e-05
xp1.xnand_s2.xpex.en__t0                     0
xp1.xnand_s2.xpex.vss__t0          1.45862e-19
xp1.xnand_s2.xpex.vss__t1          1.48948e-15
xp1.xnand_s2.xpex.y__t0                   1.98
xp1.xnand_s2.xpex.a__t0            1.25465e-08
xp1.xnand_s2.xpex.n2__t1           2.87736e-05
xp1.xnand_s2.xpex.vss__t2          2.04994e-10
xp1.xnand_s2.xpex.y__t1                   1.98
xp1.xnand_s2.xpex.en__t1                     0
xp1.xnand_s2.xpex.vdd__t2                 1.98
xp1.xnand_s2.xpex.vdd__t0                 1.98
xp1.xnand_s2.xpex.vdd__t3                 1.98
xp1.xnand_s2.xpex.a__t1            1.25465e-08
xp1.xnand_s2.xpex.y__t2                   1.98
xp1.xnand_s2.xpex.vdd__t1                 1.98
xp1.xnand_s2.xpex.n2               2.87736e-05
xp1.qb                                    1.98
xp1.xtg_fbs.xpex.a__t0                    1.98
xp1.xtg_fbs.xpex.ctrlb__t0                1.98
xp1.xtg_fbs.xpex.b__t0                    1.98
xp1.xtg_fbs.xpex.vss__t0           5.79687e-10
xp1.xtg_fbs.xpex.a__t1                    1.98
xp1.xtg_fbs.xpex.ctrl__t0                    0
xp1.xtg_fbs.xpex.b__t1                    1.98
xp1.xtg_fbs.xpex.vdd__t0                  1.98
xp2.xinv_clk.xpex.y__t0                   1.98
xp2.xinv_clk.xpex.a__t0                      0
xp2.xinv_clk.xpex.vss__t0          2.65379e-17
xp2.xinv_clk.xpex.vss__t1          1.88264e-10
xp2.xinv_clk.xpex.y__t1                   1.98
xp2.xinv_clk.xpex.a__t1                      0
xp2.xinv_clk.xpex.vdd__t0                 1.98
xp2.xinv_clk.xpex.vdd__t1                 1.98
xp2.clkb                                  1.98
xp2.xtg_d.xpex.a__t0               1.48858e-09
xp2.xtg_d.xpex.ctrlb__t0                  1.98
xp2.xtg_d.xpex.b__t0               1.65411e-08
xp2.xtg_d.xpex.vss__t0             2.63929e-18
xp2.xtg_d.xpex.a__t1               4.11138e-10
xp2.xtg_d.xpex.ctrl__t0                      0
xp2.xtg_d.xpex.b__t1               1.80978e-08
xp2.xtg_d.xpex.vdd__t0                    1.98
xp2.m                              1.77609e-08
xp2.xnand_m.xpex.n2__t0            2.87736e-05
xp2.xnand_m.xpex.en__t0                      0
xp2.xnand_m.xpex.vss__t0           1.45862e-19
xp2.xnand_m.xpex.vss__t1           1.48948e-15
xp2.xnand_m.xpex.y__t0                    1.98
xp2.xnand_m.xpex.a__t0             1.77609e-08
xp2.xnand_m.xpex.n2__t1            2.87736e-05
xp2.xnand_m.xpex.vss__t2           2.04994e-10
xp2.xnand_m.xpex.y__t1                    1.98
xp2.xnand_m.xpex.en__t1                      0
xp2.xnand_m.xpex.vdd__t2                  1.98
xp2.xnand_m.xpex.vdd__t0                  1.98
xp2.xnand_m.xpex.vdd__t3                  1.98
xp2.xnand_m.xpex.a__t1             1.77609e-08
xp2.xnand_m.xpex.y__t2                    1.98
xp2.xnand_m.xpex.vdd__t1                  1.98
xp2.xnand_m.xpex.n2                2.87736e-05
xp2.mb                                    1.98
xp2.xinv_mc.xpex.y__t0             2.28505e-08
xp2.xinv_mc.xpex.a__t0                    1.98
xp2.xinv_mc.xpex.vss__t0           9.89934e-10
xp2.xinv_mc.xpex.vss__t1           2.26683e-18
xp2.xinv_mc.xpex.y__t1             2.60968e-08
xp2.xinv_mc.xpex.a__t1                    1.98
xp2.xinv_mc.xpex.vdd__t0                  1.98
xp2.xinv_mc.xpex.vdd__t1                  1.98
xp2.mc                             2.50124e-08
xp2.xtg_fbm.xpex.a__t0             2.50124e-08
xp2.xtg_fbm.xpex.ctrlb__t0                   0
xp2.xtg_fbm.xpex.b__t0             1.77609e-08
xp2.xtg_fbm.xpex.vss__t0            6.2614e-18
xp2.xtg_fbm.xpex.a__t1             2.60898e-08
xp2.xtg_fbm.xpex.ctrl__t0                 1.98
xp2.xtg_fbm.xpex.b__t1             1.86438e-08
xp2.xtg_fbm.xpex.vdd__t0                  1.98
xp2.xtg_s.xpex.a__t0                      1.98
xp2.xtg_s.xpex.ctrlb__t0                     0
xp2.xtg_s.xpex.b__t0                      1.98
xp2.xtg_s.xpex.vss__t0             5.79687e-10
xp2.xtg_s.xpex.a__t1                      1.98
xp2.xtg_s.xpex.ctrl__t0                   1.98
xp2.xtg_s.xpex.b__t1                      1.98
xp2.xtg_s.xpex.vdd__t0                    1.98
xp2.s                                     1.98
xp2.xinv_q.xpex.y__t0              1.14621e-08
xp2.xinv_q.xpex.a__t0                     1.98
xp2.xinv_q.xpex.vss__t0            4.96561e-10
xp2.xinv_q.xpex.vss__t1            1.13706e-18
xp2.xinv_q.xpex.y__t1              1.36309e-08
xp2.xinv_q.xpex.a__t1                     1.98
xp2.xinv_q.xpex.vdd__t0                   1.98
xp2.xinv_q.xpex.vdd__t1                   1.98
qp2                                1.25465e-08
xp2.xnand_s2.xpex.n2__t0           2.87736e-05
xp2.xnand_s2.xpex.en__t0                     0
xp2.xnand_s2.xpex.vss__t0          1.45862e-19
xp2.xnand_s2.xpex.vss__t1          1.48948e-15
xp2.xnand_s2.xpex.y__t0                   1.98
xp2.xnand_s2.xpex.a__t0            1.25465e-08
xp2.xnand_s2.xpex.n2__t1           2.87736e-05
xp2.xnand_s2.xpex.vss__t2          2.04994e-10
xp2.xnand_s2.xpex.y__t1                   1.98
xp2.xnand_s2.xpex.en__t1                     0
xp2.xnand_s2.xpex.vdd__t2                 1.98
xp2.xnand_s2.xpex.vdd__t0                 1.98
xp2.xnand_s2.xpex.vdd__t3                 1.98
xp2.xnand_s2.xpex.a__t1            1.25465e-08
xp2.xnand_s2.xpex.y__t2                   1.98
xp2.xnand_s2.xpex.vdd__t1                 1.98
xp2.xnand_s2.xpex.n2               2.87736e-05
xp2.qb                                    1.98
xp2.xtg_fbs.xpex.a__t0                    1.98
xp2.xtg_fbs.xpex.ctrlb__t0                1.98
xp2.xtg_fbs.xpex.b__t0                    1.98
xp2.xtg_fbs.xpex.vss__t0           5.79687e-10
xp2.xtg_fbs.xpex.a__t1                    1.98
xp2.xtg_fbs.xpex.ctrl__t0                    0
xp2.xtg_fbs.xpex.b__t1                    1.98
xp2.xtg_fbs.xpex.vdd__t0                  1.98
xp3.xinv_clk.xpex.y__t0                   1.98
xp3.xinv_clk.xpex.a__t0                      0
xp3.xinv_clk.xpex.vss__t0          2.65379e-17
xp3.xinv_clk.xpex.vss__t1          1.88264e-10
xp3.xinv_clk.xpex.y__t1                   1.98
xp3.xinv_clk.xpex.a__t1                      0
xp3.xinv_clk.xpex.vdd__t0                 1.98
xp3.xinv_clk.xpex.vdd__t1                 1.98
xp3.clkb                                  1.98
xp3.xtg_d.xpex.a__t0               1.48858e-09
xp3.xtg_d.xpex.ctrlb__t0                  1.98
xp3.xtg_d.xpex.b__t0               1.65411e-08
xp3.xtg_d.xpex.vss__t0             2.63929e-18
xp3.xtg_d.xpex.a__t1               4.11138e-10
xp3.xtg_d.xpex.ctrl__t0                      0
xp3.xtg_d.xpex.b__t1               1.80978e-08
xp3.xtg_d.xpex.vdd__t0                    1.98
xp3.m                              1.77609e-08
xp3.xnand_m.xpex.n2__t0            2.87736e-05
xp3.xnand_m.xpex.en__t0                      0
xp3.xnand_m.xpex.vss__t0           1.45862e-19
xp3.xnand_m.xpex.vss__t1           1.48948e-15
xp3.xnand_m.xpex.y__t0                    1.98
xp3.xnand_m.xpex.a__t0             1.77609e-08
xp3.xnand_m.xpex.n2__t1            2.87736e-05
xp3.xnand_m.xpex.vss__t2           2.04994e-10
xp3.xnand_m.xpex.y__t1                    1.98
xp3.xnand_m.xpex.en__t1                      0
xp3.xnand_m.xpex.vdd__t2                  1.98
xp3.xnand_m.xpex.vdd__t0                  1.98
xp3.xnand_m.xpex.vdd__t3                  1.98
xp3.xnand_m.xpex.a__t1             1.77609e-08
xp3.xnand_m.xpex.y__t2                    1.98
xp3.xnand_m.xpex.vdd__t1                  1.98
xp3.xnand_m.xpex.n2                2.87736e-05
xp3.mb                                    1.98
xp3.xinv_mc.xpex.y__t0             2.28505e-08
xp3.xinv_mc.xpex.a__t0                    1.98
xp3.xinv_mc.xpex.vss__t0           9.89934e-10
xp3.xinv_mc.xpex.vss__t1           2.26683e-18
xp3.xinv_mc.xpex.y__t1             2.60968e-08
xp3.xinv_mc.xpex.a__t1                    1.98
xp3.xinv_mc.xpex.vdd__t0                  1.98
xp3.xinv_mc.xpex.vdd__t1                  1.98
xp3.mc                             2.50124e-08
xp3.xtg_fbm.xpex.a__t0             2.50124e-08
xp3.xtg_fbm.xpex.ctrlb__t0                   0
xp3.xtg_fbm.xpex.b__t0             1.77609e-08
xp3.xtg_fbm.xpex.vss__t0            6.2614e-18
xp3.xtg_fbm.xpex.a__t1             2.60898e-08
xp3.xtg_fbm.xpex.ctrl__t0                 1.98
xp3.xtg_fbm.xpex.b__t1             1.86438e-08
xp3.xtg_fbm.xpex.vdd__t0                  1.98
xp3.xtg_s.xpex.a__t0                      1.98
xp3.xtg_s.xpex.ctrlb__t0                     0
xp3.xtg_s.xpex.b__t0                      1.98
xp3.xtg_s.xpex.vss__t0             5.79687e-10
xp3.xtg_s.xpex.a__t1                      1.98
xp3.xtg_s.xpex.ctrl__t0                   1.98
xp3.xtg_s.xpex.b__t1                      1.98
xp3.xtg_s.xpex.vdd__t0                    1.98
xp3.s                                     1.98
xp3.xinv_q.xpex.y__t0              1.14621e-08
xp3.xinv_q.xpex.a__t0                     1.98
xp3.xinv_q.xpex.vss__t0            4.96561e-10
xp3.xinv_q.xpex.vss__t1            1.13706e-18
xp3.xinv_q.xpex.y__t1              1.36309e-08
xp3.xinv_q.xpex.a__t1                     1.98
xp3.xinv_q.xpex.vdd__t0                   1.98
xp3.xinv_q.xpex.vdd__t1                   1.98
qp3                                1.25465e-08
xp3.xnand_s2.xpex.n2__t0           2.87736e-05
xp3.xnand_s2.xpex.en__t0                     0
xp3.xnand_s2.xpex.vss__t0          1.45862e-19
xp3.xnand_s2.xpex.vss__t1          1.48948e-15
xp3.xnand_s2.xpex.y__t0                   1.98
xp3.xnand_s2.xpex.a__t0            1.25465e-08
xp3.xnand_s2.xpex.n2__t1           2.87736e-05
xp3.xnand_s2.xpex.vss__t2          2.04994e-10
xp3.xnand_s2.xpex.y__t1                   1.98
xp3.xnand_s2.xpex.en__t1                     0
xp3.xnand_s2.xpex.vdd__t2                 1.98
xp3.xnand_s2.xpex.vdd__t0                 1.98
xp3.xnand_s2.xpex.vdd__t3                 1.98
xp3.xnand_s2.xpex.a__t1            1.25465e-08
xp3.xnand_s2.xpex.y__t2                   1.98
xp3.xnand_s2.xpex.vdd__t1                 1.98
xp3.xnand_s2.xpex.n2               2.87736e-05
xp3.qb                                    1.98
xp3.xtg_fbs.xpex.a__t0                    1.98
xp3.xtg_fbs.xpex.ctrlb__t0                1.98
xp3.xtg_fbs.xpex.b__t0                    1.98
xp3.xtg_fbs.xpex.vss__t0           5.79687e-10
xp3.xtg_fbs.xpex.a__t1                    1.98
xp3.xtg_fbs.xpex.ctrl__t0                    0
xp3.xtg_fbs.xpex.b__t1                    1.98
xp3.xtg_fbs.xpex.vdd__t0                  1.98
xp4.xinv_clk.xpex.y__t0                   1.98
xp4.xinv_clk.xpex.a__t0                      0
xp4.xinv_clk.xpex.vss__t0          2.65379e-17
xp4.xinv_clk.xpex.vss__t1          1.88264e-10
xp4.xinv_clk.xpex.y__t1                   1.98
xp4.xinv_clk.xpex.a__t1                      0
xp4.xinv_clk.xpex.vdd__t0                 1.98
xp4.xinv_clk.xpex.vdd__t1                 1.98
xp4.clkb                                  1.98
xp4.xtg_d.xpex.a__t0               1.48858e-09
xp4.xtg_d.xpex.ctrlb__t0                  1.98
xp4.xtg_d.xpex.b__t0               1.65411e-08
xp4.xtg_d.xpex.vss__t0             2.63929e-18
xp4.xtg_d.xpex.a__t1               4.11138e-10
xp4.xtg_d.xpex.ctrl__t0                      0
xp4.xtg_d.xpex.b__t1               1.80978e-08
xp4.xtg_d.xpex.vdd__t0                    1.98
xp4.m                              1.77609e-08
xp4.xnand_m.xpex.n2__t0            2.87736e-05
xp4.xnand_m.xpex.en__t0                      0
xp4.xnand_m.xpex.vss__t0           1.45862e-19
xp4.xnand_m.xpex.vss__t1           1.48948e-15
xp4.xnand_m.xpex.y__t0                    1.98
xp4.xnand_m.xpex.a__t0             1.77609e-08
xp4.xnand_m.xpex.n2__t1            2.87736e-05
xp4.xnand_m.xpex.vss__t2           2.04994e-10
xp4.xnand_m.xpex.y__t1                    1.98
xp4.xnand_m.xpex.en__t1                      0
xp4.xnand_m.xpex.vdd__t2                  1.98
xp4.xnand_m.xpex.vdd__t0                  1.98
xp4.xnand_m.xpex.vdd__t3                  1.98
xp4.xnand_m.xpex.a__t1             1.77609e-08
xp4.xnand_m.xpex.y__t2                    1.98
xp4.xnand_m.xpex.vdd__t1                  1.98
xp4.xnand_m.xpex.n2                2.87736e-05
xp4.mb                                    1.98
xp4.xinv_mc.xpex.y__t0             2.28505e-08
xp4.xinv_mc.xpex.a__t0                    1.98
xp4.xinv_mc.xpex.vss__t0           9.89934e-10
xp4.xinv_mc.xpex.vss__t1           2.26683e-18
xp4.xinv_mc.xpex.y__t1             2.60968e-08
xp4.xinv_mc.xpex.a__t1                    1.98
xp4.xinv_mc.xpex.vdd__t0                  1.98
xp4.xinv_mc.xpex.vdd__t1                  1.98
xp4.mc                             2.50124e-08
xp4.xtg_fbm.xpex.a__t0             2.50124e-08
xp4.xtg_fbm.xpex.ctrlb__t0                   0
xp4.xtg_fbm.xpex.b__t0             1.77609e-08
xp4.xtg_fbm.xpex.vss__t0            6.2614e-18
xp4.xtg_fbm.xpex.a__t1             2.60898e-08
xp4.xtg_fbm.xpex.ctrl__t0                 1.98
xp4.xtg_fbm.xpex.b__t1             1.86438e-08
xp4.xtg_fbm.xpex.vdd__t0                  1.98
xp4.xtg_s.xpex.a__t0                      1.98
xp4.xtg_s.xpex.ctrlb__t0                     0
xp4.xtg_s.xpex.b__t0                      1.98
xp4.xtg_s.xpex.vss__t0             5.79687e-10
xp4.xtg_s.xpex.a__t1                      1.98
xp4.xtg_s.xpex.ctrl__t0                   1.98
xp4.xtg_s.xpex.b__t1                      1.98
xp4.xtg_s.xpex.vdd__t0                    1.98
xp4.s                                     1.98
xp4.xinv_q.xpex.y__t0              1.14621e-08
xp4.xinv_q.xpex.a__t0                     1.98
xp4.xinv_q.xpex.vss__t0            4.96561e-10
xp4.xinv_q.xpex.vss__t1            1.13706e-18
xp4.xinv_q.xpex.y__t1              1.36309e-08
xp4.xinv_q.xpex.a__t1                     1.98
xp4.xinv_q.xpex.vdd__t0                   1.98
xp4.xinv_q.xpex.vdd__t1                   1.98
qp4                                1.25465e-08
xp4.xnand_s2.xpex.n2__t0           2.87736e-05
xp4.xnand_s2.xpex.en__t0                     0
xp4.xnand_s2.xpex.vss__t0          1.45862e-19
xp4.xnand_s2.xpex.vss__t1          1.48948e-15
xp4.xnand_s2.xpex.y__t0                   1.98
xp4.xnand_s2.xpex.a__t0            1.25465e-08
xp4.xnand_s2.xpex.n2__t1           2.87736e-05
xp4.xnand_s2.xpex.vss__t2          2.04994e-10
xp4.xnand_s2.xpex.y__t1                   1.98
xp4.xnand_s2.xpex.en__t1                     0
xp4.xnand_s2.xpex.vdd__t2                 1.98
xp4.xnand_s2.xpex.vdd__t0                 1.98
xp4.xnand_s2.xpex.vdd__t3                 1.98
xp4.xnand_s2.xpex.a__t1            1.25465e-08
xp4.xnand_s2.xpex.y__t2                   1.98
xp4.xnand_s2.xpex.vdd__t1                 1.98
xp4.xnand_s2.xpex.n2               2.87736e-05
xp4.qb                                    1.98
xp4.xtg_fbs.xpex.a__t0                    1.98
xp4.xtg_fbs.xpex.ctrlb__t0                1.98
xp4.xtg_fbs.xpex.b__t0                    1.98
xp4.xtg_fbs.xpex.vss__t0           5.79687e-10
xp4.xtg_fbs.xpex.a__t1                    1.98
xp4.xtg_fbs.xpex.ctrl__t0                    0
xp4.xtg_fbs.xpex.b__t1                    1.98
xp4.xtg_fbs.xpex.vdd__t0                  1.98
xp5.xinv_clk.xpex.y__t0                   1.98
xp5.xinv_clk.xpex.a__t0                      0
xp5.xinv_clk.xpex.vss__t0          2.65379e-17
xp5.xinv_clk.xpex.vss__t1          1.88264e-10
xp5.xinv_clk.xpex.y__t1                   1.98
xp5.xinv_clk.xpex.a__t1                      0
xp5.xinv_clk.xpex.vdd__t0                 1.98
xp5.xinv_clk.xpex.vdd__t1                 1.98
xp5.clkb                                  1.98
xp5.xtg_d.xpex.a__t0               1.48858e-09
xp5.xtg_d.xpex.ctrlb__t0                  1.98
xp5.xtg_d.xpex.b__t0               1.65411e-08
xp5.xtg_d.xpex.vss__t0             2.63929e-18
xp5.xtg_d.xpex.a__t1               4.11138e-10
xp5.xtg_d.xpex.ctrl__t0                      0
xp5.xtg_d.xpex.b__t1               1.80978e-08
xp5.xtg_d.xpex.vdd__t0                    1.98
xp5.m                              1.77609e-08
xp5.xnand_m.xpex.n2__t0            2.87736e-05
xp5.xnand_m.xpex.en__t0                      0
xp5.xnand_m.xpex.vss__t0           1.45862e-19
xp5.xnand_m.xpex.vss__t1           1.48948e-15
xp5.xnand_m.xpex.y__t0                    1.98
xp5.xnand_m.xpex.a__t0             1.77609e-08
xp5.xnand_m.xpex.n2__t1            2.87736e-05
xp5.xnand_m.xpex.vss__t2           2.04994e-10
xp5.xnand_m.xpex.y__t1                    1.98
xp5.xnand_m.xpex.en__t1                      0
xp5.xnand_m.xpex.vdd__t2                  1.98
xp5.xnand_m.xpex.vdd__t0                  1.98
xp5.xnand_m.xpex.vdd__t3                  1.98
xp5.xnand_m.xpex.a__t1             1.77609e-08
xp5.xnand_m.xpex.y__t2                    1.98
xp5.xnand_m.xpex.vdd__t1                  1.98
xp5.xnand_m.xpex.n2                2.87736e-05
xp5.mb                                    1.98
xp5.xinv_mc.xpex.y__t0             2.28505e-08
xp5.xinv_mc.xpex.a__t0                    1.98
xp5.xinv_mc.xpex.vss__t0           9.89934e-10
xp5.xinv_mc.xpex.vss__t1           2.26683e-18
xp5.xinv_mc.xpex.y__t1             2.60968e-08
xp5.xinv_mc.xpex.a__t1                    1.98
xp5.xinv_mc.xpex.vdd__t0                  1.98
xp5.xinv_mc.xpex.vdd__t1                  1.98
xp5.mc                             2.50124e-08
xp5.xtg_fbm.xpex.a__t0             2.50124e-08
xp5.xtg_fbm.xpex.ctrlb__t0                   0
xp5.xtg_fbm.xpex.b__t0             1.77609e-08
xp5.xtg_fbm.xpex.vss__t0            6.2614e-18
xp5.xtg_fbm.xpex.a__t1             2.60898e-08
xp5.xtg_fbm.xpex.ctrl__t0                 1.98
xp5.xtg_fbm.xpex.b__t1             1.86438e-08
xp5.xtg_fbm.xpex.vdd__t0                  1.98
xp5.xtg_s.xpex.a__t0                      1.98
xp5.xtg_s.xpex.ctrlb__t0                     0
xp5.xtg_s.xpex.b__t0                      1.98
xp5.xtg_s.xpex.vss__t0             5.79687e-10
xp5.xtg_s.xpex.a__t1                      1.98
xp5.xtg_s.xpex.ctrl__t0                   1.98
xp5.xtg_s.xpex.b__t1                      1.98
xp5.xtg_s.xpex.vdd__t0                    1.98
xp5.s                                     1.98
xp5.xinv_q.xpex.y__t0              1.14621e-08
xp5.xinv_q.xpex.a__t0                     1.98
xp5.xinv_q.xpex.vss__t0            4.96561e-10
xp5.xinv_q.xpex.vss__t1            1.13706e-18
xp5.xinv_q.xpex.y__t1              1.36309e-08
xp5.xinv_q.xpex.a__t1                     1.98
xp5.xinv_q.xpex.vdd__t0                   1.98
xp5.xinv_q.xpex.vdd__t1                   1.98
qp5                                1.25465e-08
xp5.xnand_s2.xpex.n2__t0           2.87736e-05
xp5.xnand_s2.xpex.en__t0                     0
xp5.xnand_s2.xpex.vss__t0          1.45862e-19
xp5.xnand_s2.xpex.vss__t1          1.48948e-15
xp5.xnand_s2.xpex.y__t0                   1.98
xp5.xnand_s2.xpex.a__t0            1.25465e-08
xp5.xnand_s2.xpex.n2__t1           2.87736e-05
xp5.xnand_s2.xpex.vss__t2          2.04994e-10
xp5.xnand_s2.xpex.y__t1                   1.98
xp5.xnand_s2.xpex.en__t1                     0
xp5.xnand_s2.xpex.vdd__t2                 1.98
xp5.xnand_s2.xpex.vdd__t0                 1.98
xp5.xnand_s2.xpex.vdd__t3                 1.98
xp5.xnand_s2.xpex.a__t1            1.25465e-08
xp5.xnand_s2.xpex.y__t2                   1.98
xp5.xnand_s2.xpex.vdd__t1                 1.98
xp5.xnand_s2.xpex.n2               2.87736e-05
xp5.qb                                    1.98
xp5.xtg_fbs.xpex.a__t0                    1.98
xp5.xtg_fbs.xpex.ctrlb__t0                1.98
xp5.xtg_fbs.xpex.b__t0                    1.98
xp5.xtg_fbs.xpex.vss__t0           5.79687e-10
xp5.xtg_fbs.xpex.a__t1                    1.98
xp5.xtg_fbs.xpex.ctrl__t0                    0
xp5.xtg_fbs.xpex.b__t1                    1.98
xp5.xtg_fbs.xpex.vdd__t0                  1.98
xp6.xinv_clk.xpex.y__t0                   1.98
xp6.xinv_clk.xpex.a__t0                      0
xp6.xinv_clk.xpex.vss__t0          2.65379e-17
xp6.xinv_clk.xpex.vss__t1          1.88264e-10
xp6.xinv_clk.xpex.y__t1                   1.98
xp6.xinv_clk.xpex.a__t1                      0
xp6.xinv_clk.xpex.vdd__t0                 1.98
xp6.xinv_clk.xpex.vdd__t1                 1.98
xp6.clkb                                  1.98
xp6.xtg_d.xpex.a__t0               1.48858e-09
xp6.xtg_d.xpex.ctrlb__t0                  1.98
xp6.xtg_d.xpex.b__t0               1.65411e-08
xp6.xtg_d.xpex.vss__t0             2.63929e-18
xp6.xtg_d.xpex.a__t1               4.11138e-10
xp6.xtg_d.xpex.ctrl__t0                      0
xp6.xtg_d.xpex.b__t1               1.80978e-08
xp6.xtg_d.xpex.vdd__t0                    1.98
xp6.m                              1.77609e-08
xp6.xnand_m.xpex.n2__t0            2.87736e-05
xp6.xnand_m.xpex.en__t0                      0
xp6.xnand_m.xpex.vss__t0           1.45862e-19
xp6.xnand_m.xpex.vss__t1           1.48948e-15
xp6.xnand_m.xpex.y__t0                    1.98
xp6.xnand_m.xpex.a__t0             1.77609e-08
xp6.xnand_m.xpex.n2__t1            2.87736e-05
xp6.xnand_m.xpex.vss__t2           2.04994e-10
xp6.xnand_m.xpex.y__t1                    1.98
xp6.xnand_m.xpex.en__t1                      0
xp6.xnand_m.xpex.vdd__t2                  1.98
xp6.xnand_m.xpex.vdd__t0                  1.98
xp6.xnand_m.xpex.vdd__t3                  1.98
xp6.xnand_m.xpex.a__t1             1.77609e-08
xp6.xnand_m.xpex.y__t2                    1.98
xp6.xnand_m.xpex.vdd__t1                  1.98
xp6.xnand_m.xpex.n2                2.87736e-05
xp6.mb                                    1.98
xp6.xinv_mc.xpex.y__t0             2.28505e-08
xp6.xinv_mc.xpex.a__t0                    1.98
xp6.xinv_mc.xpex.vss__t0           9.89934e-10
xp6.xinv_mc.xpex.vss__t1           2.26683e-18
xp6.xinv_mc.xpex.y__t1             2.60968e-08
xp6.xinv_mc.xpex.a__t1                    1.98
xp6.xinv_mc.xpex.vdd__t0                  1.98
xp6.xinv_mc.xpex.vdd__t1                  1.98
xp6.mc                             2.50124e-08
xp6.xtg_fbm.xpex.a__t0             2.50124e-08
xp6.xtg_fbm.xpex.ctrlb__t0                   0
xp6.xtg_fbm.xpex.b__t0             1.77609e-08
xp6.xtg_fbm.xpex.vss__t0            6.2614e-18
xp6.xtg_fbm.xpex.a__t1             2.60898e-08
xp6.xtg_fbm.xpex.ctrl__t0                 1.98
xp6.xtg_fbm.xpex.b__t1             1.86438e-08
xp6.xtg_fbm.xpex.vdd__t0                  1.98
xp6.xtg_s.xpex.a__t0                      1.98
xp6.xtg_s.xpex.ctrlb__t0                     0
xp6.xtg_s.xpex.b__t0                      1.98
xp6.xtg_s.xpex.vss__t0             5.79687e-10
xp6.xtg_s.xpex.a__t1                      1.98
xp6.xtg_s.xpex.ctrl__t0                   1.98
xp6.xtg_s.xpex.b__t1                      1.98
xp6.xtg_s.xpex.vdd__t0                    1.98
xp6.s                                     1.98
xp6.xinv_q.xpex.y__t0              1.14621e-08
xp6.xinv_q.xpex.a__t0                     1.98
xp6.xinv_q.xpex.vss__t0            4.96561e-10
xp6.xinv_q.xpex.vss__t1            1.13706e-18
xp6.xinv_q.xpex.y__t1              1.36309e-08
xp6.xinv_q.xpex.a__t1                     1.98
xp6.xinv_q.xpex.vdd__t0                   1.98
xp6.xinv_q.xpex.vdd__t1                   1.98
qp6                                1.25465e-08
xp6.xnand_s2.xpex.n2__t0           2.87736e-05
xp6.xnand_s2.xpex.en__t0                     0
xp6.xnand_s2.xpex.vss__t0          1.45862e-19
xp6.xnand_s2.xpex.vss__t1          1.48948e-15
xp6.xnand_s2.xpex.y__t0                   1.98
xp6.xnand_s2.xpex.a__t0            1.25465e-08
xp6.xnand_s2.xpex.n2__t1           2.87736e-05
xp6.xnand_s2.xpex.vss__t2          2.04994e-10
xp6.xnand_s2.xpex.y__t1                   1.98
xp6.xnand_s2.xpex.en__t1                     0
xp6.xnand_s2.xpex.vdd__t2                 1.98
xp6.xnand_s2.xpex.vdd__t0                 1.98
xp6.xnand_s2.xpex.vdd__t3                 1.98
xp6.xnand_s2.xpex.a__t1            1.25465e-08
xp6.xnand_s2.xpex.y__t2                   1.98
xp6.xnand_s2.xpex.vdd__t1                 1.98
xp6.xnand_s2.xpex.n2               2.87736e-05
xp6.qb                                    1.98
xp6.xtg_fbs.xpex.a__t0                    1.98
xp6.xtg_fbs.xpex.ctrlb__t0                1.98
xp6.xtg_fbs.xpex.b__t0                    1.98
xp6.xtg_fbs.xpex.vss__t0           5.79687e-10
xp6.xtg_fbs.xpex.a__t1                    1.98
xp6.xtg_fbs.xpex.ctrl__t0                    0
xp6.xtg_fbs.xpex.b__t1                    1.98
xp6.xtg_fbs.xpex.vdd__t0                  1.98
xp7.xinv_clk.xpex.y__t0                   1.98
xp7.xinv_clk.xpex.a__t0                      0
xp7.xinv_clk.xpex.vss__t0          2.65379e-17
xp7.xinv_clk.xpex.vss__t1          1.88264e-10
xp7.xinv_clk.xpex.y__t1                   1.98
xp7.xinv_clk.xpex.a__t1                      0
xp7.xinv_clk.xpex.vdd__t0                 1.98
xp7.xinv_clk.xpex.vdd__t1                 1.98
xp7.clkb                                  1.98
xp7.xtg_d.xpex.a__t0               1.48858e-09
xp7.xtg_d.xpex.ctrlb__t0                  1.98
xp7.xtg_d.xpex.b__t0               1.65411e-08
xp7.xtg_d.xpex.vss__t0             2.63929e-18
xp7.xtg_d.xpex.a__t1               4.11138e-10
xp7.xtg_d.xpex.ctrl__t0                      0
xp7.xtg_d.xpex.b__t1               1.80978e-08
xp7.xtg_d.xpex.vdd__t0                    1.98
xp7.m                              1.77609e-08
xp7.xnand_m.xpex.n2__t0            2.87736e-05
xp7.xnand_m.xpex.en__t0                      0
xp7.xnand_m.xpex.vss__t0           1.45862e-19
xp7.xnand_m.xpex.vss__t1           1.48948e-15
xp7.xnand_m.xpex.y__t0                    1.98
xp7.xnand_m.xpex.a__t0             1.77609e-08
xp7.xnand_m.xpex.n2__t1            2.87736e-05
xp7.xnand_m.xpex.vss__t2           2.04994e-10
xp7.xnand_m.xpex.y__t1                    1.98
xp7.xnand_m.xpex.en__t1                      0
xp7.xnand_m.xpex.vdd__t2                  1.98
xp7.xnand_m.xpex.vdd__t0                  1.98
xp7.xnand_m.xpex.vdd__t3                  1.98
xp7.xnand_m.xpex.a__t1             1.77609e-08
xp7.xnand_m.xpex.y__t2                    1.98
xp7.xnand_m.xpex.vdd__t1                  1.98
xp7.xnand_m.xpex.n2                2.87736e-05
xp7.mb                                    1.98
xp7.xinv_mc.xpex.y__t0             2.28505e-08
xp7.xinv_mc.xpex.a__t0                    1.98
xp7.xinv_mc.xpex.vss__t0           9.89934e-10
xp7.xinv_mc.xpex.vss__t1           2.26683e-18
xp7.xinv_mc.xpex.y__t1             2.60968e-08
xp7.xinv_mc.xpex.a__t1                    1.98
xp7.xinv_mc.xpex.vdd__t0                  1.98
xp7.xinv_mc.xpex.vdd__t1                  1.98
xp7.mc                             2.50124e-08
xp7.xtg_fbm.xpex.a__t0             2.50124e-08
xp7.xtg_fbm.xpex.ctrlb__t0                   0
xp7.xtg_fbm.xpex.b__t0             1.77609e-08
xp7.xtg_fbm.xpex.vss__t0            6.2614e-18
xp7.xtg_fbm.xpex.a__t1             2.60898e-08
xp7.xtg_fbm.xpex.ctrl__t0                 1.98
xp7.xtg_fbm.xpex.b__t1             1.86438e-08
xp7.xtg_fbm.xpex.vdd__t0                  1.98
xp7.xtg_s.xpex.a__t0                      1.98
xp7.xtg_s.xpex.ctrlb__t0                     0
xp7.xtg_s.xpex.b__t0                      1.98
xp7.xtg_s.xpex.vss__t0             5.79687e-10
xp7.xtg_s.xpex.a__t1                      1.98
xp7.xtg_s.xpex.ctrl__t0                   1.98
xp7.xtg_s.xpex.b__t1                      1.98
xp7.xtg_s.xpex.vdd__t0                    1.98
xp7.s                                     1.98
xp7.xinv_q.xpex.y__t0              1.14621e-08
xp7.xinv_q.xpex.a__t0                     1.98
xp7.xinv_q.xpex.vss__t0            4.96561e-10
xp7.xinv_q.xpex.vss__t1            1.13706e-18
xp7.xinv_q.xpex.y__t1              1.36309e-08
xp7.xinv_q.xpex.a__t1                     1.98
xp7.xinv_q.xpex.vdd__t0                   1.98
xp7.xinv_q.xpex.vdd__t1                   1.98
qp7                                1.25465e-08
xp7.xnand_s2.xpex.n2__t0           2.87736e-05
xp7.xnand_s2.xpex.en__t0                     0
xp7.xnand_s2.xpex.vss__t0          1.45862e-19
xp7.xnand_s2.xpex.vss__t1          1.48948e-15
xp7.xnand_s2.xpex.y__t0                   1.98
xp7.xnand_s2.xpex.a__t0            1.25465e-08
xp7.xnand_s2.xpex.n2__t1           2.87736e-05
xp7.xnand_s2.xpex.vss__t2          2.04994e-10
xp7.xnand_s2.xpex.y__t1                   1.98
xp7.xnand_s2.xpex.en__t1                     0
xp7.xnand_s2.xpex.vdd__t2                 1.98
xp7.xnand_s2.xpex.vdd__t0                 1.98
xp7.xnand_s2.xpex.vdd__t3                 1.98
xp7.xnand_s2.xpex.a__t1            1.25465e-08
xp7.xnand_s2.xpex.y__t2                   1.98
xp7.xnand_s2.xpex.vdd__t1                 1.98
xp7.xnand_s2.xpex.n2               2.87736e-05
xp7.qb                                    1.98
xp7.xtg_fbs.xpex.a__t0                    1.98
xp7.xtg_fbs.xpex.ctrlb__t0                1.98
xp7.xtg_fbs.xpex.b__t0                    1.98
xp7.xtg_fbs.xpex.vss__t0           5.79687e-10
xp7.xtg_fbs.xpex.a__t1                    1.98
xp7.xtg_fbs.xpex.ctrl__t0                    0
xp7.xtg_fbs.xpex.b__t1                    1.98
xp7.xtg_fbs.xpex.vdd__t0                  1.98
xp8.xinv_clk.xpex.y__t0                   1.98
xp8.xinv_clk.xpex.a__t0                      0
xp8.xinv_clk.xpex.vss__t0          2.65379e-17
xp8.xinv_clk.xpex.vss__t1          1.88264e-10
xp8.xinv_clk.xpex.y__t1                   1.98
xp8.xinv_clk.xpex.a__t1                      0
xp8.xinv_clk.xpex.vdd__t0                 1.98
xp8.xinv_clk.xpex.vdd__t1                 1.98
xp8.clkb                                  1.98
xp8.xtg_d.xpex.a__t0               1.48858e-09
xp8.xtg_d.xpex.ctrlb__t0                  1.98
xp8.xtg_d.xpex.b__t0               1.65411e-08
xp8.xtg_d.xpex.vss__t0             2.63929e-18
xp8.xtg_d.xpex.a__t1               4.11138e-10
xp8.xtg_d.xpex.ctrl__t0                      0
xp8.xtg_d.xpex.b__t1               1.80978e-08
xp8.xtg_d.xpex.vdd__t0                    1.98
xp8.m                              1.77609e-08
xp8.xnand_m.xpex.n2__t0            2.87736e-05
xp8.xnand_m.xpex.en__t0                      0
xp8.xnand_m.xpex.vss__t0           1.45862e-19
xp8.xnand_m.xpex.vss__t1           1.48948e-15
xp8.xnand_m.xpex.y__t0                    1.98
xp8.xnand_m.xpex.a__t0             1.77609e-08
xp8.xnand_m.xpex.n2__t1            2.87736e-05
xp8.xnand_m.xpex.vss__t2           2.04994e-10
xp8.xnand_m.xpex.y__t1                    1.98
xp8.xnand_m.xpex.en__t1                      0
xp8.xnand_m.xpex.vdd__t2                  1.98
xp8.xnand_m.xpex.vdd__t0                  1.98
xp8.xnand_m.xpex.vdd__t3                  1.98
xp8.xnand_m.xpex.a__t1             1.77609e-08
xp8.xnand_m.xpex.y__t2                    1.98
xp8.xnand_m.xpex.vdd__t1                  1.98
xp8.xnand_m.xpex.n2                2.87736e-05
xp8.mb                                    1.98
xp8.xinv_mc.xpex.y__t0             2.28505e-08
xp8.xinv_mc.xpex.a__t0                    1.98
xp8.xinv_mc.xpex.vss__t0           9.89934e-10
xp8.xinv_mc.xpex.vss__t1           2.26683e-18
xp8.xinv_mc.xpex.y__t1             2.60968e-08
xp8.xinv_mc.xpex.a__t1                    1.98
xp8.xinv_mc.xpex.vdd__t0                  1.98
xp8.xinv_mc.xpex.vdd__t1                  1.98
xp8.mc                             2.50124e-08
xp8.xtg_fbm.xpex.a__t0             2.50124e-08
xp8.xtg_fbm.xpex.ctrlb__t0                   0
xp8.xtg_fbm.xpex.b__t0             1.77609e-08
xp8.xtg_fbm.xpex.vss__t0            6.2614e-18
xp8.xtg_fbm.xpex.a__t1             2.60898e-08
xp8.xtg_fbm.xpex.ctrl__t0                 1.98
xp8.xtg_fbm.xpex.b__t1             1.86438e-08
xp8.xtg_fbm.xpex.vdd__t0                  1.98
xp8.xtg_s.xpex.a__t0                      1.98
xp8.xtg_s.xpex.ctrlb__t0                     0
xp8.xtg_s.xpex.b__t0                      1.98
xp8.xtg_s.xpex.vss__t0             5.79687e-10
xp8.xtg_s.xpex.a__t1                      1.98
xp8.xtg_s.xpex.ctrl__t0                   1.98
xp8.xtg_s.xpex.b__t1                      1.98
xp8.xtg_s.xpex.vdd__t0                    1.98
xp8.s                                     1.98
xp8.xinv_q.xpex.y__t0              1.14621e-08
xp8.xinv_q.xpex.a__t0                     1.98
xp8.xinv_q.xpex.vss__t0            4.96561e-10
xp8.xinv_q.xpex.vss__t1            1.13706e-18
xp8.xinv_q.xpex.y__t1              1.36309e-08
xp8.xinv_q.xpex.a__t1                     1.98
xp8.xinv_q.xpex.vdd__t0                   1.98
xp8.xinv_q.xpex.vdd__t1                   1.98
qp8                                1.25465e-08
xp8.xnand_s2.xpex.n2__t0           2.87736e-05
xp8.xnand_s2.xpex.en__t0                     0
xp8.xnand_s2.xpex.vss__t0          1.45862e-19
xp8.xnand_s2.xpex.vss__t1          1.48948e-15
xp8.xnand_s2.xpex.y__t0                   1.98
xp8.xnand_s2.xpex.a__t0            1.25465e-08
xp8.xnand_s2.xpex.n2__t1           2.87736e-05
xp8.xnand_s2.xpex.vss__t2          2.04994e-10
xp8.xnand_s2.xpex.y__t1                   1.98
xp8.xnand_s2.xpex.en__t1                     0
xp8.xnand_s2.xpex.vdd__t2                 1.98
xp8.xnand_s2.xpex.vdd__t0                 1.98
xp8.xnand_s2.xpex.vdd__t3                 1.98
xp8.xnand_s2.xpex.a__t1            1.25465e-08
xp8.xnand_s2.xpex.y__t2                   1.98
xp8.xnand_s2.xpex.vdd__t1                 1.98
xp8.xnand_s2.xpex.n2               2.87736e-05
xp8.qb                                    1.98
xp8.xtg_fbs.xpex.a__t0                    1.98
xp8.xtg_fbs.xpex.ctrlb__t0                1.98
xp8.xtg_fbs.xpex.b__t0                    1.98
xp8.xtg_fbs.xpex.vss__t0           5.79687e-10
xp8.xtg_fbs.xpex.a__t1                    1.98
xp8.xtg_fbs.xpex.ctrl__t0                    0
xp8.xtg_fbs.xpex.b__t1                    1.98
xp8.xtg_fbs.xpex.vdd__t0                  1.98
xp9.xinv_clk.xpex.y__t0                   1.98
xp9.xinv_clk.xpex.a__t0                      0
xp9.xinv_clk.xpex.vss__t0          2.65379e-17
xp9.xinv_clk.xpex.vss__t1          1.88264e-10
xp9.xinv_clk.xpex.y__t1                   1.98
xp9.xinv_clk.xpex.a__t1                      0
xp9.xinv_clk.xpex.vdd__t0                 1.98
xp9.xinv_clk.xpex.vdd__t1                 1.98
xp9.clkb                                  1.98
xp9.xtg_d.xpex.a__t0               1.48858e-09
xp9.xtg_d.xpex.ctrlb__t0                  1.98
xp9.xtg_d.xpex.b__t0               1.65411e-08
xp9.xtg_d.xpex.vss__t0             2.63929e-18
xp9.xtg_d.xpex.a__t1               4.11138e-10
xp9.xtg_d.xpex.ctrl__t0                      0
xp9.xtg_d.xpex.b__t1               1.80978e-08
xp9.xtg_d.xpex.vdd__t0                    1.98
xp9.m                              1.77609e-08
xp9.xnand_m.xpex.n2__t0            2.87736e-05
xp9.xnand_m.xpex.en__t0                      0
xp9.xnand_m.xpex.vss__t0           1.45862e-19
xp9.xnand_m.xpex.vss__t1           1.48948e-15
xp9.xnand_m.xpex.y__t0                    1.98
xp9.xnand_m.xpex.a__t0             1.77609e-08
xp9.xnand_m.xpex.n2__t1            2.87736e-05
xp9.xnand_m.xpex.vss__t2           2.04994e-10
xp9.xnand_m.xpex.y__t1                    1.98
xp9.xnand_m.xpex.en__t1                      0
xp9.xnand_m.xpex.vdd__t2                  1.98
xp9.xnand_m.xpex.vdd__t0                  1.98
xp9.xnand_m.xpex.vdd__t3                  1.98
xp9.xnand_m.xpex.a__t1             1.77609e-08
xp9.xnand_m.xpex.y__t2                    1.98
xp9.xnand_m.xpex.vdd__t1                  1.98
xp9.xnand_m.xpex.n2                2.87736e-05
xp9.mb                                    1.98
xp9.xinv_mc.xpex.y__t0             2.28505e-08
xp9.xinv_mc.xpex.a__t0                    1.98
xp9.xinv_mc.xpex.vss__t0           9.89934e-10
xp9.xinv_mc.xpex.vss__t1           2.26683e-18
xp9.xinv_mc.xpex.y__t1             2.60968e-08
xp9.xinv_mc.xpex.a__t1                    1.98
xp9.xinv_mc.xpex.vdd__t0                  1.98
xp9.xinv_mc.xpex.vdd__t1                  1.98
xp9.mc                             2.50124e-08
xp9.xtg_fbm.xpex.a__t0             2.50124e-08
xp9.xtg_fbm.xpex.ctrlb__t0                   0
xp9.xtg_fbm.xpex.b__t0             1.77609e-08
xp9.xtg_fbm.xpex.vss__t0            6.2614e-18
xp9.xtg_fbm.xpex.a__t1             2.60898e-08
xp9.xtg_fbm.xpex.ctrl__t0                 1.98
xp9.xtg_fbm.xpex.b__t1             1.86438e-08
xp9.xtg_fbm.xpex.vdd__t0                  1.98
xp9.xtg_s.xpex.a__t0                      1.98
xp9.xtg_s.xpex.ctrlb__t0                     0
xp9.xtg_s.xpex.b__t0                      1.98
xp9.xtg_s.xpex.vss__t0             5.79687e-10
xp9.xtg_s.xpex.a__t1                      1.98
xp9.xtg_s.xpex.ctrl__t0                   1.98
xp9.xtg_s.xpex.b__t1                      1.98
xp9.xtg_s.xpex.vdd__t0                    1.98
xp9.s                                     1.98
xp9.xinv_q.xpex.y__t0              1.14621e-08
xp9.xinv_q.xpex.a__t0                     1.98
xp9.xinv_q.xpex.vss__t0            4.96561e-10
xp9.xinv_q.xpex.vss__t1            1.13706e-18
xp9.xinv_q.xpex.y__t1              1.36309e-08
xp9.xinv_q.xpex.a__t1                     1.98
xp9.xinv_q.xpex.vdd__t0                   1.98
xp9.xinv_q.xpex.vdd__t1                   1.98
qp9                                1.25465e-08
xp9.xnand_s2.xpex.n2__t0           2.87736e-05
xp9.xnand_s2.xpex.en__t0                     0
xp9.xnand_s2.xpex.vss__t0          1.45862e-19
xp9.xnand_s2.xpex.vss__t1          1.48948e-15
xp9.xnand_s2.xpex.y__t0                   1.98
xp9.xnand_s2.xpex.a__t0            1.25465e-08
xp9.xnand_s2.xpex.n2__t1           2.87736e-05
xp9.xnand_s2.xpex.vss__t2          2.04994e-10
xp9.xnand_s2.xpex.y__t1                   1.98
xp9.xnand_s2.xpex.en__t1                     0
xp9.xnand_s2.xpex.vdd__t2                 1.98
xp9.xnand_s2.xpex.vdd__t0                 1.98
xp9.xnand_s2.xpex.vdd__t3                 1.98
xp9.xnand_s2.xpex.a__t1            1.25465e-08
xp9.xnand_s2.xpex.y__t2                   1.98
xp9.xnand_s2.xpex.vdd__t1                 1.98
xp9.xnand_s2.xpex.n2               2.87736e-05
xp9.qb                                    1.98
xp9.xtg_fbs.xpex.a__t0                    1.98
xp9.xtg_fbs.xpex.ctrlb__t0                1.98
xp9.xtg_fbs.xpex.b__t0                    1.98
xp9.xtg_fbs.xpex.vss__t0           5.79687e-10
xp9.xtg_fbs.xpex.a__t1                    1.98
xp9.xtg_fbs.xpex.ctrl__t0                    0
xp9.xtg_fbs.xpex.b__t1                    1.98
xp9.xtg_fbs.xpex.vdd__t0                  1.98
xp10.xinv_clk.xpex.y__t0                  1.98
xp10.xinv_clk.xpex.a__t0                     0
xp10.xinv_clk.xpex.vss__t0         2.65379e-17
xp10.xinv_clk.xpex.vss__t1         1.88264e-10
xp10.xinv_clk.xpex.y__t1                  1.98
xp10.xinv_clk.xpex.a__t1                     0
xp10.xinv_clk.xpex.vdd__t0                1.98
xp10.xinv_clk.xpex.vdd__t1                1.98
xp10.clkb                                 1.98
xp10.xtg_d.xpex.a__t0              1.48858e-09
xp10.xtg_d.xpex.ctrlb__t0                 1.98
xp10.xtg_d.xpex.b__t0              1.65411e-08
xp10.xtg_d.xpex.vss__t0            2.63929e-18
xp10.xtg_d.xpex.a__t1              4.11138e-10
xp10.xtg_d.xpex.ctrl__t0                     0
xp10.xtg_d.xpex.b__t1              1.80978e-08
xp10.xtg_d.xpex.vdd__t0                   1.98
xp10.m                             1.77609e-08
xp10.xnand_m.xpex.n2__t0           2.87736e-05
xp10.xnand_m.xpex.en__t0                     0
xp10.xnand_m.xpex.vss__t0          1.45862e-19
xp10.xnand_m.xpex.vss__t1          1.48948e-15
xp10.xnand_m.xpex.y__t0                   1.98
xp10.xnand_m.xpex.a__t0            1.77609e-08
xp10.xnand_m.xpex.n2__t1           2.87736e-05
xp10.xnand_m.xpex.vss__t2          2.04994e-10
xp10.xnand_m.xpex.y__t1                   1.98
xp10.xnand_m.xpex.en__t1                     0
xp10.xnand_m.xpex.vdd__t2                 1.98
xp10.xnand_m.xpex.vdd__t0                 1.98
xp10.xnand_m.xpex.vdd__t3                 1.98
xp10.xnand_m.xpex.a__t1            1.77609e-08
xp10.xnand_m.xpex.y__t2                   1.98
xp10.xnand_m.xpex.vdd__t1                 1.98
xp10.xnand_m.xpex.n2               2.87736e-05
xp10.mb                                   1.98
xp10.xinv_mc.xpex.y__t0            2.28505e-08
xp10.xinv_mc.xpex.a__t0                   1.98
xp10.xinv_mc.xpex.vss__t0          9.89934e-10
xp10.xinv_mc.xpex.vss__t1          2.26683e-18
xp10.xinv_mc.xpex.y__t1            2.60968e-08
xp10.xinv_mc.xpex.a__t1                   1.98
xp10.xinv_mc.xpex.vdd__t0                 1.98
xp10.xinv_mc.xpex.vdd__t1                 1.98
xp10.mc                            2.50124e-08
xp10.xtg_fbm.xpex.a__t0            2.50124e-08
xp10.xtg_fbm.xpex.ctrlb__t0                  0
xp10.xtg_fbm.xpex.b__t0            1.77609e-08
xp10.xtg_fbm.xpex.vss__t0           6.2614e-18
xp10.xtg_fbm.xpex.a__t1            2.60898e-08
xp10.xtg_fbm.xpex.ctrl__t0                1.98
xp10.xtg_fbm.xpex.b__t1            1.86438e-08
xp10.xtg_fbm.xpex.vdd__t0                 1.98
xp10.xtg_s.xpex.a__t0                     1.98
xp10.xtg_s.xpex.ctrlb__t0                    0
xp10.xtg_s.xpex.b__t0                     1.98
xp10.xtg_s.xpex.vss__t0            5.79687e-10
xp10.xtg_s.xpex.a__t1                     1.98
xp10.xtg_s.xpex.ctrl__t0                  1.98
xp10.xtg_s.xpex.b__t1                     1.98
xp10.xtg_s.xpex.vdd__t0                   1.98
xp10.s                                    1.98
xp10.xinv_q.xpex.y__t0             1.14621e-08
xp10.xinv_q.xpex.a__t0                    1.98
xp10.xinv_q.xpex.vss__t0           4.96561e-10
xp10.xinv_q.xpex.vss__t1           1.13706e-18
xp10.xinv_q.xpex.y__t1             1.36309e-08
xp10.xinv_q.xpex.a__t1                    1.98
xp10.xinv_q.xpex.vdd__t0                  1.98
xp10.xinv_q.xpex.vdd__t1                  1.98
qp10                               1.25465e-08
xp10.xnand_s2.xpex.n2__t0          2.87736e-05
xp10.xnand_s2.xpex.en__t0                    0
xp10.xnand_s2.xpex.vss__t0         1.45862e-19
xp10.xnand_s2.xpex.vss__t1         1.48948e-15
xp10.xnand_s2.xpex.y__t0                  1.98
xp10.xnand_s2.xpex.a__t0           1.25465e-08
xp10.xnand_s2.xpex.n2__t1          2.87736e-05
xp10.xnand_s2.xpex.vss__t2         2.04994e-10
xp10.xnand_s2.xpex.y__t1                  1.98
xp10.xnand_s2.xpex.en__t1                    0
xp10.xnand_s2.xpex.vdd__t2                1.98
xp10.xnand_s2.xpex.vdd__t0                1.98
xp10.xnand_s2.xpex.vdd__t3                1.98
xp10.xnand_s2.xpex.a__t1           1.25465e-08
xp10.xnand_s2.xpex.y__t2                  1.98
xp10.xnand_s2.xpex.vdd__t1                1.98
xp10.xnand_s2.xpex.n2              2.87736e-05
xp10.qb                                   1.98
xp10.xtg_fbs.xpex.a__t0                   1.98
xp10.xtg_fbs.xpex.ctrlb__t0               1.98
xp10.xtg_fbs.xpex.b__t0                   1.98
xp10.xtg_fbs.xpex.vss__t0          5.79687e-10
xp10.xtg_fbs.xpex.a__t1                   1.98
xp10.xtg_fbs.xpex.ctrl__t0                   0
xp10.xtg_fbs.xpex.b__t1                   1.98
xp10.xtg_fbs.xpex.vdd__t0                 1.98
xp11.xinv_clk.xpex.y__t0                  1.98
xp11.xinv_clk.xpex.a__t0                     0
xp11.xinv_clk.xpex.vss__t0         2.65379e-17
xp11.xinv_clk.xpex.vss__t1         1.88264e-10
xp11.xinv_clk.xpex.y__t1                  1.98
xp11.xinv_clk.xpex.a__t1                     0
xp11.xinv_clk.xpex.vdd__t0                1.98
xp11.xinv_clk.xpex.vdd__t1                1.98
xp11.clkb                                 1.98
xp11.xtg_d.xpex.a__t0              1.48858e-09
xp11.xtg_d.xpex.ctrlb__t0                 1.98
xp11.xtg_d.xpex.b__t0              1.65411e-08
xp11.xtg_d.xpex.vss__t0            2.63929e-18
xp11.xtg_d.xpex.a__t1              4.11138e-10
xp11.xtg_d.xpex.ctrl__t0                     0
xp11.xtg_d.xpex.b__t1              1.80978e-08
xp11.xtg_d.xpex.vdd__t0                   1.98
xp11.m                             1.77609e-08
xp11.xnand_m.xpex.n2__t0           2.87736e-05
xp11.xnand_m.xpex.en__t0                     0
xp11.xnand_m.xpex.vss__t0          1.45862e-19
xp11.xnand_m.xpex.vss__t1          1.48948e-15
xp11.xnand_m.xpex.y__t0                   1.98
xp11.xnand_m.xpex.a__t0            1.77609e-08
xp11.xnand_m.xpex.n2__t1           2.87736e-05
xp11.xnand_m.xpex.vss__t2          2.04994e-10
xp11.xnand_m.xpex.y__t1                   1.98
xp11.xnand_m.xpex.en__t1                     0
xp11.xnand_m.xpex.vdd__t2                 1.98
xp11.xnand_m.xpex.vdd__t0                 1.98
xp11.xnand_m.xpex.vdd__t3                 1.98
xp11.xnand_m.xpex.a__t1            1.77609e-08
xp11.xnand_m.xpex.y__t2                   1.98
xp11.xnand_m.xpex.vdd__t1                 1.98
xp11.xnand_m.xpex.n2               2.87736e-05
xp11.mb                                   1.98
xp11.xinv_mc.xpex.y__t0            2.28505e-08
xp11.xinv_mc.xpex.a__t0                   1.98
xp11.xinv_mc.xpex.vss__t0          9.89934e-10
xp11.xinv_mc.xpex.vss__t1          2.26683e-18
xp11.xinv_mc.xpex.y__t1            2.60968e-08
xp11.xinv_mc.xpex.a__t1                   1.98
xp11.xinv_mc.xpex.vdd__t0                 1.98
xp11.xinv_mc.xpex.vdd__t1                 1.98
xp11.mc                            2.50124e-08
xp11.xtg_fbm.xpex.a__t0            2.50124e-08
xp11.xtg_fbm.xpex.ctrlb__t0                  0
xp11.xtg_fbm.xpex.b__t0            1.77609e-08
xp11.xtg_fbm.xpex.vss__t0           6.2614e-18
xp11.xtg_fbm.xpex.a__t1            2.60898e-08
xp11.xtg_fbm.xpex.ctrl__t0                1.98
xp11.xtg_fbm.xpex.b__t1            1.86438e-08
xp11.xtg_fbm.xpex.vdd__t0                 1.98
xp11.xtg_s.xpex.a__t0                     1.98
xp11.xtg_s.xpex.ctrlb__t0                    0
xp11.xtg_s.xpex.b__t0                     1.98
xp11.xtg_s.xpex.vss__t0            5.79687e-10
xp11.xtg_s.xpex.a__t1                     1.98
xp11.xtg_s.xpex.ctrl__t0                  1.98
xp11.xtg_s.xpex.b__t1                     1.98
xp11.xtg_s.xpex.vdd__t0                   1.98
xp11.s                                    1.98
xp11.xinv_q.xpex.y__t0             1.14621e-08
xp11.xinv_q.xpex.a__t0                    1.98
xp11.xinv_q.xpex.vss__t0           4.96561e-10
xp11.xinv_q.xpex.vss__t1           1.13706e-18
xp11.xinv_q.xpex.y__t1             1.36309e-08
xp11.xinv_q.xpex.a__t1                    1.98
xp11.xinv_q.xpex.vdd__t0                  1.98
xp11.xinv_q.xpex.vdd__t1                  1.98
qp11                               1.25465e-08
xp11.xnand_s2.xpex.n2__t0          2.87736e-05
xp11.xnand_s2.xpex.en__t0                    0
xp11.xnand_s2.xpex.vss__t0         1.45862e-19
xp11.xnand_s2.xpex.vss__t1         1.48948e-15
xp11.xnand_s2.xpex.y__t0                  1.98
xp11.xnand_s2.xpex.a__t0           1.25465e-08
xp11.xnand_s2.xpex.n2__t1          2.87736e-05
xp11.xnand_s2.xpex.vss__t2         2.04994e-10
xp11.xnand_s2.xpex.y__t1                  1.98
xp11.xnand_s2.xpex.en__t1                    0
xp11.xnand_s2.xpex.vdd__t2                1.98
xp11.xnand_s2.xpex.vdd__t0                1.98
xp11.xnand_s2.xpex.vdd__t3                1.98
xp11.xnand_s2.xpex.a__t1           1.25465e-08
xp11.xnand_s2.xpex.y__t2                  1.98
xp11.xnand_s2.xpex.vdd__t1                1.98
xp11.xnand_s2.xpex.n2              2.87736e-05
xp11.qb                                   1.98
xp11.xtg_fbs.xpex.a__t0                   1.98
xp11.xtg_fbs.xpex.ctrlb__t0               1.98
xp11.xtg_fbs.xpex.b__t0                   1.98
xp11.xtg_fbs.xpex.vss__t0          5.79687e-10
xp11.xtg_fbs.xpex.a__t1                   1.98
xp11.xtg_fbs.xpex.ctrl__t0                   0
xp11.xtg_fbs.xpex.b__t1                   1.98
xp11.xtg_fbs.xpex.vdd__t0                 1.98
xp12.xinv_clk.xpex.y__t0                  1.98
xp12.xinv_clk.xpex.a__t0                     0
xp12.xinv_clk.xpex.vss__t0         2.65379e-17
xp12.xinv_clk.xpex.vss__t1         1.88264e-10
xp12.xinv_clk.xpex.y__t1                  1.98
xp12.xinv_clk.xpex.a__t1                     0
xp12.xinv_clk.xpex.vdd__t0                1.98
xp12.xinv_clk.xpex.vdd__t1                1.98
xp12.clkb                                 1.98
xp12.xtg_d.xpex.a__t0              1.48858e-09
xp12.xtg_d.xpex.ctrlb__t0                 1.98
xp12.xtg_d.xpex.b__t0              1.65411e-08
xp12.xtg_d.xpex.vss__t0            2.63929e-18
xp12.xtg_d.xpex.a__t1              4.11138e-10
xp12.xtg_d.xpex.ctrl__t0                     0
xp12.xtg_d.xpex.b__t1              1.80978e-08
xp12.xtg_d.xpex.vdd__t0                   1.98
xp12.m                             1.77609e-08
xp12.xnand_m.xpex.n2__t0           2.87736e-05
xp12.xnand_m.xpex.en__t0                     0
xp12.xnand_m.xpex.vss__t0          1.45862e-19
xp12.xnand_m.xpex.vss__t1          1.48948e-15
xp12.xnand_m.xpex.y__t0                   1.98
xp12.xnand_m.xpex.a__t0            1.77609e-08
xp12.xnand_m.xpex.n2__t1           2.87736e-05
xp12.xnand_m.xpex.vss__t2          2.04994e-10
xp12.xnand_m.xpex.y__t1                   1.98
xp12.xnand_m.xpex.en__t1                     0
xp12.xnand_m.xpex.vdd__t2                 1.98
xp12.xnand_m.xpex.vdd__t0                 1.98
xp12.xnand_m.xpex.vdd__t3                 1.98
xp12.xnand_m.xpex.a__t1            1.77609e-08
xp12.xnand_m.xpex.y__t2                   1.98
xp12.xnand_m.xpex.vdd__t1                 1.98
xp12.xnand_m.xpex.n2               2.87736e-05
xp12.mb                                   1.98
xp12.xinv_mc.xpex.y__t0            2.28505e-08
xp12.xinv_mc.xpex.a__t0                   1.98
xp12.xinv_mc.xpex.vss__t0          9.89934e-10
xp12.xinv_mc.xpex.vss__t1          2.26683e-18
xp12.xinv_mc.xpex.y__t1            2.60968e-08
xp12.xinv_mc.xpex.a__t1                   1.98
xp12.xinv_mc.xpex.vdd__t0                 1.98
xp12.xinv_mc.xpex.vdd__t1                 1.98
xp12.mc                            2.50124e-08
xp12.xtg_fbm.xpex.a__t0            2.50124e-08
xp12.xtg_fbm.xpex.ctrlb__t0                  0
xp12.xtg_fbm.xpex.b__t0            1.77609e-08
xp12.xtg_fbm.xpex.vss__t0           6.2614e-18
xp12.xtg_fbm.xpex.a__t1            2.60898e-08
xp12.xtg_fbm.xpex.ctrl__t0                1.98
xp12.xtg_fbm.xpex.b__t1            1.86438e-08
xp12.xtg_fbm.xpex.vdd__t0                 1.98
xp12.xtg_s.xpex.a__t0                     1.98
xp12.xtg_s.xpex.ctrlb__t0                    0
xp12.xtg_s.xpex.b__t0                     1.98
xp12.xtg_s.xpex.vss__t0            5.79687e-10
xp12.xtg_s.xpex.a__t1                     1.98
xp12.xtg_s.xpex.ctrl__t0                  1.98
xp12.xtg_s.xpex.b__t1                     1.98
xp12.xtg_s.xpex.vdd__t0                   1.98
xp12.s                                    1.98
xp12.xinv_q.xpex.y__t0             1.14621e-08
xp12.xinv_q.xpex.a__t0                    1.98
xp12.xinv_q.xpex.vss__t0           4.96561e-10
xp12.xinv_q.xpex.vss__t1           1.13706e-18
xp12.xinv_q.xpex.y__t1             1.36309e-08
xp12.xinv_q.xpex.a__t1                    1.98
xp12.xinv_q.xpex.vdd__t0                  1.98
xp12.xinv_q.xpex.vdd__t1                  1.98
qp12                               1.25465e-08
xp12.xnand_s2.xpex.n2__t0          2.87736e-05
xp12.xnand_s2.xpex.en__t0                    0
xp12.xnand_s2.xpex.vss__t0         1.45862e-19
xp12.xnand_s2.xpex.vss__t1         1.48948e-15
xp12.xnand_s2.xpex.y__t0                  1.98
xp12.xnand_s2.xpex.a__t0           1.25465e-08
xp12.xnand_s2.xpex.n2__t1          2.87736e-05
xp12.xnand_s2.xpex.vss__t2         2.04994e-10
xp12.xnand_s2.xpex.y__t1                  1.98
xp12.xnand_s2.xpex.en__t1                    0
xp12.xnand_s2.xpex.vdd__t2                1.98
xp12.xnand_s2.xpex.vdd__t0                1.98
xp12.xnand_s2.xpex.vdd__t3                1.98
xp12.xnand_s2.xpex.a__t1           1.25465e-08
xp12.xnand_s2.xpex.y__t2                  1.98
xp12.xnand_s2.xpex.vdd__t1                1.98
xp12.xnand_s2.xpex.n2              2.87736e-05
xp12.qb                                   1.98
xp12.xtg_fbs.xpex.a__t0                   1.98
xp12.xtg_fbs.xpex.ctrlb__t0               1.98
xp12.xtg_fbs.xpex.b__t0                   1.98
xp12.xtg_fbs.xpex.vss__t0          5.79687e-10
xp12.xtg_fbs.xpex.a__t1                   1.98
xp12.xtg_fbs.xpex.ctrl__t0                   0
xp12.xtg_fbs.xpex.b__t1                   1.98
xp12.xtg_fbs.xpex.vdd__t0                 1.98
vddq                                      1.98
xq1.clkb                                  1.98
xq1.m                              1.84098e-08
xq1.mb                                    1.98
xq1.mmid                           2.87736e-05
xq1.mc                             2.67364e-08
xq1.s                                     1.98
qq1                                1.34112e-08
xq1.qb                                    1.98
xq1.s2mid                          2.87736e-05
xq2.clkb                                  1.98
xq2.m                              1.84098e-08
xq2.mb                                    1.98
xq2.mmid                           2.87736e-05
xq2.mc                             2.67364e-08
xq2.s                                     1.98
qq2                                1.34112e-08
xq2.qb                                    1.98
xq2.s2mid                          2.87736e-05
xq3.clkb                                  1.98
xq3.m                              1.84098e-08
xq3.mb                                    1.98
xq3.mmid                           2.87736e-05
xq3.mc                             2.67364e-08
xq3.s                                     1.98
qq3                                1.34112e-08
xq3.qb                                    1.98
xq3.s2mid                          2.87736e-05
xq4.clkb                                  1.98
xq4.m                              1.84098e-08
xq4.mb                                    1.98
xq4.mmid                           2.87736e-05
xq4.mc                             2.67364e-08
xq4.s                                     1.98
qq4                                1.34112e-08
xq4.qb                                    1.98
xq4.s2mid                          2.87736e-05
xq5.clkb                                  1.98
xq5.m                              1.84098e-08
xq5.mb                                    1.98
xq5.mmid                           2.87736e-05
xq5.mc                             2.67364e-08
xq5.s                                     1.98
qq5                                1.34112e-08
xq5.qb                                    1.98
xq5.s2mid                          2.87736e-05
xq6.clkb                                  1.98
xq6.m                              1.84098e-08
xq6.mb                                    1.98
xq6.mmid                           2.87736e-05
xq6.mc                             2.67364e-08
xq6.s                                     1.98
qq6                                1.34112e-08
xq6.qb                                    1.98
xq6.s2mid                          2.87736e-05
xq7.clkb                                  1.98
xq7.m                              1.84098e-08
xq7.mb                                    1.98
xq7.mmid                           2.87736e-05
xq7.mc                             2.67364e-08
xq7.s                                     1.98
qq7                                1.34112e-08
xq7.qb                                    1.98
xq7.s2mid                          2.87736e-05
xq8.clkb                                  1.98
xq8.m                              1.84098e-08
xq8.mb                                    1.98
xq8.mmid                           2.87736e-05
xq8.mc                             2.67364e-08
xq8.s                                     1.98
qq8                                1.34112e-08
xq8.qb                                    1.98
xq8.s2mid                          2.87736e-05
xq9.clkb                                  1.98
xq9.m                              1.84098e-08
xq9.mb                                    1.98
xq9.mmid                           2.87736e-05
xq9.mc                             2.67364e-08
xq9.s                                     1.98
qq9                                1.34112e-08
xq9.qb                                    1.98
xq9.s2mid                          2.87736e-05
xq10.clkb                                 1.98
xq10.m                             1.84098e-08
xq10.mb                                   1.98
xq10.mmid                          2.87736e-05
xq10.mc                            2.67364e-08
xq10.s                                    1.98
qq10                               1.34112e-08
xq10.qb                                   1.98
xq10.s2mid                         2.87736e-05
xq11.clkb                                 1.98
xq11.m                             1.84098e-08
xq11.mb                                   1.98
xq11.mmid                          2.87736e-05
xq11.mc                            2.67364e-08
xq11.s                                    1.98
qq11                               1.34112e-08
xq11.qb                                   1.98
xq11.s2mid                         2.87736e-05
xq12.clkb                                 1.98
xq12.m                             1.84098e-08
xq12.mb                                   1.98
xq12.mmid                          2.87736e-05
xq12.mc                            2.67364e-08
xq12.s                                    1.98
qq12                               1.34112e-08
xq12.qb                                   1.98
xq12.s2mid                         2.87736e-05
vddl                                      1.98
xlp1.xpex.y__t0                           1.98
xlp1.xpex.a__t0                    1.25465e-08
xlp1.xpex.vss__t0                  2.65379e-17
xlp1.xpex.vss__t1                  1.88264e-10
xlp1.xpex.y__t1                           1.98
xlp1.xpex.a__t1                    1.25465e-08
xlp1.xpex.vdd__t0                         1.98
xlp1.xpex.vdd__t1                         1.98
qpb1                                      1.98
xlp2.xpex.y__t0                           1.98
xlp2.xpex.a__t0                    1.25465e-08
xlp2.xpex.vss__t0                  2.65379e-17
xlp2.xpex.vss__t1                  1.88264e-10
xlp2.xpex.y__t1                           1.98
xlp2.xpex.a__t1                    1.25465e-08
xlp2.xpex.vdd__t0                         1.98
xlp2.xpex.vdd__t1                         1.98
qpb2                                      1.98
xlp3.xpex.y__t0                           1.98
xlp3.xpex.a__t0                    1.25465e-08
xlp3.xpex.vss__t0                  2.65379e-17
xlp3.xpex.vss__t1                  1.88264e-10
xlp3.xpex.y__t1                           1.98
xlp3.xpex.a__t1                    1.25465e-08
xlp3.xpex.vdd__t0                         1.98
xlp3.xpex.vdd__t1                         1.98
qpb3                                      1.98
xlp4.xpex.y__t0                           1.98
xlp4.xpex.a__t0                    1.25465e-08
xlp4.xpex.vss__t0                  2.65379e-17
xlp4.xpex.vss__t1                  1.88264e-10
xlp4.xpex.y__t1                           1.98
xlp4.xpex.a__t1                    1.25465e-08
xlp4.xpex.vdd__t0                         1.98
xlp4.xpex.vdd__t1                         1.98
qpb4                                      1.98
xlp5.xpex.y__t0                           1.98
xlp5.xpex.a__t0                    1.25465e-08
xlp5.xpex.vss__t0                  2.65379e-17
xlp5.xpex.vss__t1                  1.88264e-10
xlp5.xpex.y__t1                           1.98
xlp5.xpex.a__t1                    1.25465e-08
xlp5.xpex.vdd__t0                         1.98
xlp5.xpex.vdd__t1                         1.98
qpb5                                      1.98
xlp6.xpex.y__t0                           1.98
xlp6.xpex.a__t0                    1.25465e-08
xlp6.xpex.vss__t0                  2.65379e-17
xlp6.xpex.vss__t1                  1.88264e-10
xlp6.xpex.y__t1                           1.98
xlp6.xpex.a__t1                    1.25465e-08
xlp6.xpex.vdd__t0                         1.98
xlp6.xpex.vdd__t1                         1.98
qpb6                                      1.98
xlp7.xpex.y__t0                           1.98
xlp7.xpex.a__t0                    1.25465e-08
xlp7.xpex.vss__t0                  2.65379e-17
xlp7.xpex.vss__t1                  1.88264e-10
xlp7.xpex.y__t1                           1.98
xlp7.xpex.a__t1                    1.25465e-08
xlp7.xpex.vdd__t0                         1.98
xlp7.xpex.vdd__t1                         1.98
qpb7                                      1.98
xlp8.xpex.y__t0                           1.98
xlp8.xpex.a__t0                    1.25465e-08
xlp8.xpex.vss__t0                  2.65379e-17
xlp8.xpex.vss__t1                  1.88264e-10
xlp8.xpex.y__t1                           1.98
xlp8.xpex.a__t1                    1.25465e-08
xlp8.xpex.vdd__t0                         1.98
xlp8.xpex.vdd__t1                         1.98
qpb8                                      1.98
xlp9.xpex.y__t0                           1.98
xlp9.xpex.a__t0                    1.25465e-08
xlp9.xpex.vss__t0                  2.65379e-17
xlp9.xpex.vss__t1                  1.88264e-10
xlp9.xpex.y__t1                           1.98
xlp9.xpex.a__t1                    1.25465e-08
xlp9.xpex.vdd__t0                         1.98
xlp9.xpex.vdd__t1                         1.98
qpb9                                      1.98
xlp10.xpex.y__t0                          1.98
xlp10.xpex.a__t0                   1.25465e-08
xlp10.xpex.vss__t0                 2.65379e-17
xlp10.xpex.vss__t1                 1.88264e-10
xlp10.xpex.y__t1                          1.98
xlp10.xpex.a__t1                   1.25465e-08
xlp10.xpex.vdd__t0                        1.98
xlp10.xpex.vdd__t1                        1.98
qpb10                                     1.98
xlp11.xpex.y__t0                          1.98
xlp11.xpex.a__t0                   1.25465e-08
xlp11.xpex.vss__t0                 2.65379e-17
xlp11.xpex.vss__t1                 1.88264e-10
xlp11.xpex.y__t1                          1.98
xlp11.xpex.a__t1                   1.25465e-08
xlp11.xpex.vdd__t0                        1.98
xlp11.xpex.vdd__t1                        1.98
qpb11                                     1.98
xlp12.xpex.y__t0                          1.98
xlp12.xpex.a__t0                   1.25465e-08
xlp12.xpex.vss__t0                 2.65379e-17
xlp12.xpex.vss__t1                 1.88264e-10
xlp12.xpex.y__t1                          1.98
xlp12.xpex.a__t1                   1.25465e-08
xlp12.xpex.vdd__t0                        1.98
xlp12.xpex.vdd__t1                        1.98
qpb12                                     1.98
qqb1                                      1.98
qqb2                                      1.98
qqb3                                      1.98
qqb4                                      1.98
qqb5                                      1.98
qqb6                                      1.98
qqb7                                      1.98
qqb8                                      1.98
qqb9                                      1.98
qqb10                                     1.98
qqb11                                     1.98
qqb12                                     1.98
vddl#branch                       -4.75169e-11
vddq#branch                       -4.63622e-10
vddp#branch                       -4.63723e-10
vd12#branch                        1.82977e-11
vd11#branch                        1.82977e-11
vd10#branch                        1.82977e-11
vd9#branch                         1.82977e-11
vd8#branch                         1.82977e-11
vd7#branch                         1.82977e-11
vd6#branch                         1.82977e-11
vd5#branch                         1.82977e-11
vd4#branch                         1.82977e-11
vd3#branch                         1.82977e-11
vd2#branch                         1.82977e-11
vd1#branch                         1.82977e-11
vrstn#branch                                 0
vclk#branch                                  0
vsub#branch                                  0

 Reference value :  0.00000e+00
 Reference value :  4.14000e-11
 Reference value :  1.16400e-10
 Reference value :  1.46400e-10
 Reference value :  1.81400e-10
 Reference value :  2.56400e-10
 Reference value :  3.36400e-10
 Reference value :  3.91400e-10
 Reference value :  4.71400e-10
 Reference value :  5.41400e-10
 Reference value :  5.96400e-10
 Reference value :  6.76400e-10
 Reference value :  7.56400e-10
 Reference value :  8.36400e-10
 Reference value :  9.06400e-10
 Reference value :  9.76400e-10
 Reference value :  1.02140e-09
 Reference value :  1.09640e-09
 Reference value :  1.16640e-09
 Reference value :  1.24640e-09
 Reference value :  1.32140e-09
 Reference value :  1.39140e-09
 Reference value :  1.46140e-09
 Reference value :  1.52140e-09
 Reference value :  1.56640e-09
 Reference value :  1.63640e-09
 Reference value :  1.67640e-09
 Reference value :  1.72140e-09
 Reference value :  1.78640e-09
 Reference value :  1.84640e-09
 Reference value :  1.89140e-09
 Reference value :  1.93140e-09
 Reference value :  1.95140e-09
 Reference value :  1.97140e-09
 Reference value :  1.99140e-09
 Reference value :  2.07140e-09
 Reference value :  2.14140e-09
 Reference value :  2.21640e-09
 Reference value :  2.28640e-09
 Reference value :  2.36140e-09
 Reference value :  2.41640e-09
 Reference value :  2.46140e-09
 Reference value :  2.53140e-09
 Reference value :  2.60140e-09
 Reference value :  2.67640e-09
 Reference value :  2.74640e-09
 Reference value :  2.82140e-09
 Reference value :  2.88140e-09
 Reference value :  2.90640e-09
 Reference value :  2.97640e-09
 Reference value :  3.05140e-09
 Reference value :  3.12640e-09
 Reference value :  3.19640e-09
 Reference value :  3.27140e-09
 Reference value :  3.34140e-09
 Reference value :  3.38640e-09
 Reference value :  3.42640e-09
 Reference value :  3.48640e-09
 Reference value :  3.56640e-09
 Reference value :  3.63640e-09
 Reference value :  3.71640e-09
 Reference value :  3.78640e-09
 Reference value :  3.84640e-09
 Reference value :  3.89140e-09
 Reference value :  3.96140e-09
 Reference value :  4.04140e-09
 Reference value :  4.11640e-09
 Reference value :  4.15640e-09
 Reference value :  4.20640e-09
 Reference value :  4.26140e-09
 Reference value :  4.33140e-09
 Reference value :  4.41140e-09
 Reference value :  4.48140e-09
 Reference value :  4.56140e-09
 Reference value :  4.63640e-09
 Reference value :  4.69640e-09
 Reference value :  4.72140e-09
 Reference value :  4.79640e-09
 Reference value :  4.87640e-09
 Reference value :  4.94640e-09
 Reference value :  5.02640e-09
 Reference value :  5.09640e-09
 Reference value :  5.17640e-09
 Reference value :  5.20640e-09
 Reference value :  5.27140e-09
 Reference value :  5.34140e-09
 Reference value :  5.41640e-09
 Reference value :  5.49640e-09
 Reference value :  5.57140e-09
 Reference value :  5.64140e-09
 Reference value :  5.70140e-09
 Reference value :  5.76140e-09
 Reference value :  5.83140e-09
 Reference value :  5.90640e-09
 Reference value :  5.98640e-09
 Reference value :  6.03140e-09
 Reference value :  6.05140e-09
 Reference value :  6.08140e-09
 Reference value :  6.12640e-09
 Reference value :  6.20140e-09
 Reference value :  6.25140e-09
 Reference value :  6.32640e-09
 Reference value :  6.39640e-09
 Reference value :  6.45140e-09
 Reference value :  6.52140e-09
 Reference value :  6.60140e-09
 Reference value :  6.68140e-09
 Reference value :  6.76140e-09
 Reference value :  6.83640e-09
 Reference value :  6.90640e-09
 Reference value :  6.96640e-09
 Reference value :  7.03640e-09
 Reference value :  7.06640e-09
 Reference value :  7.13640e-09
 Reference value :  7.21140e-09
 Reference value :  7.28140e-09
 Reference value :  7.35640e-09
 Reference value :  7.42640e-09
 Reference value :  7.48640e-09
 Reference value :  7.52640e-09
 Reference value :  7.60640e-09
 Reference value :  7.68640e-09
 Reference value :  7.76140e-09
 Reference value :  7.84140e-09
 Reference value :  7.91140e-09
 Reference value :  7.99140e-09
 Reference value :  8.06640e-09
 Reference value :  8.12640e-09
 Reference value :  8.16140e-09
 Reference value :  8.23640e-09
 Reference value :  8.28640e-09
 Reference value :  8.34140e-09
 Reference value :  8.40640e-09
 Reference value :  8.46140e-09
 Reference value :  8.52140e-09
 Reference value :  8.54640e-09
 Reference value :  8.60640e-09
 Reference value :  8.63640e-09
 Reference value :  8.69640e-09
 Reference value :  8.77640e-09
 Reference value :  8.82140e-09
 Reference value :  8.89140e-09
 Reference value :  8.94640e-09
 Reference value :  9.00140e-09
 Reference value :  9.02640e-09
 Reference value :  9.09640e-09
 Reference value :  9.16640e-09
 Reference value :  9.24640e-09
 Reference value :  9.30640e-09
 Reference value :  9.37140e-09
 Reference value :  9.45140e-09
 Reference value :  9.52140e-09
 Reference value :  9.60140e-09
 Reference value :  9.63140e-09
 Reference value :  9.69640e-09
 Reference value :  9.77640e-09
 Reference value :  9.84640e-09
 Reference value :  9.92140e-09
 Reference value :  9.97140e-09
 Reference value :  9.99140e-09
 Reference value :  1.00125e-08
 Reference value :  1.00725e-08
 Reference value :  1.01175e-08
 Reference value :  1.01825e-08
 Reference value :  1.02525e-08
 Reference value :  1.03025e-08
 Reference value :  1.03775e-08
 Reference value :  1.04325e-08
 Reference value :  1.05025e-08
 Reference value :  1.05625e-08
 Reference value :  1.05975e-08
 Reference value :  1.06575e-08
 Reference value :  1.07175e-08
 Reference value :  1.07525e-08
 Reference value :  1.08025e-08
 Reference value :  1.08425e-08
 Reference value :  1.08625e-08
 Reference value :  1.08775e-08
 Reference value :  1.08975e-08
 Reference value :  1.09175e-08
 Reference value :  1.09375e-08
 Reference value :  1.09525e-08
 Reference value :  1.09675e-08
 Reference value :  1.09875e-08
 Reference value :  1.10025e-08
 Reference value :  1.10225e-08
 Reference value :  1.10425e-08
 Reference value :  1.10625e-08
 Reference value :  1.10825e-08
 Reference value :  1.11025e-08
 Reference value :  1.11225e-08
 Reference value :  1.11425e-08
 Reference value :  1.11625e-08
 Reference value :  1.11825e-08
 Reference value :  1.12225e-08
 Reference value :  1.12975e-08
 Reference value :  1.13475e-08
 Reference value :  1.14275e-08
 Reference value :  1.15025e-08
 Reference value :  1.15525e-08
 Reference value :  1.16225e-08
 Reference value :  1.16925e-08
 Reference value :  1.17725e-08
 Reference value :  1.18325e-08
 Reference value :  1.18825e-08
 Reference value :  1.19225e-08
 Reference value :  1.19475e-08
 Reference value :  1.19775e-08
 Reference value :  1.20525e-08
 Reference value :  1.21275e-08
 Reference value :  1.21775e-08
 Reference value :  1.22375e-08
 Reference value :  1.22625e-08
 Reference value :  1.23075e-08
 Reference value :  1.23675e-08
 Reference value :  1.24025e-08
 Reference value :  1.24525e-08
 Reference value :  1.25025e-08
 Reference value :  1.25625e-08
 Reference value :  1.26325e-08
 Reference value :  1.26725e-08
 Reference value :  1.27225e-08
 Reference value :  1.27825e-08
 Reference value :  1.28575e-08
 Reference value :  1.29025e-08
 Reference value :  1.29675e-08
 Reference value :  1.30275e-08
 Reference value :  1.30825e-08
 Reference value :  1.31575e-08
 Reference value :  1.32075e-08
 Reference value :  1.32825e-08
 Reference value :  1.33625e-08
 Reference value :  1.34075e-08
 Reference value :  1.34625e-08
 Reference value :  1.35125e-08
 Reference value :  1.35825e-08
 Reference value :  1.36575e-08
 Reference value :  1.37275e-08
 Reference value :  1.38025e-08
 Reference value :  1.38775e-08
 Reference value :  1.39275e-08
 Reference value :  1.39675e-08
 Reference value :  1.40275e-08
 Reference value :  1.41025e-08
 Reference value :  1.41725e-08
 Reference value :  1.42425e-08
 Reference value :  1.43125e-08
 Reference value :  1.43925e-08
 Reference value :  1.44675e-08
 Reference value :  1.45175e-08
 Reference value :  1.45775e-08
 Reference value :  1.46425e-08
 Reference value :  1.46875e-08
 Reference value :  1.47425e-08
 Reference value :  1.47925e-08
 Reference value :  1.48325e-08
 Reference value :  1.48875e-08
 Reference value :  1.49475e-08
 Reference value :  1.49975e-08
 Reference value :  1.50375e-08
 Reference value :  1.50825e-08
 Reference value :  1.51575e-08
 Reference value :  1.52075e-08
 Reference value :  1.52875e-08
 Reference value :  1.53575e-08
 Reference value :  1.53975e-08
 Reference value :  1.54675e-08
 Reference value :  1.55275e-08
 Reference value :  1.56025e-08
 Reference value :  1.56675e-08
 Reference value :  1.57025e-08
 Reference value :  1.57575e-08
 Reference value :  1.58375e-08
 Reference value :  1.59175e-08
 Reference value :  1.59975e-08
 Reference value :  1.60775e-08
 Reference value :  1.61525e-08
 Reference value :  1.61825e-08
 Reference value :  1.62475e-08
 Reference value :  1.63275e-08
 Reference value :  1.63975e-08
 Reference value :  1.64775e-08
 Reference value :  1.65575e-08
 Reference value :  1.66175e-08
 Reference value :  1.66675e-08
 Reference value :  1.67325e-08
 Reference value :  1.68025e-08
 Reference value :  1.68775e-08
 Reference value :  1.69475e-08
 Reference value :  1.69975e-08
 Reference value :  1.70525e-08
 Reference value :  1.71225e-08
 Reference value :  1.72025e-08
 Reference value :  1.72725e-08
 Reference value :  1.73425e-08
 Reference value :  1.73625e-08
 Reference value :  1.74225e-08
 Reference value :  1.75025e-08
 Reference value :  1.75775e-08
 Reference value :  1.76325e-08
 Reference value :  1.76625e-08
 Reference value :  1.76775e-08
 Reference value :  1.76925e-08
 Reference value :  1.77525e-08
 Reference value :  1.78325e-08
 Reference value :  1.79025e-08
 Reference value :  1.79825e-08
 Reference value :  1.80475e-08
 Reference value :  1.81075e-08
 Reference value :  1.81425e-08
 Reference value :  1.82225e-08
 Reference value :  1.82975e-08
 Reference value :  1.83625e-08
 Reference value :  1.84325e-08
 Reference value :  1.84925e-08
 Reference value :  1.85475e-08
 Reference value :  1.86075e-08
 Reference value :  1.86875e-08
 Reference value :  1.87575e-08
 Reference value :  1.88325e-08
 Reference value :  1.89125e-08
 Reference value :  1.89575e-08
 Reference value :  1.90125e-08
 Reference value :  1.90675e-08
 Reference value :  1.91025e-08
 Reference value :  1.91775e-08
 Reference value :  1.92525e-08
 Reference value :  1.93075e-08
 Reference value :  1.93625e-08
 Reference value :  1.94425e-08
 Reference value :  1.95125e-08
 Reference value :  1.95875e-08
 Reference value :  1.96575e-08
 Reference value :  1.97275e-08
 Reference value :  1.97625e-08
 Reference value :  1.98325e-08
 Reference value :  1.99025e-08
 Reference value :  1.99725e-08
 Reference value :  2.00425e-08
 Reference value :  2.00725e-08
 Reference value :  2.00875e-08
 Reference value :  2.01575e-08
 Reference value :  2.02375e-08
 Reference value :  2.03175e-08
 Reference value :  2.03875e-08
 Reference value :  2.04425e-08
 Reference value :  2.04875e-08
 Reference value :  2.05575e-08
 Reference value :  2.06275e-08
 Reference value :  2.07075e-08
 Reference value :  2.07875e-08
 Reference value :  2.08475e-08
 Reference value :  2.09275e-08
 Reference value :  2.09825e-08
 Reference value :  2.10625e-08
 Reference value :  2.11325e-08
 Reference value :  2.12125e-08
 Reference value :  2.12825e-08
 Reference value :  2.13575e-08
 Reference value :  2.14275e-08
 Reference value :  2.14825e-08
 Reference value :  2.15275e-08
 Reference value :  2.15875e-08
 Reference value :  2.16625e-08
 Reference value :  2.17375e-08
 Reference value :  2.18125e-08
 Reference value :  2.18775e-08
 Reference value :  2.19075e-08
 Reference value :  2.19825e-08
 Reference value :  2.20625e-08
 Reference value :  2.21375e-08
 Reference value :  2.22075e-08
 Reference value :  2.22625e-08
 Reference value :  2.23075e-08
 Reference value :  2.23875e-08
 Reference value :  2.24575e-08
 Reference value :  2.25375e-08
 Reference value :  2.26125e-08
 Reference value :  2.26675e-08
 Reference value :  2.27025e-08
 Reference value :  2.27775e-08
 Reference value :  2.28525e-08
 Reference value :  2.29225e-08
 Reference value :  2.29925e-08
 Reference value :  2.30625e-08
 Reference value :  2.31325e-08
 Reference value :  2.31925e-08
 Reference value :  2.32475e-08
 Reference value :  2.33025e-08
 Reference value :  2.33725e-08
 Reference value :  2.34525e-08
 Reference value :  2.35225e-08
 Reference value :  2.35875e-08
 Reference value :  2.36075e-08
 Reference value :  2.36575e-08
 Reference value :  2.37375e-08
 Reference value :  2.38075e-08
 Reference value :  2.38875e-08
 Reference value :  2.39625e-08
 Reference value :  2.40425e-08
 Reference value :  2.40875e-08
 Reference value :  2.41425e-08
 Reference value :  2.41925e-08
 Reference value :  2.42475e-08
 Reference value :  2.42975e-08
 Reference value :  2.43375e-08
 Reference value :  2.43975e-08
 Reference value :  2.44275e-08
 Reference value :  2.44975e-08
 Reference value :  2.45725e-08
 Reference value :  2.46525e-08
 Reference value :  2.46875e-08
 Reference value :  2.47475e-08
 Reference value :  2.48275e-08
 Reference value :  2.48675e-08
 Reference value :  2.49325e-08
 Reference value :  2.49825e-08
 Reference value :  2.50575e-08
 Reference value :  2.51225e-08
 Reference value :  2.51575e-08
 Reference value :  2.51975e-08
 Reference value :  2.52575e-08
 Reference value :  2.53175e-08
 Reference value :  2.53675e-08
 Reference value :  2.54125e-08
 Reference value :  2.54675e-08
 Reference value :  2.54875e-08
 Reference value :  2.55025e-08
 Reference value :  2.55225e-08
 Reference value :  2.55525e-08
 Reference value :  2.56225e-08
 Reference value :  2.56925e-08
 Reference value :  2.57325e-08
 Reference value :  2.58075e-08
 Reference value :  2.58775e-08
 Reference value :  2.59525e-08
 Reference value :  2.60225e-08
 Reference value :  2.60975e-08
 Reference value :  2.61775e-08
 Reference value :  2.62475e-08
 Reference value :  2.63225e-08
 Reference value :  2.63925e-08
 Reference value :  2.64675e-08
 Reference value :  2.65375e-08
 Reference value :  2.66125e-08
 Reference value :  2.66925e-08
 Reference value :  2.67675e-08
 Reference value :  2.68425e-08
 Reference value :  2.69075e-08
 Reference value :  2.69825e-08
 Reference value :  2.70475e-08
 Reference value :  2.71225e-08
 Reference value :  2.72025e-08
 Reference value :  2.72775e-08
 Reference value :  2.73525e-08
 Reference value :  2.74225e-08
 Reference value :  2.75025e-08
 Reference value :  2.75725e-08
 Reference value :  2.76475e-08
 Reference value :  2.77125e-08
 Reference value :  2.77875e-08
 Reference value :  2.78625e-08
 Reference value :  2.79325e-08
 Reference value :  2.80025e-08
 Reference value :  2.80725e-08
 Reference value :  2.81475e-08
 Reference value :  2.82175e-08
 Reference value :  2.82925e-08
 Reference value :  2.83725e-08
 Reference value :  2.84425e-08
 Reference value :  2.85175e-08
 Reference value :  2.85875e-08
 Reference value :  2.86525e-08
 Reference value :  2.87225e-08
 Reference value :  2.87975e-08
 Reference value :  2.88675e-08
 Reference value :  2.89125e-08
 Reference value :  2.89625e-08
 Reference value :  2.90125e-08
 Reference value :  2.90775e-08
 Reference value :  2.91325e-08
 Reference value :  2.91925e-08
 Reference value :  2.92475e-08
 Reference value :  2.93125e-08
 Reference value :  2.93325e-08
 Reference value :  2.93925e-08
 Reference value :  2.94675e-08
 Reference value :  2.95375e-08
 Reference value :  2.96125e-08
 Reference value :  2.96775e-08
 Reference value :  2.97075e-08
 Reference value :  2.97575e-08
 Reference value :  2.98325e-08
 Reference value :  2.99075e-08
 Reference value :  2.99775e-08
 Reference value :  3.00475e-08
 Reference value :  3.00975e-08
 Reference value :  3.01675e-08
 Reference value :  3.02375e-08
 Reference value :  3.03125e-08
 Reference value :  3.03925e-08
 Reference value :  3.04725e-08
 Reference value :  3.05475e-08
 Reference value :  3.06175e-08
 Reference value :  3.06925e-08
 Reference value :  3.07625e-08
 Reference value :  3.08375e-08
 Reference value :  3.09075e-08
 Reference value :  3.09825e-08
 Reference value :  3.10575e-08
 Reference value :  3.11275e-08
 Reference value :  3.12025e-08
 Reference value :  3.12775e-08
 Reference value :  3.13525e-08
 Reference value :  3.14275e-08
 Reference value :  3.15025e-08
 Reference value :  3.15775e-08
 Reference value :  3.16375e-08
 Reference value :  3.16725e-08
 Reference value :  3.17425e-08
 Reference value :  3.18075e-08
 Reference value :  3.18725e-08
 Reference value :  3.19525e-08
 Reference value :  3.20275e-08
 Reference value :  3.20875e-08
 Reference value :  3.21675e-08
 Reference value :  3.22425e-08
 Reference value :  3.23175e-08
 Reference value :  3.23875e-08
 Reference value :  3.24625e-08
 Reference value :  3.25325e-08
 Reference value :  3.26025e-08
 Reference value :  3.26775e-08
 Reference value :  3.27475e-08
 Reference value :  3.28225e-08
 Reference value :  3.28975e-08
 Reference value :  3.29775e-08
 Reference value :  3.30475e-08
 Reference value :  3.31275e-08
 Reference value :  3.32075e-08
 Reference value :  3.32775e-08
 Reference value :  3.33475e-08
 Reference value :  3.34175e-08
 Reference value :  3.34975e-08
 Reference value :  3.35675e-08
 Reference value :  3.36475e-08
 Reference value :  3.37275e-08
 Reference value :  3.37775e-08
 Reference value :  3.38475e-08
 Reference value :  3.39225e-08
 Reference value :  3.40025e-08
 Reference value :  3.40775e-08
 Reference value :  3.41525e-08
 Reference value :  3.42275e-08
 Reference value :  3.43075e-08
 Reference value :  3.43775e-08
 Reference value :  3.44575e-08
 Reference value :  3.45325e-08
 Reference value :  3.46025e-08
 Reference value :  3.46775e-08
 Reference value :  3.47425e-08
 Reference value :  3.48225e-08
 Reference value :  3.48925e-08
 Reference value :  3.49725e-08
 Reference value :  3.50475e-08
 Reference value :  3.51225e-08
 Reference value :  3.51975e-08
 Reference value :  3.52675e-08
 Reference value :  3.53425e-08
 Reference value :  3.54175e-08
 Reference value :  3.54825e-08
 Reference value :  3.55475e-08
 Reference value :  3.56275e-08
 Reference value :  3.57075e-08
 Reference value :  3.57825e-08
 Reference value :  3.58575e-08
 Reference value :  3.59225e-08
 Reference value :  3.60025e-08
 Reference value :  3.60775e-08
 Reference value :  3.61575e-08
 Reference value :  3.62325e-08
 Reference value :  3.63025e-08
 Reference value :  3.63825e-08
 Reference value :  3.64525e-08
 Reference value :  3.65325e-08
 Reference value :  3.66025e-08
 Reference value :  3.66825e-08
 Reference value :  3.67425e-08
 Reference value :  3.68125e-08
 Reference value :  3.68875e-08
 Reference value :  3.69525e-08
 Reference value :  3.70275e-08
 Reference value :  3.71025e-08
 Reference value :  3.71775e-08
 Reference value :  3.72425e-08
 Reference value :  3.73175e-08
 Reference value :  3.73975e-08
 Reference value :  3.74375e-08
 Reference value :  3.74775e-08
 Reference value :  3.75325e-08
 Reference value :  3.75925e-08
 Reference value :  3.76425e-08
 Reference value :  3.76825e-08
 Reference value :  3.77075e-08
 Reference value :  3.77725e-08
 Reference value :  3.78125e-08
 Reference value :  3.78875e-08
 Reference value :  3.79675e-08
 Reference value :  3.80375e-08
 Reference value :  3.81125e-08
 Reference value :  3.81625e-08
 Reference value :  3.82125e-08
 Reference value :  3.82425e-08
 Reference value :  3.82725e-08
 Reference value :  3.83325e-08
 Reference value :  3.83975e-08
 Reference value :  3.84325e-08
 Reference value :  3.84675e-08
 Reference value :  3.85075e-08
 Reference value :  3.85475e-08
 Reference value :  3.85725e-08
 Reference value :  3.86375e-08
 Reference value :  3.87125e-08
 Reference value :  3.87925e-08
 Reference value :  3.88675e-08
 Reference value :  3.89175e-08
 Reference value :  3.89575e-08
 Reference value :  3.90075e-08
 Reference value :  3.90275e-08
 Reference value :  3.90875e-08
 Reference value :  3.91375e-08
 Reference value :  3.91825e-08
 Reference value :  3.92425e-08
 Reference value :  3.92925e-08
 Reference value :  3.93475e-08
 Reference value :  3.93775e-08
 Reference value :  3.94075e-08
 Reference value :  3.94675e-08
 Reference value :  3.95075e-08
 Reference value :  3.95775e-08
 Reference value :  3.96225e-08
 Reference value :  3.96725e-08
 Reference value :  3.97525e-08
 Reference value :  3.98225e-08
 Reference value :  3.98925e-08
 Reference value :  3.99675e-08
 Reference value :  4.00425e-08
 Reference value :  4.01125e-08
 Reference value :  4.01775e-08
 Reference value :  4.02575e-08
 Reference value :  4.03325e-08
 Reference value :  4.04125e-08
 Reference value :  4.04875e-08
 Reference value :  4.05675e-08
 Reference value :  4.06375e-08
 Reference value :  4.07175e-08
 Reference value :  4.07975e-08
 Reference value :  4.08675e-08
 Reference value :  4.09425e-08
 Reference value :  4.10175e-08
 Reference value :  4.10975e-08
 Reference value :  4.11675e-08
 Reference value :  4.12475e-08
 Reference value :  4.13275e-08
 Reference value :  4.13975e-08
 Reference value :  4.14725e-08
 Reference value :  4.15425e-08
 Reference value :  4.16225e-08
 Reference value :  4.16975e-08
 Reference value :  4.17775e-08
 Reference value :  4.18575e-08
 Reference value :  4.19325e-08
 Reference value :  4.20125e-08
 Reference value :  4.20875e-08
 Reference value :  4.21675e-08
 Reference value :  4.22375e-08
 Reference value :  4.23075e-08
 Reference value :  4.23825e-08
 Reference value :  4.24575e-08
 Reference value :  4.25275e-08
 Reference value :  4.25925e-08
 Reference value :  4.26725e-08
 Reference value :  4.27425e-08
 Reference value :  4.28225e-08
 Reference value :  4.28925e-08
 Reference value :  4.29725e-08
 Reference value :  4.30525e-08
 Reference value :  4.31225e-08
 Reference value :  4.32025e-08
 Reference value :  4.32725e-08
 Reference value :  4.33475e-08
 Reference value :  4.34075e-08
 Reference value :  4.34425e-08
 Reference value :  4.34925e-08
 Reference value :  4.35625e-08
 Reference value :  4.36175e-08
 Reference value :  4.36775e-08
 Reference value :  4.37375e-08
 Reference value :  4.37925e-08
 Reference value :  4.38225e-08
 Reference value :  4.38725e-08
 Reference value :  4.39525e-08
 Reference value :  4.40275e-08
 Reference value :  4.40975e-08
 Reference value :  4.41775e-08
 Reference value :  4.42375e-08
 Reference value :  4.42925e-08
 Reference value :  4.43525e-08
 Reference value :  4.44325e-08
 Reference value :  4.45025e-08
 Reference value :  4.45825e-08
 Reference value :  4.46475e-08
 Reference value :  4.47275e-08
 Reference value :  4.47975e-08
 Reference value :  4.48675e-08
 Reference value :  4.49425e-08
 Reference value :  4.50175e-08
 Reference value :  4.50925e-08
 Reference value :  4.51625e-08
 Reference value :  4.52425e-08
 Reference value :  4.53175e-08
 Reference value :  4.53925e-08
 Reference value :  4.54725e-08
 Reference value :  4.55425e-08
 Reference value :  4.56225e-08
 Reference value :  4.56925e-08
 Reference value :  4.57725e-08
 Reference value :  4.58525e-08
 Reference value :  4.59275e-08
 Reference value :  4.60075e-08
 Reference value :  4.60825e-08
 Reference value :  4.61575e-08
 Reference value :  4.62325e-08
 Reference value :  4.63125e-08
 Reference value :  4.63875e-08
 Reference value :  4.64625e-08
 Reference value :  4.65425e-08
 Reference value :  4.66125e-08
 Reference value :  4.66875e-08
 Reference value :  4.67575e-08
 Reference value :  4.68125e-08
 Reference value :  4.68725e-08
 Reference value :  4.69125e-08
 Reference value :  4.69725e-08
 Reference value :  4.70275e-08
 Reference value :  4.70825e-08
 Reference value :  4.71325e-08
 Reference value :  4.71875e-08
 Reference value :  4.72325e-08
 Reference value :  4.72625e-08
 Reference value :  4.72875e-08
 Reference value :  4.73275e-08
 Reference value :  4.73675e-08
 Reference value :  4.74125e-08
 Reference value :  4.74475e-08
 Reference value :  4.74675e-08
 Reference value :  4.75025e-08
 Reference value :  4.75275e-08
 Reference value :  4.75675e-08
 Reference value :  4.76075e-08
 Reference value :  4.76525e-08
 Reference value :  4.76725e-08
 Reference value :  4.76875e-08
 Reference value :  4.77025e-08
 Reference value :  4.77325e-08
 Reference value :  4.77725e-08
 Reference value :  4.78175e-08
 Reference value :  4.78575e-08
 Reference value :  4.78875e-08
 Reference value :  4.78975e-08
 Reference value :  4.79125e-08
 Reference value :  4.79675e-08
 Reference value :  4.80225e-08
 Reference value :  4.80775e-08
 Reference value :  4.81275e-08
 Reference value :  4.81825e-08
 Reference value :  4.82325e-08
 Reference value :  4.82675e-08
 Reference value :  4.83175e-08
 Reference value :  4.83725e-08
 Reference value :  4.84275e-08
 Reference value :  4.84775e-08
 Reference value :  4.85325e-08
 Reference value :  4.85725e-08
 Reference value :  4.85875e-08
 Reference value :  4.86225e-08
 Reference value :  4.86725e-08
 Reference value :  4.87275e-08
 Reference value :  4.87825e-08
 Reference value :  4.88375e-08
 Reference value :  4.88925e-08
 Reference value :  4.89475e-08
 Reference value :  4.89975e-08
 Reference value :  4.90525e-08
 Reference value :  4.91025e-08
 Reference value :  4.91475e-08
 Reference value :  4.91962e-08
 Reference value :  4.92425e-08
 Reference value :  4.92963e-08
 Reference value :  4.93325e-08
 Reference value :  4.93725e-08
 Reference value :  4.94225e-08
 Reference value :  4.94925e-08
 Reference value :  4.95425e-08
 Reference value :  4.95925e-08
 Reference value :  4.96475e-08
 Reference value :  4.97025e-08
 Reference value :  4.97475e-08
 Reference value :  4.97975e-08
 Reference value :  4.98400e-08
 Reference value :  4.98750e-08
 Reference value :  4.98965e-08
 Reference value :  4.99204e-08
 Reference value :  4.99435e-08
 Reference value :  4.99653e-08
 Reference value :  4.99983e-08
 Reference value :  5.00270e-08
 Reference value :  5.00550e-08
 Reference value :  5.00963e-08
 Reference value :  5.01425e-08
 Reference value :  5.01975e-08
 Reference value :  5.02525e-08
 Reference value :  5.03075e-08
 Reference value :  5.03575e-08
 Reference value :  5.04125e-08
 Reference value :  5.04575e-08
 Reference value :  5.05125e-08
 Reference value :  5.05575e-08
 Reference value :  5.05825e-08
 Reference value :  5.06125e-08
 Reference value :  5.06625e-08
 Reference value :  5.07175e-08
 Reference value :  5.07675e-08
 Reference value :  5.08225e-08
 Reference value :  5.08725e-08
 Reference value :  5.09275e-08
 Reference value :  5.09875e-08
 Reference value :  5.10375e-08
 Reference value :  5.10975e-08
 Reference value :  5.11525e-08
 Reference value :  5.12075e-08
 Reference value :  5.12625e-08
 Reference value :  5.13175e-08
 Reference value :  5.13775e-08
 Reference value :  5.14325e-08
 Reference value :  5.14875e-08
 Reference value :  5.15425e-08
 Reference value :  5.16025e-08
 Reference value :  5.16575e-08
 Reference value :  5.17175e-08
 Reference value :  5.17725e-08
 Reference value :  5.18275e-08
 Reference value :  5.18875e-08
 Reference value :  5.19425e-08
 Reference value :  5.20025e-08
 Reference value :  5.20575e-08
 Reference value :  5.21075e-08
 Reference value :  5.21525e-08
 Reference value :  5.21825e-08
 Reference value :  5.22275e-08
 Reference value :  5.22825e-08
 Reference value :  5.23325e-08
 Reference value :  5.23525e-08
 Reference value :  5.23925e-08
 Reference value :  5.24425e-08
 Reference value :  5.24875e-08
 Reference value :  5.25425e-08
 Reference value :  5.25975e-08
 Reference value :  5.26475e-08
 Reference value :  5.27025e-08
 Reference value :  5.27525e-08
 Reference value :  5.28075e-08
 Reference value :  5.28575e-08
 Reference value :  5.29125e-08
 Reference value :  5.29625e-08
 Reference value :  5.30175e-08
 Reference value :  5.30725e-08
 Reference value :  5.31225e-08
 Reference value :  5.31775e-08
 Reference value :  5.32275e-08
 Reference value :  5.32825e-08
 Reference value :  5.33325e-08
 Reference value :  5.33575e-08
 Reference value :  5.33725e-08
 Reference value :  5.34075e-08
 Reference value :  5.34425e-08
 Reference value :  5.34875e-08
 Reference value :  5.35175e-08
 Reference value :  5.35425e-08
 Reference value :  5.35725e-08
 Reference value :  5.36225e-08
 Reference value :  5.36775e-08
 Reference value :  5.37275e-08
 Reference value :  5.37825e-08
 Reference value :  5.38325e-08
 Reference value :  5.38725e-08
 Reference value :  5.39125e-08
 Reference value :  5.39575e-08
 Reference value :  5.40125e-08
 Reference value :  5.40625e-08
 Reference value :  5.41175e-08
 Reference value :  5.41675e-08
 Reference value :  5.42225e-08
 Reference value :  5.42675e-08
 Reference value :  5.43225e-08
 Reference value :  5.43725e-08
 Reference value :  5.44225e-08
 Reference value :  5.44475e-08
 Reference value :  5.44975e-08
 Reference value :  5.45525e-08
 Reference value :  5.45975e-08
 Reference value :  5.46425e-08
 Reference value :  5.46825e-08
 Reference value :  5.47275e-08
 Reference value :  5.47675e-08
 Reference value :  5.47975e-08
 Reference value :  5.48425e-08
 Reference value :  5.48775e-08
 Reference value :  5.49225e-08
 Reference value :  5.49425e-08
 Reference value :  5.49525e-08
 Reference value :  5.49725e-08
 Reference value :  5.50125e-08
 Reference value :  5.50525e-08
 Reference value :  5.50975e-08
 Reference value :  5.51375e-08
 Reference value :  5.51775e-08
 Reference value :  5.52175e-08
 Reference value :  5.52725e-08
 Reference value :  5.53275e-08
 Reference value :  5.53725e-08
 Reference value :  5.53975e-08
 Reference value :  5.54425e-08
 Reference value :  5.54925e-08
 Reference value :  5.55375e-08
 Reference value :  5.55925e-08
 Reference value :  5.56425e-08
 Reference value :  5.56975e-08
 Reference value :  5.57525e-08
 Reference value :  5.58075e-08
 Reference value :  5.58625e-08
 Reference value :  5.59175e-08
 Reference value :  5.59725e-08
No. of Data Rows : 11294
vp1                 =  1.98000e+00 from=  5.40000e-08 to=  5.60000e-08
vp2                 =  1.98000e+00 from=  5.40000e-08 to=  5.60000e-08
vp3                 =  1.98000e+00 from=  5.40000e-08 to=  5.60000e-08
vp4                 =  1.98000e+00 from=  5.40000e-08 to=  5.60000e-08
vp5                 =  1.98000e+00 from=  5.40000e-08 to=  5.60000e-08
vp6                 =  1.98000e+00 from=  5.40000e-08 to=  5.60000e-08
vp7                 =  1.98000e+00 from=  5.40000e-08 to=  5.60000e-08
vp8                 =  1.98000e+00 from=  5.40000e-08 to=  5.60000e-08
vp9                 =  1.25465e-08 from=  5.40000e-08 to=  5.60000e-08
vp10                =  1.25466e-08 from=  5.40000e-08 to=  5.60000e-08
vp11                =  1.25465e-08 from=  5.40000e-08 to=  5.60000e-08
vp12                =  1.25465e-08 from=  5.40000e-08 to=  5.60000e-08
vq1                 =  1.98000e+00 from=  5.40000e-08 to=  5.60000e-08
vq2                 =  1.98000e+00 from=  5.40000e-08 to=  5.60000e-08
vq3                 =  1.98000e+00 from=  5.40000e-08 to=  5.60000e-08
vq4                 =  1.98000e+00 from=  5.40000e-08 to=  5.60000e-08
vq5                 =  1.98000e+00 from=  5.40000e-08 to=  5.60000e-08
vq6                 =  1.98000e+00 from=  5.40000e-08 to=  5.60000e-08
vq7                 =  1.98000e+00 from=  5.40000e-08 to=  5.60000e-08
vq8                 =  1.98000e+00 from=  5.40000e-08 to=  5.60000e-08
vq9                 =  1.98000e+00 from=  5.40000e-08 to=  5.60000e-08
vq10                =  1.34112e-08 from=  5.40000e-08 to=  5.60000e-08
vq11                =  1.34114e-08 from=  5.40000e-08 to=  5.60000e-08
vq12                =  1.34113e-08 from=  5.40000e-08 to=  5.60000e-08
cap_pex_3200ps = 1.000000e+00
cap_pex_800ps = 1.000000e+00
cap_pex_260ps = 1.000000e+00
cap_pex_215ps = 1.000000e+00
cap_pex_180ps = 1.000000e+00
cap_pex_150ps = 1.000000e+00
cap_pex_125ps = 1.000000e+00
cap_pex_105ps = 1.000000e+00
cap_pex_88ps = 6.336601e-09
cap_pex_73ps = 6.336646e-09
cap_pex_60ps = 6.336621e-09
cap_pex_45ps = 6.336611e-09
cap_pre_3200ps = 1.000000e+00
cap_pre_800ps = 1.000000e+00
cap_pre_260ps = 1.000000e+00
cap_pre_215ps = 1.000000e+00
cap_pre_180ps = 1.000000e+00
cap_pre_150ps = 1.000000e+00
cap_pre_125ps = 1.000000e+00
cap_pre_105ps = 1.000000e+00
cap_pre_88ps = 1.000000e+00
cap_pre_73ps = 6.773348e-09
cap_pre_60ps = 6.773409e-09
cap_pre_45ps = 6.773369e-09
Note: Simulation executed from .control section 

----- stderr -----

Checking parameters for BSIM 4.5 model xlq12.xmn:nshort_model.48
Warning: Eta0 = -0.0286127 is negative.

Checking parameters for BSIM 4.5 model xlq11.xmn:nshort_model.48
Warning: Eta0 = -0.0286127 is negative.

Checking parameters for BSIM 4.5 model xlq10.xmn:nshort_model.48
Warning: Eta0 = -0.0286127 is negative.

Checking parameters for BSIM 4.5 model xlq9.xmn:nshort_model.48
Warning: Eta0 = -0.0286127 is negative.

Checking parameters for BSIM 4.5 model xlq8.xmn:nshort_model.48
Warning: Eta0 = -0.0286127 is negative.

Checking parameters for BSIM 4.5 model xlq7.xmn:nshort_model.48
Warning: Eta0 = -0.0286127 is negative.

Checking parameters for BSIM 4.5 model xlq6.xmn:nshort_model.48
Warning: Eta0 = -0.0286127 is negative.

Checking parameters for BSIM 4.5 model xlq5.xmn:nshort_model.48
Warning: Eta0 = -0.0286127 is negative.

Checking parameters for BSIM 4.5 model xlq4.xmn:nshort_model.48
Warning: Eta0 = -0.0286127 is negative.

Checking parameters for BSIM 4.5 model xlq3.xmn:nshort_model.48
Warning: Eta0 = -0.0286127 is negative.

Checking parameters for BSIM 4.5 model xlq2.xmn:nshort_model.48
Warning: Eta0 = -0.0286127 is negative.

Checking parameters for BSIM 4.5 model xlq1.xmn:nshort_model.48
Warning: Eta0 = -0.0286127 is negative.

Checking parameters for BSIM 4.5 model xlp12.xpex.xn1:nshort_model.48
Warning: Eta0 = -0.0286127 is negative.

Checking parameters for BSIM 4.5 model xlp11.xpex.xn1:nshort_model.48
Warning: Eta0 = -0.0286127 is negative.

Checking parameters for BSIM 4.5 model xlp10.xpex.xn1:nshort_model.48
Warning: Eta0 = -0.0286127 is negative.

Checking parameters for BSIM 4.5 model xlp9.xpex.xn1:nshort_model.48
Warning: Eta0 = -0.0286127 is negative.

Checking parameters for BSIM 4.5 model xlp8.xpex.xn1:nshort_model.48
Warning: Eta0 = -0.0286127 is negative.

Checking parameters for BSIM 4.5 model xlp7.xpex.xn1:nshort_model.48
Warning: Eta0 = -0.0286127 is negative.

Checking parameters for BSIM 4.5 model xlp6.xpex.xn1:nshort_model.48
Warning: Eta0 = -0.0286127 is negative.

Checking parameters for BSIM 4.5 model xlp5.xpex.xn1:nshort_model.48
Warning: Eta0 = -0.0286127 is negative.

Checking parameters for BSIM 4.5 model xlp4.xpex.xn1:nshort_model.48
Warning: Eta0 = -0.0286127 is negative.

Checking parameters for BSIM 4.5 model xlp3.xpex.xn1:nshort_model.48
Warning: Eta0 = -0.0286127 is negative.

Checking parameters for BSIM 4.5 model xlp2.xpex.xn1:nshort_model.48
Warning: Eta0 = -0.0286127 is negative.

Checking parameters for BSIM 4.5 model xlp1.xpex.xn1:nshort_model.48
Warning: Eta0 = -0.0286127 is negative.

Checking parameters for BSIM 4.5 model xq12.xmfsn:nshort_model.48
Warning: Eta0 = -0.0286127 is negative.

Checking parameters for BSIM 4.5 model xq12.xmisn:nshort_model.48
Warning: Eta0 = -0.0286127 is negative.

Checking parameters for BSIM 4.5 model xq12.xmtsn:nshort_model.48
Warning: Eta0 = -0.0286127 is negative.

Checking parameters for BSIM 4.5 model xq12.xmfmn:nshort_model.48
Warning: Eta0 = -0.0286127 is negative.

Checking parameters for BSIM 4.5 model xq12.xmim2n:nshort_model.48
Warning: Eta0 = -0.0286127 is negative.

Checking parameters for BSIM 4.5 model xq12.xmtdn:nshort_model.48
Warning: Eta0 = -0.0286127 is negative.

Checking parameters for BSIM 4.5 model xq12.xmnc:nshort_model.48
Warning: Eta0 = -0.0286127 is negative.

Checking parameters for BSIM 4.5 model xq11.xmfsn:nshort_model.48
Warning: Eta0 = -0.0286127 is negative.

Checking parameters for BSIM 4.5 model xq11.xmisn:nshort_model.48
Warning: Eta0 = -0.0286127 is negative.

Checking parameters for BSIM 4.5 model xq11.xmtsn:nshort_model.48
Warning: Eta0 = -0.0286127 is negative.

Checking parameters for BSIM 4.5 model xq11.xmfmn:nshort_model.48
Warning: Eta0 = -0.0286127 is negative.

Checking parameters for BSIM 4.5 model xq11.xmim2n:nshort_model.48
Warning: Eta0 = -0.0286127 is negative.

Checking parameters for BSIM 4.5 model xq11.xmtdn:nshort_model.48
Warning: Eta0 = -0.0286127 is negative.

Checking parameters for BSIM 4.5 model xq11.xmnc:nshort_model.48
Warning: Eta0 = -0.0286127 is negative.

Checking parameters for BSIM 4.5 model xq10.xmfsn:nshort_model.48
Warning: Eta0 = -0.0286127 is negative.

Checking parameters for BSIM 4.5 model xq10.xmisn:nshort_model.48
Warning: Eta0 = -0.0286127 is negative.

Checking parameters for BSIM 4.5 model xq10.xmtsn:nshort_model.48
Warning: Eta0 = -0.0286127 is negative.

Checking parameters for BSIM 4.5 model xq10.xmfmn:nshort_model.48
Warning: Eta0 = -0.0286127 is negative.

Checking parameters for BSIM 4.5 model xq10.xmim2n:nshort_model.48
Warning: Eta0 = -0.0286127 is negative.

Checking parameters for BSIM 4.5 model xq10.xmtdn:nshort_model.48
Warning: Eta0 = -0.0286127 is negative.

Checking parameters for BSIM 4.5 model xq10.xmnc:nshort_model.48
Warning: Eta0 = -0.0286127 is negative.

Checking parameters for BSIM 4.5 model xq9.xmfsn:nshort_model.48
Warning: Eta0 = -0.0286127 is negative.

Checking parameters for BSIM 4.5 model xq9.xmisn:nshort_model.48
Warning: Eta0 = -0.0286127 is negative.

Checking parameters for BSIM 4.5 model xq9.xmtsn:nshort_model.48
Warning: Eta0 = -0.0286127 is negative.

Checking parameters for BSIM 4.5 model xq9.xmfmn:nshort_model.48
Warning: Eta0 = -0.0286127 is negative.

Checking parameters for BSIM 4.5 model xq9.xmim2n:nshort_model.48
Warning: Eta0 = -0.0286127 is negative.

Checking parameters for BSIM 4.5 model xq9.xmtdn:nshort_model.48
Warning: Eta0 = -0.0286127 is negative.

Checking parameters for BSIM 4.5 model xq9.xmnc:nshort_model.48
Warning: Eta0 = -0.0286127 is negative.

Checking parameters for BSIM 4.5 model xq8.xmfsn:nshort_model.48
Warning: Eta0 = -0.0286127 is negative.

Checking parameters for BSIM 4.5 model xq8.xmisn:nshort_model.48
Warning: Eta0 = -0.0286127 is negative.

Checking parameters for BSIM 4.5 model xq8.xmtsn:nshort_model.48
Warning: Eta0 = -0.0286127 is negative.

Checking parameters for BSIM 4.5 model xq8.xmfmn:nshort_model.48
Warning: Eta0 = -0.0286127 is negative.

Checking parameters for BSIM 4.5 model xq8.xmim2n:nshort_model.48
Warning: Eta0 = -0.0286127 is negative.

Checking parameters for BSIM 4.5 model xq8.xmtdn:nshort_model.48
Warning: Eta0 = -0.0286127 is negative.

Checking parameters for BSIM 4.5 model xq8.xmnc:nshort_model.48
Warning: Eta0 = -0.0286127 is negative.

Checking parameters for BSIM 4.5 model xq7.xmfsn:nshort_model.48
Warning: Eta0 = -0.0286127 is negative.

Checking parameters for BSIM 4.5 model xq7.xmisn:nshort_model.48
Warning: Eta0 = -0.0286127 is negative.

Checking parameters for BSIM 4.5 model xq7.xmtsn:nshort_model.48
Warning: Eta0 = -0.0286127 is negative.

Checking parameters for BSIM 4.5 model xq7.xmfmn:nshort_model.48
Warning: Eta0 = -0.0286127 is negative.

Checking parameters for BSIM 4.5 model xq7.xmim2n:nshort_model.48
Warning: Eta0 = -0.0286127 is negative.

Checking parameters for BSIM 4.5 model xq7.xmtdn:nshort_model.48
Warning: Eta0 = -0.0286127 is negative.

Checking parameters for BSIM 4.5 model xq7.xmnc:nshort_model.48
Warning: Eta0 = -0.0286127 is negative.

Checking parameters for BSIM 4.5 model xq6.xmfsn:nshort_model.48
Warning: Eta0 = -0.0286127 is negative.

Checking parameters for BSIM 4.5 model xq6.xmisn:nshort_model.48
Warning: Eta0 = -0.0286127 is negative.

Checking parameters for BSIM 4.5 model xq6.xmtsn:nshort_model.48
Warning: Eta0 = -0.0286127 is negative.

Checking parameters for BSIM 4.5 model xq6.xmfmn:nshort_model.48
Warning: Eta0 = -0.0286127 is negative.

Checking parameters for BSIM 4.5 model xq6.xmim2n:nshort_model.48
Warning: Eta0 = -0.0286127 is negative.

Checking parameters for BSIM 4.5 model xq6.xmtdn:nshort_model.48
Warning: Eta0 = -0.0286127 is negative.

Checking parameters for BSIM 4.5 model xq6.xmnc:nshort_model.48
Warning: Eta0 = -0.0286127 is negative.

Checking parameters for BSIM 4.5 model xq5.xmfsn:nshort_model.48
Warning: Eta0 = -0.0286127 is negative.

Checking parameters for BSIM 4.5 model xq5.xmisn:nshort_model.48
Warning: Eta0 = -0.0286127 is negative.

Checking parameters for BSIM 4.5 model xq5.xmtsn:nshort_model.48
Warning: Eta0 = -0.0286127 is negative.

Checking parameters for BSIM 4.5 model xq5.xmfmn:nshort_model.48
Warning: Eta0 = -0.0286127 is negative.

Checking parameters for BSIM 4.5 model xq5.xmim2n:nshort_model.48
Warning: Eta0 = -0.0286127 is negative.

Checking parameters for BSIM 4.5 model xq5.xmtdn:nshort_model.48
Warning: Eta0 = -0.0286127 is negative.

Checking parameters for BSIM 4.5 model xq5.xmnc:nshort_model.48
Warning: Eta0 = -0.0286127 is negative.

Checking parameters for BSIM 4.5 model xq4.xmfsn:nshort_model.48
Warning: Eta0 = -0.0286127 is negative.

Checking parameters for BSIM 4.5 model xq4.xmisn:nshort_model.48
Warning: Eta0 = -0.0286127 is negative.

Checking parameters for BSIM 4.5 model xq4.xmtsn:nshort_model.48
Warning: Eta0 = -0.0286127 is negative.

Checking parameters for BSIM 4.5 model xq4.xmfmn:nshort_model.48
Warning: Eta0 = -0.0286127 is negative.

Checking parameters for BSIM 4.5 model xq4.xmim2n:nshort_model.48
Warning: Eta0 = -0.0286127 is negative.

Checking parameters for BSIM 4.5 model xq4.xmtdn:nshort_model.48
Warning: Eta0 = -0.0286127 is negative.

Checking parameters for BSIM 4.5 model xq4.xmnc:nshort_model.48
Warning: Eta0 = -0.0286127 is negative.

Checking parameters for BSIM 4.5 model xq3.xmfsn:nshort_model.48
Warning: Eta0 = -0.0286127 is negative.

Checking parameters for BSIM 4.5 model xq3.xmisn:nshort_model.48
Warning: Eta0 = -0.0286127 is negative.

Checking parameters for BSIM 4.5 model xq3.xmtsn:nshort_model.48
Warning: Eta0 = -0.0286127 is negative.

Checking parameters for BSIM 4.5 model xq3.xmfmn:nshort_model.48
Warning: Eta0 = -0.0286127 is negative.

Checking parameters for BSIM 4.5 model xq3.xmim2n:nshort_model.48
Warning: Eta0 = -0.0286127 is negative.

Checking parameters for BSIM 4.5 model xq3.xmtdn:nshort_model.48
Warning: Eta0 = -0.0286127 is negative.

Checking parameters for BSIM 4.5 model xq3.xmnc:nshort_model.48
Warning: Eta0 = -0.0286127 is negative.

Checking parameters for BSIM 4.5 model xq2.xmfsn:nshort_model.48
Warning: Eta0 = -0.0286127 is negative.

Checking parameters for BSIM 4.5 model xq2.xmisn:nshort_model.48
Warning: Eta0 = -0.0286127 is negative.

Checking parameters for BSIM 4.5 model xq2.xmtsn:nshort_model.48
Warning: Eta0 = -0.0286127 is negative.

Checking parameters for BSIM 4.5 model xq2.xmfmn:nshort_model.48
Warning: Eta0 = -0.0286127 is negative.

Checking parameters for BSIM 4.5 model xq2.xmim2n:nshort_model.48
Warning: Eta0 = -0.0286127 is negative.

Checking parameters for BSIM 4.5 model xq2.xmtdn:nshort_model.48
Warning: Eta0 = -0.0286127 is negative.

Checking parameters for BSIM 4.5 model xq2.xmnc:nshort_model.48
Warning: Eta0 = -0.0286127 is negative.

Checking parameters for BSIM 4.5 model xq1.xmfsn:nshort_model.48
Warning: Eta0 = -0.0286127 is negative.

Checking parameters for BSIM 4.5 model xq1.xmisn:nshort_model.48
Warning: Eta0 = -0.0286127 is negative.

Checking parameters for BSIM 4.5 model xq1.xmtsn:nshort_model.48
Warning: Eta0 = -0.0286127 is negative.

Checking parameters for BSIM 4.5 model xq1.xmfmn:nshort_model.48
Warning: Eta0 = -0.0286127 is negative.

Checking parameters for BSIM 4.5 model xq1.xmim2n:nshort_model.48
Warning: Eta0 = -0.0286127 is negative.

Checking parameters for BSIM 4.5 model xq1.xmtdn:nshort_model.48
Warning: Eta0 = -0.0286127 is negative.

Checking parameters for BSIM 4.5 model xq1.xmnc:nshort_model.48
Warning: Eta0 = -0.0286127 is negative.

Checking parameters for BSIM 4.5 model xp12.xtg_fbs.xpex.xn1:nshort_model.48
Warning: Eta0 = -0.0286127 is negative.

Checking parameters for BSIM 4.5 model xp12.xinv_q.xpex.xn1:nshort_model.48
Warning: Eta0 = -0.0286127 is negative.

Checking parameters for BSIM 4.5 model xp12.xtg_s.xpex.xn1:nshort_model.48
Warning: Eta0 = -0.0286127 is negative.

Checking parameters for BSIM 4.5 model xp12.xtg_fbm.xpex.xn1:nshort_model.48
Warning: Eta0 = -0.0286127 is negative.

Checking parameters for BSIM 4.5 model xp12.xinv_mc.xpex.xn1:nshort_model.48
Warning: Eta0 = -0.0286127 is negative.

Checking parameters for BSIM 4.5 model xp12.xtg_d.xpex.xn1:nshort_model.48
Warning: Eta0 = -0.0286127 is negative.

Checking parameters for BSIM 4.5 model xp12.xinv_clk.xpex.xn1:nshort_model.48
Warning: Eta0 = -0.0286127 is negative.

Checking parameters for BSIM 4.5 model xp11.xtg_fbs.xpex.xn1:nshort_model.48
Warning: Eta0 = -0.0286127 is negative.

Checking parameters for BSIM 4.5 model xp11.xinv_q.xpex.xn1:nshort_model.48
Warning: Eta0 = -0.0286127 is negative.

Checking parameters for BSIM 4.5 model xp11.xtg_s.xpex.xn1:nshort_model.48
Warning: Eta0 = -0.0286127 is negative.

Checking parameters for BSIM 4.5 model xp11.xtg_fbm.xpex.xn1:nshort_model.48
Warning: Eta0 = -0.0286127 is negative.

Checking parameters for BSIM 4.5 model xp11.xinv_mc.xpex.xn1:nshort_model.48
Warning: Eta0 = -0.0286127 is negative.

Checking parameters for BSIM 4.5 model xp11.xtg_d.xpex.xn1:nshort_model.48
Warning: Eta0 = -0.0286127 is negative.

Checking parameters for BSIM 4.5 model xp11.xinv_clk.xpex.xn1:nshort_model.48
Warning: Eta0 = -0.0286127 is negative.

Checking parameters for BSIM 4.5 model xp10.xtg_fbs.xpex.xn1:nshort_model.48
Warning: Eta0 = -0.0286127 is negative.

Checking parameters for BSIM 4.5 model xp10.xinv_q.xpex.xn1:nshort_model.48
Warning: Eta0 = -0.0286127 is negative.

Checking parameters for BSIM 4.5 model xp10.xtg_s.xpex.xn1:nshort_model.48
Warning: Eta0 = -0.0286127 is negative.

Checking parameters for BSIM 4.5 model xp10.xtg_fbm.xpex.xn1:nshort_model.48
Warning: Eta0 = -0.0286127 is negative.

Checking parameters for BSIM 4.5 model xp10.xinv_mc.xpex.xn1:nshort_model.48
Warning: Eta0 = -0.0286127 is negative.

Checking parameters for BSIM 4.5 model xp10.xtg_d.xpex.xn1:nshort_model.48
Warning: Eta0 = -0.0286127 is negative.

Checking parameters for BSIM 4.5 model xp10.xinv_clk.xpex.xn1:nshort_model.48
Warning: Eta0 = -0.0286127 is negative.

Checking parameters for BSIM 4.5 model xp9.xtg_fbs.xpex.xn1:nshort_model.48
Warning: Eta0 = -0.0286127 is negative.

Checking parameters for BSIM 4.5 model xp9.xinv_q.xpex.xn1:nshort_model.48
Warning: Eta0 = -0.0286127 is negative.

Checking parameters for BSIM 4.5 model xp9.xtg_s.xpex.xn1:nshort_model.48
Warning: Eta0 = -0.0286127 is negative.

Checking parameters for BSIM 4.5 model xp9.xtg_fbm.xpex.xn1:nshort_model.48
Warning: Eta0 = -0.0286127 is negative.

Checking parameters for BSIM 4.5 model xp9.xinv_mc.xpex.xn1:nshort_model.48
Warning: Eta0 = -0.0286127 is negative.

Checking parameters for BSIM 4.5 model xp9.xtg_d.xpex.xn1:nshort_model.48
Warning: Eta0 = -0.0286127 is negative.

Checking parameters for BSIM 4.5 model xp9.xinv_clk.xpex.xn1:nshort_model.48
Warning: Eta0 = -0.0286127 is negative.

Checking parameters for BSIM 4.5 model xp8.xtg_fbs.xpex.xn1:nshort_model.48
Warning: Eta0 = -0.0286127 is negative.

Checking parameters for BSIM 4.5 model xp8.xinv_q.xpex.xn1:nshort_model.48
Warning: Eta0 = -0.0286127 is negative.

Checking parameters for BSIM 4.5 model xp8.xtg_s.xpex.xn1:nshort_model.48
Warning: Eta0 = -0.0286127 is negative.

Checking parameters for BSIM 4.5 model xp8.xtg_fbm.xpex.xn1:nshort_model.48
Warning: Eta0 = -0.0286127 is negative.

Checking parameters for BSIM 4.5 model xp8.xinv_mc.xpex.xn1:nshort_model.48
Warning: Eta0 = -0.0286127 is negative.

Checking parameters for BSIM 4.5 model xp8.xtg_d.xpex.xn1:nshort_model.48
Warning: Eta0 = -0.0286127 is negative.

Checking parameters for BSIM 4.5 model xp8.xinv_clk.xpex.xn1:nshort_model.48
Warning: Eta0 = -0.0286127 is negative.

Checking parameters for BSIM 4.5 model xp7.xtg_fbs.xpex.xn1:nshort_model.48
Warning: Eta0 = -0.0286127 is negative.

Checking parameters for BSIM 4.5 model xp7.xinv_q.xpex.xn1:nshort_model.48
Warning: Eta0 = -0.0286127 is negative.

Checking parameters for BSIM 4.5 model xp7.xtg_s.xpex.xn1:nshort_model.48
Warning: Eta0 = -0.0286127 is negative.

Checking parameters for BSIM 4.5 model xp7.xtg_fbm.xpex.xn1:nshort_model.48
Warning: Eta0 = -0.0286127 is negative.

Checking parameters for BSIM 4.5 model xp7.xinv_mc.xpex.xn1:nshort_model.48
Warning: Eta0 = -0.0286127 is negative.

Checking parameters for BSIM 4.5 model xp7.xtg_d.xpex.xn1:nshort_model.48
Warning: Eta0 = -0.0286127 is negative.

Checking parameters for BSIM 4.5 model xp7.xinv_clk.xpex.xn1:nshort_model.48
Warning: Eta0 = -0.0286127 is negative.

Checking parameters for BSIM 4.5 model xp6.xtg_fbs.xpex.xn1:nshort_model.48
Warning: Eta0 = -0.0286127 is negative.

Checking parameters for BSIM 4.5 model xp6.xinv_q.xpex.xn1:nshort_model.48
Warning: Eta0 = -0.0286127 is negative.

Checking parameters for BSIM 4.5 model xp6.xtg_s.xpex.xn1:nshort_model.48
Warning: Eta0 = -0.0286127 is negative.

Checking parameters for BSIM 4.5 model xp6.xtg_fbm.xpex.xn1:nshort_model.48
Warning: Eta0 = -0.0286127 is negative.

Checking parameters for BSIM 4.5 model xp6.xinv_mc.xpex.xn1:nshort_model.48
Warning: Eta0 = -0.0286127 is negative.

Checking parameters for BSIM 4.5 model xp6.xtg_d.xpex.xn1:nshort_model.48
Warning: Eta0 = -0.0286127 is negative.

Checking parameters for BSIM 4.5 model xp6.xinv_clk.xpex.xn1:nshort_model.48
Warning: Eta0 = -0.0286127 is negative.

Checking parameters for BSIM 4.5 model xp5.xtg_fbs.xpex.xn1:nshort_model.48
Warning: Eta0 = -0.0286127 is negative.

Checking parameters for BSIM 4.5 model xp5.xinv_q.xpex.xn1:nshort_model.48
Warning: Eta0 = -0.0286127 is negative.

Checking parameters for BSIM 4.5 model xp5.xtg_s.xpex.xn1:nshort_model.48
Warning: Eta0 = -0.0286127 is negative.

Checking parameters for BSIM 4.5 model xp5.xtg_fbm.xpex.xn1:nshort_model.48
Warning: Eta0 = -0.0286127 is negative.

Checking parameters for BSIM 4.5 model xp5.xinv_mc.xpex.xn1:nshort_model.48
Warning: Eta0 = -0.0286127 is negative.

Checking parameters for BSIM 4.5 model xp5.xtg_d.xpex.xn1:nshort_model.48
Warning: Eta0 = -0.0286127 is negative.

Checking parameters for BSIM 4.5 model xp5.xinv_clk.xpex.xn1:nshort_model.48
Warning: Eta0 = -0.0286127 is negative.

Checking parameters for BSIM 4.5 model xp4.xtg_fbs.xpex.xn1:nshort_model.48
Warning: Eta0 = -0.0286127 is negative.

Checking parameters for BSIM 4.5 model xp4.xinv_q.xpex.xn1:nshort_model.48
Warning: Eta0 = -0.0286127 is negative.

Checking parameters for BSIM 4.5 model xp4.xtg_s.xpex.xn1:nshort_model.48
Warning: Eta0 = -0.0286127 is negative.

Checking parameters for BSIM 4.5 model xp4.xtg_fbm.xpex.xn1:nshort_model.48
Warning: Eta0 = -0.0286127 is negative.

Checking parameters for BSIM 4.5 model xp4.xinv_mc.xpex.xn1:nshort_model.48
Warning: Eta0 = -0.0286127 is negative.

Checking parameters for BSIM 4.5 model xp4.xtg_d.xpex.xn1:nshort_model.48
Warning: Eta0 = -0.0286127 is negative.

Checking parameters for BSIM 4.5 model xp4.xinv_clk.xpex.xn1:nshort_model.48
Warning: Eta0 = -0.0286127 is negative.

Checking parameters for BSIM 4.5 model xp3.xtg_fbs.xpex.xn1:nshort_model.48
Warning: Eta0 = -0.0286127 is negative.

Checking parameters for BSIM 4.5 model xp3.xinv_q.xpex.xn1:nshort_model.48
Warning: Eta0 = -0.0286127 is negative.

Checking parameters for BSIM 4.5 model xp3.xtg_s.xpex.xn1:nshort_model.48
Warning: Eta0 = -0.0286127 is negative.

Checking parameters for BSIM 4.5 model xp3.xtg_fbm.xpex.xn1:nshort_model.48
Warning: Eta0 = -0.0286127 is negative.

Checking parameters for BSIM 4.5 model xp3.xinv_mc.xpex.xn1:nshort_model.48
Warning: Eta0 = -0.0286127 is negative.

Checking parameters for BSIM 4.5 model xp3.xtg_d.xpex.xn1:nshort_model.48
Warning: Eta0 = -0.0286127 is negative.

Checking parameters for BSIM 4.5 model xp3.xinv_clk.xpex.xn1:nshort_model.48
Warning: Eta0 = -0.0286127 is negative.

Checking parameters for BSIM 4.5 model xp2.xtg_fbs.xpex.xn1:nshort_model.48
Warning: Eta0 = -0.0286127 is negative.

Checking parameters for BSIM 4.5 model xp2.xinv_q.xpex.xn1:nshort_model.48
Warning: Eta0 = -0.0286127 is negative.

Checking parameters for BSIM 4.5 model xp2.xtg_s.xpex.xn1:nshort_model.48
Warning: Eta0 = -0.0286127 is negative.

Checking parameters for BSIM 4.5 model xp2.xtg_fbm.xpex.xn1:nshort_model.48
Warning: Eta0 = -0.0286127 is negative.

Checking parameters for BSIM 4.5 model xp2.xinv_mc.xpex.xn1:nshort_model.48
Warning: Eta0 = -0.0286127 is negative.

Checking parameters for BSIM 4.5 model xp2.xtg_d.xpex.xn1:nshort_model.48
Warning: Eta0 = -0.0286127 is negative.

Checking parameters for BSIM 4.5 model xp2.xinv_clk.xpex.xn1:nshort_model.48
Warning: Eta0 = -0.0286127 is negative.

Checking parameters for BSIM 4.5 model xp1.xtg_fbs.xpex.xn1:nshort_model.48
Warning: Eta0 = -0.0286127 is negative.

Checking parameters for BSIM 4.5 model xp1.xinv_q.xpex.xn1:nshort_model.48
Warning: Eta0 = -0.0286127 is negative.

Checking parameters for BSIM 4.5 model xp1.xtg_s.xpex.xn1:nshort_model.48
Warning: Eta0 = -0.0286127 is negative.

Checking parameters for BSIM 4.5 model xp1.xtg_fbm.xpex.xn1:nshort_model.48
Warning: Eta0 = -0.0286127 is negative.

Checking parameters for BSIM 4.5 model xp1.xinv_mc.xpex.xn1:nshort_model.48
Warning: Eta0 = -0.0286127 is negative.

Checking parameters for BSIM 4.5 model xp1.xtg_d.xpex.xn1:nshort_model.48
Warning: Eta0 = -0.0286127 is negative.

Checking parameters for BSIM 4.5 model xp1.xinv_clk.xpex.xn1:nshort_model.48
Warning: Eta0 = -0.0286127 is negative.

