|* Post-layout sampler_dff: the SETUP-TIME bracket -- how far ahead of the
|* sampling clock edge the data input must settle for the bit to be captured
|* -- extracted parasitics vs. the pre-layout netlist, in ONE deck.
|*
|* Purpose. The companion deck in this slug
|* (tb_post_layout_sampler_dff.spice) measures what the sampler does AFTER
|* the edge (clk -> q delay, output levels, reset/idle/active currents). This
|* one measures the window BEFORE it. For a TRNG that is the more
|* consequential of the two: the raw bit is whatever the combining node
|* happens to be doing inside this window, so the window's width is a
|* property of the digitizer that any later raw-bit or min-entropy claim
|* rests on. sim/raw-bit-min-entropy/ digitizes through this exact cell and
|* has never measured it.
|*
|* Method: a LADDER, not a bisection. Twenty-four DFFs run in one transient
|* -- twelve post-layout, twelve pre-layout -- sharing one clock whose single
|* rising edge is at 50 ns, each fed by its OWN d source whose 0 -> 1
|* transition is centred a different distance ahead of that edge:
|*
|*     3200, 800, 260, 215, 180, 150, 125, 105, 88, 73, 60, 45 ps
|*
|* ("centred": each PWL edge takes 100 ps, and the offset is measured
|* between the two signals' 50% crossings, so a rung's label IS the setup
|* time it offers.) After the run, v(q) is read in a settled window after the
|* edge: an instance that captured reads ~Vdd, one that did not reads ~0.
|* The setup time is bracketed between the smallest rung that captured and
|* the largest that did not, per side, per corner, from one transient.
|*
|* Why these twelve rungs. The two wide anchors (3200 and 800 ps) exist to
|* show the ladder saturating -- a run where even they fail to capture is a
|* broken deck, not a fast cell. The other ten are spaced ~1.2x apart across
|* 45..260 ps, which is the band the boundary actually falls in: a scouting
|* run of an earlier, purely geometric (factor-of-two) version of this deck
|* put it between 50 and 100 ps at both tt/27 degC/1.8 V and
|* ff/125 degC/1.98 V, and between 100 and 200 ps at ss/-40 degC/1.62 V.
|* The factor-of-two ladder was too coarse to separate the post-layout cell
|* from its own pre-layout control at any of the three -- both sides landed
|* in the same rung -- which is the whole point of running them in one deck,
|* hence this spacing.
|*
|* Deliberately NOT a metastability measurement.
|* spec/porting-plan.md carries DR-0011's judgment that full resolution-time
|* statistics are "not credibly reproducible in a general-purpose transient
|* solver", and that judgment is tool-general rather than PDK-specific. What
|* is measured here is a DETERMINISTIC timing property -- captured or not
|* captured, at a stated offset -- and nothing about resolution time,
|* failure probability, or the shape of the boundary is claimed. A rung that
|* lands close enough to the boundary to read back an intermediate level is
|* reported as exactly that: an intermediate level at a stated offset.
|*
|* Topology, parasitic scope, substrate tie, stimulus idealization and the
|* pre-layout-control-in-the-same-deck argument are all identical to the
|* companion deck -- see tb_post_layout_sampler_dff.spice's header, which
|* states them in full, including why an ideal PWL stimulus makes every
|* post-layout figure here a FLOOR on the real cost rather than the whole of
|* it.
|*
|* The waveform (ns):
|*
|*    0 .. 10   rst_n = 0, clk = 0, every d = 0    reset; all q = 0
|*   10         rst_n 0 -> 1                       released, master
|*                                                 transparent (clk = 0)
|*   46.8 .. 50.055                                each d rises, one rung
|*                                                 each -- see the ladder
|*   50        clk 0 -> 1                          THE sampling edge; the
|*                                                 slave captures whatever
|*                                                 the master settled to
|*   50 .. 56  clk held high                       master opaque, so a d
|*                                                 that arrived too late
|*                                                 cannot leak through after
|*                                                 the fact; q read over
|*                                                 54 .. 56 ns
|*
|* PVT: the same four (temp, supply) points as every post-layout campaign in
|* this repo, each bundling tt/ss/ff into one record.
|*
|* This file is a TEMPLATE: sim/bin/corner-run.py substitutes /home/ubuntu/.volare/volare/sky130/versions/c6d73a35f524070e85faff4a6a9eef49553ebc2b/sky130A/libs.tech/combined/sky130.lib.spice,
|* tt, /home/ubuntu/loom-workspaces/sky130-trng/.loom/worktrees/issue-22/design/sampler_core.spice (design/sampler_core.spice), /home/ubuntu/loom-workspaces/sky130-trng/.loom/worktrees/issue-22/layout/pex/sampler_dff_pex.spice
|* (layout/pex/sampler_dff_pex.spice), -40.0, 1.98 and 5p. As
|* committed it is not a runnable deck.
|
|.option scale=1u
|.lib "/home/ubuntu/.volare/volare/sky130/versions/c6d73a35f524070e85faff4a6a9eef49553ebc2b/sky130A/libs.tech/combined/sky130.lib.spice" tt
|
|.include "/home/ubuntu/loom-workspaces/sky130-trng/.loom/worktrees/issue-22/design/sampler_core.spice"
|.include "/home/ubuntu/loom-workspaces/sky130-trng/.loom/worktrees/issue-22/layout/pex/sampler_dff_pex.spice"
|
|.temp -40.0
|
|* --- substrate return node: hard tie (see the companion deck's header) --
|Vsub vsubs 0 dc 0
|
|*-----------------------------------------------------------------------
|* The post-layout sampler_dff, assembled from extracted leaf cells.
|* Identical to the companion deck's subcircuit; every port assignment is
|* annotated there with the design/sampler_core.spice device it reproduces.
|*-----------------------------------------------------------------------
|.subckt sampler_dff_pex d clk rst_n q vdd vss
|xinv_clk clk    clkb   vdd vss           sampler_inv_pex
|xtg_d    d      m      clk  clkb vdd vss sampler_tg_pex
|xnand_m  m      rst_n  mb   vdd  vss     sampler_nand2_pex
|xinv_mc  mb     mc     vdd vss           sampler_inv_pex
|xtg_fbm  mc     m      clkb clk  vdd vss sampler_tg_pex
|xtg_s    mb     s      clkb clk  vdd vss sampler_tg_pex
|xinv_q   s      q      vdd vss           sampler_inv_pex
|xnand_s2 q      rst_n  qb   vdd  vss     sampler_nand2_pex
|xtg_fbs  qb     s      clk  clkb vdd vss sampler_tg_pex
|.ends
|
|* --- shared clock and reset --------------------------------------------
|* One rising edge, at 50 ns, held high to the end of the run.
|Vclk clk 0 PWL(0 0  50n 0  50.1n 1.98)
|Vrstn rst_n 0 PWL(0 0  10n 0  10.1n 1.98)
|
|* --- the setup ladder: one d source per rung ----------------------------
|* Each edge takes 100 ps and its 50% crossing precedes the clock's 50%
|* crossing (50.05 ns) by exactly the rung's offset.
|Vd1 d1 0 PWL(0 0  46.8n 0  46.9n 1.98)
|Vd2 d2 0 PWL(0 0  49.2n 0  49.3n 1.98)
|Vd3 d3 0 PWL(0 0  49.74n 0  49.84n 1.98)
|Vd4 d4 0 PWL(0 0  49.785n 0  49.885n 1.98)
|Vd5 d5 0 PWL(0 0  49.82n 0  49.92n 1.98)
|Vd6 d6 0 PWL(0 0  49.85n 0  49.95n 1.98)
|Vd7 d7 0 PWL(0 0  49.875n 0  49.975n 1.98)
|Vd8 d8 0 PWL(0 0  49.895n 0  49.995n 1.98)
|Vd9 d9 0 PWL(0 0  49.912n 0  50.012n 1.98)
|Vd10 d10 0 PWL(0 0  49.927n 0  50.027n 1.98)
|Vd11 d11 0 PWL(0 0  49.94n 0  50.04n 1.98)
|Vd12 d12 0 PWL(0 0  49.955n 0  50.055n 1.98)
|
|* --- twelve post-layout DFFs, one per rung ------------------------------
|* One shared supply source on each side: this deck measures timing, not
|* current (the companion deck owns the per-cell current measurements).
|Vddp vddp 0 dc 1.98
|xp1 d1 clk rst_n qp1 vddp 0 sampler_dff_pex
|xp2 d2 clk rst_n qp2 vddp 0 sampler_dff_pex
|xp3 d3 clk rst_n qp3 vddp 0 sampler_dff_pex
|xp4 d4 clk rst_n qp4 vddp 0 sampler_dff_pex
|xp5 d5 clk rst_n qp5 vddp 0 sampler_dff_pex
|xp6 d6 clk rst_n qp6 vddp 0 sampler_dff_pex
|xp7 d7 clk rst_n qp7 vddp 0 sampler_dff_pex
|xp8 d8 clk rst_n qp8 vddp 0 sampler_dff_pex
|xp9 d9 clk rst_n qp9 vddp 0 sampler_dff_pex
|xp10 d10 clk rst_n qp10 vddp 0 sampler_dff_pex
|xp11 d11 clk rst_n qp11 vddp 0 sampler_dff_pex
|xp12 d12 clk rst_n qp12 vddp 0 sampler_dff_pex
|
|* --- twelve pre-layout control DFFs, the same ladder --------------------
|Vddq vddq 0 dc 1.98
|xq1 d1 clk rst_n qq1 vddq 0 sampler_dff
|xq2 d2 clk rst_n qq2 vddq 0 sampler_dff
|xq3 d3 clk rst_n qq3 vddq 0 sampler_dff
|xq4 d4 clk rst_n qq4 vddq 0 sampler_dff
|xq5 d5 clk rst_n qq5 vddq 0 sampler_dff
|xq6 d6 clk rst_n qq6 vddq 0 sampler_dff
|xq7 d7 clk rst_n qq7 vddq 0 sampler_dff
|xq8 d8 clk rst_n qq8 vddq 0 sampler_dff
|xq9 d9 clk rst_n qq9 vddq 0 sampler_dff
|xq10 d10 clk rst_n qq10 vddq 0 sampler_dff
|xq11 d11 clk rst_n qq11 vddq 0 sampler_dff
|xq12 d12 clk rst_n qq12 vddq 0 sampler_dff
|
|* --- output load: one inverter per DFF, matched per side ----------------
|Vddl vddl 0 dc 1.98
|xlp1 qp1 qpb1 vddl 0 sampler_inv_pex
|xlp2 qp2 qpb2 vddl 0 sampler_inv_pex
|xlp3 qp3 qpb3 vddl 0 sampler_inv_pex
|xlp4 qp4 qpb4 vddl 0 sampler_inv_pex
|xlp5 qp5 qpb5 vddl 0 sampler_inv_pex
|xlp6 qp6 qpb6 vddl 0 sampler_inv_pex
|xlp7 qp7 qpb7 vddl 0 sampler_inv_pex
|xlp8 qp8 qpb8 vddl 0 sampler_inv_pex
|xlp9 qp9 qpb9 vddl 0 sampler_inv_pex
|xlp10 qp10 qpb10 vddl 0 sampler_inv_pex
|xlp11 qp11 qpb11 vddl 0 sampler_inv_pex
|xlp12 qp12 qpb12 vddl 0 sampler_inv_pex
|xlq1 qq1 qqb1 vddl 0 ro_buf
|xlq2 qq2 qqb2 vddl 0 ro_buf
|xlq3 qq3 qqb3 vddl 0 ro_buf
|xlq4 qq4 qqb4 vddl 0 ro_buf
|xlq5 qq5 qqb5 vddl 0 ro_buf
|xlq6 qq6 qqb6 vddl 0 ro_buf
|xlq7 qq7 qqb7 vddl 0 ro_buf
|xlq8 qq8 qqb8 vddl 0 ro_buf
|xlq9 qq9 qqb9 vddl 0 ro_buf
|xlq10 qq10 qqb10 vddl 0 ro_buf
|xlq11 qq11 qqb11 vddl 0 ro_buf
|xlq12 qq12 qqb12 vddl 0 ro_buf
|
|.tran 5p 56n
|
|.control
|run
|
|* --- captured level per rung, as a fraction of Vdd ---------------------
|* Read in a settled window well after the edge. ~1 means the rung's setup
|* time was sufficient, ~0 means it was not; anything in between means the
|* rung sits close to the boundary and is reported as such, NOT as a
|* metastability statistic (see the header).
|meas tran vp1 AVG v(qp1) from=54n to=56n
|meas tran vp2 AVG v(qp2) from=54n to=56n
|meas tran vp3 AVG v(qp3) from=54n to=56n
|meas tran vp4 AVG v(qp4) from=54n to=56n
|meas tran vp5 AVG v(qp5) from=54n to=56n
|meas tran vp6 AVG v(qp6) from=54n to=56n
|meas tran vp7 AVG v(qp7) from=54n to=56n
|meas tran vp8 AVG v(qp8) from=54n to=56n
|meas tran vp9 AVG v(qp9) from=54n to=56n
|meas tran vp10 AVG v(qp10) from=54n to=56n
|meas tran vp11 AVG v(qp11) from=54n to=56n
|meas tran vp12 AVG v(qp12) from=54n to=56n
|meas tran vq1 AVG v(qq1) from=54n to=56n
|meas tran vq2 AVG v(qq2) from=54n to=56n
|meas tran vq3 AVG v(qq3) from=54n to=56n
|meas tran vq4 AVG v(qq4) from=54n to=56n
|meas tran vq5 AVG v(qq5) from=54n to=56n
|meas tran vq6 AVG v(qq6) from=54n to=56n
|meas tran vq7 AVG v(qq7) from=54n to=56n
|meas tran vq8 AVG v(qq8) from=54n to=56n
|meas tran vq9 AVG v(qq9) from=54n to=56n
|meas tran vq10 AVG v(qq10) from=54n to=56n
|meas tran vq11 AVG v(qq11) from=54n to=56n
|meas tran vq12 AVG v(qq12) from=54n to=56n
|
|* Named by the rung's own setup offset in picoseconds, so a record reads
|* as the ladder it is.
|let cap_pex_3200ps = vp1 / 1.98
|let cap_pex_800ps = vp2 / 1.98
|let cap_pex_260ps = vp3 / 1.98
|let cap_pex_215ps = vp4 / 1.98
|let cap_pex_180ps = vp5 / 1.98
|let cap_pex_150ps = vp6 / 1.98
|let cap_pex_125ps = vp7 / 1.98
|let cap_pex_105ps = vp8 / 1.98
|let cap_pex_88ps = vp9 / 1.98
|let cap_pex_73ps = vp10 / 1.98
|let cap_pex_60ps = vp11 / 1.98
|let cap_pex_45ps = vp12 / 1.98
|let cap_pre_3200ps = vq1 / 1.98
|let cap_pre_800ps = vq2 / 1.98
|let cap_pre_260ps = vq3 / 1.98
|let cap_pre_215ps = vq4 / 1.98
|let cap_pre_180ps = vq5 / 1.98
|let cap_pre_150ps = vq6 / 1.98
|let cap_pre_125ps = vq7 / 1.98
|let cap_pre_105ps = vq8 / 1.98
|let cap_pre_88ps = vq9 / 1.98
|let cap_pre_73ps = vq10 / 1.98
|let cap_pre_60ps = vq11 / 1.98
|let cap_pre_45ps = vq12 / 1.98
|
|print cap_pex_3200ps
|print cap_pex_800ps
|print cap_pex_260ps
|print cap_pex_215ps
|print cap_pex_180ps
|print cap_pex_150ps
|print cap_pex_125ps
|print cap_pex_105ps
|print cap_pex_88ps
|print cap_pex_73ps
|print cap_pex_60ps
|print cap_pex_45ps
|print cap_pre_3200ps
|print cap_pre_800ps
|print cap_pre_260ps
|print cap_pre_215ps
|print cap_pre_180ps
|print cap_pre_150ps
|print cap_pre_125ps
|print cap_pre_105ps
|print cap_pre_88ps
|print cap_pre_73ps
|print cap_pre_60ps
|print cap_pre_45ps
|.endc
|.end
|

----- stdout -----

Note: No compatibility mode selected!


Circuit: * post-layout sampler_dff: the setup-time bracket -- how far ahead of the

Doing analysis at TEMP = -40.000000 and TNOM = 27.000000

Using SPARSE 1.3 as Direct Linear Solver

Initial Transient Solution
--------------------------

Node                                   Voltage
----                                   -------
vsubs                                        0
clk                                          0
rst_n                                        0
d1                                           0
d2                                           0
d3                                           0
d4                                           0
d5                                           0
d6                                           0
d7                                           0
d8                                           0
d9                                           0
d10                                          0
d11                                          0
d12                                          0
vddp                                      1.98
xp1.xinv_clk.xpex.y__t0                   1.98
xp1.xinv_clk.xpex.a__t0                      0
xp1.xinv_clk.xpex.vss__t0          5.78161e-15
xp1.xinv_clk.xpex.vss__t1          1.88264e-10
xp1.xinv_clk.xpex.y__t1                   1.98
xp1.xinv_clk.xpex.a__t1                      0
xp1.xinv_clk.xpex.vdd__t0                 1.98
xp1.xinv_clk.xpex.vdd__t1                 1.98
xp1.clkb                                  1.98
xp1.xtg_d.xpex.a__t0               1.62874e-09
xp1.xtg_d.xpex.ctrlb__t0                  1.98
xp1.xtg_d.xpex.b__t0               1.55316e-08
xp1.xtg_d.xpex.vss__t0             2.51202e-18
xp1.xtg_d.xpex.a__t1               4.11138e-10
xp1.xtg_d.xpex.ctrl__t0                      0
xp1.xtg_d.xpex.b__t1               1.72031e-08
xp1.xtg_d.xpex.vdd__t0                    1.98
xp1.m                              1.68662e-08
xp1.xnand_m.xpex.n2__t0            0.000283312
xp1.xnand_m.xpex.en__t0                      0
xp1.xnand_m.xpex.vss__t0           1.29893e-17
xp1.xnand_m.xpex.vss__t1           1.46658e-14
xp1.xnand_m.xpex.y__t0                    1.98
xp1.xnand_m.xpex.a__t0             1.68662e-08
xp1.xnand_m.xpex.n2__t1            0.000283312
xp1.xnand_m.xpex.vss__t2            2.0502e-10
xp1.xnand_m.xpex.y__t1                    1.98
xp1.xnand_m.xpex.en__t1                      0
xp1.xnand_m.xpex.vdd__t2                  1.98
xp1.xnand_m.xpex.vdd__t0                  1.98
xp1.xnand_m.xpex.vdd__t3                  1.98
xp1.xnand_m.xpex.a__t1             1.68662e-08
xp1.xnand_m.xpex.y__t2                    1.98
xp1.xnand_m.xpex.vdd__t1                  1.98
xp1.xnand_m.xpex.n2                0.000283312
xp1.mb                                    1.98
xp1.xinv_mc.xpex.y__t0              2.4343e-08
xp1.xinv_mc.xpex.a__t0                    1.98
xp1.xinv_mc.xpex.vss__t0            1.2394e-09
xp1.xinv_mc.xpex.vss__t1           2.43246e-18
xp1.xinv_mc.xpex.y__t1             2.85387e-08
xp1.xinv_mc.xpex.a__t1                    1.98
xp1.xinv_mc.xpex.vdd__t0                  1.98
xp1.xinv_mc.xpex.vdd__t1                  1.98
xp1.mc                             2.70497e-08
xp1.xtg_fbm.xpex.a__t0             2.70497e-08
xp1.xtg_fbm.xpex.ctrlb__t0                   0
xp1.xtg_fbm.xpex.b__t0             1.68662e-08
xp1.xtg_fbm.xpex.vss__t0           6.42866e-18
xp1.xtg_fbm.xpex.a__t1             2.82673e-08
xp1.xtg_fbm.xpex.ctrl__t0                 1.98
xp1.xtg_fbm.xpex.b__t1              1.7864e-08
xp1.xtg_fbm.xpex.vdd__t0                  1.98
xp1.xtg_s.xpex.a__t0                      1.98
xp1.xtg_s.xpex.ctrlb__t0                     0
xp1.xtg_s.xpex.b__t0                      1.98
xp1.xtg_s.xpex.vss__t0             5.79687e-10
xp1.xtg_s.xpex.a__t1                      1.98
xp1.xtg_s.xpex.ctrl__t0                   1.98
xp1.xtg_s.xpex.b__t1                      1.98
xp1.xtg_s.xpex.vdd__t0                    1.98
xp1.s                                     1.98
xp1.xinv_q.xpex.y__t0              1.33921e-08
xp1.xinv_q.xpex.a__t0                     1.98
xp1.xinv_q.xpex.vss__t0            6.81843e-10
xp1.xinv_q.xpex.vss__t1             1.3382e-18
xp1.xinv_q.xpex.y__t1              1.63702e-08
xp1.xinv_q.xpex.a__t1                     1.98
xp1.xinv_q.xpex.vdd__t0                   1.98
xp1.xinv_q.xpex.vdd__t1                   1.98
qp1                                1.48811e-08
xp1.xnand_s2.xpex.n2__t0           0.000283312
xp1.xnand_s2.xpex.en__t0                     0
xp1.xnand_s2.xpex.vss__t0          1.29893e-17
xp1.xnand_s2.xpex.vss__t1          1.46658e-14
xp1.xnand_s2.xpex.y__t0                   1.98
xp1.xnand_s2.xpex.a__t0            1.48811e-08
xp1.xnand_s2.xpex.n2__t1           0.000283312
xp1.xnand_s2.xpex.vss__t2           2.0502e-10
xp1.xnand_s2.xpex.y__t1                   1.98
xp1.xnand_s2.xpex.en__t1                     0
xp1.xnand_s2.xpex.vdd__t2                 1.98
xp1.xnand_s2.xpex.vdd__t0                 1.98
xp1.xnand_s2.xpex.vdd__t3                 1.98
xp1.xnand_s2.xpex.a__t1            1.48811e-08
xp1.xnand_s2.xpex.y__t2                   1.98
xp1.xnand_s2.xpex.vdd__t1                 1.98
xp1.xnand_s2.xpex.n2               0.000283312
xp1.qb                                    1.98
xp1.xtg_fbs.xpex.a__t0                    1.98
xp1.xtg_fbs.xpex.ctrlb__t0                1.98
xp1.xtg_fbs.xpex.b__t0                    1.98
xp1.xtg_fbs.xpex.vss__t0           5.79687e-10
xp1.xtg_fbs.xpex.a__t1                    1.98
xp1.xtg_fbs.xpex.ctrl__t0                    0
xp1.xtg_fbs.xpex.b__t1                    1.98
xp1.xtg_fbs.xpex.vdd__t0                  1.98
xp2.xinv_clk.xpex.y__t0                   1.98
xp2.xinv_clk.xpex.a__t0                      0
xp2.xinv_clk.xpex.vss__t0          5.78161e-15
xp2.xinv_clk.xpex.vss__t1          1.88264e-10
xp2.xinv_clk.xpex.y__t1                   1.98
xp2.xinv_clk.xpex.a__t1                      0
xp2.xinv_clk.xpex.vdd__t0                 1.98
xp2.xinv_clk.xpex.vdd__t1                 1.98
xp2.clkb                                  1.98
xp2.xtg_d.xpex.a__t0               1.62874e-09
xp2.xtg_d.xpex.ctrlb__t0                  1.98
xp2.xtg_d.xpex.b__t0               1.55316e-08
xp2.xtg_d.xpex.vss__t0             2.51202e-18
xp2.xtg_d.xpex.a__t1               4.11138e-10
xp2.xtg_d.xpex.ctrl__t0                      0
xp2.xtg_d.xpex.b__t1               1.72031e-08
xp2.xtg_d.xpex.vdd__t0                    1.98
xp2.m                              1.68662e-08
xp2.xnand_m.xpex.n2__t0            0.000283312
xp2.xnand_m.xpex.en__t0                      0
xp2.xnand_m.xpex.vss__t0           1.29893e-17
xp2.xnand_m.xpex.vss__t1           1.46658e-14
xp2.xnand_m.xpex.y__t0                    1.98
xp2.xnand_m.xpex.a__t0             1.68662e-08
xp2.xnand_m.xpex.n2__t1            0.000283312
xp2.xnand_m.xpex.vss__t2            2.0502e-10
xp2.xnand_m.xpex.y__t1                    1.98
xp2.xnand_m.xpex.en__t1                      0
xp2.xnand_m.xpex.vdd__t2                  1.98
xp2.xnand_m.xpex.vdd__t0                  1.98
xp2.xnand_m.xpex.vdd__t3                  1.98
xp2.xnand_m.xpex.a__t1             1.68662e-08
xp2.xnand_m.xpex.y__t2                    1.98
xp2.xnand_m.xpex.vdd__t1                  1.98
xp2.xnand_m.xpex.n2                0.000283312
xp2.mb                                    1.98
xp2.xinv_mc.xpex.y__t0              2.4343e-08
xp2.xinv_mc.xpex.a__t0                    1.98
xp2.xinv_mc.xpex.vss__t0            1.2394e-09
xp2.xinv_mc.xpex.vss__t1           2.43246e-18
xp2.xinv_mc.xpex.y__t1             2.85387e-08
xp2.xinv_mc.xpex.a__t1                    1.98
xp2.xinv_mc.xpex.vdd__t0                  1.98
xp2.xinv_mc.xpex.vdd__t1                  1.98
xp2.mc                             2.70497e-08
xp2.xtg_fbm.xpex.a__t0             2.70497e-08
xp2.xtg_fbm.xpex.ctrlb__t0                   0
xp2.xtg_fbm.xpex.b__t0             1.68662e-08
xp2.xtg_fbm.xpex.vss__t0           6.42866e-18
xp2.xtg_fbm.xpex.a__t1             2.82673e-08
xp2.xtg_fbm.xpex.ctrl__t0                 1.98
xp2.xtg_fbm.xpex.b__t1              1.7864e-08
xp2.xtg_fbm.xpex.vdd__t0                  1.98
xp2.xtg_s.xpex.a__t0                      1.98
xp2.xtg_s.xpex.ctrlb__t0                     0
xp2.xtg_s.xpex.b__t0                      1.98
xp2.xtg_s.xpex.vss__t0             5.79687e-10
xp2.xtg_s.xpex.a__t1                      1.98
xp2.xtg_s.xpex.ctrl__t0                   1.98
xp2.xtg_s.xpex.b__t1                      1.98
xp2.xtg_s.xpex.vdd__t0                    1.98
xp2.s                                     1.98
xp2.xinv_q.xpex.y__t0              1.33921e-08
xp2.xinv_q.xpex.a__t0                     1.98
xp2.xinv_q.xpex.vss__t0            6.81843e-10
xp2.xinv_q.xpex.vss__t1             1.3382e-18
xp2.xinv_q.xpex.y__t1              1.63702e-08
xp2.xinv_q.xpex.a__t1                     1.98
xp2.xinv_q.xpex.vdd__t0                   1.98
xp2.xinv_q.xpex.vdd__t1                   1.98
qp2                                1.48811e-08
xp2.xnand_s2.xpex.n2__t0           0.000283312
xp2.xnand_s2.xpex.en__t0                     0
xp2.xnand_s2.xpex.vss__t0          1.29893e-17
xp2.xnand_s2.xpex.vss__t1          1.46658e-14
xp2.xnand_s2.xpex.y__t0                   1.98
xp2.xnand_s2.xpex.a__t0            1.48811e-08
xp2.xnand_s2.xpex.n2__t1           0.000283312
xp2.xnand_s2.xpex.vss__t2           2.0502e-10
xp2.xnand_s2.xpex.y__t1                   1.98
xp2.xnand_s2.xpex.en__t1                     0
xp2.xnand_s2.xpex.vdd__t2                 1.98
xp2.xnand_s2.xpex.vdd__t0                 1.98
xp2.xnand_s2.xpex.vdd__t3                 1.98
xp2.xnand_s2.xpex.a__t1            1.48811e-08
xp2.xnand_s2.xpex.y__t2                   1.98
xp2.xnand_s2.xpex.vdd__t1                 1.98
xp2.xnand_s2.xpex.n2               0.000283312
xp2.qb                                    1.98
xp2.xtg_fbs.xpex.a__t0                    1.98
xp2.xtg_fbs.xpex.ctrlb__t0                1.98
xp2.xtg_fbs.xpex.b__t0                    1.98
xp2.xtg_fbs.xpex.vss__t0           5.79687e-10
xp2.xtg_fbs.xpex.a__t1                    1.98
xp2.xtg_fbs.xpex.ctrl__t0                    0
xp2.xtg_fbs.xpex.b__t1                    1.98
xp2.xtg_fbs.xpex.vdd__t0                  1.98
xp3.xinv_clk.xpex.y__t0                   1.98
xp3.xinv_clk.xpex.a__t0                      0
xp3.xinv_clk.xpex.vss__t0          5.78161e-15
xp3.xinv_clk.xpex.vss__t1          1.88264e-10
xp3.xinv_clk.xpex.y__t1                   1.98
xp3.xinv_clk.xpex.a__t1                      0
xp3.xinv_clk.xpex.vdd__t0                 1.98
xp3.xinv_clk.xpex.vdd__t1                 1.98
xp3.clkb                                  1.98
xp3.xtg_d.xpex.a__t0               1.62874e-09
xp3.xtg_d.xpex.ctrlb__t0                  1.98
xp3.xtg_d.xpex.b__t0               1.55316e-08
xp3.xtg_d.xpex.vss__t0             2.51202e-18
xp3.xtg_d.xpex.a__t1               4.11138e-10
xp3.xtg_d.xpex.ctrl__t0                      0
xp3.xtg_d.xpex.b__t1               1.72031e-08
xp3.xtg_d.xpex.vdd__t0                    1.98
xp3.m                              1.68662e-08
xp3.xnand_m.xpex.n2__t0            0.000283312
xp3.xnand_m.xpex.en__t0                      0
xp3.xnand_m.xpex.vss__t0           1.29893e-17
xp3.xnand_m.xpex.vss__t1           1.46658e-14
xp3.xnand_m.xpex.y__t0                    1.98
xp3.xnand_m.xpex.a__t0             1.68662e-08
xp3.xnand_m.xpex.n2__t1            0.000283312
xp3.xnand_m.xpex.vss__t2            2.0502e-10
xp3.xnand_m.xpex.y__t1                    1.98
xp3.xnand_m.xpex.en__t1                      0
xp3.xnand_m.xpex.vdd__t2                  1.98
xp3.xnand_m.xpex.vdd__t0                  1.98
xp3.xnand_m.xpex.vdd__t3                  1.98
xp3.xnand_m.xpex.a__t1             1.68662e-08
xp3.xnand_m.xpex.y__t2                    1.98
xp3.xnand_m.xpex.vdd__t1                  1.98
xp3.xnand_m.xpex.n2                0.000283312
xp3.mb                                    1.98
xp3.xinv_mc.xpex.y__t0              2.4343e-08
xp3.xinv_mc.xpex.a__t0                    1.98
xp3.xinv_mc.xpex.vss__t0            1.2394e-09
xp3.xinv_mc.xpex.vss__t1           2.43246e-18
xp3.xinv_mc.xpex.y__t1             2.85387e-08
xp3.xinv_mc.xpex.a__t1                    1.98
xp3.xinv_mc.xpex.vdd__t0                  1.98
xp3.xinv_mc.xpex.vdd__t1                  1.98
xp3.mc                             2.70497e-08
xp3.xtg_fbm.xpex.a__t0             2.70497e-08
xp3.xtg_fbm.xpex.ctrlb__t0                   0
xp3.xtg_fbm.xpex.b__t0             1.68662e-08
xp3.xtg_fbm.xpex.vss__t0           6.42866e-18
xp3.xtg_fbm.xpex.a__t1             2.82673e-08
xp3.xtg_fbm.xpex.ctrl__t0                 1.98
xp3.xtg_fbm.xpex.b__t1              1.7864e-08
xp3.xtg_fbm.xpex.vdd__t0                  1.98
xp3.xtg_s.xpex.a__t0                      1.98
xp3.xtg_s.xpex.ctrlb__t0                     0
xp3.xtg_s.xpex.b__t0                      1.98
xp3.xtg_s.xpex.vss__t0             5.79687e-10
xp3.xtg_s.xpex.a__t1                      1.98
xp3.xtg_s.xpex.ctrl__t0                   1.98
xp3.xtg_s.xpex.b__t1                      1.98
xp3.xtg_s.xpex.vdd__t0                    1.98
xp3.s                                     1.98
xp3.xinv_q.xpex.y__t0              1.33921e-08
xp3.xinv_q.xpex.a__t0                     1.98
xp3.xinv_q.xpex.vss__t0            6.81843e-10
xp3.xinv_q.xpex.vss__t1             1.3382e-18
xp3.xinv_q.xpex.y__t1              1.63702e-08
xp3.xinv_q.xpex.a__t1                     1.98
xp3.xinv_q.xpex.vdd__t0                   1.98
xp3.xinv_q.xpex.vdd__t1                   1.98
qp3                                1.48811e-08
xp3.xnand_s2.xpex.n2__t0           0.000283312
xp3.xnand_s2.xpex.en__t0                     0
xp3.xnand_s2.xpex.vss__t0          1.29893e-17
xp3.xnand_s2.xpex.vss__t1          1.46658e-14
xp3.xnand_s2.xpex.y__t0                   1.98
xp3.xnand_s2.xpex.a__t0            1.48811e-08
xp3.xnand_s2.xpex.n2__t1           0.000283312
xp3.xnand_s2.xpex.vss__t2           2.0502e-10
xp3.xnand_s2.xpex.y__t1                   1.98
xp3.xnand_s2.xpex.en__t1                     0
xp3.xnand_s2.xpex.vdd__t2                 1.98
xp3.xnand_s2.xpex.vdd__t0                 1.98
xp3.xnand_s2.xpex.vdd__t3                 1.98
xp3.xnand_s2.xpex.a__t1            1.48811e-08
xp3.xnand_s2.xpex.y__t2                   1.98
xp3.xnand_s2.xpex.vdd__t1                 1.98
xp3.xnand_s2.xpex.n2               0.000283312
xp3.qb                                    1.98
xp3.xtg_fbs.xpex.a__t0                    1.98
xp3.xtg_fbs.xpex.ctrlb__t0                1.98
xp3.xtg_fbs.xpex.b__t0                    1.98
xp3.xtg_fbs.xpex.vss__t0           5.79687e-10
xp3.xtg_fbs.xpex.a__t1                    1.98
xp3.xtg_fbs.xpex.ctrl__t0                    0
xp3.xtg_fbs.xpex.b__t1                    1.98
xp3.xtg_fbs.xpex.vdd__t0                  1.98
xp4.xinv_clk.xpex.y__t0                   1.98
xp4.xinv_clk.xpex.a__t0                      0
xp4.xinv_clk.xpex.vss__t0          5.78161e-15
xp4.xinv_clk.xpex.vss__t1          1.88264e-10
xp4.xinv_clk.xpex.y__t1                   1.98
xp4.xinv_clk.xpex.a__t1                      0
xp4.xinv_clk.xpex.vdd__t0                 1.98
xp4.xinv_clk.xpex.vdd__t1                 1.98
xp4.clkb                                  1.98
xp4.xtg_d.xpex.a__t0               1.62874e-09
xp4.xtg_d.xpex.ctrlb__t0                  1.98
xp4.xtg_d.xpex.b__t0               1.55316e-08
xp4.xtg_d.xpex.vss__t0             2.51202e-18
xp4.xtg_d.xpex.a__t1               4.11138e-10
xp4.xtg_d.xpex.ctrl__t0                      0
xp4.xtg_d.xpex.b__t1               1.72031e-08
xp4.xtg_d.xpex.vdd__t0                    1.98
xp4.m                              1.68662e-08
xp4.xnand_m.xpex.n2__t0            0.000283312
xp4.xnand_m.xpex.en__t0                      0
xp4.xnand_m.xpex.vss__t0           1.29893e-17
xp4.xnand_m.xpex.vss__t1           1.46658e-14
xp4.xnand_m.xpex.y__t0                    1.98
xp4.xnand_m.xpex.a__t0             1.68662e-08
xp4.xnand_m.xpex.n2__t1            0.000283312
xp4.xnand_m.xpex.vss__t2            2.0502e-10
xp4.xnand_m.xpex.y__t1                    1.98
xp4.xnand_m.xpex.en__t1                      0
xp4.xnand_m.xpex.vdd__t2                  1.98
xp4.xnand_m.xpex.vdd__t0                  1.98
xp4.xnand_m.xpex.vdd__t3                  1.98
xp4.xnand_m.xpex.a__t1             1.68662e-08
xp4.xnand_m.xpex.y__t2                    1.98
xp4.xnand_m.xpex.vdd__t1                  1.98
xp4.xnand_m.xpex.n2                0.000283312
xp4.mb                                    1.98
xp4.xinv_mc.xpex.y__t0              2.4343e-08
xp4.xinv_mc.xpex.a__t0                    1.98
xp4.xinv_mc.xpex.vss__t0            1.2394e-09
xp4.xinv_mc.xpex.vss__t1           2.43246e-18
xp4.xinv_mc.xpex.y__t1             2.85387e-08
xp4.xinv_mc.xpex.a__t1                    1.98
xp4.xinv_mc.xpex.vdd__t0                  1.98
xp4.xinv_mc.xpex.vdd__t1                  1.98
xp4.mc                             2.70497e-08
xp4.xtg_fbm.xpex.a__t0             2.70497e-08
xp4.xtg_fbm.xpex.ctrlb__t0                   0
xp4.xtg_fbm.xpex.b__t0             1.68662e-08
xp4.xtg_fbm.xpex.vss__t0           6.42866e-18
xp4.xtg_fbm.xpex.a__t1             2.82673e-08
xp4.xtg_fbm.xpex.ctrl__t0                 1.98
xp4.xtg_fbm.xpex.b__t1              1.7864e-08
xp4.xtg_fbm.xpex.vdd__t0                  1.98
xp4.xtg_s.xpex.a__t0                      1.98
xp4.xtg_s.xpex.ctrlb__t0                     0
xp4.xtg_s.xpex.b__t0                      1.98
xp4.xtg_s.xpex.vss__t0             5.79687e-10
xp4.xtg_s.xpex.a__t1                      1.98
xp4.xtg_s.xpex.ctrl__t0                   1.98
xp4.xtg_s.xpex.b__t1                      1.98
xp4.xtg_s.xpex.vdd__t0                    1.98
xp4.s                                     1.98
xp4.xinv_q.xpex.y__t0              1.33921e-08
xp4.xinv_q.xpex.a__t0                     1.98
xp4.xinv_q.xpex.vss__t0            6.81843e-10
xp4.xinv_q.xpex.vss__t1             1.3382e-18
xp4.xinv_q.xpex.y__t1              1.63702e-08
xp4.xinv_q.xpex.a__t1                     1.98
xp4.xinv_q.xpex.vdd__t0                   1.98
xp4.xinv_q.xpex.vdd__t1                   1.98
qp4                                1.48811e-08
xp4.xnand_s2.xpex.n2__t0           0.000283312
xp4.xnand_s2.xpex.en__t0                     0
xp4.xnand_s2.xpex.vss__t0          1.29893e-17
xp4.xnand_s2.xpex.vss__t1          1.46658e-14
xp4.xnand_s2.xpex.y__t0                   1.98
xp4.xnand_s2.xpex.a__t0            1.48811e-08
xp4.xnand_s2.xpex.n2__t1           0.000283312
xp4.xnand_s2.xpex.vss__t2           2.0502e-10
xp4.xnand_s2.xpex.y__t1                   1.98
xp4.xnand_s2.xpex.en__t1                     0
xp4.xnand_s2.xpex.vdd__t2                 1.98
xp4.xnand_s2.xpex.vdd__t0                 1.98
xp4.xnand_s2.xpex.vdd__t3                 1.98
xp4.xnand_s2.xpex.a__t1            1.48811e-08
xp4.xnand_s2.xpex.y__t2                   1.98
xp4.xnand_s2.xpex.vdd__t1                 1.98
xp4.xnand_s2.xpex.n2               0.000283312
xp4.qb                                    1.98
xp4.xtg_fbs.xpex.a__t0                    1.98
xp4.xtg_fbs.xpex.ctrlb__t0                1.98
xp4.xtg_fbs.xpex.b__t0                    1.98
xp4.xtg_fbs.xpex.vss__t0           5.79687e-10
xp4.xtg_fbs.xpex.a__t1                    1.98
xp4.xtg_fbs.xpex.ctrl__t0                    0
xp4.xtg_fbs.xpex.b__t1                    1.98
xp4.xtg_fbs.xpex.vdd__t0                  1.98
xp5.xinv_clk.xpex.y__t0                   1.98
xp5.xinv_clk.xpex.a__t0                      0
xp5.xinv_clk.xpex.vss__t0          5.78161e-15
xp5.xinv_clk.xpex.vss__t1          1.88264e-10
xp5.xinv_clk.xpex.y__t1                   1.98
xp5.xinv_clk.xpex.a__t1                      0
xp5.xinv_clk.xpex.vdd__t0                 1.98
xp5.xinv_clk.xpex.vdd__t1                 1.98
xp5.clkb                                  1.98
xp5.xtg_d.xpex.a__t0               1.62874e-09
xp5.xtg_d.xpex.ctrlb__t0                  1.98
xp5.xtg_d.xpex.b__t0               1.55316e-08
xp5.xtg_d.xpex.vss__t0             2.51202e-18
xp5.xtg_d.xpex.a__t1               4.11138e-10
xp5.xtg_d.xpex.ctrl__t0                      0
xp5.xtg_d.xpex.b__t1               1.72031e-08
xp5.xtg_d.xpex.vdd__t0                    1.98
xp5.m                              1.68662e-08
xp5.xnand_m.xpex.n2__t0            0.000283312
xp5.xnand_m.xpex.en__t0                      0
xp5.xnand_m.xpex.vss__t0           1.29893e-17
xp5.xnand_m.xpex.vss__t1           1.46658e-14
xp5.xnand_m.xpex.y__t0                    1.98
xp5.xnand_m.xpex.a__t0             1.68662e-08
xp5.xnand_m.xpex.n2__t1            0.000283312
xp5.xnand_m.xpex.vss__t2            2.0502e-10
xp5.xnand_m.xpex.y__t1                    1.98
xp5.xnand_m.xpex.en__t1                      0
xp5.xnand_m.xpex.vdd__t2                  1.98
xp5.xnand_m.xpex.vdd__t0                  1.98
xp5.xnand_m.xpex.vdd__t3                  1.98
xp5.xnand_m.xpex.a__t1             1.68662e-08
xp5.xnand_m.xpex.y__t2                    1.98
xp5.xnand_m.xpex.vdd__t1                  1.98
xp5.xnand_m.xpex.n2                0.000283312
xp5.mb                                    1.98
xp5.xinv_mc.xpex.y__t0              2.4343e-08
xp5.xinv_mc.xpex.a__t0                    1.98
xp5.xinv_mc.xpex.vss__t0            1.2394e-09
xp5.xinv_mc.xpex.vss__t1           2.43246e-18
xp5.xinv_mc.xpex.y__t1             2.85387e-08
xp5.xinv_mc.xpex.a__t1                    1.98
xp5.xinv_mc.xpex.vdd__t0                  1.98
xp5.xinv_mc.xpex.vdd__t1                  1.98
xp5.mc                             2.70497e-08
xp5.xtg_fbm.xpex.a__t0             2.70497e-08
xp5.xtg_fbm.xpex.ctrlb__t0                   0
xp5.xtg_fbm.xpex.b__t0             1.68662e-08
xp5.xtg_fbm.xpex.vss__t0           6.42866e-18
xp5.xtg_fbm.xpex.a__t1             2.82673e-08
xp5.xtg_fbm.xpex.ctrl__t0                 1.98
xp5.xtg_fbm.xpex.b__t1              1.7864e-08
xp5.xtg_fbm.xpex.vdd__t0                  1.98
xp5.xtg_s.xpex.a__t0                      1.98
xp5.xtg_s.xpex.ctrlb__t0                     0
xp5.xtg_s.xpex.b__t0                      1.98
xp5.xtg_s.xpex.vss__t0             5.79687e-10
xp5.xtg_s.xpex.a__t1                      1.98
xp5.xtg_s.xpex.ctrl__t0                   1.98
xp5.xtg_s.xpex.b__t1                      1.98
xp5.xtg_s.xpex.vdd__t0                    1.98
xp5.s                                     1.98
xp5.xinv_q.xpex.y__t0              1.33921e-08
xp5.xinv_q.xpex.a__t0                     1.98
xp5.xinv_q.xpex.vss__t0            6.81843e-10
xp5.xinv_q.xpex.vss__t1             1.3382e-18
xp5.xinv_q.xpex.y__t1              1.63702e-08
xp5.xinv_q.xpex.a__t1                     1.98
xp5.xinv_q.xpex.vdd__t0                   1.98
xp5.xinv_q.xpex.vdd__t1                   1.98
qp5                                1.48811e-08
xp5.xnand_s2.xpex.n2__t0           0.000283312
xp5.xnand_s2.xpex.en__t0                     0
xp5.xnand_s2.xpex.vss__t0          1.29893e-17
xp5.xnand_s2.xpex.vss__t1          1.46658e-14
xp5.xnand_s2.xpex.y__t0                   1.98
xp5.xnand_s2.xpex.a__t0            1.48811e-08
xp5.xnand_s2.xpex.n2__t1           0.000283312
xp5.xnand_s2.xpex.vss__t2           2.0502e-10
xp5.xnand_s2.xpex.y__t1                   1.98
xp5.xnand_s2.xpex.en__t1                     0
xp5.xnand_s2.xpex.vdd__t2                 1.98
xp5.xnand_s2.xpex.vdd__t0                 1.98
xp5.xnand_s2.xpex.vdd__t3                 1.98
xp5.xnand_s2.xpex.a__t1            1.48811e-08
xp5.xnand_s2.xpex.y__t2                   1.98
xp5.xnand_s2.xpex.vdd__t1                 1.98
xp5.xnand_s2.xpex.n2               0.000283312
xp5.qb                                    1.98
xp5.xtg_fbs.xpex.a__t0                    1.98
xp5.xtg_fbs.xpex.ctrlb__t0                1.98
xp5.xtg_fbs.xpex.b__t0                    1.98
xp5.xtg_fbs.xpex.vss__t0           5.79687e-10
xp5.xtg_fbs.xpex.a__t1                    1.98
xp5.xtg_fbs.xpex.ctrl__t0                    0
xp5.xtg_fbs.xpex.b__t1                    1.98
xp5.xtg_fbs.xpex.vdd__t0                  1.98
xp6.xinv_clk.xpex.y__t0                   1.98
xp6.xinv_clk.xpex.a__t0                      0
xp6.xinv_clk.xpex.vss__t0          5.78161e-15
xp6.xinv_clk.xpex.vss__t1          1.88264e-10
xp6.xinv_clk.xpex.y__t1                   1.98
xp6.xinv_clk.xpex.a__t1                      0
xp6.xinv_clk.xpex.vdd__t0                 1.98
xp6.xinv_clk.xpex.vdd__t1                 1.98
xp6.clkb                                  1.98
xp6.xtg_d.xpex.a__t0               1.62874e-09
xp6.xtg_d.xpex.ctrlb__t0                  1.98
xp6.xtg_d.xpex.b__t0               1.55316e-08
xp6.xtg_d.xpex.vss__t0             2.51202e-18
xp6.xtg_d.xpex.a__t1               4.11138e-10
xp6.xtg_d.xpex.ctrl__t0                      0
xp6.xtg_d.xpex.b__t1               1.72031e-08
xp6.xtg_d.xpex.vdd__t0                    1.98
xp6.m                              1.68662e-08
xp6.xnand_m.xpex.n2__t0            0.000283312
xp6.xnand_m.xpex.en__t0                      0
xp6.xnand_m.xpex.vss__t0           1.29893e-17
xp6.xnand_m.xpex.vss__t1           1.46658e-14
xp6.xnand_m.xpex.y__t0                    1.98
xp6.xnand_m.xpex.a__t0             1.68662e-08
xp6.xnand_m.xpex.n2__t1            0.000283312
xp6.xnand_m.xpex.vss__t2            2.0502e-10
xp6.xnand_m.xpex.y__t1                    1.98
xp6.xnand_m.xpex.en__t1                      0
xp6.xnand_m.xpex.vdd__t2                  1.98
xp6.xnand_m.xpex.vdd__t0                  1.98
xp6.xnand_m.xpex.vdd__t3                  1.98
xp6.xnand_m.xpex.a__t1             1.68662e-08
xp6.xnand_m.xpex.y__t2                    1.98
xp6.xnand_m.xpex.vdd__t1                  1.98
xp6.xnand_m.xpex.n2                0.000283312
xp6.mb                                    1.98
xp6.xinv_mc.xpex.y__t0              2.4343e-08
xp6.xinv_mc.xpex.a__t0                    1.98
xp6.xinv_mc.xpex.vss__t0            1.2394e-09
xp6.xinv_mc.xpex.vss__t1           2.43246e-18
xp6.xinv_mc.xpex.y__t1             2.85387e-08
xp6.xinv_mc.xpex.a__t1                    1.98
xp6.xinv_mc.xpex.vdd__t0                  1.98
xp6.xinv_mc.xpex.vdd__t1                  1.98
xp6.mc                             2.70497e-08
xp6.xtg_fbm.xpex.a__t0             2.70497e-08
xp6.xtg_fbm.xpex.ctrlb__t0                   0
xp6.xtg_fbm.xpex.b__t0             1.68662e-08
xp6.xtg_fbm.xpex.vss__t0           6.42866e-18
xp6.xtg_fbm.xpex.a__t1             2.82673e-08
xp6.xtg_fbm.xpex.ctrl__t0                 1.98
xp6.xtg_fbm.xpex.b__t1              1.7864e-08
xp6.xtg_fbm.xpex.vdd__t0                  1.98
xp6.xtg_s.xpex.a__t0                      1.98
xp6.xtg_s.xpex.ctrlb__t0                     0
xp6.xtg_s.xpex.b__t0                      1.98
xp6.xtg_s.xpex.vss__t0             5.79687e-10
xp6.xtg_s.xpex.a__t1                      1.98
xp6.xtg_s.xpex.ctrl__t0                   1.98
xp6.xtg_s.xpex.b__t1                      1.98
xp6.xtg_s.xpex.vdd__t0                    1.98
xp6.s                                     1.98
xp6.xinv_q.xpex.y__t0              1.33921e-08
xp6.xinv_q.xpex.a__t0                     1.98
xp6.xinv_q.xpex.vss__t0            6.81843e-10
xp6.xinv_q.xpex.vss__t1             1.3382e-18
xp6.xinv_q.xpex.y__t1              1.63702e-08
xp6.xinv_q.xpex.a__t1                     1.98
xp6.xinv_q.xpex.vdd__t0                   1.98
xp6.xinv_q.xpex.vdd__t1                   1.98
qp6                                1.48811e-08
xp6.xnand_s2.xpex.n2__t0           0.000283312
xp6.xnand_s2.xpex.en__t0                     0
xp6.xnand_s2.xpex.vss__t0          1.29893e-17
xp6.xnand_s2.xpex.vss__t1          1.46658e-14
xp6.xnand_s2.xpex.y__t0                   1.98
xp6.xnand_s2.xpex.a__t0            1.48811e-08
xp6.xnand_s2.xpex.n2__t1           0.000283312
xp6.xnand_s2.xpex.vss__t2           2.0502e-10
xp6.xnand_s2.xpex.y__t1                   1.98
xp6.xnand_s2.xpex.en__t1                     0
xp6.xnand_s2.xpex.vdd__t2                 1.98
xp6.xnand_s2.xpex.vdd__t0                 1.98
xp6.xnand_s2.xpex.vdd__t3                 1.98
xp6.xnand_s2.xpex.a__t1            1.48811e-08
xp6.xnand_s2.xpex.y__t2                   1.98
xp6.xnand_s2.xpex.vdd__t1                 1.98
xp6.xnand_s2.xpex.n2               0.000283312
xp6.qb                                    1.98
xp6.xtg_fbs.xpex.a__t0                    1.98
xp6.xtg_fbs.xpex.ctrlb__t0                1.98
xp6.xtg_fbs.xpex.b__t0                    1.98
xp6.xtg_fbs.xpex.vss__t0           5.79687e-10
xp6.xtg_fbs.xpex.a__t1                    1.98
xp6.xtg_fbs.xpex.ctrl__t0                    0
xp6.xtg_fbs.xpex.b__t1                    1.98
xp6.xtg_fbs.xpex.vdd__t0                  1.98
xp7.xinv_clk.xpex.y__t0                   1.98
xp7.xinv_clk.xpex.a__t0                      0
xp7.xinv_clk.xpex.vss__t0          5.78161e-15
xp7.xinv_clk.xpex.vss__t1          1.88264e-10
xp7.xinv_clk.xpex.y__t1                   1.98
xp7.xinv_clk.xpex.a__t1                      0
xp7.xinv_clk.xpex.vdd__t0                 1.98
xp7.xinv_clk.xpex.vdd__t1                 1.98
xp7.clkb                                  1.98
xp7.xtg_d.xpex.a__t0               1.62874e-09
xp7.xtg_d.xpex.ctrlb__t0                  1.98
xp7.xtg_d.xpex.b__t0               1.55316e-08
xp7.xtg_d.xpex.vss__t0             2.51202e-18
xp7.xtg_d.xpex.a__t1               4.11138e-10
xp7.xtg_d.xpex.ctrl__t0                      0
xp7.xtg_d.xpex.b__t1               1.72031e-08
xp7.xtg_d.xpex.vdd__t0                    1.98
xp7.m                              1.68662e-08
xp7.xnand_m.xpex.n2__t0            0.000283312
xp7.xnand_m.xpex.en__t0                      0
xp7.xnand_m.xpex.vss__t0           1.29893e-17
xp7.xnand_m.xpex.vss__t1           1.46658e-14
xp7.xnand_m.xpex.y__t0                    1.98
xp7.xnand_m.xpex.a__t0             1.68662e-08
xp7.xnand_m.xpex.n2__t1            0.000283312
xp7.xnand_m.xpex.vss__t2            2.0502e-10
xp7.xnand_m.xpex.y__t1                    1.98
xp7.xnand_m.xpex.en__t1                      0
xp7.xnand_m.xpex.vdd__t2                  1.98
xp7.xnand_m.xpex.vdd__t0                  1.98
xp7.xnand_m.xpex.vdd__t3                  1.98
xp7.xnand_m.xpex.a__t1             1.68662e-08
xp7.xnand_m.xpex.y__t2                    1.98
xp7.xnand_m.xpex.vdd__t1                  1.98
xp7.xnand_m.xpex.n2                0.000283312
xp7.mb                                    1.98
xp7.xinv_mc.xpex.y__t0              2.4343e-08
xp7.xinv_mc.xpex.a__t0                    1.98
xp7.xinv_mc.xpex.vss__t0            1.2394e-09
xp7.xinv_mc.xpex.vss__t1           2.43246e-18
xp7.xinv_mc.xpex.y__t1             2.85387e-08
xp7.xinv_mc.xpex.a__t1                    1.98
xp7.xinv_mc.xpex.vdd__t0                  1.98
xp7.xinv_mc.xpex.vdd__t1                  1.98
xp7.mc                             2.70497e-08
xp7.xtg_fbm.xpex.a__t0             2.70497e-08
xp7.xtg_fbm.xpex.ctrlb__t0                   0
xp7.xtg_fbm.xpex.b__t0             1.68662e-08
xp7.xtg_fbm.xpex.vss__t0           6.42866e-18
xp7.xtg_fbm.xpex.a__t1             2.82673e-08
xp7.xtg_fbm.xpex.ctrl__t0                 1.98
xp7.xtg_fbm.xpex.b__t1              1.7864e-08
xp7.xtg_fbm.xpex.vdd__t0                  1.98
xp7.xtg_s.xpex.a__t0                      1.98
xp7.xtg_s.xpex.ctrlb__t0                     0
xp7.xtg_s.xpex.b__t0                      1.98
xp7.xtg_s.xpex.vss__t0             5.79687e-10
xp7.xtg_s.xpex.a__t1                      1.98
xp7.xtg_s.xpex.ctrl__t0                   1.98
xp7.xtg_s.xpex.b__t1                      1.98
xp7.xtg_s.xpex.vdd__t0                    1.98
xp7.s                                     1.98
xp7.xinv_q.xpex.y__t0              1.33921e-08
xp7.xinv_q.xpex.a__t0                     1.98
xp7.xinv_q.xpex.vss__t0            6.81843e-10
xp7.xinv_q.xpex.vss__t1             1.3382e-18
xp7.xinv_q.xpex.y__t1              1.63702e-08
xp7.xinv_q.xpex.a__t1                     1.98
xp7.xinv_q.xpex.vdd__t0                   1.98
xp7.xinv_q.xpex.vdd__t1                   1.98
qp7                                1.48811e-08
xp7.xnand_s2.xpex.n2__t0           0.000283312
xp7.xnand_s2.xpex.en__t0                     0
xp7.xnand_s2.xpex.vss__t0          1.29893e-17
xp7.xnand_s2.xpex.vss__t1          1.46658e-14
xp7.xnand_s2.xpex.y__t0                   1.98
xp7.xnand_s2.xpex.a__t0            1.48811e-08
xp7.xnand_s2.xpex.n2__t1           0.000283312
xp7.xnand_s2.xpex.vss__t2           2.0502e-10
xp7.xnand_s2.xpex.y__t1                   1.98
xp7.xnand_s2.xpex.en__t1                     0
xp7.xnand_s2.xpex.vdd__t2                 1.98
xp7.xnand_s2.xpex.vdd__t0                 1.98
xp7.xnand_s2.xpex.vdd__t3                 1.98
xp7.xnand_s2.xpex.a__t1            1.48811e-08
xp7.xnand_s2.xpex.y__t2                   1.98
xp7.xnand_s2.xpex.vdd__t1                 1.98
xp7.xnand_s2.xpex.n2               0.000283312
xp7.qb                                    1.98
xp7.xtg_fbs.xpex.a__t0                    1.98
xp7.xtg_fbs.xpex.ctrlb__t0                1.98
xp7.xtg_fbs.xpex.b__t0                    1.98
xp7.xtg_fbs.xpex.vss__t0           5.79687e-10
xp7.xtg_fbs.xpex.a__t1                    1.98
xp7.xtg_fbs.xpex.ctrl__t0                    0
xp7.xtg_fbs.xpex.b__t1                    1.98
xp7.xtg_fbs.xpex.vdd__t0                  1.98
xp8.xinv_clk.xpex.y__t0                   1.98
xp8.xinv_clk.xpex.a__t0                      0
xp8.xinv_clk.xpex.vss__t0          5.78161e-15
xp8.xinv_clk.xpex.vss__t1          1.88264e-10
xp8.xinv_clk.xpex.y__t1                   1.98
xp8.xinv_clk.xpex.a__t1                      0
xp8.xinv_clk.xpex.vdd__t0                 1.98
xp8.xinv_clk.xpex.vdd__t1                 1.98
xp8.clkb                                  1.98
xp8.xtg_d.xpex.a__t0               1.62874e-09
xp8.xtg_d.xpex.ctrlb__t0                  1.98
xp8.xtg_d.xpex.b__t0               1.55316e-08
xp8.xtg_d.xpex.vss__t0             2.51202e-18
xp8.xtg_d.xpex.a__t1               4.11138e-10
xp8.xtg_d.xpex.ctrl__t0                      0
xp8.xtg_d.xpex.b__t1               1.72031e-08
xp8.xtg_d.xpex.vdd__t0                    1.98
xp8.m                              1.68662e-08
xp8.xnand_m.xpex.n2__t0            0.000283312
xp8.xnand_m.xpex.en__t0                      0
xp8.xnand_m.xpex.vss__t0           1.29893e-17
xp8.xnand_m.xpex.vss__t1           1.46658e-14
xp8.xnand_m.xpex.y__t0                    1.98
xp8.xnand_m.xpex.a__t0             1.68662e-08
xp8.xnand_m.xpex.n2__t1            0.000283312
xp8.xnand_m.xpex.vss__t2            2.0502e-10
xp8.xnand_m.xpex.y__t1                    1.98
xp8.xnand_m.xpex.en__t1                      0
xp8.xnand_m.xpex.vdd__t2                  1.98
xp8.xnand_m.xpex.vdd__t0                  1.98
xp8.xnand_m.xpex.vdd__t3                  1.98
xp8.xnand_m.xpex.a__t1             1.68662e-08
xp8.xnand_m.xpex.y__t2                    1.98
xp8.xnand_m.xpex.vdd__t1                  1.98
xp8.xnand_m.xpex.n2                0.000283312
xp8.mb                                    1.98
xp8.xinv_mc.xpex.y__t0              2.4343e-08
xp8.xinv_mc.xpex.a__t0                    1.98
xp8.xinv_mc.xpex.vss__t0            1.2394e-09
xp8.xinv_mc.xpex.vss__t1           2.43246e-18
xp8.xinv_mc.xpex.y__t1             2.85387e-08
xp8.xinv_mc.xpex.a__t1                    1.98
xp8.xinv_mc.xpex.vdd__t0                  1.98
xp8.xinv_mc.xpex.vdd__t1                  1.98
xp8.mc                             2.70497e-08
xp8.xtg_fbm.xpex.a__t0             2.70497e-08
xp8.xtg_fbm.xpex.ctrlb__t0                   0
xp8.xtg_fbm.xpex.b__t0             1.68662e-08
xp8.xtg_fbm.xpex.vss__t0           6.42866e-18
xp8.xtg_fbm.xpex.a__t1             2.82673e-08
xp8.xtg_fbm.xpex.ctrl__t0                 1.98
xp8.xtg_fbm.xpex.b__t1              1.7864e-08
xp8.xtg_fbm.xpex.vdd__t0                  1.98
xp8.xtg_s.xpex.a__t0                      1.98
xp8.xtg_s.xpex.ctrlb__t0                     0
xp8.xtg_s.xpex.b__t0                      1.98
xp8.xtg_s.xpex.vss__t0             5.79687e-10
xp8.xtg_s.xpex.a__t1                      1.98
xp8.xtg_s.xpex.ctrl__t0                   1.98
xp8.xtg_s.xpex.b__t1                      1.98
xp8.xtg_s.xpex.vdd__t0                    1.98
xp8.s                                     1.98
xp8.xinv_q.xpex.y__t0              1.33921e-08
xp8.xinv_q.xpex.a__t0                     1.98
xp8.xinv_q.xpex.vss__t0            6.81843e-10
xp8.xinv_q.xpex.vss__t1             1.3382e-18
xp8.xinv_q.xpex.y__t1              1.63702e-08
xp8.xinv_q.xpex.a__t1                     1.98
xp8.xinv_q.xpex.vdd__t0                   1.98
xp8.xinv_q.xpex.vdd__t1                   1.98
qp8                                1.48811e-08
xp8.xnand_s2.xpex.n2__t0           0.000283312
xp8.xnand_s2.xpex.en__t0                     0
xp8.xnand_s2.xpex.vss__t0          1.29893e-17
xp8.xnand_s2.xpex.vss__t1          1.46658e-14
xp8.xnand_s2.xpex.y__t0                   1.98
xp8.xnand_s2.xpex.a__t0            1.48811e-08
xp8.xnand_s2.xpex.n2__t1           0.000283312
xp8.xnand_s2.xpex.vss__t2           2.0502e-10
xp8.xnand_s2.xpex.y__t1                   1.98
xp8.xnand_s2.xpex.en__t1                     0
xp8.xnand_s2.xpex.vdd__t2                 1.98
xp8.xnand_s2.xpex.vdd__t0                 1.98
xp8.xnand_s2.xpex.vdd__t3                 1.98
xp8.xnand_s2.xpex.a__t1            1.48811e-08
xp8.xnand_s2.xpex.y__t2                   1.98
xp8.xnand_s2.xpex.vdd__t1                 1.98
xp8.xnand_s2.xpex.n2               0.000283312
xp8.qb                                    1.98
xp8.xtg_fbs.xpex.a__t0                    1.98
xp8.xtg_fbs.xpex.ctrlb__t0                1.98
xp8.xtg_fbs.xpex.b__t0                    1.98
xp8.xtg_fbs.xpex.vss__t0           5.79687e-10
xp8.xtg_fbs.xpex.a__t1                    1.98
xp8.xtg_fbs.xpex.ctrl__t0                    0
xp8.xtg_fbs.xpex.b__t1                    1.98
xp8.xtg_fbs.xpex.vdd__t0                  1.98
xp9.xinv_clk.xpex.y__t0                   1.98
xp9.xinv_clk.xpex.a__t0                      0
xp9.xinv_clk.xpex.vss__t0          5.78161e-15
xp9.xinv_clk.xpex.vss__t1          1.88264e-10
xp9.xinv_clk.xpex.y__t1                   1.98
xp9.xinv_clk.xpex.a__t1                      0
xp9.xinv_clk.xpex.vdd__t0                 1.98
xp9.xinv_clk.xpex.vdd__t1                 1.98
xp9.clkb                                  1.98
xp9.xtg_d.xpex.a__t0               1.62874e-09
xp9.xtg_d.xpex.ctrlb__t0                  1.98
xp9.xtg_d.xpex.b__t0               1.55316e-08
xp9.xtg_d.xpex.vss__t0             2.51202e-18
xp9.xtg_d.xpex.a__t1               4.11138e-10
xp9.xtg_d.xpex.ctrl__t0                      0
xp9.xtg_d.xpex.b__t1               1.72031e-08
xp9.xtg_d.xpex.vdd__t0                    1.98
xp9.m                              1.68662e-08
xp9.xnand_m.xpex.n2__t0            0.000283312
xp9.xnand_m.xpex.en__t0                      0
xp9.xnand_m.xpex.vss__t0           1.29893e-17
xp9.xnand_m.xpex.vss__t1           1.46658e-14
xp9.xnand_m.xpex.y__t0                    1.98
xp9.xnand_m.xpex.a__t0             1.68662e-08
xp9.xnand_m.xpex.n2__t1            0.000283312
xp9.xnand_m.xpex.vss__t2            2.0502e-10
xp9.xnand_m.xpex.y__t1                    1.98
xp9.xnand_m.xpex.en__t1                      0
xp9.xnand_m.xpex.vdd__t2                  1.98
xp9.xnand_m.xpex.vdd__t0                  1.98
xp9.xnand_m.xpex.vdd__t3                  1.98
xp9.xnand_m.xpex.a__t1             1.68662e-08
xp9.xnand_m.xpex.y__t2                    1.98
xp9.xnand_m.xpex.vdd__t1                  1.98
xp9.xnand_m.xpex.n2                0.000283312
xp9.mb                                    1.98
xp9.xinv_mc.xpex.y__t0              2.4343e-08
xp9.xinv_mc.xpex.a__t0                    1.98
xp9.xinv_mc.xpex.vss__t0            1.2394e-09
xp9.xinv_mc.xpex.vss__t1           2.43246e-18
xp9.xinv_mc.xpex.y__t1             2.85387e-08
xp9.xinv_mc.xpex.a__t1                    1.98
xp9.xinv_mc.xpex.vdd__t0                  1.98
xp9.xinv_mc.xpex.vdd__t1                  1.98
xp9.mc                             2.70497e-08
xp9.xtg_fbm.xpex.a__t0             2.70497e-08
xp9.xtg_fbm.xpex.ctrlb__t0                   0
xp9.xtg_fbm.xpex.b__t0             1.68662e-08
xp9.xtg_fbm.xpex.vss__t0           6.42866e-18
xp9.xtg_fbm.xpex.a__t1             2.82673e-08
xp9.xtg_fbm.xpex.ctrl__t0                 1.98
xp9.xtg_fbm.xpex.b__t1              1.7864e-08
xp9.xtg_fbm.xpex.vdd__t0                  1.98
xp9.xtg_s.xpex.a__t0                      1.98
xp9.xtg_s.xpex.ctrlb__t0                     0
xp9.xtg_s.xpex.b__t0                      1.98
xp9.xtg_s.xpex.vss__t0             5.79687e-10
xp9.xtg_s.xpex.a__t1                      1.98
xp9.xtg_s.xpex.ctrl__t0                   1.98
xp9.xtg_s.xpex.b__t1                      1.98
xp9.xtg_s.xpex.vdd__t0                    1.98
xp9.s                                     1.98
xp9.xinv_q.xpex.y__t0              1.33921e-08
xp9.xinv_q.xpex.a__t0                     1.98
xp9.xinv_q.xpex.vss__t0            6.81843e-10
xp9.xinv_q.xpex.vss__t1             1.3382e-18
xp9.xinv_q.xpex.y__t1              1.63702e-08
xp9.xinv_q.xpex.a__t1                     1.98
xp9.xinv_q.xpex.vdd__t0                   1.98
xp9.xinv_q.xpex.vdd__t1                   1.98
qp9                                1.48811e-08
xp9.xnand_s2.xpex.n2__t0           0.000283312
xp9.xnand_s2.xpex.en__t0                     0
xp9.xnand_s2.xpex.vss__t0          1.29893e-17
xp9.xnand_s2.xpex.vss__t1          1.46658e-14
xp9.xnand_s2.xpex.y__t0                   1.98
xp9.xnand_s2.xpex.a__t0            1.48811e-08
xp9.xnand_s2.xpex.n2__t1           0.000283312
xp9.xnand_s2.xpex.vss__t2           2.0502e-10
xp9.xnand_s2.xpex.y__t1                   1.98
xp9.xnand_s2.xpex.en__t1                     0
xp9.xnand_s2.xpex.vdd__t2                 1.98
xp9.xnand_s2.xpex.vdd__t0                 1.98
xp9.xnand_s2.xpex.vdd__t3                 1.98
xp9.xnand_s2.xpex.a__t1            1.48811e-08
xp9.xnand_s2.xpex.y__t2                   1.98
xp9.xnand_s2.xpex.vdd__t1                 1.98
xp9.xnand_s2.xpex.n2               0.000283312
xp9.qb                                    1.98
xp9.xtg_fbs.xpex.a__t0                    1.98
xp9.xtg_fbs.xpex.ctrlb__t0                1.98
xp9.xtg_fbs.xpex.b__t0                    1.98
xp9.xtg_fbs.xpex.vss__t0           5.79687e-10
xp9.xtg_fbs.xpex.a__t1                    1.98
xp9.xtg_fbs.xpex.ctrl__t0                    0
xp9.xtg_fbs.xpex.b__t1                    1.98
xp9.xtg_fbs.xpex.vdd__t0                  1.98
xp10.xinv_clk.xpex.y__t0                  1.98
xp10.xinv_clk.xpex.a__t0                     0
xp10.xinv_clk.xpex.vss__t0         5.78161e-15
xp10.xinv_clk.xpex.vss__t1         1.88264e-10
xp10.xinv_clk.xpex.y__t1                  1.98
xp10.xinv_clk.xpex.a__t1                     0
xp10.xinv_clk.xpex.vdd__t0                1.98
xp10.xinv_clk.xpex.vdd__t1                1.98
xp10.clkb                                 1.98
xp10.xtg_d.xpex.a__t0              1.62874e-09
xp10.xtg_d.xpex.ctrlb__t0                 1.98
xp10.xtg_d.xpex.b__t0              1.55316e-08
xp10.xtg_d.xpex.vss__t0            2.51202e-18
xp10.xtg_d.xpex.a__t1              4.11138e-10
xp10.xtg_d.xpex.ctrl__t0                     0
xp10.xtg_d.xpex.b__t1              1.72031e-08
xp10.xtg_d.xpex.vdd__t0                   1.98
xp10.m                             1.68662e-08
xp10.xnand_m.xpex.n2__t0           0.000283312
xp10.xnand_m.xpex.en__t0                     0
xp10.xnand_m.xpex.vss__t0          1.29893e-17
xp10.xnand_m.xpex.vss__t1          1.46658e-14
xp10.xnand_m.xpex.y__t0                   1.98
xp10.xnand_m.xpex.a__t0            1.68662e-08
xp10.xnand_m.xpex.n2__t1           0.000283312
xp10.xnand_m.xpex.vss__t2           2.0502e-10
xp10.xnand_m.xpex.y__t1                   1.98
xp10.xnand_m.xpex.en__t1                     0
xp10.xnand_m.xpex.vdd__t2                 1.98
xp10.xnand_m.xpex.vdd__t0                 1.98
xp10.xnand_m.xpex.vdd__t3                 1.98
xp10.xnand_m.xpex.a__t1            1.68662e-08
xp10.xnand_m.xpex.y__t2                   1.98
xp10.xnand_m.xpex.vdd__t1                 1.98
xp10.xnand_m.xpex.n2               0.000283312
xp10.mb                                   1.98
xp10.xinv_mc.xpex.y__t0             2.4343e-08
xp10.xinv_mc.xpex.a__t0                   1.98
xp10.xinv_mc.xpex.vss__t0           1.2394e-09
xp10.xinv_mc.xpex.vss__t1          2.43246e-18
xp10.xinv_mc.xpex.y__t1            2.85387e-08
xp10.xinv_mc.xpex.a__t1                   1.98
xp10.xinv_mc.xpex.vdd__t0                 1.98
xp10.xinv_mc.xpex.vdd__t1                 1.98
xp10.mc                            2.70497e-08
xp10.xtg_fbm.xpex.a__t0            2.70497e-08
xp10.xtg_fbm.xpex.ctrlb__t0                  0
xp10.xtg_fbm.xpex.b__t0            1.68662e-08
xp10.xtg_fbm.xpex.vss__t0          6.42866e-18
xp10.xtg_fbm.xpex.a__t1            2.82673e-08
xp10.xtg_fbm.xpex.ctrl__t0                1.98
xp10.xtg_fbm.xpex.b__t1             1.7864e-08
xp10.xtg_fbm.xpex.vdd__t0                 1.98
xp10.xtg_s.xpex.a__t0                     1.98
xp10.xtg_s.xpex.ctrlb__t0                    0
xp10.xtg_s.xpex.b__t0                     1.98
xp10.xtg_s.xpex.vss__t0            5.79687e-10
xp10.xtg_s.xpex.a__t1                     1.98
xp10.xtg_s.xpex.ctrl__t0                  1.98
xp10.xtg_s.xpex.b__t1                     1.98
xp10.xtg_s.xpex.vdd__t0                   1.98
xp10.s                                    1.98
xp10.xinv_q.xpex.y__t0             1.33921e-08
xp10.xinv_q.xpex.a__t0                    1.98
xp10.xinv_q.xpex.vss__t0           6.81843e-10
xp10.xinv_q.xpex.vss__t1            1.3382e-18
xp10.xinv_q.xpex.y__t1             1.63702e-08
xp10.xinv_q.xpex.a__t1                    1.98
xp10.xinv_q.xpex.vdd__t0                  1.98
xp10.xinv_q.xpex.vdd__t1                  1.98
qp10                               1.48811e-08
xp10.xnand_s2.xpex.n2__t0          0.000283312
xp10.xnand_s2.xpex.en__t0                    0
xp10.xnand_s2.xpex.vss__t0         1.29893e-17
xp10.xnand_s2.xpex.vss__t1         1.46658e-14
xp10.xnand_s2.xpex.y__t0                  1.98
xp10.xnand_s2.xpex.a__t0           1.48811e-08
xp10.xnand_s2.xpex.n2__t1          0.000283312
xp10.xnand_s2.xpex.vss__t2          2.0502e-10
xp10.xnand_s2.xpex.y__t1                  1.98
xp10.xnand_s2.xpex.en__t1                    0
xp10.xnand_s2.xpex.vdd__t2                1.98
xp10.xnand_s2.xpex.vdd__t0                1.98
xp10.xnand_s2.xpex.vdd__t3                1.98
xp10.xnand_s2.xpex.a__t1           1.48811e-08
xp10.xnand_s2.xpex.y__t2                  1.98
xp10.xnand_s2.xpex.vdd__t1                1.98
xp10.xnand_s2.xpex.n2              0.000283312
xp10.qb                                   1.98
xp10.xtg_fbs.xpex.a__t0                   1.98
xp10.xtg_fbs.xpex.ctrlb__t0               1.98
xp10.xtg_fbs.xpex.b__t0                   1.98
xp10.xtg_fbs.xpex.vss__t0          5.79687e-10
xp10.xtg_fbs.xpex.a__t1                   1.98
xp10.xtg_fbs.xpex.ctrl__t0                   0
xp10.xtg_fbs.xpex.b__t1                   1.98
xp10.xtg_fbs.xpex.vdd__t0                 1.98
xp11.xinv_clk.xpex.y__t0                  1.98
xp11.xinv_clk.xpex.a__t0                     0
xp11.xinv_clk.xpex.vss__t0         5.78161e-15
xp11.xinv_clk.xpex.vss__t1         1.88264e-10
xp11.xinv_clk.xpex.y__t1                  1.98
xp11.xinv_clk.xpex.a__t1                     0
xp11.xinv_clk.xpex.vdd__t0                1.98
xp11.xinv_clk.xpex.vdd__t1                1.98
xp11.clkb                                 1.98
xp11.xtg_d.xpex.a__t0              1.62874e-09
xp11.xtg_d.xpex.ctrlb__t0                 1.98
xp11.xtg_d.xpex.b__t0              1.55316e-08
xp11.xtg_d.xpex.vss__t0            2.51202e-18
xp11.xtg_d.xpex.a__t1              4.11138e-10
xp11.xtg_d.xpex.ctrl__t0                     0
xp11.xtg_d.xpex.b__t1              1.72031e-08
xp11.xtg_d.xpex.vdd__t0                   1.98
xp11.m                             1.68662e-08
xp11.xnand_m.xpex.n2__t0           0.000283312
xp11.xnand_m.xpex.en__t0                     0
xp11.xnand_m.xpex.vss__t0          1.29893e-17
xp11.xnand_m.xpex.vss__t1          1.46658e-14
xp11.xnand_m.xpex.y__t0                   1.98
xp11.xnand_m.xpex.a__t0            1.68662e-08
xp11.xnand_m.xpex.n2__t1           0.000283312
xp11.xnand_m.xpex.vss__t2           2.0502e-10
xp11.xnand_m.xpex.y__t1                   1.98
xp11.xnand_m.xpex.en__t1                     0
xp11.xnand_m.xpex.vdd__t2                 1.98
xp11.xnand_m.xpex.vdd__t0                 1.98
xp11.xnand_m.xpex.vdd__t3                 1.98
xp11.xnand_m.xpex.a__t1            1.68662e-08
xp11.xnand_m.xpex.y__t2                   1.98
xp11.xnand_m.xpex.vdd__t1                 1.98
xp11.xnand_m.xpex.n2               0.000283312
xp11.mb                                   1.98
xp11.xinv_mc.xpex.y__t0             2.4343e-08
xp11.xinv_mc.xpex.a__t0                   1.98
xp11.xinv_mc.xpex.vss__t0           1.2394e-09
xp11.xinv_mc.xpex.vss__t1          2.43246e-18
xp11.xinv_mc.xpex.y__t1            2.85387e-08
xp11.xinv_mc.xpex.a__t1                   1.98
xp11.xinv_mc.xpex.vdd__t0                 1.98
xp11.xinv_mc.xpex.vdd__t1                 1.98
xp11.mc                            2.70497e-08
xp11.xtg_fbm.xpex.a__t0            2.70497e-08
xp11.xtg_fbm.xpex.ctrlb__t0                  0
xp11.xtg_fbm.xpex.b__t0            1.68662e-08
xp11.xtg_fbm.xpex.vss__t0          6.42866e-18
xp11.xtg_fbm.xpex.a__t1            2.82673e-08
xp11.xtg_fbm.xpex.ctrl__t0                1.98
xp11.xtg_fbm.xpex.b__t1             1.7864e-08
xp11.xtg_fbm.xpex.vdd__t0                 1.98
xp11.xtg_s.xpex.a__t0                     1.98
xp11.xtg_s.xpex.ctrlb__t0                    0
xp11.xtg_s.xpex.b__t0                     1.98
xp11.xtg_s.xpex.vss__t0            5.79687e-10
xp11.xtg_s.xpex.a__t1                     1.98
xp11.xtg_s.xpex.ctrl__t0                  1.98
xp11.xtg_s.xpex.b__t1                     1.98
xp11.xtg_s.xpex.vdd__t0                   1.98
xp11.s                                    1.98
xp11.xinv_q.xpex.y__t0             1.33921e-08
xp11.xinv_q.xpex.a__t0                    1.98
xp11.xinv_q.xpex.vss__t0           6.81843e-10
xp11.xinv_q.xpex.vss__t1            1.3382e-18
xp11.xinv_q.xpex.y__t1             1.63702e-08
xp11.xinv_q.xpex.a__t1                    1.98
xp11.xinv_q.xpex.vdd__t0                  1.98
xp11.xinv_q.xpex.vdd__t1                  1.98
qp11                               1.48811e-08
xp11.xnand_s2.xpex.n2__t0          0.000283312
xp11.xnand_s2.xpex.en__t0                    0
xp11.xnand_s2.xpex.vss__t0         1.29893e-17
xp11.xnand_s2.xpex.vss__t1         1.46658e-14
xp11.xnand_s2.xpex.y__t0                  1.98
xp11.xnand_s2.xpex.a__t0           1.48811e-08
xp11.xnand_s2.xpex.n2__t1          0.000283312
xp11.xnand_s2.xpex.vss__t2          2.0502e-10
xp11.xnand_s2.xpex.y__t1                  1.98
xp11.xnand_s2.xpex.en__t1                    0
xp11.xnand_s2.xpex.vdd__t2                1.98
xp11.xnand_s2.xpex.vdd__t0                1.98
xp11.xnand_s2.xpex.vdd__t3                1.98
xp11.xnand_s2.xpex.a__t1           1.48811e-08
xp11.xnand_s2.xpex.y__t2                  1.98
xp11.xnand_s2.xpex.vdd__t1                1.98
xp11.xnand_s2.xpex.n2              0.000283312
xp11.qb                                   1.98
xp11.xtg_fbs.xpex.a__t0                   1.98
xp11.xtg_fbs.xpex.ctrlb__t0               1.98
xp11.xtg_fbs.xpex.b__t0                   1.98
xp11.xtg_fbs.xpex.vss__t0          5.79687e-10
xp11.xtg_fbs.xpex.a__t1                   1.98
xp11.xtg_fbs.xpex.ctrl__t0                   0
xp11.xtg_fbs.xpex.b__t1                   1.98
xp11.xtg_fbs.xpex.vdd__t0                 1.98
xp12.xinv_clk.xpex.y__t0                  1.98
xp12.xinv_clk.xpex.a__t0                     0
xp12.xinv_clk.xpex.vss__t0         5.78161e-15
xp12.xinv_clk.xpex.vss__t1         1.88264e-10
xp12.xinv_clk.xpex.y__t1                  1.98
xp12.xinv_clk.xpex.a__t1                     0
xp12.xinv_clk.xpex.vdd__t0                1.98
xp12.xinv_clk.xpex.vdd__t1                1.98
xp12.clkb                                 1.98
xp12.xtg_d.xpex.a__t0              1.62874e-09
xp12.xtg_d.xpex.ctrlb__t0                 1.98
xp12.xtg_d.xpex.b__t0              1.55316e-08
xp12.xtg_d.xpex.vss__t0            2.51202e-18
xp12.xtg_d.xpex.a__t1              4.11138e-10
xp12.xtg_d.xpex.ctrl__t0                     0
xp12.xtg_d.xpex.b__t1              1.72031e-08
xp12.xtg_d.xpex.vdd__t0                   1.98
xp12.m                             1.68662e-08
xp12.xnand_m.xpex.n2__t0           0.000283312
xp12.xnand_m.xpex.en__t0                     0
xp12.xnand_m.xpex.vss__t0          1.29893e-17
xp12.xnand_m.xpex.vss__t1          1.46658e-14
xp12.xnand_m.xpex.y__t0                   1.98
xp12.xnand_m.xpex.a__t0            1.68662e-08
xp12.xnand_m.xpex.n2__t1           0.000283312
xp12.xnand_m.xpex.vss__t2           2.0502e-10
xp12.xnand_m.xpex.y__t1                   1.98
xp12.xnand_m.xpex.en__t1                     0
xp12.xnand_m.xpex.vdd__t2                 1.98
xp12.xnand_m.xpex.vdd__t0                 1.98
xp12.xnand_m.xpex.vdd__t3                 1.98
xp12.xnand_m.xpex.a__t1            1.68662e-08
xp12.xnand_m.xpex.y__t2                   1.98
xp12.xnand_m.xpex.vdd__t1                 1.98
xp12.xnand_m.xpex.n2               0.000283312
xp12.mb                                   1.98
xp12.xinv_mc.xpex.y__t0             2.4343e-08
xp12.xinv_mc.xpex.a__t0                   1.98
xp12.xinv_mc.xpex.vss__t0           1.2394e-09
xp12.xinv_mc.xpex.vss__t1          2.43246e-18
xp12.xinv_mc.xpex.y__t1            2.85387e-08
xp12.xinv_mc.xpex.a__t1                   1.98
xp12.xinv_mc.xpex.vdd__t0                 1.98
xp12.xinv_mc.xpex.vdd__t1                 1.98
xp12.mc                            2.70497e-08
xp12.xtg_fbm.xpex.a__t0            2.70497e-08
xp12.xtg_fbm.xpex.ctrlb__t0                  0
xp12.xtg_fbm.xpex.b__t0            1.68662e-08
xp12.xtg_fbm.xpex.vss__t0          6.42866e-18
xp12.xtg_fbm.xpex.a__t1            2.82673e-08
xp12.xtg_fbm.xpex.ctrl__t0                1.98
xp12.xtg_fbm.xpex.b__t1             1.7864e-08
xp12.xtg_fbm.xpex.vdd__t0                 1.98
xp12.xtg_s.xpex.a__t0                     1.98
xp12.xtg_s.xpex.ctrlb__t0                    0
xp12.xtg_s.xpex.b__t0                     1.98
xp12.xtg_s.xpex.vss__t0            5.79687e-10
xp12.xtg_s.xpex.a__t1                     1.98
xp12.xtg_s.xpex.ctrl__t0                  1.98
xp12.xtg_s.xpex.b__t1                     1.98
xp12.xtg_s.xpex.vdd__t0                   1.98
xp12.s                                    1.98
xp12.xinv_q.xpex.y__t0             1.33921e-08
xp12.xinv_q.xpex.a__t0                    1.98
xp12.xinv_q.xpex.vss__t0           6.81843e-10
xp12.xinv_q.xpex.vss__t1            1.3382e-18
xp12.xinv_q.xpex.y__t1             1.63702e-08
xp12.xinv_q.xpex.a__t1                    1.98
xp12.xinv_q.xpex.vdd__t0                  1.98
xp12.xinv_q.xpex.vdd__t1                  1.98
qp12                               1.48811e-08
xp12.xnand_s2.xpex.n2__t0          0.000283312
xp12.xnand_s2.xpex.en__t0                    0
xp12.xnand_s2.xpex.vss__t0         1.29893e-17
xp12.xnand_s2.xpex.vss__t1         1.46658e-14
xp12.xnand_s2.xpex.y__t0                  1.98
xp12.xnand_s2.xpex.a__t0           1.48811e-08
xp12.xnand_s2.xpex.n2__t1          0.000283312
xp12.xnand_s2.xpex.vss__t2          2.0502e-10
xp12.xnand_s2.xpex.y__t1                  1.98
xp12.xnand_s2.xpex.en__t1                    0
xp12.xnand_s2.xpex.vdd__t2                1.98
xp12.xnand_s2.xpex.vdd__t0                1.98
xp12.xnand_s2.xpex.vdd__t3                1.98
xp12.xnand_s2.xpex.a__t1           1.48811e-08
xp12.xnand_s2.xpex.y__t2                  1.98
xp12.xnand_s2.xpex.vdd__t1                1.98
xp12.xnand_s2.xpex.n2              0.000283312
xp12.qb                                   1.98
xp12.xtg_fbs.xpex.a__t0                   1.98
xp12.xtg_fbs.xpex.ctrlb__t0               1.98
xp12.xtg_fbs.xpex.b__t0                   1.98
xp12.xtg_fbs.xpex.vss__t0          5.79687e-10
xp12.xtg_fbs.xpex.a__t1                   1.98
xp12.xtg_fbs.xpex.ctrl__t0                   0
xp12.xtg_fbs.xpex.b__t1                   1.98
xp12.xtg_fbs.xpex.vdd__t0                 1.98
vddq                                      1.98
xq1.clkb                                  1.98
xq1.m                              1.75762e-08
xq1.mb                                    1.98
xq1.mmid                           0.000283313
xq1.mc                             2.92081e-08
xq1.s                                     1.98
qq1                                1.60686e-08
xq1.qb                                    1.98
xq1.s2mid                          0.000283313
xq2.clkb                                  1.98
xq2.m                              1.75762e-08
xq2.mb                                    1.98
xq2.mmid                           0.000283313
xq2.mc                             2.92081e-08
xq2.s                                     1.98
qq2                                1.60686e-08
xq2.qb                                    1.98
xq2.s2mid                          0.000283313
xq3.clkb                                  1.98
xq3.m                              1.75762e-08
xq3.mb                                    1.98
xq3.mmid                           0.000283313
xq3.mc                             2.92081e-08
xq3.s                                     1.98
qq3                                1.60686e-08
xq3.qb                                    1.98
xq3.s2mid                          0.000283313
xq4.clkb                                  1.98
xq4.m                              1.75762e-08
xq4.mb                                    1.98
xq4.mmid                           0.000283313
xq4.mc                             2.92081e-08
xq4.s                                     1.98
qq4                                1.60686e-08
xq4.qb                                    1.98
xq4.s2mid                          0.000283313
xq5.clkb                                  1.98
xq5.m                              1.75762e-08
xq5.mb                                    1.98
xq5.mmid                           0.000283313
xq5.mc                             2.92081e-08
xq5.s                                     1.98
qq5                                1.60686e-08
xq5.qb                                    1.98
xq5.s2mid                          0.000283313
xq6.clkb                                  1.98
xq6.m                              1.75762e-08
xq6.mb                                    1.98
xq6.mmid                           0.000283313
xq6.mc                             2.92081e-08
xq6.s                                     1.98
qq6                                1.60686e-08
xq6.qb                                    1.98
xq6.s2mid                          0.000283313
xq7.clkb                                  1.98
xq7.m                              1.75762e-08
xq7.mb                                    1.98
xq7.mmid                           0.000283313
xq7.mc                             2.92081e-08
xq7.s                                     1.98
qq7                                1.60686e-08
xq7.qb                                    1.98
xq7.s2mid                          0.000283313
xq8.clkb                                  1.98
xq8.m                              1.75762e-08
xq8.mb                                    1.98
xq8.mmid                           0.000283313
xq8.mc                             2.92081e-08
xq8.s                                     1.98
qq8                                1.60686e-08
xq8.qb                                    1.98
xq8.s2mid                          0.000283313
xq9.clkb                                  1.98
xq9.m                              1.75762e-08
xq9.mb                                    1.98
xq9.mmid                           0.000283313
xq9.mc                             2.92081e-08
xq9.s                                     1.98
qq9                                1.60686e-08
xq9.qb                                    1.98
xq9.s2mid                          0.000283313
xq10.clkb                                 1.98
xq10.m                             1.75762e-08
xq10.mb                                   1.98
xq10.mmid                          0.000283313
xq10.mc                            2.92081e-08
xq10.s                                    1.98
qq10                               1.60686e-08
xq10.qb                                   1.98
xq10.s2mid                         0.000283313
xq11.clkb                                 1.98
xq11.m                             1.75762e-08
xq11.mb                                   1.98
xq11.mmid                          0.000283313
xq11.mc                            2.92081e-08
xq11.s                                    1.98
qq11                               1.60686e-08
xq11.qb                                   1.98
xq11.s2mid                         0.000283313
xq12.clkb                                 1.98
xq12.m                             1.75762e-08
xq12.mb                                   1.98
xq12.mmid                          0.000283313
xq12.mc                            2.92081e-08
xq12.s                                    1.98
qq12                               1.60686e-08
xq12.qb                                   1.98
xq12.s2mid                         0.000283313
vddl                                      1.98
xlp1.xpex.y__t0                           1.98
xlp1.xpex.a__t0                    1.48811e-08
xlp1.xpex.vss__t0                  5.78161e-15
xlp1.xpex.vss__t1                  1.88264e-10
xlp1.xpex.y__t1                           1.98
xlp1.xpex.a__t1                    1.48811e-08
xlp1.xpex.vdd__t0                         1.98
xlp1.xpex.vdd__t1                         1.98
qpb1                                      1.98
xlp2.xpex.y__t0                           1.98
xlp2.xpex.a__t0                    1.48811e-08
xlp2.xpex.vss__t0                  5.78161e-15
xlp2.xpex.vss__t1                  1.88264e-10
xlp2.xpex.y__t1                           1.98
xlp2.xpex.a__t1                    1.48811e-08
xlp2.xpex.vdd__t0                         1.98
xlp2.xpex.vdd__t1                         1.98
qpb2                                      1.98
xlp3.xpex.y__t0                           1.98
xlp3.xpex.a__t0                    1.48811e-08
xlp3.xpex.vss__t0                  5.78161e-15
xlp3.xpex.vss__t1                  1.88264e-10
xlp3.xpex.y__t1                           1.98
xlp3.xpex.a__t1                    1.48811e-08
xlp3.xpex.vdd__t0                         1.98
xlp3.xpex.vdd__t1                         1.98
qpb3                                      1.98
xlp4.xpex.y__t0                           1.98
xlp4.xpex.a__t0                    1.48811e-08
xlp4.xpex.vss__t0                  5.78161e-15
xlp4.xpex.vss__t1                  1.88264e-10
xlp4.xpex.y__t1                           1.98
xlp4.xpex.a__t1                    1.48811e-08
xlp4.xpex.vdd__t0                         1.98
xlp4.xpex.vdd__t1                         1.98
qpb4                                      1.98
xlp5.xpex.y__t0                           1.98
xlp5.xpex.a__t0                    1.48811e-08
xlp5.xpex.vss__t0                  5.78161e-15
xlp5.xpex.vss__t1                  1.88264e-10
xlp5.xpex.y__t1                           1.98
xlp5.xpex.a__t1                    1.48811e-08
xlp5.xpex.vdd__t0                         1.98
xlp5.xpex.vdd__t1                         1.98
qpb5                                      1.98
xlp6.xpex.y__t0                           1.98
xlp6.xpex.a__t0                    1.48811e-08
xlp6.xpex.vss__t0                  5.78161e-15
xlp6.xpex.vss__t1                  1.88264e-10
xlp6.xpex.y__t1                           1.98
xlp6.xpex.a__t1                    1.48811e-08
xlp6.xpex.vdd__t0                         1.98
xlp6.xpex.vdd__t1                         1.98
qpb6                                      1.98
xlp7.xpex.y__t0                           1.98
xlp7.xpex.a__t0                    1.48811e-08
xlp7.xpex.vss__t0                  5.78161e-15
xlp7.xpex.vss__t1                  1.88264e-10
xlp7.xpex.y__t1                           1.98
xlp7.xpex.a__t1                    1.48811e-08
xlp7.xpex.vdd__t0                         1.98
xlp7.xpex.vdd__t1                         1.98
qpb7                                      1.98
xlp8.xpex.y__t0                           1.98
xlp8.xpex.a__t0                    1.48811e-08
xlp8.xpex.vss__t0                  5.78161e-15
xlp8.xpex.vss__t1                  1.88264e-10
xlp8.xpex.y__t1                           1.98
xlp8.xpex.a__t1                    1.48811e-08
xlp8.xpex.vdd__t0                         1.98
xlp8.xpex.vdd__t1                         1.98
qpb8                                      1.98
xlp9.xpex.y__t0                           1.98
xlp9.xpex.a__t0                    1.48811e-08
xlp9.xpex.vss__t0                  5.78161e-15
xlp9.xpex.vss__t1                  1.88264e-10
xlp9.xpex.y__t1                           1.98
xlp9.xpex.a__t1                    1.48811e-08
xlp9.xpex.vdd__t0                         1.98
xlp9.xpex.vdd__t1                         1.98
qpb9                                      1.98
xlp10.xpex.y__t0                          1.98
xlp10.xpex.a__t0                   1.48811e-08
xlp10.xpex.vss__t0                 5.78161e-15
xlp10.xpex.vss__t1                 1.88264e-10
xlp10.xpex.y__t1                          1.98
xlp10.xpex.a__t1                   1.48811e-08
xlp10.xpex.vdd__t0                        1.98
xlp10.xpex.vdd__t1                        1.98
qpb10                                     1.98
xlp11.xpex.y__t0                          1.98
xlp11.xpex.a__t0                   1.48811e-08
xlp11.xpex.vss__t0                 5.78161e-15
xlp11.xpex.vss__t1                 1.88264e-10
xlp11.xpex.y__t1                          1.98
xlp11.xpex.a__t1                   1.48811e-08
xlp11.xpex.vdd__t0                        1.98
xlp11.xpex.vdd__t1                        1.98
qpb11                                     1.98
xlp12.xpex.y__t0                          1.98
xlp12.xpex.a__t0                   1.48811e-08
xlp12.xpex.vss__t0                 5.78161e-15
xlp12.xpex.vss__t1                 1.88264e-10
xlp12.xpex.y__t1                          1.98
xlp12.xpex.a__t1                   1.48811e-08
xlp12.xpex.vdd__t0                        1.98
xlp12.xpex.vdd__t1                        1.98
qpb12                                     1.98
qqb1                                      1.98
qqb2                                      1.98
qqb3                                      1.98
qqb4                                      1.98
qqb5                                      1.98
qqb6                                      1.98
qqb7                                      1.98
qqb8                                      1.98
qqb9                                      1.98
qqb10                                     1.98
qqb11                                     1.98
qqb12                                     1.98
vddl#branch                       -4.75204e-11
vddq#branch                       -5.26601e-10
vddp#branch                       -5.26695e-10
vd12#branch                        1.96477e-11
vd11#branch                        1.96477e-11
vd10#branch                        1.96477e-11
vd9#branch                         1.96477e-11
vd8#branch                         1.96477e-11
vd7#branch                         1.96477e-11
vd6#branch                         1.96477e-11
vd5#branch                         1.96477e-11
vd4#branch                         1.96477e-11
vd3#branch                         1.96477e-11
vd2#branch                         1.96477e-11
vd1#branch                         1.96477e-11
vrstn#branch                                 0
vclk#branch                                  0
vsub#branch                                  0

 Reference value :  0.00000e+00
 Reference value :  3.64000e-11
 Reference value :  1.16400e-10
 Reference value :  1.91400e-10
 Reference value :  2.61400e-10
 Reference value :  3.41400e-10
 Reference value :  4.11400e-10
 Reference value :  4.76400e-10
 Reference value :  5.51400e-10
 Reference value :  6.01400e-10
 Reference value :  6.76400e-10
 Reference value :  7.51400e-10
 Reference value :  8.26400e-10
 Reference value :  8.96400e-10
 Reference value :  9.76400e-10
 Reference value :  1.04140e-09
 Reference value :  1.10640e-09
 Reference value :  1.14640e-09
 Reference value :  1.22140e-09
 Reference value :  1.28140e-09
 Reference value :  1.35140e-09
 Reference value :  1.42140e-09
 Reference value :  1.49140e-09
 Reference value :  1.57140e-09
 Reference value :  1.64140e-09
 Reference value :  1.71640e-09
 Reference value :  1.78140e-09
 Reference value :  1.84140e-09
 Reference value :  1.87640e-09
 Reference value :  1.91140e-09
 Reference value :  1.99140e-09
 Reference value :  2.06140e-09
 Reference value :  2.10140e-09
 Reference value :  2.14140e-09
 Reference value :  2.19140e-09
 Reference value :  2.24640e-09
 Reference value :  2.29140e-09
 Reference value :  2.31640e-09
 Reference value :  2.36140e-09
 Reference value :  2.38640e-09
 Reference value :  2.46140e-09
 Reference value :  2.51640e-09
 Reference value :  2.54640e-09
 Reference value :  2.62140e-09
 Reference value :  2.70140e-09
 Reference value :  2.77640e-09
 Reference value :  2.82140e-09
 Reference value :  2.87140e-09
 Reference value :  2.91140e-09
 Reference value :  2.95640e-09
 Reference value :  3.03640e-09
 Reference value :  3.11640e-09
 Reference value :  3.19140e-09
 Reference value :  3.27140e-09
 Reference value :  3.32640e-09
 Reference value :  3.34140e-09
 Reference value :  3.39640e-09
 Reference value :  3.47140e-09
 Reference value :  3.54140e-09
 Reference value :  3.62140e-09
 Reference value :  3.69640e-09
 Reference value :  3.72640e-09
 Reference value :  3.76640e-09
 Reference value :  3.81640e-09
 Reference value :  3.87640e-09
 Reference value :  3.90640e-09
 Reference value :  3.96640e-09
 Reference value :  4.01640e-09
 Reference value :  4.05640e-09
 Reference value :  4.08140e-09
 Reference value :  4.14140e-09
 Reference value :  4.21140e-09
 Reference value :  4.28640e-09
 Reference value :  4.36640e-09
 Reference value :  4.42640e-09
 Reference value :  4.45140e-09
 Reference value :  4.49140e-09
 Reference value :  4.56140e-09
 Reference value :  4.62140e-09
 Reference value :  4.67140e-09
 Reference value :  4.75140e-09
 Reference value :  4.79140e-09
 Reference value :  4.87140e-09
 Reference value :  4.94140e-09
 Reference value :  5.01640e-09
 Reference value :  5.08640e-09
 Reference value :  5.15140e-09
 Reference value :  5.21140e-09
 Reference value :  5.28140e-09
 Reference value :  5.36140e-09
 Reference value :  5.43140e-09
 Reference value :  5.50640e-09
 Reference value :  5.57640e-09
 Reference value :  5.65640e-09
 Reference value :  5.73140e-09
 Reference value :  5.78640e-09
 Reference value :  5.82640e-09
 Reference value :  5.86640e-09
 Reference value :  5.94140e-09
 Reference value :  6.01140e-09
 Reference value :  6.09140e-09
 Reference value :  6.16640e-09
 Reference value :  6.24140e-09
 Reference value :  6.28640e-09
 Reference value :  6.36140e-09
 Reference value :  6.44140e-09
 Reference value :  6.48640e-09
 Reference value :  6.52140e-09
 Reference value :  6.58640e-09
 Reference value :  6.66640e-09
 Reference value :  6.73640e-09
 Reference value :  6.81640e-09
 Reference value :  6.89140e-09
 Reference value :  6.94140e-09
 Reference value :  7.00640e-09
 Reference value :  7.07140e-09
 Reference value :  7.15140e-09
 Reference value :  7.19640e-09
 Reference value :  7.27640e-09
 Reference value :  7.34640e-09
 Reference value :  7.42640e-09
 Reference value :  7.50640e-09
 Reference value :  7.54140e-09
 Reference value :  7.59140e-09
 Reference value :  7.63640e-09
 Reference value :  7.71140e-09
 Reference value :  7.78140e-09
 Reference value :  7.86140e-09
 Reference value :  7.93140e-09
 Reference value :  7.98140e-09
 Reference value :  8.05140e-09
 Reference value :  8.13140e-09
 Reference value :  8.16640e-09
 Reference value :  8.20640e-09
 Reference value :  8.26140e-09
 Reference value :  8.31640e-09
 Reference value :  8.34640e-09
 Reference value :  8.36140e-09
 Reference value :  8.40640e-09
 Reference value :  8.46640e-09
 Reference value :  8.54640e-09
 Reference value :  8.62140e-09
 Reference value :  8.67140e-09
 Reference value :  8.71640e-09
 Reference value :  8.78640e-09
 Reference value :  8.86640e-09
 Reference value :  8.93640e-09
 Reference value :  9.01140e-09
 Reference value :  9.05140e-09
 Reference value :  9.11140e-09
 Reference value :  9.18640e-09
 Reference value :  9.25640e-09
 Reference value :  9.33140e-09
 Reference value :  9.40140e-09
 Reference value :  9.46140e-09
 Reference value :  9.53140e-09
 Reference value :  9.60140e-09
 Reference value :  9.65640e-09
 Reference value :  9.73140e-09
 Reference value :  9.78640e-09
 Reference value :  9.84640e-09
 Reference value :  9.92640e-09
 Reference value :  9.99570e-09
 Reference value :  1.00175e-08
 Reference value :  1.00625e-08
 Reference value :  1.01015e-08
 Reference value :  1.01375e-08
 Reference value :  1.01875e-08
 Reference value :  1.02425e-08
 Reference value :  1.02725e-08
 Reference value :  1.02925e-08
 Reference value :  1.03125e-08
 Reference value :  1.03525e-08
 Reference value :  1.03775e-08
 Reference value :  1.03925e-08
 Reference value :  1.04525e-08
 Reference value :  1.04825e-08
 Reference value :  1.05475e-08
 Reference value :  1.06175e-08
 Reference value :  1.06675e-08
 Reference value :  1.07425e-08
 Reference value :  1.08125e-08
 Reference value :  1.08625e-08
 Reference value :  1.08975e-08
 Reference value :  1.09725e-08
 Reference value :  1.10375e-08
 Reference value :  1.10875e-08
 Reference value :  1.11475e-08
 Reference value :  1.11875e-08
 Reference value :  1.12125e-08
 Reference value :  1.12625e-08
 Reference value :  1.13075e-08
 Reference value :  1.13575e-08
 Reference value :  1.13925e-08
 Reference value :  1.14125e-08
 Reference value :  1.14475e-08
 Reference value :  1.15175e-08
 Reference value :  1.15875e-08
 Reference value :  1.16575e-08
 Reference value :  1.17175e-08
 Reference value :  1.17825e-08
 Reference value :  1.18125e-08
 Reference value :  1.18775e-08
 Reference value :  1.19475e-08
 Reference value :  1.20175e-08
 Reference value :  1.20825e-08
 Reference value :  1.21075e-08
 Reference value :  1.21525e-08
 Reference value :  1.22225e-08
 Reference value :  1.22975e-08
 Reference value :  1.23725e-08
 Reference value :  1.24525e-08
 Reference value :  1.25275e-08
 Reference value :  1.26025e-08
 Reference value :  1.26725e-08
 Reference value :  1.27275e-08
 Reference value :  1.28075e-08
 Reference value :  1.28775e-08
 Reference value :  1.29575e-08
 Reference value :  1.30325e-08
 Reference value :  1.31125e-08
 Reference value :  1.31775e-08
 Reference value :  1.32225e-08
 Reference value :  1.32925e-08
 Reference value :  1.33725e-08
 Reference value :  1.34475e-08
 Reference value :  1.35175e-08
 Reference value :  1.35875e-08
 Reference value :  1.36425e-08
 Reference value :  1.36975e-08
 Reference value :  1.37675e-08
 Reference value :  1.38475e-08
 Reference value :  1.39225e-08
 Reference value :  1.39975e-08
 Reference value :  1.40775e-08
 Reference value :  1.41475e-08
 Reference value :  1.41975e-08
 Reference value :  1.42575e-08
 Reference value :  1.43375e-08
 Reference value :  1.44075e-08
 Reference value :  1.44775e-08
 Reference value :  1.45525e-08
 Reference value :  1.46275e-08
 Reference value :  1.47075e-08
 Reference value :  1.47775e-08
 Reference value :  1.48425e-08
 Reference value :  1.49125e-08
 Reference value :  1.49875e-08
 Reference value :  1.50675e-08
 Reference value :  1.51175e-08
 Reference value :  1.51875e-08
 Reference value :  1.52575e-08
 Reference value :  1.53125e-08
 Reference value :  1.53725e-08
 Reference value :  1.54525e-08
 Reference value :  1.55125e-08
 Reference value :  1.55925e-08
 Reference value :  1.56725e-08
 Reference value :  1.57075e-08
 Reference value :  1.57425e-08
 Reference value :  1.57975e-08
 Reference value :  1.58775e-08
 Reference value :  1.59525e-08
 Reference value :  1.60075e-08
 Reference value :  1.60625e-08
 Reference value :  1.61325e-08
 Reference value :  1.62125e-08
 Reference value :  1.62825e-08
 Reference value :  1.63575e-08
 Reference value :  1.64225e-08
 Reference value :  1.64725e-08
 Reference value :  1.65375e-08
 Reference value :  1.66125e-08
 Reference value :  1.66925e-08
 Reference value :  1.67625e-08
 Reference value :  1.68425e-08
 Reference value :  1.68975e-08
 Reference value :  1.69625e-08
 Reference value :  1.70325e-08
 Reference value :  1.71125e-08
 Reference value :  1.71825e-08
 Reference value :  1.72575e-08
 Reference value :  1.73325e-08
 Reference value :  1.74075e-08
 Reference value :  1.74875e-08
 Reference value :  1.75525e-08
 Reference value :  1.76175e-08
 Reference value :  1.76775e-08
 Reference value :  1.77325e-08
 Reference value :  1.78075e-08
 Reference value :  1.78825e-08
 Reference value :  1.79625e-08
 Reference value :  1.80375e-08
 Reference value :  1.81175e-08
 Reference value :  1.81575e-08
 Reference value :  1.82375e-08
 Reference value :  1.83075e-08
 Reference value :  1.83875e-08
 Reference value :  1.84625e-08
 Reference value :  1.85375e-08
 Reference value :  1.86075e-08
 Reference value :  1.86675e-08
 Reference value :  1.87375e-08
 Reference value :  1.88075e-08
 Reference value :  1.88825e-08
 Reference value :  1.89525e-08
 Reference value :  1.89875e-08
 Reference value :  1.90275e-08
 Reference value :  1.91075e-08
 Reference value :  1.91875e-08
 Reference value :  1.92575e-08
 Reference value :  1.93375e-08
 Reference value :  1.93925e-08
 Reference value :  1.94275e-08
 Reference value :  1.94775e-08
 Reference value :  1.95575e-08
 Reference value :  1.96275e-08
 Reference value :  1.96975e-08
 Reference value :  1.97575e-08
 Reference value :  1.98075e-08
 Reference value :  1.98875e-08
 Reference value :  1.99575e-08
 Reference value :  2.00375e-08
 Reference value :  2.01075e-08
 Reference value :  2.01725e-08
 Reference value :  2.02225e-08
 Reference value :  2.02825e-08
 Reference value :  2.03125e-08
 Reference value :  2.03725e-08
 Reference value :  2.04525e-08
 Reference value :  2.05225e-08
 Reference value :  2.05975e-08
 Reference value :  2.06725e-08
 Reference value :  2.07175e-08
 Reference value :  2.07975e-08
 Reference value :  2.08625e-08
 Reference value :  2.09375e-08
 Reference value :  2.09975e-08
 Reference value :  2.10775e-08
 Reference value :  2.11425e-08
 Reference value :  2.12025e-08
 Reference value :  2.12525e-08
 Reference value :  2.13275e-08
 Reference value :  2.14075e-08
 Reference value :  2.14675e-08
 Reference value :  2.15175e-08
 Reference value :  2.15875e-08
 Reference value :  2.16375e-08
 Reference value :  2.16875e-08
 Reference value :  2.17625e-08
 Reference value :  2.18425e-08
 Reference value :  2.18725e-08
 Reference value :  2.19275e-08
 Reference value :  2.19625e-08
 Reference value :  2.19875e-08
 Reference value :  2.20475e-08
 Reference value :  2.21025e-08
 Reference value :  2.21525e-08
 Reference value :  2.21725e-08
 Reference value :  2.21925e-08
 Reference value :  2.22675e-08
 Reference value :  2.23475e-08
 Reference value :  2.24125e-08
 Reference value :  2.24875e-08
 Reference value :  2.25575e-08
 Reference value :  2.26175e-08
 Reference value :  2.26575e-08
 Reference value :  2.27375e-08
 Reference value :  2.27775e-08
 Reference value :  2.28425e-08
 Reference value :  2.28825e-08
 Reference value :  2.29475e-08
 Reference value :  2.30275e-08
 Reference value :  2.31025e-08
 Reference value :  2.31825e-08
 Reference value :  2.32575e-08
 Reference value :  2.33325e-08
 Reference value :  2.33975e-08
 Reference value :  2.34525e-08
 Reference value :  2.35225e-08
 Reference value :  2.35925e-08
 Reference value :  2.36675e-08
 Reference value :  2.36975e-08
 Reference value :  2.37175e-08
 Reference value :  2.37925e-08
 Reference value :  2.38575e-08
 Reference value :  2.39275e-08
 Reference value :  2.40025e-08
 Reference value :  2.40825e-08
 Reference value :  2.41525e-08
 Reference value :  2.42075e-08
 Reference value :  2.42525e-08
 Reference value :  2.43325e-08
 Reference value :  2.44125e-08
 Reference value :  2.44825e-08
 Reference value :  2.45375e-08
 Reference value :  2.45775e-08
 Reference value :  2.46575e-08
 Reference value :  2.47275e-08
 Reference value :  2.48075e-08
 Reference value :  2.48825e-08
 Reference value :  2.49425e-08
 Reference value :  2.49875e-08
 Reference value :  2.50375e-08
 Reference value :  2.50875e-08
 Reference value :  2.51325e-08
 Reference value :  2.51925e-08
 Reference value :  2.52475e-08
 Reference value :  2.53075e-08
 Reference value :  2.53675e-08
 Reference value :  2.54275e-08
 Reference value :  2.54825e-08
 Reference value :  2.55375e-08
 Reference value :  2.55975e-08
 Reference value :  2.56475e-08
 Reference value :  2.57225e-08
 Reference value :  2.58025e-08
 Reference value :  2.58725e-08
 Reference value :  2.59375e-08
 Reference value :  2.59875e-08
 Reference value :  2.60375e-08
 Reference value :  2.60925e-08
 Reference value :  2.61525e-08
 Reference value :  2.61975e-08
 Reference value :  2.62525e-08
 Reference value :  2.62775e-08
 Reference value :  2.63075e-08
 Reference value :  2.63275e-08
 Reference value :  2.63625e-08
 Reference value :  2.64125e-08
 Reference value :  2.64425e-08
 Reference value :  2.64625e-08
 Reference value :  2.64825e-08
 Reference value :  2.65075e-08
 Reference value :  2.65225e-08
 Reference value :  2.65425e-08
 Reference value :  2.65625e-08
 Reference value :  2.65775e-08
 Reference value :  2.65975e-08
 Reference value :  2.66325e-08
 Reference value :  2.66525e-08
 Reference value :  2.66725e-08
 Reference value :  2.67025e-08
 Reference value :  2.67325e-08
 Reference value :  2.67525e-08
 Reference value :  2.68225e-08
 Reference value :  2.69025e-08
 Reference value :  2.69275e-08
 Reference value :  2.70025e-08
 Reference value :  2.70575e-08
 Reference value :  2.71375e-08
 Reference value :  2.71775e-08
 Reference value :  2.72525e-08
 Reference value :  2.73225e-08
 Reference value :  2.73775e-08
 Reference value :  2.74175e-08
 Reference value :  2.74675e-08
 Reference value :  2.75325e-08
 Reference value :  2.75875e-08
 Reference value :  2.76575e-08
 Reference value :  2.77175e-08
 Reference value :  2.77825e-08
 Reference value :  2.78175e-08
 Reference value :  2.78825e-08
 Reference value :  2.79625e-08
 Reference value :  2.80325e-08
 Reference value :  2.81075e-08
 Reference value :  2.81625e-08
 Reference value :  2.82275e-08
 Reference value :  2.82625e-08
 Reference value :  2.82925e-08
 Reference value :  2.83625e-08
 Reference value :  2.84325e-08
 Reference value :  2.85075e-08
 Reference value :  2.85725e-08
 Reference value :  2.86425e-08
 Reference value :  2.86875e-08
 Reference value :  2.87625e-08
 Reference value :  2.88325e-08
 Reference value :  2.89075e-08
 Reference value :  2.89825e-08
 Reference value :  2.90525e-08
 Reference value :  2.91275e-08
 Reference value :  2.91975e-08
 Reference value :  2.92775e-08
 Reference value :  2.93475e-08
 Reference value :  2.94225e-08
 Reference value :  2.94975e-08
 Reference value :  2.95675e-08
 Reference value :  2.96275e-08
 Reference value :  2.96975e-08
 Reference value :  2.97775e-08
 Reference value :  2.98475e-08
 Reference value :  2.99225e-08
 Reference value :  2.99975e-08
 Reference value :  3.00675e-08
 Reference value :  3.01425e-08
 Reference value :  3.02125e-08
 Reference value :  3.02825e-08
 Reference value :  3.03575e-08
 Reference value :  3.04275e-08
 Reference value :  3.04625e-08
 Reference value :  3.05375e-08
 Reference value :  3.06175e-08
 Reference value :  3.06875e-08
 Reference value :  3.07675e-08
 Reference value :  3.08375e-08
 Reference value :  3.08725e-08
 Reference value :  3.09425e-08
 Reference value :  3.10175e-08
 Reference value :  3.10975e-08
 Reference value :  3.11675e-08
 Reference value :  3.12475e-08
 Reference value :  3.13175e-08
 Reference value :  3.13975e-08
 Reference value :  3.14675e-08
 Reference value :  3.15475e-08
 Reference value :  3.16175e-08
 Reference value :  3.16825e-08
 Reference value :  3.17525e-08
 Reference value :  3.18175e-08
 Reference value :  3.18975e-08
 Reference value :  3.19675e-08
 Reference value :  3.20425e-08
 Reference value :  3.21175e-08
 Reference value :  3.21975e-08
 Reference value :  3.22725e-08
 Reference value :  3.23425e-08
 Reference value :  3.24175e-08
 Reference value :  3.24925e-08
 Reference value :  3.25675e-08
 Reference value :  3.26375e-08
 Reference value :  3.27125e-08
 Reference value :  3.27925e-08
 Reference value :  3.28625e-08
 Reference value :  3.29425e-08
 Reference value :  3.30125e-08
 Reference value :  3.30925e-08
 Reference value :  3.31675e-08
 Reference value :  3.32125e-08
 Reference value :  3.32775e-08
 Reference value :  3.33375e-08
 Reference value :  3.34125e-08
 Reference value :  3.34825e-08
 Reference value :  3.35575e-08
 Reference value :  3.36275e-08
 Reference value :  3.37025e-08
 Reference value :  3.37775e-08
 Reference value :  3.38525e-08
 Reference value :  3.39325e-08
 Reference value :  3.40075e-08
 Reference value :  3.40875e-08
 Reference value :  3.41375e-08
 Reference value :  3.41775e-08
 Reference value :  3.42275e-08
 Reference value :  3.42775e-08
 Reference value :  3.43425e-08
 Reference value :  3.43925e-08
 Reference value :  3.44525e-08
 Reference value :  3.44875e-08
 Reference value :  3.45575e-08
 Reference value :  3.46125e-08
 Reference value :  3.46425e-08
 Reference value :  3.47025e-08
 Reference value :  3.47775e-08
 Reference value :  3.48375e-08
 Reference value :  3.48825e-08
 Reference value :  3.49525e-08
 Reference value :  3.50025e-08
 Reference value :  3.50725e-08
 Reference value :  3.51425e-08
 Reference value :  3.52175e-08
 Reference value :  3.52875e-08
 Reference value :  3.53675e-08
 Reference value :  3.54475e-08
 Reference value :  3.55225e-08
 Reference value :  3.56025e-08
 Reference value :  3.56725e-08
 Reference value :  3.57525e-08
 Reference value :  3.58225e-08
 Reference value :  3.59025e-08
 Reference value :  3.59775e-08
 Reference value :  3.60175e-08
 Reference value :  3.60925e-08
 Reference value :  3.61725e-08
 Reference value :  3.62425e-08
 Reference value :  3.63075e-08
 Reference value :  3.63875e-08
 Reference value :  3.64575e-08
 Reference value :  3.65275e-08
 Reference value :  3.66025e-08
 Reference value :  3.66825e-08
 Reference value :  3.67625e-08
 Reference value :  3.68225e-08
 Reference value :  3.68975e-08
 Reference value :  3.69725e-08
 Reference value :  3.70475e-08
 Reference value :  3.71225e-08
 Reference value :  3.72025e-08
 Reference value :  3.72725e-08
 Reference value :  3.73525e-08
 Reference value :  3.74325e-08
 Reference value :  3.75025e-08
 Reference value :  3.75825e-08
 Reference value :  3.76525e-08
 Reference value :  3.77325e-08
 Reference value :  3.77875e-08
 Reference value :  3.78525e-08
 Reference value :  3.79325e-08
 Reference value :  3.80125e-08
 Reference value :  3.80825e-08
 Reference value :  3.81575e-08
 Reference value :  3.82375e-08
 Reference value :  3.83125e-08
 Reference value :  3.83675e-08
 Reference value :  3.84375e-08
 Reference value :  3.85175e-08
 Reference value :  3.85875e-08
 Reference value :  3.86625e-08
 Reference value :  3.87425e-08
 Reference value :  3.88125e-08
 Reference value :  3.88925e-08
 Reference value :  3.89625e-08
 Reference value :  3.90425e-08
 Reference value :  3.91125e-08
 Reference value :  3.91925e-08
 Reference value :  3.92625e-08
 Reference value :  3.93375e-08
 Reference value :  3.94125e-08
 Reference value :  3.94875e-08
 Reference value :  3.95375e-08
 Reference value :  3.95775e-08
 Reference value :  3.96425e-08
 Reference value :  3.96975e-08
 Reference value :  3.97525e-08
 Reference value :  3.98125e-08
 Reference value :  3.98525e-08
 Reference value :  3.98725e-08
 Reference value :  3.99175e-08
 Reference value :  3.99725e-08
 Reference value :  4.00275e-08
 Reference value :  4.00725e-08
 Reference value :  4.00925e-08
 Reference value :  4.01125e-08
 Reference value :  4.01325e-08
 Reference value :  4.01525e-08
 Reference value :  4.01675e-08
 Reference value :  4.02125e-08
 Reference value :  4.02325e-08
 Reference value :  4.02525e-08
 Reference value :  4.02725e-08
 Reference value :  4.02925e-08
 Reference value :  4.03225e-08
 Reference value :  4.03425e-08
 Reference value :  4.03575e-08
 Reference value :  4.03775e-08
 Reference value :  4.03925e-08
 Reference value :  4.04075e-08
 Reference value :  4.04225e-08
 Reference value :  4.04425e-08
 Reference value :  4.04575e-08
 Reference value :  4.04775e-08
 Reference value :  4.04975e-08
 Reference value :  4.05125e-08
 Reference value :  4.05325e-08
 Reference value :  4.05525e-08
 Reference value :  4.05725e-08
 Reference value :  4.05925e-08
 Reference value :  4.06125e-08
 Reference value :  4.06325e-08
 Reference value :  4.06525e-08
 Reference value :  4.06725e-08
 Reference value :  4.07325e-08
 Reference value :  4.08025e-08
 Reference value :  4.08775e-08
 Reference value :  4.09525e-08
 Reference value :  4.10225e-08
 Reference value :  4.10975e-08
 Reference value :  4.11675e-08
 Reference value :  4.12425e-08
 Reference value :  4.13125e-08
 Reference value :  4.13875e-08
 Reference value :  4.14675e-08
 Reference value :  4.15375e-08
 Reference value :  4.16125e-08
 Reference value :  4.16625e-08
 Reference value :  4.17425e-08
 Reference value :  4.18125e-08
 Reference value :  4.18875e-08
 Reference value :  4.19625e-08
 Reference value :  4.20375e-08
 Reference value :  4.21125e-08
 Reference value :  4.21825e-08
 Reference value :  4.22175e-08
 Reference value :  4.22825e-08
 Reference value :  4.23575e-08
 Reference value :  4.24325e-08
 Reference value :  4.25125e-08
 Reference value :  4.25825e-08
 Reference value :  4.26125e-08
 Reference value :  4.26725e-08
 Reference value :  4.27475e-08
 Reference value :  4.28275e-08
 Reference value :  4.28975e-08
 Reference value :  4.29775e-08
 Reference value :  4.30525e-08
 Reference value :  4.31275e-08
 Reference value :  4.32025e-08
 Reference value :  4.32775e-08
 Reference value :  4.33575e-08
 Reference value :  4.34225e-08
 Reference value :  4.35025e-08
 Reference value :  4.35725e-08
 Reference value :  4.36125e-08
 Reference value :  4.36825e-08
 Reference value :  4.37625e-08
 Reference value :  4.38225e-08
 Reference value :  4.39025e-08
 Reference value :  4.39775e-08
 Reference value :  4.40475e-08
 Reference value :  4.41275e-08
 Reference value :  4.41975e-08
 Reference value :  4.42725e-08
 Reference value :  4.43425e-08
 Reference value :  4.43825e-08
 Reference value :  4.44575e-08
 Reference value :  4.45275e-08
 Reference value :  4.46075e-08
 Reference value :  4.46775e-08
 Reference value :  4.47225e-08
 Reference value :  4.47575e-08
 Reference value :  4.48075e-08
 Reference value :  4.48725e-08
 Reference value :  4.49275e-08
 Reference value :  4.49925e-08
 Reference value :  4.50425e-08
 Reference value :  4.50825e-08
 Reference value :  4.51075e-08
 Reference value :  4.51825e-08
 Reference value :  4.52425e-08
 Reference value :  4.52925e-08
 Reference value :  4.53275e-08
 Reference value :  4.53975e-08
 Reference value :  4.54325e-08
 Reference value :  4.55025e-08
 Reference value :  4.55675e-08
 Reference value :  4.56375e-08
 Reference value :  4.57175e-08
 Reference value :  4.57925e-08
 Reference value :  4.58725e-08
 Reference value :  4.59525e-08
 Reference value :  4.60225e-08
 Reference value :  4.60925e-08
 Reference value :  4.61625e-08
 Reference value :  4.62425e-08
 Reference value :  4.63125e-08
 Reference value :  4.63925e-08
 Reference value :  4.64625e-08
 Reference value :  4.65375e-08
 Reference value :  4.66175e-08
 Reference value :  4.66725e-08
 Reference value :  4.67525e-08
 Reference value :  4.68035e-08
 Reference value :  4.68625e-08
 Reference value :  4.69035e-08
 Reference value :  4.69575e-08
 Reference value :  4.69825e-08
 Reference value :  4.70375e-08
 Reference value :  4.70875e-08
 Reference value :  4.71375e-08
 Reference value :  4.71925e-08
 Reference value :  4.72425e-08
 Reference value :  4.72975e-08
 Reference value :  4.73525e-08
 Reference value :  4.74075e-08
 Reference value :  4.74625e-08
 Reference value :  4.75125e-08
 Reference value :  4.75625e-08
 Reference value :  4.76075e-08
 Reference value :  4.76625e-08
 Reference value :  4.77125e-08
 Reference value :  4.77675e-08
 Reference value :  4.78225e-08
 Reference value :  4.78725e-08
 Reference value :  4.79275e-08
 Reference value :  4.79775e-08
 Reference value :  4.80325e-08
 Reference value :  4.80825e-08
 Reference value :  4.81375e-08
 Reference value :  4.81925e-08
 Reference value :  4.82425e-08
 Reference value :  4.82925e-08
 Reference value :  4.83375e-08
 Reference value :  4.83925e-08
 Reference value :  4.84425e-08
 Reference value :  4.84725e-08
 Reference value :  4.85025e-08
 Reference value :  4.85425e-08
 Reference value :  4.85825e-08
 Reference value :  4.86275e-08
 Reference value :  4.86525e-08
 Reference value :  4.86775e-08
 Reference value :  4.87175e-08
 Reference value :  4.87575e-08
 Reference value :  4.87775e-08
 Reference value :  4.88175e-08
 Reference value :  4.88725e-08
 Reference value :  4.89125e-08
 Reference value :  4.89675e-08
 Reference value :  4.90225e-08
 Reference value :  4.90775e-08
 Reference value :  4.91275e-08
 Reference value :  4.91775e-08
 Reference value :  4.92035e-08
 Reference value :  4.92425e-08
 Reference value :  4.92963e-08
 Reference value :  4.93275e-08
 Reference value :  4.93825e-08
 Reference value :  4.94075e-08
 Reference value :  4.94625e-08
 Reference value :  4.95175e-08
 Reference value :  4.95725e-08
 Reference value :  4.96225e-08
 Reference value :  4.96775e-08
 Reference value :  4.97325e-08
 Reference value :  4.97775e-08
 Reference value :  4.98200e-08
 Reference value :  4.98468e-08
 Reference value :  4.98765e-08
 Reference value :  4.98950e-08
 Reference value :  4.99213e-08
 Reference value :  4.99405e-08
 Reference value :  4.99603e-08
 Reference value :  4.99955e-08
 Reference value :  5.00125e-08
 Reference value :  5.00400e-08
 Reference value :  5.00675e-08
 Reference value :  5.01075e-08
 Reference value :  5.01575e-08
 Reference value :  5.02125e-08
 Reference value :  5.02675e-08
 Reference value :  5.03175e-08
 Reference value :  5.03725e-08
 Reference value :  5.04175e-08
 Reference value :  5.04675e-08
 Reference value :  5.05175e-08
 Reference value :  5.05725e-08
 Reference value :  5.06175e-08
 Reference value :  5.06675e-08
 Reference value :  5.07175e-08
 Reference value :  5.07625e-08
 Reference value :  5.08125e-08
 Reference value :  5.08575e-08
 Reference value :  5.09025e-08
 Reference value :  5.09325e-08
 Reference value :  5.09575e-08
 Reference value :  5.09825e-08
 Reference value :  5.10175e-08
 Reference value :  5.10625e-08
 Reference value :  5.11025e-08
 Reference value :  5.11475e-08
 Reference value :  5.11975e-08
 Reference value :  5.12175e-08
 Reference value :  5.12575e-08
 Reference value :  5.13125e-08
 Reference value :  5.13625e-08
 Reference value :  5.14175e-08
 Reference value :  5.14675e-08
 Reference value :  5.15025e-08
 Reference value :  5.15375e-08
 Reference value :  5.15725e-08
 Reference value :  5.16125e-08
 Reference value :  5.16425e-08
 Reference value :  5.16875e-08
 Reference value :  5.17275e-08
 Reference value :  5.17625e-08
 Reference value :  5.17775e-08
 Reference value :  5.18325e-08
 Reference value :  5.18825e-08
 Reference value :  5.19325e-08
 Reference value :  5.19675e-08
 Reference value :  5.20225e-08
 Reference value :  5.20775e-08
 Reference value :  5.21025e-08
 Reference value :  5.21125e-08
 Reference value :  5.21275e-08
 Reference value :  5.21375e-08
 Reference value :  5.21825e-08
 Reference value :  5.22375e-08
 Reference value :  5.22875e-08
 Reference value :  5.23375e-08
 Reference value :  5.23875e-08
 Reference value :  5.24425e-08
 Reference value :  5.24975e-08
 Reference value :  5.25475e-08
 Reference value :  5.25725e-08
 Reference value :  5.26225e-08
 Reference value :  5.26775e-08
 Reference value :  5.27275e-08
 Reference value :  5.27825e-08
 Reference value :  5.28375e-08
 Reference value :  5.28925e-08
 Reference value :  5.29475e-08
 Reference value :  5.30025e-08
 Reference value :  5.30575e-08
 Reference value :  5.31125e-08
 Reference value :  5.31625e-08
 Reference value :  5.32125e-08
 Reference value :  5.32675e-08
 Reference value :  5.33225e-08
 Reference value :  5.33425e-08
 Reference value :  5.33725e-08
 Reference value :  5.34225e-08
 Reference value :  5.34775e-08
 Reference value :  5.35225e-08
 Reference value :  5.35775e-08
 Reference value :  5.36275e-08
 Reference value :  5.36825e-08
 Reference value :  5.37325e-08
 Reference value :  5.37825e-08
 Reference value :  5.38375e-08
 Reference value :  5.38875e-08
 Reference value :  5.39225e-08
 Reference value :  5.39525e-08
 Reference value :  5.39875e-08
 Reference value :  5.40025e-08
 Reference value :  5.40425e-08
 Reference value :  5.40775e-08
 Reference value :  5.41225e-08
 Reference value :  5.41475e-08
 Reference value :  5.41925e-08
 Reference value :  5.42475e-08
 Reference value :  5.42975e-08
 Reference value :  5.43525e-08
 Reference value :  5.44025e-08
 Reference value :  5.44575e-08
 Reference value :  5.45075e-08
 Reference value :  5.45475e-08
 Reference value :  5.45725e-08
 Reference value :  5.46275e-08
 Reference value :  5.46775e-08
 Reference value :  5.47325e-08
 Reference value :  5.47875e-08
 Reference value :  5.48125e-08
 Reference value :  5.48575e-08
 Reference value :  5.49075e-08
 Reference value :  5.49575e-08
 Reference value :  5.50075e-08
 Reference value :  5.50625e-08
 Reference value :  5.51125e-08
 Reference value :  5.51625e-08
 Reference value :  5.51925e-08
 Reference value :  5.52325e-08
 Reference value :  5.52625e-08
 Reference value :  5.52925e-08
 Reference value :  5.53325e-08
 Reference value :  5.53725e-08
 Reference value :  5.54025e-08
 Reference value :  5.54475e-08
 Reference value :  5.55025e-08
 Reference value :  5.55425e-08
 Reference value :  5.55975e-08
 Reference value :  5.56475e-08
 Reference value :  5.56975e-08
 Reference value :  5.57525e-08
 Reference value :  5.58025e-08
 Reference value :  5.58575e-08
 Reference value :  5.59075e-08
 Reference value :  5.59625e-08
No. of Data Rows : 11294
vp1                 =  1.98000e+00 from=  5.40000e-08 to=  5.60000e-08
vp2                 =  1.98000e+00 from=  5.40000e-08 to=  5.60000e-08
vp3                 =  1.98000e+00 from=  5.40000e-08 to=  5.60000e-08
vp4                 =  1.98000e+00 from=  5.40000e-08 to=  5.60000e-08
vp5                 =  1.98000e+00 from=  5.40000e-08 to=  5.60000e-08
vp6                 =  1.98000e+00 from=  5.40000e-08 to=  5.60000e-08
vp7                 =  1.98000e+00 from=  5.40000e-08 to=  5.60000e-08
vp8                 =  1.98000e+00 from=  5.40000e-08 to=  5.60000e-08
vp9                 =  1.98000e+00 from=  5.40000e-08 to=  5.60000e-08
vp10                =  1.48812e-08 from=  5.40000e-08 to=  5.60000e-08
vp11                =  1.48812e-08 from=  5.40000e-08 to=  5.60000e-08
vp12                =  1.48812e-08 from=  5.40000e-08 to=  5.60000e-08
vq1                 =  1.98000e+00 from=  5.40000e-08 to=  5.60000e-08
vq2                 =  1.98000e+00 from=  5.40000e-08 to=  5.60000e-08
vq3                 =  1.98000e+00 from=  5.40000e-08 to=  5.60000e-08
vq4                 =  1.98000e+00 from=  5.40000e-08 to=  5.60000e-08
vq5                 =  1.98000e+00 from=  5.40000e-08 to=  5.60000e-08
vq6                 =  1.98000e+00 from=  5.40000e-08 to=  5.60000e-08
vq7                 =  1.98000e+00 from=  5.40000e-08 to=  5.60000e-08
vq8                 =  1.98000e+00 from=  5.40000e-08 to=  5.60000e-08
vq9                 =  1.98000e+00 from=  5.40000e-08 to=  5.60000e-08
vq10                =  1.98000e+00 from=  5.40000e-08 to=  5.60000e-08
vq11                =  1.60687e-08 from=  5.40000e-08 to=  5.60000e-08
vq12                =  1.60686e-08 from=  5.40000e-08 to=  5.60000e-08
cap_pex_3200ps = 1.000000e+00
cap_pex_800ps = 1.000000e+00
cap_pex_260ps = 1.000000e+00
cap_pex_215ps = 1.000000e+00
cap_pex_180ps = 1.000000e+00
cap_pex_150ps = 1.000000e+00
cap_pex_125ps = 1.000000e+00
cap_pex_105ps = 1.000000e+00
cap_pex_88ps = 1.000000e+00
cap_pex_73ps = 7.515753e-09
cap_pex_60ps = 7.515758e-09
cap_pex_45ps = 7.515742e-09
cap_pre_3200ps = 1.000000e+00
cap_pre_800ps = 1.000000e+00
cap_pre_260ps = 1.000000e+00
cap_pre_215ps = 1.000000e+00
cap_pre_180ps = 1.000000e+00
cap_pre_150ps = 1.000000e+00
cap_pre_125ps = 1.000000e+00
cap_pre_105ps = 1.000000e+00
cap_pre_88ps = 1.000000e+00
cap_pre_73ps = 1.000000e+00
cap_pre_60ps = 8.115480e-09
cap_pre_45ps = 8.115444e-09
Note: Simulation executed from .control section 

----- stderr -----

