|* ro_ring5 transient-noise jitter accumulation -- issue #10 flagship config
|*
|* Purpose: issue #10 acceptance criterion 2. Measures period T0 (`tbar`)
|* and jitter accumulation sigma_1/sigma_2/sigma_4/sigma_8 (`sigma_N`) for
|* design/ro_ring5.spice's 5-stage starved ring (1 ro_nand2 enable/stop
|* stage + 4 ro_stage delay cells -- design/README.md's "the cheap
|* transient-noise vehicle for the jitter characterization", explicitly
|* named in design/xschem/ for exactly this purpose), across the sky130
|* PVT grid.
|*
|* This is the campaign's FULL 27-point-grid flagship configuration (the
|* full {tt,ss,ff} x {-40,27,125 degC} x {nominal +/-10% supply} grid, per
|* spec/porting-plan.md Sec 3.1/DR-0006-style reduced-grid convention).
|* design/ro_ring11.sch (the actual 11-stage array ring) is the more
|* expensive config and is only run at the 3 PVT headline points -- see
|* tb_ro_ring11_jitter.spice's own header for why, and this ring's own
|* wall-clock-cost re-measurement below.
|*
|* Method (adapted from gf180-trng's sim/tb/ro-inv-05stage-jitter/, cited by
|* spec/porting-plan.md Sec 3.2 as "device-physics testbenches (re-run on
|* sky130 devices, not ported as evidence)"): ngspice's own .tran analysis
|* does not include intrinsic BSIM4 device noise (this is a general ngspice
|* architecture fact, not a PDK-specific one -- confirmed against this
|* checkout's own ngspice build during this campaign's development: a
|* purely deterministic .tran of this same ring, no injected sources at
|* all, converges to a bit-exact repeating period with zero run-to-run
|* seed sensitivity). So every stage's input carries an explicit trnoise()
|* voltage source, in series, exactly mirroring gf180-trng's per-stage
|* injection topology (ro -> gA -> nand2 -> n1 -> gB -> stage1 -> n2 -> ...
|* -> n4 -> gE -> stage4 -> ro).
|*
|* trnoise() calibration: NA=2.0e-3 (V rms), NT=2e-10 (s) -> one-sided
|* injected PSD S_inj = 2*NA^2*NT = 1.6e-15 V^2/Hz (4.0e-08 V/sqrt(Hz)),
|* anchored to sim/ro-stage-noise-mechanism-check/records/
|* 20260825-022446-d58d709.md's own measured onoise_spectrum density near
|* 1 GHz (~4.0e-08 V/sqrt(Hz) at tt, the closest sampled frequency to this
|* ring's own oscillation band) -- the same "anchor the fixed injection
|* level to the device's own measured near-oscillation-band noise density"
|* method gf180-trng's characterization-ro-delay-cell-jitter.md documents
|* (see its "Device .noise cross-check" section), simplified here to a
|* single anchor point rather than a full new per-corner device-.noise
|* sweep (out of this issue's budget -- see this record's caveats).
|* NT=2e-10 gives an implied noise bandwidth (~1/(2*NT) = 2.5 GHz) safely
|* above every oscillation frequency measured in this campaign's own grid.
|* CAVEAT: this is a single fixed injection level, not re-measured per
|* corner -- treat every sigma_N figure below as good to a factor of
|* roughly 1.5-2x, per gf180-trng's own precedent for the same method
|* (its characterization-ro-delay-cell-jitter.md's "Safe to size against"
|* item 5).
|*
|* Wall-clock cost, re-measured for sky130 (spec/porting-plan.md Sec 2.2
|* explicitly asks for this re-measurement rather than assuming gf180-trng's
|* own ~130-150s/run figure ports). Measured on this campaign's development
|* machine (8-core x86-64, ngspice-46, sky130A c6d73a35):
|*
|*   - ~1.9 s of wall clock per simulated ns for this 5-stage ring at
|*     `.tran 5p`, i.e. ~215 s per corner point at this deck's 115 ns tstop.
|*   - That cost is set by the transient step count, NOT by trnoise(): the
|*     same ring, same tstop, same max step, with the trnoise() sources
|*     replaced by plain `dc 0` sources, measured within a few percent of
|*     the same wall clock. (An earlier draft of this header asserted a
|*     ~475x trnoise penalty at NT=1e-11; that figure did not survive
|*     re-measurement at NT=2e-10 and has been struck.)
|*   - ro_ring11 is ~2.2x the devices AND ~2.2x the period, so it costs
|*     ~5x per measured period. That is why THIS ring, not ro_ring11, is
|*     the full-27-point-grid flagship and ro_ring11 runs only the 3
|*     headline points -- exactly the DR-0006 cost/coverage trade-off,
|*     re-measured on sky130 rather than inherited.
|*
|* tstop = 115 ns is sized from a deterministic (noise-free) period probe
|* run over the grid's extremes before this deck was fixed: the slowest
|* corner measured is 4.82 ns/period (ss / -40 degC / 1.62 V; the low-supply
|* edge dominates -- ss/1.98 V runs 2.02 ns/period, a 2.4x supply swing,
|* while -40 -> +125 degC at fixed supply moves it under 2%). 21 rising
|* crossings therefore need <= 5 + 20 x 4.82 = 101 ns, and 115 ns carries
|* the margin. A single uniform tstop across all 27 points (rather than a
|* per-corner one) keeps every record's measurement window identical.
|*
|* 20 periods measured (21 rising crossings, rise=2..22; the first rising
|* edge is discarded as `.ic` startup transient, per gf180-trng's own
|* convention), NOT gf180-trng's 128 -- a budget-driven reduction, made
|* deliberately per spec/porting-plan.md Sec 2.2's prompt to re-measure
|* DR-0006's cost/coverage trade-off rather than copy it: 128 periods at
|* this ring's worst-corner 4.82 ns period would need a ~620 ns tstop, ~20
|* min per corner point, ~9 h for the 27-point grid alone. CAVEAT: with 20
|* period samples the sigma_1 estimator itself carries ~16% (1-sigma)
|* statistical error, hence ~32% on sigma_1^2 and therefore on Q -- that is
|* the resolution floor for any corner-to-corner Q comparison read off this
|* grid, and the reduction in sim/ro-array-sizing/ states it as such.
|* sigma_1/sigma_2/sigma_4/sigma_8 only (no sigma_16/sigma_32 --
|* gf180-trng's own accumulated-jitter figures at N>=16 were themselves
|* flagged as "not yet resolvable trends" even at their much larger
|* period/seed count). CAVEAT: single seed per PVT point (gf180-trng used
|* >=4) -- seed-to-seed spread is NOT characterized by this campaign; a
|* documented gap, not a silent omission. The seed is deliberately held
|* CONSTANT across every point of the grid (common random numbers), so
|* corner-to-corner Q differences are not additionally confounded by
|* seed-to-seed variation.
|*
|* This file is a TEMPLATE: sim/bin/corner-run.py substitutes /home/ubuntu/.volare/volare/sky130/versions/c6d73a35f524070e85faff4a6a9eef49553ebc2b/sky130A/libs.tech/combined/sky130.lib.spice,
|* tt (process axis), /home/ubuntu/GitHub/sky130-trng/.loom/worktrees/issue-10/design/ro_ring5.spice (unused by this file -- the ring
|* is built in place from ro_nand2/ro_stage, both defined by
|* design/ro_ring5.spice, which /home/ubuntu/GitHub/sky130-trng/.loom/worktrees/issue-10/design/ro_ring5.spice still names, so --ro-ring5's
|* default is exactly the file this deck needs .include'd), 27.0/1.8
|* (the other two PVT axes) and 1 (this run's `.option seed=`). As
|* committed here this is not a runnable deck.
|
|.option scale=1u
|.lib "/home/ubuntu/.volare/volare/sky130/versions/c6d73a35f524070e85faff4a6a9eef49553ebc2b/sky130A/libs.tech/combined/sky130.lib.spice" tt
|
|.include "/home/ubuntu/GitHub/sky130-trng/.loom/worktrees/issue-10/design/ro_ring5.spice"
|
|.temp 27.0
|.option seed=1
|
|Vddr vddr 0 dc 1.8
|Ven en 0 dc 1.8
|
|xg gA en n1 vddr 0 ro_nand2
|VnA gA ro dc 0 trnoise(2.0e-3 2e-10 0 0)
|x1 gB n2 vddr 0 ro_stage
|VnB gB n1 dc 0 trnoise(2.0e-3 2e-10 0 0)
|x2 gC n3 vddr 0 ro_stage
|VnC gC n2 dc 0 trnoise(2.0e-3 2e-10 0 0)
|x3 gD n4 vddr 0 ro_stage
|VnD gD n3 dc 0 trnoise(2.0e-3 2e-10 0 0)
|x4 gE ro vddr 0 ro_stage
|VnE gE n4 dc 0 trnoise(2.0e-3 2e-10 0 0)
|
|.ic v(ro)=0 v(n1)=1.8 v(n2)=0 v(n3)=1.8 v(n4)=0
|
|.tran 5p 115n uic
|
|.control
|run
|meas tran vmax_ss MAX v(ro) from=20n to=115n
|meas tran vmin_ss MIN v(ro) from=20n to=115n
|let swing_frac = (vmax_ss - vmin_ss) / 1.8
|let k = 2
|let tc = vector(21)
|while k <= 22
|  meas tran tk when v(ro)=0.5*1.8 rise=$&k
|  let tc[k-2] = tk
|  let k = k + 1
|end
|let tbar = (tc[20] - tc[0])/20
|let r1 = (tc[1,20] - tc[0,19]) - 1*tbar
|let r2 = (tc[2,20] - tc[0,18]) - 2*tbar
|let r4 = (tc[4,20] - tc[0,16]) - 4*tbar
|let r8 = (tc[8,20] - tc[0,12]) - 8*tbar
|let sigma_1 = sqrt(mean(r1*r1)/(1 - 1/20))
|let sigma_2 = sqrt(mean(r2*r2)/(1 - 2/20))
|let sigma_4 = sqrt(mean(r4*r4)/(1 - 4/20))
|let sigma_8 = sqrt(mean(r8*r8)/(1 - 8/20))
|print vmax_ss
|print vmin_ss
|print swing_frac
|print tbar
|print sigma_1
|print sigma_2
|print sigma_4
|print sigma_8
|.endc
|.end
|

----- stdout -----

Note: No compatibility mode selected!


Circuit: * ro_ring5 transient-noise jitter accumulation -- issue #10 flagship config

Doing analysis at TEMP = 27.000000 and TNOM = 27.000000

Using SPARSE 1.3 as Direct Linear Solver
Operating point simulation skipped by 'uic',
  now using transient initial conditions.
 Reference value :  5.00000e-14
 Reference value :  6.20615e-14
 Reference value :  1.34431e-13
 Reference value :  5.45885e-13
 Reference value :  1.80574e-12
 Reference value :  5.25757e-12
 Reference value :  8.86361e-12
 Reference value :  2.29848e-11
 Reference value :  3.79848e-11
 Reference value :  4.79848e-11
 Reference value :  6.29848e-11
 Reference value :  7.79848e-11
 Reference value :  9.29848e-11
 Reference value :  1.07985e-10
 Reference value :  1.22985e-10
 Reference value :  1.42985e-10
 Reference value :  1.67985e-10
 Reference value :  1.87985e-10
 Reference value :  2.00500e-10
 Reference value :  2.12500e-10
 Reference value :  2.32500e-10
 Reference value :  2.47500e-10
 Reference value :  2.67500e-10
 Reference value :  2.87500e-10
 Reference value :  3.07500e-10
 Reference value :  3.27500e-10
 Reference value :  3.47500e-10
 Reference value :  3.72500e-10
 Reference value :  3.96250e-10
 Reference value :  4.03500e-10
 Reference value :  4.27500e-10
 Reference value :  4.47500e-10
 Reference value :  4.67500e-10
 Reference value :  4.87500e-10
 Reference value :  5.07500e-10
 Reference value :  5.32500e-10
 Reference value :  5.57500e-10
 Reference value :  5.77500e-10
 Reference value :  5.96250e-10
 Reference value :  6.03500e-10
 Reference value :  6.22500e-10
 Reference value :  6.42500e-10
 Reference value :  6.57500e-10
 Reference value :  6.77500e-10
 Reference value :  6.97500e-10
 Reference value :  7.12500e-10
 Reference value :  7.32500e-10
 Reference value :  7.52500e-10
 Reference value :  7.72500e-10
 Reference value :  7.96250e-10
 Reference value :  8.01500e-10
 Reference value :  8.17500e-10
 Reference value :  8.32500e-10
 Reference value :  8.47500e-10
 Reference value :  8.67500e-10
 Reference value :  8.92500e-10
 Reference value :  9.12500e-10
 Reference value :  9.32500e-10
 Reference value :  9.52500e-10
 Reference value :  9.72500e-10
 Reference value :  9.92500e-10
 Reference value :  1.00350e-09
 Reference value :  1.02750e-09
 Reference value :  1.04250e-09
 Reference value :  1.06750e-09
 Reference value :  1.09250e-09
 Reference value :  1.11250e-09
 Reference value :  1.13250e-09
 Reference value :  1.15250e-09
 Reference value :  1.17250e-09
 Reference value :  1.19250e-09
 Reference value :  1.20050e-09
 Reference value :  1.21250e-09
 Reference value :  1.22750e-09
 Reference value :  1.24750e-09
 Reference value :  1.26250e-09
 Reference value :  1.28250e-09
 Reference value :  1.30250e-09
 Reference value :  1.32250e-09
 Reference value :  1.34250e-09
 Reference value :  1.36250e-09
 Reference value :  1.38250e-09
 Reference value :  1.39625e-09
 Reference value :  1.40150e-09
 Reference value :  1.41250e-09
 Reference value :  1.42750e-09
 Reference value :  1.44750e-09
 Reference value :  1.46750e-09
 Reference value :  1.48750e-09
 Reference value :  1.50750e-09
 Reference value :  1.52250e-09
 Reference value :  1.54250e-09
 Reference value :  1.56250e-09
 Reference value :  1.58250e-09
 Reference value :  1.60000e-09
 Reference value :  1.60350e-09
 Reference value :  1.62250e-09
 Reference value :  1.63750e-09
 Reference value :  1.65750e-09
 Reference value :  1.67750e-09
 Reference value :  1.69250e-09
 Reference value :  1.71750e-09
 Reference value :  1.73750e-09
 Reference value :  1.75250e-09
 Reference value :  1.77250e-09
 Reference value :  1.78750e-09
 Reference value :  1.80050e-09
 Reference value :  1.81250e-09
 Reference value :  1.83250e-09
 Reference value :  1.85750e-09
 Reference value :  1.87750e-09
 Reference value :  1.89750e-09
 Reference value :  1.91750e-09
 Reference value :  1.93750e-09
 Reference value :  1.94750e-09
 Reference value :  1.96250e-09
 Reference value :  1.98250e-09
 Reference value :  1.99625e-09
 Reference value :  2.00350e-09
 Reference value :  2.02750e-09
 Reference value :  2.04750e-09
 Reference value :  2.07250e-09
 Reference value :  2.09750e-09
 Reference value :  2.12250e-09
 Reference value :  2.14750e-09
 Reference value :  2.16750e-09
 Reference value :  2.18250e-09
 Reference value :  2.20000e-09
 Reference value :  2.20750e-09
 Reference value :  2.22750e-09
 Reference value :  2.24750e-09
 Reference value :  2.26750e-09
 Reference value :  2.28750e-09
 Reference value :  2.30750e-09
 Reference value :  2.32750e-09
 Reference value :  2.35250e-09
 Reference value :  2.37250e-09
 Reference value :  2.39250e-09
 Reference value :  2.40150e-09
 Reference value :  2.41750e-09
 Reference value :  2.43750e-09
 Reference value :  2.46250e-09
 Reference value :  2.48250e-09
 Reference value :  2.50250e-09
 Reference value :  2.52250e-09
 Reference value :  2.54250e-09
 Reference value :  2.56250e-09
 Reference value :  2.58250e-09
 Reference value :  2.60000e-09
 Reference value :  2.60750e-09
 Reference value :  2.62250e-09
 Reference value :  2.64250e-09
 Reference value :  2.65750e-09
 Reference value :  2.67250e-09
 Reference value :  2.68750e-09
 Reference value :  2.70250e-09
 Reference value :  2.72250e-09
 Reference value :  2.74250e-09
 Reference value :  2.76250e-09
 Reference value :  2.77750e-09
 Reference value :  2.79625e-09
 Reference value :  2.80350e-09
 Reference value :  2.82250e-09
 Reference value :  2.84250e-09
 Reference value :  2.86250e-09
 Reference value :  2.88250e-09
 Reference value :  2.89750e-09
 Reference value :  2.91750e-09
 Reference value :  2.93250e-09
 Reference value :  2.94750e-09
 Reference value :  2.96750e-09
 Reference value :  2.98250e-09
 Reference value :  3.00000e-09
 Reference value :  3.00750e-09
 Reference value :  3.02750e-09
 Reference value :  3.04750e-09
 Reference value :  3.06750e-09
 Reference value :  3.08750e-09
 Reference value :  3.10750e-09
 Reference value :  3.12750e-09
 Reference value :  3.14250e-09
 Reference value :  3.15750e-09
 Reference value :  3.17250e-09
 Reference value :  3.18750e-09
 Reference value :  3.20000e-09
 Reference value :  3.20350e-09
 Reference value :  3.21750e-09
 Reference value :  3.23750e-09
 Reference value :  3.25750e-09
 Reference value :  3.27250e-09
 Reference value :  3.29250e-09
 Reference value :  3.31250e-09
 Reference value :  3.33750e-09
 Reference value :  3.35750e-09
 Reference value :  3.37750e-09
 Reference value :  3.39625e-09
 Reference value :  3.40150e-09
 Reference value :  3.41250e-09
 Reference value :  3.42750e-09
 Reference value :  3.44750e-09
 Reference value :  3.46750e-09
 Reference value :  3.48250e-09
 Reference value :  3.49750e-09
 Reference value :  3.51750e-09
 Reference value :  3.53250e-09
 Reference value :  3.54750e-09
 Reference value :  3.56250e-09
 Reference value :  3.57750e-09
 Reference value :  3.59250e-09
 Reference value :  3.60150e-09
 Reference value :  3.61250e-09
 Reference value :  3.62750e-09
 Reference value :  3.64250e-09
 Reference value :  3.65750e-09
 Reference value :  3.67750e-09
 Reference value :  3.69250e-09
 Reference value :  3.71250e-09
 Reference value :  3.73250e-09
 Reference value :  3.74750e-09
 Reference value :  3.76250e-09
 Reference value :  3.77750e-09
 Reference value :  3.79250e-09
 Reference value :  3.80050e-09
 Reference value :  3.80750e-09
 Reference value :  3.82750e-09
 Reference value :  3.84250e-09
 Reference value :  3.86250e-09
 Reference value :  3.87750e-09
 Reference value :  3.89250e-09
 Reference value :  3.90750e-09
 Reference value :  3.92250e-09
 Reference value :  3.94250e-09
 Reference value :  3.95750e-09
 Reference value :  3.97250e-09
 Reference value :  3.99250e-09
 Reference value :  4.00150e-09
 Reference value :  4.01750e-09
 Reference value :  4.03250e-09
 Reference value :  4.04750e-09
 Reference value :  4.06750e-09
 Reference value :  4.08750e-09
 Reference value :  4.10750e-09
 Reference value :  4.12750e-09
 Reference value :  4.14750e-09
 Reference value :  4.16750e-09
 Reference value :  4.18750e-09
 Reference value :  4.20000e-09
 Reference value :  4.20750e-09
 Reference value :  4.22750e-09
 Reference value :  4.24750e-09
 Reference value :  4.26750e-09
 Reference value :  4.28750e-09
 Reference value :  4.30750e-09
 Reference value :  4.32250e-09
 Reference value :  4.33250e-09
 Reference value :  4.34750e-09
 Reference value :  4.36750e-09
 Reference value :  4.38750e-09
 Reference value :  4.40050e-09
 Reference value :  4.41250e-09
 Reference value :  4.43250e-09
 Reference value :  4.45250e-09
 Reference value :  4.47250e-09
 Reference value :  4.48750e-09
 Reference value :  4.50250e-09
 Reference value :  4.52250e-09
 Reference value :  4.53750e-09
 Reference value :  4.55250e-09
 Reference value :  4.56750e-09
 Reference value :  4.58250e-09
 Reference value :  4.60000e-09
 Reference value :  4.60750e-09
 Reference value :  4.62250e-09
 Reference value :  4.63750e-09
 Reference value :  4.65250e-09
 Reference value :  4.66750e-09
 Reference value :  4.68250e-09
 Reference value :  4.69750e-09
 Reference value :  4.71250e-09
 Reference value :  4.73250e-09
 Reference value :  4.74750e-09
 Reference value :  4.76750e-09
 Reference value :  4.78250e-09
 Reference value :  4.80000e-09
 Reference value :  4.80750e-09
 Reference value :  4.82750e-09
 Reference value :  4.84750e-09
 Reference value :  4.86250e-09
 Reference value :  4.88250e-09
 Reference value :  4.89750e-09
 Reference value :  4.91750e-09
 Reference value :  4.93750e-09
 Reference value :  4.95750e-09
 Reference value :  4.97750e-09
 Reference value :  4.99250e-09
 Reference value :  5.00150e-09
 Reference value :  5.01750e-09
 Reference value :  5.03750e-09
 Reference value :  5.05750e-09
 Reference value :  5.07750e-09
 Reference value :  5.09750e-09
 Reference value :  5.11750e-09
 Reference value :  5.13250e-09
 Reference value :  5.15250e-09
 Reference value :  5.17250e-09
 Reference value :  5.18750e-09
 Reference value :  5.20000e-09
 Reference value :  5.20350e-09
 Reference value :  5.21750e-09
 Reference value :  5.23250e-09
 Reference value :  5.24750e-09
 Reference value :  5.26250e-09
 Reference value :  5.28250e-09
 Reference value :  5.29750e-09
 Reference value :  5.31250e-09
 Reference value :  5.33250e-09
 Reference value :  5.34750e-09
 Reference value :  5.36750e-09
 Reference value :  5.38750e-09
 Reference value :  5.40050e-09
 Reference value :  5.41250e-09
 Reference value :  5.43250e-09
 Reference value :  5.45250e-09
 Reference value :  5.47250e-09
 Reference value :  5.49250e-09
 Reference value :  5.51250e-09
 Reference value :  5.52750e-09
 Reference value :  5.54250e-09
 Reference value :  5.55750e-09
 Reference value :  5.57750e-09
 Reference value :  5.59625e-09
 Reference value :  5.60150e-09
 Reference value :  5.61250e-09
 Reference value :  5.62750e-09
 Reference value :  5.64250e-09
 Reference value :  5.65750e-09
 Reference value :  5.67250e-09
 Reference value :  5.69250e-09
 Reference value :  5.71750e-09
 Reference value :  5.73250e-09
 Reference value :  5.75250e-09
 Reference value :  5.76750e-09
 Reference value :  5.78750e-09
 Reference value :  5.80000e-09
 Reference value :  5.80350e-09
 Reference value :  5.82250e-09
 Reference value :  5.83750e-09
 Reference value :  5.85750e-09
 Reference value :  5.87250e-09
 Reference value :  5.89250e-09
 Reference value :  5.90750e-09
 Reference value :  5.92250e-09
 Reference value :  5.94250e-09
 Reference value :  5.96250e-09
 Reference value :  5.98250e-09
 Reference value :  6.00000e-09
 Reference value :  6.00750e-09
 Reference value :  6.02750e-09
 Reference value :  6.04250e-09
 Reference value :  6.06250e-09
 Reference value :  6.07750e-09
 Reference value :  6.09250e-09
 Reference value :  6.11250e-09
 Reference value :  6.12750e-09
 Reference value :  6.14250e-09
 Reference value :  6.16250e-09
 Reference value :  6.17750e-09
 Reference value :  6.19250e-09
 Reference value :  6.20150e-09
 Reference value :  6.21750e-09
 Reference value :  6.23750e-09
 Reference value :  6.25250e-09
 Reference value :  6.27250e-09
 Reference value :  6.29250e-09
 Reference value :  6.30750e-09
 Reference value :  6.32250e-09
 Reference value :  6.33750e-09
 Reference value :  6.35250e-09
 Reference value :  6.37250e-09
 Reference value :  6.39250e-09
 Reference value :  6.40050e-09
 Reference value :  6.40750e-09
 Reference value :  6.42250e-09
 Reference value :  6.43750e-09
 Reference value :  6.45750e-09
 Reference value :  6.47750e-09
 Reference value :  6.49250e-09
 Reference value :  6.51250e-09
 Reference value :  6.52750e-09
 Reference value :  6.54250e-09
 Reference value :  6.56250e-09
 Reference value :  6.57750e-09
 Reference value :  6.59625e-09
 Reference value :  6.60150e-09
 Reference value :  6.61250e-09
 Reference value :  6.62750e-09
 Reference value :  6.64750e-09
 Reference value :  6.66250e-09
 Reference value :  6.68250e-09
 Reference value :  6.70250e-09
 Reference value :  6.72250e-09
 Reference value :  6.73750e-09
 Reference value :  6.75750e-09
 Reference value :  6.77250e-09
 Reference value :  6.79250e-09
 Reference value :  6.80050e-09
 Reference value :  6.80750e-09
 Reference value :  6.82250e-09
 Reference value :  6.84250e-09
 Reference value :  6.85750e-09
 Reference value :  6.87250e-09
 Reference value :  6.88750e-09
 Reference value :  6.90250e-09
 Reference value :  6.91250e-09
 Reference value :  6.92750e-09
 Reference value :  6.94750e-09
 Reference value :  6.96750e-09
 Reference value :  6.98250e-09
 Reference value :  7.00000e-09
 Reference value :  7.00350e-09
 Reference value :  7.02250e-09
 Reference value :  7.04250e-09
 Reference value :  7.05750e-09
 Reference value :  7.07250e-09
 Reference value :  7.08750e-09
 Reference value :  7.10250e-09
 Reference value :  7.12250e-09
 Reference value :  7.13750e-09
 Reference value :  7.15750e-09
 Reference value :  7.17250e-09
 Reference value :  7.18750e-09
 Reference value :  7.20000e-09
 Reference value :  7.20350e-09
 Reference value :  7.21750e-09
 Reference value :  7.23750e-09
 Reference value :  7.25250e-09
 Reference value :  7.26750e-09
 Reference value :  7.28250e-09
 Reference value :  7.29750e-09
 Reference value :  7.31750e-09
 Reference value :  7.33750e-09
 Reference value :  7.35250e-09
 Reference value :  7.36750e-09
 Reference value :  7.38250e-09
 Reference value :  7.39625e-09
 Reference value :  7.40150e-09
 Reference value :  7.41250e-09
 Reference value :  7.42750e-09
 Reference value :  7.44250e-09
 Reference value :  7.46250e-09
 Reference value :  7.48250e-09
 Reference value :  7.49750e-09
 Reference value :  7.51750e-09
 Reference value :  7.53750e-09
 Reference value :  7.55750e-09
 Reference value :  7.57250e-09
 Reference value :  7.59250e-09
 Reference value :  7.60050e-09
 Reference value :  7.60750e-09
 Reference value :  7.62250e-09
 Reference value :  7.63750e-09
 Reference value :  7.65250e-09
 Reference value :  7.67250e-09
 Reference value :  7.68750e-09
 Reference value :  7.70250e-09
 Reference value :  7.71750e-09
 Reference value :  7.73250e-09
 Reference value :  7.74750e-09
 Reference value :  7.76250e-09
 Reference value :  7.78250e-09
 Reference value :  7.79625e-09
 Reference value :  7.80350e-09
 Reference value :  7.82250e-09
 Reference value :  7.83750e-09
 Reference value :  7.85250e-09
 Reference value :  7.86750e-09
 Reference value :  7.88250e-09
 Reference value :  7.89750e-09
 Reference value :  7.91250e-09
 Reference value :  7.93250e-09
 Reference value :  7.94750e-09
 Reference value :  7.96750e-09
 Reference value :  7.99250e-09
 Reference value :  8.00350e-09
 Reference value :  8.02750e-09
 Reference value :  8.04750e-09
 Reference value :  8.06750e-09
 Reference value :  8.08750e-09
 Reference value :  8.10750e-09
 Reference value :  8.12250e-09
 Reference value :  8.14250e-09
 Reference value :  8.16250e-09
 Reference value :  8.18250e-09
 Reference value :  8.20000e-09
 Reference value :  8.20350e-09
 Reference value :  8.21750e-09
 Reference value :  8.23750e-09
 Reference value :  8.25750e-09
 Reference value :  8.27750e-09
 Reference value :  8.29750e-09
 Reference value :  8.31250e-09
 Reference value :  8.32750e-09
 Reference value :  8.34750e-09
 Reference value :  8.36250e-09
 Reference value :  8.38250e-09
 Reference value :  8.40000e-09
 Reference value :  8.40350e-09
 Reference value :  8.42250e-09
 Reference value :  8.43750e-09
 Reference value :  8.45250e-09
 Reference value :  8.46750e-09
 Reference value :  8.48750e-09
 Reference value :  8.50750e-09
 Reference value :  8.52750e-09
 Reference value :  8.54750e-09
 Reference value :  8.56250e-09
 Reference value :  8.57750e-09
 Reference value :  8.59625e-09
 Reference value :  8.60150e-09
 Reference value :  8.61250e-09
 Reference value :  8.62750e-09
 Reference value :  8.64250e-09
 Reference value :  8.65750e-09
 Reference value :  8.67750e-09
 Reference value :  8.69750e-09
 Reference value :  8.71250e-09
 Reference value :  8.72750e-09
 Reference value :  8.74750e-09
 Reference value :  8.76750e-09
 Reference value :  8.78250e-09
 Reference value :  8.80000e-09
 Reference value :  8.80350e-09
 Reference value :  8.81750e-09
 Reference value :  8.83250e-09
 Reference value :  8.84750e-09
 Reference value :  8.86750e-09
 Reference value :  8.88250e-09
 Reference value :  8.90250e-09
 Reference value :  8.91750e-09
 Reference value :  8.93750e-09
 Reference value :  8.95250e-09
 Reference value :  8.96750e-09
 Reference value :  8.98250e-09
 Reference value :  9.00000e-09
 Reference value :  9.00350e-09
 Reference value :  9.02250e-09
 Reference value :  9.04250e-09
 Reference value :  9.06250e-09
 Reference value :  9.08250e-09
 Reference value :  9.10250e-09
 Reference value :  9.12250e-09
 Reference value :  9.14250e-09
 Reference value :  9.16250e-09
 Reference value :  9.17750e-09
 Reference value :  9.19250e-09
 Reference value :  9.20050e-09
 Reference value :  9.20750e-09
 Reference value :  9.22750e-09
 Reference value :  9.24250e-09
 Reference value :  9.26250e-09
 Reference value :  9.27750e-09
 Reference value :  9.29750e-09
 Reference value :  9.31750e-09
 Reference value :  9.33250e-09
 Reference value :  9.34250e-09
 Reference value :  9.36250e-09
 Reference value :  9.37750e-09
 Reference value :  9.39250e-09
 Reference value :  9.40050e-09
 Reference value :  9.40750e-09
 Reference value :  9.42250e-09
 Reference value :  9.44250e-09
 Reference value :  9.46250e-09
 Reference value :  9.48250e-09
 Reference value :  9.50250e-09
 Reference value :  9.52250e-09
 Reference value :  9.53750e-09
 Reference value :  9.55750e-09
 Reference value :  9.57250e-09
 Reference value :  9.59250e-09
 Reference value :  9.60150e-09
 Reference value :  9.61250e-09
 Reference value :  9.62750e-09
 Reference value :  9.64250e-09
 Reference value :  9.66250e-09
 Reference value :  9.67750e-09
 Reference value :  9.69250e-09
 Reference value :  9.70750e-09
 Reference value :  9.72750e-09
 Reference value :  9.74750e-09
 Reference value :  9.76250e-09
 Reference value :  9.77750e-09
 Reference value :  9.79250e-09
 Reference value :  9.80050e-09
 Reference value :  9.81250e-09
 Reference value :  9.82750e-09
 Reference value :  9.84250e-09
 Reference value :  9.86250e-09
 Reference value :  9.88250e-09
 Reference value :  9.90250e-09
 Reference value :  9.92250e-09
 Reference value :  9.94250e-09
 Reference value :  9.95750e-09
 Reference value :  9.97750e-09
 Reference value :  9.99250e-09
 Reference value :  1.00015e-08
 Reference value :  1.00175e-08
 Reference value :  1.00325e-08
 Reference value :  1.00475e-08
 Reference value :  1.00625e-08
 Reference value :  1.00825e-08
 Reference value :  1.01025e-08
 Reference value :  1.01175e-08
 Reference value :  1.01375e-08
 Reference value :  1.01525e-08
 Reference value :  1.01675e-08
 Reference value :  1.01825e-08
 Reference value :  1.02000e-08
 Reference value :  1.02075e-08
 Reference value :  1.02275e-08
 Reference value :  1.02475e-08
 Reference value :  1.02675e-08
 Reference value :  1.02875e-08
 Reference value :  1.03075e-08
 Reference value :  1.03275e-08
 Reference value :  1.03475e-08
 Reference value :  1.03625e-08
 Reference value :  1.03775e-08
 Reference value :  1.03962e-08
 Reference value :  1.04015e-08
 Reference value :  1.04175e-08
 Reference value :  1.04325e-08
 Reference value :  1.04475e-08
 Reference value :  1.04625e-08
 Reference value :  1.04775e-08
 Reference value :  1.04975e-08
 Reference value :  1.05175e-08
 Reference value :  1.05375e-08
 Reference value :  1.05575e-08
 Reference value :  1.05725e-08
 Reference value :  1.05925e-08
 Reference value :  1.06005e-08
 Reference value :  1.06075e-08
 Reference value :  1.06275e-08
 Reference value :  1.06475e-08
 Reference value :  1.06675e-08
 Reference value :  1.06825e-08
 Reference value :  1.07025e-08
 Reference value :  1.07225e-08
 Reference value :  1.07375e-08
 Reference value :  1.07525e-08
 Reference value :  1.07675e-08
 Reference value :  1.07825e-08
 Reference value :  1.07962e-08
 Reference value :  1.08035e-08
 Reference value :  1.08225e-08
 Reference value :  1.08425e-08
 Reference value :  1.08575e-08
 Reference value :  1.08725e-08
 Reference value :  1.08925e-08
 Reference value :  1.09125e-08
 Reference value :  1.09275e-08
 Reference value :  1.09425e-08
 Reference value :  1.09625e-08
 Reference value :  1.09775e-08
 Reference value :  1.09962e-08
 Reference value :  1.10015e-08
 Reference value :  1.10125e-08
 Reference value :  1.10275e-08
 Reference value :  1.10475e-08
 Reference value :  1.10675e-08
 Reference value :  1.10825e-08
 Reference value :  1.11025e-08
 Reference value :  1.11225e-08
 Reference value :  1.11375e-08
 Reference value :  1.11525e-08
 Reference value :  1.11675e-08
 Reference value :  1.11825e-08
 Reference value :  1.11962e-08
 Reference value :  1.12015e-08
 Reference value :  1.12125e-08
 Reference value :  1.12275e-08
 Reference value :  1.12475e-08
 Reference value :  1.12675e-08
 Reference value :  1.12825e-08
 Reference value :  1.13025e-08
 Reference value :  1.13225e-08
 Reference value :  1.13425e-08
 Reference value :  1.13575e-08
 Reference value :  1.13725e-08
 Reference value :  1.13825e-08
 Reference value :  1.14000e-08
 Reference value :  1.14075e-08
 Reference value :  1.14225e-08
 Reference value :  1.14425e-08
 Reference value :  1.14575e-08
 Reference value :  1.14725e-08
 Reference value :  1.14925e-08
 Reference value :  1.15075e-08
 Reference value :  1.15275e-08
 Reference value :  1.15475e-08
 Reference value :  1.15675e-08
 Reference value :  1.15875e-08
 Reference value :  1.16000e-08
 Reference value :  1.16035e-08
 Reference value :  1.16225e-08
 Reference value :  1.16425e-08
 Reference value :  1.16575e-08
 Reference value :  1.16775e-08
 Reference value :  1.16975e-08
 Reference value :  1.17175e-08
 Reference value :  1.17325e-08
 Reference value :  1.17475e-08
 Reference value :  1.17625e-08
 Reference value :  1.17825e-08
 Reference value :  1.17962e-08
 Reference value :  1.18035e-08
 Reference value :  1.18175e-08
 Reference value :  1.18375e-08
 Reference value :  1.18575e-08
 Reference value :  1.18775e-08
 Reference value :  1.18925e-08
 Reference value :  1.19125e-08
 Reference value :  1.19325e-08
 Reference value :  1.19475e-08
 Reference value :  1.19625e-08
 Reference value :  1.19825e-08
 Reference value :  1.20000e-08
 Reference value :  1.20075e-08
 Reference value :  1.20275e-08
 Reference value :  1.20475e-08
 Reference value :  1.20625e-08
 Reference value :  1.20775e-08
 Reference value :  1.20925e-08
 Reference value :  1.21075e-08
 Reference value :  1.21225e-08
 Reference value :  1.21425e-08
 Reference value :  1.21625e-08
 Reference value :  1.21825e-08
 Reference value :  1.21962e-08
 Reference value :  1.22015e-08
 Reference value :  1.22175e-08
 Reference value :  1.22325e-08
 Reference value :  1.22475e-08
 Reference value :  1.22625e-08
 Reference value :  1.22825e-08
 Reference value :  1.22975e-08
 Reference value :  1.23125e-08
 Reference value :  1.23275e-08
 Reference value :  1.23425e-08
 Reference value :  1.23575e-08
 Reference value :  1.23775e-08
 Reference value :  1.23925e-08
 Reference value :  1.24005e-08
 Reference value :  1.24075e-08
 Reference value :  1.24275e-08
 Reference value :  1.24425e-08
 Reference value :  1.24625e-08
 Reference value :  1.24825e-08
 Reference value :  1.24975e-08
 Reference value :  1.25125e-08
 Reference value :  1.25325e-08
 Reference value :  1.25475e-08
 Reference value :  1.25625e-08
 Reference value :  1.25825e-08
 Reference value :  1.25962e-08
 Reference value :  1.26015e-08
 Reference value :  1.26125e-08
 Reference value :  1.26275e-08
 Reference value :  1.26425e-08
 Reference value :  1.26575e-08
 Reference value :  1.26725e-08
 Reference value :  1.26875e-08
 Reference value :  1.27025e-08
 Reference value :  1.27175e-08
 Reference value :  1.27325e-08
 Reference value :  1.27475e-08
 Reference value :  1.27625e-08
 Reference value :  1.27775e-08
 Reference value :  1.27925e-08
 Reference value :  1.28005e-08
 Reference value :  1.28125e-08
 Reference value :  1.28275e-08
 Reference value :  1.28475e-08
 Reference value :  1.28675e-08
 Reference value :  1.28875e-08
 Reference value :  1.29025e-08
 Reference value :  1.29225e-08
 Reference value :  1.29375e-08
 Reference value :  1.29525e-08
 Reference value :  1.29725e-08
 Reference value :  1.29875e-08
 Reference value :  1.30000e-08
 Reference value :  1.30075e-08
 Reference value :  1.30275e-08
 Reference value :  1.30425e-08
 Reference value :  1.30575e-08
 Reference value :  1.30775e-08
 Reference value :  1.30925e-08
 Reference value :  1.31075e-08
 Reference value :  1.31225e-08
 Reference value :  1.31425e-08
 Reference value :  1.31625e-08
 Reference value :  1.31825e-08
 Reference value :  1.32000e-08
 Reference value :  1.32075e-08
 Reference value :  1.32275e-08
 Reference value :  1.32475e-08
 Reference value :  1.32625e-08
 Reference value :  1.32775e-08
 Reference value :  1.32925e-08
 Reference value :  1.33075e-08
 Reference value :  1.33225e-08
 Reference value :  1.33375e-08
 Reference value :  1.33575e-08
 Reference value :  1.33725e-08
 Reference value :  1.33875e-08
 Reference value :  1.34000e-08
 Reference value :  1.34075e-08
 Reference value :  1.34225e-08
 Reference value :  1.34375e-08
 Reference value :  1.34575e-08
 Reference value :  1.34775e-08
 Reference value :  1.34975e-08
 Reference value :  1.35125e-08
 Reference value :  1.35325e-08
 Reference value :  1.35525e-08
 Reference value :  1.35675e-08
 Reference value :  1.35875e-08
 Reference value :  1.36005e-08
 Reference value :  1.36125e-08
 Reference value :  1.36325e-08
 Reference value :  1.36525e-08
 Reference value :  1.36675e-08
 Reference value :  1.36875e-08
 Reference value :  1.37025e-08
 Reference value :  1.37175e-08
 Reference value :  1.37325e-08
 Reference value :  1.37525e-08
 Reference value :  1.37725e-08
 Reference value :  1.37925e-08
 Reference value :  1.38005e-08
 Reference value :  1.38075e-08
 Reference value :  1.38225e-08
 Reference value :  1.38425e-08
 Reference value :  1.38675e-08
 Reference value :  1.38875e-08
 Reference value :  1.39125e-08
 Reference value :  1.39325e-08
 Reference value :  1.39475e-08
 Reference value :  1.39625e-08
 Reference value :  1.39775e-08
 Reference value :  1.39925e-08
 Reference value :  1.40005e-08
 Reference value :  1.40075e-08
 Reference value :  1.40225e-08
 Reference value :  1.40375e-08
 Reference value :  1.40525e-08
 Reference value :  1.40675e-08
 Reference value :  1.40875e-08
 Reference value :  1.41025e-08
 Reference value :  1.41225e-08
 Reference value :  1.41425e-08
 Reference value :  1.41625e-08
 Reference value :  1.41825e-08
 Reference value :  1.41962e-08
 Reference value :  1.42035e-08
 Reference value :  1.42175e-08
 Reference value :  1.42375e-08
 Reference value :  1.42525e-08
 Reference value :  1.42725e-08
 Reference value :  1.42925e-08
 Reference value :  1.43125e-08
 Reference value :  1.43275e-08
 Reference value :  1.43425e-08
 Reference value :  1.43625e-08
 Reference value :  1.43875e-08
 Reference value :  1.44005e-08
 Reference value :  1.44125e-08
 Reference value :  1.44325e-08
 Reference value :  1.44525e-08
 Reference value :  1.44725e-08
 Reference value :  1.44975e-08
 Reference value :  1.45125e-08
 Reference value :  1.45275e-08
 Reference value :  1.45425e-08
 Reference value :  1.45575e-08
 Reference value :  1.45725e-08
 Reference value :  1.45925e-08
 Reference value :  1.46005e-08
 Reference value :  1.46075e-08
 Reference value :  1.46275e-08
 Reference value :  1.46425e-08
 Reference value :  1.46625e-08
 Reference value :  1.46825e-08
 Reference value :  1.46975e-08
 Reference value :  1.47125e-08
 Reference value :  1.47275e-08
 Reference value :  1.47425e-08
 Reference value :  1.47575e-08
 Reference value :  1.47725e-08
 Reference value :  1.47875e-08
 Reference value :  1.48000e-08
 Reference value :  1.48075e-08
 Reference value :  1.48275e-08
 Reference value :  1.48425e-08
 Reference value :  1.48625e-08
 Reference value :  1.48775e-08
 Reference value :  1.48925e-08
 Reference value :  1.49075e-08
 Reference value :  1.49225e-08
 Reference value :  1.49425e-08
 Reference value :  1.49575e-08
 Reference value :  1.49725e-08
 Reference value :  1.49925e-08
 Reference value :  1.50005e-08
 Reference value :  1.50125e-08
 Reference value :  1.50275e-08
 Reference value :  1.50425e-08
 Reference value :  1.50575e-08
 Reference value :  1.50775e-08
 Reference value :  1.50975e-08
 Reference value :  1.51125e-08
 Reference value :  1.51275e-08
 Reference value :  1.51475e-08
 Reference value :  1.51625e-08
 Reference value :  1.51775e-08
 Reference value :  1.51925e-08
 Reference value :  1.52005e-08
 Reference value :  1.52075e-08
 Reference value :  1.52275e-08
 Reference value :  1.52475e-08
 Reference value :  1.52625e-08
 Reference value :  1.52825e-08
 Reference value :  1.52975e-08
 Reference value :  1.53125e-08
 Reference value :  1.53275e-08
 Reference value :  1.53475e-08
 Reference value :  1.53625e-08
 Reference value :  1.53825e-08
 Reference value :  1.54000e-08
 Reference value :  1.54125e-08
 Reference value :  1.54325e-08
 Reference value :  1.54525e-08
 Reference value :  1.54775e-08
 Reference value :  1.54975e-08
 Reference value :  1.55175e-08
 Reference value :  1.55375e-08
 Reference value :  1.55525e-08
 Reference value :  1.55675e-08
 Reference value :  1.55825e-08
 Reference value :  1.55962e-08
 Reference value :  1.56035e-08
 Reference value :  1.56175e-08
 Reference value :  1.56375e-08
 Reference value :  1.56575e-08
 Reference value :  1.56775e-08
 Reference value :  1.56925e-08
 Reference value :  1.57075e-08
 Reference value :  1.57275e-08
 Reference value :  1.57425e-08
 Reference value :  1.57625e-08
 Reference value :  1.57775e-08
 Reference value :  1.57875e-08
 Reference value :  1.58000e-08
 Reference value :  1.58075e-08
 Reference value :  1.58275e-08
 Reference value :  1.58475e-08
 Reference value :  1.58625e-08
 Reference value :  1.58825e-08
 Reference value :  1.59025e-08
 Reference value :  1.59225e-08
 Reference value :  1.59425e-08
 Reference value :  1.59625e-08
 Reference value :  1.59825e-08
 Reference value :  1.60000e-08
 Reference value :  1.60075e-08
 Reference value :  1.60275e-08
 Reference value :  1.60475e-08
 Reference value :  1.60675e-08
 Reference value :  1.60875e-08
 Reference value :  1.61075e-08
 Reference value :  1.61275e-08
 Reference value :  1.61475e-08
 Reference value :  1.61625e-08
 Reference value :  1.61825e-08
 Reference value :  1.61962e-08
 Reference value :  1.62035e-08
 Reference value :  1.62225e-08
 Reference value :  1.62375e-08
 Reference value :  1.62525e-08
 Reference value :  1.62725e-08
 Reference value :  1.62875e-08
 Reference value :  1.63075e-08
 Reference value :  1.63225e-08
 Reference value :  1.63425e-08
 Reference value :  1.63575e-08
 Reference value :  1.63725e-08
 Reference value :  1.63875e-08
 Reference value :  1.64000e-08
 Reference value :  1.64035e-08
 Reference value :  1.64175e-08
 Reference value :  1.64375e-08
 Reference value :  1.64575e-08
 Reference value :  1.64725e-08
 Reference value :  1.64875e-08
 Reference value :  1.65025e-08
 Reference value :  1.65225e-08
 Reference value :  1.65375e-08
 Reference value :  1.65525e-08
 Reference value :  1.65725e-08
 Reference value :  1.65925e-08
 Reference value :  1.66015e-08
 Reference value :  1.66125e-08
 Reference value :  1.66275e-08
 Reference value :  1.66475e-08
 Reference value :  1.66625e-08
 Reference value :  1.66825e-08
 Reference value :  1.66975e-08
 Reference value :  1.67175e-08
 Reference value :  1.67375e-08
 Reference value :  1.67525e-08
 Reference value :  1.67675e-08
 Reference value :  1.67875e-08
 Reference value :  1.68000e-08
 Reference value :  1.68075e-08
 Reference value :  1.68225e-08
 Reference value :  1.68425e-08
 Reference value :  1.68575e-08
 Reference value :  1.68725e-08
 Reference value :  1.68925e-08
 Reference value :  1.69125e-08
 Reference value :  1.69325e-08
 Reference value :  1.69525e-08
 Reference value :  1.69725e-08
 Reference value :  1.69925e-08
 Reference value :  1.70015e-08
 Reference value :  1.70175e-08
 Reference value :  1.70325e-08
 Reference value :  1.70475e-08
 Reference value :  1.70625e-08
 Reference value :  1.70775e-08
 Reference value :  1.70925e-08
 Reference value :  1.71125e-08
 Reference value :  1.71275e-08
 Reference value :  1.71425e-08
 Reference value :  1.71625e-08
 Reference value :  1.71775e-08
 Reference value :  1.71925e-08
 Reference value :  1.72015e-08
 Reference value :  1.72125e-08
 Reference value :  1.72275e-08
 Reference value :  1.72425e-08
 Reference value :  1.72575e-08
 Reference value :  1.72725e-08
 Reference value :  1.72875e-08
 Reference value :  1.73025e-08
 Reference value :  1.73175e-08
 Reference value :  1.73375e-08
 Reference value :  1.73525e-08
 Reference value :  1.73725e-08
 Reference value :  1.73925e-08
 Reference value :  1.74015e-08
 Reference value :  1.74175e-08
 Reference value :  1.74325e-08
 Reference value :  1.74525e-08
 Reference value :  1.74675e-08
 Reference value :  1.74825e-08
 Reference value :  1.75025e-08
 Reference value :  1.75175e-08
 Reference value :  1.75325e-08
 Reference value :  1.75525e-08
 Reference value :  1.75675e-08
 Reference value :  1.75825e-08
 Reference value :  1.75962e-08
 Reference value :  1.76015e-08
 Reference value :  1.76125e-08
 Reference value :  1.76275e-08
 Reference value :  1.76425e-08
 Reference value :  1.76575e-08
 Reference value :  1.76725e-08
 Reference value :  1.76875e-08
 Reference value :  1.77025e-08
 Reference value :  1.77175e-08
 Reference value :  1.77325e-08
 Reference value :  1.77475e-08
 Reference value :  1.77625e-08
 Reference value :  1.77775e-08
 Reference value :  1.77925e-08
 Reference value :  1.78005e-08
 Reference value :  1.78125e-08
 Reference value :  1.78325e-08
 Reference value :  1.78525e-08
 Reference value :  1.78725e-08
 Reference value :  1.78875e-08
 Reference value :  1.79025e-08
 Reference value :  1.79225e-08
 Reference value :  1.79425e-08
 Reference value :  1.79625e-08
 Reference value :  1.79825e-08
 Reference value :  1.80000e-08
 Reference value :  1.80075e-08
 Reference value :  1.80275e-08
 Reference value :  1.80475e-08
 Reference value :  1.80625e-08
 Reference value :  1.80775e-08
 Reference value :  1.80925e-08
 Reference value :  1.81125e-08
 Reference value :  1.81275e-08
 Reference value :  1.81425e-08
 Reference value :  1.81625e-08
 Reference value :  1.81825e-08
 Reference value :  1.82000e-08
 Reference value :  1.82075e-08
 Reference value :  1.82225e-08
 Reference value :  1.82425e-08
 Reference value :  1.82625e-08
 Reference value :  1.82775e-08
 Reference value :  1.82975e-08
 Reference value :  1.83125e-08
 Reference value :  1.83325e-08
 Reference value :  1.83475e-08
 Reference value :  1.83675e-08
 Reference value :  1.83825e-08
 Reference value :  1.84000e-08
 Reference value :  1.84075e-08
 Reference value :  1.84275e-08
 Reference value :  1.84425e-08
 Reference value :  1.84625e-08
 Reference value :  1.84825e-08
 Reference value :  1.84975e-08
 Reference value :  1.85125e-08
 Reference value :  1.85275e-08
 Reference value :  1.85475e-08
 Reference value :  1.85625e-08
 Reference value :  1.85775e-08
 Reference value :  1.85962e-08
 Reference value :  1.86015e-08
 Reference value :  1.86125e-08
 Reference value :  1.86325e-08
 Reference value :  1.86475e-08
 Reference value :  1.86625e-08
 Reference value :  1.86775e-08
 Reference value :  1.86975e-08
 Reference value :  1.87125e-08
 Reference value :  1.87275e-08
 Reference value :  1.87475e-08
 Reference value :  1.87625e-08
 Reference value :  1.87775e-08
 Reference value :  1.87925e-08
 Reference value :  1.88005e-08
 Reference value :  1.88075e-08
 Reference value :  1.88225e-08
 Reference value :  1.88375e-08
 Reference value :  1.88575e-08
 Reference value :  1.88775e-08
 Reference value :  1.88925e-08
 Reference value :  1.89125e-08
 Reference value :  1.89275e-08
 Reference value :  1.89425e-08
 Reference value :  1.89525e-08
 Reference value :  1.89675e-08
 Reference value :  1.89825e-08
 Reference value :  1.90000e-08
 Reference value :  1.90035e-08
 Reference value :  1.90175e-08
 Reference value :  1.90375e-08
 Reference value :  1.90475e-08
 Reference value :  1.90625e-08
 Reference value :  1.90825e-08
 Reference value :  1.90975e-08
 Reference value :  1.91125e-08
 Reference value :  1.91275e-08
 Reference value :  1.91425e-08
 Reference value :  1.91575e-08
 Reference value :  1.91775e-08
 Reference value :  1.91962e-08
 Reference value :  1.92035e-08
 Reference value :  1.92225e-08
 Reference value :  1.92425e-08
 Reference value :  1.92575e-08
 Reference value :  1.92725e-08
 Reference value :  1.92875e-08
 Reference value :  1.93075e-08
 Reference value :  1.93275e-08
 Reference value :  1.93475e-08
 Reference value :  1.93675e-08
 Reference value :  1.93875e-08
 Reference value :  1.94005e-08
 Reference value :  1.94125e-08
 Reference value :  1.94275e-08
 Reference value :  1.94425e-08
 Reference value :  1.94625e-08
 Reference value :  1.94825e-08
 Reference value :  1.95025e-08
 Reference value :  1.95225e-08
 Reference value :  1.95375e-08
 Reference value :  1.95575e-08
 Reference value :  1.95725e-08
 Reference value :  1.95925e-08
 Reference value :  1.96005e-08
 Reference value :  1.96075e-08
 Reference value :  1.96275e-08
 Reference value :  1.96475e-08
 Reference value :  1.96625e-08
 Reference value :  1.96825e-08
 Reference value :  1.96975e-08
 Reference value :  1.97175e-08
 Reference value :  1.97325e-08
 Reference value :  1.97525e-08
 Reference value :  1.97725e-08
 Reference value :  1.97875e-08
 Reference value :  1.98005e-08
 Reference value :  1.98075e-08
 Reference value :  1.98225e-08
 Reference value :  1.98375e-08
 Reference value :  1.98575e-08
 Reference value :  1.98775e-08
 Reference value :  1.98925e-08
 Reference value :  1.99125e-08
 Reference value :  1.99325e-08
 Reference value :  1.99525e-08
 Reference value :  1.99725e-08
 Reference value :  1.99925e-08
 Reference value :  2.00015e-08
 Reference value :  2.00175e-08
 Reference value :  2.00425e-08
 Reference value :  2.00625e-08
 Reference value :  2.00825e-08
 Reference value :  2.01025e-08
 Reference value :  2.01225e-08
 Reference value :  2.01425e-08
 Reference value :  2.01625e-08
 Reference value :  2.01725e-08
 Reference value :  2.01925e-08
 Reference value :  2.02015e-08
 Reference value :  2.02175e-08
 Reference value :  2.02425e-08
 Reference value :  2.02625e-08
 Reference value :  2.02775e-08
 Reference value :  2.02925e-08
 Reference value :  2.03125e-08
 Reference value :  2.03325e-08
 Reference value :  2.03525e-08
 Reference value :  2.03675e-08
 Reference value :  2.03825e-08
 Reference value :  2.03962e-08
 Reference value :  2.04035e-08
 Reference value :  2.04225e-08
 Reference value :  2.04375e-08
 Reference value :  2.04525e-08
 Reference value :  2.04675e-08
 Reference value :  2.04825e-08
 Reference value :  2.05025e-08
 Reference value :  2.05225e-08
 Reference value :  2.05425e-08
 Reference value :  2.05625e-08
 Reference value :  2.05825e-08
 Reference value :  2.06000e-08
 Reference value :  2.06035e-08
 Reference value :  2.06175e-08
 Reference value :  2.06325e-08
 Reference value :  2.06525e-08
 Reference value :  2.06675e-08
 Reference value :  2.06875e-08
 Reference value :  2.07025e-08
 Reference value :  2.07225e-08
 Reference value :  2.07375e-08
 Reference value :  2.07525e-08
 Reference value :  2.07725e-08
 Reference value :  2.07875e-08
 Reference value :  2.08000e-08
 Reference value :  2.08035e-08
 Reference value :  2.08175e-08
 Reference value :  2.08325e-08
 Reference value :  2.08475e-08
 Reference value :  2.08625e-08
 Reference value :  2.08825e-08
 Reference value :  2.08975e-08
 Reference value :  2.09175e-08
 Reference value :  2.09325e-08
 Reference value :  2.09475e-08
 Reference value :  2.09675e-08
 Reference value :  2.09875e-08
 Reference value :  2.10000e-08
 Reference value :  2.10035e-08
 Reference value :  2.10225e-08
 Reference value :  2.10375e-08
 Reference value :  2.10525e-08
 Reference value :  2.10725e-08
 Reference value :  2.10875e-08
 Reference value :  2.11025e-08
 Reference value :  2.11175e-08
 Reference value :  2.11325e-08
 Reference value :  2.11475e-08
 Reference value :  2.11625e-08
 Reference value :  2.11825e-08
 Reference value :  2.11962e-08
 Reference value :  2.12015e-08
 Reference value :  2.12125e-08
 Reference value :  2.12275e-08
 Reference value :  2.12425e-08
 Reference value :  2.12575e-08
 Reference value :  2.12725e-08
 Reference value :  2.12875e-08
 Reference value :  2.13025e-08
 Reference value :  2.13175e-08
 Reference value :  2.13325e-08
 Reference value :  2.13475e-08
 Reference value :  2.13625e-08
 Reference value :  2.13775e-08
 Reference value :  2.13925e-08
 Reference value :  2.14005e-08
 Reference value :  2.14075e-08
 Reference value :  2.14275e-08
 Reference value :  2.14425e-08
 Reference value :  2.14575e-08
 Reference value :  2.14675e-08
 Reference value :  2.14825e-08
 Reference value :  2.14975e-08
 Reference value :  2.15175e-08
 Reference value :  2.15325e-08
 Reference value :  2.15475e-08
 Reference value :  2.15625e-08
 Reference value :  2.15775e-08
 Reference value :  2.15962e-08
 Reference value :  2.16015e-08
 Reference value :  2.16125e-08
 Reference value :  2.16325e-08
 Reference value :  2.16475e-08
 Reference value :  2.16625e-08
 Reference value :  2.16775e-08
 Reference value :  2.16925e-08
 Reference value :  2.17075e-08
 Reference value :  2.17225e-08
 Reference value :  2.17375e-08
 Reference value :  2.17525e-08
 Reference value :  2.17675e-08
 Reference value :  2.17825e-08
 Reference value :  2.17962e-08
 Reference value :  2.18015e-08
 Reference value :  2.18125e-08
 Reference value :  2.18275e-08
 Reference value :  2.18425e-08
 Reference value :  2.18575e-08
 Reference value :  2.18725e-08
 Reference value :  2.18875e-08
 Reference value :  2.19025e-08
 Reference value :  2.19225e-08
 Reference value :  2.19425e-08
 Reference value :  2.19625e-08
 Reference value :  2.19825e-08
 Reference value :  2.20000e-08
 Reference value :  2.20075e-08
 Reference value :  2.20275e-08
 Reference value :  2.20475e-08
 Reference value :  2.20675e-08
 Reference value :  2.20825e-08
 Reference value :  2.21025e-08
 Reference value :  2.21175e-08
 Reference value :  2.21375e-08
 Reference value :  2.21575e-08
 Reference value :  2.21775e-08
 Reference value :  2.21925e-08
 Reference value :  2.22015e-08
 Reference value :  2.22175e-08
 Reference value :  2.22375e-08
 Reference value :  2.22525e-08
 Reference value :  2.22725e-08
 Reference value :  2.22925e-08
 Reference value :  2.23125e-08
 Reference value :  2.23325e-08
 Reference value :  2.23475e-08
 Reference value :  2.23625e-08
 Reference value :  2.23775e-08
 Reference value :  2.23925e-08
 Reference value :  2.24005e-08
 Reference value :  2.24075e-08
 Reference value :  2.24225e-08
 Reference value :  2.24425e-08
 Reference value :  2.24625e-08
 Reference value :  2.24825e-08
 Reference value :  2.24975e-08
 Reference value :  2.25125e-08
 Reference value :  2.25325e-08
 Reference value :  2.25525e-08
 Reference value :  2.25675e-08
 Reference value :  2.25825e-08
 Reference value :  2.25962e-08
 Reference value :  2.26015e-08
 Reference value :  2.26125e-08
 Reference value :  2.26275e-08
 Reference value :  2.26475e-08
 Reference value :  2.26625e-08
 Reference value :  2.26775e-08
 Reference value :  2.26925e-08
 Reference value :  2.27075e-08
 Reference value :  2.27275e-08
 Reference value :  2.27475e-08
 Reference value :  2.27625e-08
 Reference value :  2.27825e-08
 Reference value :  2.27962e-08
 Reference value :  2.28035e-08
 Reference value :  2.28225e-08
 Reference value :  2.28375e-08
 Reference value :  2.28525e-08
 Reference value :  2.28675e-08
 Reference value :  2.28825e-08
 Reference value :  2.28975e-08
 Reference value :  2.29125e-08
 Reference value :  2.29275e-08
 Reference value :  2.29475e-08
 Reference value :  2.29625e-08
 Reference value :  2.29825e-08
 Reference value :  2.29962e-08
 Reference value :  2.30035e-08
 Reference value :  2.30175e-08
 Reference value :  2.30325e-08
 Reference value :  2.30475e-08
 Reference value :  2.30625e-08
 Reference value :  2.30775e-08
 Reference value :  2.30925e-08
 Reference value :  2.31125e-08
 Reference value :  2.31325e-08
 Reference value :  2.31475e-08
 Reference value :  2.31675e-08
 Reference value :  2.31825e-08
 Reference value :  2.32000e-08
 Reference value :  2.32075e-08
 Reference value :  2.32225e-08
 Reference value :  2.32475e-08
 Reference value :  2.32675e-08
 Reference value :  2.32875e-08
 Reference value :  2.33025e-08
 Reference value :  2.33225e-08
 Reference value :  2.33425e-08
 Reference value :  2.33625e-08
 Reference value :  2.33825e-08
 Reference value :  2.34000e-08
 Reference value :  2.34075e-08
 Reference value :  2.34275e-08
 Reference value :  2.34475e-08
 Reference value :  2.34625e-08
 Reference value :  2.34775e-08
 Reference value :  2.34975e-08
 Reference value :  2.35125e-08
 Reference value :  2.35325e-08
 Reference value :  2.35475e-08
 Reference value :  2.35625e-08
 Reference value :  2.35775e-08
 Reference value :  2.35962e-08
 Reference value :  2.36015e-08
 Reference value :  2.36125e-08
 Reference value :  2.36275e-08
 Reference value :  2.36525e-08
 Reference value :  2.36725e-08
 Reference value :  2.36925e-08
 Reference value :  2.37175e-08
 Reference value :  2.37375e-08
 Reference value :  2.37525e-08
 Reference value :  2.37675e-08
 Reference value :  2.37825e-08
 Reference value :  2.37962e-08
 Reference value :  2.38015e-08
 Reference value :  2.38125e-08
 Reference value :  2.38325e-08
 Reference value :  2.38525e-08
 Reference value :  2.38675e-08
 Reference value :  2.38875e-08
 Reference value :  2.39025e-08
 Reference value :  2.39175e-08
 Reference value :  2.39325e-08
 Reference value :  2.39525e-08
 Reference value :  2.39725e-08
 Reference value :  2.39925e-08
 Reference value :  2.40005e-08
 Reference value :  2.40075e-08
 Reference value :  2.40225e-08
 Reference value :  2.40375e-08
 Reference value :  2.40575e-08
 Reference value :  2.40775e-08
 Reference value :  2.40925e-08
 Reference value :  2.41075e-08
 Reference value :  2.41275e-08
 Reference value :  2.41475e-08
 Reference value :  2.41625e-08
 Reference value :  2.41775e-08
 Reference value :  2.41925e-08
 Reference value :  2.42015e-08
 Reference value :  2.42175e-08
 Reference value :  2.42375e-08
 Reference value :  2.42575e-08
 Reference value :  2.42775e-08
 Reference value :  2.42975e-08
 Reference value :  2.43175e-08
 Reference value :  2.43375e-08
 Reference value :  2.43575e-08
 Reference value :  2.43775e-08
 Reference value :  2.43962e-08
 Reference value :  2.44015e-08
 Reference value :  2.44175e-08
 Reference value :  2.44375e-08
 Reference value :  2.44525e-08
 Reference value :  2.44725e-08
 Reference value :  2.44925e-08
 Reference value :  2.45075e-08
 Reference value :  2.45275e-08
 Reference value :  2.45375e-08
 Reference value :  2.45525e-08
 Reference value :  2.45675e-08
 Reference value :  2.45825e-08
 Reference value :  2.45962e-08
 Reference value :  2.46035e-08
 Reference value :  2.46225e-08
 Reference value :  2.46425e-08
 Reference value :  2.46625e-08
 Reference value :  2.46825e-08
 Reference value :  2.47025e-08
 Reference value :  2.47225e-08
 Reference value :  2.47375e-08
 Reference value :  2.47525e-08
 Reference value :  2.47675e-08
 Reference value :  2.47825e-08
 Reference value :  2.47962e-08
 Reference value :  2.48015e-08
 Reference value :  2.48175e-08
 Reference value :  2.48325e-08
 Reference value :  2.48475e-08
 Reference value :  2.48625e-08
 Reference value :  2.48775e-08
 Reference value :  2.48975e-08
 Reference value :  2.49175e-08
 Reference value :  2.49325e-08
 Reference value :  2.49525e-08
 Reference value :  2.49675e-08
 Reference value :  2.49875e-08
 Reference value :  2.50000e-08
 Reference value :  2.50035e-08
 Reference value :  2.50175e-08
 Reference value :  2.50375e-08
 Reference value :  2.50575e-08
 Reference value :  2.50775e-08
 Reference value :  2.50925e-08
 Reference value :  2.51125e-08
 Reference value :  2.51325e-08
 Reference value :  2.51525e-08
 Reference value :  2.51725e-08
 Reference value :  2.51925e-08
 Reference value :  2.52005e-08
 Reference value :  2.52125e-08
 Reference value :  2.52325e-08
 Reference value :  2.52475e-08
 Reference value :  2.52625e-08
 Reference value :  2.52775e-08
 Reference value :  2.52925e-08
 Reference value :  2.53075e-08
 Reference value :  2.53225e-08
 Reference value :  2.53375e-08
 Reference value :  2.53525e-08
 Reference value :  2.53675e-08
 Reference value :  2.53825e-08
 Reference value :  2.53962e-08
 Reference value :  2.54015e-08
 Reference value :  2.54125e-08
 Reference value :  2.54325e-08
 Reference value :  2.54525e-08
 Reference value :  2.54725e-08
 Reference value :  2.54875e-08
 Reference value :  2.55025e-08
 Reference value :  2.55175e-08
 Reference value :  2.55325e-08
 Reference value :  2.55475e-08
 Reference value :  2.55625e-08
 Reference value :  2.55775e-08
 Reference value :  2.55925e-08
 Reference value :  2.56005e-08
 Reference value :  2.56125e-08
 Reference value :  2.56325e-08
 Reference value :  2.56525e-08
 Reference value :  2.56675e-08
 Reference value :  2.56825e-08
 Reference value :  2.56975e-08
 Reference value :  2.57125e-08
 Reference value :  2.57275e-08
 Reference value :  2.57425e-08
 Reference value :  2.57625e-08
 Reference value :  2.57825e-08
 Reference value :  2.58000e-08
 Reference value :  2.58035e-08
 Reference value :  2.58175e-08
 Reference value :  2.58325e-08
 Reference value :  2.58475e-08
 Reference value :  2.58625e-08
 Reference value :  2.58775e-08
 Reference value :  2.58925e-08
 Reference value :  2.59075e-08
 Reference value :  2.59225e-08
 Reference value :  2.59375e-08
 Reference value :  2.59525e-08
 Reference value :  2.59675e-08
 Reference value :  2.59825e-08
 Reference value :  2.59962e-08
 Reference value :  2.60015e-08
 Reference value :  2.60175e-08
 Reference value :  2.60375e-08
 Reference value :  2.60575e-08
 Reference value :  2.60725e-08
 Reference value :  2.60875e-08
 Reference value :  2.61075e-08
 Reference value :  2.61275e-08
 Reference value :  2.61475e-08
 Reference value :  2.61675e-08
 Reference value :  2.61875e-08
 Reference value :  2.62015e-08
 Reference value :  2.62175e-08
 Reference value :  2.62375e-08
 Reference value :  2.62525e-08
 Reference value :  2.62675e-08
 Reference value :  2.62825e-08
 Reference value :  2.62975e-08
 Reference value :  2.63125e-08
 Reference value :  2.63275e-08
 Reference value :  2.63475e-08
 Reference value :  2.63625e-08
 Reference value :  2.63775e-08
 Reference value :  2.63925e-08
 Reference value :  2.64005e-08
 Reference value :  2.64075e-08
 Reference value :  2.64225e-08
 Reference value :  2.64375e-08
 Reference value :  2.64525e-08
 Reference value :  2.64675e-08
 Reference value :  2.64825e-08
 Reference value :  2.64975e-08
 Reference value :  2.65125e-08
 Reference value :  2.65275e-08
 Reference value :  2.65475e-08
 Reference value :  2.65625e-08
 Reference value :  2.65825e-08
 Reference value :  2.66000e-08
 Reference value :  2.66035e-08
 Reference value :  2.66175e-08
 Reference value :  2.66325e-08
 Reference value :  2.66475e-08
 Reference value :  2.66625e-08
 Reference value :  2.66825e-08
 Reference value :  2.67025e-08
 Reference value :  2.67175e-08
 Reference value :  2.67325e-08
 Reference value :  2.67525e-08
 Reference value :  2.67675e-08
 Reference value :  2.67825e-08
 Reference value :  2.67962e-08
 Reference value :  2.68015e-08
 Reference value :  2.68175e-08
 Reference value :  2.68325e-08
 Reference value :  2.68475e-08
 Reference value :  2.68625e-08
 Reference value :  2.68775e-08
 Reference value :  2.68925e-08
 Reference value :  2.69075e-08
 Reference value :  2.69225e-08
 Reference value :  2.69375e-08
 Reference value :  2.69525e-08
 Reference value :  2.69625e-08
 Reference value :  2.69825e-08
 Reference value :  2.69962e-08
 Reference value :  2.70035e-08
 Reference value :  2.70225e-08
 Reference value :  2.70425e-08
 Reference value :  2.70625e-08
 Reference value :  2.70825e-08
 Reference value :  2.70975e-08
 Reference value :  2.71175e-08
 Reference value :  2.71375e-08
 Reference value :  2.71525e-08
 Reference value :  2.71675e-08
 Reference value :  2.71875e-08
 Reference value :  2.72005e-08
 Reference value :  2.72075e-08
 Reference value :  2.72225e-08
 Reference value :  2.72425e-08
 Reference value :  2.72575e-08
 Reference value :  2.72825e-08
 Reference value :  2.73025e-08
 Reference value :  2.73175e-08
 Reference value :  2.73325e-08
 Reference value :  2.73525e-08
 Reference value :  2.73675e-08
 Reference value :  2.73875e-08
 Reference value :  2.74000e-08
 Reference value :  2.74035e-08
 Reference value :  2.74225e-08
 Reference value :  2.74375e-08
 Reference value :  2.74575e-08
 Reference value :  2.74775e-08
 Reference value :  2.74975e-08
 Reference value :  2.75125e-08
 Reference value :  2.75325e-08
 Reference value :  2.75525e-08
 Reference value :  2.75675e-08
 Reference value :  2.75825e-08
 Reference value :  2.76000e-08
 Reference value :  2.76075e-08
 Reference value :  2.76275e-08
 Reference value :  2.76475e-08
 Reference value :  2.76625e-08
 Reference value :  2.76775e-08
 Reference value :  2.76975e-08
 Reference value :  2.77175e-08
 Reference value :  2.77325e-08
 Reference value :  2.77475e-08
 Reference value :  2.77625e-08
 Reference value :  2.77775e-08
 Reference value :  2.77925e-08
 Reference value :  2.78005e-08
 Reference value :  2.78125e-08
 Reference value :  2.78325e-08
 Reference value :  2.78575e-08
 Reference value :  2.78825e-08
 Reference value :  2.79025e-08
 Reference value :  2.79125e-08
 Reference value :  2.79325e-08
 Reference value :  2.79525e-08
 Reference value :  2.79675e-08
 Reference value :  2.79825e-08
 Reference value :  2.80000e-08
 Reference value :  2.80075e-08
 Reference value :  2.80225e-08
 Reference value :  2.80375e-08
 Reference value :  2.80575e-08
 Reference value :  2.80775e-08
 Reference value :  2.80925e-08
 Reference value :  2.81125e-08
 Reference value :  2.81275e-08
 Reference value :  2.81425e-08
 Reference value :  2.81625e-08
 Reference value :  2.81825e-08
 Reference value :  2.82000e-08
 Reference value :  2.82075e-08
 Reference value :  2.82275e-08
 Reference value :  2.82475e-08
 Reference value :  2.82675e-08
 Reference value :  2.82875e-08
 Reference value :  2.83125e-08
 Reference value :  2.83325e-08
 Reference value :  2.83575e-08
 Reference value :  2.83775e-08
 Reference value :  2.84000e-08
 Reference value :  2.84075e-08
 Reference value :  2.84275e-08
 Reference value :  2.84475e-08
 Reference value :  2.84675e-08
 Reference value :  2.84825e-08
 Reference value :  2.84975e-08
 Reference value :  2.85175e-08
 Reference value :  2.85375e-08
 Reference value :  2.85575e-08
 Reference value :  2.85775e-08
 Reference value :  2.85962e-08
 Reference value :  2.86035e-08
 Reference value :  2.86225e-08
 Reference value :  2.86375e-08
 Reference value :  2.86525e-08
 Reference value :  2.86675e-08
 Reference value :  2.86825e-08
 Reference value :  2.87025e-08
 Reference value :  2.87225e-08
 Reference value :  2.87375e-08
 Reference value :  2.87525e-08
 Reference value :  2.87675e-08
 Reference value :  2.87875e-08
 Reference value :  2.88005e-08
 Reference value :  2.88125e-08
 Reference value :  2.88325e-08
 Reference value :  2.88525e-08
 Reference value :  2.88725e-08
 Reference value :  2.88925e-08
 Reference value :  2.89125e-08
 Reference value :  2.89325e-08
 Reference value :  2.89525e-08
 Reference value :  2.89725e-08
 Reference value :  2.89925e-08
 Reference value :  2.90015e-08
 Reference value :  2.90175e-08
 Reference value :  2.90375e-08
 Reference value :  2.90525e-08
 Reference value :  2.90675e-08
 Reference value :  2.90825e-08
 Reference value :  2.91025e-08
 Reference value :  2.91225e-08
 Reference value :  2.91375e-08
 Reference value :  2.91575e-08
 Reference value :  2.91775e-08
 Reference value :  2.91962e-08
 Reference value :  2.92035e-08
 Reference value :  2.92175e-08
 Reference value :  2.92375e-08
 Reference value :  2.92575e-08
 Reference value :  2.92775e-08
 Reference value :  2.92975e-08
 Reference value :  2.93175e-08
 Reference value :  2.93375e-08
 Reference value :  2.93575e-08
 Reference value :  2.93775e-08
 Reference value :  2.93925e-08
 Reference value :  2.94015e-08
 Reference value :  2.94125e-08
 Reference value :  2.94275e-08
 Reference value :  2.94475e-08
 Reference value :  2.94675e-08
 Reference value :  2.94825e-08
 Reference value :  2.94975e-08
 Reference value :  2.95125e-08
 Reference value :  2.95325e-08
 Reference value :  2.95475e-08
 Reference value :  2.95625e-08
 Reference value :  2.95825e-08
 Reference value :  2.95962e-08
 Reference value :  2.96035e-08
 Reference value :  2.96225e-08
 Reference value :  2.96425e-08
 Reference value :  2.96625e-08
 Reference value :  2.96825e-08
 Reference value :  2.96975e-08
 Reference value :  2.97175e-08
 Reference value :  2.97375e-08
 Reference value :  2.97575e-08
 Reference value :  2.97775e-08
 Reference value :  2.97925e-08
 Reference value :  2.98005e-08
 Reference value :  2.98125e-08
 Reference value :  2.98275e-08
 Reference value :  2.98425e-08
 Reference value :  2.98575e-08
 Reference value :  2.98675e-08
 Reference value :  2.98875e-08
 Reference value :  2.99025e-08
 Reference value :  2.99175e-08
 Reference value :  2.99375e-08
 Reference value :  2.99525e-08
 Reference value :  2.99675e-08
 Reference value :  2.99875e-08
 Reference value :  3.00000e-08
 Reference value :  3.00035e-08
 Reference value :  3.00175e-08
 Reference value :  3.00325e-08
 Reference value :  3.00475e-08
 Reference value :  3.00625e-08
 Reference value :  3.00775e-08
 Reference value :  3.00925e-08
 Reference value :  3.01075e-08
 Reference value :  3.01225e-08
 Reference value :  3.01425e-08
 Reference value :  3.01575e-08
 Reference value :  3.01725e-08
 Reference value :  3.01875e-08
 Reference value :  3.02000e-08
 Reference value :  3.02035e-08
 Reference value :  3.02175e-08
 Reference value :  3.02325e-08
 Reference value :  3.02475e-08
 Reference value :  3.02625e-08
 Reference value :  3.02775e-08
 Reference value :  3.02925e-08
 Reference value :  3.03075e-08
 Reference value :  3.03225e-08
 Reference value :  3.03375e-08
 Reference value :  3.03525e-08
 Reference value :  3.03675e-08
 Reference value :  3.03825e-08
 Reference value :  3.03962e-08
 Reference value :  3.04015e-08
 Reference value :  3.04175e-08
 Reference value :  3.04325e-08
 Reference value :  3.04525e-08
 Reference value :  3.04675e-08
 Reference value :  3.04875e-08
 Reference value :  3.05025e-08
 Reference value :  3.05175e-08
 Reference value :  3.05325e-08
 Reference value :  3.05475e-08
 Reference value :  3.05675e-08
 Reference value :  3.05825e-08
 Reference value :  3.05962e-08
 Reference value :  3.06015e-08
 Reference value :  3.06175e-08
 Reference value :  3.06325e-08
 Reference value :  3.06475e-08
 Reference value :  3.06625e-08
 Reference value :  3.06775e-08
 Reference value :  3.06925e-08
 Reference value :  3.07075e-08
 Reference value :  3.07275e-08
 Reference value :  3.07425e-08
 Reference value :  3.07625e-08
 Reference value :  3.07775e-08
 Reference value :  3.07875e-08
 Reference value :  3.08005e-08
 Reference value :  3.08125e-08
 Reference value :  3.08275e-08
 Reference value :  3.08425e-08
 Reference value :  3.08625e-08
 Reference value :  3.08775e-08
 Reference value :  3.08975e-08
 Reference value :  3.09125e-08
 Reference value :  3.09275e-08
 Reference value :  3.09425e-08
 Reference value :  3.09575e-08
 Reference value :  3.09725e-08
 Reference value :  3.09925e-08
 Reference value :  3.10015e-08
 Reference value :  3.10175e-08
 Reference value :  3.10275e-08
 Reference value :  3.10425e-08
 Reference value :  3.10575e-08
 Reference value :  3.10725e-08
 Reference value :  3.10875e-08
 Reference value :  3.11025e-08
 Reference value :  3.11175e-08
 Reference value :  3.11375e-08
 Reference value :  3.11525e-08
 Reference value :  3.11675e-08
 Reference value :  3.11825e-08
 Reference value :  3.11962e-08
 Reference value :  3.12015e-08
 Reference value :  3.12125e-08
 Reference value :  3.12325e-08
 Reference value :  3.12525e-08
 Reference value :  3.12725e-08
 Reference value :  3.12875e-08
 Reference value :  3.13025e-08
 Reference value :  3.13175e-08
 Reference value :  3.13375e-08
 Reference value :  3.13525e-08
 Reference value :  3.13675e-08
 Reference value :  3.13875e-08
 Reference value :  3.14000e-08
 Reference value :  3.14035e-08
 Reference value :  3.14175e-08
 Reference value :  3.14325e-08
 Reference value :  3.14475e-08
 Reference value :  3.14625e-08
 Reference value :  3.14775e-08
 Reference value :  3.14925e-08
 Reference value :  3.15075e-08
 Reference value :  3.15275e-08
 Reference value :  3.15425e-08
 Reference value :  3.15575e-08
 Reference value :  3.15775e-08
 Reference value :  3.15925e-08
 Reference value :  3.16005e-08
 Reference value :  3.16075e-08
 Reference value :  3.16225e-08
 Reference value :  3.16375e-08
 Reference value :  3.16525e-08
 Reference value :  3.16675e-08
 Reference value :  3.16875e-08
 Reference value :  3.17025e-08
 Reference value :  3.17225e-08
 Reference value :  3.17375e-08
 Reference value :  3.17525e-08
 Reference value :  3.17675e-08
 Reference value :  3.17825e-08
 Reference value :  3.17962e-08
 Reference value :  3.18015e-08
 Reference value :  3.18125e-08
 Reference value :  3.18275e-08
 Reference value :  3.18425e-08
 Reference value :  3.18625e-08
 Reference value :  3.18775e-08
 Reference value :  3.18925e-08
 Reference value :  3.19075e-08
 Reference value :  3.19225e-08
 Reference value :  3.19375e-08
 Reference value :  3.19575e-08
 Reference value :  3.19725e-08
 Reference value :  3.19875e-08
 Reference value :  3.20005e-08
 Reference value :  3.20125e-08
 Reference value :  3.20275e-08
 Reference value :  3.20475e-08
 Reference value :  3.20625e-08
 Reference value :  3.20775e-08
 Reference value :  3.20925e-08
 Reference value :  3.21075e-08
 Reference value :  3.21275e-08
 Reference value :  3.21425e-08
 Reference value :  3.21625e-08
 Reference value :  3.21775e-08
 Reference value :  3.21925e-08
 Reference value :  3.22015e-08
 Reference value :  3.22125e-08
 Reference value :  3.22275e-08
 Reference value :  3.22425e-08
 Reference value :  3.22575e-08
 Reference value :  3.22725e-08
 Reference value :  3.22925e-08
 Reference value :  3.23125e-08
 Reference value :  3.23325e-08
 Reference value :  3.23475e-08
 Reference value :  3.23625e-08
 Reference value :  3.23825e-08
 Reference value :  3.23962e-08
 Reference value :  3.24035e-08
 Reference value :  3.24175e-08
 Reference value :  3.24325e-08
 Reference value :  3.24475e-08
 Reference value :  3.24675e-08
 Reference value :  3.24825e-08
 Reference value :  3.24975e-08
 Reference value :  3.25125e-08
 Reference value :  3.25325e-08
 Reference value :  3.25475e-08
 Reference value :  3.25625e-08
 Reference value :  3.25775e-08
 Reference value :  3.25925e-08
 Reference value :  3.26005e-08
 Reference value :  3.26075e-08
 Reference value :  3.26225e-08
 Reference value :  3.26375e-08
 Reference value :  3.26525e-08
 Reference value :  3.26725e-08
 Reference value :  3.26925e-08
 Reference value :  3.27125e-08
 Reference value :  3.27325e-08
 Reference value :  3.27475e-08
 Reference value :  3.27625e-08
 Reference value :  3.27775e-08
 Reference value :  3.27925e-08
 Reference value :  3.28005e-08
 Reference value :  3.28075e-08
 Reference value :  3.28275e-08
 Reference value :  3.28475e-08
 Reference value :  3.28675e-08
 Reference value :  3.28875e-08
 Reference value :  3.29025e-08
 Reference value :  3.29175e-08
 Reference value :  3.29325e-08
 Reference value :  3.29475e-08
 Reference value :  3.29625e-08
 Reference value :  3.29775e-08
 Reference value :  3.29925e-08
 Reference value :  3.30005e-08
 Reference value :  3.30075e-08
 Reference value :  3.30225e-08
 Reference value :  3.30425e-08
 Reference value :  3.30575e-08
 Reference value :  3.30775e-08
 Reference value :  3.30975e-08
 Reference value :  3.31175e-08
 Reference value :  3.31375e-08
 Reference value :  3.31525e-08
 Reference value :  3.31675e-08
 Reference value :  3.31825e-08
 Reference value :  3.32000e-08
 Reference value :  3.32075e-08
 Reference value :  3.32225e-08
 Reference value :  3.32375e-08
 Reference value :  3.32525e-08
 Reference value :  3.32725e-08
 Reference value :  3.32925e-08
 Reference value :  3.33075e-08
 Reference value :  3.33225e-08
 Reference value :  3.33425e-08
 Reference value :  3.33625e-08
 Reference value :  3.33825e-08
 Reference value :  3.34000e-08
 Reference value :  3.34035e-08
 Reference value :  3.34175e-08
 Reference value :  3.34375e-08
 Reference value :  3.34525e-08
 Reference value :  3.34725e-08
 Reference value :  3.34925e-08
 Reference value :  3.35075e-08
 Reference value :  3.35225e-08
 Reference value :  3.35375e-08
 Reference value :  3.35575e-08
 Reference value :  3.35725e-08
 Reference value :  3.35875e-08
 Reference value :  3.36000e-08
 Reference value :  3.36075e-08
 Reference value :  3.36275e-08
 Reference value :  3.36475e-08
 Reference value :  3.36675e-08
 Reference value :  3.36875e-08
 Reference value :  3.37025e-08
 Reference value :  3.37225e-08
 Reference value :  3.37425e-08
 Reference value :  3.37575e-08
 Reference value :  3.37775e-08
 Reference value :  3.37925e-08
 Reference value :  3.38015e-08
 Reference value :  3.38125e-08
 Reference value :  3.38325e-08
 Reference value :  3.38525e-08
 Reference value :  3.38725e-08
 Reference value :  3.38875e-08
 Reference value :  3.39025e-08
 Reference value :  3.39275e-08
 Reference value :  3.39425e-08
 Reference value :  3.39625e-08
 Reference value :  3.39825e-08
 Reference value :  3.39962e-08
 Reference value :  3.40035e-08
 Reference value :  3.40175e-08
 Reference value :  3.40325e-08
 Reference value :  3.40475e-08
 Reference value :  3.40625e-08
 Reference value :  3.40825e-08
 Reference value :  3.41025e-08
 Reference value :  3.41225e-08
 Reference value :  3.41425e-08
 Reference value :  3.41625e-08
 Reference value :  3.41775e-08
 Reference value :  3.41962e-08
 Reference value :  3.42015e-08
 Reference value :  3.42175e-08
 Reference value :  3.42325e-08
 Reference value :  3.42475e-08
 Reference value :  3.42675e-08
 Reference value :  3.42825e-08
 Reference value :  3.43025e-08
 Reference value :  3.43225e-08
 Reference value :  3.43425e-08
 Reference value :  3.43625e-08
 Reference value :  3.43875e-08
 Reference value :  3.44005e-08
 Reference value :  3.44125e-08
 Reference value :  3.44325e-08
 Reference value :  3.44525e-08
 Reference value :  3.44675e-08
 Reference value :  3.44825e-08
 Reference value :  3.45025e-08
 Reference value :  3.45175e-08
 Reference value :  3.45325e-08
 Reference value :  3.45525e-08
 Reference value :  3.45725e-08
 Reference value :  3.45925e-08
 Reference value :  3.46015e-08
 Reference value :  3.46175e-08
 Reference value :  3.46325e-08
 Reference value :  3.46475e-08
 Reference value :  3.46625e-08
 Reference value :  3.46775e-08
 Reference value :  3.46975e-08
 Reference value :  3.47175e-08
 Reference value :  3.47325e-08
 Reference value :  3.47525e-08
 Reference value :  3.47725e-08
 Reference value :  3.47925e-08
 Reference value :  3.48015e-08
 Reference value :  3.48175e-08
 Reference value :  3.48375e-08
 Reference value :  3.48575e-08
 Reference value :  3.48775e-08
 Reference value :  3.48925e-08
 Reference value :  3.49075e-08
 Reference value :  3.49275e-08
 Reference value :  3.49425e-08
 Reference value :  3.49625e-08
 Reference value :  3.49825e-08
 Reference value :  3.50000e-08
 Reference value :  3.50035e-08
 Reference value :  3.50175e-08
 Reference value :  3.50325e-08
 Reference value :  3.50525e-08
 Reference value :  3.50675e-08
 Reference value :  3.50825e-08
 Reference value :  3.50975e-08
 Reference value :  3.51175e-08
 Reference value :  3.51375e-08
 Reference value :  3.51575e-08
 Reference value :  3.51775e-08
 Reference value :  3.51925e-08
 Reference value :  3.52015e-08
 Reference value :  3.52175e-08
 Reference value :  3.52325e-08
 Reference value :  3.52525e-08
 Reference value :  3.52725e-08
 Reference value :  3.52925e-08
 Reference value :  3.53075e-08
 Reference value :  3.53225e-08
 Reference value :  3.53425e-08
 Reference value :  3.53625e-08
 Reference value :  3.53775e-08
 Reference value :  3.53962e-08
 Reference value :  3.54035e-08
 Reference value :  3.54225e-08
 Reference value :  3.54375e-08
 Reference value :  3.54525e-08
 Reference value :  3.54675e-08
 Reference value :  3.54875e-08
 Reference value :  3.55025e-08
 Reference value :  3.55225e-08
 Reference value :  3.55375e-08
 Reference value :  3.55575e-08
 Reference value :  3.55775e-08
 Reference value :  3.55925e-08
 Reference value :  3.56005e-08
 Reference value :  3.56125e-08
 Reference value :  3.56275e-08
 Reference value :  3.56425e-08
 Reference value :  3.56625e-08
 Reference value :  3.56775e-08
 Reference value :  3.56975e-08
 Reference value :  3.57175e-08
 Reference value :  3.57375e-08
 Reference value :  3.57525e-08
 Reference value :  3.57725e-08
 Reference value :  3.57962e-08
 Reference value :  3.58075e-08
 Reference value :  3.58275e-08
 Reference value :  3.58475e-08
 Reference value :  3.58675e-08
 Reference value :  3.58875e-08
 Reference value :  3.59075e-08
 Reference value :  3.59225e-08
 Reference value :  3.59425e-08
 Reference value :  3.59575e-08
 Reference value :  3.59775e-08
 Reference value :  3.59925e-08
 Reference value :  3.60015e-08
 Reference value :  3.60175e-08
 Reference value :  3.60375e-08
 Reference value :  3.60575e-08
 Reference value :  3.60775e-08
 Reference value :  3.60975e-08
 Reference value :  3.61125e-08
 Reference value :  3.61325e-08
 Reference value :  3.61475e-08
 Reference value :  3.61675e-08
 Reference value :  3.61875e-08
 Reference value :  3.62000e-08
 Reference value :  3.62075e-08
 Reference value :  3.62275e-08
 Reference value :  3.62425e-08
 Reference value :  3.62625e-08
 Reference value :  3.62775e-08
 Reference value :  3.62975e-08
 Reference value :  3.63175e-08
 Reference value :  3.63375e-08
 Reference value :  3.63575e-08
 Reference value :  3.63775e-08
 Reference value :  3.63925e-08
 Reference value :  3.64015e-08
 Reference value :  3.64175e-08
 Reference value :  3.64325e-08
 Reference value :  3.64575e-08
 Reference value :  3.64775e-08
 Reference value :  3.64925e-08
 Reference value :  3.65125e-08
 Reference value :  3.65325e-08
 Reference value :  3.65525e-08
 Reference value :  3.65725e-08
 Reference value :  3.65925e-08
 Reference value :  3.66005e-08
 Reference value :  3.66125e-08
 Reference value :  3.66275e-08
 Reference value :  3.66425e-08
 Reference value :  3.66575e-08
 Reference value :  3.66775e-08
 Reference value :  3.66975e-08
 Reference value :  3.67175e-08
 Reference value :  3.67375e-08
 Reference value :  3.67525e-08
 Reference value :  3.67675e-08
 Reference value :  3.67875e-08
 Reference value :  3.68005e-08
 Reference value :  3.68075e-08
 Reference value :  3.68225e-08
 Reference value :  3.68375e-08
 Reference value :  3.68525e-08
 Reference value :  3.68725e-08
 Reference value :  3.68925e-08
 Reference value :  3.69125e-08
 Reference value :  3.69325e-08
 Reference value :  3.69525e-08
 Reference value :  3.69725e-08
 Reference value :  3.69925e-08
 Reference value :  3.70015e-08
 Reference value :  3.70175e-08
 Reference value :  3.70375e-08
 Reference value :  3.70525e-08
 Reference value :  3.70725e-08
 Reference value :  3.70925e-08
 Reference value :  3.71125e-08
 Reference value :  3.71325e-08
 Reference value :  3.71475e-08
 Reference value :  3.71675e-08
 Reference value :  3.71875e-08
 Reference value :  3.72005e-08
 Reference value :  3.72125e-08
 Reference value :  3.72275e-08
 Reference value :  3.72425e-08
 Reference value :  3.72625e-08
 Reference value :  3.72775e-08
 Reference value :  3.72925e-08
 Reference value :  3.73075e-08
 Reference value :  3.73275e-08
 Reference value :  3.73475e-08
 Reference value :  3.73675e-08
 Reference value :  3.73875e-08
 Reference value :  3.74005e-08
 Reference value :  3.74125e-08
 Reference value :  3.74325e-08
 Reference value :  3.74525e-08
 Reference value :  3.74725e-08
 Reference value :  3.74875e-08
 Reference value :  3.75025e-08
 Reference value :  3.75225e-08
 Reference value :  3.75425e-08
 Reference value :  3.75575e-08
 Reference value :  3.75725e-08
 Reference value :  3.75875e-08
 Reference value :  3.76000e-08
 Reference value :  3.76075e-08
 Reference value :  3.76225e-08
 Reference value :  3.76425e-08
 Reference value :  3.76625e-08
 Reference value :  3.76825e-08
 Reference value :  3.77025e-08
 Reference value :  3.77225e-08
 Reference value :  3.77375e-08
 Reference value :  3.77575e-08
 Reference value :  3.77775e-08
 Reference value :  3.77962e-08
 Reference value :  3.78035e-08
 Reference value :  3.78225e-08
 Reference value :  3.78425e-08
 Reference value :  3.78625e-08
 Reference value :  3.78775e-08
 Reference value :  3.78975e-08
 Reference value :  3.79175e-08
 Reference value :  3.79375e-08
 Reference value :  3.79575e-08
 Reference value :  3.79775e-08
 Reference value :  3.79925e-08
 Reference value :  3.80015e-08
 Reference value :  3.80175e-08
 Reference value :  3.80325e-08
 Reference value :  3.80475e-08
 Reference value :  3.80625e-08
 Reference value :  3.80825e-08
 Reference value :  3.81025e-08
 Reference value :  3.81225e-08
 Reference value :  3.81425e-08
 Reference value :  3.81625e-08
 Reference value :  3.81775e-08
 Reference value :  3.81962e-08
 Reference value :  3.82035e-08
 Reference value :  3.82175e-08
 Reference value :  3.82325e-08
 Reference value :  3.82525e-08
 Reference value :  3.82725e-08
 Reference value :  3.82925e-08
 Reference value :  3.83075e-08
 Reference value :  3.83275e-08
 Reference value :  3.83425e-08
 Reference value :  3.83575e-08
 Reference value :  3.83775e-08
 Reference value :  3.83925e-08
 Reference value :  3.84015e-08
 Reference value :  3.84175e-08
 Reference value :  3.84325e-08
 Reference value :  3.84475e-08
 Reference value :  3.84625e-08
 Reference value :  3.84825e-08
 Reference value :  3.84975e-08
 Reference value :  3.85125e-08
 Reference value :  3.85325e-08
 Reference value :  3.85475e-08
 Reference value :  3.85675e-08
 Reference value :  3.85875e-08
 Reference value :  3.86000e-08
 Reference value :  3.86075e-08
 Reference value :  3.86225e-08
 Reference value :  3.86425e-08
 Reference value :  3.86625e-08
 Reference value :  3.86825e-08
 Reference value :  3.86975e-08
 Reference value :  3.87175e-08
 Reference value :  3.87325e-08
 Reference value :  3.87475e-08
 Reference value :  3.87625e-08
 Reference value :  3.87825e-08
 Reference value :  3.87962e-08
 Reference value :  3.88035e-08
 Reference value :  3.88175e-08
 Reference value :  3.88325e-08
 Reference value :  3.88525e-08
 Reference value :  3.88725e-08
 Reference value :  3.88925e-08
 Reference value :  3.89125e-08
 Reference value :  3.89375e-08
 Reference value :  3.89575e-08
 Reference value :  3.89725e-08
 Reference value :  3.89925e-08
 Reference value :  3.90005e-08
 Reference value :  3.90125e-08
 Reference value :  3.90325e-08
 Reference value :  3.90525e-08
 Reference value :  3.90725e-08
 Reference value :  3.90875e-08
 Reference value :  3.91075e-08
 Reference value :  3.91275e-08
 Reference value :  3.91475e-08
 Reference value :  3.91675e-08
 Reference value :  3.91875e-08
 Reference value :  3.92005e-08
 Reference value :  3.92075e-08
 Reference value :  3.92275e-08
 Reference value :  3.92475e-08
 Reference value :  3.92675e-08
 Reference value :  3.92875e-08
 Reference value :  3.93125e-08
 Reference value :  3.93325e-08
 Reference value :  3.93475e-08
 Reference value :  3.93675e-08
 Reference value :  3.93875e-08
 Reference value :  3.94005e-08
 Reference value :  3.94125e-08
 Reference value :  3.94275e-08
 Reference value :  3.94425e-08
 Reference value :  3.94625e-08
 Reference value :  3.94825e-08
 Reference value :  3.95025e-08
 Reference value :  3.95225e-08
 Reference value :  3.95425e-08
 Reference value :  3.95625e-08
 Reference value :  3.95875e-08
 Reference value :  3.96005e-08
 Reference value :  3.96075e-08
 Reference value :  3.96275e-08
 Reference value :  3.96475e-08
 Reference value :  3.96675e-08
 Reference value :  3.96825e-08
 Reference value :  3.97025e-08
 Reference value :  3.97225e-08
 Reference value :  3.97425e-08
 Reference value :  3.97575e-08
 Reference value :  3.97725e-08
 Reference value :  3.97875e-08
 Reference value :  3.98005e-08
 Reference value :  3.98075e-08
 Reference value :  3.98225e-08
 Reference value :  3.98375e-08
 Reference value :  3.98575e-08
 Reference value :  3.98775e-08
 Reference value :  3.98925e-08
 Reference value :  3.99125e-08
 Reference value :  3.99325e-08
 Reference value :  3.99475e-08
 Reference value :  3.99675e-08
 Reference value :  3.99825e-08
 Reference value :  3.99962e-08
 Reference value :  4.00035e-08
 Reference value :  4.00225e-08
 Reference value :  4.00375e-08
 Reference value :  4.00575e-08
 Reference value :  4.00775e-08
 Reference value :  4.00975e-08
 Reference value :  4.01125e-08
 Reference value :  4.01275e-08
 Reference value :  4.01475e-08
 Reference value :  4.01675e-08
 Reference value :  4.01875e-08
 Reference value :  4.02000e-08
 Reference value :  4.02075e-08
 Reference value :  4.02275e-08
 Reference value :  4.02475e-08
 Reference value :  4.02625e-08
 Reference value :  4.02825e-08
 Reference value :  4.02975e-08
 Reference value :  4.03125e-08
 Reference value :  4.03275e-08
 Reference value :  4.03475e-08
 Reference value :  4.03675e-08
 Reference value :  4.03875e-08
 Reference value :  4.04005e-08
 Reference value :  4.04125e-08
 Reference value :  4.04325e-08
 Reference value :  4.04525e-08
 Reference value :  4.04675e-08
 Reference value :  4.04825e-08
 Reference value :  4.05025e-08
 Reference value :  4.05225e-08
 Reference value :  4.05425e-08
 Reference value :  4.05625e-08
 Reference value :  4.05825e-08
 Reference value :  4.06000e-08
 Reference value :  4.06075e-08
 Reference value :  4.06275e-08
 Reference value :  4.06475e-08
 Reference value :  4.06675e-08
 Reference value :  4.06875e-08
 Reference value :  4.07075e-08
 Reference value :  4.07225e-08
 Reference value :  4.07425e-08
 Reference value :  4.07625e-08
 Reference value :  4.07825e-08
 Reference value :  4.07962e-08
 Reference value :  4.08035e-08
 Reference value :  4.08175e-08
 Reference value :  4.08375e-08
 Reference value :  4.08525e-08
 Reference value :  4.08675e-08
 Reference value :  4.08875e-08
 Reference value :  4.09025e-08
 Reference value :  4.09175e-08
 Reference value :  4.09325e-08
 Reference value :  4.09525e-08
 Reference value :  4.09725e-08
 Reference value :  4.09875e-08
 Reference value :  4.10000e-08
 Reference value :  4.10035e-08
 Reference value :  4.10175e-08
 Reference value :  4.10325e-08
 Reference value :  4.10525e-08
 Reference value :  4.10725e-08
 Reference value :  4.10875e-08
 Reference value :  4.11025e-08
 Reference value :  4.11175e-08
 Reference value :  4.11375e-08
 Reference value :  4.11575e-08
 Reference value :  4.11775e-08
 Reference value :  4.11925e-08
 Reference value :  4.12005e-08
 Reference value :  4.12075e-08
 Reference value :  4.12275e-08
 Reference value :  4.12475e-08
 Reference value :  4.12625e-08
 Reference value :  4.12775e-08
 Reference value :  4.12975e-08
 Reference value :  4.13175e-08
 Reference value :  4.13375e-08
 Reference value :  4.13575e-08
 Reference value :  4.13725e-08
 Reference value :  4.13875e-08
 Reference value :  4.14005e-08
 Reference value :  4.14125e-08
 Reference value :  4.14325e-08
 Reference value :  4.14475e-08
 Reference value :  4.14675e-08
 Reference value :  4.14875e-08
 Reference value :  4.15075e-08
 Reference value :  4.15275e-08
 Reference value :  4.15475e-08
 Reference value :  4.15675e-08
 Reference value :  4.15875e-08
 Reference value :  4.16005e-08
 Reference value :  4.16125e-08
 Reference value :  4.16275e-08
 Reference value :  4.16425e-08
 Reference value :  4.16575e-08
 Reference value :  4.16775e-08
 Reference value :  4.16925e-08
 Reference value :  4.17125e-08
 Reference value :  4.17325e-08
 Reference value :  4.17525e-08
 Reference value :  4.17725e-08
 Reference value :  4.17925e-08
 Reference value :  4.18005e-08
 Reference value :  4.18075e-08
 Reference value :  4.18225e-08
 Reference value :  4.18375e-08
 Reference value :  4.18525e-08
 Reference value :  4.18675e-08
 Reference value :  4.18875e-08
 Reference value :  4.19125e-08
 Reference value :  4.19275e-08
 Reference value :  4.19475e-08
 Reference value :  4.19725e-08
 Reference value :  4.19925e-08
 Reference value :  4.20015e-08
 Reference value :  4.20175e-08
 Reference value :  4.20375e-08
 Reference value :  4.20575e-08
 Reference value :  4.20775e-08
 Reference value :  4.20975e-08
 Reference value :  4.21175e-08
 Reference value :  4.21375e-08
 Reference value :  4.21575e-08
 Reference value :  4.21775e-08
 Reference value :  4.21962e-08
 Reference value :  4.22035e-08
 Reference value :  4.22225e-08
 Reference value :  4.22475e-08
 Reference value :  4.22675e-08
 Reference value :  4.22875e-08
 Reference value :  4.23075e-08
 Reference value :  4.23275e-08
 Reference value :  4.23475e-08
 Reference value :  4.23625e-08
 Reference value :  4.23825e-08
 Reference value :  4.23962e-08
 Reference value :  4.24035e-08
 Reference value :  4.24175e-08
 Reference value :  4.24375e-08
 Reference value :  4.24525e-08
 Reference value :  4.24725e-08
 Reference value :  4.24925e-08
 Reference value :  4.25125e-08
 Reference value :  4.25275e-08
 Reference value :  4.25475e-08
 Reference value :  4.25675e-08
 Reference value :  4.25875e-08
 Reference value :  4.26005e-08
 Reference value :  4.26125e-08
 Reference value :  4.26275e-08
 Reference value :  4.26475e-08
 Reference value :  4.26675e-08
 Reference value :  4.26875e-08
 Reference value :  4.27025e-08
 Reference value :  4.27225e-08
 Reference value :  4.27425e-08
 Reference value :  4.27625e-08
 Reference value :  4.27825e-08
 Reference value :  4.28000e-08
 Reference value :  4.28075e-08
 Reference value :  4.28275e-08
 Reference value :  4.28425e-08
 Reference value :  4.28575e-08
 Reference value :  4.28775e-08
 Reference value :  4.28925e-08
 Reference value :  4.29075e-08
 Reference value :  4.29225e-08
 Reference value :  4.29375e-08
 Reference value :  4.29525e-08
 Reference value :  4.29675e-08
 Reference value :  4.29825e-08
 Reference value :  4.30000e-08
 Reference value :  4.30075e-08
 Reference value :  4.30275e-08
 Reference value :  4.30475e-08
 Reference value :  4.30675e-08
 Reference value :  4.30875e-08
 Reference value :  4.31025e-08
 Reference value :  4.31175e-08
 Reference value :  4.31375e-08
 Reference value :  4.31575e-08
 Reference value :  4.31775e-08
 Reference value :  4.31962e-08
 Reference value :  4.32035e-08
 Reference value :  4.32225e-08
 Reference value :  4.32375e-08
 Reference value :  4.32525e-08
 Reference value :  4.32725e-08
 Reference value :  4.32825e-08
 Reference value :  4.33025e-08
 Reference value :  4.33175e-08
 Reference value :  4.33375e-08
 Reference value :  4.33575e-08
 Reference value :  4.33725e-08
 Reference value :  4.33925e-08
 Reference value :  4.34015e-08
 Reference value :  4.34175e-08
 Reference value :  4.34325e-08
 Reference value :  4.34475e-08
 Reference value :  4.34625e-08
 Reference value :  4.34825e-08
 Reference value :  4.34975e-08
 Reference value :  4.35175e-08
 Reference value :  4.35375e-08
 Reference value :  4.35525e-08
 Reference value :  4.35675e-08
 Reference value :  4.35875e-08
 Reference value :  4.36000e-08
 Reference value :  4.36035e-08
 Reference value :  4.36175e-08
 Reference value :  4.36325e-08
 Reference value :  4.36525e-08
 Reference value :  4.36675e-08
 Reference value :  4.36825e-08
 Reference value :  4.36975e-08
 Reference value :  4.37125e-08
 Reference value :  4.37375e-08
 Reference value :  4.37525e-08
 Reference value :  4.37725e-08
 Reference value :  4.37925e-08
 Reference value :  4.38015e-08
 Reference value :  4.38175e-08
 Reference value :  4.38375e-08
 Reference value :  4.38575e-08
 Reference value :  4.38775e-08
 Reference value :  4.38925e-08
 Reference value :  4.39075e-08
 Reference value :  4.39225e-08
 Reference value :  4.39375e-08
 Reference value :  4.39575e-08
 Reference value :  4.39725e-08
 Reference value :  4.39875e-08
 Reference value :  4.40005e-08
 Reference value :  4.40075e-08
 Reference value :  4.40275e-08
 Reference value :  4.40475e-08
 Reference value :  4.40675e-08
 Reference value :  4.40925e-08
 Reference value :  4.41175e-08
 Reference value :  4.41325e-08
 Reference value :  4.41525e-08
 Reference value :  4.41675e-08
 Reference value :  4.41825e-08
 Reference value :  4.41962e-08
 Reference value :  4.42035e-08
 Reference value :  4.42225e-08
 Reference value :  4.42425e-08
 Reference value :  4.42625e-08
 Reference value :  4.42825e-08
 Reference value :  4.43025e-08
 Reference value :  4.43175e-08
 Reference value :  4.43375e-08
 Reference value :  4.43575e-08
 Reference value :  4.43775e-08
 Reference value :  4.43962e-08
 Reference value :  4.44035e-08
 Reference value :  4.44225e-08
 Reference value :  4.44425e-08
 Reference value :  4.44575e-08
 Reference value :  4.44725e-08
 Reference value :  4.44875e-08
 Reference value :  4.45075e-08
 Reference value :  4.45225e-08
 Reference value :  4.45375e-08
 Reference value :  4.45575e-08
 Reference value :  4.45775e-08
 Reference value :  4.45962e-08
 Reference value :  4.46035e-08
 Reference value :  4.46175e-08
 Reference value :  4.46375e-08
 Reference value :  4.46575e-08
 Reference value :  4.46725e-08
 Reference value :  4.46925e-08
 Reference value :  4.47125e-08
 Reference value :  4.47325e-08
 Reference value :  4.47525e-08
 Reference value :  4.47725e-08
 Reference value :  4.47925e-08
 Reference value :  4.48015e-08
 Reference value :  4.48175e-08
 Reference value :  4.48375e-08
 Reference value :  4.48525e-08
 Reference value :  4.48725e-08
 Reference value :  4.48875e-08
 Reference value :  4.49025e-08
 Reference value :  4.49175e-08
 Reference value :  4.49325e-08
 Reference value :  4.49525e-08
 Reference value :  4.49725e-08
 Reference value :  4.49925e-08
 Reference value :  4.50015e-08
 Reference value :  4.50175e-08
 Reference value :  4.50325e-08
 Reference value :  4.50525e-08
 Reference value :  4.50675e-08
 Reference value :  4.50875e-08
 Reference value :  4.51075e-08
 Reference value :  4.51325e-08
 Reference value :  4.51525e-08
 Reference value :  4.51725e-08
 Reference value :  4.51925e-08
 Reference value :  4.52005e-08
 Reference value :  4.52125e-08
 Reference value :  4.52275e-08
 Reference value :  4.52425e-08
 Reference value :  4.52625e-08
 Reference value :  4.52825e-08
 Reference value :  4.53025e-08
 Reference value :  4.53175e-08
 Reference value :  4.53375e-08
 Reference value :  4.53575e-08
 Reference value :  4.53775e-08
 Reference value :  4.53962e-08
 Reference value :  4.54015e-08
 Reference value :  4.54175e-08
 Reference value :  4.54375e-08
 Reference value :  4.54575e-08
 Reference value :  4.54775e-08
 Reference value :  4.54975e-08
 Reference value :  4.55175e-08
 Reference value :  4.55375e-08
 Reference value :  4.55575e-08
 Reference value :  4.55725e-08
 Reference value :  4.55925e-08
 Reference value :  4.56005e-08
 Reference value :  4.56125e-08
 Reference value :  4.56325e-08
 Reference value :  4.56575e-08
 Reference value :  4.56725e-08
 Reference value :  4.56875e-08
 Reference value :  4.57025e-08
 Reference value :  4.57175e-08
 Reference value :  4.57375e-08
 Reference value :  4.57625e-08
 Reference value :  4.57775e-08
 Reference value :  4.57962e-08
 Reference value :  4.58035e-08
 Reference value :  4.58175e-08
 Reference value :  4.58325e-08
 Reference value :  4.58475e-08
 Reference value :  4.58675e-08
 Reference value :  4.58875e-08
 Reference value :  4.59025e-08
 Reference value :  4.59175e-08
 Reference value :  4.59375e-08
 Reference value :  4.59525e-08
 Reference value :  4.59725e-08
 Reference value :  4.59925e-08
 Reference value :  4.60015e-08
 Reference value :  4.60175e-08
 Reference value :  4.60325e-08
 Reference value :  4.60525e-08
 Reference value :  4.60725e-08
 Reference value :  4.60875e-08
 Reference value :  4.61075e-08
 Reference value :  4.61225e-08
 Reference value :  4.61425e-08
 Reference value :  4.61625e-08
 Reference value :  4.61825e-08
 Reference value :  4.61962e-08
 Reference value :  4.62015e-08
 Reference value :  4.62125e-08
 Reference value :  4.62275e-08
 Reference value :  4.62475e-08
 Reference value :  4.62675e-08
 Reference value :  4.62875e-08
 Reference value :  4.63075e-08
 Reference value :  4.63275e-08
 Reference value :  4.63475e-08
 Reference value :  4.63675e-08
 Reference value :  4.63875e-08
 Reference value :  4.64005e-08
 Reference value :  4.64125e-08
 Reference value :  4.64375e-08
 Reference value :  4.64575e-08
 Reference value :  4.64825e-08
 Reference value :  4.65025e-08
 Reference value :  4.65175e-08
 Reference value :  4.65325e-08
 Reference value :  4.65475e-08
 Reference value :  4.65675e-08
 Reference value :  4.65875e-08
 Reference value :  4.66005e-08
 Reference value :  4.66125e-08
 Reference value :  4.66275e-08
 Reference value :  4.66475e-08
 Reference value :  4.66625e-08
 Reference value :  4.66825e-08
 Reference value :  4.67025e-08
 Reference value :  4.67225e-08
 Reference value :  4.67425e-08
 Reference value :  4.67575e-08
 Reference value :  4.67725e-08
 Reference value :  4.67875e-08
 Reference value :  4.68005e-08
 Reference value :  4.68125e-08
 Reference value :  4.68275e-08
 Reference value :  4.68425e-08
 Reference value :  4.68625e-08
 Reference value :  4.68825e-08
 Reference value :  4.69025e-08
 Reference value :  4.69275e-08
 Reference value :  4.69475e-08
 Reference value :  4.69675e-08
 Reference value :  4.69875e-08
 Reference value :  4.70005e-08
 Reference value :  4.70125e-08
 Reference value :  4.70325e-08
 Reference value :  4.70475e-08
 Reference value :  4.70675e-08
 Reference value :  4.70925e-08
 Reference value :  4.71125e-08
 Reference value :  4.71325e-08
 Reference value :  4.71525e-08
 Reference value :  4.71675e-08
 Reference value :  4.71825e-08
 Reference value :  4.72000e-08
 Reference value :  4.72035e-08
 Reference value :  4.72175e-08
 Reference value :  4.72325e-08
 Reference value :  4.72525e-08
 Reference value :  4.72725e-08
 Reference value :  4.72925e-08
 Reference value :  4.73075e-08
 Reference value :  4.73275e-08
 Reference value :  4.73475e-08
 Reference value :  4.73625e-08
 Reference value :  4.73825e-08
 Reference value :  4.74000e-08
 Reference value :  4.74075e-08
 Reference value :  4.74275e-08
 Reference value :  4.74425e-08
 Reference value :  4.74575e-08
 Reference value :  4.74775e-08
 Reference value :  4.74975e-08
 Reference value :  4.75175e-08
 Reference value :  4.75325e-08
 Reference value :  4.75525e-08
 Reference value :  4.75725e-08
 Reference value :  4.75925e-08
 Reference value :  4.76015e-08
 Reference value :  4.76175e-08
 Reference value :  4.76375e-08
 Reference value :  4.76625e-08
 Reference value :  4.76875e-08
 Reference value :  4.77025e-08
 Reference value :  4.77225e-08
 Reference value :  4.77425e-08
 Reference value :  4.77675e-08
 Reference value :  4.77875e-08
 Reference value :  4.78005e-08
 Reference value :  4.78125e-08
 Reference value :  4.78325e-08
 Reference value :  4.78575e-08
 Reference value :  4.78775e-08
 Reference value :  4.79025e-08
 Reference value :  4.79225e-08
 Reference value :  4.79425e-08
 Reference value :  4.79575e-08
 Reference value :  4.79775e-08
 Reference value :  4.79962e-08
 Reference value :  4.80035e-08
 Reference value :  4.80225e-08
 Reference value :  4.80425e-08
 Reference value :  4.80575e-08
 Reference value :  4.80775e-08
 Reference value :  4.80975e-08
 Reference value :  4.81175e-08
 Reference value :  4.81325e-08
 Reference value :  4.81525e-08
 Reference value :  4.81725e-08
 Reference value :  4.81925e-08
 Reference value :  4.82015e-08
 Reference value :  4.82175e-08
 Reference value :  4.82375e-08
 Reference value :  4.82575e-08
 Reference value :  4.82725e-08
 Reference value :  4.82925e-08
 Reference value :  4.83075e-08
 Reference value :  4.83275e-08
 Reference value :  4.83425e-08
 Reference value :  4.83575e-08
 Reference value :  4.83775e-08
 Reference value :  4.83962e-08
 Reference value :  4.84035e-08
 Reference value :  4.84225e-08
 Reference value :  4.84375e-08
 Reference value :  4.84575e-08
 Reference value :  4.84775e-08
 Reference value :  4.84975e-08
 Reference value :  4.85175e-08
 Reference value :  4.85325e-08
 Reference value :  4.85525e-08
 Reference value :  4.85725e-08
 Reference value :  4.85925e-08
 Reference value :  4.86015e-08
 Reference value :  4.86175e-08
 Reference value :  4.86375e-08
 Reference value :  4.86575e-08
 Reference value :  4.86725e-08
 Reference value :  4.86925e-08
 Reference value :  4.87075e-08
 Reference value :  4.87225e-08
 Reference value :  4.87425e-08
 Reference value :  4.87625e-08
 Reference value :  4.87825e-08
 Reference value :  4.87962e-08
 Reference value :  4.88015e-08
 Reference value :  4.88175e-08
 Reference value :  4.88375e-08
 Reference value :  4.88575e-08
 Reference value :  4.88775e-08
 Reference value :  4.88975e-08
 Reference value :  4.89125e-08
 Reference value :  4.89325e-08
 Reference value :  4.89525e-08
 Reference value :  4.89675e-08
 Reference value :  4.89825e-08
 Reference value :  4.90000e-08
 Reference value :  4.90075e-08
 Reference value :  4.90275e-08
 Reference value :  4.90425e-08
 Reference value :  4.90625e-08
 Reference value :  4.90825e-08
 Reference value :  4.90975e-08
 Reference value :  4.91175e-08
 Reference value :  4.91375e-08
 Reference value :  4.91575e-08
 Reference value :  4.91775e-08
 Reference value :  4.91962e-08
 Reference value :  4.92035e-08
 Reference value :  4.92175e-08
 Reference value :  4.92375e-08
 Reference value :  4.92525e-08
 Reference value :  4.92775e-08
 Reference value :  4.92925e-08
 Reference value :  4.93075e-08
 Reference value :  4.93275e-08
 Reference value :  4.93475e-08
 Reference value :  4.93675e-08
 Reference value :  4.93825e-08
 Reference value :  4.94000e-08
 Reference value :  4.94075e-08
 Reference value :  4.94225e-08
 Reference value :  4.94475e-08
 Reference value :  4.94625e-08
 Reference value :  4.94775e-08
 Reference value :  4.94975e-08
 Reference value :  4.95175e-08
 Reference value :  4.95375e-08
 Reference value :  4.95575e-08
 Reference value :  4.95725e-08
 Reference value :  4.95925e-08
 Reference value :  4.96015e-08
 Reference value :  4.96175e-08
 Reference value :  4.96375e-08
 Reference value :  4.96575e-08
 Reference value :  4.96775e-08
 Reference value :  4.96925e-08
 Reference value :  4.97125e-08
 Reference value :  4.97275e-08
 Reference value :  4.97475e-08
 Reference value :  4.97675e-08
 Reference value :  4.97825e-08
 Reference value :  4.98000e-08
 Reference value :  4.98075e-08
 Reference value :  4.98225e-08
 Reference value :  4.98425e-08
 Reference value :  4.98625e-08
 Reference value :  4.98825e-08
 Reference value :  4.99025e-08
 Reference value :  4.99175e-08
 Reference value :  4.99375e-08
 Reference value :  4.99575e-08
 Reference value :  4.99775e-08
 Reference value :  4.99962e-08
 Reference value :  5.00035e-08
 Reference value :  5.00225e-08
 Reference value :  5.00425e-08
 Reference value :  5.00625e-08
 Reference value :  5.00825e-08
 Reference value :  5.01025e-08
 Reference value :  5.01225e-08
 Reference value :  5.01425e-08
 Reference value :  5.01625e-08
 Reference value :  5.01825e-08
 Reference value :  5.02000e-08
 Reference value :  5.02075e-08
 Reference value :  5.02275e-08
 Reference value :  5.02475e-08
 Reference value :  5.02675e-08
 Reference value :  5.02925e-08
 Reference value :  5.03175e-08
 Reference value :  5.03375e-08
 Reference value :  5.03575e-08
 Reference value :  5.03775e-08
 Reference value :  5.03962e-08
 Reference value :  5.04035e-08
 Reference value :  5.04275e-08
 Reference value :  5.04525e-08
 Reference value :  5.04775e-08
 Reference value :  5.05025e-08
 Reference value :  5.05275e-08
 Reference value :  5.05425e-08
 Reference value :  5.05625e-08
 Reference value :  5.05875e-08
 Reference value :  5.06000e-08
 Reference value :  5.06075e-08
 Reference value :  5.06275e-08
 Reference value :  5.06475e-08
 Reference value :  5.06625e-08
 Reference value :  5.06825e-08
 Reference value :  5.06975e-08
 Reference value :  5.07175e-08
 Reference value :  5.07375e-08
 Reference value :  5.07575e-08
 Reference value :  5.07725e-08
 Reference value :  5.07925e-08
 Reference value :  5.08015e-08
 Reference value :  5.08175e-08
 Reference value :  5.08375e-08
 Reference value :  5.08575e-08
 Reference value :  5.08775e-08
 Reference value :  5.09025e-08
 Reference value :  5.09225e-08
 Reference value :  5.09425e-08
 Reference value :  5.09625e-08
 Reference value :  5.09825e-08
 Reference value :  5.10000e-08
 Reference value :  5.10075e-08
 Reference value :  5.10275e-08
 Reference value :  5.10425e-08
 Reference value :  5.10625e-08
 Reference value :  5.10825e-08
 Reference value :  5.11075e-08
 Reference value :  5.11275e-08
 Reference value :  5.11425e-08
 Reference value :  5.11575e-08
 Reference value :  5.11725e-08
 Reference value :  5.11875e-08
 Reference value :  5.12000e-08
 Reference value :  5.12075e-08
 Reference value :  5.12275e-08
 Reference value :  5.12475e-08
 Reference value :  5.12675e-08
 Reference value :  5.12875e-08
 Reference value :  5.13075e-08
 Reference value :  5.13275e-08
 Reference value :  5.13475e-08
 Reference value :  5.13675e-08
 Reference value :  5.13875e-08
 Reference value :  5.14005e-08
 Reference value :  5.14125e-08
 Reference value :  5.14325e-08
 Reference value :  5.14475e-08
 Reference value :  5.14675e-08
 Reference value :  5.14875e-08
 Reference value :  5.15075e-08
 Reference value :  5.15275e-08
 Reference value :  5.15475e-08
 Reference value :  5.15625e-08
 Reference value :  5.15825e-08
 Reference value :  5.16000e-08
 Reference value :  5.16125e-08
 Reference value :  5.16325e-08
 Reference value :  5.16575e-08
 Reference value :  5.16725e-08
 Reference value :  5.16925e-08
 Reference value :  5.17125e-08
 Reference value :  5.17325e-08
 Reference value :  5.17525e-08
 Reference value :  5.17725e-08
 Reference value :  5.17925e-08
 Reference value :  5.18015e-08
 Reference value :  5.18175e-08
 Reference value :  5.18425e-08
 Reference value :  5.18625e-08
 Reference value :  5.18825e-08
 Reference value :  5.19025e-08
 Reference value :  5.19225e-08
 Reference value :  5.19425e-08
 Reference value :  5.19625e-08
 Reference value :  5.19825e-08
 Reference value :  5.20005e-08
 Reference value :  5.20125e-08
 Reference value :  5.20325e-08
 Reference value :  5.20525e-08
 Reference value :  5.20775e-08
 Reference value :  5.21025e-08
 Reference value :  5.21275e-08
 Reference value :  5.21475e-08
 Reference value :  5.21675e-08
 Reference value :  5.21875e-08
 Reference value :  5.22000e-08
 Reference value :  5.22075e-08
 Reference value :  5.22275e-08
 Reference value :  5.22475e-08
 Reference value :  5.22675e-08
 Reference value :  5.22825e-08
 Reference value :  5.23025e-08
 Reference value :  5.23225e-08
 Reference value :  5.23425e-08
 Reference value :  5.23625e-08
 Reference value :  5.23825e-08
 Reference value :  5.24000e-08
 Reference value :  5.24075e-08
 Reference value :  5.24275e-08
 Reference value :  5.24525e-08
 Reference value :  5.24775e-08
 Reference value :  5.25025e-08
 Reference value :  5.25225e-08
 Reference value :  5.25425e-08
 Reference value :  5.25575e-08
 Reference value :  5.25775e-08
 Reference value :  5.25925e-08
 Reference value :  5.26005e-08
 Reference value :  5.26125e-08
 Reference value :  5.26325e-08
 Reference value :  5.26525e-08
 Reference value :  5.26725e-08
 Reference value :  5.26925e-08
 Reference value :  5.27125e-08
 Reference value :  5.27325e-08
 Reference value :  5.27475e-08
 Reference value :  5.27625e-08
 Reference value :  5.27825e-08
 Reference value :  5.28000e-08
 Reference value :  5.28075e-08
 Reference value :  5.28225e-08
 Reference value :  5.28375e-08
 Reference value :  5.28575e-08
 Reference value :  5.28775e-08
 Reference value :  5.28975e-08
 Reference value :  5.29125e-08
 Reference value :  5.29325e-08
 Reference value :  5.29525e-08
 Reference value :  5.29675e-08
 Reference value :  5.29825e-08
 Reference value :  5.30000e-08
 Reference value :  5.30075e-08
 Reference value :  5.30275e-08
 Reference value :  5.30475e-08
 Reference value :  5.30675e-08
 Reference value :  5.30875e-08
 Reference value :  5.31125e-08
 Reference value :  5.31375e-08
 Reference value :  5.31575e-08
 Reference value :  5.31775e-08
 Reference value :  5.31962e-08
 Reference value :  5.32035e-08
 Reference value :  5.32275e-08
 Reference value :  5.32475e-08
 Reference value :  5.32675e-08
 Reference value :  5.32925e-08
 Reference value :  5.33125e-08
 Reference value :  5.33325e-08
 Reference value :  5.33525e-08
 Reference value :  5.33675e-08
 Reference value :  5.33875e-08
 Reference value :  5.34000e-08
 Reference value :  5.34035e-08
 Reference value :  5.34225e-08
 Reference value :  5.34475e-08
 Reference value :  5.34675e-08
 Reference value :  5.34875e-08
 Reference value :  5.35075e-08
 Reference value :  5.35275e-08
 Reference value :  5.35475e-08
 Reference value :  5.35675e-08
 Reference value :  5.35825e-08
 Reference value :  5.35962e-08
 Reference value :  5.36035e-08
 Reference value :  5.36175e-08
 Reference value :  5.36375e-08
 Reference value :  5.36575e-08
 Reference value :  5.36775e-08
 Reference value :  5.36975e-08
 Reference value :  5.37175e-08
 Reference value :  5.37375e-08
 Reference value :  5.37575e-08
 Reference value :  5.37775e-08
 Reference value :  5.37962e-08
 Reference value :  5.38035e-08
 Reference value :  5.38275e-08
 Reference value :  5.38475e-08
 Reference value :  5.38725e-08
 Reference value :  5.38925e-08
 Reference value :  5.39125e-08
 Reference value :  5.39325e-08
 Reference value :  5.39525e-08
 Reference value :  5.39725e-08
 Reference value :  5.39925e-08
 Reference value :  5.40015e-08
 Reference value :  5.40125e-08
 Reference value :  5.40325e-08
 Reference value :  5.40525e-08
 Reference value :  5.40725e-08
 Reference value :  5.40875e-08
 Reference value :  5.41025e-08
 Reference value :  5.41225e-08
 Reference value :  5.41425e-08
 Reference value :  5.41675e-08
 Reference value :  5.41825e-08
 Reference value :  5.42000e-08
 Reference value :  5.42075e-08
 Reference value :  5.42225e-08
 Reference value :  5.42425e-08
 Reference value :  5.42625e-08
 Reference value :  5.42775e-08
 Reference value :  5.42925e-08
 Reference value :  5.43125e-08
 Reference value :  5.43275e-08
 Reference value :  5.43425e-08
 Reference value :  5.43575e-08
 Reference value :  5.43825e-08
 Reference value :  5.44000e-08
 Reference value :  5.44035e-08
 Reference value :  5.44225e-08
 Reference value :  5.44425e-08
 Reference value :  5.44625e-08
 Reference value :  5.44825e-08
 Reference value :  5.45075e-08
 Reference value :  5.45275e-08
 Reference value :  5.45475e-08
 Reference value :  5.45675e-08
 Reference value :  5.45875e-08
 Reference value :  5.46015e-08
 Reference value :  5.46175e-08
 Reference value :  5.46375e-08
 Reference value :  5.46575e-08
 Reference value :  5.46775e-08
 Reference value :  5.46975e-08
 Reference value :  5.47175e-08
 Reference value :  5.47325e-08
 Reference value :  5.47525e-08
 Reference value :  5.47725e-08
 Reference value :  5.47925e-08
 Reference value :  5.48015e-08
 Reference value :  5.48175e-08
 Reference value :  5.48375e-08
 Reference value :  5.48575e-08
 Reference value :  5.48775e-08
 Reference value :  5.48975e-08
 Reference value :  5.49175e-08
 Reference value :  5.49375e-08
 Reference value :  5.49575e-08
 Reference value :  5.49775e-08
 Reference value :  5.49925e-08
 Reference value :  5.50015e-08
 Reference value :  5.50175e-08
 Reference value :  5.50375e-08
 Reference value :  5.50575e-08
 Reference value :  5.50775e-08
 Reference value :  5.51025e-08
 Reference value :  5.51225e-08
 Reference value :  5.51425e-08
 Reference value :  5.51625e-08
 Reference value :  5.51775e-08
 Reference value :  5.51962e-08
 Reference value :  5.52035e-08
 Reference value :  5.52225e-08
 Reference value :  5.52425e-08
 Reference value :  5.52575e-08
 Reference value :  5.52775e-08
 Reference value :  5.52975e-08
 Reference value :  5.53125e-08
 Reference value :  5.53325e-08
 Reference value :  5.53525e-08
 Reference value :  5.53725e-08
 Reference value :  5.53925e-08
 Reference value :  5.54015e-08
 Reference value :  5.54175e-08
 Reference value :  5.54375e-08
 Reference value :  5.54575e-08
 Reference value :  5.54775e-08
 Reference value :  5.54975e-08
 Reference value :  5.55175e-08
 Reference value :  5.55375e-08
 Reference value :  5.55575e-08
 Reference value :  5.55775e-08
 Reference value :  5.55962e-08
 Reference value :  5.56035e-08
 Reference value :  5.56225e-08
 Reference value :  5.56425e-08
 Reference value :  5.56625e-08
 Reference value :  5.56825e-08
 Reference value :  5.57025e-08
 Reference value :  5.57175e-08
 Reference value :  5.57375e-08
 Reference value :  5.57575e-08
 Reference value :  5.57725e-08
 Reference value :  5.57925e-08
 Reference value :  5.58015e-08
 Reference value :  5.58175e-08
 Reference value :  5.58375e-08
 Reference value :  5.58575e-08
 Reference value :  5.58775e-08
 Reference value :  5.59075e-08
 Reference value :  5.59325e-08
 Reference value :  5.59525e-08
 Reference value :  5.59725e-08
 Reference value :  5.59925e-08
 Reference value :  5.60005e-08
 Reference value :  5.60175e-08
 Reference value :  5.60375e-08
 Reference value :  5.60525e-08
 Reference value :  5.60725e-08
 Reference value :  5.60925e-08
 Reference value :  5.61125e-08
 Reference value :  5.61325e-08
 Reference value :  5.61575e-08
 Reference value :  5.61775e-08
 Reference value :  5.61962e-08
 Reference value :  5.62015e-08
 Reference value :  5.62125e-08
 Reference value :  5.62325e-08
 Reference value :  5.62475e-08
 Reference value :  5.62675e-08
 Reference value :  5.62825e-08
 Reference value :  5.62975e-08
 Reference value :  5.63175e-08
 Reference value :  5.63375e-08
 Reference value :  5.63525e-08
 Reference value :  5.63725e-08
 Reference value :  5.63925e-08
 Reference value :  5.64015e-08
 Reference value :  5.64175e-08
 Reference value :  5.64425e-08
 Reference value :  5.64625e-08
 Reference value :  5.64825e-08
 Reference value :  5.65025e-08
 Reference value :  5.65225e-08
 Reference value :  5.65425e-08
 Reference value :  5.65575e-08
 Reference value :  5.65725e-08
 Reference value :  5.65925e-08
 Reference value :  5.66005e-08
 Reference value :  5.66075e-08
 Reference value :  5.66225e-08
 Reference value :  5.66375e-08
 Reference value :  5.66525e-08
 Reference value :  5.66725e-08
 Reference value :  5.66925e-08
 Reference value :  5.67125e-08
 Reference value :  5.67275e-08
 Reference value :  5.67425e-08
 Reference value :  5.67575e-08
 Reference value :  5.67775e-08
 Reference value :  5.67962e-08
 Reference value :  5.68015e-08
 Reference value :  5.68175e-08
 Reference value :  5.68325e-08
 Reference value :  5.68525e-08
 Reference value :  5.68675e-08
 Reference value :  5.68825e-08
 Reference value :  5.69025e-08
 Reference value :  5.69225e-08
 Reference value :  5.69425e-08
 Reference value :  5.69625e-08
 Reference value :  5.69825e-08
 Reference value :  5.70000e-08
 Reference value :  5.70075e-08
 Reference value :  5.70225e-08
 Reference value :  5.70425e-08
 Reference value :  5.70625e-08
 Reference value :  5.70775e-08
 Reference value :  5.70925e-08
 Reference value :  5.71175e-08
 Reference value :  5.71375e-08
 Reference value :  5.71525e-08
 Reference value :  5.71725e-08
 Reference value :  5.71925e-08
 Reference value :  5.72015e-08
 Reference value :  5.72125e-08
 Reference value :  5.72325e-08
 Reference value :  5.72475e-08
 Reference value :  5.72675e-08
 Reference value :  5.72875e-08
 Reference value :  5.73025e-08
 Reference value :  5.73225e-08
 Reference value :  5.73475e-08
 Reference value :  5.73675e-08
 Reference value :  5.73875e-08
 Reference value :  5.74000e-08
 Reference value :  5.74035e-08
 Reference value :  5.74175e-08
 Reference value :  5.74325e-08
 Reference value :  5.74475e-08
 Reference value :  5.74625e-08
 Reference value :  5.74825e-08
 Reference value :  5.74975e-08
 Reference value :  5.75175e-08
 Reference value :  5.75375e-08
 Reference value :  5.75575e-08
 Reference value :  5.75775e-08
 Reference value :  5.75925e-08
 Reference value :  5.76015e-08
 Reference value :  5.76125e-08
 Reference value :  5.76325e-08
 Reference value :  5.76525e-08
 Reference value :  5.76725e-08
 Reference value :  5.76875e-08
 Reference value :  5.77025e-08
 Reference value :  5.77175e-08
 Reference value :  5.77375e-08
 Reference value :  5.77575e-08
 Reference value :  5.77775e-08
 Reference value :  5.77962e-08
 Reference value :  5.78015e-08
 Reference value :  5.78125e-08
 Reference value :  5.78275e-08
 Reference value :  5.78475e-08
 Reference value :  5.78675e-08
 Reference value :  5.78875e-08
 Reference value :  5.79125e-08
 Reference value :  5.79375e-08
 Reference value :  5.79575e-08
 Reference value :  5.79775e-08
 Reference value :  5.79962e-08
 Reference value :  5.80035e-08
 Reference value :  5.80275e-08
 Reference value :  5.80525e-08
 Reference value :  5.80725e-08
 Reference value :  5.80925e-08
 Reference value :  5.81125e-08
 Reference value :  5.81325e-08
 Reference value :  5.81575e-08
 Reference value :  5.81775e-08
 Reference value :  5.81962e-08
 Reference value :  5.82035e-08
 Reference value :  5.82225e-08
 Reference value :  5.82425e-08
 Reference value :  5.82625e-08
 Reference value :  5.82825e-08
 Reference value :  5.83025e-08
 Reference value :  5.83225e-08
 Reference value :  5.83425e-08
 Reference value :  5.83625e-08
 Reference value :  5.83825e-08
 Reference value :  5.84005e-08
 Reference value :  5.84125e-08
 Reference value :  5.84275e-08
 Reference value :  5.84475e-08
 Reference value :  5.84675e-08
 Reference value :  5.84875e-08
 Reference value :  5.85025e-08
 Reference value :  5.85225e-08
 Reference value :  5.85475e-08
 Reference value :  5.85675e-08
 Reference value :  5.85875e-08
 Reference value :  5.86000e-08
 Reference value :  5.86075e-08
 Reference value :  5.86275e-08
 Reference value :  5.86475e-08
 Reference value :  5.86675e-08
 Reference value :  5.86875e-08
 Reference value :  5.87125e-08
 Reference value :  5.87275e-08
 Reference value :  5.87475e-08
 Reference value :  5.87725e-08
 Reference value :  5.87962e-08
 Reference value :  5.88035e-08
 Reference value :  5.88275e-08
 Reference value :  5.88425e-08
 Reference value :  5.88625e-08
 Reference value :  5.88875e-08
 Reference value :  5.89075e-08
 Reference value :  5.89225e-08
 Reference value :  5.89425e-08
 Reference value :  5.89625e-08
 Reference value :  5.89825e-08
 Reference value :  5.90000e-08
 Reference value :  5.90075e-08
 Reference value :  5.90275e-08
 Reference value :  5.90475e-08
 Reference value :  5.90625e-08
 Reference value :  5.90825e-08
 Reference value :  5.91025e-08
 Reference value :  5.91225e-08
 Reference value :  5.91425e-08
 Reference value :  5.91625e-08
 Reference value :  5.91825e-08
 Reference value :  5.92000e-08
 Reference value :  5.92075e-08
 Reference value :  5.92275e-08
 Reference value :  5.92475e-08
 Reference value :  5.92675e-08
 Reference value :  5.92875e-08
 Reference value :  5.93075e-08
 Reference value :  5.93275e-08
 Reference value :  5.93475e-08
 Reference value :  5.93675e-08
 Reference value :  5.93825e-08
 Reference value :  5.94000e-08
 Reference value :  5.94075e-08
 Reference value :  5.94225e-08
 Reference value :  5.94425e-08
 Reference value :  5.94575e-08
 Reference value :  5.94775e-08
 Reference value :  5.94975e-08
 Reference value :  5.95175e-08
 Reference value :  5.95375e-08
 Reference value :  5.95575e-08
 Reference value :  5.95875e-08
 Reference value :  5.96015e-08
 Reference value :  5.96225e-08
 Reference value :  5.96425e-08
 Reference value :  5.96675e-08
 Reference value :  5.96875e-08
 Reference value :  5.97075e-08
 Reference value :  5.97275e-08
 Reference value :  5.97525e-08
 Reference value :  5.97675e-08
 Reference value :  5.97825e-08
 Reference value :  5.98000e-08
 Reference value :  5.98125e-08
 Reference value :  5.98325e-08
 Reference value :  5.98525e-08
 Reference value :  5.98625e-08
 Reference value :  5.98825e-08
 Reference value :  5.99025e-08
 Reference value :  5.99225e-08
 Reference value :  5.99425e-08
 Reference value :  5.99575e-08
 Reference value :  5.99775e-08
 Reference value :  6.00000e-08
 Reference value :  6.00075e-08
 Reference value :  6.00275e-08
 Reference value :  6.00475e-08
 Reference value :  6.00625e-08
 Reference value :  6.00775e-08
 Reference value :  6.00975e-08
 Reference value :  6.01125e-08
 Reference value :  6.01325e-08
 Reference value :  6.01475e-08
 Reference value :  6.01675e-08
 Reference value :  6.01875e-08
 Reference value :  6.02015e-08
 Reference value :  6.02175e-08
 Reference value :  6.02375e-08
 Reference value :  6.02525e-08
 Reference value :  6.02725e-08
 Reference value :  6.02975e-08
 Reference value :  6.03225e-08
 Reference value :  6.03525e-08
 Reference value :  6.03725e-08
 Reference value :  6.03925e-08
 Reference value :  6.04015e-08
 Reference value :  6.04175e-08
 Reference value :  6.04425e-08
 Reference value :  6.04625e-08
 Reference value :  6.04875e-08
 Reference value :  6.05075e-08
 Reference value :  6.05275e-08
 Reference value :  6.05525e-08
 Reference value :  6.05775e-08
 Reference value :  6.05962e-08
 Reference value :  6.06035e-08
 Reference value :  6.06225e-08
 Reference value :  6.06425e-08
 Reference value :  6.06625e-08
 Reference value :  6.06825e-08
 Reference value :  6.07025e-08
 Reference value :  6.07225e-08
 Reference value :  6.07375e-08
 Reference value :  6.07525e-08
 Reference value :  6.07725e-08
 Reference value :  6.07925e-08
 Reference value :  6.08015e-08
 Reference value :  6.08175e-08
 Reference value :  6.08375e-08
 Reference value :  6.08575e-08
 Reference value :  6.08775e-08
 Reference value :  6.08925e-08
 Reference value :  6.09125e-08
 Reference value :  6.09325e-08
 Reference value :  6.09525e-08
 Reference value :  6.09725e-08
 Reference value :  6.09925e-08
 Reference value :  6.10015e-08
 Reference value :  6.10125e-08
 Reference value :  6.10325e-08
 Reference value :  6.10525e-08
 Reference value :  6.10725e-08
 Reference value :  6.10925e-08
 Reference value :  6.11125e-08
 Reference value :  6.11375e-08
 Reference value :  6.11575e-08
 Reference value :  6.11775e-08
 Reference value :  6.11962e-08
 Reference value :  6.12015e-08
 Reference value :  6.12175e-08
 Reference value :  6.12375e-08
 Reference value :  6.12525e-08
 Reference value :  6.12675e-08
 Reference value :  6.12825e-08
 Reference value :  6.12975e-08
 Reference value :  6.13175e-08
 Reference value :  6.13425e-08
 Reference value :  6.13675e-08
 Reference value :  6.13925e-08
 Reference value :  6.14015e-08
 Reference value :  6.14175e-08
 Reference value :  6.14375e-08
 Reference value :  6.14575e-08
 Reference value :  6.14725e-08
 Reference value :  6.14875e-08
 Reference value :  6.15075e-08
 Reference value :  6.15225e-08
 Reference value :  6.15375e-08
 Reference value :  6.15525e-08
 Reference value :  6.15675e-08
 Reference value :  6.15825e-08
 Reference value :  6.15962e-08
 Reference value :  6.16015e-08
 Reference value :  6.16175e-08
 Reference value :  6.16325e-08
 Reference value :  6.16475e-08
 Reference value :  6.16675e-08
 Reference value :  6.16875e-08
 Reference value :  6.17025e-08
 Reference value :  6.17175e-08
 Reference value :  6.17325e-08
 Reference value :  6.17525e-08
 Reference value :  6.17675e-08
 Reference value :  6.17825e-08
 Reference value :  6.17962e-08
 Reference value :  6.18015e-08
 Reference value :  6.18125e-08
 Reference value :  6.18325e-08
 Reference value :  6.18475e-08
 Reference value :  6.18675e-08
 Reference value :  6.18825e-08
 Reference value :  6.18975e-08
 Reference value :  6.19125e-08
 Reference value :  6.19275e-08
 Reference value :  6.19425e-08
 Reference value :  6.19575e-08
 Reference value :  6.19725e-08
 Reference value :  6.19875e-08
 Reference value :  6.20000e-08
 Reference value :  6.20035e-08
 Reference value :  6.20225e-08
 Reference value :  6.20425e-08
 Reference value :  6.20625e-08
 Reference value :  6.20825e-08
 Reference value :  6.21025e-08
 Reference value :  6.21225e-08
 Reference value :  6.21425e-08
 Reference value :  6.21625e-08
 Reference value :  6.21825e-08
 Reference value :  6.22000e-08
 Reference value :  6.22075e-08
 Reference value :  6.22275e-08
 Reference value :  6.22475e-08
 Reference value :  6.22625e-08
 Reference value :  6.22825e-08
 Reference value :  6.23025e-08
 Reference value :  6.23225e-08
 Reference value :  6.23425e-08
 Reference value :  6.23625e-08
 Reference value :  6.23825e-08
 Reference value :  6.24000e-08
 Reference value :  6.24035e-08
 Reference value :  6.24225e-08
 Reference value :  6.24475e-08
 Reference value :  6.24725e-08
 Reference value :  6.24925e-08
 Reference value :  6.25125e-08
 Reference value :  6.25325e-08
 Reference value :  6.25525e-08
 Reference value :  6.25675e-08
 Reference value :  6.25825e-08
 Reference value :  6.26000e-08
 Reference value :  6.26075e-08
 Reference value :  6.26275e-08
 Reference value :  6.26425e-08
 Reference value :  6.26625e-08
 Reference value :  6.26775e-08
 Reference value :  6.27025e-08
 Reference value :  6.27225e-08
 Reference value :  6.27425e-08
 Reference value :  6.27625e-08
 Reference value :  6.27825e-08
 Reference value :  6.28000e-08
 Reference value :  6.28075e-08
 Reference value :  6.28275e-08
 Reference value :  6.28475e-08
 Reference value :  6.28675e-08
 Reference value :  6.28925e-08
 Reference value :  6.29125e-08
 Reference value :  6.29325e-08
 Reference value :  6.29525e-08
 Reference value :  6.29675e-08
 Reference value :  6.29875e-08
 Reference value :  6.30005e-08
 Reference value :  6.30125e-08
 Reference value :  6.30325e-08
 Reference value :  6.30525e-08
 Reference value :  6.30725e-08
 Reference value :  6.30925e-08
 Reference value :  6.31125e-08
 Reference value :  6.31325e-08
 Reference value :  6.31525e-08
 Reference value :  6.31725e-08
 Reference value :  6.31925e-08
 Reference value :  6.32015e-08
 Reference value :  6.32175e-08
 Reference value :  6.32375e-08
 Reference value :  6.32525e-08
 Reference value :  6.32675e-08
 Reference value :  6.32825e-08
 Reference value :  6.32975e-08
 Reference value :  6.33125e-08
 Reference value :  6.33325e-08
 Reference value :  6.33575e-08
 Reference value :  6.33825e-08
 Reference value :  6.34000e-08
 Reference value :  6.34075e-08
 Reference value :  6.34275e-08
 Reference value :  6.34425e-08
 Reference value :  6.34625e-08
 Reference value :  6.34825e-08
 Reference value :  6.35025e-08
 Reference value :  6.35225e-08
 Reference value :  6.35425e-08
 Reference value :  6.35625e-08
 Reference value :  6.35875e-08
 Reference value :  6.36005e-08
 Reference value :  6.36075e-08
 Reference value :  6.36275e-08
 Reference value :  6.36475e-08
 Reference value :  6.36725e-08
 Reference value :  6.36925e-08
 Reference value :  6.37125e-08
 Reference value :  6.37325e-08
 Reference value :  6.37525e-08
 Reference value :  6.37725e-08
 Reference value :  6.37962e-08
 Reference value :  6.38035e-08
 Reference value :  6.38225e-08
 Reference value :  6.38475e-08
 Reference value :  6.38675e-08
 Reference value :  6.38875e-08
 Reference value :  6.39075e-08
 Reference value :  6.39275e-08
 Reference value :  6.39475e-08
 Reference value :  6.39675e-08
 Reference value :  6.39875e-08
 Reference value :  6.40015e-08
 Reference value :  6.40175e-08
 Reference value :  6.40425e-08
 Reference value :  6.40675e-08
 Reference value :  6.40925e-08
 Reference value :  6.41125e-08
 Reference value :  6.41325e-08
 Reference value :  6.41525e-08
 Reference value :  6.41725e-08
 Reference value :  6.41925e-08
 Reference value :  6.42015e-08
 Reference value :  6.42175e-08
 Reference value :  6.42325e-08
 Reference value :  6.42475e-08
 Reference value :  6.42675e-08
 Reference value :  6.42875e-08
 Reference value :  6.43075e-08
 Reference value :  6.43275e-08
 Reference value :  6.43475e-08
 Reference value :  6.43675e-08
 Reference value :  6.43875e-08
 Reference value :  6.44005e-08
 Reference value :  6.44125e-08
 Reference value :  6.44325e-08
 Reference value :  6.44475e-08
 Reference value :  6.44675e-08
 Reference value :  6.44825e-08
 Reference value :  6.45025e-08
 Reference value :  6.45225e-08
 Reference value :  6.45375e-08
 Reference value :  6.45625e-08
 Reference value :  6.45775e-08
 Reference value :  6.45925e-08
 Reference value :  6.46015e-08
 Reference value :  6.46175e-08
 Reference value :  6.46375e-08
 Reference value :  6.46575e-08
 Reference value :  6.46775e-08
 Reference value :  6.46975e-08
 Reference value :  6.47075e-08
 Reference value :  6.47275e-08
 Reference value :  6.47475e-08
 Reference value :  6.47675e-08
 Reference value :  6.47825e-08
 Reference value :  6.48000e-08
 Reference value :  6.48075e-08
 Reference value :  6.48225e-08
 Reference value :  6.48375e-08
 Reference value :  6.48575e-08
 Reference value :  6.48825e-08
 Reference value :  6.49025e-08
 Reference value :  6.49225e-08
 Reference value :  6.49375e-08
 Reference value :  6.49475e-08
 Reference value :  6.49625e-08
 Reference value :  6.49825e-08
 Reference value :  6.49962e-08
 Reference value :  6.50035e-08
 Reference value :  6.50225e-08
 Reference value :  6.50425e-08
 Reference value :  6.50625e-08
 Reference value :  6.50825e-08
 Reference value :  6.50975e-08
 Reference value :  6.51125e-08
 Reference value :  6.51325e-08
 Reference value :  6.51525e-08
 Reference value :  6.51725e-08
 Reference value :  6.51925e-08
 Reference value :  6.52015e-08
 Reference value :  6.52275e-08
 Reference value :  6.52475e-08
 Reference value :  6.52625e-08
 Reference value :  6.52775e-08
 Reference value :  6.52975e-08
 Reference value :  6.53175e-08
 Reference value :  6.53325e-08
 Reference value :  6.53475e-08
 Reference value :  6.53675e-08
 Reference value :  6.53875e-08
 Reference value :  6.54005e-08
 Reference value :  6.54125e-08
 Reference value :  6.54275e-08
 Reference value :  6.54525e-08
 Reference value :  6.54675e-08
 Reference value :  6.54825e-08
 Reference value :  6.54975e-08
 Reference value :  6.55225e-08
 Reference value :  6.55475e-08
 Reference value :  6.55675e-08
 Reference value :  6.55875e-08
 Reference value :  6.56005e-08
 Reference value :  6.56125e-08
 Reference value :  6.56325e-08
 Reference value :  6.56475e-08
 Reference value :  6.56675e-08
 Reference value :  6.56875e-08
 Reference value :  6.57075e-08
 Reference value :  6.57225e-08
 Reference value :  6.57375e-08
 Reference value :  6.57525e-08
 Reference value :  6.57675e-08
 Reference value :  6.57825e-08
 Reference value :  6.57962e-08
 Reference value :  6.58015e-08
 Reference value :  6.58175e-08
 Reference value :  6.58375e-08
 Reference value :  6.58525e-08
 Reference value :  6.58675e-08
 Reference value :  6.58825e-08
 Reference value :  6.59025e-08
 Reference value :  6.59175e-08
 Reference value :  6.59375e-08
 Reference value :  6.59525e-08
 Reference value :  6.59725e-08
 Reference value :  6.59925e-08
 Reference value :  6.60005e-08
 Reference value :  6.60125e-08
 Reference value :  6.60375e-08
 Reference value :  6.60625e-08
 Reference value :  6.60825e-08
 Reference value :  6.60975e-08
 Reference value :  6.61125e-08
 Reference value :  6.61325e-08
 Reference value :  6.61525e-08
 Reference value :  6.61725e-08
 Reference value :  6.61925e-08
 Reference value :  6.62015e-08
 Reference value :  6.62175e-08
 Reference value :  6.62375e-08
 Reference value :  6.62575e-08
 Reference value :  6.62775e-08
 Reference value :  6.62975e-08
 Reference value :  6.63175e-08
 Reference value :  6.63375e-08
 Reference value :  6.63575e-08
 Reference value :  6.63775e-08
 Reference value :  6.63962e-08
 Reference value :  6.64035e-08
 Reference value :  6.64225e-08
 Reference value :  6.64425e-08
 Reference value :  6.64625e-08
 Reference value :  6.64825e-08
 Reference value :  6.65025e-08
 Reference value :  6.65225e-08
 Reference value :  6.65425e-08
 Reference value :  6.65625e-08
 Reference value :  6.65825e-08
 Reference value :  6.66005e-08
 Reference value :  6.66125e-08
 Reference value :  6.66325e-08
 Reference value :  6.66525e-08
 Reference value :  6.66775e-08
 Reference value :  6.66975e-08
 Reference value :  6.67175e-08
 Reference value :  6.67375e-08
 Reference value :  6.67575e-08
 Reference value :  6.67775e-08
 Reference value :  6.67962e-08
 Reference value :  6.68015e-08
 Reference value :  6.68175e-08
 Reference value :  6.68375e-08
 Reference value :  6.68625e-08
 Reference value :  6.68825e-08
 Reference value :  6.69025e-08
 Reference value :  6.69225e-08
 Reference value :  6.69375e-08
 Reference value :  6.69575e-08
 Reference value :  6.69725e-08
 Reference value :  6.69925e-08
 Reference value :  6.70015e-08
 Reference value :  6.70175e-08
 Reference value :  6.70425e-08
 Reference value :  6.70625e-08
 Reference value :  6.70825e-08
 Reference value :  6.71075e-08
 Reference value :  6.71275e-08
 Reference value :  6.71475e-08
 Reference value :  6.71675e-08
 Reference value :  6.71875e-08
 Reference value :  6.72005e-08
 Reference value :  6.72125e-08
 Reference value :  6.72325e-08
 Reference value :  6.72525e-08
 Reference value :  6.72725e-08
 Reference value :  6.72875e-08
 Reference value :  6.73075e-08
 Reference value :  6.73275e-08
 Reference value :  6.73475e-08
 Reference value :  6.73675e-08
 Reference value :  6.73875e-08
 Reference value :  6.74005e-08
 Reference value :  6.74125e-08
 Reference value :  6.74275e-08
 Reference value :  6.74475e-08
 Reference value :  6.74675e-08
 Reference value :  6.74875e-08
 Reference value :  6.75075e-08
 Reference value :  6.75275e-08
 Reference value :  6.75475e-08
 Reference value :  6.75625e-08
 Reference value :  6.75825e-08
 Reference value :  6.76000e-08
 Reference value :  6.76075e-08
 Reference value :  6.76275e-08
 Reference value :  6.76475e-08
 Reference value :  6.76625e-08
 Reference value :  6.76825e-08
 Reference value :  6.77025e-08
 Reference value :  6.77225e-08
 Reference value :  6.77375e-08
 Reference value :  6.77525e-08
 Reference value :  6.77725e-08
 Reference value :  6.77962e-08
 Reference value :  6.78075e-08
 Reference value :  6.78275e-08
 Reference value :  6.78475e-08
 Reference value :  6.78675e-08
 Reference value :  6.78875e-08
 Reference value :  6.79025e-08
 Reference value :  6.79175e-08
 Reference value :  6.79375e-08
 Reference value :  6.79575e-08
 Reference value :  6.79775e-08
 Reference value :  6.79962e-08
 Reference value :  6.80035e-08
 Reference value :  6.80225e-08
 Reference value :  6.80425e-08
 Reference value :  6.80625e-08
 Reference value :  6.80825e-08
 Reference value :  6.81025e-08
 Reference value :  6.81175e-08
 Reference value :  6.81375e-08
 Reference value :  6.81575e-08
 Reference value :  6.81775e-08
 Reference value :  6.81962e-08
 Reference value :  6.82035e-08
 Reference value :  6.82225e-08
 Reference value :  6.82425e-08
 Reference value :  6.82625e-08
 Reference value :  6.82825e-08
 Reference value :  6.83025e-08
 Reference value :  6.83225e-08
 Reference value :  6.83375e-08
 Reference value :  6.83625e-08
 Reference value :  6.83775e-08
 Reference value :  6.83962e-08
 Reference value :  6.84035e-08
 Reference value :  6.84225e-08
 Reference value :  6.84425e-08
 Reference value :  6.84625e-08
 Reference value :  6.84775e-08
 Reference value :  6.84975e-08
 Reference value :  6.85175e-08
 Reference value :  6.85375e-08
 Reference value :  6.85575e-08
 Reference value :  6.85775e-08
 Reference value :  6.85962e-08
 Reference value :  6.86035e-08
 Reference value :  6.86225e-08
 Reference value :  6.86375e-08
 Reference value :  6.86575e-08
 Reference value :  6.86775e-08
 Reference value :  6.86975e-08
 Reference value :  6.87175e-08
 Reference value :  6.87375e-08
 Reference value :  6.87575e-08
 Reference value :  6.87775e-08
 Reference value :  6.87962e-08
 Reference value :  6.88015e-08
 Reference value :  6.88225e-08
 Reference value :  6.88425e-08
 Reference value :  6.88625e-08
 Reference value :  6.88825e-08
 Reference value :  6.89025e-08
 Reference value :  6.89225e-08
 Reference value :  6.89425e-08
 Reference value :  6.89675e-08
 Reference value :  6.89825e-08
 Reference value :  6.89962e-08
 Reference value :  6.90015e-08
 Reference value :  6.90175e-08
 Reference value :  6.90375e-08
 Reference value :  6.90525e-08
 Reference value :  6.90725e-08
 Reference value :  6.90925e-08
 Reference value :  6.91075e-08
 Reference value :  6.91275e-08
 Reference value :  6.91475e-08
 Reference value :  6.91675e-08
 Reference value :  6.91875e-08
 Reference value :  6.92005e-08
 Reference value :  6.92125e-08
 Reference value :  6.92325e-08
 Reference value :  6.92575e-08
 Reference value :  6.92775e-08
 Reference value :  6.93025e-08
 Reference value :  6.93225e-08
 Reference value :  6.93425e-08
 Reference value :  6.93625e-08
 Reference value :  6.93775e-08
 Reference value :  6.93925e-08
 Reference value :  6.94015e-08
 Reference value :  6.94175e-08
 Reference value :  6.94325e-08
 Reference value :  6.94525e-08
 Reference value :  6.94725e-08
 Reference value :  6.94925e-08
 Reference value :  6.95125e-08
 Reference value :  6.95275e-08
 Reference value :  6.95425e-08
 Reference value :  6.95625e-08
 Reference value :  6.95825e-08
 Reference value :  6.95962e-08
 Reference value :  6.96035e-08
 Reference value :  6.96225e-08
 Reference value :  6.96475e-08
 Reference value :  6.96675e-08
 Reference value :  6.96875e-08
 Reference value :  6.97075e-08
 Reference value :  6.97275e-08
 Reference value :  6.97475e-08
 Reference value :  6.97675e-08
 Reference value :  6.97875e-08
 Reference value :  6.98000e-08
 Reference value :  6.98075e-08
 Reference value :  6.98275e-08
 Reference value :  6.98475e-08
 Reference value :  6.98675e-08
 Reference value :  6.98875e-08
 Reference value :  6.99075e-08
 Reference value :  6.99225e-08
 Reference value :  6.99375e-08
 Reference value :  6.99575e-08
 Reference value :  6.99775e-08
 Reference value :  6.99962e-08
 Reference value :  7.00035e-08
 Reference value :  7.00225e-08
 Reference value :  7.00375e-08
 Reference value :  7.00575e-08
 Reference value :  7.00725e-08
 Reference value :  7.00975e-08
 Reference value :  7.01175e-08
 Reference value :  7.01375e-08
 Reference value :  7.01575e-08
 Reference value :  7.01775e-08
 Reference value :  7.01962e-08
 Reference value :  7.02075e-08
 Reference value :  7.02325e-08
 Reference value :  7.02475e-08
 Reference value :  7.02675e-08
 Reference value :  7.02925e-08
 Reference value :  7.03125e-08
 Reference value :  7.03325e-08
 Reference value :  7.03475e-08
 Reference value :  7.03625e-08
 Reference value :  7.03775e-08
 Reference value :  7.03962e-08
 Reference value :  7.04035e-08
 Reference value :  7.04225e-08
 Reference value :  7.04425e-08
 Reference value :  7.04625e-08
 Reference value :  7.04825e-08
 Reference value :  7.05025e-08
 Reference value :  7.05225e-08
 Reference value :  7.05425e-08
 Reference value :  7.05575e-08
 Reference value :  7.05725e-08
 Reference value :  7.05875e-08
 Reference value :  7.06000e-08
 Reference value :  7.06075e-08
 Reference value :  7.06275e-08
 Reference value :  7.06475e-08
 Reference value :  7.06675e-08
 Reference value :  7.06875e-08
 Reference value :  7.07075e-08
 Reference value :  7.07275e-08
 Reference value :  7.07475e-08
 Reference value :  7.07675e-08
 Reference value :  7.07875e-08
 Reference value :  7.08005e-08
 Reference value :  7.08075e-08
 Reference value :  7.08275e-08
 Reference value :  7.08425e-08
 Reference value :  7.08625e-08
 Reference value :  7.08775e-08
 Reference value :  7.08925e-08
 Reference value :  7.09125e-08
 Reference value :  7.09325e-08
 Reference value :  7.09525e-08
 Reference value :  7.09725e-08
 Reference value :  7.09925e-08
 Reference value :  7.10015e-08
 Reference value :  7.10175e-08
 Reference value :  7.10375e-08
 Reference value :  7.10575e-08
 Reference value :  7.10775e-08
 Reference value :  7.10975e-08
 Reference value :  7.11175e-08
 Reference value :  7.11425e-08
 Reference value :  7.11675e-08
 Reference value :  7.11925e-08
 Reference value :  7.12035e-08
 Reference value :  7.12275e-08
 Reference value :  7.12475e-08
 Reference value :  7.12625e-08
 Reference value :  7.12825e-08
 Reference value :  7.13075e-08
 Reference value :  7.13275e-08
 Reference value :  7.13525e-08
 Reference value :  7.13725e-08
 Reference value :  7.13962e-08
 Reference value :  7.14035e-08
 Reference value :  7.14225e-08
 Reference value :  7.14425e-08
 Reference value :  7.14625e-08
 Reference value :  7.14775e-08
 Reference value :  7.14975e-08
 Reference value :  7.15225e-08
 Reference value :  7.15375e-08
 Reference value :  7.15575e-08
 Reference value :  7.15775e-08
 Reference value :  7.15962e-08
 Reference value :  7.16035e-08
 Reference value :  7.16175e-08
 Reference value :  7.16325e-08
 Reference value :  7.16525e-08
 Reference value :  7.16725e-08
 Reference value :  7.16975e-08
 Reference value :  7.17225e-08
 Reference value :  7.17475e-08
 Reference value :  7.17675e-08
 Reference value :  7.17875e-08
 Reference value :  7.18005e-08
 Reference value :  7.18125e-08
 Reference value :  7.18375e-08
 Reference value :  7.18625e-08
 Reference value :  7.18825e-08
 Reference value :  7.19075e-08
 Reference value :  7.19325e-08
 Reference value :  7.19575e-08
 Reference value :  7.19775e-08
 Reference value :  7.20000e-08
 Reference value :  7.20125e-08
 Reference value :  7.20375e-08
 Reference value :  7.20625e-08
 Reference value :  7.20875e-08
 Reference value :  7.21075e-08
 Reference value :  7.21325e-08
 Reference value :  7.21575e-08
 Reference value :  7.21775e-08
 Reference value :  7.22000e-08
 Reference value :  7.22175e-08
 Reference value :  7.22475e-08
 Reference value :  7.22725e-08
 Reference value :  7.22975e-08
 Reference value :  7.34075e-08
 Reference value :  7.34325e-08
 Reference value :  7.34525e-08
 Reference value :  7.34725e-08
 Reference value :  7.34875e-08
 Reference value :  7.35175e-08
 Reference value :  7.35475e-08
 Reference value :  7.35725e-08
 Reference value :  7.35962e-08
 Reference value :  7.36075e-08
 Reference value :  7.36325e-08
 Reference value :  7.36475e-08
 Reference value :  7.36675e-08
 Reference value :  7.36925e-08
 Reference value :  7.37125e-08
 Reference value :  7.37325e-08
 Reference value :  7.37525e-08
 Reference value :  7.37725e-08
 Reference value :  7.37925e-08
 Reference value :  7.38015e-08
 Reference value :  7.44525e-08
 Reference value :  7.44725e-08
 Reference value :  7.44975e-08
 Reference value :  7.45225e-08
 Reference value :  7.45425e-08
 Reference value :  7.45625e-08
 Reference value :  7.45825e-08
 Reference value :  7.46005e-08
 Reference value :  7.46175e-08
 Reference value :  7.47275e-08
 Reference value :  7.47475e-08
 Reference value :  7.47725e-08
 Reference value :  7.47875e-08
 Reference value :  7.48005e-08
 Reference value :  7.48125e-08
 Reference value :  7.48375e-08
 Reference value :  7.48625e-08
 Reference value :  7.48875e-08
 Reference value :  7.49175e-08
 Reference value :  7.49425e-08
 Reference value :  7.49575e-08
 Reference value :  7.49825e-08
 Reference value :  7.50005e-08
 Reference value :  7.50175e-08
 Reference value :  7.50375e-08
 Reference value :  7.50575e-08
 Reference value :  7.50875e-08
 Reference value :  7.51075e-08
 Reference value :  7.51275e-08
 Reference value :  7.51525e-08
 Reference value :  7.51775e-08
 Reference value :  7.52000e-08
 Reference value :  7.52175e-08
 Reference value :  7.52425e-08
 Reference value :  7.52675e-08
 Reference value :  7.52925e-08
 Reference value :  7.53175e-08
 Reference value :  7.53425e-08
 Reference value :  7.53625e-08
 Reference value :  7.53825e-08
 Reference value :  7.53962e-08
 Reference value :  7.54075e-08
 Reference value :  7.54275e-08
 Reference value :  7.54575e-08
 Reference value :  7.54775e-08
 Reference value :  7.55025e-08
 Reference value :  7.55275e-08
 Reference value :  7.55525e-08
 Reference value :  7.55725e-08
 Reference value :  7.55925e-08
 Reference value :  7.56015e-08
 Reference value :  7.56225e-08
 Reference value :  7.56475e-08
 Reference value :  7.56675e-08
 Reference value :  7.56925e-08
 Reference value :  7.57175e-08
 Reference value :  7.57425e-08
 Reference value :  7.57625e-08
 Reference value :  7.57875e-08
 Reference value :  7.58015e-08
 Reference value :  7.58225e-08
 Reference value :  7.58425e-08
 Reference value :  7.58625e-08
 Reference value :  7.58775e-08
 Reference value :  7.58975e-08
 Reference value :  7.59175e-08
 Reference value :  7.59425e-08
 Reference value :  7.59625e-08
 Reference value :  7.59875e-08
 Reference value :  7.60015e-08
 Reference value :  7.60225e-08
 Reference value :  7.60475e-08
 Reference value :  7.60725e-08
 Reference value :  7.60925e-08
 Reference value :  7.61125e-08
 Reference value :  7.61325e-08
 Reference value :  7.61575e-08
 Reference value :  7.61825e-08
 Reference value :  7.62000e-08
 Reference value :  7.62125e-08
 Reference value :  7.62325e-08
 Reference value :  7.62625e-08
 Reference value :  7.62875e-08
 Reference value :  7.63125e-08
 Reference value :  7.63375e-08
 Reference value :  7.63675e-08
 Reference value :  7.63925e-08
 Reference value :  7.64015e-08
 Reference value :  7.64225e-08
 Reference value :  7.64475e-08
 Reference value :  7.64725e-08
 Reference value :  7.64925e-08
 Reference value :  7.65175e-08
 Reference value :  7.65375e-08
 Reference value :  7.65625e-08
 Reference value :  7.65875e-08
 Reference value :  7.66035e-08
 Reference value :  7.66225e-08
 Reference value :  7.66475e-08
 Reference value :  7.66725e-08
 Reference value :  7.67025e-08
 Reference value :  7.67275e-08
 Reference value :  7.67525e-08
 Reference value :  7.67775e-08
 Reference value :  7.68005e-08
 Reference value :  7.68225e-08
 Reference value :  7.68475e-08
 Reference value :  7.68725e-08
 Reference value :  7.68975e-08
 Reference value :  7.69225e-08
 Reference value :  7.69425e-08
 Reference value :  7.69625e-08
 Reference value :  7.69775e-08
 Reference value :  7.69925e-08
 Reference value :  7.70015e-08
 Reference value :  7.70125e-08
 Reference value :  7.70275e-08
 Reference value :  7.70525e-08
 Reference value :  7.70675e-08
 Reference value :  7.70825e-08
 Reference value :  7.71025e-08
 Reference value :  7.71225e-08
 Reference value :  7.71425e-08
 Reference value :  7.71675e-08
 Reference value :  7.71875e-08
 Reference value :  7.72005e-08
 Reference value :  7.72125e-08
 Reference value :  7.72375e-08
 Reference value :  7.72575e-08
 Reference value :  7.72825e-08
 Reference value :  7.73075e-08
 Reference value :  7.73375e-08
 Reference value :  7.73575e-08
 Reference value :  7.73825e-08
 Reference value :  7.74005e-08
 Reference value :  7.74175e-08
 Reference value :  7.74375e-08
 Reference value :  7.74625e-08
 Reference value :  7.74925e-08
 Reference value :  7.75125e-08
 Reference value :  7.75375e-08
 Reference value :  7.75625e-08
 Reference value :  7.75925e-08
 Reference value :  7.76015e-08
 Reference value :  7.76175e-08
 Reference value :  7.76325e-08
 Reference value :  7.76475e-08
 Reference value :  7.76625e-08
 Reference value :  7.76775e-08
 Reference value :  7.76925e-08
 Reference value :  7.77075e-08
 Reference value :  7.77275e-08
 Reference value :  7.77475e-08
 Reference value :  7.77675e-08
 Reference value :  7.77875e-08
 Reference value :  7.78005e-08
 Reference value :  7.78125e-08
 Reference value :  7.78275e-08
 Reference value :  7.78475e-08
 Reference value :  7.78625e-08
 Reference value :  7.78825e-08
 Reference value :  7.78975e-08
 Reference value :  7.79125e-08
 Reference value :  7.79325e-08
 Reference value :  7.79525e-08
 Reference value :  7.79725e-08
 Reference value :  7.79925e-08
 Reference value :  7.80015e-08
 Reference value :  7.80175e-08
 Reference value :  7.80375e-08
 Reference value :  7.80575e-08
 Reference value :  7.80775e-08
 Reference value :  7.80975e-08
 Reference value :  7.81175e-08
 Reference value :  7.81375e-08
 Reference value :  7.81575e-08
 Reference value :  7.81775e-08
 Reference value :  7.81962e-08
 Reference value :  7.82035e-08
 Reference value :  7.82225e-08
 Reference value :  7.82375e-08
 Reference value :  7.82575e-08
 Reference value :  7.82775e-08
 Reference value :  7.83025e-08
 Reference value :  7.83275e-08
 Reference value :  7.83525e-08
 Reference value :  7.83775e-08
 Reference value :  7.84005e-08
 Reference value :  7.84225e-08
 Reference value :  7.84475e-08
 Reference value :  7.84625e-08
 Reference value :  8.06725e-08
 Reference value :  8.15125e-08
 Reference value :  8.15325e-08
 Reference value :  8.15525e-08
 Reference value :  8.15775e-08
 Reference value :  8.16005e-08
 Reference value :  8.16225e-08
 Reference value :  8.16525e-08
 Reference value :  8.16775e-08
 Reference value :  8.17075e-08
 Reference value :  8.17325e-08
 Reference value :  8.17575e-08
 Reference value :  8.17825e-08
 Reference value :  8.18005e-08
 Reference value :  8.18175e-08
 Reference value :  8.18475e-08
 Reference value :  8.18775e-08
 Reference value :  8.19075e-08
 Reference value :  8.19325e-08
 Reference value :  8.19575e-08
 Reference value :  8.19775e-08
 Reference value :  8.20000e-08
 Reference value :  8.20075e-08
 Reference value :  8.20325e-08
 Reference value :  8.20525e-08
 Reference value :  8.20675e-08
 Reference value :  8.20875e-08
 Reference value :  8.21125e-08
 Reference value :  8.21375e-08
 Reference value :  8.21625e-08
 Reference value :  8.21875e-08
 Reference value :  8.22005e-08
 Reference value :  8.22175e-08
 Reference value :  8.22425e-08
 Reference value :  8.22725e-08
 Reference value :  8.23025e-08
 Reference value :  8.23325e-08
 Reference value :  8.23625e-08
 Reference value :  8.23925e-08
 Reference value :  8.24075e-08
 Reference value :  8.24375e-08
 Reference value :  8.24675e-08
 Reference value :  8.24975e-08
 Reference value :  8.25225e-08
 Reference value :  8.25475e-08
 Reference value :  8.25725e-08
 Reference value :  8.25962e-08
 Reference value :  8.26125e-08
 Reference value :  8.26375e-08
 Reference value :  8.26575e-08
 Reference value :  8.26825e-08
 Reference value :  8.27025e-08
 Reference value :  8.27275e-08
 Reference value :  8.27475e-08
 Reference value :  8.27675e-08
 Reference value :  8.27875e-08
 Reference value :  8.28015e-08
 Reference value :  8.28225e-08
 Reference value :  8.28475e-08
 Reference value :  8.28725e-08
 Reference value :  8.40275e-08
 Reference value :  8.40525e-08
 Reference value :  8.40725e-08
 Reference value :  8.40975e-08
 Reference value :  8.41225e-08
 Reference value :  8.41475e-08
 Reference value :  8.41725e-08
 Reference value :  8.42000e-08
 Reference value :  8.42125e-08
 Reference value :  8.42425e-08
 Reference value :  8.42725e-08
 Reference value :  8.43025e-08
 Reference value :  8.43325e-08
 Reference value :  8.43575e-08
 Reference value :  8.43775e-08
 Reference value :  8.43962e-08
 Reference value :  8.44075e-08
 Reference value :  8.44275e-08
 Reference value :  8.44525e-08
 Reference value :  8.44775e-08
 Reference value :  8.45025e-08
 Reference value :  8.45325e-08
 Reference value :  8.45575e-08
 Reference value :  8.45875e-08
 Reference value :  8.46015e-08
 Reference value :  8.46175e-08
 Reference value :  8.46475e-08
 Reference value :  8.46725e-08
 Reference value :  8.47025e-08
 Reference value :  8.47325e-08
 Reference value :  8.47625e-08
 Reference value :  8.47825e-08
 Reference value :  8.48005e-08
 Reference value :  8.48175e-08
 Reference value :  8.48425e-08
 Reference value :  8.48675e-08
 Reference value :  8.48925e-08
 Reference value :  8.49175e-08
 Reference value :  8.49425e-08
 Reference value :  8.49675e-08
 Reference value :  8.49875e-08
 Reference value :  8.50005e-08
 Reference value :  8.50125e-08
 Reference value :  8.50325e-08
 Reference value :  8.50575e-08
 Reference value :  8.50825e-08
 Reference value :  8.51075e-08
 Reference value :  8.51275e-08
 Reference value :  8.51525e-08
 Reference value :  8.51825e-08
 Reference value :  8.52015e-08
 Reference value :  8.52225e-08
 Reference value :  8.52525e-08
 Reference value :  8.52825e-08
 Reference value :  8.53075e-08
 Reference value :  8.53375e-08
 Reference value :  8.53625e-08
 Reference value :  8.53925e-08
 Reference value :  8.54075e-08
 Reference value :  8.54375e-08
 Reference value :  8.54675e-08
 Reference value :  8.54975e-08
 Reference value :  8.55275e-08
 Reference value :  8.55575e-08
 Reference value :  8.55875e-08
 Reference value :  8.56035e-08
 Reference value :  8.56325e-08
 Reference value :  8.56625e-08
 Reference value :  8.56925e-08
 Reference value :  8.57225e-08
 Reference value :  8.57525e-08
 Reference value :  8.57825e-08
 Reference value :  8.58015e-08
 Reference value :  8.58275e-08
 Reference value :  8.58575e-08
 Reference value :  8.58875e-08
 Reference value :  8.59175e-08
 Reference value :  8.59425e-08
 Reference value :  8.59675e-08
 Reference value :  8.59962e-08
 Reference value :  8.60125e-08
 Reference value :  8.60425e-08
 Reference value :  8.60725e-08
 Reference value :  8.60975e-08
 Reference value :  8.61275e-08
 Reference value :  8.61575e-08
 Reference value :  8.61825e-08
 Reference value :  8.62015e-08
 Reference value :  8.62275e-08
 Reference value :  8.62575e-08
 Reference value :  8.62875e-08
 Reference value :  8.63125e-08
 Reference value :  8.63425e-08
 Reference value :  8.63725e-08
 Reference value :  8.64000e-08
 Reference value :  8.64175e-08
 Reference value :  8.64475e-08
 Reference value :  8.64775e-08
 Reference value :  8.65075e-08
 Reference value :  8.65325e-08
 Reference value :  8.65625e-08
 Reference value :  8.65875e-08
 Reference value :  8.66015e-08
 Reference value :  8.66225e-08
 Reference value :  8.66475e-08
 Reference value :  8.66775e-08
 Reference value :  8.67075e-08
 Reference value :  8.67325e-08
 Reference value :  8.67575e-08
 Reference value :  8.67825e-08
 Reference value :  8.68015e-08
 Reference value :  8.68225e-08
 Reference value :  8.68475e-08
 Reference value :  8.68675e-08
 Reference value :  8.68925e-08
 Reference value :  8.69125e-08
 Reference value :  8.69325e-08
 Reference value :  8.69575e-08
 Reference value :  8.69875e-08
 Reference value :  8.70035e-08
 Reference value :  8.70325e-08
 Reference value :  8.70575e-08
 Reference value :  8.70825e-08
 Reference value :  8.71075e-08
 Reference value :  8.71325e-08
 Reference value :  8.71575e-08
 Reference value :  8.71825e-08
 Reference value :  8.83962e-08
 Reference value :  8.84035e-08
 Reference value :  8.84175e-08
 Reference value :  8.84375e-08
 Reference value :  8.84625e-08
 Reference value :  8.84825e-08
 Reference value :  8.84975e-08
 Reference value :  8.85225e-08
 Reference value :  8.85475e-08
 Reference value :  8.85725e-08
 Reference value :  8.85962e-08
 Reference value :  8.86075e-08
 Reference value :  8.86325e-08
 Reference value :  8.86525e-08
 Reference value :  8.86775e-08
 Reference value :  8.87025e-08
 Reference value :  8.87175e-08
 Reference value :  8.87375e-08
 Reference value :  8.87675e-08
 Reference value :  8.87925e-08
 Reference value :  8.88035e-08
 Reference value :  8.88275e-08
 Reference value :  8.88425e-08
 Reference value :  8.88625e-08
 Reference value :  8.88825e-08
 Reference value :  8.89025e-08
 Reference value :  8.89175e-08
 Reference value :  8.89375e-08
 Reference value :  8.89625e-08
 Reference value :  8.93475e-08
 Reference value :  8.94475e-08
 Reference value :  8.94725e-08
 Reference value :  8.94975e-08
 Reference value :  8.95225e-08
 Reference value :  8.95475e-08
 Reference value :  8.95725e-08
 Reference value :  8.95962e-08
 Reference value :  8.96125e-08
 Reference value :  8.96425e-08
 Reference value :  8.96675e-08
 Reference value :  8.96925e-08
 Reference value :  8.97175e-08
 Reference value :  8.97475e-08
 Reference value :  8.97675e-08
 Reference value :  8.97925e-08
 Reference value :  8.98035e-08
 Reference value :  8.98275e-08
 Reference value :  8.98525e-08
 Reference value :  8.98775e-08
 Reference value :  8.99025e-08
 Reference value :  8.99225e-08
 Reference value :  8.99375e-08
 Reference value :  8.99625e-08
 Reference value :  8.99875e-08
 Reference value :  9.00035e-08
 Reference value :  9.00275e-08
 Reference value :  9.00525e-08
 Reference value :  9.00775e-08
 Reference value :  9.01025e-08
 Reference value :  9.01175e-08
 Reference value :  9.01475e-08
 Reference value :  9.01725e-08
 Reference value :  9.01962e-08
 Reference value :  9.02125e-08
 Reference value :  9.02425e-08
 Reference value :  9.02725e-08
 Reference value :  9.02975e-08
 Reference value :  9.03225e-08
 Reference value :  9.03475e-08
 Reference value :  9.03775e-08
 Reference value :  9.04005e-08
 Reference value :  9.04225e-08
 Reference value :  9.04475e-08
 Reference value :  9.04725e-08
 Reference value :  9.05025e-08
 Reference value :  9.05325e-08
 Reference value :  9.05625e-08
 Reference value :  9.05925e-08
 Reference value :  9.06075e-08
 Reference value :  9.06375e-08
 Reference value :  9.06675e-08
 Reference value :  9.06975e-08
 Reference value :  9.07275e-08
 Reference value :  9.07575e-08
 Reference value :  9.07875e-08
 Reference value :  9.08035e-08
 Reference value :  9.08325e-08
 Reference value :  9.08625e-08
 Reference value :  9.08925e-08
 Reference value :  9.09175e-08
 Reference value :  9.09425e-08
 Reference value :  9.09625e-08
 Reference value :  9.09875e-08
 Reference value :  9.10015e-08
 Reference value :  9.10275e-08
 Reference value :  9.10575e-08
 Reference value :  9.10875e-08
 Reference value :  9.11125e-08
 Reference value :  9.11375e-08
 Reference value :  9.11625e-08
 Reference value :  9.11875e-08
 Reference value :  9.12015e-08
 Reference value :  9.12275e-08
 Reference value :  9.12575e-08
 Reference value :  9.12875e-08
 Reference value :  9.13175e-08
 Reference value :  9.13475e-08
 Reference value :  9.13725e-08
 Reference value :  9.14000e-08
 Reference value :  9.14125e-08
 Reference value :  9.14425e-08
 Reference value :  9.14675e-08
 Reference value :  9.14975e-08
 Reference value :  9.15225e-08
 Reference value :  9.15475e-08
 Reference value :  9.15725e-08
 Reference value :  9.16000e-08
 Reference value :  9.16125e-08
 Reference value :  9.16375e-08
 Reference value :  9.16625e-08
 Reference value :  9.16875e-08
 Reference value :  9.17125e-08
 Reference value :  9.17375e-08
 Reference value :  9.17525e-08
 Reference value :  9.17775e-08
 Reference value :  9.18000e-08
 Reference value :  9.18125e-08
 Reference value :  9.18375e-08
 Reference value :  9.18625e-08
 Reference value :  9.18875e-08
 Reference value :  9.19125e-08
 Reference value :  9.19375e-08
 Reference value :  9.19625e-08
 Reference value :  9.19875e-08
 Reference value :  9.20015e-08
 Reference value :  9.20175e-08
 Reference value :  9.20425e-08
 Reference value :  9.20675e-08
 Reference value :  9.20925e-08
 Reference value :  9.21175e-08
 Reference value :  9.21425e-08
 Reference value :  9.21675e-08
 Reference value :  9.21925e-08
 Reference value :  9.22035e-08
 Reference value :  9.22225e-08
 Reference value :  9.22475e-08
 Reference value :  9.22725e-08
 Reference value :  9.23025e-08
 Reference value :  9.23325e-08
 Reference value :  9.23575e-08
 Reference value :  9.23775e-08
 Reference value :  9.24000e-08
 Reference value :  9.24175e-08
 Reference value :  9.24475e-08
 Reference value :  9.24775e-08
 Reference value :  9.25025e-08
 Reference value :  9.25225e-08
 Reference value :  9.25475e-08
 Reference value :  9.25675e-08
 Reference value :  9.25875e-08
 Reference value :  9.26005e-08
 Reference value :  9.26175e-08
 Reference value :  9.26375e-08
 Reference value :  9.26625e-08
 Reference value :  9.26875e-08
 Reference value :  9.27175e-08
 Reference value :  9.27475e-08
 Reference value :  9.27775e-08
 Reference value :  9.28000e-08
 Reference value :  9.28175e-08
 Reference value :  9.28425e-08
 Reference value :  9.28675e-08
 Reference value :  9.28925e-08
 Reference value :  9.29075e-08
 Reference value :  9.29275e-08
 Reference value :  9.29575e-08
 Reference value :  9.29825e-08
 Reference value :  9.30005e-08
 Reference value :  9.30175e-08
 Reference value :  9.30425e-08
 Reference value :  9.30675e-08
 Reference value :  9.30925e-08
 Reference value :  9.31175e-08
 Reference value :  9.31425e-08
 Reference value :  9.31625e-08
 Reference value :  9.31875e-08
 Reference value :  9.32015e-08
 Reference value :  9.32225e-08
 Reference value :  9.32475e-08
 Reference value :  9.32725e-08
 Reference value :  9.32925e-08
 Reference value :  9.33125e-08
 Reference value :  9.33375e-08
 Reference value :  9.33575e-08
 Reference value :  9.33825e-08
 Reference value :  9.34015e-08
 Reference value :  9.34275e-08
 Reference value :  9.34575e-08
 Reference value :  9.34875e-08
 Reference value :  9.35175e-08
 Reference value :  9.35425e-08
 Reference value :  9.35675e-08
 Reference value :  9.35962e-08
 Reference value :  9.36125e-08
 Reference value :  9.36425e-08
 Reference value :  9.36725e-08
 Reference value :  9.37025e-08
 Reference value :  9.37325e-08
 Reference value :  9.37625e-08
 Reference value :  9.37875e-08
 Reference value :  9.38000e-08
 Reference value :  9.38125e-08
 Reference value :  9.38375e-08
 Reference value :  9.38675e-08
 Reference value :  9.38975e-08
 Reference value :  9.39175e-08
 Reference value :  9.39425e-08
 Reference value :  9.39675e-08
 Reference value :  9.39962e-08
 Reference value :  9.40125e-08
 Reference value :  9.40275e-08
 Reference value :  9.40425e-08
 Reference value :  9.40625e-08
 Reference value :  9.40775e-08
 Reference value :  9.40975e-08
 Reference value :  9.41175e-08
 Reference value :  9.41425e-08
 Reference value :  9.41625e-08
 Reference value :  9.41825e-08
 Reference value :  9.42005e-08
 Reference value :  9.42175e-08
 Reference value :  9.42375e-08
 Reference value :  9.42625e-08
 Reference value :  9.42925e-08
 Reference value :  9.43175e-08
 Reference value :  9.43425e-08
 Reference value :  9.43625e-08
 Reference value :  9.43875e-08
 Reference value :  9.44035e-08
 Reference value :  9.46015e-08
 Reference value :  9.46125e-08
 Reference value :  9.46325e-08
 Reference value :  9.46575e-08
 Reference value :  9.46825e-08
 Reference value :  9.47075e-08
 Reference value :  9.47325e-08
 Reference value :  9.47625e-08
 Reference value :  9.47925e-08
 Reference value :  9.48075e-08
 Reference value :  9.48325e-08
 Reference value :  9.48625e-08
 Reference value :  9.48925e-08
 Reference value :  9.49175e-08
 Reference value :  9.49425e-08
 Reference value :  9.49575e-08
 Reference value :  9.49725e-08
 Reference value :  9.49925e-08
 Reference value :  9.50035e-08
 Reference value :  9.50275e-08
 Reference value :  9.50525e-08
 Reference value :  9.50775e-08
 Reference value :  9.50975e-08
 Reference value :  9.51225e-08
 Reference value :  9.51525e-08
 Reference value :  9.51825e-08
 Reference value :  9.52000e-08
 Reference value :  9.52125e-08
 Reference value :  9.52425e-08
 Reference value :  9.52725e-08
 Reference value :  9.52975e-08
 Reference value :  9.53275e-08
 Reference value :  9.53575e-08
 Reference value :  9.53875e-08
 Reference value :  9.54015e-08
 Reference value :  9.54125e-08
 Reference value :  9.54375e-08
 Reference value :  9.54675e-08
 Reference value :  9.54925e-08
 Reference value :  9.55225e-08
 Reference value :  9.55525e-08
 Reference value :  9.55825e-08
 Reference value :  9.56015e-08
 Reference value :  9.56275e-08
 Reference value :  9.56575e-08
 Reference value :  9.56875e-08
 Reference value :  9.57175e-08
 Reference value :  9.57425e-08
 Reference value :  9.57675e-08
 Reference value :  9.57962e-08
 Reference value :  9.58125e-08
 Reference value :  9.58425e-08
 Reference value :  9.58675e-08
 Reference value :  9.58925e-08
 Reference value :  9.59175e-08
 Reference value :  9.59475e-08
 Reference value :  9.59775e-08
 Reference value :  9.60005e-08
 Reference value :  9.60225e-08
 Reference value :  9.60525e-08
 Reference value :  9.60825e-08
 Reference value :  9.61125e-08
 Reference value :  9.61425e-08
 Reference value :  9.61675e-08
 Reference value :  9.61962e-08
 Reference value :  9.62125e-08
 Reference value :  9.62425e-08
 Reference value :  9.62725e-08
 Reference value :  9.63025e-08
 Reference value :  9.63325e-08
 Reference value :  9.63625e-08
 Reference value :  9.63925e-08
 Reference value :  9.64075e-08
 Reference value :  9.64375e-08
 Reference value :  9.64625e-08
 Reference value :  9.64825e-08
 Reference value :  9.65025e-08
 Reference value :  9.65275e-08
 Reference value :  9.65575e-08
 Reference value :  9.65875e-08
 Reference value :  9.66015e-08
 Reference value :  9.66275e-08
 Reference value :  9.66525e-08
 Reference value :  9.66825e-08
 Reference value :  9.67125e-08
 Reference value :  9.67375e-08
 Reference value :  9.67675e-08
 Reference value :  9.67925e-08
 Reference value :  9.68075e-08
 Reference value :  9.68325e-08
 Reference value :  9.68625e-08
 Reference value :  9.68925e-08
 Reference value :  9.69225e-08
 Reference value :  9.69425e-08
 Reference value :  9.69625e-08
 Reference value :  9.69775e-08
 Reference value :  9.69962e-08
 Reference value :  9.70035e-08
 Reference value :  9.70225e-08
 Reference value :  9.70475e-08
 Reference value :  9.70725e-08
 Reference value :  9.73625e-08
 Reference value :  9.74625e-08
 Reference value :  9.74875e-08
 Reference value :  9.75125e-08
 Reference value :  9.75425e-08
 Reference value :  9.75725e-08
 Reference value :  9.75962e-08
 Reference value :  9.76015e-08
 Reference value :  9.76275e-08
 Reference value :  9.76575e-08
 Reference value :  9.76875e-08
 Reference value :  9.77175e-08
 Reference value :  9.77475e-08
 Reference value :  9.77725e-08
 Reference value :  9.77962e-08
 Reference value :  9.78075e-08
 Reference value :  9.78325e-08
 Reference value :  9.78575e-08
 Reference value :  9.78875e-08
 Reference value :  9.79175e-08
 Reference value :  9.79475e-08
 Reference value :  9.79775e-08
 Reference value :  9.80005e-08
 Reference value :  9.80225e-08
 Reference value :  9.80475e-08
 Reference value :  9.80775e-08
 Reference value :  9.81075e-08
 Reference value :  9.81375e-08
 Reference value :  9.81625e-08
 Reference value :  9.81875e-08
 Reference value :  9.82005e-08
 Reference value :  9.82175e-08
 Reference value :  9.82425e-08
 Reference value :  9.82725e-08
 Reference value :  9.83025e-08
 Reference value :  9.83275e-08
 Reference value :  9.83575e-08
 Reference value :  9.83875e-08
 Reference value :  9.84035e-08
 Reference value :  9.84275e-08
 Reference value :  9.84525e-08
 Reference value :  9.84825e-08
 Reference value :  9.95962e-08
 Reference value :  9.96035e-08
 Reference value :  9.96275e-08
 Reference value :  9.96475e-08
 Reference value :  9.96675e-08
 Reference value :  9.96925e-08
 Reference value :  9.97175e-08
 Reference value :  9.97425e-08
 Reference value :  9.97725e-08
 Reference value :  9.98000e-08
 Reference value :  9.98175e-08
 Reference value :  9.98425e-08
 Reference value :  9.98725e-08
 Reference value :  9.99025e-08
 Reference value :  9.99275e-08
 Reference value :  9.99575e-08
 Reference value :  9.99875e-08
 Reference value :  1.00003e-07
 Reference value :  1.00027e-07
 Reference value :  1.00052e-07
 Reference value :  1.00077e-07
 Reference value :  1.00107e-07
 Reference value :  1.00137e-07
 Reference value :  1.00162e-07
 Reference value :  1.00192e-07
 Reference value :  1.00207e-07
 Reference value :  1.00232e-07
 Reference value :  1.00262e-07
 Reference value :  1.00282e-07
 Reference value :  1.00297e-07
 Reference value :  1.00312e-07
 Reference value :  1.00332e-07
 Reference value :  1.00352e-07
 Reference value :  1.00372e-07
 Reference value :  1.00392e-07
 Reference value :  1.00403e-07
 Reference value :  1.00427e-07
 Reference value :  1.00457e-07
 Reference value :  1.00487e-07
 Reference value :  1.00517e-07
 Reference value :  1.00547e-07
 Reference value :  1.00572e-07
 Reference value :  1.00596e-07
 Reference value :  1.00607e-07
 Reference value :  1.00622e-07
 Reference value :  1.00642e-07
 Reference value :  1.00662e-07
 Reference value :  1.00687e-07
 Reference value :  1.00707e-07
 Reference value :  1.00732e-07
 Reference value :  1.00757e-07
 Reference value :  1.00782e-07
 Reference value :  1.00801e-07
 Reference value :  1.00827e-07
 Reference value :  1.00852e-07
 Reference value :  1.00877e-07
 Reference value :  1.00897e-07
 Reference value :  1.00922e-07
 Reference value :  1.00952e-07
 Reference value :  1.00982e-07
 Reference value :  1.01000e-07
 Reference value :  1.01017e-07
 Reference value :  1.01047e-07
 Reference value :  1.01072e-07
 Reference value :  1.01102e-07
 Reference value :  1.01127e-07
 Reference value :  1.01147e-07
 Reference value :  1.01172e-07
 Reference value :  1.01196e-07
 Reference value :  1.01212e-07
 Reference value :  1.01237e-07
 Reference value :  1.01262e-07
 Reference value :  1.01277e-07
 Reference value :  1.01297e-07
 Reference value :  1.01322e-07
 Reference value :  1.01342e-07
 Reference value :  1.01372e-07
 Reference value :  1.01396e-07
 Reference value :  1.01412e-07
 Reference value :  1.01437e-07
 Reference value :  1.01462e-07
 Reference value :  1.01487e-07
 Reference value :  1.01512e-07
 Reference value :  1.01532e-07
 Reference value :  1.01552e-07
 Reference value :  1.01582e-07
 Reference value :  1.01600e-07
 Reference value :  1.01622e-07
 Reference value :  1.01642e-07
 Reference value :  1.01667e-07
 Reference value :  1.01692e-07
 Reference value :  1.01717e-07
 Reference value :  1.01742e-07
 Reference value :  1.01767e-07
 Reference value :  1.01792e-07
 Reference value :  1.01801e-07
 Reference value :  1.01817e-07
 Reference value :  1.01852e-07
 Reference value :  1.01877e-07
 Reference value :  1.01902e-07
 Reference value :  1.01927e-07
 Reference value :  1.01952e-07
 Reference value :  1.01977e-07
 Reference value :  1.01996e-07
 Reference value :  1.02003e-07
 Reference value :  1.02022e-07
 Reference value :  1.02047e-07
 Reference value :  1.02067e-07
 Reference value :  1.02092e-07
 Reference value :  1.02117e-07
 Reference value :  1.02142e-07
 Reference value :  1.02167e-07
 Reference value :  1.02187e-07
 Reference value :  1.02200e-07
 Reference value :  1.02217e-07
 Reference value :  1.02242e-07
 Reference value :  1.02267e-07
 Reference value :  1.02287e-07
 Reference value :  1.02307e-07
 Reference value :  1.02337e-07
 Reference value :  1.02367e-07
 Reference value :  1.02387e-07
 Reference value :  1.02400e-07
 Reference value :  1.02412e-07
 Reference value :  1.02432e-07
 Reference value :  1.02452e-07
 Reference value :  1.02472e-07
 Reference value :  1.02497e-07
 Reference value :  1.02522e-07
 Reference value :  1.02547e-07
 Reference value :  1.02567e-07
 Reference value :  1.02592e-07
 Reference value :  1.02601e-07
 Reference value :  1.02617e-07
 Reference value :  1.02637e-07
 Reference value :  1.02657e-07
 Reference value :  1.02677e-07
 Reference value :  1.02697e-07
 Reference value :  1.02722e-07
 Reference value :  1.02747e-07
 Reference value :  1.02772e-07
 Reference value :  1.02792e-07
 Reference value :  1.02803e-07
 Reference value :  1.02827e-07
 Reference value :  1.02852e-07
 Reference value :  1.02872e-07
 Reference value :  1.02892e-07
 Reference value :  1.02917e-07
 Reference value :  1.02942e-07
 Reference value :  1.02967e-07
 Reference value :  1.02996e-07
 Reference value :  1.03012e-07
 Reference value :  1.03032e-07
 Reference value :  1.03062e-07
 Reference value :  1.03087e-07
 Reference value :  1.03117e-07
 Reference value :  1.03142e-07
 Reference value :  1.03167e-07
 Reference value :  1.03192e-07
 Reference value :  1.03203e-07
 Reference value :  1.03227e-07
 Reference value :  1.03252e-07
 Reference value :  1.03277e-07
 Reference value :  1.03297e-07
 Reference value :  1.03317e-07
 Reference value :  1.03337e-07
 Reference value :  1.03357e-07
 Reference value :  1.03382e-07
 Reference value :  1.03400e-07
 Reference value :  1.03407e-07
 Reference value :  1.03432e-07
 Reference value :  1.03457e-07
 Reference value :  1.03477e-07
 Reference value :  1.03502e-07
 Reference value :  1.03532e-07
 Reference value :  1.03562e-07
 Reference value :  1.03587e-07
 Reference value :  1.03601e-07
 Reference value :  1.03622e-07
 Reference value :  1.03647e-07
 Reference value :  1.03667e-07
 Reference value :  1.03692e-07
 Reference value :  1.03717e-07
 Reference value :  1.03742e-07
 Reference value :  1.03767e-07
 Reference value :  1.03787e-07
 Reference value :  1.03800e-07
 Reference value :  1.03812e-07
 Reference value :  1.03832e-07
 Reference value :  1.03852e-07
 Reference value :  1.03867e-07
 Reference value :  1.03882e-07
 Reference value :  1.03902e-07
 Reference value :  1.03922e-07
 Reference value :  1.03947e-07
 Reference value :  1.03967e-07
 Reference value :  1.03982e-07
 Reference value :  1.03996e-07
 Reference value :  1.04001e-07
 Reference value :  1.04022e-07
 Reference value :  1.04042e-07
 Reference value :  1.04062e-07
 Reference value :  1.04077e-07
 Reference value :  1.04097e-07
 Reference value :  1.04112e-07
 Reference value :  1.04132e-07
 Reference value :  1.04157e-07
 Reference value :  1.04177e-07
 Reference value :  1.04200e-07
 Reference value :  1.04212e-07
 Reference value :  1.04237e-07
 Reference value :  1.04257e-07
 Reference value :  1.04282e-07
 Reference value :  1.04297e-07
 Reference value :  1.04322e-07
 Reference value :  1.04342e-07
 Reference value :  1.04362e-07
 Reference value :  1.04387e-07
 Reference value :  1.04400e-07
 Reference value :  1.04412e-07
 Reference value :  1.04432e-07
 Reference value :  1.04452e-07
 Reference value :  1.04472e-07
 Reference value :  1.04492e-07
 Reference value :  1.04512e-07
 Reference value :  1.04532e-07
 Reference value :  1.04557e-07
 Reference value :  1.04577e-07
 Reference value :  1.04600e-07
 Reference value :  1.04612e-07
 Reference value :  1.04637e-07
 Reference value :  1.04662e-07
 Reference value :  1.04687e-07
 Reference value :  1.04717e-07
 Reference value :  1.04747e-07
 Reference value :  1.04772e-07
 Reference value :  1.04792e-07
 Reference value :  1.04801e-07
 Reference value :  1.04822e-07
 Reference value :  1.04852e-07
 Reference value :  1.04882e-07
 Reference value :  1.04912e-07
 Reference value :  1.04942e-07
 Reference value :  1.04967e-07
 Reference value :  1.04992e-07
 Reference value :  1.05007e-07
 Reference value :  1.05032e-07
 Reference value :  1.05057e-07
 Reference value :  1.05087e-07
 Reference value :  1.05107e-07
 Reference value :  1.05127e-07
 Reference value :  1.05152e-07
 Reference value :  1.05172e-07
 Reference value :  1.05196e-07
 Reference value :  1.05207e-07
 Reference value :  1.05227e-07
 Reference value :  1.05242e-07
 Reference value :  1.05267e-07
 Reference value :  1.05297e-07
 Reference value :  1.05327e-07
 Reference value :  1.05357e-07
 Reference value :  1.05387e-07
 Reference value :  1.05403e-07
 Reference value :  1.05427e-07
 Reference value :  1.05457e-07
 Reference value :  1.05482e-07
 Reference value :  1.05512e-07
 Reference value :  1.05542e-07
 Reference value :  1.05567e-07
 Reference value :  1.05596e-07
 Reference value :  1.05612e-07
 Reference value :  1.05642e-07
 Reference value :  1.05667e-07
 Reference value :  1.05692e-07
 Reference value :  1.05717e-07
 Reference value :  1.05747e-07
 Reference value :  1.05772e-07
 Reference value :  1.05796e-07
 Reference value :  1.05803e-07
 Reference value :  1.05827e-07
 Reference value :  1.05847e-07
 Reference value :  1.05862e-07
 Reference value :  1.05887e-07
 Reference value :  1.05912e-07
 Reference value :  1.05942e-07
 Reference value :  1.05972e-07
 Reference value :  1.05996e-07
 Reference value :  1.06012e-07
 Reference value :  1.06037e-07
 Reference value :  1.06062e-07
 Reference value :  1.06087e-07
 Reference value :  1.06112e-07
 Reference value :  1.06137e-07
 Reference value :  1.06162e-07
 Reference value :  1.06187e-07
 Reference value :  1.06201e-07
 Reference value :  1.06222e-07
 Reference value :  1.06242e-07
 Reference value :  1.06267e-07
 Reference value :  1.06292e-07
 Reference value :  1.06312e-07
 Reference value :  1.06337e-07
 Reference value :  1.06362e-07
 Reference value :  1.06387e-07
 Reference value :  1.06403e-07
 Reference value :  1.06432e-07
 Reference value :  1.06462e-07
 Reference value :  1.06487e-07
 Reference value :  1.06517e-07
 Reference value :  1.06542e-07
 Reference value :  1.06567e-07
 Reference value :  1.06596e-07
 Reference value :  1.06612e-07
 Reference value :  1.06642e-07
 Reference value :  1.06672e-07
 Reference value :  1.06697e-07
 Reference value :  1.06722e-07
 Reference value :  1.06752e-07
 Reference value :  1.06777e-07
 Reference value :  1.06800e-07
 Reference value :  1.06807e-07
 Reference value :  1.06827e-07
 Reference value :  1.06852e-07
 Reference value :  1.06877e-07
 Reference value :  1.06902e-07
 Reference value :  1.06927e-07
 Reference value :  1.06947e-07
 Reference value :  1.06972e-07
 Reference value :  1.07000e-07
 Reference value :  1.07017e-07
 Reference value :  1.07047e-07
 Reference value :  1.07077e-07
 Reference value :  1.07102e-07
 Reference value :  1.07122e-07
 Reference value :  1.07147e-07
 Reference value :  1.07167e-07
 Reference value :  1.07192e-07
 Reference value :  1.07203e-07
 Reference value :  1.07227e-07
 Reference value :  1.07247e-07
 Reference value :  1.07272e-07
 Reference value :  1.07302e-07
 Reference value :  1.07332e-07
 Reference value :  1.07357e-07
 Reference value :  1.07387e-07
 Reference value :  1.07403e-07
 Reference value :  1.07417e-07
 Reference value :  1.08800e-07
 Reference value :  1.08817e-07
 Reference value :  1.08842e-07
 Reference value :  1.08862e-07
 Reference value :  1.10272e-07
 Reference value :  1.10747e-07
 Reference value :  1.10777e-07
 Reference value :  1.10803e-07
 Reference value :  1.10822e-07
 Reference value :  1.10842e-07
 Reference value :  1.10867e-07
 Reference value :  1.10892e-07
 Reference value :  1.10912e-07
 Reference value :  1.10937e-07
 Reference value :  1.10962e-07
 Reference value :  1.10987e-07
 Reference value :  1.11003e-07
 Reference value :  1.11027e-07
 Reference value :  1.11052e-07
 Reference value :  1.11072e-07
 Reference value :  1.11097e-07
 Reference value :  1.11127e-07
 Reference value :  1.11147e-07
 Reference value :  1.11177e-07
 Reference value :  1.11200e-07
 Reference value :  1.11222e-07
 Reference value :  1.11247e-07
 Reference value :  1.11267e-07
 Reference value :  1.11292e-07
 Reference value :  1.11317e-07
 Reference value :  1.11342e-07
 Reference value :  1.11362e-07
 Reference value :  1.11387e-07
 Reference value :  1.11401e-07
 Reference value :  1.11417e-07
 Reference value :  1.11442e-07
 Reference value :  1.11462e-07
 Reference value :  1.11482e-07
 Reference value :  1.11507e-07
 Reference value :  1.11522e-07
 Reference value :  1.11547e-07
 Reference value :  1.11577e-07
 Reference value :  1.11600e-07
 Reference value :  1.11612e-07
 Reference value :  1.11637e-07
 Reference value :  1.11667e-07
 Reference value :  1.11697e-07
 Reference value :  1.11727e-07
 Reference value :  1.11747e-07
 Reference value :  1.11777e-07
 Reference value :  1.11796e-07
 Reference value :  1.11812e-07
 Reference value :  1.11842e-07
 Reference value :  1.11867e-07
 Reference value :  1.11882e-07
 Reference value :  1.11897e-07
 Reference value :  1.11922e-07
 Reference value :  1.11947e-07
 Reference value :  1.11972e-07
 Reference value :  1.11996e-07
 Reference value :  1.12012e-07
 Reference value :  1.12037e-07
 Reference value :  1.12067e-07
 Reference value :  1.12092e-07
 Reference value :  1.12122e-07
 Reference value :  1.12147e-07
 Reference value :  1.12177e-07
 Reference value :  1.12200e-07
 Reference value :  1.12217e-07
 Reference value :  1.12237e-07
 Reference value :  1.12257e-07
 Reference value :  1.12277e-07
 Reference value :  1.12302e-07
 Reference value :  1.12327e-07
 Reference value :  1.12352e-07
 Reference value :  1.12377e-07
 Reference value :  1.12400e-07
 Reference value :  1.12417e-07
 Reference value :  1.12442e-07
 Reference value :  1.12472e-07
 Reference value :  1.12497e-07
 Reference value :  1.12527e-07
 Reference value :  1.12557e-07
 Reference value :  1.12587e-07
 Reference value :  1.12600e-07
 Reference value :  1.12617e-07
 Reference value :  1.12647e-07
 Reference value :  1.12672e-07
 Reference value :  1.12702e-07
 Reference value :  1.12732e-07
 Reference value :  1.12757e-07
 Reference value :  1.12777e-07
 Reference value :  1.12800e-07
 Reference value :  1.12822e-07
 Reference value :  1.12847e-07
 Reference value :  1.12872e-07
 Reference value :  1.12902e-07
 Reference value :  1.12932e-07
 Reference value :  1.12962e-07
 Reference value :  1.12992e-07
 Reference value :  1.13003e-07
 Reference value :  1.13032e-07
 Reference value :  1.13062e-07
 Reference value :  1.13082e-07
 Reference value :  1.13107e-07
 Reference value :  1.13127e-07
 Reference value :  1.13147e-07
 Reference value :  1.13167e-07
 Reference value :  1.13187e-07
 Reference value :  1.13201e-07
 Reference value :  1.13222e-07
 Reference value :  1.13247e-07
 Reference value :  1.13272e-07
 Reference value :  1.13297e-07
 Reference value :  1.13322e-07
 Reference value :  1.13352e-07
 Reference value :  1.13382e-07
 Reference value :  1.13401e-07
 Reference value :  1.13422e-07
 Reference value :  1.13447e-07
 Reference value :  1.13467e-07
 Reference value :  1.13492e-07
 Reference value :  1.13517e-07
 Reference value :  1.13542e-07
 Reference value :  1.13562e-07
 Reference value :  1.13587e-07
 Reference value :  1.13601e-07
 Reference value :  1.13627e-07
 Reference value :  1.13647e-07
 Reference value :  1.13677e-07
 Reference value :  1.13702e-07
 Reference value :  1.13727e-07
 Reference value :  1.13747e-07
 Reference value :  1.13772e-07
 Reference value :  1.13796e-07
 Reference value :  1.13812e-07
 Reference value :  1.13842e-07
 Reference value :  1.13872e-07
 Reference value :  1.13902e-07
 Reference value :  1.13932e-07
 Reference value :  1.13962e-07
 Reference value :  1.13992e-07
 Reference value :  1.14007e-07
 Reference value :  1.14037e-07
 Reference value :  1.14067e-07
 Reference value :  1.14097e-07
 Reference value :  1.14127e-07
 Reference value :  1.14157e-07
 Reference value :  1.14182e-07
 Reference value :  1.14200e-07
 Reference value :  1.14212e-07
 Reference value :  1.14237e-07
 Reference value :  1.14262e-07
 Reference value :  1.14287e-07
 Reference value :  1.14317e-07
 Reference value :  1.14342e-07
 Reference value :  1.14372e-07
 Reference value :  1.14392e-07
 Reference value :  1.14401e-07
 Reference value :  1.14422e-07
 Reference value :  1.14452e-07
 Reference value :  1.14477e-07
 Reference value :  1.14507e-07
 Reference value :  1.14537e-07
 Reference value :  1.14567e-07
 Reference value :  1.14596e-07
 Reference value :  1.14612e-07
 Reference value :  1.14637e-07
 Reference value :  1.14662e-07
 Reference value :  1.14687e-07
 Reference value :  1.14712e-07
 Reference value :  1.14742e-07
 Reference value :  1.14767e-07
 Reference value :  1.14792e-07
 Reference value :  1.14803e-07
 Reference value :  1.14827e-07
 Reference value :  1.14852e-07
 Reference value :  1.14877e-07
 Reference value :  1.14902e-07
 Reference value :  1.14922e-07
 Reference value :  1.14952e-07
 Reference value :  1.14977e-07
 Reference value :  1.15000e-07
No. of Data Rows : 24740
vmax_ss             =  1.58635e+00 at=  8.40925e-08
vmin_ss             =  -1.78849e-02 at=  8.29125e-08
tk                  =  3.28169e-09
tk                  =  5.71061e-09
tk                  =  8.13538e-09
tk                  =  1.05589e-08
tk                  =  1.29871e-08
tk                  =  1.54117e-08
tk                  =  1.78374e-08
tk                  =  2.02643e-08
tk                  =  2.26859e-08
tk                  =  2.51141e-08
tk                  =  2.75372e-08
tk                  =  2.99643e-08
tk                  =  3.23914e-08
tk                  =  3.48118e-08
tk                  =  3.72350e-08
tk                  =  3.96575e-08
tk                  =  4.20734e-08
tk                  =  4.45006e-08
tk                  =  4.69233e-08
tk                  =  4.93437e-08
tk                  =  5.17642e-08
vmax_ss = 1.586354e+00
vmin_ss = -1.78849e-02
swing_frac = 8.912438e-01
tbar = 2.424127e-09
sigma_1 = 3.354976e-12
sigma_2 = 4.647407e-12
sigma_4 = 7.862722e-12
sigma_8 = 1.328817e-11
Note: Simulation executed from .control section 

----- stderr -----

