|* ro_ring5 transient-noise jitter accumulation -- issue #10 flagship config
|*
|* Purpose: issue #10 acceptance criterion 2. Measures period T0 (`tbar`)
|* and jitter accumulation sigma_1/sigma_2/sigma_4/sigma_8 (`sigma_N`) for
|* design/ro_ring5.spice's 5-stage starved ring (1 ro_nand2 enable/stop
|* stage + 4 ro_stage delay cells -- design/README.md's "the cheap
|* transient-noise vehicle for the jitter characterization", explicitly
|* named in design/xschem/ for exactly this purpose), across the sky130
|* PVT grid.
|*
|* This is the campaign's FULL 27-point-grid flagship configuration (the
|* full {tt,ss,ff} x {-40,27,125 degC} x {nominal +/-10% supply} grid, per
|* spec/porting-plan.md Sec 3.1/DR-0006-style reduced-grid convention).
|* design/ro_ring11.sch (the actual 11-stage array ring) is the more
|* expensive config and is only run at the 3 PVT headline points -- see
|* tb_ro_ring11_jitter.spice's own header for why, and this ring's own
|* wall-clock-cost re-measurement below.
|*
|* Method (adapted from gf180-trng's sim/tb/ro-inv-05stage-jitter/, cited by
|* spec/porting-plan.md Sec 3.2 as "device-physics testbenches (re-run on
|* sky130 devices, not ported as evidence)"): ngspice's own .tran analysis
|* does not include intrinsic BSIM4 device noise (this is a general ngspice
|* architecture fact, not a PDK-specific one -- confirmed against this
|* checkout's own ngspice build during this campaign's development: a
|* purely deterministic .tran of this same ring, no injected sources at
|* all, converges to a bit-exact repeating period with zero run-to-run
|* seed sensitivity). So every stage's input carries an explicit trnoise()
|* voltage source, in series, exactly mirroring gf180-trng's per-stage
|* injection topology (ro -> gA -> nand2 -> n1 -> gB -> stage1 -> n2 -> ...
|* -> n4 -> gE -> stage4 -> ro).
|*
|* trnoise() calibration: NA=2.0e-3 (V rms), NT=2e-10 (s) -> one-sided
|* injected PSD S_inj = 2*NA^2*NT = 1.6e-15 V^2/Hz (4.0e-08 V/sqrt(Hz)),
|* anchored to sim/ro-stage-noise-mechanism-check/records/
|* 20260825-022446-d58d709.md's own measured onoise_spectrum density near
|* 1 GHz (~4.0e-08 V/sqrt(Hz) at tt, the closest sampled frequency to this
|* ring's own oscillation band) -- the same "anchor the fixed injection
|* level to the device's own measured near-oscillation-band noise density"
|* method gf180-trng's characterization-ro-delay-cell-jitter.md documents
|* (see its "Device .noise cross-check" section), simplified here to a
|* single anchor point rather than a full new per-corner device-.noise
|* sweep (out of this issue's budget -- see this record's caveats).
|* NT=2e-10 gives an implied noise bandwidth (~1/(2*NT) = 2.5 GHz) safely
|* above every oscillation frequency measured in this campaign's own grid.
|* CAVEAT: this is a single fixed injection level, not re-measured per
|* corner -- treat every sigma_N figure below as good to a factor of
|* roughly 1.5-2x, per gf180-trng's own precedent for the same method
|* (its characterization-ro-delay-cell-jitter.md's "Safe to size against"
|* item 5).
|*
|* Wall-clock cost, re-measured for sky130 (spec/porting-plan.md Sec 2.2
|* explicitly asks for this re-measurement rather than assuming gf180-trng's
|* own ~130-150s/run figure ports). Measured on this campaign's development
|* machine (8-core x86-64, ngspice-46, sky130A c6d73a35):
|*
|*   - ~1.9 s of wall clock per simulated ns for this 5-stage ring at
|*     `.tran 5p`, i.e. ~215 s per corner point at this deck's 115 ns tstop.
|*   - That cost is set by the transient step count, NOT by trnoise(): the
|*     same ring, same tstop, same max step, with the trnoise() sources
|*     replaced by plain `dc 0` sources, measured within a few percent of
|*     the same wall clock. (An earlier draft of this header asserted a
|*     ~475x trnoise penalty at NT=1e-11; that figure did not survive
|*     re-measurement at NT=2e-10 and has been struck.)
|*   - ro_ring11 is ~2.2x the devices AND ~2.2x the period, so it costs
|*     ~5x per measured period. That is why THIS ring, not ro_ring11, is
|*     the full-27-point-grid flagship and ro_ring11 runs only the 3
|*     headline points -- exactly the DR-0006 cost/coverage trade-off,
|*     re-measured on sky130 rather than inherited.
|*
|* tstop = 115 ns is sized from a deterministic (noise-free) period probe
|* run over the grid's extremes before this deck was fixed: the slowest
|* corner measured is 4.82 ns/period (ss / -40 degC / 1.62 V; the low-supply
|* edge dominates -- ss/1.98 V runs 2.02 ns/period, a 2.4x supply swing,
|* while -40 -> +125 degC at fixed supply moves it under 2%). 21 rising
|* crossings therefore need <= 5 + 20 x 4.82 = 101 ns, and 115 ns carries
|* the margin. A single uniform tstop across all 27 points (rather than a
|* per-corner one) keeps every record's measurement window identical.
|*
|* 20 periods measured (21 rising crossings, rise=2..22; the first rising
|* edge is discarded as `.ic` startup transient, per gf180-trng's own
|* convention), NOT gf180-trng's 128 -- a budget-driven reduction, made
|* deliberately per spec/porting-plan.md Sec 2.2's prompt to re-measure
|* DR-0006's cost/coverage trade-off rather than copy it: 128 periods at
|* this ring's worst-corner 4.82 ns period would need a ~620 ns tstop, ~20
|* min per corner point, ~9 h for the 27-point grid alone. CAVEAT: with 20
|* period samples the sigma_1 estimator itself carries ~16% (1-sigma)
|* statistical error, hence ~32% on sigma_1^2 and therefore on Q -- that is
|* the resolution floor for any corner-to-corner Q comparison read off this
|* grid, and the reduction in sim/ro-array-sizing/ states it as such.
|* sigma_1/sigma_2/sigma_4/sigma_8 only (no sigma_16/sigma_32 --
|* gf180-trng's own accumulated-jitter figures at N>=16 were themselves
|* flagged as "not yet resolvable trends" even at their much larger
|* period/seed count). CAVEAT: single seed per PVT point (gf180-trng used
|* >=4) -- seed-to-seed spread is NOT characterized by this campaign; a
|* documented gap, not a silent omission. The seed is deliberately held
|* CONSTANT across every point of the grid (common random numbers), so
|* corner-to-corner Q differences are not additionally confounded by
|* seed-to-seed variation.
|*
|* This file is a TEMPLATE: sim/bin/corner-run.py substitutes /home/ubuntu/.volare/volare/sky130/versions/c6d73a35f524070e85faff4a6a9eef49553ebc2b/sky130A/libs.tech/combined/sky130.lib.spice,
|* tt (process axis), /home/ubuntu/GitHub/sky130-trng/.loom/worktrees/issue-10/design/ro_ring5.spice (unused by this file -- the ring
|* is built in place from ro_nand2/ro_stage, both defined by
|* design/ro_ring5.spice, which /home/ubuntu/GitHub/sky130-trng/.loom/worktrees/issue-10/design/ro_ring5.spice still names, so --ro-ring5's
|* default is exactly the file this deck needs .include'd), -40.0/1.98
|* (the other two PVT axes) and 1 (this run's `.option seed=`). As
|* committed here this is not a runnable deck.
|
|.option scale=1u
|.lib "/home/ubuntu/.volare/volare/sky130/versions/c6d73a35f524070e85faff4a6a9eef49553ebc2b/sky130A/libs.tech/combined/sky130.lib.spice" tt
|
|.include "/home/ubuntu/GitHub/sky130-trng/.loom/worktrees/issue-10/design/ro_ring5.spice"
|
|.temp -40.0
|.option seed=1
|
|Vddr vddr 0 dc 1.98
|Ven en 0 dc 1.98
|
|xg gA en n1 vddr 0 ro_nand2
|VnA gA ro dc 0 trnoise(2.0e-3 2e-10 0 0)
|x1 gB n2 vddr 0 ro_stage
|VnB gB n1 dc 0 trnoise(2.0e-3 2e-10 0 0)
|x2 gC n3 vddr 0 ro_stage
|VnC gC n2 dc 0 trnoise(2.0e-3 2e-10 0 0)
|x3 gD n4 vddr 0 ro_stage
|VnD gD n3 dc 0 trnoise(2.0e-3 2e-10 0 0)
|x4 gE ro vddr 0 ro_stage
|VnE gE n4 dc 0 trnoise(2.0e-3 2e-10 0 0)
|
|.ic v(ro)=0 v(n1)=1.98 v(n2)=0 v(n3)=1.98 v(n4)=0
|
|.tran 20p 115n uic
|
|.control
|run
|meas tran vmax_ss MAX v(ro) from=20n to=115n
|meas tran vmin_ss MIN v(ro) from=20n to=115n
|let swing_frac = (vmax_ss - vmin_ss) / 1.98
|let k = 2
|let tc = vector(21)
|while k <= 22
|  meas tran tk when v(ro)=0.5*1.98 rise=$&k
|  let tc[k-2] = tk
|  let k = k + 1
|end
|let tbar = (tc[20] - tc[0])/20
|let r1 = (tc[1,20] - tc[0,19]) - 1*tbar
|let r2 = (tc[2,20] - tc[0,18]) - 2*tbar
|let r4 = (tc[4,20] - tc[0,16]) - 4*tbar
|let r8 = (tc[8,20] - tc[0,12]) - 8*tbar
|let sigma_1 = sqrt(mean(r1*r1)/(1 - 1/20))
|let sigma_2 = sqrt(mean(r2*r2)/(1 - 2/20))
|let sigma_4 = sqrt(mean(r4*r4)/(1 - 4/20))
|let sigma_8 = sqrt(mean(r8*r8)/(1 - 8/20))
|print vmax_ss
|print vmin_ss
|print swing_frac
|print tbar
|print sigma_1
|print sigma_2
|print sigma_4
|print sigma_8
|.endc
|.end
|

----- stdout -----

Note: No compatibility mode selected!


Circuit: * ro_ring5 transient-noise jitter accumulation -- issue #10 flagship config

Doing analysis at TEMP = -40.000000 and TNOM = 27.000000

Using SPARSE 1.3 as Direct Linear Solver
Operating point simulation skipped by 'uic',
  now using transient initial conditions.
 Reference value :  2.00000e-13
 Reference value :  2.22866e-13
 Reference value :  3.60062e-13
 Reference value :  7.79639e-13
 Reference value :  2.19954e-12
 Reference value :  6.72559e-12
 Reference value :  1.51274e-11
 Reference value :  2.09745e-11
 Reference value :  2.68216e-11
 Reference value :  5.02101e-11
 Reference value :  9.02101e-11
 Reference value :  1.30210e-10
 Reference value :  1.70210e-10
 Reference value :  2.00000e-10
 Reference value :  2.14000e-10
 Reference value :  2.50000e-10
 Reference value :  3.10000e-10
 Reference value :  3.50000e-10
 Reference value :  3.85000e-10
 Reference value :  4.02000e-10
 Reference value :  4.30000e-10
 Reference value :  4.70000e-10
 Reference value :  5.10000e-10
 Reference value :  5.70000e-10
 Reference value :  6.02000e-10
 Reference value :  6.30000e-10
 Reference value :  6.70000e-10
 Reference value :  7.10000e-10
 Reference value :  7.50000e-10
 Reference value :  8.00000e-10
 Reference value :  8.14000e-10
 Reference value :  8.50000e-10
 Reference value :  9.10000e-10
 Reference value :  9.70000e-10
 Reference value :  1.00000e-09
 Reference value :  1.01400e-09
 Reference value :  1.05000e-09
 Reference value :  1.09000e-09
 Reference value :  1.13000e-09
 Reference value :  1.18500e-09
 Reference value :  1.20600e-09
 Reference value :  1.25000e-09
 Reference value :  1.29000e-09
 Reference value :  1.33000e-09
 Reference value :  1.37000e-09
 Reference value :  1.40200e-09
 Reference value :  1.43000e-09
 Reference value :  1.47000e-09
 Reference value :  1.51000e-09
 Reference value :  1.55000e-09
 Reference value :  1.60000e-09
 Reference value :  1.61400e-09
 Reference value :  1.67000e-09
 Reference value :  1.71000e-09
 Reference value :  1.75000e-09
 Reference value :  1.78500e-09
 Reference value :  1.80600e-09
 Reference value :  1.83000e-09
 Reference value :  1.87000e-09
 Reference value :  1.91000e-09
 Reference value :  1.95000e-09
 Reference value :  1.98500e-09
 Reference value :  2.00200e-09
 Reference value :  2.01400e-09
 Reference value :  2.05000e-09
 Reference value :  2.11000e-09
 Reference value :  2.15000e-09
 Reference value :  2.18500e-09
 Reference value :  2.20600e-09
 Reference value :  2.23000e-09
 Reference value :  2.27000e-09
 Reference value :  2.31000e-09
 Reference value :  2.35000e-09
 Reference value :  2.40000e-09
 Reference value :  2.41400e-09
 Reference value :  2.45000e-09
 Reference value :  2.49000e-09
 Reference value :  2.53000e-09
 Reference value :  2.57000e-09
 Reference value :  2.60000e-09
 Reference value :  2.61400e-09
 Reference value :  2.65000e-09
 Reference value :  2.69000e-09
 Reference value :  2.73000e-09
 Reference value :  2.77000e-09
 Reference value :  2.80200e-09
 Reference value :  2.85000e-09
 Reference value :  2.89000e-09
 Reference value :  2.93000e-09
 Reference value :  2.97000e-09
 Reference value :  3.00200e-09
 Reference value :  3.03000e-09
 Reference value :  3.09000e-09
 Reference value :  3.15000e-09
 Reference value :  3.20000e-09
 Reference value :  3.23000e-09
 Reference value :  3.27000e-09
 Reference value :  3.31000e-09
 Reference value :  3.35000e-09
 Reference value :  3.40000e-09
 Reference value :  3.41400e-09
 Reference value :  3.47000e-09
 Reference value :  3.53000e-09
 Reference value :  3.57000e-09
 Reference value :  3.60000e-09
 Reference value :  3.61400e-09
 Reference value :  3.65000e-09
 Reference value :  3.69000e-09
 Reference value :  3.73000e-09
 Reference value :  3.77000e-09
 Reference value :  3.80200e-09
 Reference value :  3.83000e-09
 Reference value :  3.87000e-09
 Reference value :  3.91000e-09
 Reference value :  3.95000e-09
 Reference value :  3.98500e-09
 Reference value :  4.00600e-09
 Reference value :  4.03000e-09
 Reference value :  4.07000e-09
 Reference value :  4.13000e-09
 Reference value :  4.18500e-09
 Reference value :  4.20600e-09
 Reference value :  4.25000e-09
 Reference value :  4.29000e-09
 Reference value :  4.35000e-09
 Reference value :  4.40000e-09
 Reference value :  4.41400e-09
 Reference value :  4.47000e-09
 Reference value :  4.51000e-09
 Reference value :  4.55000e-09
 Reference value :  4.58500e-09
 Reference value :  4.60200e-09
 Reference value :  4.63000e-09
 Reference value :  4.69000e-09
 Reference value :  4.73000e-09
 Reference value :  4.77000e-09
 Reference value :  4.80000e-09
 Reference value :  4.81400e-09
 Reference value :  4.87000e-09
 Reference value :  4.91000e-09
 Reference value :  4.95000e-09
 Reference value :  4.98500e-09
 Reference value :  5.01400e-09
 Reference value :  5.07000e-09
 Reference value :  5.11000e-09
 Reference value :  5.15000e-09
 Reference value :  5.20000e-09
 Reference value :  5.21400e-09
 Reference value :  5.25000e-09
 Reference value :  5.29000e-09
 Reference value :  5.33000e-09
 Reference value :  5.37000e-09
 Reference value :  5.40200e-09
 Reference value :  5.43000e-09
 Reference value :  5.49000e-09
 Reference value :  5.53000e-09
 Reference value :  5.57000e-09
 Reference value :  5.60200e-09
 Reference value :  5.65000e-09
 Reference value :  5.69000e-09
 Reference value :  5.73000e-09
 Reference value :  5.77000e-09
 Reference value :  5.80000e-09
 Reference value :  5.81400e-09
 Reference value :  5.85000e-09
 Reference value :  5.89000e-09
 Reference value :  5.93000e-09
 Reference value :  5.97000e-09
 Reference value :  6.00000e-09
 Reference value :  6.01400e-09
 Reference value :  6.05000e-09
 Reference value :  6.09000e-09
 Reference value :  6.13000e-09
 Reference value :  6.17000e-09
 Reference value :  6.20200e-09
 Reference value :  6.23000e-09
 Reference value :  6.27000e-09
 Reference value :  6.31000e-09
 Reference value :  6.35000e-09
 Reference value :  6.38500e-09
 Reference value :  6.40600e-09
 Reference value :  6.45000e-09
 Reference value :  6.49000e-09
 Reference value :  6.53000e-09
 Reference value :  6.57000e-09
 Reference value :  6.60000e-09
 Reference value :  6.61400e-09
 Reference value :  6.67000e-09
 Reference value :  6.71000e-09
 Reference value :  6.77000e-09
 Reference value :  6.80000e-09
 Reference value :  6.81400e-09
 Reference value :  6.85000e-09
 Reference value :  6.89000e-09
 Reference value :  6.93000e-09
 Reference value :  6.97000e-09
 Reference value :  7.00000e-09
 Reference value :  7.01400e-09
 Reference value :  7.05000e-09
 Reference value :  7.09000e-09
 Reference value :  7.13000e-09
 Reference value :  7.17000e-09
 Reference value :  7.20000e-09
 Reference value :  7.21400e-09
 Reference value :  7.25000e-09
 Reference value :  7.29000e-09
 Reference value :  7.33000e-09
 Reference value :  7.37000e-09
 Reference value :  7.40200e-09
 Reference value :  7.43000e-09
 Reference value :  7.49000e-09
 Reference value :  7.53000e-09
 Reference value :  7.58500e-09
 Reference value :  7.60600e-09
 Reference value :  7.65000e-09
 Reference value :  7.69000e-09
 Reference value :  7.73000e-09
 Reference value :  7.77000e-09
 Reference value :  7.80000e-09
 Reference value :  7.81400e-09
 Reference value :  7.87000e-09
 Reference value :  7.91000e-09
 Reference value :  7.95000e-09
 Reference value :  8.00000e-09
 Reference value :  8.01400e-09
 Reference value :  8.05000e-09
 Reference value :  8.09000e-09
 Reference value :  8.13000e-09
 Reference value :  8.17000e-09
 Reference value :  8.20000e-09
 Reference value :  8.21400e-09
 Reference value :  8.27000e-09
 Reference value :  8.31000e-09
 Reference value :  8.35000e-09
 Reference value :  8.38500e-09
 Reference value :  8.40200e-09
 Reference value :  8.43000e-09
 Reference value :  8.47000e-09
 Reference value :  8.51000e-09
 Reference value :  8.55000e-09
 Reference value :  8.58500e-09
 Reference value :  8.60600e-09
 Reference value :  8.65000e-09
 Reference value :  8.71000e-09
 Reference value :  8.75000e-09
 Reference value :  8.78500e-09
 Reference value :  8.80200e-09
 Reference value :  8.83000e-09
 Reference value :  8.89000e-09
 Reference value :  8.95000e-09
 Reference value :  8.98500e-09
 Reference value :  9.00200e-09
 Reference value :  9.03000e-09
 Reference value :  9.09000e-09
 Reference value :  9.13000e-09
 Reference value :  9.17000e-09
 Reference value :  9.20200e-09
 Reference value :  9.23000e-09
 Reference value :  9.27000e-09
 Reference value :  9.31000e-09
 Reference value :  9.37000e-09
 Reference value :  9.40200e-09
 Reference value :  9.43000e-09
 Reference value :  9.49000e-09
 Reference value :  9.55000e-09
 Reference value :  9.58500e-09
 Reference value :  9.60600e-09
 Reference value :  9.65000e-09
 Reference value :  9.71000e-09
 Reference value :  9.75000e-09
 Reference value :  9.78500e-09
 Reference value :  9.80600e-09
 Reference value :  9.83000e-09
 Reference value :  9.89000e-09
 Reference value :  9.95000e-09
 Reference value :  9.98500e-09
 Reference value :  1.00060e-08
 Reference value :  1.00300e-08
 Reference value :  1.00700e-08
 Reference value :  1.01300e-08
 Reference value :  1.01700e-08
 Reference value :  1.02020e-08
 Reference value :  1.02300e-08
 Reference value :  1.02700e-08
 Reference value :  1.03300e-08
 Reference value :  1.03700e-08
 Reference value :  1.04020e-08
 Reference value :  1.04300e-08
 Reference value :  1.04700e-08
 Reference value :  1.05100e-08
 Reference value :  1.05700e-08
 Reference value :  1.06020e-08
 Reference value :  1.06300e-08
 Reference value :  1.06900e-08
 Reference value :  1.07500e-08
 Reference value :  1.08000e-08
 Reference value :  1.08300e-08
 Reference value :  1.08900e-08
 Reference value :  1.09500e-08
 Reference value :  1.10000e-08
 Reference value :  1.10300e-08
 Reference value :  1.10700e-08
 Reference value :  1.11100e-08
 Reference value :  1.11500e-08
 Reference value :  1.11850e-08
 Reference value :  1.12060e-08
 Reference value :  1.12500e-08
 Reference value :  1.13100e-08
 Reference value :  1.13500e-08
 Reference value :  1.14000e-08
 Reference value :  1.14300e-08
 Reference value :  1.14900e-08
 Reference value :  1.15500e-08
 Reference value :  1.16000e-08
 Reference value :  1.16140e-08
 Reference value :  1.16500e-08
 Reference value :  1.17100e-08
 Reference value :  1.17700e-08
 Reference value :  1.18000e-08
 Reference value :  1.18140e-08
 Reference value :  1.18700e-08
 Reference value :  1.19300e-08
 Reference value :  1.19700e-08
 Reference value :  1.20020e-08
 Reference value :  1.20300e-08
 Reference value :  1.20700e-08
 Reference value :  1.21100e-08
 Reference value :  1.21500e-08
 Reference value :  1.21850e-08
 Reference value :  1.22060e-08
 Reference value :  1.22500e-08
 Reference value :  1.23100e-08
 Reference value :  1.23500e-08
 Reference value :  1.24000e-08
 Reference value :  1.24140e-08
 Reference value :  1.24700e-08
 Reference value :  1.25100e-08
 Reference value :  1.25500e-08
 Reference value :  1.25850e-08
 Reference value :  1.26060e-08
 Reference value :  1.26500e-08
 Reference value :  1.27100e-08
 Reference value :  1.27700e-08
 Reference value :  1.28020e-08
 Reference value :  1.28300e-08
 Reference value :  1.28900e-08
 Reference value :  1.29500e-08
 Reference value :  1.30000e-08
 Reference value :  1.30300e-08
 Reference value :  1.30900e-08
 Reference value :  1.31300e-08
 Reference value :  1.31850e-08
 Reference value :  1.32060e-08
 Reference value :  1.32500e-08
 Reference value :  1.33100e-08
 Reference value :  1.33700e-08
 Reference value :  1.34020e-08
 Reference value :  1.34300e-08
 Reference value :  1.34700e-08
 Reference value :  1.35300e-08
 Reference value :  1.35700e-08
 Reference value :  1.36000e-08
 Reference value :  1.36300e-08
 Reference value :  1.36700e-08
 Reference value :  1.37300e-08
 Reference value :  1.37700e-08
 Reference value :  1.38000e-08
 Reference value :  1.38140e-08
 Reference value :  1.38500e-08
 Reference value :  1.38900e-08
 Reference value :  1.39300e-08
 Reference value :  1.39850e-08
 Reference value :  1.40060e-08
 Reference value :  1.40300e-08
 Reference value :  1.40900e-08
 Reference value :  1.41500e-08
 Reference value :  1.41850e-08
 Reference value :  1.42060e-08
 Reference value :  1.42500e-08
 Reference value :  1.42900e-08
 Reference value :  1.43300e-08
 Reference value :  1.43700e-08
 Reference value :  1.44000e-08
 Reference value :  1.44140e-08
 Reference value :  1.44700e-08
 Reference value :  1.45300e-08
 Reference value :  1.45700e-08
 Reference value :  1.46020e-08
 Reference value :  1.46300e-08
 Reference value :  1.46700e-08
 Reference value :  1.47100e-08
 Reference value :  1.47500e-08
 Reference value :  1.48000e-08
 Reference value :  1.48140e-08
 Reference value :  1.48500e-08
 Reference value :  1.48900e-08
 Reference value :  1.49300e-08
 Reference value :  1.49700e-08
 Reference value :  1.50000e-08
 Reference value :  1.50140e-08
 Reference value :  1.50500e-08
 Reference value :  1.50900e-08
 Reference value :  1.51300e-08
 Reference value :  1.51700e-08
 Reference value :  1.52000e-08
 Reference value :  1.52140e-08
 Reference value :  1.52500e-08
 Reference value :  1.53100e-08
 Reference value :  1.53500e-08
 Reference value :  1.53850e-08
 Reference value :  1.54020e-08
 Reference value :  1.54300e-08
 Reference value :  1.54700e-08
 Reference value :  1.55100e-08
 Reference value :  1.55700e-08
 Reference value :  1.56020e-08
 Reference value :  1.56300e-08
 Reference value :  1.56700e-08
 Reference value :  1.57300e-08
 Reference value :  1.57700e-08
 Reference value :  1.58000e-08
 Reference value :  1.58140e-08
 Reference value :  1.58500e-08
 Reference value :  1.58900e-08
 Reference value :  1.59300e-08
 Reference value :  1.59700e-08
 Reference value :  1.60000e-08
 Reference value :  1.60140e-08
 Reference value :  1.60500e-08
 Reference value :  1.61100e-08
 Reference value :  1.61500e-08
 Reference value :  1.62000e-08
 Reference value :  1.62140e-08
 Reference value :  1.62500e-08
 Reference value :  1.63100e-08
 Reference value :  1.63700e-08
 Reference value :  1.64020e-08
 Reference value :  1.64500e-08
 Reference value :  1.65100e-08
 Reference value :  1.65500e-08
 Reference value :  1.66000e-08
 Reference value :  1.66140e-08
 Reference value :  1.66700e-08
 Reference value :  1.67300e-08
 Reference value :  1.67850e-08
 Reference value :  1.68060e-08
 Reference value :  1.68300e-08
 Reference value :  1.68700e-08
 Reference value :  1.69300e-08
 Reference value :  1.69850e-08
 Reference value :  1.70060e-08
 Reference value :  1.70300e-08
 Reference value :  1.70900e-08
 Reference value :  1.71500e-08
 Reference value :  1.71850e-08
 Reference value :  1.72060e-08
 Reference value :  1.72500e-08
 Reference value :  1.73100e-08
 Reference value :  1.73500e-08
 Reference value :  1.74000e-08
 Reference value :  1.74300e-08
 Reference value :  1.74900e-08
 Reference value :  1.75300e-08
 Reference value :  1.75850e-08
 Reference value :  1.76060e-08
 Reference value :  1.76300e-08
 Reference value :  1.76700e-08
 Reference value :  1.77100e-08
 Reference value :  1.77700e-08
 Reference value :  1.78000e-08
 Reference value :  1.78300e-08
 Reference value :  1.78700e-08
 Reference value :  1.79100e-08
 Reference value :  1.79500e-08
 Reference value :  1.80000e-08
 Reference value :  1.80140e-08
 Reference value :  1.80700e-08
 Reference value :  1.81100e-08
 Reference value :  1.81500e-08
 Reference value :  1.81850e-08
 Reference value :  1.82060e-08
 Reference value :  1.82500e-08
 Reference value :  1.83100e-08
 Reference value :  1.83500e-08
 Reference value :  1.83850e-08
 Reference value :  1.84140e-08
 Reference value :  1.84500e-08
 Reference value :  1.85100e-08
 Reference value :  1.85700e-08
 Reference value :  1.86020e-08
 Reference value :  1.86300e-08
 Reference value :  1.86900e-08
 Reference value :  1.87300e-08
 Reference value :  1.87700e-08
 Reference value :  1.88020e-08
 Reference value :  1.88300e-08
 Reference value :  1.88900e-08
 Reference value :  1.89300e-08
 Reference value :  1.89850e-08
 Reference value :  1.90020e-08
 Reference value :  1.90300e-08
 Reference value :  1.90700e-08
 Reference value :  1.91100e-08
 Reference value :  1.91500e-08
 Reference value :  1.91850e-08
 Reference value :  1.92060e-08
 Reference value :  1.92500e-08
 Reference value :  1.92900e-08
 Reference value :  1.93300e-08
 Reference value :  1.93700e-08
 Reference value :  1.94000e-08
 Reference value :  1.94140e-08
 Reference value :  1.94500e-08
 Reference value :  1.94900e-08
 Reference value :  1.95300e-08
 Reference value :  1.95700e-08
 Reference value :  1.96000e-08
 Reference value :  1.96140e-08
 Reference value :  1.96500e-08
 Reference value :  1.97100e-08
 Reference value :  1.97500e-08
 Reference value :  1.97850e-08
 Reference value :  1.98060e-08
 Reference value :  1.98500e-08
 Reference value :  1.98900e-08
 Reference value :  1.99300e-08
 Reference value :  1.99850e-08
 Reference value :  2.00060e-08
 Reference value :  2.00300e-08
 Reference value :  2.00700e-08
 Reference value :  2.01100e-08
 Reference value :  2.01500e-08
 Reference value :  2.01850e-08
 Reference value :  2.02060e-08
 Reference value :  2.02500e-08
 Reference value :  2.02900e-08
 Reference value :  2.03500e-08
 Reference value :  2.03850e-08
 Reference value :  2.04020e-08
 Reference value :  2.04300e-08
 Reference value :  2.04900e-08
 Reference value :  2.05300e-08
 Reference value :  2.05850e-08
 Reference value :  2.06140e-08
 Reference value :  2.06700e-08
 Reference value :  2.07300e-08
 Reference value :  2.07850e-08
 Reference value :  2.08060e-08
 Reference value :  2.08500e-08
 Reference value :  2.08900e-08
 Reference value :  2.09300e-08
 Reference value :  2.09700e-08
 Reference value :  2.10020e-08
 Reference value :  2.10300e-08
 Reference value :  2.10700e-08
 Reference value :  2.11100e-08
 Reference value :  2.11500e-08
 Reference value :  2.12000e-08
 Reference value :  2.12140e-08
 Reference value :  2.12700e-08
 Reference value :  2.13300e-08
 Reference value :  2.13850e-08
 Reference value :  2.14020e-08
 Reference value :  2.14300e-08
 Reference value :  2.14900e-08
 Reference value :  2.15500e-08
 Reference value :  2.16000e-08
 Reference value :  2.16300e-08
 Reference value :  2.16900e-08
 Reference value :  2.17500e-08
 Reference value :  2.17850e-08
 Reference value :  2.18060e-08
 Reference value :  2.18500e-08
 Reference value :  2.18900e-08
 Reference value :  2.19500e-08
 Reference value :  2.19850e-08
 Reference value :  2.20060e-08
 Reference value :  2.20500e-08
 Reference value :  2.20900e-08
 Reference value :  2.21300e-08
 Reference value :  2.21850e-08
 Reference value :  2.22020e-08
 Reference value :  2.22300e-08
 Reference value :  2.22700e-08
 Reference value :  2.23100e-08
 Reference value :  2.23700e-08
 Reference value :  2.24020e-08
 Reference value :  2.24300e-08
 Reference value :  2.24700e-08
 Reference value :  2.25300e-08
 Reference value :  2.25850e-08
 Reference value :  2.26060e-08
 Reference value :  2.26500e-08
 Reference value :  2.26900e-08
 Reference value :  2.27300e-08
 Reference value :  2.27700e-08
 Reference value :  2.28020e-08
 Reference value :  2.28500e-08
 Reference value :  2.28900e-08
 Reference value :  2.29500e-08
 Reference value :  2.30000e-08
 Reference value :  2.30140e-08
 Reference value :  2.30700e-08
 Reference value :  2.31300e-08
 Reference value :  2.31850e-08
 Reference value :  2.32140e-08
 Reference value :  2.32700e-08
 Reference value :  2.33300e-08
 Reference value :  2.33850e-08
 Reference value :  2.34020e-08
 Reference value :  2.34500e-08
 Reference value :  2.34900e-08
 Reference value :  2.35500e-08
 Reference value :  2.36000e-08
 Reference value :  2.36140e-08
 Reference value :  2.36500e-08
 Reference value :  2.36900e-08
 Reference value :  2.37300e-08
 Reference value :  2.37700e-08
 Reference value :  2.38000e-08
 Reference value :  2.38140e-08
 Reference value :  2.38500e-08
 Reference value :  2.38900e-08
 Reference value :  2.39500e-08
 Reference value :  2.39850e-08
 Reference value :  2.40060e-08
 Reference value :  2.40500e-08
 Reference value :  2.40900e-08
 Reference value :  2.41300e-08
 Reference value :  2.41700e-08
 Reference value :  2.42000e-08
 Reference value :  2.42140e-08
 Reference value :  2.42700e-08
 Reference value :  2.43300e-08
 Reference value :  2.43850e-08
 Reference value :  2.44140e-08
 Reference value :  2.44700e-08
 Reference value :  2.45100e-08
 Reference value :  2.45700e-08
 Reference value :  2.46000e-08
 Reference value :  2.46140e-08
 Reference value :  2.46500e-08
 Reference value :  2.46900e-08
 Reference value :  2.47500e-08
 Reference value :  2.48000e-08
 Reference value :  2.48140e-08
 Reference value :  2.48500e-08
 Reference value :  2.48900e-08
 Reference value :  2.49500e-08
 Reference value :  2.49850e-08
 Reference value :  2.50060e-08
 Reference value :  2.50500e-08
 Reference value :  2.50900e-08
 Reference value :  2.51300e-08
 Reference value :  2.51700e-08
 Reference value :  2.52020e-08
 Reference value :  2.52300e-08
 Reference value :  2.52700e-08
 Reference value :  2.53100e-08
 Reference value :  2.53500e-08
 Reference value :  2.53850e-08
 Reference value :  2.54060e-08
 Reference value :  2.54300e-08
 Reference value :  2.54700e-08
 Reference value :  2.55100e-08
 Reference value :  2.55500e-08
 Reference value :  2.56000e-08
 Reference value :  2.56140e-08
 Reference value :  2.56500e-08
 Reference value :  2.56900e-08
 Reference value :  2.57300e-08
 Reference value :  2.57850e-08
 Reference value :  2.58060e-08
 Reference value :  2.58300e-08
 Reference value :  2.58700e-08
 Reference value :  2.59300e-08
 Reference value :  2.59700e-08
 Reference value :  2.60020e-08
 Reference value :  2.60300e-08
 Reference value :  2.60700e-08
 Reference value :  2.61100e-08
 Reference value :  2.61500e-08
 Reference value :  2.62000e-08
 Reference value :  2.62140e-08
 Reference value :  2.62700e-08
 Reference value :  2.63300e-08
 Reference value :  2.63700e-08
 Reference value :  2.64000e-08
 Reference value :  2.64140e-08
 Reference value :  2.64500e-08
 Reference value :  2.64900e-08
 Reference value :  2.65300e-08
 Reference value :  2.65700e-08
 Reference value :  2.66000e-08
 Reference value :  2.66140e-08
 Reference value :  2.66500e-08
 Reference value :  2.66900e-08
 Reference value :  2.67300e-08
 Reference value :  2.67700e-08
 Reference value :  2.68000e-08
 Reference value :  2.68140e-08
 Reference value :  2.68700e-08
 Reference value :  2.69100e-08
 Reference value :  2.69500e-08
 Reference value :  2.70000e-08
 Reference value :  2.70140e-08
 Reference value :  2.70500e-08
 Reference value :  2.70900e-08
 Reference value :  2.71500e-08
 Reference value :  2.71850e-08
 Reference value :  2.72060e-08
 Reference value :  2.72300e-08
 Reference value :  2.72700e-08
 Reference value :  2.73100e-08
 Reference value :  2.73500e-08
 Reference value :  2.74000e-08
 Reference value :  2.74060e-08
 Reference value :  2.74300e-08
 Reference value :  2.74700e-08
 Reference value :  2.75100e-08
 Reference value :  2.75500e-08
 Reference value :  2.75850e-08
 Reference value :  2.76060e-08
 Reference value :  2.76500e-08
 Reference value :  2.76900e-08
 Reference value :  2.77300e-08
 Reference value :  2.77850e-08
 Reference value :  2.78060e-08
 Reference value :  2.78500e-08
 Reference value :  2.78900e-08
 Reference value :  2.79300e-08
 Reference value :  2.79700e-08
 Reference value :  2.80000e-08
 Reference value :  2.80140e-08
 Reference value :  2.80500e-08
 Reference value :  2.81100e-08
 Reference value :  2.81500e-08
 Reference value :  2.82000e-08
 Reference value :  2.82140e-08
 Reference value :  2.82500e-08
 Reference value :  2.83100e-08
 Reference value :  2.83500e-08
 Reference value :  2.83850e-08
 Reference value :  2.84060e-08
 Reference value :  2.84500e-08
 Reference value :  2.85100e-08
 Reference value :  2.85700e-08
 Reference value :  2.86000e-08
 Reference value :  2.86140e-08
 Reference value :  2.86700e-08
 Reference value :  2.87100e-08
 Reference value :  2.87500e-08
 Reference value :  2.87850e-08
 Reference value :  2.88060e-08
 Reference value :  2.88500e-08
 Reference value :  2.89100e-08
 Reference value :  2.89500e-08
 Reference value :  2.90000e-08
 Reference value :  2.90140e-08
 Reference value :  2.90700e-08
 Reference value :  2.91300e-08
 Reference value :  2.91700e-08
 Reference value :  2.92000e-08
 Reference value :  2.92140e-08
 Reference value :  2.92500e-08
 Reference value :  2.92900e-08
 Reference value :  2.93500e-08
 Reference value :  2.93850e-08
 Reference value :  2.94060e-08
 Reference value :  2.94300e-08
 Reference value :  2.94900e-08
 Reference value :  2.95500e-08
 Reference value :  2.96000e-08
 Reference value :  2.96140e-08
 Reference value :  2.96700e-08
 Reference value :  2.97300e-08
 Reference value :  2.97850e-08
 Reference value :  2.98060e-08
 Reference value :  2.98300e-08
 Reference value :  2.98700e-08
 Reference value :  2.99100e-08
 Reference value :  2.99700e-08
 Reference value :  3.00000e-08
 Reference value :  3.00140e-08
 Reference value :  3.00500e-08
 Reference value :  3.01100e-08
 Reference value :  3.01500e-08
 Reference value :  3.01850e-08
 Reference value :  3.02060e-08
 Reference value :  3.02300e-08
 Reference value :  3.02700e-08
 Reference value :  3.03100e-08
 Reference value :  3.03500e-08
 Reference value :  3.03850e-08
 Reference value :  3.04140e-08
 Reference value :  3.04500e-08
 Reference value :  3.05100e-08
 Reference value :  3.05500e-08
 Reference value :  3.06000e-08
 Reference value :  3.06140e-08
 Reference value :  3.06500e-08
 Reference value :  3.06900e-08
 Reference value :  3.07300e-08
 Reference value :  3.07700e-08
 Reference value :  3.08000e-08
 Reference value :  3.08140e-08
 Reference value :  3.08500e-08
 Reference value :  3.08900e-08
 Reference value :  3.09300e-08
 Reference value :  3.09700e-08
 Reference value :  3.10020e-08
 Reference value :  3.10300e-08
 Reference value :  3.10700e-08
 Reference value :  3.11100e-08
 Reference value :  3.11500e-08
 Reference value :  3.11850e-08
 Reference value :  3.12060e-08
 Reference value :  3.12500e-08
 Reference value :  3.12900e-08
 Reference value :  3.13300e-08
 Reference value :  3.13850e-08
 Reference value :  3.14060e-08
 Reference value :  3.14500e-08
 Reference value :  3.14900e-08
 Reference value :  3.15300e-08
 Reference value :  3.15700e-08
 Reference value :  3.16000e-08
 Reference value :  3.16140e-08
 Reference value :  3.16500e-08
 Reference value :  3.16900e-08
 Reference value :  3.17300e-08
 Reference value :  3.17700e-08
 Reference value :  3.18020e-08
 Reference value :  3.18140e-08
 Reference value :  3.18500e-08
 Reference value :  3.18900e-08
 Reference value :  3.19500e-08
 Reference value :  3.19850e-08
 Reference value :  3.20060e-08
 Reference value :  3.20500e-08
 Reference value :  3.20900e-08
 Reference value :  3.21300e-08
 Reference value :  3.21700e-08
 Reference value :  3.22000e-08
 Reference value :  3.22140e-08
 Reference value :  3.22700e-08
 Reference value :  3.23100e-08
 Reference value :  3.23500e-08
 Reference value :  3.23850e-08
 Reference value :  3.24060e-08
 Reference value :  3.24500e-08
 Reference value :  3.25100e-08
 Reference value :  3.25500e-08
 Reference value :  3.25850e-08
 Reference value :  3.26060e-08
 Reference value :  3.26500e-08
 Reference value :  3.26900e-08
 Reference value :  3.27500e-08
 Reference value :  3.28000e-08
 Reference value :  3.28140e-08
 Reference value :  3.28500e-08
 Reference value :  3.28900e-08
 Reference value :  3.29300e-08
 Reference value :  3.29850e-08
 Reference value :  3.30060e-08
 Reference value :  3.30500e-08
 Reference value :  3.30900e-08
 Reference value :  3.31300e-08
 Reference value :  3.31700e-08
 Reference value :  3.32000e-08
 Reference value :  3.32140e-08
 Reference value :  3.32500e-08
 Reference value :  3.32900e-08
 Reference value :  3.33300e-08
 Reference value :  3.33700e-08
 Reference value :  3.34000e-08
 Reference value :  3.34300e-08
 Reference value :  3.34700e-08
 Reference value :  3.35100e-08
 Reference value :  3.35500e-08
 Reference value :  3.35850e-08
 Reference value :  3.36060e-08
 Reference value :  3.36300e-08
 Reference value :  3.36700e-08
 Reference value :  3.37100e-08
 Reference value :  3.37500e-08
 Reference value :  3.37850e-08
 Reference value :  3.38060e-08
 Reference value :  3.38500e-08
 Reference value :  3.38900e-08
 Reference value :  3.39300e-08
 Reference value :  3.39850e-08
 Reference value :  3.40060e-08
 Reference value :  3.40500e-08
 Reference value :  3.40900e-08
 Reference value :  3.41300e-08
 Reference value :  3.41700e-08
 Reference value :  3.42000e-08
 Reference value :  3.42140e-08
 Reference value :  3.42700e-08
 Reference value :  3.43300e-08
 Reference value :  3.43850e-08
 Reference value :  3.44020e-08
 Reference value :  3.44300e-08
 Reference value :  3.44900e-08
 Reference value :  3.45300e-08
 Reference value :  3.45700e-08
 Reference value :  3.46000e-08
 Reference value :  3.46140e-08
 Reference value :  3.46700e-08
 Reference value :  3.47300e-08
 Reference value :  3.47700e-08
 Reference value :  3.48000e-08
 Reference value :  3.48300e-08
 Reference value :  3.48900e-08
 Reference value :  3.49300e-08
 Reference value :  3.49700e-08
 Reference value :  3.50020e-08
 Reference value :  3.50300e-08
 Reference value :  3.50900e-08
 Reference value :  3.51300e-08
 Reference value :  3.51700e-08
 Reference value :  3.52000e-08
 Reference value :  3.52140e-08
 Reference value :  3.52500e-08
 Reference value :  3.52900e-08
 Reference value :  3.53300e-08
 Reference value :  3.53700e-08
 Reference value :  3.54000e-08
 Reference value :  3.54140e-08
 Reference value :  3.54700e-08
 Reference value :  3.55100e-08
 Reference value :  3.55500e-08
 Reference value :  3.55850e-08
 Reference value :  3.56060e-08
 Reference value :  3.56300e-08
 Reference value :  3.56900e-08
 Reference value :  3.57300e-08
 Reference value :  3.57700e-08
 Reference value :  3.58020e-08
 Reference value :  3.58300e-08
 Reference value :  3.58700e-08
 Reference value :  3.59100e-08
 Reference value :  3.59500e-08
 Reference value :  3.59850e-08
 Reference value :  3.60060e-08
 Reference value :  3.60300e-08
 Reference value :  3.60900e-08
 Reference value :  3.61300e-08
 Reference value :  3.61700e-08
 Reference value :  3.62000e-08
 Reference value :  3.62140e-08
 Reference value :  3.62500e-08
 Reference value :  3.62900e-08
 Reference value :  3.63300e-08
 Reference value :  3.63700e-08
 Reference value :  3.64000e-08
 Reference value :  3.64140e-08
 Reference value :  3.64500e-08
 Reference value :  3.64900e-08
 Reference value :  3.65300e-08
 Reference value :  3.65700e-08
 Reference value :  3.66000e-08
 Reference value :  3.66300e-08
 Reference value :  3.66700e-08
 Reference value :  3.67100e-08
 Reference value :  3.67500e-08
 Reference value :  3.68000e-08
 Reference value :  3.68300e-08
 Reference value :  3.68900e-08
 Reference value :  3.69300e-08
 Reference value :  3.69850e-08
 Reference value :  3.70060e-08
 Reference value :  3.70500e-08
 Reference value :  3.70900e-08
 Reference value :  3.71500e-08
 Reference value :  3.72000e-08
 Reference value :  3.72300e-08
 Reference value :  3.72900e-08
 Reference value :  3.73500e-08
 Reference value :  3.73850e-08
 Reference value :  3.74060e-08
 Reference value :  3.74500e-08
 Reference value :  3.74900e-08
 Reference value :  3.75300e-08
 Reference value :  3.75700e-08
 Reference value :  3.76020e-08
 Reference value :  3.76300e-08
 Reference value :  3.76700e-08
 Reference value :  3.77100e-08
 Reference value :  3.77500e-08
 Reference value :  3.77850e-08
 Reference value :  3.78060e-08
 Reference value :  3.78500e-08
 Reference value :  3.78900e-08
 Reference value :  3.79500e-08
 Reference value :  3.79850e-08
 Reference value :  3.80060e-08
 Reference value :  3.80300e-08
 Reference value :  3.80700e-08
 Reference value :  3.81100e-08
 Reference value :  3.81700e-08
 Reference value :  3.82000e-08
 Reference value :  3.82140e-08
 Reference value :  3.82700e-08
 Reference value :  3.83100e-08
 Reference value :  3.83500e-08
 Reference value :  3.83850e-08
 Reference value :  3.84020e-08
 Reference value :  3.84300e-08
 Reference value :  3.84700e-08
 Reference value :  3.85100e-08
 Reference value :  3.85500e-08
 Reference value :  3.85850e-08
 Reference value :  3.86060e-08
 Reference value :  3.86300e-08
 Reference value :  3.86700e-08
 Reference value :  3.87100e-08
 Reference value :  3.87500e-08
 Reference value :  3.87850e-08
 Reference value :  3.88020e-08
 Reference value :  3.88300e-08
 Reference value :  3.88900e-08
 Reference value :  3.89300e-08
 Reference value :  3.89700e-08
 Reference value :  3.90000e-08
 Reference value :  3.90140e-08
 Reference value :  3.90500e-08
 Reference value :  3.91100e-08
 Reference value :  3.91700e-08
 Reference value :  3.92000e-08
 Reference value :  3.92300e-08
 Reference value :  3.92900e-08
 Reference value :  3.93300e-08
 Reference value :  3.93850e-08
 Reference value :  3.94060e-08
 Reference value :  3.94500e-08
 Reference value :  3.94900e-08
 Reference value :  3.95300e-08
 Reference value :  3.95850e-08
 Reference value :  3.96060e-08
 Reference value :  3.96300e-08
 Reference value :  3.96700e-08
 Reference value :  3.97100e-08
 Reference value :  3.97700e-08
 Reference value :  3.98000e-08
 Reference value :  3.98140e-08
 Reference value :  3.98700e-08
 Reference value :  3.99100e-08
 Reference value :  3.99500e-08
 Reference value :  3.99850e-08
 Reference value :  4.00060e-08
 Reference value :  4.00500e-08
 Reference value :  4.00900e-08
 Reference value :  4.01300e-08
 Reference value :  4.01700e-08
 Reference value :  4.02000e-08
 Reference value :  4.02140e-08
 Reference value :  4.02500e-08
 Reference value :  4.02900e-08
 Reference value :  4.03500e-08
 Reference value :  4.03850e-08
 Reference value :  4.04060e-08
 Reference value :  4.04300e-08
 Reference value :  4.04700e-08
 Reference value :  4.05300e-08
 Reference value :  4.05700e-08
 Reference value :  4.06000e-08
 Reference value :  4.06140e-08
 Reference value :  4.06500e-08
 Reference value :  4.06900e-08
 Reference value :  4.07300e-08
 Reference value :  4.07700e-08
 Reference value :  4.08000e-08
 Reference value :  4.08140e-08
 Reference value :  4.08500e-08
 Reference value :  4.09100e-08
 Reference value :  4.09500e-08
 Reference value :  4.09850e-08
 Reference value :  4.10020e-08
 Reference value :  4.10300e-08
 Reference value :  4.10700e-08
 Reference value :  4.11100e-08
 Reference value :  4.11700e-08
 Reference value :  4.12020e-08
 Reference value :  4.12300e-08
 Reference value :  4.12700e-08
 Reference value :  4.13100e-08
 Reference value :  4.13500e-08
 Reference value :  4.13850e-08
 Reference value :  4.14060e-08
 Reference value :  4.14300e-08
 Reference value :  4.14900e-08
 Reference value :  4.15300e-08
 Reference value :  4.15700e-08
 Reference value :  4.16000e-08
 Reference value :  4.16140e-08
 Reference value :  4.16500e-08
 Reference value :  4.16900e-08
 Reference value :  4.17500e-08
 Reference value :  4.18000e-08
 Reference value :  4.18300e-08
 Reference value :  4.18900e-08
 Reference value :  4.19500e-08
 Reference value :  4.20000e-08
 Reference value :  4.20300e-08
 Reference value :  4.20700e-08
 Reference value :  4.21300e-08
 Reference value :  4.21850e-08
 Reference value :  4.22140e-08
 Reference value :  4.22700e-08
 Reference value :  4.23100e-08
 Reference value :  4.23700e-08
 Reference value :  4.24020e-08
 Reference value :  4.24300e-08
 Reference value :  4.24900e-08
 Reference value :  4.25500e-08
 Reference value :  4.25850e-08
 Reference value :  4.26060e-08
 Reference value :  4.26300e-08
 Reference value :  4.26700e-08
 Reference value :  4.27100e-08
 Reference value :  4.27700e-08
 Reference value :  4.28000e-08
 Reference value :  4.28140e-08
 Reference value :  4.28500e-08
 Reference value :  4.28900e-08
 Reference value :  4.29300e-08
 Reference value :  4.29700e-08
 Reference value :  4.30020e-08
 Reference value :  4.30300e-08
 Reference value :  4.30700e-08
 Reference value :  4.31100e-08
 Reference value :  4.31700e-08
 Reference value :  4.32000e-08
 Reference value :  4.32140e-08
 Reference value :  4.32500e-08
 Reference value :  4.32900e-08
 Reference value :  4.33300e-08
 Reference value :  4.33850e-08
 Reference value :  4.34060e-08
 Reference value :  4.34500e-08
 Reference value :  4.34900e-08
 Reference value :  4.35300e-08
 Reference value :  4.35700e-08
 Reference value :  4.36000e-08
 Reference value :  4.36140e-08
 Reference value :  4.36500e-08
 Reference value :  4.36900e-08
 Reference value :  4.37300e-08
 Reference value :  4.37700e-08
 Reference value :  4.38000e-08
 Reference value :  4.38300e-08
 Reference value :  4.38700e-08
 Reference value :  4.39300e-08
 Reference value :  4.39850e-08
 Reference value :  4.40060e-08
 Reference value :  4.40500e-08
 Reference value :  4.40900e-08
 Reference value :  4.41500e-08
 Reference value :  4.41850e-08
 Reference value :  4.42060e-08
 Reference value :  4.42300e-08
 Reference value :  4.42900e-08
 Reference value :  4.43300e-08
 Reference value :  4.43700e-08
 Reference value :  4.44020e-08
 Reference value :  4.44500e-08
 Reference value :  4.44900e-08
 Reference value :  4.45300e-08
 Reference value :  4.45700e-08
 Reference value :  4.46000e-08
 Reference value :  4.46140e-08
 Reference value :  4.46700e-08
 Reference value :  4.47300e-08
 Reference value :  4.47700e-08
 Reference value :  4.48000e-08
 Reference value :  4.48140e-08
 Reference value :  4.48500e-08
 Reference value :  4.48900e-08
 Reference value :  4.49300e-08
 Reference value :  4.49700e-08
 Reference value :  4.50000e-08
 Reference value :  4.50140e-08
 Reference value :  4.50500e-08
 Reference value :  4.50900e-08
 Reference value :  4.51300e-08
 Reference value :  4.51700e-08
 Reference value :  4.52000e-08
 Reference value :  4.52300e-08
 Reference value :  4.52700e-08
 Reference value :  4.53100e-08
 Reference value :  4.53500e-08
 Reference value :  4.53850e-08
 Reference value :  4.54060e-08
 Reference value :  4.54300e-08
 Reference value :  4.54900e-08
 Reference value :  4.55300e-08
 Reference value :  4.55700e-08
 Reference value :  4.56020e-08
 Reference value :  4.56300e-08
 Reference value :  4.56900e-08
 Reference value :  4.57300e-08
 Reference value :  4.57850e-08
 Reference value :  4.58060e-08
 Reference value :  4.58500e-08
 Reference value :  4.58900e-08
 Reference value :  4.59300e-08
 Reference value :  4.59700e-08
 Reference value :  4.60000e-08
 Reference value :  4.60140e-08
 Reference value :  4.60700e-08
 Reference value :  4.61100e-08
 Reference value :  4.61500e-08
 Reference value :  4.61850e-08
 Reference value :  4.62060e-08
 Reference value :  4.62500e-08
 Reference value :  4.62900e-08
 Reference value :  4.63300e-08
 Reference value :  4.63700e-08
 Reference value :  4.64020e-08
 Reference value :  4.64300e-08
 Reference value :  4.64700e-08
 Reference value :  4.65100e-08
 Reference value :  4.65500e-08
 Reference value :  4.65850e-08
 Reference value :  4.66060e-08
 Reference value :  4.66500e-08
 Reference value :  4.67100e-08
 Reference value :  4.67500e-08
 Reference value :  4.67850e-08
 Reference value :  4.68060e-08
 Reference value :  4.68500e-08
 Reference value :  4.68900e-08
 Reference value :  4.69300e-08
 Reference value :  4.69700e-08
 Reference value :  4.70000e-08
 Reference value :  4.70140e-08
 Reference value :  4.70500e-08
 Reference value :  4.70900e-08
 Reference value :  4.71300e-08
 Reference value :  4.71850e-08
 Reference value :  4.72140e-08
 Reference value :  4.72700e-08
 Reference value :  4.73100e-08
 Reference value :  4.73700e-08
 Reference value :  4.74060e-08
 Reference value :  4.74300e-08
 Reference value :  4.74700e-08
 Reference value :  4.75300e-08
 Reference value :  4.75700e-08
 Reference value :  4.76020e-08
 Reference value :  4.76300e-08
 Reference value :  4.76700e-08
 Reference value :  4.77100e-08
 Reference value :  4.77700e-08
 Reference value :  4.78000e-08
 Reference value :  4.78140e-08
 Reference value :  4.78500e-08
 Reference value :  4.79100e-08
 Reference value :  4.79500e-08
 Reference value :  4.80000e-08
 Reference value :  4.80300e-08
 Reference value :  4.80700e-08
 Reference value :  4.81100e-08
 Reference value :  4.81700e-08
 Reference value :  4.82000e-08
 Reference value :  4.82300e-08
 Reference value :  4.82700e-08
 Reference value :  4.83100e-08
 Reference value :  4.83500e-08
 Reference value :  4.83850e-08
 Reference value :  4.84020e-08
 Reference value :  4.84140e-08
 Reference value :  4.84500e-08
 Reference value :  4.84900e-08
 Reference value :  4.85300e-08
 Reference value :  4.85700e-08
 Reference value :  4.86000e-08
 Reference value :  4.86140e-08
 Reference value :  4.86500e-08
 Reference value :  4.86900e-08
 Reference value :  4.87300e-08
 Reference value :  4.87700e-08
 Reference value :  4.88020e-08
 Reference value :  4.88500e-08
 Reference value :  4.88900e-08
 Reference value :  4.89500e-08
 Reference value :  4.89850e-08
 Reference value :  4.90060e-08
 Reference value :  4.90300e-08
 Reference value :  4.90700e-08
 Reference value :  4.91100e-08
 Reference value :  4.91500e-08
 Reference value :  4.92000e-08
 Reference value :  4.92140e-08
 Reference value :  4.92700e-08
 Reference value :  4.93100e-08
 Reference value :  4.93500e-08
 Reference value :  4.93850e-08
 Reference value :  4.94060e-08
 Reference value :  4.94300e-08
 Reference value :  4.94700e-08
 Reference value :  4.95100e-08
 Reference value :  4.95500e-08
 Reference value :  4.95850e-08
 Reference value :  4.96060e-08
 Reference value :  4.96500e-08
 Reference value :  4.96900e-08
 Reference value :  4.97300e-08
 Reference value :  4.97700e-08
 Reference value :  4.98000e-08
 Reference value :  4.98140e-08
 Reference value :  4.98500e-08
 Reference value :  4.98900e-08
 Reference value :  4.99300e-08
 Reference value :  4.99700e-08
 Reference value :  5.00000e-08
 Reference value :  5.00140e-08
 Reference value :  5.00500e-08
 Reference value :  5.00900e-08
 Reference value :  5.01300e-08
 Reference value :  5.01700e-08
 Reference value :  5.02000e-08
 Reference value :  5.02140e-08
 Reference value :  5.02500e-08
 Reference value :  5.02900e-08
 Reference value :  5.03300e-08
 Reference value :  5.03700e-08
 Reference value :  5.04000e-08
 Reference value :  5.04140e-08
 Reference value :  5.04500e-08
 Reference value :  5.05100e-08
 Reference value :  5.05700e-08
 Reference value :  5.06020e-08
 Reference value :  5.06300e-08
 Reference value :  5.06900e-08
 Reference value :  5.07300e-08
 Reference value :  5.07700e-08
 Reference value :  5.08020e-08
 Reference value :  5.08300e-08
 Reference value :  5.08700e-08
 Reference value :  5.09100e-08
 Reference value :  5.09700e-08
 Reference value :  5.10020e-08
 Reference value :  5.10300e-08
 Reference value :  5.10700e-08
 Reference value :  5.11100e-08
 Reference value :  5.11500e-08
 Reference value :  5.12000e-08
 Reference value :  5.12140e-08
 Reference value :  5.12500e-08
 Reference value :  5.13100e-08
 Reference value :  5.13700e-08
 Reference value :  5.14000e-08
 Reference value :  5.14140e-08
 Reference value :  5.14500e-08
 Reference value :  5.15100e-08
 Reference value :  5.15700e-08
 Reference value :  5.16020e-08
 Reference value :  5.16300e-08
 Reference value :  5.16700e-08
 Reference value :  5.17300e-08
 Reference value :  5.17700e-08
 Reference value :  5.18000e-08
 Reference value :  5.18140e-08
 Reference value :  5.18500e-08
 Reference value :  5.18900e-08
 Reference value :  5.19500e-08
 Reference value :  5.19850e-08
 Reference value :  5.20060e-08
 Reference value :  5.20300e-08
 Reference value :  5.20700e-08
 Reference value :  5.21100e-08
 Reference value :  5.21500e-08
 Reference value :  5.21850e-08
 Reference value :  5.22060e-08
 Reference value :  5.22500e-08
 Reference value :  5.23100e-08
 Reference value :  5.23700e-08
 Reference value :  5.24000e-08
 Reference value :  5.24140e-08
 Reference value :  5.24700e-08
 Reference value :  5.25300e-08
 Reference value :  5.25850e-08
 Reference value :  5.26140e-08
 Reference value :  5.26500e-08
 Reference value :  5.27100e-08
 Reference value :  5.27700e-08
 Reference value :  5.28020e-08
 Reference value :  5.28300e-08
 Reference value :  5.28700e-08
 Reference value :  5.29300e-08
 Reference value :  5.29850e-08
 Reference value :  5.30060e-08
 Reference value :  5.30300e-08
 Reference value :  5.30700e-08
 Reference value :  5.31100e-08
 Reference value :  5.31500e-08
 Reference value :  5.32000e-08
 Reference value :  5.32300e-08
 Reference value :  5.32900e-08
 Reference value :  5.33300e-08
 Reference value :  5.33700e-08
 Reference value :  5.34020e-08
 Reference value :  5.34500e-08
 Reference value :  5.35100e-08
 Reference value :  5.35700e-08
 Reference value :  5.36000e-08
 Reference value :  5.36140e-08
 Reference value :  5.36700e-08
 Reference value :  5.37300e-08
 Reference value :  5.37850e-08
 Reference value :  5.38060e-08
 Reference value :  5.38500e-08
 Reference value :  5.38900e-08
 Reference value :  5.39500e-08
 Reference value :  5.39850e-08
 Reference value :  5.40060e-08
 Reference value :  5.40500e-08
 Reference value :  5.41100e-08
 Reference value :  5.41500e-08
 Reference value :  5.41850e-08
 Reference value :  5.42060e-08
 Reference value :  5.42500e-08
 Reference value :  5.43100e-08
 Reference value :  5.43700e-08
 Reference value :  5.44000e-08
 Reference value :  5.44300e-08
 Reference value :  5.44900e-08
 Reference value :  5.45300e-08
 Reference value :  5.45850e-08
 Reference value :  5.46060e-08
 Reference value :  5.46300e-08
 Reference value :  5.46900e-08
 Reference value :  5.47300e-08
 Reference value :  5.47700e-08
 Reference value :  5.48000e-08
 Reference value :  5.48140e-08
 Reference value :  5.48500e-08
 Reference value :  5.49100e-08
 Reference value :  5.49500e-08
 Reference value :  5.49850e-08
 Reference value :  5.50060e-08
 Reference value :  5.50500e-08
 Reference value :  5.50900e-08
 Reference value :  5.51300e-08
 Reference value :  5.51850e-08
 Reference value :  5.52060e-08
 Reference value :  5.52500e-08
 Reference value :  5.52900e-08
 Reference value :  5.53500e-08
 Reference value :  5.54000e-08
 Reference value :  5.54140e-08
 Reference value :  5.54700e-08
 Reference value :  5.55100e-08
 Reference value :  5.55500e-08
 Reference value :  5.55850e-08
 Reference value :  5.56060e-08
 Reference value :  5.56300e-08
 Reference value :  5.56700e-08
 Reference value :  5.57100e-08
 Reference value :  5.57500e-08
 Reference value :  5.57850e-08
 Reference value :  5.58060e-08
 Reference value :  5.58300e-08
 Reference value :  5.58700e-08
 Reference value :  5.59100e-08
 Reference value :  5.59500e-08
 Reference value :  5.60000e-08
 Reference value :  5.60300e-08
 Reference value :  5.60700e-08
 Reference value :  5.61300e-08
 Reference value :  5.61850e-08
 Reference value :  5.62060e-08
 Reference value :  5.62300e-08
 Reference value :  5.62700e-08
 Reference value :  5.63300e-08
 Reference value :  5.63850e-08
 Reference value :  5.64060e-08
 Reference value :  5.64300e-08
 Reference value :  5.64700e-08
 Reference value :  5.65100e-08
 Reference value :  5.65500e-08
 Reference value :  5.66000e-08
 Reference value :  5.66140e-08
 Reference value :  5.66700e-08
 Reference value :  5.67100e-08
 Reference value :  5.67700e-08
 Reference value :  5.68020e-08
 Reference value :  5.68300e-08
 Reference value :  5.68700e-08
 Reference value :  5.69100e-08
 Reference value :  5.69500e-08
 Reference value :  5.69850e-08
 Reference value :  5.70060e-08
 Reference value :  5.70500e-08
 Reference value :  5.70900e-08
 Reference value :  5.71500e-08
 Reference value :  5.72000e-08
 Reference value :  5.72140e-08
 Reference value :  5.72500e-08
 Reference value :  5.72900e-08
 Reference value :  5.73300e-08
 Reference value :  5.73700e-08
 Reference value :  5.74000e-08
 Reference value :  5.74140e-08
 Reference value :  5.74500e-08
 Reference value :  5.74900e-08
 Reference value :  5.75500e-08
 Reference value :  5.75850e-08
 Reference value :  5.76060e-08
 Reference value :  5.76500e-08
 Reference value :  5.77100e-08
 Reference value :  5.77500e-08
 Reference value :  5.78000e-08
 Reference value :  5.78140e-08
 Reference value :  5.78700e-08
 Reference value :  5.79100e-08
 Reference value :  5.79700e-08
 Reference value :  5.80020e-08
 Reference value :  5.80500e-08
 Reference value :  5.80900e-08
 Reference value :  5.81300e-08
 Reference value :  5.81700e-08
 Reference value :  5.82000e-08
 Reference value :  5.82140e-08
 Reference value :  5.82500e-08
 Reference value :  5.83100e-08
 Reference value :  5.83500e-08
 Reference value :  5.83850e-08
 Reference value :  5.84060e-08
 Reference value :  5.84500e-08
 Reference value :  5.84900e-08
 Reference value :  5.85300e-08
 Reference value :  5.85700e-08
 Reference value :  5.86000e-08
 Reference value :  5.86300e-08
 Reference value :  5.86900e-08
 Reference value :  5.87300e-08
 Reference value :  5.87850e-08
 Reference value :  5.88060e-08
 Reference value :  5.88500e-08
 Reference value :  5.88900e-08
 Reference value :  5.89500e-08
 Reference value :  5.90000e-08
 Reference value :  5.90140e-08
 Reference value :  5.90700e-08
 Reference value :  5.91100e-08
 Reference value :  5.91500e-08
 Reference value :  5.91850e-08
 Reference value :  5.92060e-08
 Reference value :  5.92300e-08
 Reference value :  5.92700e-08
 Reference value :  5.93100e-08
 Reference value :  5.93500e-08
 Reference value :  5.94000e-08
 Reference value :  5.94300e-08
 Reference value :  5.94700e-08
 Reference value :  5.95100e-08
 Reference value :  5.95500e-08
 Reference value :  5.95850e-08
 Reference value :  5.96060e-08
 Reference value :  5.96500e-08
 Reference value :  5.97100e-08
 Reference value :  5.97700e-08
 Reference value :  5.98000e-08
 Reference value :  5.98140e-08
 Reference value :  5.98500e-08
 Reference value :  5.98900e-08
 Reference value :  5.99500e-08
 Reference value :  6.00000e-08
 Reference value :  6.00140e-08
 Reference value :  6.00700e-08
 Reference value :  6.01100e-08
 Reference value :  6.01500e-08
 Reference value :  6.02000e-08
 Reference value :  6.02500e-08
 Reference value :  6.02900e-08
 Reference value :  6.03300e-08
 Reference value :  6.03700e-08
 Reference value :  6.04020e-08
 Reference value :  6.04300e-08
 Reference value :  6.04700e-08
 Reference value :  6.05100e-08
 Reference value :  6.05500e-08
 Reference value :  6.06000e-08
 Reference value :  6.06140e-08
 Reference value :  6.06700e-08
 Reference value :  6.07100e-08
 Reference value :  6.07500e-08
 Reference value :  6.08000e-08
 Reference value :  6.08140e-08
 Reference value :  6.08500e-08
 Reference value :  6.08900e-08
 Reference value :  6.09300e-08
 Reference value :  6.09850e-08
 Reference value :  6.10060e-08
 Reference value :  6.10300e-08
 Reference value :  6.10900e-08
 Reference value :  6.11300e-08
 Reference value :  6.11700e-08
 Reference value :  6.12000e-08
 Reference value :  6.12140e-08
 Reference value :  6.12500e-08
 Reference value :  6.12900e-08
 Reference value :  6.13300e-08
 Reference value :  6.13700e-08
 Reference value :  6.14020e-08
 Reference value :  6.14300e-08
 Reference value :  6.14900e-08
 Reference value :  6.15300e-08
 Reference value :  6.15700e-08
 Reference value :  6.16000e-08
 Reference value :  6.16140e-08
 Reference value :  6.16500e-08
 Reference value :  6.16900e-08
 Reference value :  6.17500e-08
 Reference value :  6.17850e-08
 Reference value :  6.18140e-08
 Reference value :  6.18700e-08
 Reference value :  6.19300e-08
 Reference value :  6.19850e-08
 Reference value :  6.20060e-08
 Reference value :  6.20300e-08
 Reference value :  6.20900e-08
 Reference value :  6.21500e-08
 Reference value :  6.22000e-08
 Reference value :  6.22300e-08
 Reference value :  6.22900e-08
 Reference value :  6.23300e-08
 Reference value :  6.23700e-08
 Reference value :  6.24020e-08
 Reference value :  6.24300e-08
 Reference value :  6.24900e-08
 Reference value :  6.25500e-08
 Reference value :  6.26000e-08
 Reference value :  6.26140e-08
 Reference value :  6.26700e-08
 Reference value :  6.27300e-08
 Reference value :  6.27700e-08
 Reference value :  6.28000e-08
 Reference value :  6.28140e-08
 Reference value :  6.28700e-08
 Reference value :  6.29100e-08
 Reference value :  6.29500e-08
 Reference value :  6.30000e-08
 Reference value :  6.30300e-08
 Reference value :  6.30700e-08
 Reference value :  6.31300e-08
 Reference value :  6.31700e-08
 Reference value :  6.32000e-08
 Reference value :  6.32300e-08
 Reference value :  6.32900e-08
 Reference value :  6.33500e-08
 Reference value :  6.34000e-08
 Reference value :  6.34140e-08
 Reference value :  6.34700e-08
 Reference value :  6.35100e-08
 Reference value :  6.35700e-08
 Reference value :  6.36000e-08
 Reference value :  6.36140e-08
 Reference value :  6.36700e-08
 Reference value :  6.37300e-08
 Reference value :  6.37850e-08
 Reference value :  6.38060e-08
 Reference value :  6.38500e-08
 Reference value :  6.38900e-08
 Reference value :  6.39300e-08
 Reference value :  6.39700e-08
 Reference value :  6.40020e-08
 Reference value :  6.40300e-08
 Reference value :  6.40900e-08
 Reference value :  6.41500e-08
 Reference value :  6.41850e-08
 Reference value :  6.42060e-08
 Reference value :  6.42700e-08
 Reference value :  6.43300e-08
 Reference value :  6.43700e-08
 Reference value :  6.44000e-08
 Reference value :  6.44140e-08
 Reference value :  6.44500e-08
 Reference value :  6.44900e-08
 Reference value :  6.45300e-08
 Reference value :  6.45850e-08
 Reference value :  6.46060e-08
 Reference value :  6.46500e-08
 Reference value :  6.47100e-08
 Reference value :  6.47700e-08
 Reference value :  6.48000e-08
 Reference value :  6.48300e-08
 Reference value :  6.48900e-08
 Reference value :  6.49500e-08
 Reference value :  6.49850e-08
 Reference value :  6.50060e-08
 Reference value :  6.50500e-08
 Reference value :  6.50900e-08
 Reference value :  6.51500e-08
 Reference value :  6.51850e-08
 Reference value :  6.52140e-08
 Reference value :  6.52500e-08
 Reference value :  6.52900e-08
 Reference value :  6.53500e-08
 Reference value :  6.53850e-08
 Reference value :  6.54060e-08
 Reference value :  6.54500e-08
 Reference value :  6.55100e-08
 Reference value :  6.55700e-08
 Reference value :  6.56000e-08
 Reference value :  6.56140e-08
 Reference value :  6.56700e-08
 Reference value :  6.57100e-08
 Reference value :  6.57500e-08
 Reference value :  6.58000e-08
 Reference value :  6.58300e-08
 Reference value :  6.58700e-08
 Reference value :  6.59300e-08
 Reference value :  6.59850e-08
 Reference value :  6.60060e-08
 Reference value :  6.60500e-08
 Reference value :  6.61100e-08
 Reference value :  6.61500e-08
 Reference value :  6.62000e-08
 Reference value :  6.62140e-08
 Reference value :  6.62500e-08
 Reference value :  6.62900e-08
 Reference value :  6.63300e-08
 Reference value :  6.63850e-08
 Reference value :  6.64060e-08
 Reference value :  6.64500e-08
 Reference value :  6.64900e-08
 Reference value :  6.65500e-08
 Reference value :  6.66000e-08
 Reference value :  6.66140e-08
 Reference value :  6.66700e-08
 Reference value :  6.67300e-08
 Reference value :  6.67700e-08
 Reference value :  6.68020e-08
 Reference value :  6.68500e-08
 Reference value :  6.68900e-08
 Reference value :  6.69500e-08
 Reference value :  6.70000e-08
 Reference value :  6.70060e-08
 Reference value :  6.70300e-08
 Reference value :  6.70700e-08
 Reference value :  6.71300e-08
 Reference value :  6.71850e-08
 Reference value :  6.72060e-08
 Reference value :  6.72300e-08
 Reference value :  6.72700e-08
 Reference value :  6.73100e-08
 Reference value :  6.73500e-08
 Reference value :  6.73850e-08
 Reference value :  6.74060e-08
 Reference value :  6.74500e-08
 Reference value :  6.74900e-08
 Reference value :  6.75300e-08
 Reference value :  6.75850e-08
 Reference value :  6.76020e-08
 Reference value :  6.76300e-08
 Reference value :  6.76900e-08
 Reference value :  6.77300e-08
 Reference value :  6.77700e-08
 Reference value :  6.78000e-08
 Reference value :  6.78140e-08
 Reference value :  6.78500e-08
 Reference value :  6.78900e-08
 Reference value :  6.79500e-08
 Reference value :  6.79850e-08
 Reference value :  6.80060e-08
 Reference value :  6.80500e-08
 Reference value :  6.81100e-08
 Reference value :  6.81500e-08
 Reference value :  6.81850e-08
 Reference value :  6.82060e-08
 Reference value :  6.82500e-08
 Reference value :  6.82900e-08
 Reference value :  6.83500e-08
 Reference value :  6.83850e-08
 Reference value :  6.84060e-08
 Reference value :  6.84500e-08
 Reference value :  6.85100e-08
 Reference value :  6.85700e-08
 Reference value :  6.86020e-08
 Reference value :  6.86300e-08
 Reference value :  6.86700e-08
 Reference value :  6.87100e-08
 Reference value :  6.87500e-08
 Reference value :  6.87850e-08
 Reference value :  6.88060e-08
 Reference value :  6.88300e-08
 Reference value :  6.88900e-08
 Reference value :  6.89300e-08
 Reference value :  6.89700e-08
 Reference value :  6.90000e-08
 Reference value :  6.90300e-08
 Reference value :  6.90900e-08
 Reference value :  6.91500e-08
 Reference value :  6.92000e-08
 Reference value :  6.92300e-08
 Reference value :  6.92900e-08
 Reference value :  6.93500e-08
 Reference value :  6.93850e-08
 Reference value :  6.94060e-08
 Reference value :  6.94500e-08
 Reference value :  6.94900e-08
 Reference value :  6.95300e-08
 Reference value :  6.95700e-08
 Reference value :  6.96000e-08
 Reference value :  6.96140e-08
 Reference value :  6.96500e-08
 Reference value :  6.96900e-08
 Reference value :  6.97300e-08
 Reference value :  6.97850e-08
 Reference value :  6.98060e-08
 Reference value :  6.98500e-08
 Reference value :  6.99100e-08
 Reference value :  6.99700e-08
 Reference value :  7.00020e-08
 Reference value :  7.00300e-08
 Reference value :  7.00900e-08
 Reference value :  7.01300e-08
 Reference value :  7.01850e-08
 Reference value :  7.02060e-08
 Reference value :  7.02500e-08
 Reference value :  7.03100e-08
 Reference value :  7.03500e-08
 Reference value :  7.03850e-08
 Reference value :  7.04060e-08
 Reference value :  7.04500e-08
 Reference value :  7.04900e-08
 Reference value :  7.05300e-08
 Reference value :  7.05700e-08
 Reference value :  7.06000e-08
 Reference value :  7.06140e-08
 Reference value :  7.06500e-08
 Reference value :  7.07100e-08
 Reference value :  7.07700e-08
 Reference value :  7.08000e-08
 Reference value :  7.08140e-08
 Reference value :  7.08700e-08
 Reference value :  7.09300e-08
 Reference value :  7.09700e-08
 Reference value :  7.10020e-08
 Reference value :  7.10300e-08
 Reference value :  7.10900e-08
 Reference value :  7.11500e-08
 Reference value :  7.12000e-08
 Reference value :  7.12140e-08
 Reference value :  7.12700e-08
 Reference value :  7.13100e-08
 Reference value :  7.13700e-08
 Reference value :  7.14000e-08
 Reference value :  7.14140e-08
 Reference value :  7.14700e-08
 Reference value :  7.15100e-08
 Reference value :  7.15500e-08
 Reference value :  7.16000e-08
 Reference value :  7.16300e-08
 Reference value :  7.16900e-08
 Reference value :  7.17300e-08
 Reference value :  7.17700e-08
 Reference value :  7.18000e-08
 Reference value :  7.18140e-08
 Reference value :  7.18700e-08
 Reference value :  7.19100e-08
 Reference value :  7.19500e-08
 Reference value :  7.19850e-08
 Reference value :  7.20060e-08
 Reference value :  7.20500e-08
 Reference value :  7.21100e-08
 Reference value :  7.21700e-08
 Reference value :  7.22000e-08
 Reference value :  7.22140e-08
 Reference value :  7.22500e-08
 Reference value :  7.22900e-08
 Reference value :  7.23300e-08
 Reference value :  7.23700e-08
 Reference value :  7.24000e-08
 Reference value :  7.24140e-08
 Reference value :  7.24700e-08
 Reference value :  7.25100e-08
 Reference value :  7.25500e-08
 Reference value :  7.26000e-08
 Reference value :  7.26300e-08
 Reference value :  7.26900e-08
 Reference value :  7.27500e-08
 Reference value :  7.28000e-08
 Reference value :  7.28140e-08
 Reference value :  7.28700e-08
 Reference value :  7.29300e-08
 Reference value :  7.29850e-08
 Reference value :  7.30060e-08
 Reference value :  7.30300e-08
 Reference value :  7.30700e-08
 Reference value :  7.31100e-08
 Reference value :  7.31700e-08
 Reference value :  7.32020e-08
 Reference value :  7.32300e-08
 Reference value :  7.32900e-08
 Reference value :  7.33500e-08
 Reference value :  7.34000e-08
 Reference value :  7.34300e-08
 Reference value :  7.34900e-08
 Reference value :  7.35500e-08
 Reference value :  7.36000e-08
 Reference value :  7.36300e-08
 Reference value :  7.36900e-08
 Reference value :  7.37500e-08
 Reference value :  7.38000e-08
 Reference value :  7.38300e-08
 Reference value :  7.38900e-08
 Reference value :  7.39300e-08
 Reference value :  7.39850e-08
 Reference value :  7.40060e-08
 Reference value :  7.40500e-08
 Reference value :  7.41100e-08
 Reference value :  7.41500e-08
 Reference value :  7.42000e-08
 Reference value :  7.42140e-08
 Reference value :  7.42700e-08
 Reference value :  7.43100e-08
 Reference value :  7.43700e-08
 Reference value :  7.44020e-08
 Reference value :  7.44300e-08
 Reference value :  7.44700e-08
 Reference value :  7.45100e-08
 Reference value :  7.45700e-08
 Reference value :  7.46020e-08
 Reference value :  7.46300e-08
 Reference value :  7.46900e-08
 Reference value :  7.47300e-08
 Reference value :  7.47700e-08
 Reference value :  7.48020e-08
 Reference value :  7.48300e-08
 Reference value :  7.48700e-08
 Reference value :  7.49100e-08
 Reference value :  7.49700e-08
 Reference value :  7.50020e-08
 Reference value :  7.50300e-08
 Reference value :  7.50700e-08
 Reference value :  7.51300e-08
 Reference value :  7.51700e-08
 Reference value :  7.52000e-08
 Reference value :  7.52140e-08
 Reference value :  7.52500e-08
 Reference value :  7.53100e-08
 Reference value :  7.53500e-08
 Reference value :  7.54000e-08
 Reference value :  7.54140e-08
 Reference value :  7.54700e-08
 Reference value :  7.55100e-08
 Reference value :  7.55500e-08
 Reference value :  7.55850e-08
 Reference value :  7.56060e-08
 Reference value :  7.56500e-08
 Reference value :  7.56900e-08
 Reference value :  7.57500e-08
 Reference value :  7.57850e-08
 Reference value :  7.58020e-08
 Reference value :  7.58300e-08
 Reference value :  7.58700e-08
 Reference value :  7.59100e-08
 Reference value :  7.59500e-08
 Reference value :  7.59850e-08
 Reference value :  7.60060e-08
 Reference value :  7.60500e-08
 Reference value :  7.60900e-08
 Reference value :  7.61500e-08
 Reference value :  7.61850e-08
 Reference value :  7.62060e-08
 Reference value :  7.62500e-08
 Reference value :  7.63100e-08
 Reference value :  7.63700e-08
 Reference value :  7.64020e-08
 Reference value :  7.64300e-08
 Reference value :  7.64900e-08
 Reference value :  7.65500e-08
 Reference value :  7.66000e-08
 Reference value :  7.66300e-08
 Reference value :  7.66900e-08
 Reference value :  7.67500e-08
 Reference value :  7.68000e-08
 Reference value :  7.68140e-08
 Reference value :  7.68700e-08
 Reference value :  7.69100e-08
 Reference value :  7.69500e-08
 Reference value :  7.69850e-08
 Reference value :  7.70060e-08
 Reference value :  7.70500e-08
 Reference value :  7.70900e-08
 Reference value :  7.71300e-08
 Reference value :  7.71850e-08
 Reference value :  7.72060e-08
 Reference value :  7.72500e-08
 Reference value :  7.72900e-08
 Reference value :  7.73500e-08
 Reference value :  7.73850e-08
 Reference value :  7.74060e-08
 Reference value :  7.74500e-08
 Reference value :  7.74900e-08
 Reference value :  7.75500e-08
 Reference value :  7.76000e-08
 Reference value :  7.76140e-08
 Reference value :  7.76500e-08
 Reference value :  7.77100e-08
 Reference value :  7.77500e-08
 Reference value :  7.78000e-08
 Reference value :  7.78140e-08
 Reference value :  7.78500e-08
 Reference value :  7.79100e-08
 Reference value :  7.79700e-08
 Reference value :  7.80020e-08
 Reference value :  7.80300e-08
 Reference value :  7.80900e-08
 Reference value :  7.81500e-08
 Reference value :  7.82000e-08
 Reference value :  7.82300e-08
 Reference value :  7.82900e-08
 Reference value :  7.83500e-08
 Reference value :  7.84000e-08
 Reference value :  7.84300e-08
 Reference value :  7.84700e-08
 Reference value :  7.85100e-08
 Reference value :  7.85500e-08
 Reference value :  7.85850e-08
 Reference value :  7.86060e-08
 Reference value :  7.86500e-08
 Reference value :  7.87100e-08
 Reference value :  7.87500e-08
 Reference value :  7.87850e-08
 Reference value :  7.88060e-08
 Reference value :  7.88500e-08
 Reference value :  7.88900e-08
 Reference value :  7.89300e-08
 Reference value :  7.89700e-08
 Reference value :  7.90000e-08
 Reference value :  7.90140e-08
 Reference value :  7.90500e-08
 Reference value :  7.90900e-08
 Reference value :  7.91500e-08
 Reference value :  7.92000e-08
 Reference value :  7.92300e-08
 Reference value :  7.92700e-08
 Reference value :  7.93300e-08
 Reference value :  7.93700e-08
 Reference value :  7.94000e-08
 Reference value :  7.94300e-08
 Reference value :  7.94900e-08
 Reference value :  7.95500e-08
 Reference value :  7.96000e-08
 Reference value :  7.96140e-08
 Reference value :  7.96500e-08
 Reference value :  7.96900e-08
 Reference value :  7.97300e-08
 Reference value :  7.97700e-08
 Reference value :  7.98020e-08
 Reference value :  7.98300e-08
 Reference value :  7.98700e-08
 Reference value :  7.99100e-08
 Reference value :  7.99500e-08
 Reference value :  8.00000e-08
 Reference value :  8.00140e-08
 Reference value :  8.00500e-08
 Reference value :  8.00900e-08
 Reference value :  8.01300e-08
 Reference value :  8.01700e-08
 Reference value :  8.02020e-08
 Reference value :  8.02300e-08
 Reference value :  8.02700e-08
 Reference value :  8.03100e-08
 Reference value :  8.03700e-08
 Reference value :  8.04000e-08
 Reference value :  8.04140e-08
 Reference value :  8.04500e-08
 Reference value :  8.05100e-08
 Reference value :  8.05700e-08
 Reference value :  8.06020e-08
 Reference value :  8.06300e-08
 Reference value :  8.06700e-08
 Reference value :  8.07300e-08
 Reference value :  8.07850e-08
 Reference value :  8.08060e-08
 Reference value :  8.08500e-08
 Reference value :  8.08900e-08
 Reference value :  8.09500e-08
 Reference value :  8.10000e-08
 Reference value :  8.10140e-08
 Reference value :  8.10500e-08
 Reference value :  8.11100e-08
 Reference value :  8.11500e-08
 Reference value :  8.12000e-08
 Reference value :  8.12140e-08
 Reference value :  8.12700e-08
 Reference value :  8.13100e-08
 Reference value :  8.13500e-08
 Reference value :  8.13850e-08
 Reference value :  8.14060e-08
 Reference value :  8.14500e-08
 Reference value :  8.15100e-08
 Reference value :  8.15500e-08
 Reference value :  8.15850e-08
 Reference value :  8.16060e-08
 Reference value :  8.16500e-08
 Reference value :  8.16900e-08
 Reference value :  8.17500e-08
 Reference value :  8.18000e-08
 Reference value :  8.18140e-08
 Reference value :  8.18500e-08
 Reference value :  8.18900e-08
 Reference value :  8.19300e-08
 Reference value :  8.19700e-08
 Reference value :  8.20000e-08
 Reference value :  8.20140e-08
 Reference value :  8.20500e-08
 Reference value :  8.20900e-08
 Reference value :  8.21300e-08
 Reference value :  8.21700e-08
 Reference value :  8.22000e-08
 Reference value :  8.22140e-08
 Reference value :  8.22700e-08
 Reference value :  8.23300e-08
 Reference value :  8.23850e-08
 Reference value :  8.24060e-08
 Reference value :  8.24500e-08
 Reference value :  8.24900e-08
 Reference value :  8.25500e-08
 Reference value :  8.26000e-08
 Reference value :  8.26140e-08
 Reference value :  8.26500e-08
 Reference value :  8.27100e-08
 Reference value :  8.27500e-08
 Reference value :  8.27850e-08
 Reference value :  8.28020e-08
 Reference value :  8.28140e-08
 Reference value :  8.28500e-08
 Reference value :  8.29100e-08
 Reference value :  8.29700e-08
 Reference value :  8.30020e-08
 Reference value :  8.30500e-08
 Reference value :  8.31100e-08
 Reference value :  8.31700e-08
 Reference value :  8.32020e-08
 Reference value :  8.32500e-08
 Reference value :  8.33100e-08
 Reference value :  8.33500e-08
 Reference value :  8.34000e-08
 Reference value :  8.34140e-08
 Reference value :  8.34500e-08
 Reference value :  8.34900e-08
 Reference value :  8.35300e-08
 Reference value :  8.35700e-08
 Reference value :  8.36000e-08
 Reference value :  8.36140e-08
 Reference value :  8.36500e-08
 Reference value :  8.36900e-08
 Reference value :  8.37300e-08
 Reference value :  8.37700e-08
 Reference value :  8.38020e-08
 Reference value :  8.38300e-08
 Reference value :  8.38900e-08
 Reference value :  8.39300e-08
 Reference value :  8.39700e-08
 Reference value :  8.40000e-08
 Reference value :  8.40140e-08
 Reference value :  8.40700e-08
 Reference value :  8.41100e-08
 Reference value :  8.41500e-08
 Reference value :  8.42000e-08
 Reference value :  8.42140e-08
 Reference value :  8.42500e-08
 Reference value :  8.42900e-08
 Reference value :  8.43300e-08
 Reference value :  8.43700e-08
 Reference value :  8.44020e-08
 Reference value :  8.44300e-08
 Reference value :  8.44700e-08
 Reference value :  8.45100e-08
 Reference value :  8.45700e-08
 Reference value :  8.46020e-08
 Reference value :  8.46300e-08
 Reference value :  8.46900e-08
 Reference value :  8.47500e-08
 Reference value :  8.48000e-08
 Reference value :  8.48140e-08
 Reference value :  8.48500e-08
 Reference value :  8.49100e-08
 Reference value :  8.49500e-08
 Reference value :  8.49850e-08
 Reference value :  8.50020e-08
 Reference value :  8.50300e-08
 Reference value :  8.50700e-08
 Reference value :  8.51300e-08
 Reference value :  8.51700e-08
 Reference value :  8.52020e-08
 Reference value :  8.52300e-08
 Reference value :  8.52700e-08
 Reference value :  8.53300e-08
 Reference value :  8.53850e-08
 Reference value :  8.54060e-08
 Reference value :  8.54500e-08
 Reference value :  8.55100e-08
 Reference value :  8.55700e-08
 Reference value :  8.56020e-08
 Reference value :  8.56140e-08
 Reference value :  8.56500e-08
 Reference value :  8.56900e-08
 Reference value :  8.57300e-08
 Reference value :  8.57850e-08
 Reference value :  8.58060e-08
 Reference value :  8.58500e-08
 Reference value :  8.58900e-08
 Reference value :  8.59300e-08
 Reference value :  8.59700e-08
 Reference value :  8.60000e-08
 Reference value :  8.60140e-08
 Reference value :  8.60700e-08
 Reference value :  8.61100e-08
 Reference value :  8.61500e-08
 Reference value :  8.61850e-08
 Reference value :  8.62060e-08
 Reference value :  8.62500e-08
 Reference value :  8.62900e-08
 Reference value :  8.63300e-08
 Reference value :  8.63700e-08
 Reference value :  8.64020e-08
 Reference value :  8.64300e-08
 Reference value :  8.64700e-08
 Reference value :  8.65300e-08
 Reference value :  8.65850e-08
 Reference value :  8.66140e-08
 Reference value :  8.66700e-08
 Reference value :  8.67300e-08
 Reference value :  8.67700e-08
 Reference value :  8.68020e-08
 Reference value :  8.68300e-08
 Reference value :  8.68700e-08
 Reference value :  8.69100e-08
 Reference value :  8.69500e-08
 Reference value :  8.69850e-08
 Reference value :  8.70060e-08
 Reference value :  8.70500e-08
 Reference value :  8.71100e-08
 Reference value :  8.71700e-08
 Reference value :  8.72020e-08
 Reference value :  8.72300e-08
 Reference value :  8.72700e-08
 Reference value :  8.73100e-08
 Reference value :  8.73500e-08
 Reference value :  8.74000e-08
 Reference value :  8.74140e-08
 Reference value :  8.74500e-08
 Reference value :  8.75100e-08
 Reference value :  8.75500e-08
 Reference value :  8.75850e-08
 Reference value :  8.76060e-08
 Reference value :  8.76500e-08
 Reference value :  8.76900e-08
 Reference value :  8.77500e-08
 Reference value :  8.77850e-08
 Reference value :  8.78020e-08
 Reference value :  8.78300e-08
 Reference value :  8.78700e-08
 Reference value :  8.79100e-08
 Reference value :  8.79500e-08
 Reference value :  8.79850e-08
 Reference value :  8.80060e-08
 Reference value :  8.80500e-08
 Reference value :  8.80900e-08
 Reference value :  8.81300e-08
 Reference value :  8.81700e-08
 Reference value :  8.82000e-08
 Reference value :  8.82140e-08
 Reference value :  8.82700e-08
 Reference value :  8.83100e-08
 Reference value :  8.83500e-08
 Reference value :  8.83850e-08
 Reference value :  8.84060e-08
 Reference value :  8.84300e-08
 Reference value :  8.84700e-08
 Reference value :  8.85100e-08
 Reference value :  8.85500e-08
 Reference value :  8.85850e-08
 Reference value :  8.86060e-08
 Reference value :  8.86500e-08
 Reference value :  8.86900e-08
 Reference value :  8.87300e-08
 Reference value :  8.87700e-08
 Reference value :  8.88020e-08
 Reference value :  8.88300e-08
 Reference value :  8.88700e-08
 Reference value :  8.89100e-08
 Reference value :  8.89500e-08
 Reference value :  8.89850e-08
 Reference value :  8.90060e-08
 Reference value :  8.90300e-08
 Reference value :  8.90900e-08
 Reference value :  8.91300e-08
 Reference value :  8.91700e-08
 Reference value :  8.92000e-08
 Reference value :  8.92140e-08
 Reference value :  8.92700e-08
 Reference value :  8.93100e-08
 Reference value :  8.93500e-08
 Reference value :  8.93850e-08
 Reference value :  8.94060e-08
 Reference value :  8.94300e-08
 Reference value :  8.94700e-08
 Reference value :  8.95300e-08
 Reference value :  8.95700e-08
 Reference value :  8.96000e-08
 Reference value :  8.96140e-08
 Reference value :  8.96700e-08
 Reference value :  8.97100e-08
 Reference value :  8.97500e-08
 Reference value :  8.98000e-08
 Reference value :  8.98140e-08
 Reference value :  8.98500e-08
 Reference value :  8.99100e-08
 Reference value :  8.99500e-08
 Reference value :  8.99850e-08
 Reference value :  9.00060e-08
 Reference value :  9.00500e-08
 Reference value :  9.01100e-08
 Reference value :  9.01500e-08
 Reference value :  9.01850e-08
 Reference value :  9.02060e-08
 Reference value :  9.02500e-08
 Reference value :  9.02900e-08
 Reference value :  9.03300e-08
 Reference value :  9.03850e-08
 Reference value :  9.04140e-08
 Reference value :  9.04500e-08
 Reference value :  9.04900e-08
 Reference value :  9.05500e-08
 Reference value :  9.05850e-08
 Reference value :  9.06060e-08
 Reference value :  9.06500e-08
 Reference value :  9.07100e-08
 Reference value :  9.07700e-08
 Reference value :  9.08000e-08
 Reference value :  9.08060e-08
 Reference value :  9.08300e-08
 Reference value :  9.08700e-08
 Reference value :  9.09100e-08
 Reference value :  9.09700e-08
 Reference value :  9.10000e-08
 Reference value :  9.10140e-08
 Reference value :  9.10700e-08
 Reference value :  9.11100e-08
 Reference value :  9.11700e-08
 Reference value :  9.12000e-08
 Reference value :  9.12140e-08
 Reference value :  9.12700e-08
 Reference value :  9.13100e-08
 Reference value :  9.13500e-08
 Reference value :  9.13850e-08
 Reference value :  9.14060e-08
 Reference value :  9.14500e-08
 Reference value :  9.14900e-08
 Reference value :  9.15500e-08
 Reference value :  9.15850e-08
 Reference value :  9.16060e-08
 Reference value :  9.16500e-08
 Reference value :  9.17100e-08
 Reference value :  9.17700e-08
 Reference value :  9.18020e-08
 Reference value :  9.18300e-08
 Reference value :  9.18700e-08
 Reference value :  9.19300e-08
 Reference value :  9.19850e-08
 Reference value :  9.20140e-08
 Reference value :  9.20700e-08
 Reference value :  9.21100e-08
 Reference value :  9.21500e-08
 Reference value :  9.21850e-08
 Reference value :  9.22060e-08
 Reference value :  9.22500e-08
 Reference value :  9.22900e-08
 Reference value :  9.23300e-08
 Reference value :  9.23700e-08
 Reference value :  9.24020e-08
 Reference value :  9.24300e-08
 Reference value :  9.24900e-08
 Reference value :  9.25300e-08
 Reference value :  9.25850e-08
 Reference value :  9.26060e-08
 Reference value :  9.26500e-08
 Reference value :  9.26900e-08
 Reference value :  9.27500e-08
 Reference value :  9.27850e-08
 Reference value :  9.28060e-08
 Reference value :  9.28500e-08
 Reference value :  9.28900e-08
 Reference value :  9.29300e-08
 Reference value :  9.29700e-08
 Reference value :  9.30000e-08
 Reference value :  9.30140e-08
 Reference value :  9.30700e-08
 Reference value :  9.31100e-08
 Reference value :  9.31700e-08
 Reference value :  9.32000e-08
 Reference value :  9.32140e-08
 Reference value :  9.32500e-08
 Reference value :  9.33100e-08
 Reference value :  9.33700e-08
 Reference value :  9.34000e-08
 Reference value :  9.34140e-08
 Reference value :  9.34500e-08
 Reference value :  9.34900e-08
 Reference value :  9.35300e-08
 Reference value :  9.35700e-08
 Reference value :  9.36020e-08
 Reference value :  9.36300e-08
 Reference value :  9.36900e-08
 Reference value :  9.37500e-08
 Reference value :  9.37850e-08
 Reference value :  9.38020e-08
 Reference value :  9.38300e-08
 Reference value :  9.38700e-08
 Reference value :  9.39100e-08
 Reference value :  9.39500e-08
 Reference value :  9.39850e-08
 Reference value :  9.40060e-08
 Reference value :  9.40300e-08
 Reference value :  9.40900e-08
 Reference value :  9.41300e-08
 Reference value :  9.41700e-08
 Reference value :  9.42020e-08
 Reference value :  9.42300e-08
 Reference value :  9.42700e-08
 Reference value :  9.43100e-08
 Reference value :  9.43500e-08
 Reference value :  9.43850e-08
 Reference value :  9.44060e-08
 Reference value :  9.44300e-08
 Reference value :  9.44700e-08
 Reference value :  9.45100e-08
 Reference value :  9.45500e-08
 Reference value :  9.45850e-08
 Reference value :  9.46020e-08
 Reference value :  9.46300e-08
 Reference value :  9.46900e-08
 Reference value :  9.47500e-08
 Reference value :  9.47850e-08
 Reference value :  9.48060e-08
 Reference value :  9.48500e-08
 Reference value :  9.48900e-08
 Reference value :  9.49300e-08
 Reference value :  9.49700e-08
 Reference value :  9.50000e-08
 Reference value :  9.50140e-08
 Reference value :  9.50500e-08
 Reference value :  9.50900e-08
 Reference value :  9.51300e-08
 Reference value :  9.51700e-08
 Reference value :  9.52000e-08
 Reference value :  9.52140e-08
 Reference value :  9.52500e-08
 Reference value :  9.52900e-08
 Reference value :  9.53300e-08
 Reference value :  9.53700e-08
 Reference value :  9.54020e-08
 Reference value :  9.54300e-08
 Reference value :  9.54900e-08
 Reference value :  9.55500e-08
 Reference value :  9.55850e-08
 Reference value :  9.56060e-08
 Reference value :  9.56300e-08
 Reference value :  9.56700e-08
 Reference value :  9.57300e-08
 Reference value :  9.57850e-08
 Reference value :  9.58060e-08
 Reference value :  9.58500e-08
 Reference value :  9.58900e-08
 Reference value :  9.59300e-08
 Reference value :  9.59700e-08
 Reference value :  9.60000e-08
 Reference value :  9.60140e-08
 Reference value :  9.60500e-08
 Reference value :  9.60900e-08
 Reference value :  9.61300e-08
 Reference value :  9.61700e-08
 Reference value :  9.62020e-08
 Reference value :  9.62300e-08
 Reference value :  9.62700e-08
 Reference value :  9.63100e-08
 Reference value :  9.63500e-08
 Reference value :  9.63850e-08
 Reference value :  9.64060e-08
 Reference value :  9.64500e-08
 Reference value :  9.65100e-08
 Reference value :  9.65700e-08
 Reference value :  9.66020e-08
 Reference value :  9.66300e-08
 Reference value :  9.66700e-08
 Reference value :  9.67100e-08
 Reference value :  9.67700e-08
 Reference value :  9.68020e-08
 Reference value :  9.68300e-08
 Reference value :  9.68900e-08
 Reference value :  9.69500e-08
 Reference value :  9.70000e-08
 Reference value :  9.70140e-08
 Reference value :  9.70700e-08
 Reference value :  9.71100e-08
 Reference value :  9.71700e-08
 Reference value :  9.72020e-08
 Reference value :  9.72300e-08
 Reference value :  9.72700e-08
 Reference value :  9.73100e-08
 Reference value :  9.73700e-08
 Reference value :  9.74020e-08
 Reference value :  9.74300e-08
 Reference value :  9.74700e-08
 Reference value :  9.75100e-08
 Reference value :  9.75500e-08
 Reference value :  9.75850e-08
 Reference value :  9.76060e-08
 Reference value :  9.76500e-08
 Reference value :  9.76900e-08
 Reference value :  9.77300e-08
 Reference value :  9.77700e-08
 Reference value :  9.78020e-08
 Reference value :  9.78300e-08
 Reference value :  9.78700e-08
 Reference value :  9.79300e-08
 Reference value :  9.79700e-08
 Reference value :  9.80020e-08
 Reference value :  9.80300e-08
 Reference value :  9.80700e-08
 Reference value :  9.81300e-08
 Reference value :  9.81700e-08
 Reference value :  9.82000e-08
 Reference value :  9.82140e-08
 Reference value :  9.82700e-08
 Reference value :  9.83100e-08
 Reference value :  9.83500e-08
 Reference value :  9.83850e-08
 Reference value :  9.84020e-08
 Reference value :  9.84300e-08
 Reference value :  9.84700e-08
 Reference value :  9.85300e-08
 Reference value :  9.85850e-08
 Reference value :  9.86060e-08
 Reference value :  9.86500e-08
 Reference value :  9.86900e-08
 Reference value :  9.87300e-08
 Reference value :  9.87850e-08
 Reference value :  9.88060e-08
 Reference value :  9.88300e-08
 Reference value :  9.88700e-08
 Reference value :  9.89300e-08
 Reference value :  9.89700e-08
 Reference value :  9.90020e-08
 Reference value :  9.90300e-08
 Reference value :  9.90700e-08
 Reference value :  9.91300e-08
 Reference value :  9.91700e-08
 Reference value :  9.92000e-08
 Reference value :  9.92140e-08
 Reference value :  9.92500e-08
 Reference value :  9.92900e-08
 Reference value :  9.93300e-08
 Reference value :  9.93700e-08
 Reference value :  9.94000e-08
 Reference value :  9.94140e-08
 Reference value :  9.94700e-08
 Reference value :  9.95100e-08
 Reference value :  9.95700e-08
 Reference value :  9.96020e-08
 Reference value :  9.96300e-08
 Reference value :  9.96700e-08
 Reference value :  9.97300e-08
 Reference value :  9.97850e-08
 Reference value :  9.98060e-08
 Reference value :  9.98500e-08
 Reference value :  9.98900e-08
 Reference value :  9.99300e-08
 Reference value :  9.99700e-08
 Reference value :  1.00000e-07
 Reference value :  1.00014e-07
 Reference value :  1.00070e-07
 Reference value :  1.00110e-07
 Reference value :  1.00170e-07
 Reference value :  1.00202e-07
 Reference value :  1.00230e-07
 Reference value :  1.00270e-07
 Reference value :  1.00310e-07
 Reference value :  1.00350e-07
 Reference value :  1.00385e-07
 Reference value :  1.00406e-07
 Reference value :  1.00450e-07
 Reference value :  1.00510e-07
 Reference value :  1.00570e-07
 Reference value :  1.00600e-07
 Reference value :  1.00614e-07
 Reference value :  1.00650e-07
 Reference value :  1.00690e-07
 Reference value :  1.00730e-07
 Reference value :  1.00785e-07
 Reference value :  1.00806e-07
 Reference value :  1.00850e-07
 Reference value :  1.00890e-07
 Reference value :  1.00930e-07
 Reference value :  1.00970e-07
 Reference value :  1.01002e-07
 Reference value :  1.01030e-07
 Reference value :  1.01070e-07
 Reference value :  1.01130e-07
 Reference value :  1.01170e-07
 Reference value :  1.01202e-07
 Reference value :  1.01230e-07
 Reference value :  1.01270e-07
 Reference value :  1.01310e-07
 Reference value :  1.01350e-07
 Reference value :  1.01385e-07
 Reference value :  1.01406e-07
 Reference value :  1.01450e-07
 Reference value :  1.01490e-07
 Reference value :  1.01530e-07
 Reference value :  1.01570e-07
 Reference value :  1.01600e-07
 Reference value :  1.01614e-07
 Reference value :  1.01650e-07
 Reference value :  1.01690e-07
 Reference value :  1.01730e-07
 Reference value :  1.01770e-07
 Reference value :  1.01802e-07
 Reference value :  1.01830e-07
 Reference value :  1.01870e-07
 Reference value :  1.01930e-07
 Reference value :  1.01970e-07
 Reference value :  1.02000e-07
 Reference value :  1.02014e-07
 Reference value :  1.02050e-07
 Reference value :  1.02090e-07
 Reference value :  1.02150e-07
 Reference value :  1.02185e-07
 Reference value :  1.02202e-07
 Reference value :  1.02230e-07
 Reference value :  1.02270e-07
 Reference value :  1.02310e-07
 Reference value :  1.02350e-07
 Reference value :  1.02385e-07
 Reference value :  1.02406e-07
 Reference value :  1.02450e-07
 Reference value :  1.02510e-07
 Reference value :  1.02550e-07
 Reference value :  1.02585e-07
 Reference value :  1.02606e-07
 Reference value :  1.02650e-07
 Reference value :  1.02710e-07
 Reference value :  1.02770e-07
 Reference value :  1.02802e-07
 Reference value :  1.02830e-07
 Reference value :  1.02870e-07
 Reference value :  1.02930e-07
 Reference value :  1.02985e-07
 Reference value :  1.03002e-07
 Reference value :  1.03030e-07
 Reference value :  1.03070e-07
 Reference value :  1.03110e-07
 Reference value :  1.03150e-07
 Reference value :  1.03185e-07
 Reference value :  1.03206e-07
 Reference value :  1.03230e-07
 Reference value :  1.03290e-07
 Reference value :  1.03330e-07
 Reference value :  1.03385e-07
 Reference value :  1.03406e-07
 Reference value :  1.03450e-07
 Reference value :  1.03510e-07
 Reference value :  1.03550e-07
 Reference value :  1.03585e-07
 Reference value :  1.03606e-07
 Reference value :  1.03650e-07
 Reference value :  1.03710e-07
 Reference value :  1.03750e-07
 Reference value :  1.03785e-07
 Reference value :  1.03806e-07
 Reference value :  1.03830e-07
 Reference value :  1.03870e-07
 Reference value :  1.03910e-07
 Reference value :  1.03950e-07
 Reference value :  1.03985e-07
 Reference value :  1.04002e-07
 Reference value :  1.04030e-07
 Reference value :  1.04070e-07
 Reference value :  1.04130e-07
 Reference value :  1.04170e-07
 Reference value :  1.04200e-07
 Reference value :  1.04230e-07
 Reference value :  1.04270e-07
 Reference value :  1.04330e-07
 Reference value :  1.04370e-07
 Reference value :  1.04400e-07
 Reference value :  1.04414e-07
 Reference value :  1.04470e-07
 Reference value :  1.04510e-07
 Reference value :  1.04550e-07
 Reference value :  1.04600e-07
 Reference value :  1.04630e-07
 Reference value :  1.04670e-07
 Reference value :  1.04710e-07
 Reference value :  1.04750e-07
 Reference value :  1.04785e-07
 Reference value :  1.04802e-07
 Reference value :  1.04830e-07
 Reference value :  1.04870e-07
 Reference value :  1.04910e-07
 Reference value :  1.04950e-07
 Reference value :  1.04985e-07
 Reference value :  1.05006e-07
 Reference value :  1.05050e-07
 Reference value :  1.05110e-07
 Reference value :  1.05150e-07
 Reference value :  1.05185e-07
 Reference value :  1.05206e-07
 Reference value :  1.05250e-07
 Reference value :  1.05290e-07
 Reference value :  1.05350e-07
 Reference value :  1.05400e-07
 Reference value :  1.05414e-07
 Reference value :  1.05470e-07
 Reference value :  1.05510e-07
 Reference value :  1.05570e-07
 Reference value :  1.05600e-07
 Reference value :  1.05614e-07
 Reference value :  1.05650e-07
 Reference value :  1.05690e-07
 Reference value :  1.05730e-07
 Reference value :  1.05770e-07
 Reference value :  1.05800e-07
 Reference value :  1.05814e-07
 Reference value :  1.05850e-07
 Reference value :  1.05890e-07
 Reference value :  1.05930e-07
 Reference value :  1.05970e-07
 Reference value :  1.06002e-07
 Reference value :  1.06030e-07
 Reference value :  1.06090e-07
 Reference value :  1.06130e-07
 Reference value :  1.06170e-07
 Reference value :  1.06200e-07
 Reference value :  1.06214e-07
 Reference value :  1.06250e-07
 Reference value :  1.06290e-07
 Reference value :  1.06330e-07
 Reference value :  1.06370e-07
 Reference value :  1.06400e-07
 Reference value :  1.06414e-07
 Reference value :  1.06450e-07
 Reference value :  1.06510e-07
 Reference value :  1.06550e-07
 Reference value :  1.06585e-07
 Reference value :  1.06606e-07
 Reference value :  1.06650e-07
 Reference value :  1.06690e-07
 Reference value :  1.06750e-07
 Reference value :  1.06785e-07
 Reference value :  1.06806e-07
 Reference value :  1.06850e-07
 Reference value :  1.06910e-07
 Reference value :  1.06950e-07
 Reference value :  1.06985e-07
 Reference value :  1.07006e-07
 Reference value :  1.07050e-07
 Reference value :  1.07090e-07
 Reference value :  1.07150e-07
 Reference value :  1.07200e-07
 Reference value :  1.07230e-07
 Reference value :  1.07290e-07
 Reference value :  1.07350e-07
 Reference value :  1.07385e-07
 Reference value :  1.07406e-07
 Reference value :  1.07450e-07
 Reference value :  1.07490e-07
 Reference value :  1.07550e-07
 Reference value :  1.07600e-07
 Reference value :  1.07630e-07
 Reference value :  1.07690e-07
 Reference value :  1.07750e-07
 Reference value :  1.07800e-07
 Reference value :  1.07814e-07
 Reference value :  1.07850e-07
 Reference value :  1.07890e-07
 Reference value :  1.07930e-07
 Reference value :  1.07985e-07
 Reference value :  1.08006e-07
 Reference value :  1.08050e-07
 Reference value :  1.08110e-07
 Reference value :  1.08170e-07
 Reference value :  1.08202e-07
 Reference value :  1.08230e-07
 Reference value :  1.08270e-07
 Reference value :  1.08310e-07
 Reference value :  1.08350e-07
 Reference value :  1.08385e-07
 Reference value :  1.08406e-07
 Reference value :  1.08430e-07
 Reference value :  1.08470e-07
 Reference value :  1.08510e-07
 Reference value :  1.08570e-07
 Reference value :  1.08600e-07
 Reference value :  1.08614e-07
 Reference value :  1.08670e-07
 Reference value :  1.08710e-07
 Reference value :  1.08750e-07
 Reference value :  1.08785e-07
 Reference value :  1.08806e-07
 Reference value :  1.08830e-07
 Reference value :  1.08870e-07
 Reference value :  1.08910e-07
 Reference value :  1.08950e-07
 Reference value :  1.08985e-07
 Reference value :  1.09002e-07
 Reference value :  1.09030e-07
 Reference value :  1.09070e-07
 Reference value :  1.09110e-07
 Reference value :  1.09150e-07
 Reference value :  1.09185e-07
 Reference value :  1.09206e-07
 Reference value :  1.09250e-07
 Reference value :  1.09290e-07
 Reference value :  1.09330e-07
 Reference value :  1.09370e-07
 Reference value :  1.09402e-07
 Reference value :  1.09430e-07
 Reference value :  1.09470e-07
 Reference value :  1.09510e-07
 Reference value :  1.09550e-07
 Reference value :  1.09585e-07
 Reference value :  1.09602e-07
 Reference value :  1.09630e-07
 Reference value :  1.09670e-07
 Reference value :  1.09710e-07
 Reference value :  1.09750e-07
 Reference value :  1.09785e-07
 Reference value :  1.09802e-07
 Reference value :  1.09830e-07
 Reference value :  1.09870e-07
 Reference value :  1.09910e-07
 Reference value :  1.09950e-07
 Reference value :  1.10000e-07
 Reference value :  1.10014e-07
 Reference value :  1.10050e-07
 Reference value :  1.10090e-07
 Reference value :  1.10130e-07
 Reference value :  1.10170e-07
 Reference value :  1.10200e-07
 Reference value :  1.10206e-07
 Reference value :  1.10230e-07
 Reference value :  1.10270e-07
 Reference value :  1.10310e-07
 Reference value :  1.10350e-07
 Reference value :  1.10385e-07
 Reference value :  1.10402e-07
 Reference value :  1.10430e-07
 Reference value :  1.10490e-07
 Reference value :  1.10530e-07
 Reference value :  1.10570e-07
 Reference value :  1.10600e-07
 Reference value :  1.10614e-07
 Reference value :  1.10650e-07
 Reference value :  1.10690e-07
 Reference value :  1.10730e-07
 Reference value :  1.10785e-07
 Reference value :  1.10806e-07
 Reference value :  1.10850e-07
 Reference value :  1.10890e-07
 Reference value :  1.10930e-07
 Reference value :  1.10985e-07
 Reference value :  1.11006e-07
 Reference value :  1.11030e-07
 Reference value :  1.11070e-07
 Reference value :  1.11130e-07
 Reference value :  1.11170e-07
 Reference value :  1.11200e-07
 Reference value :  1.11214e-07
 Reference value :  1.11250e-07
 Reference value :  1.11290e-07
 Reference value :  1.11330e-07
 Reference value :  1.11370e-07
 Reference value :  1.11400e-07
 Reference value :  1.11430e-07
 Reference value :  1.11490e-07
 Reference value :  1.11530e-07
 Reference value :  1.11570e-07
 Reference value :  1.11602e-07
 Reference value :  1.11630e-07
 Reference value :  1.11690e-07
 Reference value :  1.11750e-07
 Reference value :  1.11800e-07
 Reference value :  1.11830e-07
 Reference value :  1.11890e-07
 Reference value :  1.11930e-07
 Reference value :  1.11970e-07
 Reference value :  1.12000e-07
 Reference value :  1.12014e-07
 Reference value :  1.12070e-07
 Reference value :  1.12130e-07
 Reference value :  1.12170e-07
 Reference value :  1.12200e-07
 Reference value :  1.12230e-07
 Reference value :  1.12270e-07
 Reference value :  1.12310e-07
 Reference value :  1.12350e-07
 Reference value :  1.12400e-07
 Reference value :  1.12414e-07
 Reference value :  1.12450e-07
 Reference value :  1.12510e-07
 Reference value :  1.12550e-07
 Reference value :  1.12600e-07
 Reference value :  1.12614e-07
 Reference value :  1.12650e-07
 Reference value :  1.12690e-07
 Reference value :  1.12730e-07
 Reference value :  1.12770e-07
 Reference value :  1.12800e-07
 Reference value :  1.12814e-07
 Reference value :  1.12850e-07
 Reference value :  1.12890e-07
 Reference value :  1.12930e-07
 Reference value :  1.12970e-07
 Reference value :  1.13000e-07
 Reference value :  1.13014e-07
 Reference value :  1.13050e-07
 Reference value :  1.13090e-07
 Reference value :  1.13130e-07
 Reference value :  1.13185e-07
 Reference value :  1.13206e-07
 Reference value :  1.13250e-07
 Reference value :  1.13290e-07
 Reference value :  1.13330e-07
 Reference value :  1.13370e-07
 Reference value :  1.13402e-07
 Reference value :  1.13430e-07
 Reference value :  1.13470e-07
 Reference value :  1.13510e-07
 Reference value :  1.13570e-07
 Reference value :  1.13600e-07
 Reference value :  1.13614e-07
 Reference value :  1.13650e-07
 Reference value :  1.13690e-07
 Reference value :  1.13730e-07
 Reference value :  1.13785e-07
 Reference value :  1.13806e-07
 Reference value :  1.13830e-07
 Reference value :  1.13890e-07
 Reference value :  1.13950e-07
 Reference value :  1.13985e-07
 Reference value :  1.14006e-07
 Reference value :  1.14050e-07
 Reference value :  1.14090e-07
 Reference value :  1.14130e-07
 Reference value :  1.14170e-07
 Reference value :  1.14200e-07
 Reference value :  1.14214e-07
 Reference value :  1.14250e-07
 Reference value :  1.14290e-07
 Reference value :  1.14330e-07
 Reference value :  1.14370e-07
 Reference value :  1.14400e-07
 Reference value :  1.14414e-07
 Reference value :  1.14470e-07
 Reference value :  1.14510e-07
 Reference value :  1.14550e-07
 Reference value :  1.14585e-07
 Reference value :  1.14606e-07
 Reference value :  1.14630e-07
 Reference value :  1.14670e-07
 Reference value :  1.14710e-07
 Reference value :  1.14750e-07
 Reference value :  1.14785e-07
 Reference value :  1.14806e-07
 Reference value :  1.14830e-07
 Reference value :  1.14870e-07
 Reference value :  1.14910e-07
 Reference value :  1.14950e-07
 Reference value :  1.14985e-07
 Reference value :  1.15000e-07
No. of Data Rows : 7492
vmax_ss             =  1.74322e+00 at=  8.26300e-08
vmin_ss             =  -2.90789e-02 at=  6.88000e-08
tk                  =  2.21632e-09
tk                  =  3.84995e-09
tk                  =  5.48014e-09
tk                  =  7.11048e-09
tk                  =  8.74172e-09
tk                  =  1.03704e-08
tk                  =  1.19993e-08
tk                  =  1.36270e-08
tk                  =  1.52598e-08
tk                  =  1.68883e-08
tk                  =  1.85189e-08
tk                  =  2.01466e-08
tk                  =  2.17761e-08
tk                  =  2.34073e-08
tk                  =  2.50383e-08
tk                  =  2.66690e-08
tk                  =  2.82990e-08
tk                  =  2.99272e-08
tk                  =  3.15568e-08
tk                  =  3.31873e-08
tk                  =  3.48165e-08
vmax_ss = 1.743216e+00
vmin_ss = -2.90789e-02
swing_frac = 8.950984e-01
tbar = 1.630011e-09
sigma_1 = 1.547492e-12
sigma_2 = 1.938160e-12
sigma_4 = 2.587509e-12
sigma_8 = 3.321923e-12
Note: Simulation executed from .control section 

----- stderr -----

