|* Post-layout sampler_core: the WHOLE composed cell -- four skewed rings,
|* four output buffers, the three-xor2 combining tree, AND all six
|* sampler_dff instances (raw_bit, raw_valid, ring_bit1-4) -- extracted FLAT
|* from ONE `klt extract --parasitics` run over the now DRC-clean, klt
|* lvs-MATCHING layout/sampler_core/sampler_core.gds (264/264 devices,
|* 152/152 nets against design/sampler_core.spice's own .subckt
|* sampler_core, PR #113; extracted as layout/pex-sampler-core/README.md
|* documents, PR #114).
|*
|* Purpose (issue #22's own DR-0008-named follow-up, "sampler_core scope"):
|* every prior sampler_dff-family post-layout deck in this repo
|* (sim/post-layout-sampler-dff/, sim/post-layout-sampler-dff-assembled/)
|* drives ONE isolated sampler_dff instance from an ideal PWL `d` source --
|* never the six-instance fan-out design/sampler_core.spice actually wires,
|* and never a real (not ideal-PWL) input edge. This deck is the first to
|* close both gaps at once: xarr below is the real assembled
|* array-plus-sampler-bank, so each sampler's own `d` pin sees the real,
|* buffer-loaded, post-layout-slowed ring/combining-tree waveform sim/
|* post-layout-ro-array-core/ characterizes -- not a synthetic edge -- and
|* clock-distribution skew across all six instances' own shared `clk` fan-out
|* is present for the first time too. DR-0008's own words: "the prerequisite
|* for any whole-chain raw-tap-to-sampled-bit post-layout claim."
|*
|* Topology, post-layout side (prefix p): xarr is ONE flat-extracted cell,
|* sourced from layout/pex-sampler-core/sampler_core_pex.spice via
|* layout/bin/pex-netlist.py (shared, unmodified). `ro1`-`ro4` and `xo` --
|* the array's own raw taps, each already an internal net of the wrapper
|* `sampler_core_pex` (promoted there so its own six sampler_dff instances
|* can reach them, per layout/pex-sampler-core/README.md's alias table) --
|* are reachable at ONE level of hierarchy (`v(xarr.ro1)`, ...,
|* `v(xarr.xo)`), confirmed by this deck's own development probe before
|* committing (a first attempt at `v(xarr.xpex.ro1)`, guessing the
|* extractor's own internal `__core` instance name `xpex` was needed, came
|* back "not available or has zero length" -- `ro1`/`xo` belong to
|* `sampler_core_pex`'s OWN local scope, one level shallower than that).
|* `xo`'s own two-ring partial sum `t1` is NOT reached by this deck --
|* unlike sim/post-layout-ro-array-core/, which promotes `t1` at the very
|* same one-hierarchy-level depth this deck's own probe found for `ro1`/
|* `xo`, `t1` is internal to the array block nested one level deeper inside
|* `sampler_core_pex` (the array's own combining tree is not itself promoted
|* to `sampler_core_pex`'s local scope, only its four raw taps and the
|* fully-combined `xo` are) -- reaching it would need a second, unverified
|* hierarchy guess this deck does not spend budget confirming. The N=4
|* (`xo`) edge-retention/value-fidelity figures below are this deck's own
|* combining-fidelity claim; the N=2 (`t1`) figure sim/
|* post-layout-ro-array-core/ also reports is not re-measured here.
|*
|* Topology, pre-layout side (prefix-free): xctl is
|* design/sampler_core.spice's own parameterized `.subckt sampler_core`,
|* same-deck same-corner control, `ro1`-`ro4`/`xo` reached the identical way
|* (`v(xctl.ro1)`, ..., `v(xctl.xo)` -- local nets of `.subckt sampler_core`
|* itself, per that file's own `xdut ... ro_array_core` instantiation line).
|*
|* The substrate tie. layout/pex-sampler-core/sampler_core_pex.spice
|* declares the extractor's substrate return node `vsubs` .global
|* (klayout-tools#1503, same as every other post-layout deck in this repo).
|* This deck ties it HARD to 0, the same physically-motivated choice
|* sim/post-layout-ro-array-core/ and its own siblings use -- every composed
|* cell's own psub guard ring is tied to vss, and vss is 0 here.
|*
|* START-UP: ENABLE + RESET RELEASE, NOT `.ic` ON INTERNAL NODES -- same
|* method sim/post-layout-ro-array-core/'s own header explains for the
|* rings (en=0 pins each ro_nand2's own output high, a defined state;
|* releasing it starts the ring), extended here to the six sampler_dff
|* instances the SAME way: rst_n=0 pins each instance's own `mb`/`s2mid`/
|* `qb` internal nodes to a defined reset state (design/sampler_core.spice's
|* own `.subckt sampler_dff`, `Mimpb`/`Mimnb`/`Mis2pb`/`Mis2nb` -- the same
|* four devices sim/post-layout-sampler-dff/'s own reset-contention deck
|* exercises with an explicit PWL pulse), so releasing rst_n from a defined
|* state is exactly as valid a start-up method as `.ic`, and reaches deeper
|* into this deck's own hierarchy (six instances inside two more levels of
|* subckt nesting than sim/raw-bit-min-entropy/'s own top-level sampler_dff
|* calls) with no per-instance `.ic` ladder needed at all. This deck can use
|* a REAL transient rst_n pulse -- unlike sim/raw-bit-min-entropy/, which
|* holds rst_n permanently released because its own trnoise() sources
|* cannot coexist with ANY control-signal breakpoint in this ngspice build
|* -- because this deck injects no noise at all (a deterministic functional/
|* timing/current characterization, not a min-entropy campaign).
|*
|* Timeline. `en1`-`en4` release together at 5 ns (matching
|* sim/post-layout-ro-array-core/ exactly, so the rings reach the same
|* steady oscillation this deck's own ring-period/combining measurements
|* below can cite directly). `rst_n` releases at 300 ns -- comfortably past
|* every ring's own start-up transient at the periods that deck measures
|* (2-4 ns), so the reset-held window below (50-250 ns) is a fair "rings
|* running, samplers held in reset" baseline, not a start-up artifact.
|* `clk` begins pulsing at 320 ns, Ts = 100 ns (the same disclosed,
|* measured compute-budget deviation from DR-0003's Ts = 20 us that
|* sim/raw-bit-min-entropy/'s own header justifies at length -- this deck's
|* own tstop of 800 ns gives five rising clk edges, 320-720 ns, comfortably
|* inside that window). No trnoise() source anywhere in this deck, so no
|* control-signal-breakpoint conflict of the kind that forces
|* sim/raw-bit-min-entropy/ to hold every control signal at `dc`.
|*
|* What "captured value" means here, and what it does NOT claim. With no
|* injected noise, `raw_bit`/`raw_valid`/`ring_bit1`-`ring_bit4` are fully
|* deterministic functions of the free-running rings' own phase at each
|* `clk` edge -- this deck reports FIVE discrete snapshots per side (one
|* per sample instant, at the 50 ns mark inside each `clk` low phase, where
|* every sampler's own slave stage is opaque and holding) to confirm the
|* whole assembled, post-layout cell produces clean rail-to-rail digital
|* levels end to end (not an intermediate voltage, not floating) when
|* driven by its own real ring taps through its own real routing -- NOT a
|* min-entropy or jitter claim (that remains sim/raw-bit-min-entropy/'s own
|* scope, at the pre-layout netlist level only). Pre- and post-layout
|* snapshots at the SAME nominal sample instant are NOT expected to agree
|* bit-for-bit: post-layout parasitics measurably slow the array (this
|* deck's own p_tr*/tr* ratio below quantifies exactly how much), so the
|* two sides' sampler_dff instances can legitimately latch different phases
|* of each ring's own free-running waveform at the same nominal clock edge.
|* That divergence is itself the mechanism this whole entropy source
|* depends on, not a defect in either side.
|*
|* Window / memory. Without an explicit `.save`, ngspice retains a
|* full-resolution trace for every internal parasitic-star leg node this
|* flat extraction introduces (264 devices' worth, on TOP of the samplers'
|* own leg nodes) -- confirmed to exhaust available process memory outright
|* during this deck's own development (`Error: memory required ... is more
|* than memory available`), the same failure
|* sim/post-layout-ro-array-core/'s own header names for the array alone.
|* `.save` below keeps only the traces every `.meas` statement actually
|* reads.
|*
|* This file is a TEMPLATE: sim/bin/corner-run.py substitutes /home/ubuntu/.volare/volare/sky130/versions/c6d73a35f524070e85faff4a6a9eef49553ebc2b/sky130A/libs.tech/combined/sky130.lib.spice,
|* tt, 125.0, 1.98 and 5p. As committed it is not a
|* runnable deck. Invoke with `--ro-ring5 design/sampler_core.spice` and
|* `--pex-lib layout/pex-sampler-core/sampler_core_pex.spice`.
|
|.option scale=1u
|.lib "/home/ubuntu/.volare/volare/sky130/versions/c6d73a35f524070e85faff4a6a9eef49553ebc2b/sky130A/libs.tech/combined/sky130.lib.spice" tt
|
|* pre-layout subcircuit library -- design/sampler_core.spice, which carries
|* the flat `.subckt sampler_core` under test (and, inside it, `.subckt
|* sampler_dff`/`ro_array_core`/etc unmodified).
|.include "/home/ubuntu/GitHub/sky130-trng/.loom/worktrees/issue-22/design/sampler_core.spice"
|* post-layout WHOLE-CELL subcircuit library (sampler_core_pex), generated
|* from layout/sampler_core/'s composed, DRC-clean, klt lvs-matching GDS.
|.include "/home/ubuntu/GitHub/sky130-trng/.loom/worktrees/issue-22/layout/pex-sampler-core/sampler_core_pex.spice"
|
|.temp 125.0
|
|* --- substrate return node: hard tie (see header) ----------------------
|Vsub vsubs 0 dc 0
|
|* --- post-layout WHOLE CELL, one flat-extracted circuit ----------------
|Vddrp1 pvddr1 0 dc 1.98
|Vddrp2 pvddr2 0 dc 1.98
|Vddrp3 pvddr3 0 dc 1.98
|Vddrp4 pvddr4 0 dc 1.98
|Vddp pvdd 0 dc 1.98
|Venp1 pen1 0 PULSE(0 1.98 5n 100p 100p 1u 2u)
|Venp2 pen2 0 PULSE(0 1.98 5n 100p 100p 1u 2u)
|Venp3 pen3 0 PULSE(0 1.98 5n 100p 100p 1u 2u)
|Venp4 pen4 0 PULSE(0 1.98 5n 100p 100p 1u 2u)
|Vrstnp prst_n 0 PULSE(0 1.98 300n 100p 100p 10u 20u)
|Vclkp pclk 0 PULSE(0 1.98 320n 100p 100p 49.8n 100n)
|xarr pen1 pen2 pen3 pen4 pvddr1 pvddr2 pvddr3 pvddr4 pvdd 0 pclk prst_n
|+ praw_bit praw_valid pring_bit1 pring_bit2 pring_bit3 pring_bit4
|+ sampler_core_pex
|
|* --- pre-layout control, identical topology, single-call subckt --------
|Vddr1 vddr1 0 dc 1.98
|Vddr2 vddr2 0 dc 1.98
|Vddr3 vddr3 0 dc 1.98
|Vddr4 vddr4 0 dc 1.98
|Vdd vdd 0 dc 1.98
|Ven1 en1 0 PULSE(0 1.98 5n 100p 100p 1u 2u)
|Ven2 en2 0 PULSE(0 1.98 5n 100p 100p 1u 2u)
|Ven3 en3 0 PULSE(0 1.98 5n 100p 100p 1u 2u)
|Ven4 en4 0 PULSE(0 1.98 5n 100p 100p 1u 2u)
|Vrstn rst_n 0 PULSE(0 1.98 300n 100p 100p 10u 20u)
|Vclk clk 0 PULSE(0 1.98 320n 100p 100p 49.8n 100n)
|xctl en1 en2 en3 en4 vddr1 vddr2 vddr3 vddr4 vdd 0 clk rst_n
|+ raw_bit raw_valid ring_bit1 ring_bit2 ring_bit3 ring_bit4
|+ sampler_core
|
|.ic v(xarr.ro1)=0 v(xarr.ro2)=0 v(xarr.ro3)=0 v(xarr.ro4)=0
|.ic v(xctl.ro1)=0 v(xctl.ro2)=0 v(xctl.ro3)=0 v(xctl.ro4)=0
|
|* Limit the saved transient trace set to exactly what the .meas statements
|* below need (see header -- this is a hard memory requirement here, not an
|* optimization).
|.save v(xarr.ro1) v(xarr.ro2) v(xarr.ro3) v(xarr.ro4) v(xarr.xo)
|.save v(xctl.ro1) v(xctl.ro2) v(xctl.ro3) v(xctl.ro4) v(xctl.xo)
|.save v(praw_bit) v(praw_valid) v(pring_bit1) v(pring_bit2) v(pring_bit3) v(pring_bit4)
|.save v(raw_bit) v(raw_valid) v(ring_bit1) v(ring_bit2) v(ring_bit3) v(ring_bit4)
|.save i(Vddrp1) i(Vddrp2) i(Vddrp3) i(Vddrp4) i(Vddp)
|.save i(Vddr1) i(Vddr2) i(Vddr3) i(Vddr4) i(Vdd)
|
|.tran 5p 800n uic
|
|.control
|run
|
|* ==========================================================================
|* POST-LAYOUT WHOLE CELL
|* ==========================================================================
|
|* --- per-ring periods, 10 whole periods each, first two rising edges
|* discarded as start-up (identical estimator to
|* sim/post-layout-ro-array-core/) ----------------------------------------
|meas tran pt1a when v(xarr.ro1)=0.5*1.98 rise=3
|meas tran pt1b when v(xarr.ro1)=0.5*1.98 rise=13
|let p_tr1 = (pt1b - pt1a)/10
|meas tran pt2a when v(xarr.ro2)=0.5*1.98 rise=3
|meas tran pt2b when v(xarr.ro2)=0.5*1.98 rise=13
|let p_tr2 = (pt2b - pt2a)/10
|meas tran pt3a when v(xarr.ro3)=0.5*1.98 rise=3
|meas tran pt3b when v(xarr.ro3)=0.5*1.98 rise=13
|let p_tr3 = (pt3b - pt3a)/10
|meas tran pt4a when v(xarr.ro4)=0.5*1.98 rise=3
|meas tran pt4b when v(xarr.ro4)=0.5*1.98 rise=13
|let p_tr4 = (pt4b - pt4a)/10
|let p_f_ideal = 1/p_tr1 + 1/p_tr2 + 1/p_tr3 + 1/p_tr4
|
|* --- combining node (N=4, xo): swing, realized edge rate, value bias, now
|* under the six-sampler bank's own real capacitive loading + clk-dependent
|* switching -----------------------------------------------------------
|meas tran pvxo_max MAX v(xarr.xo) from=100n to=800n
|meas tran pvxo_min MIN v(xarr.xo) from=100n to=800n
|let p_swing_frac_xo = (pvxo_max - pvxo_min) / 1.98
|meas tran ptxo_a when v(xarr.xo)=0.5*1.98 rise=2
|meas tran ptxo_b when v(xarr.xo)=0.5*1.98 rise=50
|let p_f_xo = 48/(ptxo_b - ptxo_a)
|let p_edge_retention = p_f_xo / p_f_ideal
|meas tran pvxo_avg AVG v(xarr.xo) from=100n to=800n
|let p_bias_xo = pvxo_avg / 1.98
|
|* --- reset-held check: all six sampler outputs must stay near 0 while
|* rst_n is still asserted (0-300n), regardless of the rings' own toggling
|* -------------------------------------------------------------------
|meas tran p_vrst_bit MAX v(praw_bit) from=50n to=250n
|meas tran p_vrst_valid MAX v(praw_valid) from=50n to=250n
|meas tran p_vrst_r1 MAX v(pring_bit1) from=50n to=250n
|meas tran p_vrst_r2 MAX v(pring_bit2) from=50n to=250n
|meas tran p_vrst_r3 MAX v(pring_bit3) from=50n to=250n
|meas tran p_vrst_r4 MAX v(pring_bit4) from=50n to=250n
|
|* --- captured-value snapshots, one per clk period, 50 ns into each low
|* (opaque/holding) phase -------------------------------------------------
|meas tran p_bit_400n find v(praw_bit) at=400n
|meas tran p_bit_500n find v(praw_bit) at=500n
|meas tran p_bit_600n find v(praw_bit) at=600n
|meas tran p_bit_700n find v(praw_bit) at=700n
|meas tran p_bit_800n find v(praw_bit) at=800n
|meas tran p_valid_400n find v(praw_valid) at=400n
|meas tran p_r1_400n find v(pring_bit1) at=400n
|meas tran p_r2_400n find v(pring_bit2) at=400n
|meas tran p_r3_400n find v(pring_bit3) at=400n
|meas tran p_r4_400n find v(pring_bit4) at=400n
|
|* --- supply current: reset-held window (50-250n) vs. active/sampling
|* window (400-800n), rings and block (buffers+xor tree+six samplers,
|* which now share `vdd` with the array) reported separately -----------
|meas tran pi1_rst AVG i(Vddrp1) from=50n to=250n
|meas tran pi2_rst AVG i(Vddrp2) from=50n to=250n
|meas tran pi3_rst AVG i(Vddrp3) from=50n to=250n
|meas tran pi4_rst AVG i(Vddrp4) from=50n to=250n
|meas tran pib_rst AVG i(Vddp) from=50n to=250n
|let p_i_rings_rst = -(pi1_rst + pi2_rst + pi3_rst + pi4_rst)
|let p_i_block_rst = -pib_rst
|let p_i_total_rst = p_i_rings_rst + p_i_block_rst
|
|meas tran pi1_act AVG i(Vddrp1) from=400n to=800n
|meas tran pi2_act AVG i(Vddrp2) from=400n to=800n
|meas tran pi3_act AVG i(Vddrp3) from=400n to=800n
|meas tran pi4_act AVG i(Vddrp4) from=400n to=800n
|meas tran pib_act AVG i(Vddp) from=400n to=800n
|let p_i_rings_act = -(pi1_act + pi2_act + pi3_act + pi4_act)
|let p_i_block_act = -pib_act
|let p_i_total_act = p_i_rings_act + p_i_block_act
|
|* ==========================================================================
|* PRE-LAYOUT CONTROL -- identical estimators, identical node names
|* ==========================================================================
|
|meas tran t1a when v(xctl.ro1)=0.5*1.98 rise=3
|meas tran t1b when v(xctl.ro1)=0.5*1.98 rise=13
|let tr1 = (t1b - t1a)/10
|meas tran t2a when v(xctl.ro2)=0.5*1.98 rise=3
|meas tran t2b when v(xctl.ro2)=0.5*1.98 rise=13
|let tr2 = (t2b - t2a)/10
|meas tran t3a when v(xctl.ro3)=0.5*1.98 rise=3
|meas tran t3b when v(xctl.ro3)=0.5*1.98 rise=13
|let tr3 = (t3b - t3a)/10
|meas tran t4a when v(xctl.ro4)=0.5*1.98 rise=3
|meas tran t4b when v(xctl.ro4)=0.5*1.98 rise=13
|let tr4 = (t4b - t4a)/10
|let f_ideal = 1/tr1 + 1/tr2 + 1/tr3 + 1/tr4
|
|meas tran vxo_max MAX v(xctl.xo) from=100n to=800n
|meas tran vxo_min MIN v(xctl.xo) from=100n to=800n
|let swing_frac_xo = (vxo_max - vxo_min) / 1.98
|meas tran txo_a when v(xctl.xo)=0.5*1.98 rise=2
|meas tran txo_b when v(xctl.xo)=0.5*1.98 rise=50
|let f_xo = 48/(txo_b - txo_a)
|let edge_retention = f_xo / f_ideal
|meas tran vxo_avg AVG v(xctl.xo) from=100n to=800n
|let bias_xo = vxo_avg / 1.98
|
|meas tran vrst_bit MAX v(raw_bit) from=50n to=250n
|meas tran vrst_valid MAX v(raw_valid) from=50n to=250n
|meas tran vrst_r1 MAX v(ring_bit1) from=50n to=250n
|meas tran vrst_r2 MAX v(ring_bit2) from=50n to=250n
|meas tran vrst_r3 MAX v(ring_bit3) from=50n to=250n
|meas tran vrst_r4 MAX v(ring_bit4) from=50n to=250n
|
|meas tran bit_400n find v(raw_bit) at=400n
|meas tran bit_500n find v(raw_bit) at=500n
|meas tran bit_600n find v(raw_bit) at=600n
|meas tran bit_700n find v(raw_bit) at=700n
|meas tran bit_800n find v(raw_bit) at=800n
|meas tran valid_400n find v(raw_valid) at=400n
|meas tran r1_400n find v(ring_bit1) at=400n
|meas tran r2_400n find v(ring_bit2) at=400n
|meas tran r3_400n find v(ring_bit3) at=400n
|meas tran r4_400n find v(ring_bit4) at=400n
|
|meas tran i1_rst AVG i(Vddr1) from=50n to=250n
|meas tran i2_rst AVG i(Vddr2) from=50n to=250n
|meas tran i3_rst AVG i(Vddr3) from=50n to=250n
|meas tran i4_rst AVG i(Vddr4) from=50n to=250n
|meas tran ib_rst AVG i(Vdd) from=50n to=250n
|let i_rings_rst = -(i1_rst + i2_rst + i3_rst + i4_rst)
|let i_block_rst = -ib_rst
|let i_total_rst = i_rings_rst + i_block_rst
|
|meas tran i1_act AVG i(Vddr1) from=400n to=800n
|meas tran i2_act AVG i(Vddr2) from=400n to=800n
|meas tran i3_act AVG i(Vddr3) from=400n to=800n
|meas tran i4_act AVG i(Vddr4) from=400n to=800n
|meas tran ib_act AVG i(Vdd) from=400n to=800n
|let i_rings_act = -(i1_act + i2_act + i3_act + i4_act)
|let i_block_act = -ib_act
|let i_total_act = i_rings_act + i_block_act
|
|* --- headline ratios: same block, same corner, real inter-block/intra-cell
|* wiring + real sampler loading vs. pre-layout (no interconnect, ideal
|* devices only) ----------------------------------------------------------
|let slowdown_r1 = p_tr1 / tr1
|let slowdown_r2 = p_tr2 / tr2
|let slowdown_r3 = p_tr3 / tr3
|let slowdown_r4 = p_tr4 / tr4
|let i_total_act_ratio = p_i_total_act / i_total_act
|let i_total_rst_ratio = p_i_total_rst / i_total_rst
|
|print p_tr1
|print p_tr2
|print p_tr3
|print p_tr4
|print p_f_ideal
|print p_f_xo
|print p_edge_retention
|print p_bias_xo
|print p_swing_frac_xo
|print p_vrst_bit
|print p_vrst_valid
|print p_vrst_r1
|print p_vrst_r2
|print p_vrst_r3
|print p_vrst_r4
|print p_bit_400n
|print p_bit_500n
|print p_bit_600n
|print p_bit_700n
|print p_bit_800n
|print p_valid_400n
|print p_r1_400n
|print p_r2_400n
|print p_r3_400n
|print p_r4_400n
|print p_i_rings_rst
|print p_i_block_rst
|print p_i_total_rst
|print p_i_rings_act
|print p_i_block_act
|print p_i_total_act
|
|print tr1
|print tr2
|print tr3
|print tr4
|print f_ideal
|print f_xo
|print edge_retention
|print bias_xo
|print swing_frac_xo
|print vrst_bit
|print vrst_valid
|print vrst_r1
|print vrst_r2
|print vrst_r3
|print vrst_r4
|print bit_400n
|print bit_500n
|print bit_600n
|print bit_700n
|print bit_800n
|print valid_400n
|print r1_400n
|print r2_400n
|print r3_400n
|print r4_400n
|print i_rings_rst
|print i_block_rst
|print i_total_rst
|print i_rings_act
|print i_block_act
|print i_total_act
|
|print slowdown_r1
|print slowdown_r2
|print slowdown_r3
|print slowdown_r4
|print i_total_act_ratio
|print i_total_rst_ratio
|.endc
|.end
|

----- stdout -----

Note: No compatibility mode selected!


Circuit: * post-layout sampler_core: the whole composed cell -- four skewed rings,

Doing analysis at TEMP = 125.000000 and TNOM = 27.000000

Using SPARSE 1.3 as Direct Linear Solver
Operating point simulation skipped by 'uic',
  now using transient initial conditions.
 Reference value :  5.00000e-14
 Reference value :  2.01146e-10
 Reference value :  5.91146e-10
 Reference value :  9.81146e-10
 Reference value :  1.38615e-09
 Reference value :  1.80115e-09
 Reference value :  2.20615e-09
 Reference value :  2.60115e-09
 Reference value :  2.94115e-09
 Reference value :  3.25615e-09
 Reference value :  3.58115e-09
 Reference value :  3.91615e-09
 Reference value :  4.29615e-09
 Reference value :  4.69115e-09
 Reference value :  5.04250e-09
 Reference value :  5.34750e-09
 Reference value :  5.74250e-09
 Reference value :  6.12250e-09
 Reference value :  6.50250e-09
 Reference value :  6.81750e-09
 Reference value :  7.22250e-09
 Reference value :  7.61750e-09
 Reference value :  8.00250e-09
 Reference value :  8.31250e-09
 Reference value :  8.62750e-09
 Reference value :  8.95250e-09
 Reference value :  9.27750e-09
 Reference value :  9.59750e-09
 Reference value :  9.94750e-09
 Reference value :  1.02975e-08
 Reference value :  1.06375e-08
 Reference value :  1.09625e-08
 Reference value :  1.12775e-08
 Reference value :  1.15925e-08
 Reference value :  1.19275e-08
 Reference value :  1.22925e-08
 Reference value :  1.25775e-08
 Reference value :  1.29175e-08
 Reference value :  1.32275e-08
 Reference value :  1.35275e-08
 Reference value :  1.38225e-08
 Reference value :  1.41375e-08
 Reference value :  1.44375e-08
 Reference value :  1.47375e-08
 Reference value :  1.50625e-08
 Reference value :  1.53625e-08
 Reference value :  1.57075e-08
 Reference value :  1.60425e-08
 Reference value :  1.63525e-08
 Reference value :  1.66775e-08
 Reference value :  1.69625e-08
 Reference value :  1.72475e-08
 Reference value :  1.75925e-08
 Reference value :  1.79275e-08
 Reference value :  1.83025e-08
 Reference value :  1.85975e-08
 Reference value :  1.88825e-08
 Reference value :  1.91675e-08
 Reference value :  1.94575e-08
 Reference value :  1.97925e-08
 Reference value :  2.01875e-08
 Reference value :  2.05475e-08
 Reference value :  2.08725e-08
 Reference value :  2.11525e-08
 Reference value :  2.14225e-08
 Reference value :  2.17325e-08
 Reference value :  2.20625e-08
 Reference value :  2.24075e-08
 Reference value :  2.28125e-08
 Reference value :  2.31525e-08
 Reference value :  2.34925e-08
 Reference value :  2.37525e-08
 Reference value :  2.40375e-08
 Reference value :  2.43675e-08
 Reference value :  2.46925e-08
 Reference value :  2.50575e-08
 Reference value :  2.53775e-08
 Reference value :  2.56825e-08
 Reference value :  2.60125e-08
 Reference value :  2.63175e-08
 Reference value :  2.66175e-08
 Reference value :  2.69175e-08
 Reference value :  2.73125e-08
 Reference value :  2.76475e-08
 Reference value :  2.79925e-08
 Reference value :  2.83475e-08
 Reference value :  2.86575e-08
 Reference value :  2.89875e-08
 Reference value :  2.92875e-08
 Reference value :  2.96225e-08
 Reference value :  2.99225e-08
 Reference value :  3.02125e-08
 Reference value :  3.05625e-08
 Reference value :  3.08925e-08
 Reference value :  3.12075e-08
 Reference value :  3.15325e-08
 Reference value :  3.18475e-08
 Reference value :  3.22225e-08
 Reference value :  3.25525e-08
 Reference value :  3.28475e-08
 Reference value :  3.31975e-08
 Reference value :  3.35175e-08
 Reference value :  3.38575e-08
 Reference value :  3.41725e-08
 Reference value :  3.44975e-08
 Reference value :  3.48125e-08
 Reference value :  3.51975e-08
 Reference value :  3.55625e-08
 Reference value :  3.59075e-08
 Reference value :  3.62575e-08
 Reference value :  3.65975e-08
 Reference value :  3.69025e-08
 Reference value :  3.72775e-08
 Reference value :  3.76675e-08
 Reference value :  3.80525e-08
 Reference value :  3.83775e-08
 Reference value :  3.87775e-08
 Reference value :  3.91475e-08
 Reference value :  3.94925e-08
 Reference value :  3.98875e-08
 Reference value :  4.02775e-08
 Reference value :  4.06175e-08
 Reference value :  4.09425e-08
 Reference value :  4.13075e-08
 Reference value :  4.16475e-08
 Reference value :  4.19575e-08
 Reference value :  4.23275e-08
 Reference value :  4.26525e-08
 Reference value :  4.29725e-08
 Reference value :  4.32675e-08
 Reference value :  4.35525e-08
 Reference value :  4.38825e-08
 Reference value :  4.42075e-08
 Reference value :  4.45425e-08
 Reference value :  4.48525e-08
 Reference value :  4.51925e-08
 Reference value :  4.55225e-08
 Reference value :  4.58375e-08
 Reference value :  4.62125e-08
 Reference value :  4.65525e-08
 Reference value :  4.68875e-08
 Reference value :  4.71925e-08
 Reference value :  4.75125e-08
 Reference value :  4.78275e-08
 Reference value :  4.81125e-08
 Reference value :  4.84175e-08
 Reference value :  4.87075e-08
 Reference value :  4.90225e-08
 Reference value :  4.93075e-08
 Reference value :  4.96275e-08
 Reference value :  4.99875e-08
 Reference value :  5.03375e-08
 Reference value :  5.07175e-08
 Reference value :  5.09975e-08
 Reference value :  5.12775e-08
 Reference value :  5.15825e-08
 Reference value :  5.18675e-08
 Reference value :  5.21975e-08
 Reference value :  5.25975e-08
 Reference value :  5.29375e-08
 Reference value :  5.32675e-08
 Reference value :  5.35675e-08
 Reference value :  5.38575e-08
 Reference value :  5.41725e-08
 Reference value :  5.44675e-08
 Reference value :  5.47975e-08
 Reference value :  5.51825e-08
 Reference value :  5.55325e-08
 Reference value :  5.58575e-08
 Reference value :  5.61325e-08
 Reference value :  5.64175e-08
 Reference value :  5.67325e-08
 Reference value :  5.70675e-08
 Reference value :  5.74775e-08
 Reference value :  5.78275e-08
 Reference value :  5.81625e-08
 Reference value :  5.85075e-08
 Reference value :  5.88175e-08
 Reference value :  5.91025e-08
 Reference value :  5.93925e-08
 Reference value :  5.97825e-08
 Reference value :  6.01275e-08
 Reference value :  6.04475e-08
 Reference value :  6.08025e-08
 Reference value :  6.11575e-08
 Reference value :  6.14775e-08
 Reference value :  6.18075e-08
 Reference value :  6.21625e-08
 Reference value :  6.24975e-08
 Reference value :  6.28425e-08
 Reference value :  6.32075e-08
 Reference value :  6.35175e-08
 Reference value :  6.38725e-08
 Reference value :  6.41825e-08
 Reference value :  6.44825e-08
 Reference value :  6.48275e-08
 Reference value :  6.51275e-08
 Reference value :  6.54725e-08
 Reference value :  6.57975e-08
 Reference value :  6.61125e-08
 Reference value :  6.63975e-08
 Reference value :  6.67425e-08
 Reference value :  6.70625e-08
 Reference value :  6.74125e-08
 Reference value :  6.78175e-08
 Reference value :  6.81775e-08
 Reference value :  6.85075e-08
 Reference value :  6.88625e-08
 Reference value :  6.92125e-08
 Reference value :  6.95225e-08
 Reference value :  6.99075e-08
 Reference value :  7.02925e-08
 Reference value :  7.06325e-08
 Reference value :  7.09425e-08
 Reference value :  7.12725e-08
 Reference value :  7.15875e-08
 Reference value :  7.18725e-08
 Reference value :  7.22425e-08
 Reference value :  7.26175e-08
 Reference value :  7.29825e-08
 Reference value :  7.33125e-08
 Reference value :  7.36675e-08
 Reference value :  7.40225e-08
 Reference value :  7.43675e-08
 Reference value :  7.47925e-08
 Reference value :  7.51575e-08
 Reference value :  7.55225e-08
 Reference value :  7.58475e-08
 Reference value :  7.61925e-08
 Reference value :  7.65475e-08
 Reference value :  7.68975e-08
 Reference value :  7.72475e-08
 Reference value :  7.75975e-08
 Reference value :  7.79325e-08
 Reference value :  7.82375e-08
 Reference value :  7.85675e-08
 Reference value :  7.88675e-08
 Reference value :  7.92325e-08
 Reference value :  7.95325e-08
 Reference value :  7.98325e-08
 Reference value :  8.01825e-08
 Reference value :  8.05475e-08
 Reference value :  8.09075e-08
 Reference value :  8.12375e-08
 Reference value :  8.15425e-08
 Reference value :  8.18225e-08
 Reference value :  8.21225e-08
 Reference value :  8.24475e-08
 Reference value :  8.28175e-08
 Reference value :  8.31675e-08
 Reference value :  8.34825e-08
 Reference value :  8.37775e-08
 Reference value :  8.40725e-08
 Reference value :  8.43775e-08
 Reference value :  8.47075e-08
 Reference value :  8.50025e-08
 Reference value :  8.53775e-08
 Reference value :  8.57375e-08
 Reference value :  8.60425e-08
 Reference value :  8.63125e-08
 Reference value :  8.66575e-08
 Reference value :  8.69675e-08
 Reference value :  8.73025e-08
 Reference value :  8.76825e-08
 Reference value :  8.80275e-08
 Reference value :  8.83475e-08
 Reference value :  8.86775e-08
 Reference value :  8.90125e-08
 Reference value :  8.93425e-08
 Reference value :  8.96975e-08
 Reference value :  9.01075e-08
 Reference value :  9.04075e-08
 Reference value :  9.07475e-08
 Reference value :  9.10275e-08
 Reference value :  9.13275e-08
 Reference value :  9.16075e-08
 Reference value :  9.18825e-08
 Reference value :  9.22625e-08
 Reference value :  9.25825e-08
 Reference value :  9.28925e-08
 Reference value :  9.32225e-08
 Reference value :  9.35375e-08
 Reference value :  9.38225e-08
 Reference value :  9.41425e-08
 Reference value :  9.44775e-08
 Reference value :  9.47775e-08
 Reference value :  9.50775e-08
 Reference value :  9.53925e-08
 Reference value :  9.57375e-08
 Reference value :  9.60675e-08
 Reference value :  9.63775e-08
 Reference value :  9.66925e-08
 Reference value :  9.70125e-08
 Reference value :  9.73525e-08
 Reference value :  9.76775e-08
 Reference value :  9.80825e-08
 Reference value :  9.84225e-08
 Reference value :  9.87325e-08
 Reference value :  9.91175e-08
 Reference value :  9.94375e-08
 Reference value :  9.97325e-08
 Reference value :  1.00098e-07
 Reference value :  1.00443e-07
 Reference value :  1.00818e-07
 Reference value :  1.01113e-07
 Reference value :  1.01433e-07
 Reference value :  1.01788e-07
 Reference value :  1.02083e-07
 Reference value :  1.02443e-07
 Reference value :  1.02813e-07
 Reference value :  1.03143e-07
 Reference value :  1.03448e-07
 Reference value :  1.03788e-07
 Reference value :  1.04088e-07
 Reference value :  1.04403e-07
 Reference value :  1.04788e-07
 Reference value :  1.05178e-07
 Reference value :  1.05518e-07
 Reference value :  1.05853e-07
 Reference value :  1.06198e-07
 Reference value :  1.06543e-07
 Reference value :  1.06843e-07
 Reference value :  1.07238e-07
 Reference value :  1.07588e-07
 Reference value :  1.07908e-07
 Reference value :  1.08238e-07
 Reference value :  1.08563e-07
 Reference value :  1.08923e-07
 Reference value :  1.09228e-07
 Reference value :  1.09598e-07
 Reference value :  1.09903e-07
 Reference value :  1.10233e-07
 Reference value :  1.10548e-07
 Reference value :  1.10878e-07
 Reference value :  1.11253e-07
 Reference value :  1.11593e-07
 Reference value :  1.11908e-07
 Reference value :  1.12238e-07
 Reference value :  1.12618e-07
 Reference value :  1.13013e-07
 Reference value :  1.13358e-07
 Reference value :  1.13648e-07
 Reference value :  1.13993e-07
 Reference value :  1.14283e-07
 Reference value :  1.14603e-07
 Reference value :  1.14928e-07
 Reference value :  1.15313e-07
 Reference value :  1.15718e-07
 Reference value :  1.16033e-07
 Reference value :  1.16353e-07
 Reference value :  1.16708e-07
 Reference value :  1.16998e-07
 Reference value :  1.17318e-07
 Reference value :  1.17653e-07
 Reference value :  1.18023e-07
 Reference value :  1.18373e-07
 Reference value :  1.18703e-07
 Reference value :  1.19018e-07
 Reference value :  1.19298e-07
 Reference value :  1.19643e-07
 Reference value :  1.20003e-07
 Reference value :  1.20383e-07
 Reference value :  1.20713e-07
 Reference value :  1.21023e-07
 Reference value :  1.21313e-07
 Reference value :  1.21618e-07
 Reference value :  1.21953e-07
 Reference value :  1.22303e-07
 Reference value :  1.22683e-07
 Reference value :  1.22983e-07
 Reference value :  1.23318e-07
 Reference value :  1.23623e-07
 Reference value :  1.23903e-07
 Reference value :  1.24218e-07
 Reference value :  1.24553e-07
 Reference value :  1.24903e-07
 Reference value :  1.25253e-07
 Reference value :  1.25568e-07
 Reference value :  1.25873e-07
 Reference value :  1.26178e-07
 Reference value :  1.26518e-07
 Reference value :  1.26853e-07
 Reference value :  1.27178e-07
 Reference value :  1.27558e-07
 Reference value :  1.27893e-07
 Reference value :  1.28273e-07
 Reference value :  1.28608e-07
 Reference value :  1.28928e-07
 Reference value :  1.29233e-07
 Reference value :  1.29578e-07
 Reference value :  1.29923e-07
 Reference value :  1.30343e-07
 Reference value :  1.30748e-07
 Reference value :  1.31148e-07
 Reference value :  1.31533e-07
 Reference value :  1.31878e-07
 Reference value :  1.32238e-07
 Reference value :  1.32583e-07
 Reference value :  1.32958e-07
 Reference value :  1.33303e-07
 Reference value :  1.33598e-07
 Reference value :  1.33918e-07
 Reference value :  1.34223e-07
 Reference value :  1.34538e-07
 Reference value :  1.34903e-07
 Reference value :  1.35258e-07
 Reference value :  1.35623e-07
 Reference value :  1.35933e-07
 Reference value :  1.36243e-07
 Reference value :  1.36543e-07
 Reference value :  1.36868e-07
 Reference value :  1.37238e-07
 Reference value :  1.37633e-07
 Reference value :  1.37958e-07
 Reference value :  1.38298e-07
 Reference value :  1.38623e-07
 Reference value :  1.38953e-07
 Reference value :  1.39268e-07
 Reference value :  1.39638e-07
 Reference value :  1.39988e-07
 Reference value :  1.40348e-07
 Reference value :  1.40693e-07
 Reference value :  1.41018e-07
 Reference value :  1.41373e-07
 Reference value :  1.41653e-07
 Reference value :  1.42013e-07
 Reference value :  1.42328e-07
 Reference value :  1.42618e-07
 Reference value :  1.42963e-07
 Reference value :  1.43313e-07
 Reference value :  1.43713e-07
 Reference value :  1.44038e-07
 Reference value :  1.44358e-07
 Reference value :  1.44663e-07
 Reference value :  1.45023e-07
 Reference value :  1.45403e-07
 Reference value :  1.45788e-07
 Reference value :  1.46128e-07
 Reference value :  1.46448e-07
 Reference value :  1.46768e-07
 Reference value :  1.47078e-07
 Reference value :  1.47398e-07
 Reference value :  1.47748e-07
 Reference value :  1.48138e-07
 Reference value :  1.48473e-07
 Reference value :  1.48788e-07
 Reference value :  1.49093e-07
 Reference value :  1.49398e-07
 Reference value :  1.49713e-07
 Reference value :  1.50043e-07
 Reference value :  1.50398e-07
 Reference value :  1.50743e-07
 Reference value :  1.51053e-07
 Reference value :  1.51353e-07
 Reference value :  1.51663e-07
 Reference value :  1.51983e-07
 Reference value :  1.52338e-07
 Reference value :  1.52678e-07
 Reference value :  1.53018e-07
 Reference value :  1.53313e-07
 Reference value :  1.53633e-07
 Reference value :  1.53948e-07
 Reference value :  1.54238e-07
 Reference value :  1.54563e-07
 Reference value :  1.54953e-07
 Reference value :  1.55283e-07
 Reference value :  1.55608e-07
 Reference value :  1.55918e-07
 Reference value :  1.56198e-07
 Reference value :  1.56483e-07
 Reference value :  1.56798e-07
 Reference value :  1.57148e-07
 Reference value :  1.57493e-07
 Reference value :  1.57813e-07
 Reference value :  1.58138e-07
 Reference value :  1.58478e-07
 Reference value :  1.58773e-07
 Reference value :  1.59128e-07
 Reference value :  1.59438e-07
 Reference value :  1.59798e-07
 Reference value :  1.60118e-07
 Reference value :  1.60468e-07
 Reference value :  1.60793e-07
 Reference value :  1.61098e-07
 Reference value :  1.61408e-07
 Reference value :  1.61743e-07
 Reference value :  1.62093e-07
 Reference value :  1.62378e-07
 Reference value :  1.62768e-07
 Reference value :  1.63148e-07
 Reference value :  1.63483e-07
 Reference value :  1.63773e-07
 Reference value :  1.64128e-07
 Reference value :  1.64433e-07
 Reference value :  1.64728e-07
 Reference value :  1.65008e-07
 Reference value :  1.65373e-07
 Reference value :  1.65753e-07
 Reference value :  1.66073e-07
 Reference value :  1.66408e-07
 Reference value :  1.66743e-07
 Reference value :  1.67073e-07
 Reference value :  1.67428e-07
 Reference value :  1.67768e-07
 Reference value :  1.68098e-07
 Reference value :  1.68418e-07
 Reference value :  1.68703e-07
 Reference value :  1.69018e-07
 Reference value :  1.69348e-07
 Reference value :  1.69708e-07
 Reference value :  1.70093e-07
 Reference value :  1.70398e-07
 Reference value :  1.70738e-07
 Reference value :  1.71058e-07
 Reference value :  1.71373e-07
 Reference value :  1.71708e-07
 Reference value :  1.72068e-07
 Reference value :  1.72418e-07
 Reference value :  1.72733e-07
 Reference value :  1.73093e-07
 Reference value :  1.73393e-07
 Reference value :  1.73758e-07
 Reference value :  1.74078e-07
 Reference value :  1.74423e-07
 Reference value :  1.74743e-07
 Reference value :  1.75053e-07
 Reference value :  1.75428e-07
 Reference value :  1.75748e-07
 Reference value :  1.76093e-07
 Reference value :  1.76433e-07
 Reference value :  1.76748e-07
 Reference value :  1.77038e-07
 Reference value :  1.77373e-07
 Reference value :  1.77713e-07
 Reference value :  1.78118e-07
 Reference value :  1.78478e-07
 Reference value :  1.78808e-07
 Reference value :  1.79103e-07
 Reference value :  1.79388e-07
 Reference value :  1.79723e-07
 Reference value :  1.80078e-07
 Reference value :  1.80448e-07
 Reference value :  1.80808e-07
 Reference value :  1.81143e-07
 Reference value :  1.81423e-07
 Reference value :  1.81733e-07
 Reference value :  1.82033e-07
 Reference value :  1.82393e-07
 Reference value :  1.82738e-07
 Reference value :  1.83118e-07
 Reference value :  1.83418e-07
 Reference value :  1.83748e-07
 Reference value :  1.84063e-07
 Reference value :  1.84333e-07
 Reference value :  1.84693e-07
 Reference value :  1.85028e-07
 Reference value :  1.85378e-07
 Reference value :  1.85678e-07
 Reference value :  1.85978e-07
 Reference value :  1.86293e-07
 Reference value :  1.86603e-07
 Reference value :  1.86923e-07
 Reference value :  1.87238e-07
 Reference value :  1.87533e-07
 Reference value :  1.87863e-07
 Reference value :  1.88173e-07
 Reference value :  1.88478e-07
 Reference value :  1.88763e-07
 Reference value :  1.89063e-07
 Reference value :  1.89353e-07
 Reference value :  1.89683e-07
 Reference value :  1.90013e-07
 Reference value :  1.90293e-07
 Reference value :  1.90603e-07
 Reference value :  1.90933e-07
 Reference value :  1.91288e-07
 Reference value :  1.91658e-07
 Reference value :  1.91983e-07
 Reference value :  1.92348e-07
 Reference value :  1.92693e-07
 Reference value :  1.93033e-07
 Reference value :  1.93353e-07
 Reference value :  1.93643e-07
 Reference value :  1.93948e-07
 Reference value :  1.94298e-07
 Reference value :  1.94668e-07
 Reference value :  1.95003e-07
 Reference value :  1.95388e-07
 Reference value :  1.95663e-07
 Reference value :  1.95943e-07
 Reference value :  1.96248e-07
 Reference value :  1.96583e-07
 Reference value :  1.96893e-07
 Reference value :  1.97173e-07
 Reference value :  1.97498e-07
 Reference value :  1.97828e-07
 Reference value :  1.98183e-07
 Reference value :  1.98483e-07
 Reference value :  1.98778e-07
 Reference value :  1.99118e-07
 Reference value :  1.99458e-07
 Reference value :  1.99783e-07
 Reference value :  2.00128e-07
 Reference value :  2.00473e-07
 Reference value :  2.00783e-07
 Reference value :  2.01083e-07
 Reference value :  2.01358e-07
 Reference value :  2.01673e-07
 Reference value :  2.01988e-07
 Reference value :  2.02363e-07
 Reference value :  2.02683e-07
 Reference value :  2.02998e-07
 Reference value :  2.03333e-07
 Reference value :  2.03613e-07
 Reference value :  2.03958e-07
 Reference value :  2.04303e-07
 Reference value :  2.04668e-07
 Reference value :  2.04983e-07
 Reference value :  2.05258e-07
 Reference value :  2.05588e-07
 Reference value :  2.05918e-07
 Reference value :  2.06273e-07
 Reference value :  2.06598e-07
 Reference value :  2.06933e-07
 Reference value :  2.07248e-07
 Reference value :  2.07598e-07
 Reference value :  2.07968e-07
 Reference value :  2.08323e-07
 Reference value :  2.08743e-07
 Reference value :  2.09053e-07
 Reference value :  2.09373e-07
 Reference value :  2.09723e-07
 Reference value :  2.10088e-07
 Reference value :  2.10458e-07
 Reference value :  2.10818e-07
 Reference value :  2.11198e-07
 Reference value :  2.11548e-07
 Reference value :  2.11903e-07
 Reference value :  2.12253e-07
 Reference value :  2.12638e-07
 Reference value :  2.13048e-07
 Reference value :  2.13408e-07
 Reference value :  2.13768e-07
 Reference value :  2.14138e-07
 Reference value :  2.14453e-07
 Reference value :  2.14868e-07
 Reference value :  2.15248e-07
 Reference value :  2.15638e-07
 Reference value :  2.15953e-07
 Reference value :  2.16338e-07
 Reference value :  2.16663e-07
 Reference value :  2.17003e-07
 Reference value :  2.17313e-07
 Reference value :  2.17708e-07
 Reference value :  2.18033e-07
 Reference value :  2.18348e-07
 Reference value :  2.18673e-07
 Reference value :  2.18988e-07
 Reference value :  2.19313e-07
 Reference value :  2.19683e-07
 Reference value :  2.20008e-07
 Reference value :  2.20383e-07
 Reference value :  2.20708e-07
 Reference value :  2.21023e-07
 Reference value :  2.21343e-07
 Reference value :  2.21668e-07
 Reference value :  2.21998e-07
 Reference value :  2.22358e-07
 Reference value :  2.22683e-07
 Reference value :  2.23028e-07
 Reference value :  2.23383e-07
 Reference value :  2.23683e-07
 Reference value :  2.24063e-07
 Reference value :  2.24388e-07
 Reference value :  2.24803e-07
 Reference value :  2.25158e-07
 Reference value :  2.25523e-07
 Reference value :  2.25873e-07
 Reference value :  2.26268e-07
 Reference value :  2.26593e-07
 Reference value :  2.26993e-07
 Reference value :  2.27348e-07
 Reference value :  2.27753e-07
 Reference value :  2.28113e-07
 Reference value :  2.28413e-07
 Reference value :  2.28698e-07
 Reference value :  2.29043e-07
 Reference value :  2.29368e-07
 Reference value :  2.29708e-07
 Reference value :  2.30093e-07
 Reference value :  2.30488e-07
 Reference value :  2.30813e-07
 Reference value :  2.31103e-07
 Reference value :  2.31443e-07
 Reference value :  2.31773e-07
 Reference value :  2.32143e-07
 Reference value :  2.32533e-07
 Reference value :  2.32888e-07
 Reference value :  2.33193e-07
 Reference value :  2.33538e-07
 Reference value :  2.33858e-07
 Reference value :  2.34208e-07
 Reference value :  2.34573e-07
 Reference value :  2.34948e-07
 Reference value :  2.35323e-07
 Reference value :  2.35708e-07
 Reference value :  2.36028e-07
 Reference value :  2.36408e-07
 Reference value :  2.36743e-07
 Reference value :  2.37128e-07
 Reference value :  2.37448e-07
 Reference value :  2.37718e-07
 Reference value :  2.38093e-07
 Reference value :  2.38458e-07
 Reference value :  2.38798e-07
 Reference value :  2.39153e-07
 Reference value :  2.39483e-07
 Reference value :  2.39793e-07
 Reference value :  2.40148e-07
 Reference value :  2.40503e-07
 Reference value :  2.40868e-07
 Reference value :  2.41248e-07
 Reference value :  2.41563e-07
 Reference value :  2.41868e-07
 Reference value :  2.42243e-07
 Reference value :  2.42603e-07
 Reference value :  2.42958e-07
 Reference value :  2.43298e-07
 Reference value :  2.43663e-07
 Reference value :  2.44013e-07
 Reference value :  2.44373e-07
 Reference value :  2.44713e-07
 Reference value :  2.45123e-07
 Reference value :  2.45518e-07
 Reference value :  2.45893e-07
 Reference value :  2.46233e-07
 Reference value :  2.46608e-07
 Reference value :  2.46928e-07
 Reference value :  2.47313e-07
 Reference value :  2.47673e-07
 Reference value :  2.48028e-07
 Reference value :  2.48298e-07
 Reference value :  2.48638e-07
 Reference value :  2.48948e-07
 Reference value :  2.49243e-07
 Reference value :  2.49563e-07
 Reference value :  2.49908e-07
 Reference value :  2.50253e-07
 Reference value :  2.50588e-07
 Reference value :  2.50893e-07
 Reference value :  2.51253e-07
 Reference value :  2.51618e-07
 Reference value :  2.51968e-07
 Reference value :  2.52293e-07
 Reference value :  2.52623e-07
 Reference value :  2.53008e-07
 Reference value :  2.53308e-07
 Reference value :  2.53653e-07
 Reference value :  2.54003e-07
 Reference value :  2.54323e-07
 Reference value :  2.54663e-07
 Reference value :  2.55008e-07
 Reference value :  2.55378e-07
 Reference value :  2.55748e-07
 Reference value :  2.56113e-07
 Reference value :  2.56483e-07
 Reference value :  2.56788e-07
 Reference value :  2.57168e-07
 Reference value :  2.57523e-07
 Reference value :  2.57913e-07
 Reference value :  2.58258e-07
 Reference value :  2.58558e-07
 Reference value :  2.58878e-07
 Reference value :  2.59223e-07
 Reference value :  2.59578e-07
 Reference value :  2.59888e-07
 Reference value :  2.60228e-07
 Reference value :  2.60608e-07
 Reference value :  2.60933e-07
 Reference value :  2.61258e-07
 Reference value :  2.61608e-07
 Reference value :  2.61933e-07
 Reference value :  2.62303e-07
 Reference value :  2.62713e-07
 Reference value :  2.63078e-07
 Reference value :  2.63383e-07
 Reference value :  2.63668e-07
 Reference value :  2.63988e-07
 Reference value :  2.64343e-07
 Reference value :  2.64688e-07
 Reference value :  2.64988e-07
 Reference value :  2.65308e-07
 Reference value :  2.65618e-07
 Reference value :  2.65953e-07
 Reference value :  2.66258e-07
 Reference value :  2.66623e-07
 Reference value :  2.66973e-07
 Reference value :  2.67328e-07
 Reference value :  2.67653e-07
 Reference value :  2.67968e-07
 Reference value :  2.68283e-07
 Reference value :  2.68693e-07
 Reference value :  2.69083e-07
 Reference value :  2.69408e-07
 Reference value :  2.69738e-07
 Reference value :  2.70098e-07
 Reference value :  2.70443e-07
 Reference value :  2.70768e-07
 Reference value :  2.71088e-07
 Reference value :  2.71458e-07
 Reference value :  2.71753e-07
 Reference value :  2.72048e-07
 Reference value :  2.72353e-07
 Reference value :  2.72688e-07
 Reference value :  2.73028e-07
 Reference value :  2.73363e-07
 Reference value :  2.73678e-07
 Reference value :  2.74013e-07
 Reference value :  2.74293e-07
 Reference value :  2.74608e-07
 Reference value :  2.74918e-07
 Reference value :  2.75283e-07
 Reference value :  2.75613e-07
 Reference value :  2.75958e-07
 Reference value :  2.76278e-07
 Reference value :  2.76608e-07
 Reference value :  2.76953e-07
 Reference value :  2.77298e-07
 Reference value :  2.77673e-07
 Reference value :  2.78043e-07
 Reference value :  2.78333e-07
 Reference value :  2.78638e-07
 Reference value :  2.78998e-07
 Reference value :  2.79298e-07
 Reference value :  2.79703e-07
 Reference value :  2.80063e-07
 Reference value :  2.80448e-07
 Reference value :  2.80758e-07
 Reference value :  2.81058e-07
 Reference value :  2.81368e-07
 Reference value :  2.81688e-07
 Reference value :  2.82083e-07
 Reference value :  2.82443e-07
 Reference value :  2.82778e-07
 Reference value :  2.83128e-07
 Reference value :  2.83418e-07
 Reference value :  2.83758e-07
 Reference value :  2.84113e-07
 Reference value :  2.84423e-07
 Reference value :  2.84718e-07
 Reference value :  2.84988e-07
 Reference value :  2.85353e-07
 Reference value :  2.85662e-07
 Reference value :  2.86002e-07
 Reference value :  2.86332e-07
 Reference value :  2.86662e-07
 Reference value :  2.86987e-07
 Reference value :  2.87302e-07
 Reference value :  2.87672e-07
 Reference value :  2.88047e-07
 Reference value :  2.88362e-07
 Reference value :  2.88722e-07
 Reference value :  2.89057e-07
 Reference value :  2.89372e-07
 Reference value :  2.89752e-07
 Reference value :  2.90062e-07
 Reference value :  2.90437e-07
 Reference value :  2.90787e-07
 Reference value :  2.91102e-07
 Reference value :  2.91432e-07
 Reference value :  2.91752e-07
 Reference value :  2.92112e-07
 Reference value :  2.92462e-07
 Reference value :  2.92872e-07
 Reference value :  2.93227e-07
 Reference value :  2.93552e-07
 Reference value :  2.93887e-07
 Reference value :  2.94217e-07
 Reference value :  2.94547e-07
 Reference value :  2.94907e-07
 Reference value :  2.95272e-07
 Reference value :  2.95642e-07
 Reference value :  2.95952e-07
 Reference value :  2.96252e-07
 Reference value :  2.96572e-07
 Reference value :  2.96937e-07
 Reference value :  2.97297e-07
 Reference value :  2.97692e-07
 Reference value :  2.98007e-07
 Reference value :  2.98332e-07
 Reference value :  2.98647e-07
 Reference value :  2.99007e-07
 Reference value :  2.99367e-07
 Reference value :  2.99707e-07
 Reference value :  3.00042e-07
 Reference value :  3.00367e-07
 Reference value :  3.00682e-07
 Reference value :  3.00982e-07
 Reference value :  3.01292e-07
 Reference value :  3.01627e-07
 Reference value :  3.01927e-07
 Reference value :  3.02227e-07
 Reference value :  3.02522e-07
 Reference value :  3.02847e-07
 Reference value :  3.03152e-07
 Reference value :  3.03462e-07
 Reference value :  3.03812e-07
 Reference value :  3.04122e-07
 Reference value :  3.04417e-07
 Reference value :  3.04707e-07
 Reference value :  3.05022e-07
 Reference value :  3.05322e-07
 Reference value :  3.05642e-07
 Reference value :  3.05942e-07
 Reference value :  3.06262e-07
 Reference value :  3.06587e-07
 Reference value :  3.06892e-07
 Reference value :  3.07207e-07
 Reference value :  3.07487e-07
 Reference value :  3.07782e-07
 Reference value :  3.08032e-07
 Reference value :  3.08287e-07
 Reference value :  3.08552e-07
 Reference value :  3.08842e-07
 Reference value :  3.09137e-07
 Reference value :  3.09437e-07
 Reference value :  3.09767e-07
 Reference value :  3.10152e-07
 Reference value :  3.10462e-07
 Reference value :  3.10777e-07
 Reference value :  3.11052e-07
 Reference value :  3.11327e-07
 Reference value :  3.11612e-07
 Reference value :  3.11967e-07
 Reference value :  3.12317e-07
 Reference value :  3.12632e-07
 Reference value :  3.12947e-07
 Reference value :  3.13237e-07
 Reference value :  3.13527e-07
 Reference value :  3.13837e-07
 Reference value :  3.14122e-07
 Reference value :  3.14447e-07
 Reference value :  3.14757e-07
 Reference value :  3.15052e-07
 Reference value :  3.15342e-07
 Reference value :  3.15657e-07
 Reference value :  3.15942e-07
 Reference value :  3.16297e-07
 Reference value :  3.16587e-07
 Reference value :  3.16917e-07
 Reference value :  3.17217e-07
 Reference value :  3.17567e-07
 Reference value :  3.17877e-07
 Reference value :  3.18152e-07
 Reference value :  3.18427e-07
 Reference value :  3.18722e-07
 Reference value :  3.19022e-07
 Reference value :  3.19302e-07
 Reference value :  3.19582e-07
 Reference value :  3.19932e-07
 Reference value :  3.20217e-07
 Reference value :  3.20532e-07
 Reference value :  3.20882e-07
 Reference value :  3.21227e-07
 Reference value :  3.21542e-07
 Reference value :  3.21847e-07
 Reference value :  3.22172e-07
 Reference value :  3.22482e-07
 Reference value :  3.22782e-07
 Reference value :  3.23117e-07
 Reference value :  3.23417e-07
 Reference value :  3.23727e-07
 Reference value :  3.24052e-07
 Reference value :  3.24347e-07
 Reference value :  3.24642e-07
 Reference value :  3.24967e-07
 Reference value :  3.25357e-07
 Reference value :  3.25692e-07
 Reference value :  3.25977e-07
 Reference value :  3.26312e-07
 Reference value :  3.26612e-07
 Reference value :  3.26952e-07
 Reference value :  3.27312e-07
 Reference value :  3.27647e-07
 Reference value :  3.28017e-07
 Reference value :  3.28332e-07
 Reference value :  3.28692e-07
 Reference value :  3.28997e-07
 Reference value :  3.29352e-07
 Reference value :  3.29712e-07
 Reference value :  3.30047e-07
 Reference value :  3.30352e-07
 Reference value :  3.30652e-07
 Reference value :  3.30952e-07
 Reference value :  3.31242e-07
 Reference value :  3.31562e-07
 Reference value :  3.31892e-07
 Reference value :  3.32182e-07
 Reference value :  3.32497e-07
 Reference value :  3.32782e-07
 Reference value :  3.33087e-07
 Reference value :  3.33412e-07
 Reference value :  3.33782e-07
 Reference value :  3.34127e-07
 Reference value :  3.34442e-07
 Reference value :  3.34747e-07
 Reference value :  3.35057e-07
 Reference value :  3.35387e-07
 Reference value :  3.35717e-07
 Reference value :  3.36007e-07
 Reference value :  3.36302e-07
 Reference value :  3.36637e-07
 Reference value :  3.36927e-07
 Reference value :  3.37212e-07
 Reference value :  3.37522e-07
 Reference value :  3.37807e-07
 Reference value :  3.38127e-07
 Reference value :  3.38447e-07
 Reference value :  3.38807e-07
 Reference value :  3.39092e-07
 Reference value :  3.39362e-07
 Reference value :  3.39652e-07
 Reference value :  3.39947e-07
 Reference value :  3.40217e-07
 Reference value :  3.40572e-07
 Reference value :  3.40887e-07
 Reference value :  3.41202e-07
 Reference value :  3.41507e-07
 Reference value :  3.41822e-07
 Reference value :  3.42127e-07
 Reference value :  3.42542e-07
 Reference value :  3.42887e-07
 Reference value :  3.43227e-07
 Reference value :  3.43537e-07
 Reference value :  3.43797e-07
 Reference value :  3.44112e-07
 Reference value :  3.44452e-07
 Reference value :  3.44842e-07
 Reference value :  3.45147e-07
 Reference value :  3.45432e-07
 Reference value :  3.45707e-07
 Reference value :  3.45992e-07
 Reference value :  3.46262e-07
 Reference value :  3.46537e-07
 Reference value :  3.46827e-07
 Reference value :  3.47197e-07
 Reference value :  3.47522e-07
 Reference value :  3.47837e-07
 Reference value :  3.48167e-07
 Reference value :  3.48462e-07
 Reference value :  3.48877e-07
 Reference value :  3.49222e-07
 Reference value :  3.49592e-07
 Reference value :  3.49952e-07
 Reference value :  3.50272e-07
 Reference value :  3.50612e-07
 Reference value :  3.50952e-07
 Reference value :  3.51347e-07
 Reference value :  3.51652e-07
 Reference value :  3.51942e-07
 Reference value :  3.52227e-07
 Reference value :  3.52617e-07
 Reference value :  3.52912e-07
 Reference value :  3.53202e-07
 Reference value :  3.53482e-07
 Reference value :  3.53812e-07
 Reference value :  3.54117e-07
 Reference value :  3.54402e-07
 Reference value :  3.54682e-07
 Reference value :  3.55027e-07
 Reference value :  3.55382e-07
 Reference value :  3.55742e-07
 Reference value :  3.56107e-07
 Reference value :  3.56427e-07
 Reference value :  3.56787e-07
 Reference value :  3.57137e-07
 Reference value :  3.57527e-07
 Reference value :  3.57877e-07
 Reference value :  3.58287e-07
 Reference value :  3.58617e-07
 Reference value :  3.58962e-07
 Reference value :  3.59277e-07
 Reference value :  3.59637e-07
 Reference value :  3.60037e-07
 Reference value :  3.60472e-07
 Reference value :  3.60827e-07
 Reference value :  3.61172e-07
 Reference value :  3.61537e-07
 Reference value :  3.61872e-07
 Reference value :  3.62307e-07
 Reference value :  3.62677e-07
 Reference value :  3.63002e-07
 Reference value :  3.63342e-07
 Reference value :  3.63687e-07
 Reference value :  3.64067e-07
 Reference value :  3.64472e-07
 Reference value :  3.64812e-07
 Reference value :  3.65147e-07
 Reference value :  3.65467e-07
 Reference value :  3.65822e-07
 Reference value :  3.66157e-07
 Reference value :  3.66532e-07
 Reference value :  3.66897e-07
 Reference value :  3.67252e-07
 Reference value :  3.67587e-07
 Reference value :  3.67967e-07
 Reference value :  3.68297e-07
 Reference value :  3.68637e-07
 Reference value :  3.68987e-07
 Reference value :  3.69352e-07
 Reference value :  3.69722e-07
 Reference value :  3.70037e-07
 Reference value :  3.70372e-07
 Reference value :  3.70772e-07
 Reference value :  3.71107e-07
 Reference value :  3.71457e-07
 Reference value :  3.71787e-07
 Reference value :  3.72132e-07
 Reference value :  3.72472e-07
 Reference value :  3.72872e-07
 Reference value :  3.73272e-07
 Reference value :  3.73622e-07
 Reference value :  3.73962e-07
 Reference value :  3.74307e-07
 Reference value :  3.74652e-07
 Reference value :  3.75042e-07
 Reference value :  3.75402e-07
 Reference value :  3.75742e-07
 Reference value :  3.76102e-07
 Reference value :  3.76407e-07
 Reference value :  3.76762e-07
 Reference value :  3.77107e-07
 Reference value :  3.77527e-07
 Reference value :  3.77902e-07
 Reference value :  3.78247e-07
 Reference value :  3.78587e-07
 Reference value :  3.78922e-07
 Reference value :  3.79267e-07
 Reference value :  3.79602e-07
 Reference value :  3.80012e-07
 Reference value :  3.80372e-07
 Reference value :  3.80752e-07
 Reference value :  3.81082e-07
 Reference value :  3.81452e-07
 Reference value :  3.81787e-07
 Reference value :  3.82177e-07
 Reference value :  3.82532e-07
 Reference value :  3.82877e-07
 Reference value :  3.83217e-07
 Reference value :  3.83577e-07
 Reference value :  3.83982e-07
 Reference value :  3.84347e-07
 Reference value :  3.84737e-07
 Reference value :  3.85092e-07
 Reference value :  3.85467e-07
 Reference value :  3.85787e-07
 Reference value :  3.86122e-07
 Reference value :  3.86502e-07
 Reference value :  3.86847e-07
 Reference value :  3.87182e-07
 Reference value :  3.87527e-07
 Reference value :  3.87872e-07
 Reference value :  3.88222e-07
 Reference value :  3.88572e-07
 Reference value :  3.88917e-07
 Reference value :  3.89262e-07
 Reference value :  3.89622e-07
 Reference value :  3.90027e-07
 Reference value :  3.90407e-07
 Reference value :  3.90807e-07
 Reference value :  3.91142e-07
 Reference value :  3.91482e-07
 Reference value :  3.91832e-07
 Reference value :  3.92202e-07
 Reference value :  3.92542e-07
 Reference value :  3.92887e-07
 Reference value :  3.93287e-07
 Reference value :  3.93622e-07
 Reference value :  3.94002e-07
 Reference value :  3.94337e-07
 Reference value :  3.94672e-07
 Reference value :  3.94997e-07
 Reference value :  3.95292e-07
 Reference value :  3.95582e-07
 Reference value :  3.95872e-07
 Reference value :  3.96157e-07
 Reference value :  3.96452e-07
 Reference value :  3.96757e-07
 Reference value :  3.97077e-07
 Reference value :  3.97357e-07
 Reference value :  3.97647e-07
 Reference value :  3.97937e-07
 Reference value :  3.98252e-07
 Reference value :  3.98547e-07
 Reference value :  3.98837e-07
 Reference value :  3.99167e-07
 Reference value :  3.99467e-07
 Reference value :  3.99772e-07
 Reference value :  4.00077e-07
 Reference value :  4.00402e-07
 Reference value :  4.00722e-07
 Reference value :  4.01017e-07
 Reference value :  4.01312e-07
 Reference value :  4.01647e-07
 Reference value :  4.01932e-07
 Reference value :  4.02217e-07
 Reference value :  4.02532e-07
 Reference value :  4.02787e-07
 Reference value :  4.03072e-07
 Reference value :  4.03347e-07
 Reference value :  4.03612e-07
 Reference value :  4.03937e-07
 Reference value :  4.04212e-07
 Reference value :  4.04512e-07
 Reference value :  4.04817e-07
 Reference value :  4.05087e-07
 Reference value :  4.05347e-07
 Reference value :  4.05662e-07
 Reference value :  4.05932e-07
 Reference value :  4.06217e-07
 Reference value :  4.06497e-07
 Reference value :  4.06782e-07
 Reference value :  4.07067e-07
 Reference value :  4.07372e-07
 Reference value :  4.07662e-07
 Reference value :  4.07967e-07
 Reference value :  4.08252e-07
 Reference value :  4.08542e-07
 Reference value :  4.08832e-07
 Reference value :  4.09137e-07
 Reference value :  4.09442e-07
 Reference value :  4.09787e-07
 Reference value :  4.10127e-07
 Reference value :  4.10437e-07
 Reference value :  4.10752e-07
 Reference value :  4.11047e-07
 Reference value :  4.11317e-07
 Reference value :  4.11642e-07
 Reference value :  4.11952e-07
 Reference value :  4.12282e-07
 Reference value :  4.12597e-07
 Reference value :  4.12922e-07
 Reference value :  4.13237e-07
 Reference value :  4.13522e-07
 Reference value :  4.13842e-07
 Reference value :  4.14137e-07
 Reference value :  4.14452e-07
 Reference value :  4.14777e-07
 Reference value :  4.15082e-07
 Reference value :  4.15432e-07
 Reference value :  4.15742e-07
 Reference value :  4.16042e-07
 Reference value :  4.16392e-07
 Reference value :  4.16687e-07
 Reference value :  4.16987e-07
 Reference value :  4.17277e-07
 Reference value :  4.17587e-07
 Reference value :  4.17897e-07
 Reference value :  4.18207e-07
 Reference value :  4.18487e-07
 Reference value :  4.18877e-07
 Reference value :  4.19217e-07
 Reference value :  4.19537e-07
 Reference value :  4.19827e-07
 Reference value :  4.20104e-07
 Reference value :  4.20417e-07
 Reference value :  4.20757e-07
 Reference value :  4.21047e-07
 Reference value :  4.21372e-07
 Reference value :  4.21702e-07
 Reference value :  4.22002e-07
 Reference value :  4.22312e-07
 Reference value :  4.22672e-07
 Reference value :  4.23002e-07
 Reference value :  4.23327e-07
 Reference value :  4.23637e-07
 Reference value :  4.23977e-07
 Reference value :  4.24292e-07
 Reference value :  4.24647e-07
 Reference value :  4.25012e-07
 Reference value :  4.25352e-07
 Reference value :  4.25682e-07
 Reference value :  4.25972e-07
 Reference value :  4.26287e-07
 Reference value :  4.26627e-07
 Reference value :  4.26937e-07
 Reference value :  4.27332e-07
 Reference value :  4.27667e-07
 Reference value :  4.27967e-07
 Reference value :  4.28242e-07
 Reference value :  4.28542e-07
 Reference value :  4.28852e-07
 Reference value :  4.29167e-07
 Reference value :  4.29462e-07
 Reference value :  4.29772e-07
 Reference value :  4.30062e-07
 Reference value :  4.30332e-07
 Reference value :  4.30662e-07
 Reference value :  4.30952e-07
 Reference value :  4.31237e-07
 Reference value :  4.31562e-07
 Reference value :  4.31877e-07
 Reference value :  4.32182e-07
 Reference value :  4.32547e-07
 Reference value :  4.32887e-07
 Reference value :  4.33232e-07
 Reference value :  4.33532e-07
 Reference value :  4.33817e-07
 Reference value :  4.34157e-07
 Reference value :  4.34447e-07
 Reference value :  4.34812e-07
 Reference value :  4.35137e-07
 Reference value :  4.35452e-07
 Reference value :  4.35767e-07
 Reference value :  4.36037e-07
 Reference value :  4.36292e-07
 Reference value :  4.36562e-07
 Reference value :  4.36862e-07
 Reference value :  4.37197e-07
 Reference value :  4.37507e-07
 Reference value :  4.37792e-07
 Reference value :  4.38097e-07
 Reference value :  4.38407e-07
 Reference value :  4.38682e-07
 Reference value :  4.38972e-07
 Reference value :  4.39262e-07
 Reference value :  4.39552e-07
 Reference value :  4.39887e-07
 Reference value :  4.40232e-07
 Reference value :  4.40582e-07
 Reference value :  4.40872e-07
 Reference value :  4.41182e-07
 Reference value :  4.41522e-07
 Reference value :  4.41812e-07
 Reference value :  4.42107e-07
 Reference value :  4.42497e-07
 Reference value :  4.42807e-07
 Reference value :  4.43102e-07
 Reference value :  4.43422e-07
 Reference value :  4.43687e-07
 Reference value :  4.44042e-07
 Reference value :  4.44397e-07
 Reference value :  4.44772e-07
 Reference value :  4.45152e-07
 Reference value :  4.45477e-07
 Reference value :  4.45857e-07
 Reference value :  4.46177e-07
 Reference value :  4.46482e-07
 Reference value :  4.46817e-07
 Reference value :  4.47162e-07
 Reference value :  4.47487e-07
 Reference value :  4.47817e-07
 Reference value :  4.48127e-07
 Reference value :  4.48427e-07
 Reference value :  4.48792e-07
 Reference value :  4.49127e-07
 Reference value :  4.49412e-07
 Reference value :  4.49707e-07
 Reference value :  4.50027e-07
 Reference value :  4.50362e-07
 Reference value :  4.50667e-07
 Reference value :  4.50962e-07
 Reference value :  4.51272e-07
 Reference value :  4.51637e-07
 Reference value :  4.51957e-07
 Reference value :  4.52302e-07
 Reference value :  4.52627e-07
 Reference value :  4.52992e-07
 Reference value :  4.53312e-07
 Reference value :  4.53717e-07
 Reference value :  4.54042e-07
 Reference value :  4.54347e-07
 Reference value :  4.54647e-07
 Reference value :  4.54932e-07
 Reference value :  4.55342e-07
 Reference value :  4.55662e-07
 Reference value :  4.56017e-07
 Reference value :  4.56312e-07
 Reference value :  4.56662e-07
 Reference value :  4.56982e-07
 Reference value :  4.57292e-07
 Reference value :  4.57697e-07
 Reference value :  4.58027e-07
 Reference value :  4.58357e-07
 Reference value :  4.58662e-07
 Reference value :  4.58972e-07
 Reference value :  4.59322e-07
 Reference value :  4.59607e-07
 Reference value :  4.59942e-07
 Reference value :  4.60257e-07
 Reference value :  4.60567e-07
 Reference value :  4.60867e-07
 Reference value :  4.61162e-07
 Reference value :  4.61472e-07
 Reference value :  4.61822e-07
 Reference value :  4.62132e-07
 Reference value :  4.62502e-07
 Reference value :  4.62822e-07
 Reference value :  4.63232e-07
 Reference value :  4.63537e-07
 Reference value :  4.63842e-07
 Reference value :  4.64187e-07
 Reference value :  4.64492e-07
 Reference value :  4.64802e-07
 Reference value :  4.65162e-07
 Reference value :  4.65477e-07
 Reference value :  4.65792e-07
 Reference value :  4.66102e-07
 Reference value :  4.66407e-07
 Reference value :  4.66747e-07
 Reference value :  4.67087e-07
 Reference value :  4.67382e-07
 Reference value :  4.67727e-07
 Reference value :  4.68032e-07
 Reference value :  4.68402e-07
 Reference value :  4.68732e-07
 Reference value :  4.69102e-07
 Reference value :  4.69422e-07
 Reference value :  4.69727e-07
 Reference value :  4.70012e-07
 Reference value :  4.70322e-07
 Reference value :  4.70702e-07
 Reference value :  4.71017e-07
 Reference value :  4.71322e-07
 Reference value :  4.71627e-07
 Reference value :  4.71927e-07
 Reference value :  4.72242e-07
 Reference value :  4.72542e-07
 Reference value :  4.72887e-07
 Reference value :  4.73227e-07
 Reference value :  4.73532e-07
 Reference value :  4.73857e-07
 Reference value :  4.74202e-07
 Reference value :  4.74507e-07
 Reference value :  4.74817e-07
 Reference value :  4.75177e-07
 Reference value :  4.75502e-07
 Reference value :  4.75827e-07
 Reference value :  4.76142e-07
 Reference value :  4.76457e-07
 Reference value :  4.76822e-07
 Reference value :  4.77137e-07
 Reference value :  4.77457e-07
 Reference value :  4.77832e-07
 Reference value :  4.78127e-07
 Reference value :  4.78497e-07
 Reference value :  4.78797e-07
 Reference value :  4.79097e-07
 Reference value :  4.79437e-07
 Reference value :  4.79747e-07
 Reference value :  4.80052e-07
 Reference value :  4.80352e-07
 Reference value :  4.80657e-07
 Reference value :  4.80962e-07
 Reference value :  4.81258e-07
 Reference value :  4.81588e-07
 Reference value :  4.81898e-07
 Reference value :  4.82198e-07
 Reference value :  4.82523e-07
 Reference value :  4.82828e-07
 Reference value :  4.83143e-07
 Reference value :  4.83423e-07
 Reference value :  4.83718e-07
 Reference value :  4.84088e-07
 Reference value :  4.84393e-07
 Reference value :  4.84698e-07
 Reference value :  4.85018e-07
 Reference value :  4.85328e-07
 Reference value :  4.85668e-07
 Reference value :  4.85958e-07
 Reference value :  4.86263e-07
 Reference value :  4.86593e-07
 Reference value :  4.86893e-07
 Reference value :  4.87198e-07
 Reference value :  4.87488e-07
 Reference value :  4.87748e-07
 Reference value :  4.88048e-07
 Reference value :  4.88338e-07
 Reference value :  4.88633e-07
 Reference value :  4.88918e-07
 Reference value :  4.89233e-07
 Reference value :  4.89528e-07
 Reference value :  4.89828e-07
 Reference value :  4.90138e-07
 Reference value :  4.90468e-07
 Reference value :  4.90763e-07
 Reference value :  4.91053e-07
 Reference value :  4.91343e-07
 Reference value :  4.91648e-07
 Reference value :  4.91948e-07
 Reference value :  4.92238e-07
 Reference value :  4.92538e-07
 Reference value :  4.92843e-07
 Reference value :  4.93138e-07
 Reference value :  4.93438e-07
 Reference value :  4.93743e-07
 Reference value :  4.94038e-07
 Reference value :  4.94333e-07
 Reference value :  4.94628e-07
 Reference value :  4.94943e-07
 Reference value :  4.95228e-07
 Reference value :  4.95553e-07
 Reference value :  4.95883e-07
 Reference value :  4.96158e-07
 Reference value :  4.96463e-07
 Reference value :  4.96708e-07
 Reference value :  4.96968e-07
 Reference value :  4.97273e-07
 Reference value :  4.97588e-07
 Reference value :  4.97903e-07
 Reference value :  4.98203e-07
 Reference value :  4.98508e-07
 Reference value :  4.98798e-07
 Reference value :  4.99088e-07
 Reference value :  4.99408e-07
 Reference value :  4.99693e-07
 Reference value :  4.99988e-07
 Reference value :  5.00288e-07
 Reference value :  5.00588e-07
 Reference value :  5.00903e-07
 Reference value :  5.01198e-07
 Reference value :  5.01503e-07
 Reference value :  5.01793e-07
 Reference value :  5.02078e-07
 Reference value :  5.02378e-07
 Reference value :  5.02708e-07
 Reference value :  5.03043e-07
 Reference value :  5.03338e-07
 Reference value :  5.03648e-07
 Reference value :  5.03938e-07
 Reference value :  5.04253e-07
 Reference value :  5.04548e-07
 Reference value :  5.04843e-07
 Reference value :  5.05198e-07
 Reference value :  5.05548e-07
 Reference value :  5.05853e-07
 Reference value :  5.06138e-07
 Reference value :  5.06423e-07
 Reference value :  5.06708e-07
 Reference value :  5.07018e-07
 Reference value :  5.07343e-07
 Reference value :  5.07648e-07
 Reference value :  5.08008e-07
 Reference value :  5.08343e-07
 Reference value :  5.08658e-07
 Reference value :  5.08973e-07
 Reference value :  5.09333e-07
 Reference value :  5.09638e-07
 Reference value :  5.09983e-07
 Reference value :  5.10298e-07
 Reference value :  5.10603e-07
 Reference value :  5.10928e-07
 Reference value :  5.11198e-07
 Reference value :  5.11493e-07
 Reference value :  5.11768e-07
 Reference value :  5.12043e-07
 Reference value :  5.12328e-07
 Reference value :  5.12613e-07
 Reference value :  5.12893e-07
 Reference value :  5.13178e-07
 Reference value :  5.13468e-07
 Reference value :  5.13753e-07
 Reference value :  5.14043e-07
 Reference value :  5.14358e-07
 Reference value :  5.14648e-07
 Reference value :  5.14963e-07
 Reference value :  5.15243e-07
 Reference value :  5.15523e-07
 Reference value :  5.15838e-07
 Reference value :  5.16128e-07
 Reference value :  5.16483e-07
 Reference value :  5.16768e-07
 Reference value :  5.17048e-07
 Reference value :  5.17358e-07
 Reference value :  5.17648e-07
 Reference value :  5.17973e-07
 Reference value :  5.18288e-07
 Reference value :  5.18603e-07
 Reference value :  5.18903e-07
 Reference value :  5.19193e-07
 Reference value :  5.19483e-07
 Reference value :  5.19778e-07
 Reference value :  5.20033e-07
 Reference value :  5.20288e-07
 Reference value :  5.20573e-07
 Reference value :  5.20883e-07
 Reference value :  5.21203e-07
 Reference value :  5.21528e-07
 Reference value :  5.21853e-07
 Reference value :  5.22138e-07
 Reference value :  5.22418e-07
 Reference value :  5.22698e-07
 Reference value :  5.22983e-07
 Reference value :  5.23263e-07
 Reference value :  5.23553e-07
 Reference value :  5.23863e-07
 Reference value :  5.24168e-07
 Reference value :  5.24503e-07
 Reference value :  5.24863e-07
 Reference value :  5.25228e-07
 Reference value :  5.25553e-07
 Reference value :  5.25853e-07
 Reference value :  5.26158e-07
 Reference value :  5.26473e-07
 Reference value :  5.26788e-07
 Reference value :  5.27083e-07
 Reference value :  5.27423e-07
 Reference value :  5.27758e-07
 Reference value :  5.28168e-07
 Reference value :  5.28473e-07
 Reference value :  5.28778e-07
 Reference value :  5.29083e-07
 Reference value :  5.29413e-07
 Reference value :  5.29708e-07
 Reference value :  5.30023e-07
 Reference value :  5.30398e-07
 Reference value :  5.30723e-07
 Reference value :  5.31078e-07
 Reference value :  5.31428e-07
 Reference value :  5.31753e-07
 Reference value :  5.32038e-07
 Reference value :  5.32338e-07
 Reference value :  5.32683e-07
 Reference value :  5.33033e-07
 Reference value :  5.33403e-07
 Reference value :  5.33708e-07
 Reference value :  5.34003e-07
 Reference value :  5.34323e-07
 Reference value :  5.34618e-07
 Reference value :  5.34918e-07
 Reference value :  5.35268e-07
 Reference value :  5.35563e-07
 Reference value :  5.35943e-07
 Reference value :  5.36238e-07
 Reference value :  5.36538e-07
 Reference value :  5.36868e-07
 Reference value :  5.37193e-07
 Reference value :  5.37583e-07
 Reference value :  5.37968e-07
 Reference value :  5.38303e-07
 Reference value :  5.38633e-07
 Reference value :  5.38928e-07
 Reference value :  5.39218e-07
 Reference value :  5.39548e-07
 Reference value :  5.39863e-07
 Reference value :  5.40228e-07
 Reference value :  5.40583e-07
 Reference value :  5.40853e-07
 Reference value :  5.41153e-07
 Reference value :  5.41433e-07
 Reference value :  5.41743e-07
 Reference value :  5.42073e-07
 Reference value :  5.42443e-07
 Reference value :  5.42753e-07
 Reference value :  5.43073e-07
 Reference value :  5.43443e-07
 Reference value :  5.43738e-07
 Reference value :  5.44068e-07
 Reference value :  5.44448e-07
 Reference value :  5.44778e-07
 Reference value :  5.45088e-07
 Reference value :  5.45403e-07
 Reference value :  5.45708e-07
 Reference value :  5.46013e-07
 Reference value :  5.46318e-07
 Reference value :  5.46643e-07
 Reference value :  5.46933e-07
 Reference value :  5.47233e-07
 Reference value :  5.47563e-07
 Reference value :  5.47873e-07
 Reference value :  5.48178e-07
 Reference value :  5.48548e-07
 Reference value :  5.48853e-07
 Reference value :  5.49143e-07
 Reference value :  5.49433e-07
 Reference value :  5.49703e-07
 Reference value :  5.50033e-07
 Reference value :  5.50328e-07
 Reference value :  5.50643e-07
 Reference value :  5.50938e-07
 Reference value :  5.51208e-07
 Reference value :  5.51538e-07
 Reference value :  5.51843e-07
 Reference value :  5.52148e-07
 Reference value :  5.52503e-07
 Reference value :  5.52898e-07
 Reference value :  5.53263e-07
 Reference value :  5.53588e-07
 Reference value :  5.53898e-07
 Reference value :  5.54198e-07
 Reference value :  5.54523e-07
 Reference value :  5.54863e-07
 Reference value :  5.55223e-07
 Reference value :  5.55578e-07
 Reference value :  5.55873e-07
 Reference value :  5.56143e-07
 Reference value :  5.56458e-07
 Reference value :  5.56758e-07
 Reference value :  5.57113e-07
 Reference value :  5.57488e-07
 Reference value :  5.57853e-07
 Reference value :  5.58158e-07
 Reference value :  5.58453e-07
 Reference value :  5.58763e-07
 Reference value :  5.59108e-07
 Reference value :  5.59463e-07
 Reference value :  5.59763e-07
 Reference value :  5.60108e-07
 Reference value :  5.60403e-07
 Reference value :  5.60793e-07
 Reference value :  5.61098e-07
 Reference value :  5.61433e-07
 Reference value :  5.61748e-07
 Reference value :  5.62078e-07
 Reference value :  5.62373e-07
 Reference value :  5.62658e-07
 Reference value :  5.63003e-07
 Reference value :  5.63308e-07
 Reference value :  5.63683e-07
 Reference value :  5.64013e-07
 Reference value :  5.64333e-07
 Reference value :  5.64658e-07
 Reference value :  5.64978e-07
 Reference value :  5.65273e-07
 Reference value :  5.65613e-07
 Reference value :  5.66033e-07
 Reference value :  5.66343e-07
 Reference value :  5.66638e-07
 Reference value :  5.66923e-07
 Reference value :  5.67223e-07
 Reference value :  5.67508e-07
 Reference value :  5.67843e-07
 Reference value :  5.68128e-07
 Reference value :  5.68523e-07
 Reference value :  5.68833e-07
 Reference value :  5.69123e-07
 Reference value :  5.69468e-07
 Reference value :  5.69758e-07
 Reference value :  5.70058e-07
 Reference value :  5.70413e-07
 Reference value :  5.70733e-07
 Reference value :  5.71038e-07
 Reference value :  5.71328e-07
 Reference value :  5.71623e-07
 Reference value :  5.71933e-07
 Reference value :  5.72243e-07
 Reference value :  5.72568e-07
 Reference value :  5.72918e-07
 Reference value :  5.73248e-07
 Reference value :  5.73523e-07
 Reference value :  5.73788e-07
 Reference value :  5.74058e-07
 Reference value :  5.74343e-07
 Reference value :  5.74623e-07
 Reference value :  5.74918e-07
 Reference value :  5.75208e-07
 Reference value :  5.75513e-07
 Reference value :  5.75808e-07
 Reference value :  5.76103e-07
 Reference value :  5.76398e-07
 Reference value :  5.76683e-07
 Reference value :  5.76998e-07
 Reference value :  5.77303e-07
 Reference value :  5.77598e-07
 Reference value :  5.77883e-07
 Reference value :  5.78193e-07
 Reference value :  5.78478e-07
 Reference value :  5.78763e-07
 Reference value :  5.79068e-07
 Reference value :  5.79413e-07
 Reference value :  5.79718e-07
 Reference value :  5.79998e-07
 Reference value :  5.80338e-07
 Reference value :  5.80628e-07
 Reference value :  5.80923e-07
 Reference value :  5.81253e-07
 Reference value :  5.81533e-07
 Reference value :  5.81823e-07
 Reference value :  5.82108e-07
 Reference value :  5.82388e-07
 Reference value :  5.82698e-07
 Reference value :  5.83028e-07
 Reference value :  5.83333e-07
 Reference value :  5.83628e-07
 Reference value :  5.83913e-07
 Reference value :  5.84203e-07
 Reference value :  5.84488e-07
 Reference value :  5.84788e-07
 Reference value :  5.85103e-07
 Reference value :  5.85448e-07
 Reference value :  5.85818e-07
 Reference value :  5.86128e-07
 Reference value :  5.86413e-07
 Reference value :  5.86703e-07
 Reference value :  5.86993e-07
 Reference value :  5.87278e-07
 Reference value :  5.87563e-07
 Reference value :  5.87888e-07
 Reference value :  5.88213e-07
 Reference value :  5.88528e-07
 Reference value :  5.88828e-07
 Reference value :  5.89143e-07
 Reference value :  5.89448e-07
 Reference value :  5.89738e-07
 Reference value :  5.90063e-07
 Reference value :  5.90443e-07
 Reference value :  5.90768e-07
 Reference value :  5.91103e-07
 Reference value :  5.91413e-07
 Reference value :  5.91718e-07
 Reference value :  5.92028e-07
 Reference value :  5.92323e-07
 Reference value :  5.92703e-07
 Reference value :  5.92993e-07
 Reference value :  5.93303e-07
 Reference value :  5.93598e-07
 Reference value :  5.93898e-07
 Reference value :  5.94203e-07
 Reference value :  5.94528e-07
 Reference value :  5.94838e-07
 Reference value :  5.95123e-07
 Reference value :  5.95408e-07
 Reference value :  5.95708e-07
 Reference value :  5.96018e-07
 Reference value :  5.96323e-07
 Reference value :  5.96623e-07
 Reference value :  5.96968e-07
 Reference value :  5.97263e-07
 Reference value :  5.97568e-07
 Reference value :  5.97878e-07
 Reference value :  5.98203e-07
 Reference value :  5.98623e-07
 Reference value :  5.98918e-07
 Reference value :  5.99218e-07
 Reference value :  5.99513e-07
 Reference value :  5.99808e-07
 Reference value :  6.00113e-07
 Reference value :  6.00413e-07
 Reference value :  6.00748e-07
 Reference value :  6.01078e-07
 Reference value :  6.01373e-07
 Reference value :  6.01698e-07
 Reference value :  6.02023e-07
 Reference value :  6.02318e-07
 Reference value :  6.02643e-07
 Reference value :  6.02988e-07
 Reference value :  6.03238e-07
 Reference value :  6.03498e-07
 Reference value :  6.03743e-07
 Reference value :  6.03983e-07
 Reference value :  6.04273e-07
 Reference value :  6.04568e-07
 Reference value :  6.04893e-07
 Reference value :  6.05288e-07
 Reference value :  6.05653e-07
 Reference value :  6.05963e-07
 Reference value :  6.06258e-07
 Reference value :  6.06553e-07
 Reference value :  6.06853e-07
 Reference value :  6.07173e-07
 Reference value :  6.07508e-07
 Reference value :  6.07853e-07
 Reference value :  6.08158e-07
 Reference value :  6.08448e-07
 Reference value :  6.08708e-07
 Reference value :  6.08983e-07
 Reference value :  6.09258e-07
 Reference value :  6.09568e-07
 Reference value :  6.09863e-07
 Reference value :  6.10148e-07
 Reference value :  6.10463e-07
 Reference value :  6.10738e-07
 Reference value :  6.11033e-07
 Reference value :  6.11338e-07
 Reference value :  6.11628e-07
 Reference value :  6.11953e-07
 Reference value :  6.12253e-07
 Reference value :  6.12553e-07
 Reference value :  6.12853e-07
 Reference value :  6.13148e-07
 Reference value :  6.13468e-07
 Reference value :  6.13778e-07
 Reference value :  6.14063e-07
 Reference value :  6.14363e-07
 Reference value :  6.14648e-07
 Reference value :  6.14953e-07
 Reference value :  6.15253e-07
 Reference value :  6.15563e-07
 Reference value :  6.15878e-07
 Reference value :  6.16173e-07
 Reference value :  6.16458e-07
 Reference value :  6.16728e-07
 Reference value :  6.16998e-07
 Reference value :  6.17268e-07
 Reference value :  6.17548e-07
 Reference value :  6.17873e-07
 Reference value :  6.18213e-07
 Reference value :  6.18498e-07
 Reference value :  6.18763e-07
 Reference value :  6.19043e-07
 Reference value :  6.19338e-07
 Reference value :  6.19623e-07
 Reference value :  6.19913e-07
 Reference value :  6.20178e-07
 Reference value :  6.20478e-07
 Reference value :  6.20793e-07
 Reference value :  6.21078e-07
 Reference value :  6.21378e-07
 Reference value :  6.21658e-07
 Reference value :  6.21918e-07
 Reference value :  6.22188e-07
 Reference value :  6.22548e-07
 Reference value :  6.22878e-07
 Reference value :  6.23163e-07
 Reference value :  6.23498e-07
 Reference value :  6.23778e-07
 Reference value :  6.24123e-07
 Reference value :  6.24473e-07
 Reference value :  6.24808e-07
 Reference value :  6.25148e-07
 Reference value :  6.25448e-07
 Reference value :  6.25793e-07
 Reference value :  6.26083e-07
 Reference value :  6.26468e-07
 Reference value :  6.26813e-07
 Reference value :  6.27123e-07
 Reference value :  6.27403e-07
 Reference value :  6.27728e-07
 Reference value :  6.28018e-07
 Reference value :  6.28328e-07
 Reference value :  6.28673e-07
 Reference value :  6.28958e-07
 Reference value :  6.29243e-07
 Reference value :  6.29558e-07
 Reference value :  6.29858e-07
 Reference value :  6.30138e-07
 Reference value :  6.30433e-07
 Reference value :  6.30823e-07
 Reference value :  6.31193e-07
 Reference value :  6.31493e-07
 Reference value :  6.31803e-07
 Reference value :  6.32143e-07
 Reference value :  6.32433e-07
 Reference value :  6.32738e-07
 Reference value :  6.33133e-07
 Reference value :  6.33528e-07
 Reference value :  6.33833e-07
 Reference value :  6.34173e-07
 Reference value :  6.34483e-07
 Reference value :  6.34793e-07
 Reference value :  6.35163e-07
 Reference value :  6.35493e-07
 Reference value :  6.35873e-07
 Reference value :  6.36168e-07
 Reference value :  6.36468e-07
 Reference value :  6.36753e-07
 Reference value :  6.37023e-07
 Reference value :  6.37308e-07
 Reference value :  6.37653e-07
 Reference value :  6.38038e-07
 Reference value :  6.38353e-07
 Reference value :  6.38663e-07
 Reference value :  6.38978e-07
 Reference value :  6.39318e-07
 Reference value :  6.39638e-07
 Reference value :  6.39983e-07
 Reference value :  6.40328e-07
 Reference value :  6.40633e-07
 Reference value :  6.40928e-07
 Reference value :  6.41238e-07
 Reference value :  6.41538e-07
 Reference value :  6.41833e-07
 Reference value :  6.42143e-07
 Reference value :  6.42458e-07
 Reference value :  6.42758e-07
 Reference value :  6.43113e-07
 Reference value :  6.43403e-07
 Reference value :  6.43703e-07
 Reference value :  6.44008e-07
 Reference value :  6.44303e-07
 Reference value :  6.44583e-07
 Reference value :  6.44868e-07
 Reference value :  6.45153e-07
 Reference value :  6.45458e-07
 Reference value :  6.45803e-07
 Reference value :  6.46178e-07
 Reference value :  6.46463e-07
 Reference value :  6.46743e-07
 Reference value :  6.47023e-07
 Reference value :  6.47308e-07
 Reference value :  6.47618e-07
 Reference value :  6.47913e-07
 Reference value :  6.48273e-07
 Reference value :  6.48643e-07
 Reference value :  6.48938e-07
 Reference value :  6.49228e-07
 Reference value :  6.49513e-07
 Reference value :  6.49808e-07
 Reference value :  6.50098e-07
 Reference value :  6.50403e-07
 Reference value :  6.50703e-07
 Reference value :  6.51048e-07
 Reference value :  6.51308e-07
 Reference value :  6.51598e-07
 Reference value :  6.51883e-07
 Reference value :  6.52168e-07
 Reference value :  6.52453e-07
 Reference value :  6.52733e-07
 Reference value :  6.53048e-07
 Reference value :  6.53353e-07
 Reference value :  6.53683e-07
 Reference value :  6.53993e-07
 Reference value :  6.54298e-07
 Reference value :  6.54598e-07
 Reference value :  6.54863e-07
 Reference value :  6.55153e-07
 Reference value :  6.55498e-07
 Reference value :  6.55758e-07
 Reference value :  6.55983e-07
 Reference value :  6.56223e-07
 Reference value :  6.56478e-07
 Reference value :  6.56858e-07
 Reference value :  6.57173e-07
 Reference value :  6.57468e-07
 Reference value :  6.57798e-07
 Reference value :  6.58123e-07
 Reference value :  6.58433e-07
 Reference value :  6.58718e-07
 Reference value :  6.59023e-07
 Reference value :  6.59413e-07
 Reference value :  6.59708e-07
 Reference value :  6.59998e-07
 Reference value :  6.60368e-07
 Reference value :  6.60643e-07
 Reference value :  6.60908e-07
 Reference value :  6.61268e-07
 Reference value :  6.61608e-07
 Reference value :  6.61948e-07
 Reference value :  6.62238e-07
 Reference value :  6.62558e-07
 Reference value :  6.62883e-07
 Reference value :  6.63248e-07
 Reference value :  6.63603e-07
 Reference value :  6.63933e-07
 Reference value :  6.64228e-07
 Reference value :  6.64633e-07
 Reference value :  6.64943e-07
 Reference value :  6.65198e-07
 Reference value :  6.65518e-07
 Reference value :  6.65918e-07
 Reference value :  6.66303e-07
 Reference value :  6.66598e-07
 Reference value :  6.66908e-07
 Reference value :  6.67253e-07
 Reference value :  6.67513e-07
 Reference value :  6.67848e-07
 Reference value :  6.68158e-07
 Reference value :  6.68548e-07
 Reference value :  6.68848e-07
 Reference value :  6.69148e-07
 Reference value :  6.69443e-07
 Reference value :  6.69743e-07
 Reference value :  6.69988e-07
 Reference value :  6.70253e-07
 Reference value :  6.70603e-07
 Reference value :  6.70898e-07
 Reference value :  6.71208e-07
 Reference value :  6.71493e-07
 Reference value :  6.71778e-07
 Reference value :  6.72053e-07
 Reference value :  6.72343e-07
 Reference value :  6.72623e-07
 Reference value :  6.72978e-07
 Reference value :  6.73248e-07
 Reference value :  6.73533e-07
 Reference value :  6.73798e-07
 Reference value :  6.74068e-07
 Reference value :  6.74338e-07
 Reference value :  6.74618e-07
 Reference value :  6.74903e-07
 Reference value :  6.75213e-07
 Reference value :  6.75503e-07
 Reference value :  6.75848e-07
 Reference value :  6.76128e-07
 Reference value :  6.76443e-07
 Reference value :  6.76723e-07
 Reference value :  6.77003e-07
 Reference value :  6.77308e-07
 Reference value :  6.77598e-07
 Reference value :  6.77883e-07
 Reference value :  6.78193e-07
 Reference value :  6.78503e-07
 Reference value :  6.78823e-07
 Reference value :  6.79118e-07
 Reference value :  6.79408e-07
 Reference value :  6.79698e-07
 Reference value :  6.79978e-07
 Reference value :  6.80258e-07
 Reference value :  6.80553e-07
 Reference value :  6.80853e-07
 Reference value :  6.81258e-07
 Reference value :  6.81548e-07
 Reference value :  6.81828e-07
 Reference value :  6.82118e-07
 Reference value :  6.82438e-07
 Reference value :  6.82733e-07
 Reference value :  6.83053e-07
 Reference value :  6.83373e-07
 Reference value :  6.83748e-07
 Reference value :  6.84038e-07
 Reference value :  6.84328e-07
 Reference value :  6.84638e-07
 Reference value :  6.84918e-07
 Reference value :  6.85218e-07
 Reference value :  6.85518e-07
 Reference value :  6.85863e-07
 Reference value :  6.86138e-07
 Reference value :  6.86453e-07
 Reference value :  6.86723e-07
 Reference value :  6.87003e-07
 Reference value :  6.87313e-07
 Reference value :  6.87603e-07
 Reference value :  6.87913e-07
 Reference value :  6.88213e-07
 Reference value :  6.88503e-07
 Reference value :  6.88823e-07
 Reference value :  6.89113e-07
 Reference value :  6.89458e-07
 Reference value :  6.89733e-07
 Reference value :  6.90033e-07
 Reference value :  6.90373e-07
 Reference value :  6.90678e-07
 Reference value :  6.90963e-07
 Reference value :  6.91263e-07
 Reference value :  6.91558e-07
 Reference value :  6.91858e-07
 Reference value :  6.92188e-07
 Reference value :  6.92468e-07
 Reference value :  6.92758e-07
 Reference value :  6.93078e-07
 Reference value :  6.93368e-07
 Reference value :  6.93703e-07
 Reference value :  6.94023e-07
 Reference value :  6.94408e-07
 Reference value :  6.94698e-07
 Reference value :  6.95018e-07
 Reference value :  6.95368e-07
 Reference value :  6.95683e-07
 Reference value :  6.96023e-07
 Reference value :  6.96383e-07
 Reference value :  6.96658e-07
 Reference value :  6.96943e-07
 Reference value :  6.97283e-07
 Reference value :  6.97563e-07
 Reference value :  6.97893e-07
 Reference value :  6.98198e-07
 Reference value :  6.98558e-07
 Reference value :  6.98878e-07
 Reference value :  6.99168e-07
 Reference value :  6.99468e-07
 Reference value :  6.99763e-07
 Reference value :  7.00043e-07
 Reference value :  7.00318e-07
 Reference value :  7.00633e-07
 Reference value :  7.00978e-07
 Reference value :  7.01268e-07
 Reference value :  7.01543e-07
 Reference value :  7.01863e-07
 Reference value :  7.02148e-07
 Reference value :  7.02413e-07
 Reference value :  7.02748e-07
 Reference value :  7.03043e-07
 Reference value :  7.03318e-07
 Reference value :  7.03608e-07
 Reference value :  7.03918e-07
 Reference value :  7.04203e-07
 Reference value :  7.04483e-07
 Reference value :  7.04758e-07
 Reference value :  7.05033e-07
 Reference value :  7.05363e-07
 Reference value :  7.05643e-07
 Reference value :  7.05963e-07
 Reference value :  7.06263e-07
 Reference value :  7.06553e-07
 Reference value :  7.06853e-07
 Reference value :  7.07138e-07
 Reference value :  7.07428e-07
 Reference value :  7.07683e-07
 Reference value :  7.07978e-07
 Reference value :  7.08283e-07
 Reference value :  7.08558e-07
 Reference value :  7.08883e-07
 Reference value :  7.09168e-07
 Reference value :  7.09468e-07
 Reference value :  7.09788e-07
 Reference value :  7.10073e-07
 Reference value :  7.10388e-07
 Reference value :  7.10698e-07
 Reference value :  7.11008e-07
 Reference value :  7.11313e-07
 Reference value :  7.11598e-07
 Reference value :  7.11888e-07
 Reference value :  7.12178e-07
 Reference value :  7.12478e-07
 Reference value :  7.12768e-07
 Reference value :  7.13093e-07
 Reference value :  7.13373e-07
 Reference value :  7.13698e-07
 Reference value :  7.13988e-07
 Reference value :  7.14293e-07
 Reference value :  7.14578e-07
 Reference value :  7.14873e-07
 Reference value :  7.15188e-07
 Reference value :  7.15508e-07
 Reference value :  7.15853e-07
 Reference value :  7.16158e-07
 Reference value :  7.16433e-07
 Reference value :  7.16718e-07
 Reference value :  7.17003e-07
 Reference value :  7.17293e-07
 Reference value :  7.17573e-07
 Reference value :  7.17868e-07
 Reference value :  7.18178e-07
 Reference value :  7.18458e-07
 Reference value :  7.18748e-07
 Reference value :  7.19028e-07
 Reference value :  7.19283e-07
 Reference value :  7.19563e-07
 Reference value :  7.19848e-07
 Reference value :  7.20113e-07
 Reference value :  7.20418e-07
 Reference value :  7.20713e-07
 Reference value :  7.20998e-07
 Reference value :  7.21328e-07
 Reference value :  7.21658e-07
 Reference value :  7.21918e-07
 Reference value :  7.22243e-07
 Reference value :  7.22568e-07
 Reference value :  7.22873e-07
 Reference value :  7.23218e-07
 Reference value :  7.23503e-07
 Reference value :  7.23793e-07
 Reference value :  7.24123e-07
 Reference value :  7.24463e-07
 Reference value :  7.24748e-07
 Reference value :  7.25058e-07
 Reference value :  7.25448e-07
 Reference value :  7.25748e-07
 Reference value :  7.26093e-07
 Reference value :  7.26373e-07
 Reference value :  7.26743e-07
 Reference value :  7.27093e-07
 Reference value :  7.27393e-07
 Reference value :  7.27738e-07
 Reference value :  7.28093e-07
 Reference value :  7.28463e-07
 Reference value :  7.28833e-07
 Reference value :  7.29208e-07
 Reference value :  7.29518e-07
 Reference value :  7.29848e-07
 Reference value :  7.30158e-07
 Reference value :  7.30513e-07
 Reference value :  7.30873e-07
 Reference value :  7.31243e-07
 Reference value :  7.31548e-07
 Reference value :  7.31848e-07
 Reference value :  7.32203e-07
 Reference value :  7.32498e-07
 Reference value :  7.32833e-07
 Reference value :  7.33193e-07
 Reference value :  7.33593e-07
 Reference value :  7.33903e-07
 Reference value :  7.34203e-07
 Reference value :  7.34498e-07
 Reference value :  7.34853e-07
 Reference value :  7.35178e-07
 Reference value :  7.35513e-07
 Reference value :  7.35848e-07
 Reference value :  7.36203e-07
 Reference value :  7.36503e-07
 Reference value :  7.36823e-07
 Reference value :  7.37138e-07
 Reference value :  7.37433e-07
 Reference value :  7.37753e-07
 Reference value :  7.38073e-07
 Reference value :  7.38393e-07
 Reference value :  7.38738e-07
 Reference value :  7.39048e-07
 Reference value :  7.39423e-07
 Reference value :  7.39738e-07
 Reference value :  7.40038e-07
 Reference value :  7.40358e-07
 Reference value :  7.40723e-07
 Reference value :  7.41043e-07
 Reference value :  7.41413e-07
 Reference value :  7.41723e-07
 Reference value :  7.42023e-07
 Reference value :  7.42333e-07
 Reference value :  7.42643e-07
 Reference value :  7.42963e-07
 Reference value :  7.43263e-07
 Reference value :  7.43553e-07
 Reference value :  7.43893e-07
 Reference value :  7.44183e-07
 Reference value :  7.44523e-07
 Reference value :  7.44858e-07
 Reference value :  7.45223e-07
 Reference value :  7.45588e-07
 Reference value :  7.45978e-07
 Reference value :  7.46333e-07
 Reference value :  7.46678e-07
 Reference value :  7.47013e-07
 Reference value :  7.47388e-07
 Reference value :  7.47763e-07
 Reference value :  7.48103e-07
 Reference value :  7.48543e-07
 Reference value :  7.48923e-07
 Reference value :  7.49253e-07
 Reference value :  7.49598e-07
 Reference value :  7.49943e-07
 Reference value :  7.50348e-07
 Reference value :  7.50708e-07
 Reference value :  7.51093e-07
 Reference value :  7.51403e-07
 Reference value :  7.51718e-07
 Reference value :  7.52053e-07
 Reference value :  7.52383e-07
 Reference value :  7.52713e-07
 Reference value :  7.53093e-07
 Reference value :  7.53483e-07
 Reference value :  7.53818e-07
 Reference value :  7.54188e-07
 Reference value :  7.54533e-07
 Reference value :  7.54958e-07
 Reference value :  7.55293e-07
 Reference value :  7.55683e-07
 Reference value :  7.56053e-07
 Reference value :  7.56423e-07
 Reference value :  7.56808e-07
 Reference value :  7.57168e-07
 Reference value :  7.57523e-07
 Reference value :  7.57948e-07
 Reference value :  7.58323e-07
 Reference value :  7.58663e-07
 Reference value :  7.59033e-07
 Reference value :  7.59438e-07
 Reference value :  7.59808e-07
 Reference value :  7.60168e-07
 Reference value :  7.60598e-07
 Reference value :  7.61063e-07
 Reference value :  7.61453e-07
 Reference value :  7.61808e-07
 Reference value :  7.62148e-07
 Reference value :  7.62523e-07
 Reference value :  7.62873e-07
 Reference value :  7.63253e-07
 Reference value :  7.63683e-07
 Reference value :  7.64078e-07
 Reference value :  7.64423e-07
 Reference value :  7.64813e-07
 Reference value :  7.65148e-07
 Reference value :  7.65533e-07
 Reference value :  7.66013e-07
 Reference value :  7.66383e-07
 Reference value :  7.66733e-07
 Reference value :  7.67078e-07
 Reference value :  7.67468e-07
 Reference value :  7.67803e-07
 Reference value :  7.68193e-07
 Reference value :  7.68558e-07
 Reference value :  7.68953e-07
 Reference value :  7.69268e-07
 Reference value :  7.69598e-07
 Reference value :  7.69988e-07
 Reference value :  7.70313e-07
 Reference value :  7.70653e-07
 Reference value :  7.70973e-07
 Reference value :  7.71353e-07
 Reference value :  7.71678e-07
 Reference value :  7.71993e-07
 Reference value :  7.72353e-07
 Reference value :  7.72668e-07
 Reference value :  7.73003e-07
 Reference value :  7.73323e-07
 Reference value :  7.73683e-07
 Reference value :  7.74108e-07
 Reference value :  7.74443e-07
 Reference value :  7.74763e-07
 Reference value :  7.75083e-07
 Reference value :  7.75398e-07
 Reference value :  7.75703e-07
 Reference value :  7.76018e-07
 Reference value :  7.76358e-07
 Reference value :  7.76708e-07
 Reference value :  7.77013e-07
 Reference value :  7.77333e-07
 Reference value :  7.77628e-07
 Reference value :  7.77973e-07
 Reference value :  7.78323e-07
 Reference value :  7.78653e-07
 Reference value :  7.79023e-07
 Reference value :  7.79368e-07
 Reference value :  7.79698e-07
 Reference value :  7.80053e-07
 Reference value :  7.80403e-07
 Reference value :  7.80763e-07
 Reference value :  7.81123e-07
 Reference value :  7.81463e-07
 Reference value :  7.81793e-07
 Reference value :  7.82173e-07
 Reference value :  7.82503e-07
 Reference value :  7.82848e-07
 Reference value :  7.83203e-07
 Reference value :  7.83613e-07
 Reference value :  7.83958e-07
 Reference value :  7.84293e-07
 Reference value :  7.84648e-07
 Reference value :  7.85058e-07
 Reference value :  7.85413e-07
 Reference value :  7.85763e-07
 Reference value :  7.86113e-07
 Reference value :  7.86458e-07
 Reference value :  7.86798e-07
 Reference value :  7.87168e-07
 Reference value :  7.87503e-07
 Reference value :  7.87848e-07
 Reference value :  7.88188e-07
 Reference value :  7.88543e-07
 Reference value :  7.88918e-07
 Reference value :  7.89293e-07
 Reference value :  7.89628e-07
 Reference value :  7.90013e-07
 Reference value :  7.90363e-07
 Reference value :  7.90803e-07
 Reference value :  7.91163e-07
 Reference value :  7.91558e-07
 Reference value :  7.91908e-07
 Reference value :  7.92263e-07
 Reference value :  7.92603e-07
 Reference value :  7.92918e-07
 Reference value :  7.93268e-07
 Reference value :  7.93718e-07
 Reference value :  7.94083e-07
 Reference value :  7.94413e-07
 Reference value :  7.94748e-07
 Reference value :  7.95088e-07
 Reference value :  7.95428e-07
 Reference value :  7.95778e-07
 Reference value :  7.96158e-07
 Reference value :  7.96528e-07
 Reference value :  7.96903e-07
 Reference value :  7.97223e-07
 Reference value :  7.97498e-07
 Reference value :  7.97843e-07
 Reference value :  7.98188e-07
 Reference value :  7.98553e-07
 Reference value :  7.98878e-07
 Reference value :  7.99233e-07
 Reference value :  7.99558e-07
 Reference value :  7.99918e-07
No. of Data Rows : 160090
pt1a                =  1.44739e-08
pt1b                =  7.62655e-08
pt2a                =  1.40508e-08
pt2b                =  7.25855e-08
pt3a                =  1.37190e-08
pt3b                =  6.94262e-08
pt4a                =  1.33062e-08
pt4b                =  6.67337e-08
pvxo_max            =  2.01786e+00 at=  3.39527e-07
pvxo_min            =  -2.22171e-02 at=  7.49703e-07
ptxo_a              =  1.21551e-08
ptxo_b              =  1.29244e-07
pvxo_avg            =  9.50844e-01 from=  1.00000e-07 to=  8.00000e-07
p_vrst_bit          =  9.48335e-05 at=  1.29268e-07
p_vrst_valid        =  8.35852e-05 at=  2.49998e-07
p_vrst_r1           =  8.37027e-05 at=  1.54563e-07
p_vrst_r2           =  8.61139e-05 at=  1.07383e-07
p_vrst_r3           =  8.86414e-05 at=  1.46888e-07
p_vrst_r4           =  9.51522e-05 at=  8.24425e-08
p_bit_400n          =  1.98000e+00
p_bit_500n          =  8.27742e-05
p_bit_600n          =  1.98000e+00
p_bit_700n          =  9.15526e-05
p_bit_800n          =  1.98002e+00
p_valid_400n        =  1.98000e+00
p_r1_400n           =  1.98000e+00
p_r2_400n           =  1.98000e+00
p_r3_400n           =  8.86410e-05
p_r4_400n           =  1.98000e+00
pi1_rst             =  -1.37480e-05 from=  5.00000e-08 to=  2.50003e-07
pi2_rst             =  -1.44272e-05 from=  5.00000e-08 to=  2.50003e-07
pi3_rst             =  -1.50755e-05 from=  5.00000e-08 to=  2.50003e-07
pi4_rst             =  -1.56750e-05 from=  5.00000e-08 to=  2.50003e-07
pib_rst             =  -1.60401e-04 from=  5.00000e-08 to=  2.50003e-07
pi1_act             =  -1.37513e-05 from=  4.00000e-07 to=  8.00000e-07
pi2_act             =  -1.44171e-05 from=  4.00000e-07 to=  8.00000e-07
pi3_act             =  -1.50672e-05 from=  4.00000e-07 to=  8.00000e-07
pi4_act             =  -1.56805e-05 from=  4.00000e-07 to=  8.00000e-07
pib_act             =  -1.74617e-04 from=  4.00000e-07 to=  8.00000e-07
t1a                 =  1.21834e-08
t1b                 =  3.91249e-08
t2a                 =  1.17200e-08
t2b                 =  3.66952e-08
t3a                 =  1.12913e-08
t3b                 =  3.45238e-08
t4a                 =  1.09160e-08
t4b                 =  3.25318e-08
vxo_max             =  2.11482e+00 at=  3.24042e-07
vxo_min             =  -1.14960e-01 at=  3.26342e-07
txo_a               =  4.10534e-11
txo_b               =  4.92364e-08
vxo_avg             =  9.41535e-01 from=  1.00000e-07 to=  8.00000e-07
vrst_bit            =  3.00940e-04 at=  2.48393e-07
vrst_valid          =  8.81173e-05 at=  2.49998e-07
vrst_r1             =  1.00332e-04 at=  1.11743e-07
vrst_r2             =  1.01587e-04 at=  2.08938e-07
vrst_r3             =  1.00075e-04 at=  7.15575e-08
vrst_r4             =  1.01805e-04 at=  1.90243e-07
bit_400n            =  8.81233e-05
bit_500n            =  4.36148e-05
bit_600n            =  1.98001e+00
bit_700n            =  1.98014e+00
bit_800n            =  9.21422e-05
valid_400n          =  1.98000e+00
r1_400n             =  1.98000e+00
r2_400n             =  1.98000e+00
r3_400n             =  8.85470e-05
r4_400n             =  8.78531e-05
i1_rst              =  -1.64088e-05 from=  5.00000e-08 to=  2.50003e-07
i2_rst              =  -1.73232e-05 from=  5.00000e-08 to=  2.50003e-07
i3_rst              =  -1.82218e-05 from=  5.00000e-08 to=  2.50003e-07
i4_rst              =  -1.91276e-05 from=  5.00000e-08 to=  2.50003e-07
ib_rst              =  -1.38280e-04 from=  5.00000e-08 to=  2.50003e-07
i1_act              =  -1.63915e-05 from=  4.00000e-07 to=  8.00000e-07
i2_act              =  -1.73012e-05 from=  4.00000e-07 to=  8.00000e-07
i3_act              =  -1.82005e-05 from=  4.00000e-07 to=  8.00000e-07
i4_act              =  -1.90995e-05 from=  4.00000e-07 to=  8.00000e-07
ib_act              =  -1.50948e-04 from=  4.00000e-07 to=  8.00000e-07
p_tr1 = 6.179162e-09
p_tr2 = 5.853470e-09
p_tr3 = 5.570723e-09
p_tr4 = 5.342749e-09
p_f_ideal = 6.993526e+08
p_f_xo = 4.099438e+08
p_edge_retention = 5.861762e-01
p_bias_xo = 4.802241e-01
p_swing_frac_xo = 1.030340e+00
p_vrst_bit = 9.483351e-05
p_vrst_valid = 8.358521e-05
p_vrst_r1 = 8.370271e-05
p_vrst_r2 = 8.611392e-05
p_vrst_r3 = 8.864144e-05
p_vrst_r4 = 9.515221e-05
p_bit_400n = 1.980000e+00
p_bit_500n = 8.277418e-05
p_bit_600n = 1.979998e+00
p_bit_700n = 9.155264e-05
p_bit_800n = 1.980016e+00
p_valid_400n = 1.980000e+00
p_r1_400n = 1.980000e+00
p_r2_400n = 1.980001e+00
p_r3_400n = 8.864098e-05
p_r4_400n = 1.980000e+00
p_i_rings_rst = 5.892562e-05
p_i_block_rst = 1.604010e-04
p_i_total_rst = 2.193266e-04
p_i_rings_act = 5.891613e-05
p_i_block_act = 1.746166e-04
p_i_total_act = 2.335327e-04
tr1 = 2.694157e-09
tr2 = 2.497523e-09
tr3 = 2.323248e-09
tr4 = 2.161587e-09
f_ideal = 1.664625e+09
f_xo = 9.757022e+08
edge_retention = 5.861393e-01
bias_xo = 4.755226e-01
swing_frac_xo = 1.126150e+00
vrst_bit = 3.009396e-04
vrst_valid = 8.811732e-05
vrst_r1 = 1.003319e-04
vrst_r2 = 1.015871e-04
vrst_r3 = 1.000746e-04
vrst_r4 = 1.018051e-04
bit_400n = 8.812326e-05
bit_500n = 4.361476e-05
bit_600n = 1.980008e+00
bit_700n = 1.980143e+00
bit_800n = 9.214224e-05
valid_400n = 1.980000e+00
r1_400n = 1.980001e+00
r2_400n = 1.980000e+00
r3_400n = 8.854704e-05
r4_400n = 8.785312e-05
i_rings_rst = 7.108139e-05
i_block_rst = 1.382800e-04
i_total_rst = 2.093614e-04
i_rings_act = 7.099274e-05
i_block_act = 1.509476e-04
i_total_act = 2.219403e-04
slowdown_r1 = 2.293542e+00
slowdown_r2 = 2.343710e+00
slowdown_r3 = 2.397817e+00
slowdown_r4 = 2.471679e+00
i_total_act_ratio = 1.052232e+00
i_total_rst_ratio = 1.047598e+00
Note: Simulation executed from .control section 

----- stderr -----

