OpenROAD 26Q3-1510-g6cb3f2b704 
Features included (+) or not (-): +GPU +GUI +Python
This program is licensed under the BSD-3 license. See the LICENSE file for details.
Components of this program may be licensed under more restrictive licenses which must be honored.
===KLT_SPEF_NET_CHECK_BEGIN===
2634 8629
2634 2634
===KLT_SPEF_NET_CHECK_END===
[WARNING STA-1650] /home/ubuntu/GitHub/sky130-trng/.loom/worktrees/issue-236/sim/digital-electrical-repair/requests/.klt/place-and-route/trng_digital_route.spef line 131, net $10000 not found.
[WARNING STA-1650] /home/ubuntu/GitHub/sky130-trng/.loom/worktrees/issue-236/sim/digital-electrical-repair/requests/.klt/place-and-route/trng_digital_route.spef line 141, net $10001 not found.
[WARNING STA-1650] /home/ubuntu/GitHub/sky130-trng/.loom/worktrees/issue-236/sim/digital-electrical-repair/requests/.klt/place-and-route/trng_digital_route.spef line 158, net $10002 not found.
[WARNING STA-1650] /home/ubuntu/GitHub/sky130-trng/.loom/worktrees/issue-236/sim/digital-electrical-repair/requests/.klt/place-and-route/trng_digital_route.spef line 172, net $10003 not found.
[WARNING STA-1650] /home/ubuntu/GitHub/sky130-trng/.loom/worktrees/issue-236/sim/digital-electrical-repair/requests/.klt/place-and-route/trng_digital_route.spef line 188, net $10004 not found.
[WARNING STA-1650] /home/ubuntu/GitHub/sky130-trng/.loom/worktrees/issue-236/sim/digital-electrical-repair/requests/.klt/place-and-route/trng_digital_route.spef line 198, net $10005 not found.
[WARNING STA-1650] /home/ubuntu/GitHub/sky130-trng/.loom/worktrees/issue-236/sim/digital-electrical-repair/requests/.klt/place-and-route/trng_digital_route.spef line 226, net $10006 not found.
[WARNING STA-1650] /home/ubuntu/GitHub/sky130-trng/.loom/worktrees/issue-236/sim/digital-electrical-repair/requests/.klt/place-and-route/trng_digital_route.spef line 252, net $10007 not found.
[WARNING STA-1650] /home/ubuntu/GitHub/sky130-trng/.loom/worktrees/issue-236/sim/digital-electrical-repair/requests/.klt/place-and-route/trng_digital_route.spef line 264, net $10008 not found.
[WARNING STA-1650] /home/ubuntu/GitHub/sky130-trng/.loom/worktrees/issue-236/sim/digital-electrical-repair/requests/.klt/place-and-route/trng_digital_route.spef line 278, net $10009 not found.
[WARNING STA-1650] /home/ubuntu/GitHub/sky130-trng/.loom/worktrees/issue-236/sim/digital-electrical-repair/requests/.klt/place-and-route/trng_digital_route.spef line 287, net $10010 not found.
[WARNING STA-1650] /home/ubuntu/GitHub/sky130-trng/.loom/worktrees/issue-236/sim/digital-electrical-repair/requests/.klt/place-and-route/trng_digital_route.spef line 303, net $10012 not found.
[WARNING STA-1650] /home/ubuntu/GitHub/sky130-trng/.loom/worktrees/issue-236/sim/digital-electrical-repair/requests/.klt/place-and-route/trng_digital_route.spef line 318, net $10013 not found.
[WARNING STA-1650] /home/ubuntu/GitHub/sky130-trng/.loom/worktrees/issue-236/sim/digital-electrical-repair/requests/.klt/place-and-route/trng_digital_route.spef line 335, net $10014 not found.
[WARNING STA-1650] /home/ubuntu/GitHub/sky130-trng/.loom/worktrees/issue-236/sim/digital-electrical-repair/requests/.klt/place-and-route/trng_digital_route.spef line 343, net $10017 not found.
[WARNING STA-1650] /home/ubuntu/GitHub/sky130-trng/.loom/worktrees/issue-236/sim/digital-electrical-repair/requests/.klt/place-and-route/trng_digital_route.spef line 357, net $10018 not found.
[WARNING STA-1650] /home/ubuntu/GitHub/sky130-trng/.loom/worktrees/issue-236/sim/digital-electrical-repair/requests/.klt/place-and-route/trng_digital_route.spef line 372, net $10019 not found.
[WARNING STA-1650] /home/ubuntu/GitHub/sky130-trng/.loom/worktrees/issue-236/sim/digital-electrical-repair/requests/.klt/place-and-route/trng_digital_route.spef line 382, net $10021 not found.
[WARNING STA-1650] /home/ubuntu/GitHub/sky130-trng/.loom/worktrees/issue-236/sim/digital-electrical-repair/requests/.klt/place-and-route/trng_digital_route.spef line 406, net $10022 not found.
[WARNING STA-1650] /home/ubuntu/GitHub/sky130-trng/.loom/worktrees/issue-236/sim/digital-electrical-repair/requests/.klt/place-and-route/trng_digital_route.spef line 428, net $10024 not found.
[WARNING STA-1650] /home/ubuntu/GitHub/sky130-trng/.loom/worktrees/issue-236/sim/digital-electrical-repair/requests/.klt/place-and-route/trng_digital_route.spef line 438, net $10025 not found.
[WARNING STA-1650] /home/ubuntu/GitHub/sky130-trng/.loom/worktrees/issue-236/sim/digital-electrical-repair/requests/.klt/place-and-route/trng_digital_route.spef line 450, net $10026 not found.
[WARNING STA-1650] /home/ubuntu/GitHub/sky130-trng/.loom/worktrees/issue-236/sim/digital-electrical-repair/requests/.klt/place-and-route/trng_digital_route.spef line 459, net $10027 not found.
[WARNING STA-1650] /home/ubuntu/GitHub/sky130-trng/.loom/worktrees/issue-236/sim/digital-electrical-repair/requests/.klt/place-and-route/trng_digital_route.spef line 473, net $10028 not found.
[WARNING STA-1650] /home/ubuntu/GitHub/sky130-trng/.loom/worktrees/issue-236/sim/digital-electrical-repair/requests/.klt/place-and-route/trng_digital_route.spef line 487, net $10029 not found.
[WARNING STA-1650] /home/ubuntu/GitHub/sky130-trng/.loom/worktrees/issue-236/sim/digital-electrical-repair/requests/.klt/place-and-route/trng_digital_route.spef line 502, net $10034 not found.
[WARNING STA-1650] /home/ubuntu/GitHub/sky130-trng/.loom/worktrees/issue-236/sim/digital-electrical-repair/requests/.klt/place-and-route/trng_digital_route.spef line 512, net $10035 not found.
[WARNING STA-1650] /home/ubuntu/GitHub/sky130-trng/.loom/worktrees/issue-236/sim/digital-electrical-repair/requests/.klt/place-and-route/trng_digital_route.spef line 527, net $10036 not found.
[WARNING STA-1650] /home/ubuntu/GitHub/sky130-trng/.loom/worktrees/issue-236/sim/digital-electrical-repair/requests/.klt/place-and-route/trng_digital_route.spef line 537, net $10037 not found.
[WARNING STA-1650] /home/ubuntu/GitHub/sky130-trng/.loom/worktrees/issue-236/sim/digital-electrical-repair/requests/.klt/place-and-route/trng_digital_route.spef line 549, net $10045 not found.
[WARNING STA-1650] /home/ubuntu/GitHub/sky130-trng/.loom/worktrees/issue-236/sim/digital-electrical-repair/requests/.klt/place-and-route/trng_digital_route.spef line 562, net $10047 not found.
[WARNING STA-1650] /home/ubuntu/GitHub/sky130-trng/.loom/worktrees/issue-236/sim/digital-electrical-repair/requests/.klt/place-and-route/trng_digital_route.spef line 573, net $10049 not found.
[WARNING STA-1650] /home/ubuntu/GitHub/sky130-trng/.loom/worktrees/issue-236/sim/digital-electrical-repair/requests/.klt/place-and-route/trng_digital_route.spef line 584, net $1005 not found.
[WARNING STA-1650] /home/ubuntu/GitHub/sky130-trng/.loom/worktrees/issue-236/sim/digital-electrical-repair/requests/.klt/place-and-route/trng_digital_route.spef line 595, net $10051 not found.
[WARNING STA-1650] /home/ubuntu/GitHub/sky130-trng/.loom/worktrees/issue-236/sim/digital-electrical-repair/requests/.klt/place-and-route/trng_digital_route.spef line 607, net $10053 not found.
[WARNING STA-1650] /home/ubuntu/GitHub/sky130-trng/.loom/worktrees/issue-236/sim/digital-electrical-repair/requests/.klt/place-and-route/trng_digital_route.spef line 620, net $10055 not found.
[WARNING STA-1650] /home/ubuntu/GitHub/sky130-trng/.loom/worktrees/issue-236/sim/digital-electrical-repair/requests/.klt/place-and-route/trng_digital_route.spef line 634, net $10058 not found.
[WARNING STA-1650] /home/ubuntu/GitHub/sky130-trng/.loom/worktrees/issue-236/sim/digital-electrical-repair/requests/.klt/place-and-route/trng_digital_route.spef line 646, net $1006 not found.
[WARNING STA-1650] /home/ubuntu/GitHub/sky130-trng/.loom/worktrees/issue-236/sim/digital-electrical-repair/requests/.klt/place-and-route/trng_digital_route.spef line 655, net $10060 not found.
[WARNING STA-1650] /home/ubuntu/GitHub/sky130-trng/.loom/worktrees/issue-236/sim/digital-electrical-repair/requests/.klt/place-and-route/trng_digital_route.spef line 669, net $10079 not found.
[WARNING STA-1650] /home/ubuntu/GitHub/sky130-trng/.loom/worktrees/issue-236/sim/digital-electrical-repair/requests/.klt/place-and-route/trng_digital_route.spef line 678, net $1008 not found.
[WARNING STA-1650] /home/ubuntu/GitHub/sky130-trng/.loom/worktrees/issue-236/sim/digital-electrical-repair/requests/.klt/place-and-route/trng_digital_route.spef line 688, net $10080 not found.
[WARNING STA-1650] /home/ubuntu/GitHub/sky130-trng/.loom/worktrees/issue-236/sim/digital-electrical-repair/requests/.klt/place-and-route/trng_digital_route.spef line 697, net $10081 not found.
[WARNING STA-1650] /home/ubuntu/GitHub/sky130-trng/.loom/worktrees/issue-236/sim/digital-electrical-repair/requests/.klt/place-and-route/trng_digital_route.spef line 705, net $10082 not found.
[WARNING STA-1650] /home/ubuntu/GitHub/sky130-trng/.loom/worktrees/issue-236/sim/digital-electrical-repair/requests/.klt/place-and-route/trng_digital_route.spef line 713, net $10083 not found.
[WARNING STA-1650] /home/ubuntu/GitHub/sky130-trng/.loom/worktrees/issue-236/sim/digital-electrical-repair/requests/.klt/place-and-route/trng_digital_route.spef line 722, net $10084 not found.
[WARNING STA-1650] /home/ubuntu/GitHub/sky130-trng/.loom/worktrees/issue-236/sim/digital-electrical-repair/requests/.klt/place-and-route/trng_digital_route.spef line 731, net $10085 not found.
[WARNING STA-1650] /home/ubuntu/GitHub/sky130-trng/.loom/worktrees/issue-236/sim/digital-electrical-repair/requests/.klt/place-and-route/trng_digital_route.spef line 741, net $10086 not found.
[WARNING STA-1650] /home/ubuntu/GitHub/sky130-trng/.loom/worktrees/issue-236/sim/digital-electrical-repair/requests/.klt/place-and-route/trng_digital_route.spef line 751, net $10088 not found.
[WARNING STA-1650] /home/ubuntu/GitHub/sky130-trng/.loom/worktrees/issue-236/sim/digital-electrical-repair/requests/.klt/place-and-route/trng_digital_route.spef line 761, net $10089 not found.
[WARNING STA-1650] /home/ubuntu/GitHub/sky130-trng/.loom/worktrees/issue-236/sim/digital-electrical-repair/requests/.klt/place-and-route/trng_digital_route.spef line 770, net $1009 not found.
[WARNING STA-1650] /home/ubuntu/GitHub/sky130-trng/.loom/worktrees/issue-236/sim/digital-electrical-repair/requests/.klt/place-and-route/trng_digital_route.spef line 780, net $10090 not found.
[WARNING STA-1650] /home/ubuntu/GitHub/sky130-trng/.loom/worktrees/issue-236/sim/digital-electrical-repair/requests/.klt/place-and-route/trng_digital_route.spef line 790, net $10091 not found.
[WARNING STA-1650] /home/ubuntu/GitHub/sky130-trng/.loom/worktrees/issue-236/sim/digital-electrical-repair/requests/.klt/place-and-route/trng_digital_route.spef line 800, net $10092 not found.
[WARNING STA-1650] /home/ubuntu/GitHub/sky130-trng/.loom/worktrees/issue-236/sim/digital-electrical-repair/requests/.klt/place-and-route/trng_digital_route.spef line 810, net $10093 not found.
[WARNING STA-1650] /home/ubuntu/GitHub/sky130-trng/.loom/worktrees/issue-236/sim/digital-electrical-repair/requests/.klt/place-and-route/trng_digital_route.spef line 820, net $10094 not found.
[WARNING STA-1650] /home/ubuntu/GitHub/sky130-trng/.loom/worktrees/issue-236/sim/digital-electrical-repair/requests/.klt/place-and-route/trng_digital_route.spef line 830, net $10095 not found.
[WARNING STA-1650] /home/ubuntu/GitHub/sky130-trng/.loom/worktrees/issue-236/sim/digital-electrical-repair/requests/.klt/place-and-route/trng_digital_route.spef line 840, net $10096 not found.
[WARNING STA-1650] /home/ubuntu/GitHub/sky130-trng/.loom/worktrees/issue-236/sim/digital-electrical-repair/requests/.klt/place-and-route/trng_digital_route.spef line 852, net $10097 not found.
[WARNING STA-1650] /home/ubuntu/GitHub/sky130-trng/.loom/worktrees/issue-236/sim/digital-electrical-repair/requests/.klt/place-and-route/trng_digital_route.spef line 863, net $10125 not found.
[WARNING STA-1650] /home/ubuntu/GitHub/sky130-trng/.loom/worktrees/issue-236/sim/digital-electrical-repair/requests/.klt/place-and-route/trng_digital_route.spef line 872, net $10127 not found.
[WARNING STA-1650] /home/ubuntu/GitHub/sky130-trng/.loom/worktrees/issue-236/sim/digital-electrical-repair/requests/.klt/place-and-route/trng_digital_route.spef line 882, net $10129 not found.
[WARNING STA-1650] /home/ubuntu/GitHub/sky130-trng/.loom/worktrees/issue-236/sim/digital-electrical-repair/requests/.klt/place-and-route/trng_digital_route.spef line 895, net $10130 not found.
[WARNING STA-1650] /home/ubuntu/GitHub/sky130-trng/.loom/worktrees/issue-236/sim/digital-electrical-repair/requests/.klt/place-and-route/trng_digital_route.spef line 905, net $10131 not found.
[WARNING STA-1650] /home/ubuntu/GitHub/sky130-trng/.loom/worktrees/issue-236/sim/digital-electrical-repair/requests/.klt/place-and-route/trng_digital_route.spef line 914, net $10132 not found.
[WARNING STA-1650] /home/ubuntu/GitHub/sky130-trng/.loom/worktrees/issue-236/sim/digital-electrical-repair/requests/.klt/place-and-route/trng_digital_route.spef line 927, net $10133 not found.
[WARNING STA-1650] /home/ubuntu/GitHub/sky130-trng/.loom/worktrees/issue-236/sim/digital-electrical-repair/requests/.klt/place-and-route/trng_digital_route.spef line 937, net $10135 not found.
[WARNING STA-1650] /home/ubuntu/GitHub/sky130-trng/.loom/worktrees/issue-236/sim/digital-electrical-repair/requests/.klt/place-and-route/trng_digital_route.spef line 947, net $10136 not found.
[WARNING STA-1650] /home/ubuntu/GitHub/sky130-trng/.loom/worktrees/issue-236/sim/digital-electrical-repair/requests/.klt/place-and-route/trng_digital_route.spef line 958, net $10137 not found.
[WARNING STA-1650] /home/ubuntu/GitHub/sky130-trng/.loom/worktrees/issue-236/sim/digital-electrical-repair/requests/.klt/place-and-route/trng_digital_route.spef line 974, net $10138 not found.
[WARNING STA-1650] /home/ubuntu/GitHub/sky130-trng/.loom/worktrees/issue-236/sim/digital-electrical-repair/requests/.klt/place-and-route/trng_digital_route.spef line 999, net $10139 not found.
[WARNING STA-1650] /home/ubuntu/GitHub/sky130-trng/.loom/worktrees/issue-236/sim/digital-electrical-repair/requests/.klt/place-and-route/trng_digital_route.spef line 1021, net $10140 not found.
[WARNING STA-1650] /home/ubuntu/GitHub/sky130-trng/.loom/worktrees/issue-236/sim/digital-electrical-repair/requests/.klt/place-and-route/trng_digital_route.spef line 1032, net $10141 not found.
[WARNING STA-1650] /home/ubuntu/GitHub/sky130-trng/.loom/worktrees/issue-236/sim/digital-electrical-repair/requests/.klt/place-and-route/trng_digital_route.spef line 1045, net $10142 not found.
[WARNING STA-1650] /home/ubuntu/GitHub/sky130-trng/.loom/worktrees/issue-236/sim/digital-electrical-repair/requests/.klt/place-and-route/trng_digital_route.spef line 1059, net $10143 not found.
[WARNING STA-1650] /home/ubuntu/GitHub/sky130-trng/.loom/worktrees/issue-236/sim/digital-electrical-repair/requests/.klt/place-and-route/trng_digital_route.spef line 1074, net $10144 not found.
[WARNING STA-1650] /home/ubuntu/GitHub/sky130-trng/.loom/worktrees/issue-236/sim/digital-electrical-repair/requests/.klt/place-and-route/trng_digital_route.spef line 1082, net $10145 not found.
[WARNING STA-1650] /home/ubuntu/GitHub/sky130-trng/.loom/worktrees/issue-236/sim/digital-electrical-repair/requests/.klt/place-and-route/trng_digital_route.spef line 1091, net $10146 not found.
[WARNING STA-1650] /home/ubuntu/GitHub/sky130-trng/.loom/worktrees/issue-236/sim/digital-electrical-repair/requests/.klt/place-and-route/trng_digital_route.spef line 1105, net $10148 not found.
[WARNING STA-1650] /home/ubuntu/GitHub/sky130-trng/.loom/worktrees/issue-236/sim/digital-electrical-repair/requests/.klt/place-and-route/trng_digital_route.spef line 1130, net $10149 not found.
[WARNING STA-1650] /home/ubuntu/GitHub/sky130-trng/.loom/worktrees/issue-236/sim/digital-electrical-repair/requests/.klt/place-and-route/trng_digital_route.spef line 1153, net $10150 not found.
[WARNING STA-1650] /home/ubuntu/GitHub/sky130-trng/.loom/worktrees/issue-236/sim/digital-electrical-repair/requests/.klt/place-and-route/trng_digital_route.spef line 1166, net $10151 not found.
[WARNING STA-1650] /home/ubuntu/GitHub/sky130-trng/.loom/worktrees/issue-236/sim/digital-electrical-repair/requests/.klt/place-and-route/trng_digital_route.spef line 1180, net $10152 not found.
[WARNING STA-1650] /home/ubuntu/GitHub/sky130-trng/.loom/worktrees/issue-236/sim/digital-electrical-repair/requests/.klt/place-and-route/trng_digital_route.spef line 1196, net $10153 not found.
[WARNING STA-1650] /home/ubuntu/GitHub/sky130-trng/.loom/worktrees/issue-236/sim/digital-electrical-repair/requests/.klt/place-and-route/trng_digital_route.spef line 1214, net $10154 not found.
[WARNING STA-1650] /home/ubuntu/GitHub/sky130-trng/.loom/worktrees/issue-236/sim/digital-electrical-repair/requests/.klt/place-and-route/trng_digital_route.spef line 1255, net $10155 not found.
[WARNING STA-1650] /home/ubuntu/GitHub/sky130-trng/.loom/worktrees/issue-236/sim/digital-electrical-repair/requests/.klt/place-and-route/trng_digital_route.spef line 1265, net $10156 not found.
[WARNING STA-1650] /home/ubuntu/GitHub/sky130-trng/.loom/worktrees/issue-236/sim/digital-electrical-repair/requests/.klt/place-and-route/trng_digital_route.spef line 1274, net $10157 not found.
[WARNING STA-1650] /home/ubuntu/GitHub/sky130-trng/.loom/worktrees/issue-236/sim/digital-electrical-repair/requests/.klt/place-and-route/trng_digital_route.spef line 1287, net $10158 not found.
[WARNING STA-1650] /home/ubuntu/GitHub/sky130-trng/.loom/worktrees/issue-236/sim/digital-electrical-repair/requests/.klt/place-and-route/trng_digital_route.spef line 1296, net $10161 not found.
[WARNING STA-1650] /home/ubuntu/GitHub/sky130-trng/.loom/worktrees/issue-236/sim/digital-electrical-repair/requests/.klt/place-and-route/trng_digital_route.spef line 1306, net $10162 not found.
[WARNING STA-1650] /home/ubuntu/GitHub/sky130-trng/.loom/worktrees/issue-236/sim/digital-electrical-repair/requests/.klt/place-and-route/trng_digital_route.spef line 1319, net $10164 not found.
[WARNING STA-1650] /home/ubuntu/GitHub/sky130-trng/.loom/worktrees/issue-236/sim/digital-electrical-repair/requests/.klt/place-and-route/trng_digital_route.spef line 1333, net $10165 not found.
[WARNING STA-1650] /home/ubuntu/GitHub/sky130-trng/.loom/worktrees/issue-236/sim/digital-electrical-repair/requests/.klt/place-and-route/trng_digital_route.spef line 1343, net $10167 not found.
[WARNING STA-1650] /home/ubuntu/GitHub/sky130-trng/.loom/worktrees/issue-236/sim/digital-electrical-repair/requests/.klt/place-and-route/trng_digital_route.spef line 1353, net $10168 not found.
[WARNING STA-1650] /home/ubuntu/GitHub/sky130-trng/.loom/worktrees/issue-236/sim/digital-electrical-repair/requests/.klt/place-and-route/trng_digital_route.spef line 1367, net $10169 not found.
[WARNING STA-1650] /home/ubuntu/GitHub/sky130-trng/.loom/worktrees/issue-236/sim/digital-electrical-repair/requests/.klt/place-and-route/trng_digital_route.spef line 1377, net $10170 not found.
[WARNING STA-1650] /home/ubuntu/GitHub/sky130-trng/.loom/worktrees/issue-236/sim/digital-electrical-repair/requests/.klt/place-and-route/trng_digital_route.spef line 1386, net $10171 not found.
[WARNING STA-1650] /home/ubuntu/GitHub/sky130-trng/.loom/worktrees/issue-236/sim/digital-electrical-repair/requests/.klt/place-and-route/trng_digital_route.spef line 1398, net $10172 not found.
[WARNING STA-1650] /home/ubuntu/GitHub/sky130-trng/.loom/worktrees/issue-236/sim/digital-electrical-repair/requests/.klt/place-and-route/trng_digital_route.spef line 1416, net $10173 not found.
[WARNING STA-1650] /home/ubuntu/GitHub/sky130-trng/.loom/worktrees/issue-236/sim/digital-electrical-repair/requests/.klt/place-and-route/trng_digital_route.spef line 1425, net $10174 not found.
[WARNING STA-1650] /home/ubuntu/GitHub/sky130-trng/.loom/worktrees/issue-236/sim/digital-electrical-repair/requests/.klt/place-and-route/trng_digital_route.spef line 1433, net $10175 not found.
[WARNING STA-1650] /home/ubuntu/GitHub/sky130-trng/.loom/worktrees/issue-236/sim/digital-electrical-repair/requests/.klt/place-and-route/trng_digital_route.spef line 1445, net $10176 not found.
[WARNING STA-1650] /home/ubuntu/GitHub/sky130-trng/.loom/worktrees/issue-236/sim/digital-electrical-repair/requests/.klt/place-and-route/trng_digital_route.spef line 1467, net $10177 not found.
[WARNING STA-1650] /home/ubuntu/GitHub/sky130-trng/.loom/worktrees/issue-236/sim/digital-electrical-repair/requests/.klt/place-and-route/trng_digital_route.spef line 1487, net $10178 not found.
[WARNING STA-1650] /home/ubuntu/GitHub/sky130-trng/.loom/worktrees/issue-236/sim/digital-electrical-repair/requests/.klt/place-and-route/trng_digital_route.spef line 1499, net $10179 not found.
[WARNING STA-1650] /home/ubuntu/GitHub/sky130-trng/.loom/worktrees/issue-236/sim/digital-electrical-repair/requests/.klt/place-and-route/trng_digital_route.spef line 1513, net $10180 not found.
[WARNING STA-1650] /home/ubuntu/GitHub/sky130-trng/.loom/worktrees/issue-236/sim/digital-electrical-repair/requests/.klt/place-and-route/trng_digital_route.spef line 1529, net $10181 not found.
[WARNING STA-1650] /home/ubuntu/GitHub/sky130-trng/.loom/worktrees/issue-236/sim/digital-electrical-repair/requests/.klt/place-and-route/trng_digital_route.spef line 1545, net $10182 not found.
[WARNING STA-1650] /home/ubuntu/GitHub/sky130-trng/.loom/worktrees/issue-236/sim/digital-electrical-repair/requests/.klt/place-and-route/trng_digital_route.spef line 1573, net $10183 not found.
[WARNING STA-1650] /home/ubuntu/GitHub/sky130-trng/.loom/worktrees/issue-236/sim/digital-electrical-repair/requests/.klt/place-and-route/trng_digital_route.spef line 1598, net $10184 not found.
[WARNING STA-1650] /home/ubuntu/GitHub/sky130-trng/.loom/worktrees/issue-236/sim/digital-electrical-repair/requests/.klt/place-and-route/trng_digital_route.spef line 1609, net $10185 not found.
[WARNING STA-1650] /home/ubuntu/GitHub/sky130-trng/.loom/worktrees/issue-236/sim/digital-electrical-repair/requests/.klt/place-and-route/trng_digital_route.spef line 1622, net $10186 not found.
[WARNING STA-1650] /home/ubuntu/GitHub/sky130-trng/.loom/worktrees/issue-236/sim/digital-electrical-repair/requests/.klt/place-and-route/trng_digital_route.spef line 1637, net $10187 not found.
[WARNING STA-1650] /home/ubuntu/GitHub/sky130-trng/.loom/worktrees/issue-236/sim/digital-electrical-repair/requests/.klt/place-and-route/trng_digital_route.spef line 1653, net $10188 not found.
[WARNING STA-1650] /home/ubuntu/GitHub/sky130-trng/.loom/worktrees/issue-236/sim/digital-electrical-repair/requests/.klt/place-and-route/trng_digital_route.spef line 1670, net $10189 not found.
[WARNING STA-1650] /home/ubuntu/GitHub/sky130-trng/.loom/worktrees/issue-236/sim/digital-electrical-repair/requests/.klt/place-and-route/trng_digital_route.spef line 1694, net $10190 not found.
[WARNING STA-1650] /home/ubuntu/GitHub/sky130-trng/.loom/worktrees/issue-236/sim/digital-electrical-repair/requests/.klt/place-and-route/trng_digital_route.spef line 1715, net $10191 not found.
[WARNING STA-1650] /home/ubuntu/GitHub/sky130-trng/.loom/worktrees/issue-236/sim/digital-electrical-repair/requests/.klt/place-and-route/trng_digital_route.spef line 1726, net $10192 not found.
[WARNING STA-1650] /home/ubuntu/GitHub/sky130-trng/.loom/worktrees/issue-236/sim/digital-electrical-repair/requests/.klt/place-and-route/trng_digital_route.spef line 1739, net $10193 not found.
[WARNING STA-1650] /home/ubuntu/GitHub/sky130-trng/.loom/worktrees/issue-236/sim/digital-electrical-repair/requests/.klt/place-and-route/trng_digital_route.spef line 1753, net $10194 not found.
[WARNING STA-1650] /home/ubuntu/GitHub/sky130-trng/.loom/worktrees/issue-236/sim/digital-electrical-repair/requests/.klt/place-and-route/trng_digital_route.spef line 1768, net $10195 not found.
[WARNING STA-1650] /home/ubuntu/GitHub/sky130-trng/.loom/worktrees/issue-236/sim/digital-electrical-repair/requests/.klt/place-and-route/trng_digital_route.spef line 1778, net $10196 not found.
[WARNING STA-1650] /home/ubuntu/GitHub/sky130-trng/.loom/worktrees/issue-236/sim/digital-electrical-repair/requests/.klt/place-and-route/trng_digital_route.spef line 1792, net $10197 not found.
[WARNING STA-1650] /home/ubuntu/GitHub/sky130-trng/.loom/worktrees/issue-236/sim/digital-electrical-repair/requests/.klt/place-and-route/trng_digital_route.spef line 1817, net $10198 not found.
[WARNING STA-1650] /home/ubuntu/GitHub/sky130-trng/.loom/worktrees/issue-236/sim/digital-electrical-repair/requests/.klt/place-and-route/trng_digital_route.spef line 1840, net $10199 not found.
[WARNING STA-1650] /home/ubuntu/GitHub/sky130-trng/.loom/worktrees/issue-236/sim/digital-electrical-repair/requests/.klt/place-and-route/trng_digital_route.spef line 1851, net $10200 not found.
[WARNING STA-1650] /home/ubuntu/GitHub/sky130-trng/.loom/worktrees/issue-236/sim/digital-electrical-repair/requests/.klt/place-and-route/trng_digital_route.spef line 1865, net $10201 not found.
[WARNING STA-1650] /home/ubuntu/GitHub/sky130-trng/.loom/worktrees/issue-236/sim/digital-electrical-repair/requests/.klt/place-and-route/trng_digital_route.spef line 1879, net $10202 not found.
[WARNING STA-1650] /home/ubuntu/GitHub/sky130-trng/.loom/worktrees/issue-236/sim/digital-electrical-repair/requests/.klt/place-and-route/trng_digital_route.spef line 1894, net $10236 not found.
[WARNING STA-1650] /home/ubuntu/GitHub/sky130-trng/.loom/worktrees/issue-236/sim/digital-electrical-repair/requests/.klt/place-and-route/trng_digital_route.spef line 1903, net $10237 not found.
[WARNING STA-1650] /home/ubuntu/GitHub/sky130-trng/.loom/worktrees/issue-236/sim/digital-electrical-repair/requests/.klt/place-and-route/trng_digital_route.spef line 1914, net $10238 not found.
[WARNING STA-1650] /home/ubuntu/GitHub/sky130-trng/.loom/worktrees/issue-236/sim/digital-electrical-repair/requests/.klt/place-and-route/trng_digital_route.spef line 1925, net $10239 not found.
[WARNING STA-1650] /home/ubuntu/GitHub/sky130-trng/.loom/worktrees/issue-236/sim/digital-electrical-repair/requests/.klt/place-and-route/trng_digital_route.spef line 1939, net $10240 not found.
[WARNING STA-1650] /home/ubuntu/GitHub/sky130-trng/.loom/worktrees/issue-236/sim/digital-electrical-repair/requests/.klt/place-and-route/trng_digital_route.spef line 1949, net $10241 not found.
[WARNING STA-1650] /home/ubuntu/GitHub/sky130-trng/.loom/worktrees/issue-236/sim/digital-electrical-repair/requests/.klt/place-and-route/trng_digital_route.spef line 1959, net $10242 not found.
[WARNING STA-1650] /home/ubuntu/GitHub/sky130-trng/.loom/worktrees/issue-236/sim/digital-electrical-repair/requests/.klt/place-and-route/trng_digital_route.spef line 1973, net $10243 not found.
[WARNING STA-1650] /home/ubuntu/GitHub/sky130-trng/.loom/worktrees/issue-236/sim/digital-electrical-repair/requests/.klt/place-and-route/trng_digital_route.spef line 1983, net $10244 not found.
[WARNING STA-1650] /home/ubuntu/GitHub/sky130-trng/.loom/worktrees/issue-236/sim/digital-electrical-repair/requests/.klt/place-and-route/trng_digital_route.spef line 1993, net $10245 not found.
[WARNING STA-1650] /home/ubuntu/GitHub/sky130-trng/.loom/worktrees/issue-236/sim/digital-electrical-repair/requests/.klt/place-and-route/trng_digital_route.spef line 2004, net $10246 not found.
[WARNING STA-1650] /home/ubuntu/GitHub/sky130-trng/.loom/worktrees/issue-236/sim/digital-electrical-repair/requests/.klt/place-and-route/trng_digital_route.spef line 2014, net $10247 not found.
[WARNING STA-1650] /home/ubuntu/GitHub/sky130-trng/.loom/worktrees/issue-236/sim/digital-electrical-repair/requests/.klt/place-and-route/trng_digital_route.spef line 2023, net $10248 not found.
[WARNING STA-1650] /home/ubuntu/GitHub/sky130-trng/.loom/worktrees/issue-236/sim/digital-electrical-repair/requests/.klt/place-and-route/trng_digital_route.spef line 2038, net $10249 not found.
[WARNING STA-1650] /home/ubuntu/GitHub/sky130-trng/.loom/worktrees/issue-236/sim/digital-electrical-repair/requests/.klt/place-and-route/trng_digital_route.spef line 2048, net $10250 not found.
[WARNING STA-1650] /home/ubuntu/GitHub/sky130-trng/.loom/worktrees/issue-236/sim/digital-electrical-repair/requests/.klt/place-and-route/trng_digital_route.spef line 2063, net $10251 not found.
[WARNING STA-1650] /home/ubuntu/GitHub/sky130-trng/.loom/worktrees/issue-236/sim/digital-electrical-repair/requests/.klt/place-and-route/trng_digital_route.spef line 2077, net $10253 not found.
[WARNING STA-1650] /home/ubuntu/GitHub/sky130-trng/.loom/worktrees/issue-236/sim/digital-electrical-repair/requests/.klt/place-and-route/trng_digital_route.spef line 2091, net $10256 not found.
[WARNING STA-1650] /home/ubuntu/GitHub/sky130-trng/.loom/worktrees/issue-236/sim/digital-electrical-repair/requests/.klt/place-and-route/trng_digital_route.spef line 2100, net $10257 not found.
[WARNING STA-1650] /home/ubuntu/GitHub/sky130-trng/.loom/worktrees/issue-236/sim/digital-electrical-repair/requests/.klt/place-and-route/trng_digital_route.spef line 2110, net $10259 not found.
[WARNING STA-1650] /home/ubuntu/GitHub/sky130-trng/.loom/worktrees/issue-236/sim/digital-electrical-repair/requests/.klt/place-and-route/trng_digital_route.spef line 2119, net $10260 not found.
[WARNING STA-1650] /home/ubuntu/GitHub/sky130-trng/.loom/worktrees/issue-236/sim/digital-electrical-repair/requests/.klt/place-and-route/trng_digital_route.spef line 2128, net $10261 not found.
[WARNING STA-1650] /home/ubuntu/GitHub/sky130-trng/.loom/worktrees/issue-236/sim/digital-electrical-repair/requests/.klt/place-and-route/trng_digital_route.spef line 2137, net $10262 not found.
[WARNING STA-1650] /home/ubuntu/GitHub/sky130-trng/.loom/worktrees/issue-236/sim/digital-electrical-repair/requests/.klt/place-and-route/trng_digital_route.spef line 2146, net $10282 not found.
[WARNING STA-1650] /home/ubuntu/GitHub/sky130-trng/.loom/worktrees/issue-236/sim/digital-electrical-repair/requests/.klt/place-and-route/trng_digital_route.spef line 2170, net $10283 not found.
[WARNING STA-1650] /home/ubuntu/GitHub/sky130-trng/.loom/worktrees/issue-236/sim/digital-electrical-repair/requests/.klt/place-and-route/trng_digital_route.spef line 2192, net $10285 not found.
[WARNING STA-1650] /home/ubuntu/GitHub/sky130-trng/.loom/worktrees/issue-236/sim/digital-electrical-repair/requests/.klt/place-and-route/trng_digital_route.spef line 2203, net $10286 not found.
[WARNING STA-1650] /home/ubuntu/GitHub/sky130-trng/.loom/worktrees/issue-236/sim/digital-electrical-repair/requests/.klt/place-and-route/trng_digital_route.spef line 2216, net $10287 not found.
[WARNING STA-1650] /home/ubuntu/GitHub/sky130-trng/.loom/worktrees/issue-236/sim/digital-electrical-repair/requests/.klt/place-and-route/trng_digital_route.spef line 2225, net $10288 not found.
[WARNING STA-1650] /home/ubuntu/GitHub/sky130-trng/.loom/worktrees/issue-236/sim/digital-electrical-repair/requests/.klt/place-and-route/trng_digital_route.spef line 2239, net $10289 not found.
[WARNING STA-1650] /home/ubuntu/GitHub/sky130-trng/.loom/worktrees/issue-236/sim/digital-electrical-repair/requests/.klt/place-and-route/trng_digital_route.spef line 2254, net $10290 not found.
[WARNING STA-1650] /home/ubuntu/GitHub/sky130-trng/.loom/worktrees/issue-236/sim/digital-electrical-repair/requests/.klt/place-and-route/trng_digital_route.spef line 2271, net $10293 not found.
[WARNING STA-1650] /home/ubuntu/GitHub/sky130-trng/.loom/worktrees/issue-236/sim/digital-electrical-repair/requests/.klt/place-and-route/trng_digital_route.spef line 2282, net $10295 not found.
[WARNING STA-1650] /home/ubuntu/GitHub/sky130-trng/.loom/worktrees/issue-236/sim/digital-electrical-repair/requests/.klt/place-and-route/trng_digital_route.spef line 2294, net $10296 not found.
[WARNING STA-1650] /home/ubuntu/GitHub/sky130-trng/.loom/worktrees/issue-236/sim/digital-electrical-repair/requests/.klt/place-and-route/trng_digital_route.spef line 2319, net $10297 not found.
[WARNING STA-1650] /home/ubuntu/GitHub/sky130-trng/.loom/worktrees/issue-236/sim/digital-electrical-repair/requests/.klt/place-and-route/trng_digital_route.spef line 2342, net $10299 not found.
[WARNING STA-1650] /home/ubuntu/GitHub/sky130-trng/.loom/worktrees/issue-236/sim/digital-electrical-repair/requests/.klt/place-and-route/trng_digital_route.spef line 2354, net $10300 not found.
[WARNING STA-1650] /home/ubuntu/GitHub/sky130-trng/.loom/worktrees/issue-236/sim/digital-electrical-repair/requests/.klt/place-and-route/trng_digital_route.spef line 2367, net $10301 not found.
[WARNING STA-1650] /home/ubuntu/GitHub/sky130-trng/.loom/worktrees/issue-236/sim/digital-electrical-repair/requests/.klt/place-and-route/trng_digital_route.spef line 2376, net $10302 not found.
[WARNING STA-1650] /home/ubuntu/GitHub/sky130-trng/.loom/worktrees/issue-236/sim/digital-electrical-repair/requests/.klt/place-and-route/trng_digital_route.spef line 2390, net $10303 not found.
[WARNING STA-1650] /home/ubuntu/GitHub/sky130-trng/.loom/worktrees/issue-236/sim/digital-electrical-repair/requests/.klt/place-and-route/trng_digital_route.spef line 2404, net $10304 not found.
[WARNING STA-1650] /home/ubuntu/GitHub/sky130-trng/.loom/worktrees/issue-236/sim/digital-electrical-repair/requests/.klt/place-and-route/trng_digital_route.spef line 2419, net $10305 not found.
[WARNING STA-1650] /home/ubuntu/GitHub/sky130-trng/.loom/worktrees/issue-236/sim/digital-electrical-repair/requests/.klt/place-and-route/trng_digital_route.spef line 2444, net $10306 not found.
[WARNING STA-1650] /home/ubuntu/GitHub/sky130-trng/.loom/worktrees/issue-236/sim/digital-electrical-repair/requests/.klt/place-and-route/trng_digital_route.spef line 2467, net $10308 not found.
[WARNING STA-1650] /home/ubuntu/GitHub/sky130-trng/.loom/worktrees/issue-236/sim/digital-electrical-repair/requests/.klt/place-and-route/trng_digital_route.spef line 2479, net $10309 not found.
[WARNING STA-1650] /home/ubuntu/GitHub/sky130-trng/.loom/worktrees/issue-236/sim/digital-electrical-repair/requests/.klt/place-and-route/trng_digital_route.spef line 2493, net $10310 not found.
[WARNING STA-1650] /home/ubuntu/GitHub/sky130-trng/.loom/worktrees/issue-236/sim/digital-electrical-repair/requests/.klt/place-and-route/trng_digital_route.spef line 2502, net $10311 not found.
[WARNING STA-1650] /home/ubuntu/GitHub/sky130-trng/.loom/worktrees/issue-236/sim/digital-electrical-repair/requests/.klt/place-and-route/trng_digital_route.spef line 2516, net $10312 not found.
[WARNING STA-1650] /home/ubuntu/GitHub/sky130-trng/.loom/worktrees/issue-236/sim/digital-electrical-repair/requests/.klt/place-and-route/trng_digital_route.spef line 2530, net $10313 not found.
[WARNING STA-1650] /home/ubuntu/GitHub/sky130-trng/.loom/worktrees/issue-236/sim/digital-electrical-repair/requests/.klt/place-and-route/trng_digital_route.spef line 2545, net $10316 not found.
[WARNING STA-1650] /home/ubuntu/GitHub/sky130-trng/.loom/worktrees/issue-236/sim/digital-electrical-repair/requests/.klt/place-and-route/trng_digital_route.spef line 2566, net $10319 not found.
[WARNING STA-1650] /home/ubuntu/GitHub/sky130-trng/.loom/worktrees/issue-236/sim/digital-electrical-repair/requests/.klt/place-and-route/trng_digital_route.spef line 2591, net $10320 not found.
[WARNING STA-1650] /home/ubuntu/GitHub/sky130-trng/.loom/worktrees/issue-236/sim/digital-electrical-repair/requests/.klt/place-and-route/trng_digital_route.spef line 2614, net $10322 not found.
[WARNING STA-1650] /home/ubuntu/GitHub/sky130-trng/.loom/worktrees/issue-236/sim/digital-electrical-repair/requests/.klt/place-and-route/trng_digital_route.spef line 2627, net $10323 not found.
[WARNING STA-1650] /home/ubuntu/GitHub/sky130-trng/.loom/worktrees/issue-236/sim/digital-electrical-repair/requests/.klt/place-and-route/trng_digital_route.spef line 2642, net $10324 not found.
[WARNING STA-1650] /home/ubuntu/GitHub/sky130-trng/.loom/worktrees/issue-236/sim/digital-electrical-repair/requests/.klt/place-and-route/trng_digital_route.spef line 2652, net $10325 not found.
[WARNING STA-1650] /home/ubuntu/GitHub/sky130-trng/.loom/worktrees/issue-236/sim/digital-electrical-repair/requests/.klt/place-and-route/trng_digital_route.spef line 2666, net $10326 not found.
[WARNING STA-1650] /home/ubuntu/GitHub/sky130-trng/.loom/worktrees/issue-236/sim/digital-electrical-repair/requests/.klt/place-and-route/trng_digital_route.spef line 2680, net $10327 not found.
[WARNING STA-1650] /home/ubuntu/GitHub/sky130-trng/.loom/worktrees/issue-236/sim/digital-electrical-repair/requests/.klt/place-and-route/trng_digital_route.spef line 2695, net $10328 not found.
[WARNING STA-1650] /home/ubuntu/GitHub/sky130-trng/.loom/worktrees/issue-236/sim/digital-electrical-repair/requests/.klt/place-and-route/trng_digital_route.spef line 2710, net $10330 not found.
[WARNING STA-1650] /home/ubuntu/GitHub/sky130-trng/.loom/worktrees/issue-236/sim/digital-electrical-repair/requests/.klt/place-and-route/trng_digital_route.spef line 2720, net $10332 not found.
[WARNING STA-1650] /home/ubuntu/GitHub/sky130-trng/.loom/worktrees/issue-236/sim/digital-electrical-repair/requests/.klt/place-and-route/trng_digital_route.spef line 2733, net $10333 not found.
[WARNING STA-1650] /home/ubuntu/GitHub/sky130-trng/.loom/worktrees/issue-236/sim/digital-electrical-repair/requests/.klt/place-and-route/trng_digital_route.spef line 2747, net $10335 not found.
[WARNING STA-1650] /home/ubuntu/GitHub/sky130-trng/.loom/worktrees/issue-236/sim/digital-electrical-repair/requests/.klt/place-and-route/trng_digital_route.spef line 2765, net $10337 not found.
[WARNING STA-1650] /home/ubuntu/GitHub/sky130-trng/.loom/worktrees/issue-236/sim/digital-electrical-repair/requests/.klt/place-and-route/trng_digital_route.spef line 2791, net $10338 not found.
[WARNING STA-1650] /home/ubuntu/GitHub/sky130-trng/.loom/worktrees/issue-236/sim/digital-electrical-repair/requests/.klt/place-and-route/trng_digital_route.spef line 2815, net $10339 not found.
[WARNING STA-1650] /home/ubuntu/GitHub/sky130-trng/.loom/worktrees/issue-236/sim/digital-electrical-repair/requests/.klt/place-and-route/trng_digital_route.spef line 2827, net $10340 not found.
[WARNING STA-1650] /home/ubuntu/GitHub/sky130-trng/.loom/worktrees/issue-236/sim/digital-electrical-repair/requests/.klt/place-and-route/trng_digital_route.spef line 2840, net $10341 not found.
[WARNING STA-1650] /home/ubuntu/GitHub/sky130-trng/.loom/worktrees/issue-236/sim/digital-electrical-repair/requests/.klt/place-and-route/trng_digital_route.spef line 2849, net $10342 not found.
[WARNING STA-1650] /home/ubuntu/GitHub/sky130-trng/.loom/worktrees/issue-236/sim/digital-electrical-repair/requests/.klt/place-and-route/trng_digital_route.spef line 2863, net $10343 not found.
[WARNING STA-1650] /home/ubuntu/GitHub/sky130-trng/.loom/worktrees/issue-236/sim/digital-electrical-repair/requests/.klt/place-and-route/trng_digital_route.spef line 2877, net $10344 not found.
[WARNING STA-1650] /home/ubuntu/GitHub/sky130-trng/.loom/worktrees/issue-236/sim/digital-electrical-repair/requests/.klt/place-and-route/trng_digital_route.spef line 2892, net $10345 not found.
[WARNING STA-1650] /home/ubuntu/GitHub/sky130-trng/.loom/worktrees/issue-236/sim/digital-electrical-repair/requests/.klt/place-and-route/trng_digital_route.spef line 2901, net $10347 not found.
[WARNING STA-1650] /home/ubuntu/GitHub/sky130-trng/.loom/worktrees/issue-236/sim/digital-electrical-repair/requests/.klt/place-and-route/trng_digital_route.spef line 2912, net $10348 not found.
[WARNING STA-1650] /home/ubuntu/GitHub/sky130-trng/.loom/worktrees/issue-236/sim/digital-electrical-repair/requests/.klt/place-and-route/trng_digital_route.spef line 2922, net $10350 not found.
[WARNING STA-1650] /home/ubuntu/GitHub/sky130-trng/.loom/worktrees/issue-236/sim/digital-electrical-repair/requests/.klt/place-and-route/trng_digital_route.spef line 2935, net $10351 not found.
[WARNING STA-1650] /home/ubuntu/GitHub/sky130-trng/.loom/worktrees/issue-236/sim/digital-electrical-repair/requests/.klt/place-and-route/trng_digital_route.spef line 2960, net $10352 not found.
[WARNING STA-1650] /home/ubuntu/GitHub/sky130-trng/.loom/worktrees/issue-236/sim/digital-electrical-repair/requests/.klt/place-and-route/trng_digital_route.spef line 2982, net $10354 not found.
[WARNING STA-1650] /home/ubuntu/GitHub/sky130-trng/.loom/worktrees/issue-236/sim/digital-electrical-repair/requests/.klt/place-and-route/trng_digital_route.spef line 2994, net $10355 not found.
[WARNING STA-1650] /home/ubuntu/GitHub/sky130-trng/.loom/worktrees/issue-236/sim/digital-electrical-repair/requests/.klt/place-and-route/trng_digital_route.spef line 3007, net $10356 not found.
[WARNING STA-1650] /home/ubuntu/GitHub/sky130-trng/.loom/worktrees/issue-236/sim/digital-electrical-repair/requests/.klt/place-and-route/trng_digital_route.spef line 3016, net $10357 not found.
[WARNING STA-1650] /home/ubuntu/GitHub/sky130-trng/.loom/worktrees/issue-236/sim/digital-electrical-repair/requests/.klt/place-and-route/trng_digital_route.spef line 3029, net $10358 not found.
[WARNING STA-1650] /home/ubuntu/GitHub/sky130-trng/.loom/worktrees/issue-236/sim/digital-electrical-repair/requests/.klt/place-and-route/trng_digital_route.spef line 3042, net $10359 not found.
[WARNING STA-1650] /home/ubuntu/GitHub/sky130-trng/.loom/worktrees/issue-236/sim/digital-electrical-repair/requests/.klt/place-and-route/trng_digital_route.spef line 3056, net $10361 not found.
[WARNING STA-1650] /home/ubuntu/GitHub/sky130-trng/.loom/worktrees/issue-236/sim/digital-electrical-repair/requests/.klt/place-and-route/trng_digital_route.spef line 3065, net $10364 not found.
[WARNING STA-1650] /home/ubuntu/GitHub/sky130-trng/.loom/worktrees/issue-236/sim/digital-electrical-repair/requests/.klt/place-and-route/trng_digital_route.spef line 3077, net $10366 not found.
[WARNING STA-1650] /home/ubuntu/GitHub/sky130-trng/.loom/worktrees/issue-236/sim/digital-electrical-repair/requests/.klt/place-and-route/trng_digital_route.spef line 3094, net $10367 not found.
[WARNING STA-1650] /home/ubuntu/GitHub/sky130-trng/.loom/worktrees/issue-236/sim/digital-electrical-repair/requests/.klt/place-and-route/trng_digital_route.spef line 3111, net $10368 not found.
[WARNING STA-1650] /home/ubuntu/GitHub/sky130-trng/.loom/worktrees/issue-236/sim/digital-electrical-repair/requests/.klt/place-and-route/trng_digital_route.spef line 3133, net $10369 not found.
[WARNING STA-1650] /home/ubuntu/GitHub/sky130-trng/.loom/worktrees/issue-236/sim/digital-electrical-repair/requests/.klt/place-and-route/trng_digital_route.spef line 3152, net $10370 not found.
[WARNING STA-1650] /home/ubuntu/GitHub/sky130-trng/.loom/worktrees/issue-236/sim/digital-electrical-repair/requests/.klt/place-and-route/trng_digital_route.spef line 3163, net $10371 not found.
[WARNING STA-1650] /home/ubuntu/GitHub/sky130-trng/.loom/worktrees/issue-236/sim/digital-electrical-repair/requests/.klt/place-and-route/trng_digital_route.spef line 3176, net $10372 not found.
[WARNING STA-1650] /home/ubuntu/GitHub/sky130-trng/.loom/worktrees/issue-236/sim/digital-electrical-repair/requests/.klt/place-and-route/trng_digital_route.spef line 3185, net $10373 not found.
[WARNING STA-1650] /home/ubuntu/GitHub/sky130-trng/.loom/worktrees/issue-236/sim/digital-electrical-repair/requests/.klt/place-and-route/trng_digital_route.spef line 3199, net $10374 not found.
[WARNING STA-1650] /home/ubuntu/GitHub/sky130-trng/.loom/worktrees/issue-236/sim/digital-electrical-repair/requests/.klt/place-and-route/trng_digital_route.spef line 3213, net $10375 not found.
[WARNING STA-1650] /home/ubuntu/GitHub/sky130-trng/.loom/worktrees/issue-236/sim/digital-electrical-repair/requests/.klt/place-and-route/trng_digital_route.spef line 3228, net $10376 not found.
[WARNING STA-1650] /home/ubuntu/GitHub/sky130-trng/.loom/worktrees/issue-236/sim/digital-electrical-repair/requests/.klt/place-and-route/trng_digital_route.spef line 3248, net $10377 not found.
[WARNING STA-1650] /home/ubuntu/GitHub/sky130-trng/.loom/worktrees/issue-236/sim/digital-electrical-repair/requests/.klt/place-and-route/trng_digital_route.spef line 3267, net $10378 not found.
[WARNING STA-1650] /home/ubuntu/GitHub/sky130-trng/.loom/worktrees/issue-236/sim/digital-electrical-repair/requests/.klt/place-and-route/trng_digital_route.spef line 3278, net $10379 not found.
[WARNING STA-1650] /home/ubuntu/GitHub/sky130-trng/.loom/worktrees/issue-236/sim/digital-electrical-repair/requests/.klt/place-and-route/trng_digital_route.spef line 3292, net $10380 not found.
[WARNING STA-1650] /home/ubuntu/GitHub/sky130-trng/.loom/worktrees/issue-236/sim/digital-electrical-repair/requests/.klt/place-and-route/trng_digital_route.spef line 3301, net $10381 not found.
[WARNING STA-1650] /home/ubuntu/GitHub/sky130-trng/.loom/worktrees/issue-236/sim/digital-electrical-repair/requests/.klt/place-and-route/trng_digital_route.spef line 3315, net $10382 not found.
[WARNING STA-1650] /home/ubuntu/GitHub/sky130-trng/.loom/worktrees/issue-236/sim/digital-electrical-repair/requests/.klt/place-and-route/trng_digital_route.spef line 3329, net $10383 not found.
[WARNING STA-1650] /home/ubuntu/GitHub/sky130-trng/.loom/worktrees/issue-236/sim/digital-electrical-repair/requests/.klt/place-and-route/trng_digital_route.spef line 3344, net $10406 not found.
[WARNING STA-1650] /home/ubuntu/GitHub/sky130-trng/.loom/worktrees/issue-236/sim/digital-electrical-repair/requests/.klt/place-and-route/trng_digital_route.spef line 3353, net $10407 not found.
[WARNING STA-1650] /home/ubuntu/GitHub/sky130-trng/.loom/worktrees/issue-236/sim/digital-electrical-repair/requests/.klt/place-and-route/trng_digital_route.spef line 3362, net $10408 not found.
[WARNING STA-1650] /home/ubuntu/GitHub/sky130-trng/.loom/worktrees/issue-236/sim/digital-electrical-repair/requests/.klt/place-and-route/trng_digital_route.spef line 3371, net $10409 not found.
[WARNING STA-1650] /home/ubuntu/GitHub/sky130-trng/.loom/worktrees/issue-236/sim/digital-electrical-repair/requests/.klt/place-and-route/trng_digital_route.spef line 3380, net $10410 not found.
[WARNING STA-1650] /home/ubuntu/GitHub/sky130-trng/.loom/worktrees/issue-236/sim/digital-electrical-repair/requests/.klt/place-and-route/trng_digital_route.spef line 3389, net $10411 not found.
[WARNING STA-1650] /home/ubuntu/GitHub/sky130-trng/.loom/worktrees/issue-236/sim/digital-electrical-repair/requests/.klt/place-and-route/trng_digital_route.spef line 3398, net $10412 not found.
[WARNING STA-1650] /home/ubuntu/GitHub/sky130-trng/.loom/worktrees/issue-236/sim/digital-electrical-repair/requests/.klt/place-and-route/trng_digital_route.spef line 3407, net $10413 not found.
[WARNING STA-1650] /home/ubuntu/GitHub/sky130-trng/.loom/worktrees/issue-236/sim/digital-electrical-repair/requests/.klt/place-and-route/trng_digital_route.spef line 3416, net $10414 not found.
[WARNING STA-1650] /home/ubuntu/GitHub/sky130-trng/.loom/worktrees/issue-236/sim/digital-electrical-repair/requests/.klt/place-and-route/trng_digital_route.spef line 3424, net $10415 not found.
[WARNING STA-1650] /home/ubuntu/GitHub/sky130-trng/.loom/worktrees/issue-236/sim/digital-electrical-repair/requests/.klt/place-and-route/trng_digital_route.spef line 3432, net $10416 not found.
[WARNING STA-1650] /home/ubuntu/GitHub/sky130-trng/.loom/worktrees/issue-236/sim/digital-electrical-repair/requests/.klt/place-and-route/trng_digital_route.spef line 3443, net $10452 not found.
[WARNING STA-1650] /home/ubuntu/GitHub/sky130-trng/.loom/worktrees/issue-236/sim/digital-electrical-repair/requests/.klt/place-and-route/trng_digital_route.spef line 3469, net $10453 not found.
[WARNING STA-1650] /home/ubuntu/GitHub/sky130-trng/.loom/worktrees/issue-236/sim/digital-electrical-repair/requests/.klt/place-and-route/trng_digital_route.spef line 3492, net $10454 not found.
[WARNING STA-1650] /home/ubuntu/GitHub/sky130-trng/.loom/worktrees/issue-236/sim/digital-electrical-repair/requests/.klt/place-and-route/trng_digital_route.spef line 3502, net $10455 not found.
[WARNING STA-1650] /home/ubuntu/GitHub/sky130-trng/.loom/worktrees/issue-236/sim/digital-electrical-repair/requests/.klt/place-and-route/trng_digital_route.spef line 3514, net $10456 not found.
[WARNING STA-1650] /home/ubuntu/GitHub/sky130-trng/.loom/worktrees/issue-236/sim/digital-electrical-repair/requests/.klt/place-and-route/trng_digital_route.spef line 3527, net $10457 not found.
[WARNING STA-1650] /home/ubuntu/GitHub/sky130-trng/.loom/worktrees/issue-236/sim/digital-electrical-repair/requests/.klt/place-and-route/trng_digital_route.spef line 3540, net $10458 not found.
[WARNING STA-1650] /home/ubuntu/GitHub/sky130-trng/.loom/worktrees/issue-236/sim/digital-electrical-repair/requests/.klt/place-and-route/trng_digital_route.spef line 3554, net $10459 not found.
[WARNING STA-1650] /home/ubuntu/GitHub/sky130-trng/.loom/worktrees/issue-236/sim/digital-electrical-repair/requests/.klt/place-and-route/trng_digital_route.spef line 3572, net $1046 not found.
[WARNING STA-1650] /home/ubuntu/GitHub/sky130-trng/.loom/worktrees/issue-236/sim/digital-electrical-repair/requests/.klt/place-and-route/trng_digital_route.spef line 3582, net $10460 not found.
[WARNING STA-1650] /home/ubuntu/GitHub/sky130-trng/.loom/worktrees/issue-236/sim/digital-electrical-repair/requests/.klt/place-and-route/trng_digital_route.spef line 3591, net $10462 not found.
[WARNING STA-1650] /home/ubuntu/GitHub/sky130-trng/.loom/worktrees/issue-236/sim/digital-electrical-repair/requests/.klt/place-and-route/trng_digital_route.spef line 3601, net $10463 not found.
[WARNING STA-1650] /home/ubuntu/GitHub/sky130-trng/.loom/worktrees/issue-236/sim/digital-electrical-repair/requests/.klt/place-and-route/trng_digital_route.spef line 3614, net $10465 not found.
[WARNING STA-1650] /home/ubuntu/GitHub/sky130-trng/.loom/worktrees/issue-236/sim/digital-electrical-repair/requests/.klt/place-and-route/trng_digital_route.spef line 3623, net $10466 not found.
[WARNING STA-1650] /home/ubuntu/GitHub/sky130-trng/.loom/worktrees/issue-236/sim/digital-electrical-repair/requests/.klt/place-and-route/trng_digital_route.spef line 3632, net $10467 not found.
[WARNING STA-1650] /home/ubuntu/GitHub/sky130-trng/.loom/worktrees/issue-236/sim/digital-electrical-repair/requests/.klt/place-and-route/trng_digital_route.spef line 3643, net $10468 not found.
[WARNING STA-1650] /home/ubuntu/GitHub/sky130-trng/.loom/worktrees/issue-236/sim/digital-electrical-repair/requests/.klt/place-and-route/trng_digital_route.spef line 3653, net $10469 not found.
[WARNING STA-1650] /home/ubuntu/GitHub/sky130-trng/.loom/worktrees/issue-236/sim/digital-electrical-repair/requests/.klt/place-and-route/trng_digital_route.spef line 3662, net $10470 not found.
[WARNING STA-1650] /home/ubuntu/GitHub/sky130-trng/.loom/worktrees/issue-236/sim/digital-electrical-repair/requests/.klt/place-and-route/trng_digital_route.spef line 3674, net $10471 not found.
[WARNING STA-1650] /home/ubuntu/GitHub/sky130-trng/.loom/worktrees/issue-236/sim/digital-electrical-repair/requests/.klt/place-and-route/trng_digital_route.spef line 3694, net $10472 not found.
[WARNING STA-1650] /home/ubuntu/GitHub/sky130-trng/.loom/worktrees/issue-236/sim/digital-electrical-repair/requests/.klt/place-and-route/trng_digital_route.spef line 3718, net $10473 not found.
[WARNING STA-1650] /home/ubuntu/GitHub/sky130-trng/.loom/worktrees/issue-236/sim/digital-electrical-repair/requests/.klt/place-and-route/trng_digital_route.spef line 3738, net $10475 not found.
[WARNING STA-1650] /home/ubuntu/GitHub/sky130-trng/.loom/worktrees/issue-236/sim/digital-electrical-repair/requests/.klt/place-and-route/trng_digital_route.spef line 3749, net $10476 not found.
[WARNING STA-1650] /home/ubuntu/GitHub/sky130-trng/.loom/worktrees/issue-236/sim/digital-electrical-repair/requests/.klt/place-and-route/trng_digital_route.spef line 3765, net $10477 not found.
[WARNING STA-1650] /home/ubuntu/GitHub/sky130-trng/.loom/worktrees/issue-236/sim/digital-electrical-repair/requests/.klt/place-and-route/trng_digital_route.spef line 3778, net $10479 not found.
[WARNING STA-1650] /home/ubuntu/GitHub/sky130-trng/.loom/worktrees/issue-236/sim/digital-electrical-repair/requests/.klt/place-and-route/trng_digital_route.spef line 3795, net $1048 not found.
[WARNING STA-1650] /home/ubuntu/GitHub/sky130-trng/.loom/worktrees/issue-236/sim/digital-electrical-repair/requests/.klt/place-and-route/trng_digital_route.spef line 3811, net $10480 not found.
[WARNING STA-1650] /home/ubuntu/GitHub/sky130-trng/.loom/worktrees/issue-236/sim/digital-electrical-repair/requests/.klt/place-and-route/trng_digital_route.spef line 3822, net $10481 not found.
[WARNING STA-1650] /home/ubuntu/GitHub/sky130-trng/.loom/worktrees/issue-236/sim/digital-electrical-repair/requests/.klt/place-and-route/trng_digital_route.spef line 3833, net $10482 not found.
[WARNING STA-1650] /home/ubuntu/GitHub/sky130-trng/.loom/worktrees/issue-236/sim/digital-electrical-repair/requests/.klt/place-and-route/trng_digital_route.spef line 3862, net $10483 not found.
[WARNING STA-1650] /home/ubuntu/GitHub/sky130-trng/.loom/worktrees/issue-236/sim/digital-electrical-repair/requests/.klt/place-and-route/trng_digital_route.spef line 3889, net $10484 not found.
[WARNING STA-1650] /home/ubuntu/GitHub/sky130-trng/.loom/worktrees/issue-236/sim/digital-electrical-repair/requests/.klt/place-and-route/trng_digital_route.spef line 3901, net $10485 not found.
[WARNING STA-1650] /home/ubuntu/GitHub/sky130-trng/.loom/worktrees/issue-236/sim/digital-electrical-repair/requests/.klt/place-and-route/trng_digital_route.spef line 3914, net $10486 not found.
[WARNING STA-1650] /home/ubuntu/GitHub/sky130-trng/.loom/worktrees/issue-236/sim/digital-electrical-repair/requests/.klt/place-and-route/trng_digital_route.spef line 3928, net $10487 not found.
[WARNING STA-1650] /home/ubuntu/GitHub/sky130-trng/.loom/worktrees/issue-236/sim/digital-electrical-repair/requests/.klt/place-and-route/trng_digital_route.spef line 3943, net $10488 not found.
[WARNING STA-1650] /home/ubuntu/GitHub/sky130-trng/.loom/worktrees/issue-236/sim/digital-electrical-repair/requests/.klt/place-and-route/trng_digital_route.spef line 3959, net $10489 not found.
[WARNING STA-1650] /home/ubuntu/GitHub/sky130-trng/.loom/worktrees/issue-236/sim/digital-electrical-repair/requests/.klt/place-and-route/trng_digital_route.spef line 3967, net $10492 not found.
[WARNING STA-1650] /home/ubuntu/GitHub/sky130-trng/.loom/worktrees/issue-236/sim/digital-electrical-repair/requests/.klt/place-and-route/trng_digital_route.spef line 3976, net $10493 not found.
[WARNING STA-1650] /home/ubuntu/GitHub/sky130-trng/.loom/worktrees/issue-236/sim/digital-electrical-repair/requests/.klt/place-and-route/trng_digital_route.spef line 3990, net $10495 not found.
[WARNING STA-1650] /home/ubuntu/GitHub/sky130-trng/.loom/worktrees/issue-236/sim/digital-electrical-repair/requests/.klt/place-and-route/trng_digital_route.spef line 3998, net $10496 not found.
[WARNING STA-1650] /home/ubuntu/GitHub/sky130-trng/.loom/worktrees/issue-236/sim/digital-electrical-repair/requests/.klt/place-and-route/trng_digital_route.spef line 4007, net $10497 not found.
[WARNING STA-1650] /home/ubuntu/GitHub/sky130-trng/.loom/worktrees/issue-236/sim/digital-electrical-repair/requests/.klt/place-and-route/trng_digital_route.spef line 4021, net $10498 not found.
[WARNING STA-1650] /home/ubuntu/GitHub/sky130-trng/.loom/worktrees/issue-236/sim/digital-electrical-repair/requests/.klt/place-and-route/trng_digital_route.spef line 4044, net $10499 not found.
[WARNING STA-1650] /home/ubuntu/GitHub/sky130-trng/.loom/worktrees/issue-236/sim/digital-electrical-repair/requests/.klt/place-and-route/trng_digital_route.spef line 4065, net $1050 not found.
[WARNING STA-1650] /home/ubuntu/GitHub/sky130-trng/.loom/worktrees/issue-236/sim/digital-electrical-repair/requests/.klt/place-and-route/trng_digital_route.spef line 4079, net $10500 not found.
[WARNING STA-1650] /home/ubuntu/GitHub/sky130-trng/.loom/worktrees/issue-236/sim/digital-electrical-repair/requests/.klt/place-and-route/trng_digital_route.spef line 4091, net $10501 not found.
[WARNING STA-1650] /home/ubuntu/GitHub/sky130-trng/.loom/worktrees/issue-236/sim/digital-electrical-repair/requests/.klt/place-and-route/trng_digital_route.spef line 4106, net $10502 not found.
[WARNING STA-1650] /home/ubuntu/GitHub/sky130-trng/.loom/worktrees/issue-236/sim/digital-electrical-repair/requests/.klt/place-and-route/trng_digital_route.spef line 4121, net $10503 not found.
[WARNING STA-1650] /home/ubuntu/GitHub/sky130-trng/.loom/worktrees/issue-236/sim/digital-electrical-repair/requests/.klt/place-and-route/trng_digital_route.spef line 4136, net $10504 not found.
[WARNING STA-1650] /home/ubuntu/GitHub/sky130-trng/.loom/worktrees/issue-236/sim/digital-electrical-repair/requests/.klt/place-and-route/trng_digital_route.spef line 4152, net $10505 not found.
[WARNING STA-1650] /home/ubuntu/GitHub/sky130-trng/.loom/worktrees/issue-236/sim/digital-electrical-repair/requests/.klt/place-and-route/trng_digital_route.spef line 4168, net $10506 not found.
[WARNING STA-1650] /home/ubuntu/GitHub/sky130-trng/.loom/worktrees/issue-236/sim/digital-electrical-repair/requests/.klt/place-and-route/trng_digital_route.spef line 4177, net $10508 not found.
[WARNING STA-1650] /home/ubuntu/GitHub/sky130-trng/.loom/worktrees/issue-236/sim/digital-electrical-repair/requests/.klt/place-and-route/trng_digital_route.spef line 4185, net $10509 not found.
[WARNING STA-1650] /home/ubuntu/GitHub/sky130-trng/.loom/worktrees/issue-236/sim/digital-electrical-repair/requests/.klt/place-and-route/trng_digital_route.spef line 4197, net $10511 not found.
[WARNING STA-1650] /home/ubuntu/GitHub/sky130-trng/.loom/worktrees/issue-236/sim/digital-electrical-repair/requests/.klt/place-and-route/trng_digital_route.spef line 4213, net $10512 not found.
[WARNING STA-1650] /home/ubuntu/GitHub/sky130-trng/.loom/worktrees/issue-236/sim/digital-electrical-repair/requests/.klt/place-and-route/trng_digital_route.spef line 4223, net $10514 not found.
[WARNING STA-1650] /home/ubuntu/GitHub/sky130-trng/.loom/worktrees/issue-236/sim/digital-electrical-repair/requests/.klt/place-and-route/trng_digital_route.spef line 4232, net $10515 not found.
[WARNING STA-1650] /home/ubuntu/GitHub/sky130-trng/.loom/worktrees/issue-236/sim/digital-electrical-repair/requests/.klt/place-and-route/trng_digital_route.spef line 4245, net $10516 not found.
[WARNING STA-1650] /home/ubuntu/GitHub/sky130-trng/.loom/worktrees/issue-236/sim/digital-electrical-repair/requests/.klt/place-and-route/trng_digital_route.spef line 4269, net $10517 not found.
[WARNING STA-1650] /home/ubuntu/GitHub/sky130-trng/.loom/worktrees/issue-236/sim/digital-electrical-repair/requests/.klt/place-and-route/trng_digital_route.spef line 4291, net $10518 not found.
[WARNING STA-1650] /home/ubuntu/GitHub/sky130-trng/.loom/worktrees/issue-236/sim/digital-electrical-repair/requests/.klt/place-and-route/trng_digital_route.spef line 4303, net $10519 not found.
[WARNING STA-1650] /home/ubuntu/GitHub/sky130-trng/.loom/worktrees/issue-236/sim/digital-electrical-repair/requests/.klt/place-and-route/trng_digital_route.spef line 4317, net $10520 not found.
[WARNING STA-1650] /home/ubuntu/GitHub/sky130-trng/.loom/worktrees/issue-236/sim/digital-electrical-repair/requests/.klt/place-and-route/trng_digital_route.spef line 4332, net $10521 not found.
[WARNING STA-1650] /home/ubuntu/GitHub/sky130-trng/.loom/worktrees/issue-236/sim/digital-electrical-repair/requests/.klt/place-and-route/trng_digital_route.spef line 4347, net $10522 not found.
[WARNING STA-1650] /home/ubuntu/GitHub/sky130-trng/.loom/worktrees/issue-236/sim/digital-electrical-repair/requests/.klt/place-and-route/trng_digital_route.spef line 4363, net $10523 not found.
[WARNING STA-1650] /home/ubuntu/GitHub/sky130-trng/.loom/worktrees/issue-236/sim/digital-electrical-repair/requests/.klt/place-and-route/trng_digital_route.spef line 4372, net $10525 not found.
[WARNING STA-1650] /home/ubuntu/GitHub/sky130-trng/.loom/worktrees/issue-236/sim/digital-electrical-repair/requests/.klt/place-and-route/trng_digital_route.spef line 4380, net $10526 not found.
[WARNING STA-1650] /home/ubuntu/GitHub/sky130-trng/.loom/worktrees/issue-236/sim/digital-electrical-repair/requests/.klt/place-and-route/trng_digital_route.spef line 4394, net $10528 not found.
[WARNING STA-1650] /home/ubuntu/GitHub/sky130-trng/.loom/worktrees/issue-236/sim/digital-electrical-repair/requests/.klt/place-and-route/trng_digital_route.spef line 4408, net $10530 not found.
[WARNING STA-1650] /home/ubuntu/GitHub/sky130-trng/.loom/worktrees/issue-236/sim/digital-electrical-repair/requests/.klt/place-and-route/trng_digital_route.spef line 4419, net $10532 not found.
[WARNING STA-1650] /home/ubuntu/GitHub/sky130-trng/.loom/worktrees/issue-236/sim/digital-electrical-repair/requests/.klt/place-and-route/trng_digital_route.spef line 4437, net $10535 not found.
[WARNING STA-1650] /home/ubuntu/GitHub/sky130-trng/.loom/worktrees/issue-236/sim/digital-electrical-repair/requests/.klt/place-and-route/trng_digital_route.spef line 4447, net $10536 not found.
[WARNING STA-1650] /home/ubuntu/GitHub/sky130-trng/.loom/worktrees/issue-236/sim/digital-electrical-repair/requests/.klt/place-and-route/trng_digital_route.spef line 4460, net $10537 not found.
[WARNING STA-1650] /home/ubuntu/GitHub/sky130-trng/.loom/worktrees/issue-236/sim/digital-electrical-repair/requests/.klt/place-and-route/trng_digital_route.spef line 4484, net $10538 not found.
[WARNING STA-1650] /home/ubuntu/GitHub/sky130-trng/.loom/worktrees/issue-236/sim/digital-electrical-repair/requests/.klt/place-and-route/trng_digital_route.spef line 4505, net $10539 not found.
[WARNING STA-1650] /home/ubuntu/GitHub/sky130-trng/.loom/worktrees/issue-236/sim/digital-electrical-repair/requests/.klt/place-and-route/trng_digital_route.spef line 4515, net $1054 not found.
[WARNING STA-1650] /home/ubuntu/GitHub/sky130-trng/.loom/worktrees/issue-236/sim/digital-electrical-repair/requests/.klt/place-and-route/trng_digital_route.spef line 4524, net $10540 not found.
[WARNING STA-1650] /home/ubuntu/GitHub/sky130-trng/.loom/worktrees/issue-236/sim/digital-electrical-repair/requests/.klt/place-and-route/trng_digital_route.spef line 4536, net $10541 not found.
[WARNING STA-1650] /home/ubuntu/GitHub/sky130-trng/.loom/worktrees/issue-236/sim/digital-electrical-repair/requests/.klt/place-and-route/trng_digital_route.spef line 4549, net $10542 not found.
[WARNING STA-1650] /home/ubuntu/GitHub/sky130-trng/.loom/worktrees/issue-236/sim/digital-electrical-repair/requests/.klt/place-and-route/trng_digital_route.spef line 4562, net $10543 not found.
[WARNING STA-1650] /home/ubuntu/GitHub/sky130-trng/.loom/worktrees/issue-236/sim/digital-electrical-repair/requests/.klt/place-and-route/trng_digital_route.spef line 4576, net $1056 not found.
[WARNING STA-1650] /home/ubuntu/GitHub/sky130-trng/.loom/worktrees/issue-236/sim/digital-electrical-repair/requests/.klt/place-and-route/trng_digital_route.spef line 4600, net $1057 not found.
[WARNING STA-1650] /home/ubuntu/GitHub/sky130-trng/.loom/worktrees/issue-236/sim/digital-electrical-repair/requests/.klt/place-and-route/trng_digital_route.spef line 4621, net $10572 not found.
[WARNING STA-1650] /home/ubuntu/GitHub/sky130-trng/.loom/worktrees/issue-236/sim/digital-electrical-repair/requests/.klt/place-and-route/trng_digital_route.spef line 4630, net $10573 not found.
[WARNING STA-1650] /home/ubuntu/GitHub/sky130-trng/.loom/worktrees/issue-236/sim/digital-electrical-repair/requests/.klt/place-and-route/trng_digital_route.spef line 4639, net $10574 not found.
[WARNING STA-1650] /home/ubuntu/GitHub/sky130-trng/.loom/worktrees/issue-236/sim/digital-electrical-repair/requests/.klt/place-and-route/trng_digital_route.spef line 4648, net $10575 not found.
[WARNING STA-1650] /home/ubuntu/GitHub/sky130-trng/.loom/worktrees/issue-236/sim/digital-electrical-repair/requests/.klt/place-and-route/trng_digital_route.spef line 4657, net $10576 not found.
[WARNING STA-1650] /home/ubuntu/GitHub/sky130-trng/.loom/worktrees/issue-236/sim/digital-electrical-repair/requests/.klt/place-and-route/trng_digital_route.spef line 4667, net $10577 not found.
[WARNING STA-1650] /home/ubuntu/GitHub/sky130-trng/.loom/worktrees/issue-236/sim/digital-electrical-repair/requests/.klt/place-and-route/trng_digital_route.spef line 4678, net $10578 not found.
[WARNING STA-1650] /home/ubuntu/GitHub/sky130-trng/.loom/worktrees/issue-236/sim/digital-electrical-repair/requests/.klt/place-and-route/trng_digital_route.spef line 4690, net $10579 not found.
[WARNING STA-1650] /home/ubuntu/GitHub/sky130-trng/.loom/worktrees/issue-236/sim/digital-electrical-repair/requests/.klt/place-and-route/trng_digital_route.spef line 4700, net $1058 not found.
[WARNING STA-1650] /home/ubuntu/GitHub/sky130-trng/.loom/worktrees/issue-236/sim/digital-electrical-repair/requests/.klt/place-and-route/trng_digital_route.spef line 4710, net $10580 not found.
[WARNING STA-1650] /home/ubuntu/GitHub/sky130-trng/.loom/worktrees/issue-236/sim/digital-electrical-repair/requests/.klt/place-and-route/trng_digital_route.spef line 4721, net $10582 not found.
[WARNING STA-1650] /home/ubuntu/GitHub/sky130-trng/.loom/worktrees/issue-236/sim/digital-electrical-repair/requests/.klt/place-and-route/trng_digital_route.spef line 4730, net $10583 not found.
[WARNING STA-1650] /home/ubuntu/GitHub/sky130-trng/.loom/worktrees/issue-236/sim/digital-electrical-repair/requests/.klt/place-and-route/trng_digital_route.spef line 4739, net $10584 not found.
[WARNING STA-1650] /home/ubuntu/GitHub/sky130-trng/.loom/worktrees/issue-236/sim/digital-electrical-repair/requests/.klt/place-and-route/trng_digital_route.spef line 4750, net $10586 not found.
[WARNING STA-1650] /home/ubuntu/GitHub/sky130-trng/.loom/worktrees/issue-236/sim/digital-electrical-repair/requests/.klt/place-and-route/trng_digital_route.spef line 4759, net $1059 not found.
[WARNING STA-1650] /home/ubuntu/GitHub/sky130-trng/.loom/worktrees/issue-236/sim/digital-electrical-repair/requests/.klt/place-and-route/trng_digital_route.spef line 4771, net $1060 not found.
[WARNING STA-1650] /home/ubuntu/GitHub/sky130-trng/.loom/worktrees/issue-236/sim/digital-electrical-repair/requests/.klt/place-and-route/trng_digital_route.spef line 4786, net $10605 not found.
[WARNING STA-1650] /home/ubuntu/GitHub/sky130-trng/.loom/worktrees/issue-236/sim/digital-electrical-repair/requests/.klt/place-and-route/trng_digital_route.spef line 4797, net $10607 not found.
[WARNING STA-1650] /home/ubuntu/GitHub/sky130-trng/.loom/worktrees/issue-236/sim/digital-electrical-repair/requests/.klt/place-and-route/trng_digital_route.spef line 4811, net $10608 not found.
[WARNING STA-1650] /home/ubuntu/GitHub/sky130-trng/.loom/worktrees/issue-236/sim/digital-electrical-repair/requests/.klt/place-and-route/trng_digital_route.spef line 4826, net $10609 not found.
[WARNING STA-1650] /home/ubuntu/GitHub/sky130-trng/.loom/worktrees/issue-236/sim/digital-electrical-repair/requests/.klt/place-and-route/trng_digital_route.spef line 4836, net $1061 not found.
[WARNING STA-1650] /home/ubuntu/GitHub/sky130-trng/.loom/worktrees/issue-236/sim/digital-electrical-repair/requests/.klt/place-and-route/trng_digital_route.spef line 4852, net $10610 not found.
[WARNING STA-1650] /home/ubuntu/GitHub/sky130-trng/.loom/worktrees/issue-236/sim/digital-electrical-repair/requests/.klt/place-and-route/trng_digital_route.spef line 4866, net $10611 not found.
[WARNING STA-1650] /home/ubuntu/GitHub/sky130-trng/.loom/worktrees/issue-236/sim/digital-electrical-repair/requests/.klt/place-and-route/trng_digital_route.spef line 4875, net $10614 not found.
[WARNING STA-1650] /home/ubuntu/GitHub/sky130-trng/.loom/worktrees/issue-236/sim/digital-electrical-repair/requests/.klt/place-and-route/trng_digital_route.spef line 4888, net $10615 not found.
[WARNING STA-1650] /home/ubuntu/GitHub/sky130-trng/.loom/worktrees/issue-236/sim/digital-electrical-repair/requests/.klt/place-and-route/trng_digital_route.spef line 4903, net $10616 not found.
[WARNING STA-1650] /home/ubuntu/GitHub/sky130-trng/.loom/worktrees/issue-236/sim/digital-electrical-repair/requests/.klt/place-and-route/trng_digital_route.spef line 4914, net $10618 not found.
[WARNING STA-1650] /home/ubuntu/GitHub/sky130-trng/.loom/worktrees/issue-236/sim/digital-electrical-repair/requests/.klt/place-and-route/trng_digital_route.spef line 4928, net $10619 not found.
[WARNING STA-1650] /home/ubuntu/GitHub/sky130-trng/.loom/worktrees/issue-236/sim/digital-electrical-repair/requests/.klt/place-and-route/trng_digital_route.spef line 4943, net $1062 not found.
[WARNING STA-1650] /home/ubuntu/GitHub/sky130-trng/.loom/worktrees/issue-236/sim/digital-electrical-repair/requests/.klt/place-and-route/trng_digital_route.spef line 4961, net $10621 not found.
[WARNING STA-1650] /home/ubuntu/GitHub/sky130-trng/.loom/worktrees/issue-236/sim/digital-electrical-repair/requests/.klt/place-and-route/trng_digital_route.spef line 4983, net $10623 not found.
[WARNING STA-1650] /home/ubuntu/GitHub/sky130-trng/.loom/worktrees/issue-236/sim/digital-electrical-repair/requests/.klt/place-and-route/trng_digital_route.spef line 4995, net $10624 not found.
[WARNING STA-1650] /home/ubuntu/GitHub/sky130-trng/.loom/worktrees/issue-236/sim/digital-electrical-repair/requests/.klt/place-and-route/trng_digital_route.spef line 5012, net $10625 not found.
[WARNING STA-1650] /home/ubuntu/GitHub/sky130-trng/.loom/worktrees/issue-236/sim/digital-electrical-repair/requests/.klt/place-and-route/trng_digital_route.spef line 5028, net $10626 not found.
[WARNING STA-1650] /home/ubuntu/GitHub/sky130-trng/.loom/worktrees/issue-236/sim/digital-electrical-repair/requests/.klt/place-and-route/trng_digital_route.spef line 5041, net $10627 not found.
[WARNING STA-1650] /home/ubuntu/GitHub/sky130-trng/.loom/worktrees/issue-236/sim/digital-electrical-repair/requests/.klt/place-and-route/trng_digital_route.spef line 5058, net $10628 not found.
[WARNING STA-1650] /home/ubuntu/GitHub/sky130-trng/.loom/worktrees/issue-236/sim/digital-electrical-repair/requests/.klt/place-and-route/trng_digital_route.spef line 5069, net $10629 not found.
[WARNING STA-1650] /home/ubuntu/GitHub/sky130-trng/.loom/worktrees/issue-236/sim/digital-electrical-repair/requests/.klt/place-and-route/trng_digital_route.spef line 5080, net $10630 not found.
[WARNING STA-1650] /home/ubuntu/GitHub/sky130-trng/.loom/worktrees/issue-236/sim/digital-electrical-repair/requests/.klt/place-and-route/trng_digital_route.spef line 5090, net $10632 not found.
[WARNING STA-1650] /home/ubuntu/GitHub/sky130-trng/.loom/worktrees/issue-236/sim/digital-electrical-repair/requests/.klt/place-and-route/trng_digital_route.spef line 5101, net $10635 not found.
[WARNING STA-1650] /home/ubuntu/GitHub/sky130-trng/.loom/worktrees/issue-236/sim/digital-electrical-repair/requests/.klt/place-and-route/trng_digital_route.spef line 5126, net $10636 not found.
[WARNING STA-1650] /home/ubuntu/GitHub/sky130-trng/.loom/worktrees/issue-236/sim/digital-electrical-repair/requests/.klt/place-and-route/trng_digital_route.spef line 5149, net $10637 not found.
[WARNING STA-1650] /home/ubuntu/GitHub/sky130-trng/.loom/worktrees/issue-236/sim/digital-electrical-repair/requests/.klt/place-and-route/trng_digital_route.spef line 5160, net $10638 not found.
[WARNING STA-1650] /home/ubuntu/GitHub/sky130-trng/.loom/worktrees/issue-236/sim/digital-electrical-repair/requests/.klt/place-and-route/trng_digital_route.spef line 5173, net $10639 not found.
[WARNING STA-1650] /home/ubuntu/GitHub/sky130-trng/.loom/worktrees/issue-236/sim/digital-electrical-repair/requests/.klt/place-and-route/trng_digital_route.spef line 5183, net $1064 not found.
[WARNING STA-1650] /home/ubuntu/GitHub/sky130-trng/.loom/worktrees/issue-236/sim/digital-electrical-repair/requests/.klt/place-and-route/trng_digital_route.spef line 5196, net $10640 not found.
[WARNING STA-1650] /home/ubuntu/GitHub/sky130-trng/.loom/worktrees/issue-236/sim/digital-electrical-repair/requests/.klt/place-and-route/trng_digital_route.spef line 5209, net $10641 not found.
[WARNING STA-1650] /home/ubuntu/GitHub/sky130-trng/.loom/worktrees/issue-236/sim/digital-electrical-repair/requests/.klt/place-and-route/trng_digital_route.spef line 5222, net $10643 not found.
[WARNING STA-1650] /home/ubuntu/GitHub/sky130-trng/.loom/worktrees/issue-236/sim/digital-electrical-repair/requests/.klt/place-and-route/trng_digital_route.spef line 5236, net $10646 not found.
[WARNING STA-1650] /home/ubuntu/GitHub/sky130-trng/.loom/worktrees/issue-236/sim/digital-electrical-repair/requests/.klt/place-and-route/trng_digital_route.spef line 5245, net $10648 not found.
[WARNING STA-1650] /home/ubuntu/GitHub/sky130-trng/.loom/worktrees/issue-236/sim/digital-electrical-repair/requests/.klt/place-and-route/trng_digital_route.spef line 5256, net $10649 not found.
[WARNING STA-1650] /home/ubuntu/GitHub/sky130-trng/.loom/worktrees/issue-236/sim/digital-electrical-repair/requests/.klt/place-and-route/trng_digital_route.spef line 5281, net $1065 not found.
[WARNING STA-1650] /home/ubuntu/GitHub/sky130-trng/.loom/worktrees/issue-236/sim/digital-electrical-repair/requests/.klt/place-and-route/trng_digital_route.spef line 5295, net $10650 not found.
[WARNING STA-1650] /home/ubuntu/GitHub/sky130-trng/.loom/worktrees/issue-236/sim/digital-electrical-repair/requests/.klt/place-and-route/trng_digital_route.spef line 5317, net $10651 not found.
[WARNING STA-1650] /home/ubuntu/GitHub/sky130-trng/.loom/worktrees/issue-236/sim/digital-electrical-repair/requests/.klt/place-and-route/trng_digital_route.spef line 5330, net $10652 not found.
[WARNING STA-1650] /home/ubuntu/GitHub/sky130-trng/.loom/worktrees/issue-236/sim/digital-electrical-repair/requests/.klt/place-and-route/trng_digital_route.spef line 5344, net $10653 not found.
[WARNING STA-1650] /home/ubuntu/GitHub/sky130-trng/.loom/worktrees/issue-236/sim/digital-electrical-repair/requests/.klt/place-and-route/trng_digital_route.spef line 5353, net $10654 not found.
[WARNING STA-1650] /home/ubuntu/GitHub/sky130-trng/.loom/worktrees/issue-236/sim/digital-electrical-repair/requests/.klt/place-and-route/trng_digital_route.spef line 5367, net $10655 not found.
[WARNING STA-1650] /home/ubuntu/GitHub/sky130-trng/.loom/worktrees/issue-236/sim/digital-electrical-repair/requests/.klt/place-and-route/trng_digital_route.spef line 5381, net $10656 not found.
[WARNING STA-1650] /home/ubuntu/GitHub/sky130-trng/.loom/worktrees/issue-236/sim/digital-electrical-repair/requests/.klt/place-and-route/trng_digital_route.spef line 5396, net $10658 not found.
[WARNING STA-1650] /home/ubuntu/GitHub/sky130-trng/.loom/worktrees/issue-236/sim/digital-electrical-repair/requests/.klt/place-and-route/trng_digital_route.spef line 5405, net $10660 not found.
[WARNING STA-1650] /home/ubuntu/GitHub/sky130-trng/.loom/worktrees/issue-236/sim/digital-electrical-repair/requests/.klt/place-and-route/trng_digital_route.spef line 5415, net $10663 not found.
[WARNING STA-1650] /home/ubuntu/GitHub/sky130-trng/.loom/worktrees/issue-236/sim/digital-electrical-repair/requests/.klt/place-and-route/trng_digital_route.spef line 5428, net $10664 not found.
[WARNING STA-1650] /home/ubuntu/GitHub/sky130-trng/.loom/worktrees/issue-236/sim/digital-electrical-repair/requests/.klt/place-and-route/trng_digital_route.spef line 5438, net $10667 not found.
[WARNING STA-1650] /home/ubuntu/GitHub/sky130-trng/.loom/worktrees/issue-236/sim/digital-electrical-repair/requests/.klt/place-and-route/trng_digital_route.spef line 5450, net $10671 not found.
[WARNING STA-1650] /home/ubuntu/GitHub/sky130-trng/.loom/worktrees/issue-236/sim/digital-electrical-repair/requests/.klt/place-and-route/trng_digital_route.spef line 5465, net $10672 not found.
[WARNING STA-1650] /home/ubuntu/GitHub/sky130-trng/.loom/worktrees/issue-236/sim/digital-electrical-repair/requests/.klt/place-and-route/trng_digital_route.spef line 5474, net $10689 not found.
[WARNING STA-1650] /home/ubuntu/GitHub/sky130-trng/.loom/worktrees/issue-236/sim/digital-electrical-repair/requests/.klt/place-and-route/trng_digital_route.spef line 5484, net $1069 not found.
[WARNING STA-1650] /home/ubuntu/GitHub/sky130-trng/.loom/worktrees/issue-236/sim/digital-electrical-repair/requests/.klt/place-and-route/trng_digital_route.spef line 5500, net $10690 not found.
[WARNING STA-1650] /home/ubuntu/GitHub/sky130-trng/.loom/worktrees/issue-236/sim/digital-electrical-repair/requests/.klt/place-and-route/trng_digital_route.spef line 5510, net $10691 not found.
[WARNING STA-1650] /home/ubuntu/GitHub/sky130-trng/.loom/worktrees/issue-236/sim/digital-electrical-repair/requests/.klt/place-and-route/trng_digital_route.spef line 5520, net $10692 not found.
[WARNING STA-1650] /home/ubuntu/GitHub/sky130-trng/.loom/worktrees/issue-236/sim/digital-electrical-repair/requests/.klt/place-and-route/trng_digital_route.spef line 5530, net $10693 not found.
[WARNING STA-1650] /home/ubuntu/GitHub/sky130-trng/.loom/worktrees/issue-236/sim/digital-electrical-repair/requests/.klt/place-and-route/trng_digital_route.spef line 5540, net $10694 not found.
[WARNING STA-1650] /home/ubuntu/GitHub/sky130-trng/.loom/worktrees/issue-236/sim/digital-electrical-repair/requests/.klt/place-and-route/trng_digital_route.spef line 5550, net $10696 not found.
[WARNING STA-1650] /home/ubuntu/GitHub/sky130-trng/.loom/worktrees/issue-236/sim/digital-electrical-repair/requests/.klt/place-and-route/trng_digital_route.spef line 5560, net $10697 not found.
[WARNING STA-1650] /home/ubuntu/GitHub/sky130-trng/.loom/worktrees/issue-236/sim/digital-electrical-repair/requests/.klt/place-and-route/trng_digital_route.spef line 5569, net $10698 not found.
[WARNING STA-1650] /home/ubuntu/GitHub/sky130-trng/.loom/worktrees/issue-236/sim/digital-electrical-repair/requests/.klt/place-and-route/trng_digital_route.spef line 5577, net $10699 not found.
[WARNING STA-1650] /home/ubuntu/GitHub/sky130-trng/.loom/worktrees/issue-236/sim/digital-electrical-repair/requests/.klt/place-and-route/trng_digital_route.spef line 5585, net $10702 not found.
[WARNING STA-1650] /home/ubuntu/GitHub/sky130-trng/.loom/worktrees/issue-236/sim/digital-electrical-repair/requests/.klt/place-and-route/trng_digital_route.spef line 5594, net $10703 not found.
[WARNING STA-1650] /home/ubuntu/GitHub/sky130-trng/.loom/worktrees/issue-236/sim/digital-electrical-repair/requests/.klt/place-and-route/trng_digital_route.spef line 5602, net $10705 not found.
[WARNING STA-1650] /home/ubuntu/GitHub/sky130-trng/.loom/worktrees/issue-236/sim/digital-electrical-repair/requests/.klt/place-and-route/trng_digital_route.spef line 5611, net $10706 not found.
[WARNING STA-1650] /home/ubuntu/GitHub/sky130-trng/.loom/worktrees/issue-236/sim/digital-electrical-repair/requests/.klt/place-and-route/trng_digital_route.spef line 5621, net $10707 not found.
[WARNING STA-1650] /home/ubuntu/GitHub/sky130-trng/.loom/worktrees/issue-236/sim/digital-electrical-repair/requests/.klt/place-and-route/trng_digital_route.spef line 5632, net $10708 not found.
[WARNING STA-1650] /home/ubuntu/GitHub/sky130-trng/.loom/worktrees/issue-236/sim/digital-electrical-repair/requests/.klt/place-and-route/trng_digital_route.spef line 5642, net $1071 not found.
[WARNING STA-1650] /home/ubuntu/GitHub/sky130-trng/.loom/worktrees/issue-236/sim/digital-electrical-repair/requests/.klt/place-and-route/trng_digital_route.spef line 5657, net $10728 not found.
[WARNING STA-1650] /home/ubuntu/GitHub/sky130-trng/.loom/worktrees/issue-236/sim/digital-electrical-repair/requests/.klt/place-and-route/trng_digital_route.spef line 5665, net $1073 not found.
[WARNING STA-1650] /home/ubuntu/GitHub/sky130-trng/.loom/worktrees/issue-236/sim/digital-electrical-repair/requests/.klt/place-and-route/trng_digital_route.spef line 5674, net $10731 not found.
[WARNING STA-1650] /home/ubuntu/GitHub/sky130-trng/.loom/worktrees/issue-236/sim/digital-electrical-repair/requests/.klt/place-and-route/trng_digital_route.spef line 5682, net $10732 not found.
[WARNING STA-1650] /home/ubuntu/GitHub/sky130-trng/.loom/worktrees/issue-236/sim/digital-electrical-repair/requests/.klt/place-and-route/trng_digital_route.spef line 5693, net $10734 not found.
[WARNING STA-1650] /home/ubuntu/GitHub/sky130-trng/.loom/worktrees/issue-236/sim/digital-electrical-repair/requests/.klt/place-and-route/trng_digital_route.spef line 5702, net $10735 not found.
[WARNING STA-1650] /home/ubuntu/GitHub/sky130-trng/.loom/worktrees/issue-236/sim/digital-electrical-repair/requests/.klt/place-and-route/trng_digital_route.spef line 5712, net $10736 not found.
[WARNING STA-1650] /home/ubuntu/GitHub/sky130-trng/.loom/worktrees/issue-236/sim/digital-electrical-repair/requests/.klt/place-and-route/trng_digital_route.spef line 5725, net $10738 not found.
[WARNING STA-1650] /home/ubuntu/GitHub/sky130-trng/.loom/worktrees/issue-236/sim/digital-electrical-repair/requests/.klt/place-and-route/trng_digital_route.spef line 5752, net $10739 not found.
[WARNING STA-1650] /home/ubuntu/GitHub/sky130-trng/.loom/worktrees/issue-236/sim/digital-electrical-repair/requests/.klt/place-and-route/trng_digital_route.spef line 5777, net $10740 not found.
[WARNING STA-1650] /home/ubuntu/GitHub/sky130-trng/.loom/worktrees/issue-236/sim/digital-electrical-repair/requests/.klt/place-and-route/trng_digital_route.spef line 5790, net $10741 not found.
[WARNING STA-1650] /home/ubuntu/GitHub/sky130-trng/.loom/worktrees/issue-236/sim/digital-electrical-repair/requests/.klt/place-and-route/trng_digital_route.spef line 5805, net $10742 not found.
[WARNING STA-1650] /home/ubuntu/GitHub/sky130-trng/.loom/worktrees/issue-236/sim/digital-electrical-repair/requests/.klt/place-and-route/trng_digital_route.spef line 5820, net $10743 not found.
[WARNING STA-1650] /home/ubuntu/GitHub/sky130-trng/.loom/worktrees/issue-236/sim/digital-electrical-repair/requests/.klt/place-and-route/trng_digital_route.spef line 5836, net $10745 not found.
[WARNING STA-1650] /home/ubuntu/GitHub/sky130-trng/.loom/worktrees/issue-236/sim/digital-electrical-repair/requests/.klt/place-and-route/trng_digital_route.spef line 5860, net $10746 not found.
[WARNING STA-1650] /home/ubuntu/GitHub/sky130-trng/.loom/worktrees/issue-236/sim/digital-electrical-repair/requests/.klt/place-and-route/trng_digital_route.spef line 5882, net $10747 not found.
[WARNING STA-1650] /home/ubuntu/GitHub/sky130-trng/.loom/worktrees/issue-236/sim/digital-electrical-repair/requests/.klt/place-and-route/trng_digital_route.spef line 5893, net $10748 not found.
[WARNING STA-1650] /home/ubuntu/GitHub/sky130-trng/.loom/worktrees/issue-236/sim/digital-electrical-repair/requests/.klt/place-and-route/trng_digital_route.spef line 5906, net $10749 not found.
[WARNING STA-1650] /home/ubuntu/GitHub/sky130-trng/.loom/worktrees/issue-236/sim/digital-electrical-repair/requests/.klt/place-and-route/trng_digital_route.spef line 5921, net $1075 not found.
[WARNING STA-1650] /home/ubuntu/GitHub/sky130-trng/.loom/worktrees/issue-236/sim/digital-electrical-repair/requests/.klt/place-and-route/trng_digital_route.spef line 5930, net $10750 not found.
[WARNING STA-1650] /home/ubuntu/GitHub/sky130-trng/.loom/worktrees/issue-236/sim/digital-electrical-repair/requests/.klt/place-and-route/trng_digital_route.spef line 5946, net $10756 not found.
[WARNING STA-1650] /home/ubuntu/GitHub/sky130-trng/.loom/worktrees/issue-236/sim/digital-electrical-repair/requests/.klt/place-and-route/trng_digital_route.spef line 5973, net $10757 not found.
[WARNING STA-1650] /home/ubuntu/GitHub/sky130-trng/.loom/worktrees/issue-236/sim/digital-electrical-repair/requests/.klt/place-and-route/trng_digital_route.spef line 5997, net $10758 not found.
[WARNING STA-1650] /home/ubuntu/GitHub/sky130-trng/.loom/worktrees/issue-236/sim/digital-electrical-repair/requests/.klt/place-and-route/trng_digital_route.spef line 6010, net $10759 not found.
[WARNING STA-1650] /home/ubuntu/GitHub/sky130-trng/.loom/worktrees/issue-236/sim/digital-electrical-repair/requests/.klt/place-and-route/trng_digital_route.spef line 6024, net $1076 not found.
[WARNING STA-1650] /home/ubuntu/GitHub/sky130-trng/.loom/worktrees/issue-236/sim/digital-electrical-repair/requests/.klt/place-and-route/trng_digital_route.spef line 6036, net $10760 not found.
[WARNING STA-1650] /home/ubuntu/GitHub/sky130-trng/.loom/worktrees/issue-236/sim/digital-electrical-repair/requests/.klt/place-and-route/trng_digital_route.spef line 6052, net $10761 not found.
[WARNING STA-1650] /home/ubuntu/GitHub/sky130-trng/.loom/worktrees/issue-236/sim/digital-electrical-repair/requests/.klt/place-and-route/trng_digital_route.spef line 6069, net $10763 not found.
[WARNING STA-1650] /home/ubuntu/GitHub/sky130-trng/.loom/worktrees/issue-236/sim/digital-electrical-repair/requests/.klt/place-and-route/trng_digital_route.spef line 6098, net $10764 not found.
[WARNING STA-1650] /home/ubuntu/GitHub/sky130-trng/.loom/worktrees/issue-236/sim/digital-electrical-repair/requests/.klt/place-and-route/trng_digital_route.spef line 6125, net $10765 not found.
[WARNING STA-1650] /home/ubuntu/GitHub/sky130-trng/.loom/worktrees/issue-236/sim/digital-electrical-repair/requests/.klt/place-and-route/trng_digital_route.spef line 6136, net $10766 not found.
[WARNING STA-1650] /home/ubuntu/GitHub/sky130-trng/.loom/worktrees/issue-236/sim/digital-electrical-repair/requests/.klt/place-and-route/trng_digital_route.spef line 6149, net $10767 not found.
[WARNING STA-1650] /home/ubuntu/GitHub/sky130-trng/.loom/worktrees/issue-236/sim/digital-electrical-repair/requests/.klt/place-and-route/trng_digital_route.spef line 6163, net $10768 not found.
[WARNING STA-1650] /home/ubuntu/GitHub/sky130-trng/.loom/worktrees/issue-236/sim/digital-electrical-repair/requests/.klt/place-and-route/trng_digital_route.spef line 6178, net $10770 not found.
[WARNING STA-1650] /home/ubuntu/GitHub/sky130-trng/.loom/worktrees/issue-236/sim/digital-electrical-repair/requests/.klt/place-and-route/trng_digital_route.spef line 6187, net $10771 not found.
[WARNING STA-1650] /home/ubuntu/GitHub/sky130-trng/.loom/worktrees/issue-236/sim/digital-electrical-repair/requests/.klt/place-and-route/trng_digital_route.spef line 6201, net $10773 not found.
[WARNING STA-1650] /home/ubuntu/GitHub/sky130-trng/.loom/worktrees/issue-236/sim/digital-electrical-repair/requests/.klt/place-and-route/trng_digital_route.spef line 6218, net $10775 not found.
[WARNING STA-1650] /home/ubuntu/GitHub/sky130-trng/.loom/worktrees/issue-236/sim/digital-electrical-repair/requests/.klt/place-and-route/trng_digital_route.spef line 6226, net $10776 not found.
[WARNING STA-1650] /home/ubuntu/GitHub/sky130-trng/.loom/worktrees/issue-236/sim/digital-electrical-repair/requests/.klt/place-and-route/trng_digital_route.spef line 6235, net $10777 not found.
[WARNING STA-1650] /home/ubuntu/GitHub/sky130-trng/.loom/worktrees/issue-236/sim/digital-electrical-repair/requests/.klt/place-and-route/trng_digital_route.spef line 6248, net $10778 not found.
[WARNING STA-1650] /home/ubuntu/GitHub/sky130-trng/.loom/worktrees/issue-236/sim/digital-electrical-repair/requests/.klt/place-and-route/trng_digital_route.spef line 6265, net $1078 not found.
[WARNING STA-1650] /home/ubuntu/GitHub/sky130-trng/.loom/worktrees/issue-236/sim/digital-electrical-repair/requests/.klt/place-and-route/trng_digital_route.spef line 6282, net $10780 not found.
[WARNING STA-1650] /home/ubuntu/GitHub/sky130-trng/.loom/worktrees/issue-236/sim/digital-electrical-repair/requests/.klt/place-and-route/trng_digital_route.spef line 6305, net $10781 not found.
[WARNING STA-1650] /home/ubuntu/GitHub/sky130-trng/.loom/worktrees/issue-236/sim/digital-electrical-repair/requests/.klt/place-and-route/trng_digital_route.spef line 6326, net $10782 not found.
[WARNING STA-1650] /home/ubuntu/GitHub/sky130-trng/.loom/worktrees/issue-236/sim/digital-electrical-repair/requests/.klt/place-and-route/trng_digital_route.spef line 6338, net $10783 not found.
[WARNING STA-1650] /home/ubuntu/GitHub/sky130-trng/.loom/worktrees/issue-236/sim/digital-electrical-repair/requests/.klt/place-and-route/trng_digital_route.spef line 6352, net $10784 not found.
[WARNING STA-1650] /home/ubuntu/GitHub/sky130-trng/.loom/worktrees/issue-236/sim/digital-electrical-repair/requests/.klt/place-and-route/trng_digital_route.spef line 6366, net $10785 not found.
[WARNING STA-1650] /home/ubuntu/GitHub/sky130-trng/.loom/worktrees/issue-236/sim/digital-electrical-repair/requests/.klt/place-and-route/trng_digital_route.spef line 6382, net $10786 not found.
[WARNING STA-1650] /home/ubuntu/GitHub/sky130-trng/.loom/worktrees/issue-236/sim/digital-electrical-repair/requests/.klt/place-and-route/trng_digital_route.spef line 6391, net $10789 not found.
[WARNING STA-1650] /home/ubuntu/GitHub/sky130-trng/.loom/worktrees/issue-236/sim/digital-electrical-repair/requests/.klt/place-and-route/trng_digital_route.spef line 6400, net $10790 not found.
[WARNING STA-1650] /home/ubuntu/GitHub/sky130-trng/.loom/worktrees/issue-236/sim/digital-electrical-repair/requests/.klt/place-and-route/trng_digital_route.spef line 6413, net $10792 not found.
[WARNING STA-1650] /home/ubuntu/GitHub/sky130-trng/.loom/worktrees/issue-236/sim/digital-electrical-repair/requests/.klt/place-and-route/trng_digital_route.spef line 6429, net $10793 not found.
[WARNING STA-1650] /home/ubuntu/GitHub/sky130-trng/.loom/worktrees/issue-236/sim/digital-electrical-repair/requests/.klt/place-and-route/trng_digital_route.spef line 6448, net $10795 not found.
[WARNING STA-1650] /home/ubuntu/GitHub/sky130-trng/.loom/worktrees/issue-236/sim/digital-electrical-repair/requests/.klt/place-and-route/trng_digital_route.spef line 6472, net $10796 not found.
[WARNING STA-1650] /home/ubuntu/GitHub/sky130-trng/.loom/worktrees/issue-236/sim/digital-electrical-repair/requests/.klt/place-and-route/trng_digital_route.spef line 6493, net $10797 not found.
[WARNING STA-1650] /home/ubuntu/GitHub/sky130-trng/.loom/worktrees/issue-236/sim/digital-electrical-repair/requests/.klt/place-and-route/trng_digital_route.spef line 6505, net $10798 not found.
[WARNING STA-1650] /home/ubuntu/GitHub/sky130-trng/.loom/worktrees/issue-236/sim/digital-electrical-repair/requests/.klt/place-and-route/trng_digital_route.spef line 6521, net $10799 not found.
[WARNING STA-1650] /home/ubuntu/GitHub/sky130-trng/.loom/worktrees/issue-236/sim/digital-electrical-repair/requests/.klt/place-and-route/trng_digital_route.spef line 6534, net $10800 not found.
[WARNING STA-1650] /home/ubuntu/GitHub/sky130-trng/.loom/worktrees/issue-236/sim/digital-electrical-repair/requests/.klt/place-and-route/trng_digital_route.spef line 6551, net $10801 not found.
[WARNING STA-1650] /home/ubuntu/GitHub/sky130-trng/.loom/worktrees/issue-236/sim/digital-electrical-repair/requests/.klt/place-and-route/trng_digital_route.spef line 6562, net $10802 not found.
[WARNING STA-1650] /home/ubuntu/GitHub/sky130-trng/.loom/worktrees/issue-236/sim/digital-electrical-repair/requests/.klt/place-and-route/trng_digital_route.spef line 6573, net $10830 not found.
[WARNING STA-1650] /home/ubuntu/GitHub/sky130-trng/.loom/worktrees/issue-236/sim/digital-electrical-repair/requests/.klt/place-and-route/trng_digital_route.spef line 6584, net $10831 not found.
[WARNING STA-1650] /home/ubuntu/GitHub/sky130-trng/.loom/worktrees/issue-236/sim/digital-electrical-repair/requests/.klt/place-and-route/trng_digital_route.spef line 6594, net $10832 not found.
[WARNING STA-1650] /home/ubuntu/GitHub/sky130-trng/.loom/worktrees/issue-236/sim/digital-electrical-repair/requests/.klt/place-and-route/trng_digital_route.spef line 6609, net $10833 not found.
[WARNING STA-1650] /home/ubuntu/GitHub/sky130-trng/.loom/worktrees/issue-236/sim/digital-electrical-repair/requests/.klt/place-and-route/trng_digital_route.spef line 6624, net $10834 not found.
[WARNING STA-1650] /home/ubuntu/GitHub/sky130-trng/.loom/worktrees/issue-236/sim/digital-electrical-repair/requests/.klt/place-and-route/trng_digital_route.spef line 6639, net $10835 not found.
[WARNING STA-1650] /home/ubuntu/GitHub/sky130-trng/.loom/worktrees/issue-236/sim/digital-electrical-repair/requests/.klt/place-and-route/trng_digital_route.spef line 6653, net $10836 not found.
[WARNING STA-1650] /home/ubuntu/GitHub/sky130-trng/.loom/worktrees/issue-236/sim/digital-electrical-repair/requests/.klt/place-and-route/trng_digital_route.spef line 6663, net $10837 not found.
[WARNING STA-1650] /home/ubuntu/GitHub/sky130-trng/.loom/worktrees/issue-236/sim/digital-electrical-repair/requests/.klt/place-and-route/trng_digital_route.spef line 6678, net $10838 not found.
[WARNING STA-1650] /home/ubuntu/GitHub/sky130-trng/.loom/worktrees/issue-236/sim/digital-electrical-repair/requests/.klt/place-and-route/trng_digital_route.spef line 6689, net $10840 not found.
[WARNING STA-1650] /home/ubuntu/GitHub/sky130-trng/.loom/worktrees/issue-236/sim/digital-electrical-repair/requests/.klt/place-and-route/trng_digital_route.spef line 6699, net $10841 not found.
[WARNING STA-1650] /home/ubuntu/GitHub/sky130-trng/.loom/worktrees/issue-236/sim/digital-electrical-repair/requests/.klt/place-and-route/trng_digital_route.spef line 6708, net $10843 not found.
[WARNING STA-1650] /home/ubuntu/GitHub/sky130-trng/.loom/worktrees/issue-236/sim/digital-electrical-repair/requests/.klt/place-and-route/trng_digital_route.spef line 6718, net $10844 not found.
[WARNING STA-1650] /home/ubuntu/GitHub/sky130-trng/.loom/worktrees/issue-236/sim/digital-electrical-repair/requests/.klt/place-and-route/trng_digital_route.spef line 6728, net $10845 not found.
[WARNING STA-1650] /home/ubuntu/GitHub/sky130-trng/.loom/worktrees/issue-236/sim/digital-electrical-repair/requests/.klt/place-and-route/trng_digital_route.spef line 6738, net $1085 not found.
[WARNING STA-1650] /home/ubuntu/GitHub/sky130-trng/.loom/worktrees/issue-236/sim/digital-electrical-repair/requests/.klt/place-and-route/trng_digital_route.spef line 6756, net $1086 not found.
[WARNING STA-1650] /home/ubuntu/GitHub/sky130-trng/.loom/worktrees/issue-236/sim/digital-electrical-repair/requests/.klt/place-and-route/trng_digital_route.spef line 6768, net $10864 not found.
[WARNING STA-1650] /home/ubuntu/GitHub/sky130-trng/.loom/worktrees/issue-236/sim/digital-electrical-repair/requests/.klt/place-and-route/trng_digital_route.spef line 6777, net $10867 not found.
[WARNING STA-1650] /home/ubuntu/GitHub/sky130-trng/.loom/worktrees/issue-236/sim/digital-electrical-repair/requests/.klt/place-and-route/trng_digital_route.spef line 6790, net $10868 not found.
[WARNING STA-1650] /home/ubuntu/GitHub/sky130-trng/.loom/worktrees/issue-236/sim/digital-electrical-repair/requests/.klt/place-and-route/trng_digital_route.spef line 6801, net $1087 not found.
[WARNING STA-1650] /home/ubuntu/GitHub/sky130-trng/.loom/worktrees/issue-236/sim/digital-electrical-repair/requests/.klt/place-and-route/trng_digital_route.spef line 6811, net $10871 not found.
[WARNING STA-1650] /home/ubuntu/GitHub/sky130-trng/.loom/worktrees/issue-236/sim/digital-electrical-repair/requests/.klt/place-and-route/trng_digital_route.spef line 6823, net $10873 not found.
[WARNING STA-1650] /home/ubuntu/GitHub/sky130-trng/.loom/worktrees/issue-236/sim/digital-electrical-repair/requests/.klt/place-and-route/trng_digital_route.spef line 6838, net $10875 not found.
[WARNING STA-1650] /home/ubuntu/GitHub/sky130-trng/.loom/worktrees/issue-236/sim/digital-electrical-repair/requests/.klt/place-and-route/trng_digital_route.spef line 6849, net $10876 not found.
[WARNING STA-1650] /home/ubuntu/GitHub/sky130-trng/.loom/worktrees/issue-236/sim/digital-electrical-repair/requests/.klt/place-and-route/trng_digital_route.spef line 6861, net $10877 not found.
[WARNING STA-1650] /home/ubuntu/GitHub/sky130-trng/.loom/worktrees/issue-236/sim/digital-electrical-repair/requests/.klt/place-and-route/trng_digital_route.spef line 6885, net $10878 not found.
[WARNING STA-1650] /home/ubuntu/GitHub/sky130-trng/.loom/worktrees/issue-236/sim/digital-electrical-repair/requests/.klt/place-and-route/trng_digital_route.spef line 6907, net $10880 not found.
[WARNING STA-1650] /home/ubuntu/GitHub/sky130-trng/.loom/worktrees/issue-236/sim/digital-electrical-repair/requests/.klt/place-and-route/trng_digital_route.spef line 6919, net $10881 not found.
[WARNING STA-1650] /home/ubuntu/GitHub/sky130-trng/.loom/worktrees/issue-236/sim/digital-electrical-repair/requests/.klt/place-and-route/trng_digital_route.spef line 6932, net $10882 not found.
[WARNING STA-1650] /home/ubuntu/GitHub/sky130-trng/.loom/worktrees/issue-236/sim/digital-electrical-repair/requests/.klt/place-and-route/trng_digital_route.spef line 6941, net $10883 not found.
[WARNING STA-1650] /home/ubuntu/GitHub/sky130-trng/.loom/worktrees/issue-236/sim/digital-electrical-repair/requests/.klt/place-and-route/trng_digital_route.spef line 6955, net $10884 not found.
[WARNING STA-1650] /home/ubuntu/GitHub/sky130-trng/.loom/worktrees/issue-236/sim/digital-electrical-repair/requests/.klt/place-and-route/trng_digital_route.spef line 6972, net $10886 not found.
[WARNING STA-1650] /home/ubuntu/GitHub/sky130-trng/.loom/worktrees/issue-236/sim/digital-electrical-repair/requests/.klt/place-and-route/trng_digital_route.spef line 6991, net $10887 not found.
[WARNING STA-1650] /home/ubuntu/GitHub/sky130-trng/.loom/worktrees/issue-236/sim/digital-electrical-repair/requests/.klt/place-and-route/trng_digital_route.spef line 7001, net $10888 not found.
[WARNING STA-1650] /home/ubuntu/GitHub/sky130-trng/.loom/worktrees/issue-236/sim/digital-electrical-repair/requests/.klt/place-and-route/trng_digital_route.spef line 7014, net $10889 not found.
[WARNING STA-1650] /home/ubuntu/GitHub/sky130-trng/.loom/worktrees/issue-236/sim/digital-electrical-repair/requests/.klt/place-and-route/trng_digital_route.spef line 7028, net $10894 not found.
[WARNING STA-1650] /home/ubuntu/GitHub/sky130-trng/.loom/worktrees/issue-236/sim/digital-electrical-repair/requests/.klt/place-and-route/trng_digital_route.spef line 7043, net $1090 not found.
[WARNING STA-1650] /home/ubuntu/GitHub/sky130-trng/.loom/worktrees/issue-236/sim/digital-electrical-repair/requests/.klt/place-and-route/trng_digital_route.spef line 7058, net $10900 not found.
[WARNING STA-1650] /home/ubuntu/GitHub/sky130-trng/.loom/worktrees/issue-236/sim/digital-electrical-repair/requests/.klt/place-and-route/trng_digital_route.spef line 7069, net $10901 not found.
[WARNING STA-1650] /home/ubuntu/GitHub/sky130-trng/.loom/worktrees/issue-236/sim/digital-electrical-repair/requests/.klt/place-and-route/trng_digital_route.spef line 7083, net $10902 not found.
[WARNING STA-1650] /home/ubuntu/GitHub/sky130-trng/.loom/worktrees/issue-236/sim/digital-electrical-repair/requests/.klt/place-and-route/trng_digital_route.spef line 7092, net $10904 not found.
[WARNING STA-1650] /home/ubuntu/GitHub/sky130-trng/.loom/worktrees/issue-236/sim/digital-electrical-repair/requests/.klt/place-and-route/trng_digital_route.spef line 7105, net $10906 not found.
[WARNING STA-1650] /home/ubuntu/GitHub/sky130-trng/.loom/worktrees/issue-236/sim/digital-electrical-repair/requests/.klt/place-and-route/trng_digital_route.spef line 7114, net $10909 not found.
[WARNING STA-1650] /home/ubuntu/GitHub/sky130-trng/.loom/worktrees/issue-236/sim/digital-electrical-repair/requests/.klt/place-and-route/trng_digital_route.spef line 7125, net $1091 not found.
[WARNING STA-1650] /home/ubuntu/GitHub/sky130-trng/.loom/worktrees/issue-236/sim/digital-electrical-repair/requests/.klt/place-and-route/trng_digital_route.spef line 7141, net $10911 not found.
[WARNING STA-1650] /home/ubuntu/GitHub/sky130-trng/.loom/worktrees/issue-236/sim/digital-electrical-repair/requests/.klt/place-and-route/trng_digital_route.spef line 7154, net $10913 not found.
[WARNING STA-1650] /home/ubuntu/GitHub/sky130-trng/.loom/worktrees/issue-236/sim/digital-electrical-repair/requests/.klt/place-and-route/trng_digital_route.spef line 7173, net $10914 not found.
[WARNING STA-1650] /home/ubuntu/GitHub/sky130-trng/.loom/worktrees/issue-236/sim/digital-electrical-repair/requests/.klt/place-and-route/trng_digital_route.spef line 7184, net $10916 not found.
[WARNING STA-1650] /home/ubuntu/GitHub/sky130-trng/.loom/worktrees/issue-236/sim/digital-electrical-repair/requests/.klt/place-and-route/trng_digital_route.spef line 7212, net $10917 not found.
[WARNING STA-1650] /home/ubuntu/GitHub/sky130-trng/.loom/worktrees/issue-236/sim/digital-electrical-repair/requests/.klt/place-and-route/trng_digital_route.spef line 7237, net $10918 not found.
[WARNING STA-1650] /home/ubuntu/GitHub/sky130-trng/.loom/worktrees/issue-236/sim/digital-electrical-repair/requests/.klt/place-and-route/trng_digital_route.spef line 7249, net $10919 not found.
[WARNING STA-1650] /home/ubuntu/GitHub/sky130-trng/.loom/worktrees/issue-236/sim/digital-electrical-repair/requests/.klt/place-and-route/trng_digital_route.spef line 7263, net $1092 not found.
[WARNING STA-1650] /home/ubuntu/GitHub/sky130-trng/.loom/worktrees/issue-236/sim/digital-electrical-repair/requests/.klt/place-and-route/trng_digital_route.spef line 7271, net $10920 not found.
[WARNING STA-1650] /home/ubuntu/GitHub/sky130-trng/.loom/worktrees/issue-236/sim/digital-electrical-repair/requests/.klt/place-and-route/trng_digital_route.spef line 7280, net $10921 not found.
[WARNING STA-1650] /home/ubuntu/GitHub/sky130-trng/.loom/worktrees/issue-236/sim/digital-electrical-repair/requests/.klt/place-and-route/trng_digital_route.spef line 7295, net $10922 not found.
[WARNING STA-1650] /home/ubuntu/GitHub/sky130-trng/.loom/worktrees/issue-236/sim/digital-electrical-repair/requests/.klt/place-and-route/trng_digital_route.spef line 7312, net $10923 not found.
[WARNING STA-1650] /home/ubuntu/GitHub/sky130-trng/.loom/worktrees/issue-236/sim/digital-electrical-repair/requests/.klt/place-and-route/trng_digital_route.spef line 7330, net $10926 not found.
[WARNING STA-1650] /home/ubuntu/GitHub/sky130-trng/.loom/worktrees/issue-236/sim/digital-electrical-repair/requests/.klt/place-and-route/trng_digital_route.spef line 7350, net $1093 not found.
[WARNING STA-1650] /home/ubuntu/GitHub/sky130-trng/.loom/worktrees/issue-236/sim/digital-electrical-repair/requests/.klt/place-and-route/trng_digital_route.spef line 7358, net $1094 not found.
[WARNING STA-1650] /home/ubuntu/GitHub/sky130-trng/.loom/worktrees/issue-236/sim/digital-electrical-repair/requests/.klt/place-and-route/trng_digital_route.spef line 7369, net $1095 not found.
[WARNING STA-1650] /home/ubuntu/GitHub/sky130-trng/.loom/worktrees/issue-236/sim/digital-electrical-repair/requests/.klt/place-and-route/trng_digital_route.spef line 7385, net $10958 not found.
[WARNING STA-1650] /home/ubuntu/GitHub/sky130-trng/.loom/worktrees/issue-236/sim/digital-electrical-repair/requests/.klt/place-and-route/trng_digital_route.spef line 7393, net $10959 not found.
[WARNING STA-1650] /home/ubuntu/GitHub/sky130-trng/.loom/worktrees/issue-236/sim/digital-electrical-repair/requests/.klt/place-and-route/trng_digital_route.spef line 7402, net $10960 not found.
[WARNING STA-1650] /home/ubuntu/GitHub/sky130-trng/.loom/worktrees/issue-236/sim/digital-electrical-repair/requests/.klt/place-and-route/trng_digital_route.spef line 7412, net $10961 not found.
[WARNING STA-1650] /home/ubuntu/GitHub/sky130-trng/.loom/worktrees/issue-236/sim/digital-electrical-repair/requests/.klt/place-and-route/trng_digital_route.spef line 7421, net $10962 not found.
[WARNING STA-1650] /home/ubuntu/GitHub/sky130-trng/.loom/worktrees/issue-236/sim/digital-electrical-repair/requests/.klt/place-and-route/trng_digital_route.spef line 7430, net $10963 not found.
[WARNING STA-1650] /home/ubuntu/GitHub/sky130-trng/.loom/worktrees/issue-236/sim/digital-electrical-repair/requests/.klt/place-and-route/trng_digital_route.spef line 7439, net $10964 not found.
[WARNING STA-1650] /home/ubuntu/GitHub/sky130-trng/.loom/worktrees/issue-236/sim/digital-electrical-repair/requests/.klt/place-and-route/trng_digital_route.spef line 7448, net $10965 not found.
[WARNING STA-1650] /home/ubuntu/GitHub/sky130-trng/.loom/worktrees/issue-236/sim/digital-electrical-repair/requests/.klt/place-and-route/trng_digital_route.spef line 7457, net $10967 not found.
[WARNING STA-1650] /home/ubuntu/GitHub/sky130-trng/.loom/worktrees/issue-236/sim/digital-electrical-repair/requests/.klt/place-and-route/trng_digital_route.spef line 7468, net $10968 not found.
[WARNING STA-1650] /home/ubuntu/GitHub/sky130-trng/.loom/worktrees/issue-236/sim/digital-electrical-repair/requests/.klt/place-and-route/trng_digital_route.spef line 7478, net $10969 not found.
[WARNING STA-1650] /home/ubuntu/GitHub/sky130-trng/.loom/worktrees/issue-236/sim/digital-electrical-repair/requests/.klt/place-and-route/trng_digital_route.spef line 7488, net $1097 not found.
[WARNING STA-1650] /home/ubuntu/GitHub/sky130-trng/.loom/worktrees/issue-236/sim/digital-electrical-repair/requests/.klt/place-and-route/trng_digital_route.spef line 7507, net $10970 not found.
[WARNING STA-1650] /home/ubuntu/GitHub/sky130-trng/.loom/worktrees/issue-236/sim/digital-electrical-repair/requests/.klt/place-and-route/trng_digital_route.spef line 7516, net $10971 not found.
[WARNING STA-1650] /home/ubuntu/GitHub/sky130-trng/.loom/worktrees/issue-236/sim/digital-electrical-repair/requests/.klt/place-and-route/trng_digital_route.spef line 7527, net $10972 not found.
[WARNING STA-1650] /home/ubuntu/GitHub/sky130-trng/.loom/worktrees/issue-236/sim/digital-electrical-repair/requests/.klt/place-and-route/trng_digital_route.spef line 7538, net $10973 not found.
[WARNING STA-1650] /home/ubuntu/GitHub/sky130-trng/.loom/worktrees/issue-236/sim/digital-electrical-repair/requests/.klt/place-and-route/trng_digital_route.spef line 7547, net $10974 not found.
[WARNING STA-1650] /home/ubuntu/GitHub/sky130-trng/.loom/worktrees/issue-236/sim/digital-electrical-repair/requests/.klt/place-and-route/trng_digital_route.spef line 7556, net $10975 not found.
[WARNING STA-1650] /home/ubuntu/GitHub/sky130-trng/.loom/worktrees/issue-236/sim/digital-electrical-repair/requests/.klt/place-and-route/trng_digital_route.spef line 7564, net $10976 not found.
[WARNING STA-1650] /home/ubuntu/GitHub/sky130-trng/.loom/worktrees/issue-236/sim/digital-electrical-repair/requests/.klt/place-and-route/trng_digital_route.spef line 7573, net $10977 not found.
[WARNING STA-1650] /home/ubuntu/GitHub/sky130-trng/.loom/worktrees/issue-236/sim/digital-electrical-repair/requests/.klt/place-and-route/trng_digital_route.spef line 7583, net $10978 not found.
[WARNING STA-1650] /home/ubuntu/GitHub/sky130-trng/.loom/worktrees/issue-236/sim/digital-electrical-repair/requests/.klt/place-and-route/trng_digital_route.spef line 7594, net $10992 not found.
[WARNING STA-1650] /home/ubuntu/GitHub/sky130-trng/.loom/worktrees/issue-236/sim/digital-electrical-repair/requests/.klt/place-and-route/trng_digital_route.spef line 7616, net $10993 not found.
[WARNING STA-1650] /home/ubuntu/GitHub/sky130-trng/.loom/worktrees/issue-236/sim/digital-electrical-repair/requests/.klt/place-and-route/trng_digital_route.spef line 7636, net $10994 not found.
[WARNING STA-1650] /home/ubuntu/GitHub/sky130-trng/.loom/worktrees/issue-236/sim/digital-electrical-repair/requests/.klt/place-and-route/trng_digital_route.spef line 7647, net $10995 not found.
[WARNING STA-1650] /home/ubuntu/GitHub/sky130-trng/.loom/worktrees/issue-236/sim/digital-electrical-repair/requests/.klt/place-and-route/trng_digital_route.spef line 7660, net $10996 not found.
[WARNING STA-1650] /home/ubuntu/GitHub/sky130-trng/.loom/worktrees/issue-236/sim/digital-electrical-repair/requests/.klt/place-and-route/trng_digital_route.spef line 7673, net $10997 not found.
[WARNING STA-1650] /home/ubuntu/GitHub/sky130-trng/.loom/worktrees/issue-236/sim/digital-electrical-repair/requests/.klt/place-and-route/trng_digital_route.spef line 7686, net $10998 not found.
[WARNING STA-1650] /home/ubuntu/GitHub/sky130-trng/.loom/worktrees/issue-236/sim/digital-electrical-repair/requests/.klt/place-and-route/trng_digital_route.spef line 7700, net $10999 not found.
[WARNING STA-1650] /home/ubuntu/GitHub/sky130-trng/.loom/worktrees/issue-236/sim/digital-electrical-repair/requests/.klt/place-and-route/trng_digital_route.spef line 7709, net $1100 not found.
[WARNING STA-1650] /home/ubuntu/GitHub/sky130-trng/.loom/worktrees/issue-236/sim/digital-electrical-repair/requests/.klt/place-and-route/trng_digital_route.spef line 7721, net $11000 not found.
[WARNING STA-1650] /home/ubuntu/GitHub/sky130-trng/.loom/worktrees/issue-236/sim/digital-electrical-repair/requests/.klt/place-and-route/trng_digital_route.spef line 7730, net $11001 not found.
[WARNING STA-1650] /home/ubuntu/GitHub/sky130-trng/.loom/worktrees/issue-236/sim/digital-electrical-repair/requests/.klt/place-and-route/trng_digital_route.spef line 7742, net $11003 not found.
[WARNING STA-1650] /home/ubuntu/GitHub/sky130-trng/.loom/worktrees/issue-236/sim/digital-electrical-repair/requests/.klt/place-and-route/trng_digital_route.spef line 7768, net $11004 not found.
[WARNING STA-1650] /home/ubuntu/GitHub/sky130-trng/.loom/worktrees/issue-236/sim/digital-electrical-repair/requests/.klt/place-and-route/trng_digital_route.spef line 7791, net $11005 not found.
[WARNING STA-1650] /home/ubuntu/GitHub/sky130-trng/.loom/worktrees/issue-236/sim/digital-electrical-repair/requests/.klt/place-and-route/trng_digital_route.spef line 7803, net $11006 not found.
[WARNING STA-1650] /home/ubuntu/GitHub/sky130-trng/.loom/worktrees/issue-236/sim/digital-electrical-repair/requests/.klt/place-and-route/trng_digital_route.spef line 7816, net $11007 not found.
[WARNING STA-1650] /home/ubuntu/GitHub/sky130-trng/.loom/worktrees/issue-236/sim/digital-electrical-repair/requests/.klt/place-and-route/trng_digital_route.spef line 7830, net $11008 not found.
[WARNING STA-1650] /home/ubuntu/GitHub/sky130-trng/.loom/worktrees/issue-236/sim/digital-electrical-repair/requests/.klt/place-and-route/trng_digital_route.spef line 7845, net $11009 not found.
[WARNING STA-1650] /home/ubuntu/GitHub/sky130-trng/.loom/worktrees/issue-236/sim/digital-electrical-repair/requests/.klt/place-and-route/trng_digital_route.spef line 7861, net $11011 not found.
[WARNING STA-1650] /home/ubuntu/GitHub/sky130-trng/.loom/worktrees/issue-236/sim/digital-electrical-repair/requests/.klt/place-and-route/trng_digital_route.spef line 7869, net $11012 not found.
[WARNING STA-1650] /home/ubuntu/GitHub/sky130-trng/.loom/worktrees/issue-236/sim/digital-electrical-repair/requests/.klt/place-and-route/trng_digital_route.spef line 7877, net $11013 not found.
[WARNING STA-1650] /home/ubuntu/GitHub/sky130-trng/.loom/worktrees/issue-236/sim/digital-electrical-repair/requests/.klt/place-and-route/trng_digital_route.spef line 7888, net $11015 not found.
[WARNING STA-1650] /home/ubuntu/GitHub/sky130-trng/.loom/worktrees/issue-236/sim/digital-electrical-repair/requests/.klt/place-and-route/trng_digital_route.spef line 7896, net $11017 not found.
[WARNING STA-1650] /home/ubuntu/GitHub/sky130-trng/.loom/worktrees/issue-236/sim/digital-electrical-repair/requests/.klt/place-and-route/trng_digital_route.spef line 7904, net $11018 not found.
[WARNING STA-1650] /home/ubuntu/GitHub/sky130-trng/.loom/worktrees/issue-236/sim/digital-electrical-repair/requests/.klt/place-and-route/trng_digital_route.spef line 7916, net $11019 not found.
[WARNING STA-1650] /home/ubuntu/GitHub/sky130-trng/.loom/worktrees/issue-236/sim/digital-electrical-repair/requests/.klt/place-and-route/trng_digital_route.spef line 7925, net $1102 not found.
[WARNING STA-1650] /home/ubuntu/GitHub/sky130-trng/.loom/worktrees/issue-236/sim/digital-electrical-repair/requests/.klt/place-and-route/trng_digital_route.spef line 7943, net $11021 not found.
[WARNING STA-1650] /home/ubuntu/GitHub/sky130-trng/.loom/worktrees/issue-236/sim/digital-electrical-repair/requests/.klt/place-and-route/trng_digital_route.spef line 7952, net $11022 not found.
[WARNING STA-1650] /home/ubuntu/GitHub/sky130-trng/.loom/worktrees/issue-236/sim/digital-electrical-repair/requests/.klt/place-and-route/trng_digital_route.spef line 7962, net $11024 not found.
[WARNING STA-1650] /home/ubuntu/GitHub/sky130-trng/.loom/worktrees/issue-236/sim/digital-electrical-repair/requests/.klt/place-and-route/trng_digital_route.spef line 7972, net $11025 not found.
[WARNING STA-1650] /home/ubuntu/GitHub/sky130-trng/.loom/worktrees/issue-236/sim/digital-electrical-repair/requests/.klt/place-and-route/trng_digital_route.spef line 7998, net $11026 not found.
[WARNING STA-1650] /home/ubuntu/GitHub/sky130-trng/.loom/worktrees/issue-236/sim/digital-electrical-repair/requests/.klt/place-and-route/trng_digital_route.spef line 8018, net $11028 not found.
[WARNING STA-1650] /home/ubuntu/GitHub/sky130-trng/.loom/worktrees/issue-236/sim/digital-electrical-repair/requests/.klt/place-and-route/trng_digital_route.spef line 8031, net $11029 not found.
[WARNING STA-1650] /home/ubuntu/GitHub/sky130-trng/.loom/worktrees/issue-236/sim/digital-electrical-repair/requests/.klt/place-and-route/trng_digital_route.spef line 8047, net $11030 not found.
[WARNING STA-1650] /home/ubuntu/GitHub/sky130-trng/.loom/worktrees/issue-236/sim/digital-electrical-repair/requests/.klt/place-and-route/trng_digital_route.spef line 8060, net $11032 not found.
[WARNING STA-1650] /home/ubuntu/GitHub/sky130-trng/.loom/worktrees/issue-236/sim/digital-electrical-repair/requests/.klt/place-and-route/trng_digital_route.spef line 8077, net $11033 not found.
[WARNING STA-1650] /home/ubuntu/GitHub/sky130-trng/.loom/worktrees/issue-236/sim/digital-electrical-repair/requests/.klt/place-and-route/trng_digital_route.spef line 8088, net $11034 not found.
[WARNING STA-1650] /home/ubuntu/GitHub/sky130-trng/.loom/worktrees/issue-236/sim/digital-electrical-repair/requests/.klt/place-and-route/trng_digital_route.spef line 8099, net $11035 not found.
[WARNING STA-1650] /home/ubuntu/GitHub/sky130-trng/.loom/worktrees/issue-236/sim/digital-electrical-repair/requests/.klt/place-and-route/trng_digital_route.spef line 8125, net $11036 not found.
[WARNING STA-1650] /home/ubuntu/GitHub/sky130-trng/.loom/worktrees/issue-236/sim/digital-electrical-repair/requests/.klt/place-and-route/trng_digital_route.spef line 8146, net $11037 not found.
[WARNING STA-1650] /home/ubuntu/GitHub/sky130-trng/.loom/worktrees/issue-236/sim/digital-electrical-repair/requests/.klt/place-and-route/trng_digital_route.spef line 8157, net $11038 not found.
[WARNING STA-1650] /home/ubuntu/GitHub/sky130-trng/.loom/worktrees/issue-236/sim/digital-electrical-repair/requests/.klt/place-and-route/trng_digital_route.spef line 8173, net $11039 not found.
[WARNING STA-1650] /home/ubuntu/GitHub/sky130-trng/.loom/worktrees/issue-236/sim/digital-electrical-repair/requests/.klt/place-and-route/trng_digital_route.spef line 8187, net $11041 not found.
[WARNING STA-1650] /home/ubuntu/GitHub/sky130-trng/.loom/worktrees/issue-236/sim/digital-electrical-repair/requests/.klt/place-and-route/trng_digital_route.spef line 8206, net $11042 not found.
[WARNING STA-1650] /home/ubuntu/GitHub/sky130-trng/.loom/worktrees/issue-236/sim/digital-electrical-repair/requests/.klt/place-and-route/trng_digital_route.spef line 8220, net $11043 not found.
[WARNING STA-1650] /home/ubuntu/GitHub/sky130-trng/.loom/worktrees/issue-236/sim/digital-electrical-repair/requests/.klt/place-and-route/trng_digital_route.spef line 8234, net $11044 not found.
[WARNING STA-1650] /home/ubuntu/GitHub/sky130-trng/.loom/worktrees/issue-236/sim/digital-electrical-repair/requests/.klt/place-and-route/trng_digital_route.spef line 8256, net $11045 not found.
[WARNING STA-1650] /home/ubuntu/GitHub/sky130-trng/.loom/worktrees/issue-236/sim/digital-electrical-repair/requests/.klt/place-and-route/trng_digital_route.spef line 8276, net $11046 not found.
[WARNING STA-1650] /home/ubuntu/GitHub/sky130-trng/.loom/worktrees/issue-236/sim/digital-electrical-repair/requests/.klt/place-and-route/trng_digital_route.spef line 8287, net $11047 not found.
[WARNING STA-1650] /home/ubuntu/GitHub/sky130-trng/.loom/worktrees/issue-236/sim/digital-electrical-repair/requests/.klt/place-and-route/trng_digital_route.spef line 8302, net $11048 not found.
[WARNING STA-1650] /home/ubuntu/GitHub/sky130-trng/.loom/worktrees/issue-236/sim/digital-electrical-repair/requests/.klt/place-and-route/trng_digital_route.spef line 8314, net $11049 not found.
[WARNING STA-1650] /home/ubuntu/GitHub/sky130-trng/.loom/worktrees/issue-236/sim/digital-electrical-repair/requests/.klt/place-and-route/trng_digital_route.spef line 8331, net $1105 not found.
[WARNING STA-1650] /home/ubuntu/GitHub/sky130-trng/.loom/worktrees/issue-236/sim/digital-electrical-repair/requests/.klt/place-and-route/trng_digital_route.spef line 8345, net $11050 not found.
[WARNING STA-1650] /home/ubuntu/GitHub/sky130-trng/.loom/worktrees/issue-236/sim/digital-electrical-repair/requests/.klt/place-and-route/trng_digital_route.spef line 8356, net $11051 not found.
[WARNING STA-1650] /home/ubuntu/GitHub/sky130-trng/.loom/worktrees/issue-236/sim/digital-electrical-repair/requests/.klt/place-and-route/trng_digital_route.spef line 8367, net $11053 not found.
[WARNING STA-1650] /home/ubuntu/GitHub/sky130-trng/.loom/worktrees/issue-236/sim/digital-electrical-repair/requests/.klt/place-and-route/trng_digital_route.spef line 8379, net $11055 not found.
[WARNING STA-1650] /home/ubuntu/GitHub/sky130-trng/.loom/worktrees/issue-236/sim/digital-electrical-repair/requests/.klt/place-and-route/trng_digital_route.spef line 8389, net $11059 not found.
[WARNING STA-1650] /home/ubuntu/GitHub/sky130-trng/.loom/worktrees/issue-236/sim/digital-electrical-repair/requests/.klt/place-and-route/trng_digital_route.spef line 8402, net $11061 not found.
[WARNING STA-1650] /home/ubuntu/GitHub/sky130-trng/.loom/worktrees/issue-236/sim/digital-electrical-repair/requests/.klt/place-and-route/trng_digital_route.spef line 8411, net $11062 not found.
[WARNING STA-1650] /home/ubuntu/GitHub/sky130-trng/.loom/worktrees/issue-236/sim/digital-electrical-repair/requests/.klt/place-and-route/trng_digital_route.spef line 8434, net $11063 not found.
[WARNING STA-1650] /home/ubuntu/GitHub/sky130-trng/.loom/worktrees/issue-236/sim/digital-electrical-repair/requests/.klt/place-and-route/trng_digital_route.spef line 8453, net $11064 not found.
[WARNING STA-1650] /home/ubuntu/GitHub/sky130-trng/.loom/worktrees/issue-236/sim/digital-electrical-repair/requests/.klt/place-and-route/trng_digital_route.spef line 8463, net $11065 not found.
[WARNING STA-1650] /home/ubuntu/GitHub/sky130-trng/.loom/worktrees/issue-236/sim/digital-electrical-repair/requests/.klt/place-and-route/trng_digital_route.spef line 8475, net $11066 not found.
[WARNING STA-1650] /home/ubuntu/GitHub/sky130-trng/.loom/worktrees/issue-236/sim/digital-electrical-repair/requests/.klt/place-and-route/trng_digital_route.spef line 8488, net $11067 not found.
[WARNING STA-1650] /home/ubuntu/GitHub/sky130-trng/.loom/worktrees/issue-236/sim/digital-electrical-repair/requests/.klt/place-and-route/trng_digital_route.spef line 8501, net $11068 not found.
[WARNING STA-1650] /home/ubuntu/GitHub/sky130-trng/.loom/worktrees/issue-236/sim/digital-electrical-repair/requests/.klt/place-and-route/trng_digital_route.spef line 8516, net $11069 not found.
[WARNING STA-1650] /home/ubuntu/GitHub/sky130-trng/.loom/worktrees/issue-236/sim/digital-electrical-repair/requests/.klt/place-and-route/trng_digital_route.spef line 8542, net $11070 not found.
[WARNING STA-1650] /home/ubuntu/GitHub/sky130-trng/.loom/worktrees/issue-236/sim/digital-electrical-repair/requests/.klt/place-and-route/trng_digital_route.spef line 8566, net $11071 not found.
[WARNING STA-1650] /home/ubuntu/GitHub/sky130-trng/.loom/worktrees/issue-236/sim/digital-electrical-repair/requests/.klt/place-and-route/trng_digital_route.spef line 8579, net $11072 not found.
[WARNING STA-1650] /home/ubuntu/GitHub/sky130-trng/.loom/worktrees/issue-236/sim/digital-electrical-repair/requests/.klt/place-and-route/trng_digital_route.spef line 8594, net $11073 not found.
[WARNING STA-1650] /home/ubuntu/GitHub/sky130-trng/.loom/worktrees/issue-236/sim/digital-electrical-repair/requests/.klt/place-and-route/trng_digital_route.spef line 8610, net $11074 not found.
[WARNING STA-1650] /home/ubuntu/GitHub/sky130-trng/.loom/worktrees/issue-236/sim/digital-electrical-repair/requests/.klt/place-and-route/trng_digital_route.spef line 8626, net $11075 not found.
[WARNING STA-1650] /home/ubuntu/GitHub/sky130-trng/.loom/worktrees/issue-236/sim/digital-electrical-repair/requests/.klt/place-and-route/trng_digital_route.spef line 8642, net $11076 not found.
[WARNING STA-1650] /home/ubuntu/GitHub/sky130-trng/.loom/worktrees/issue-236/sim/digital-electrical-repair/requests/.klt/place-and-route/trng_digital_route.spef line 8655, net $11078 not found.
[WARNING STA-1650] /home/ubuntu/GitHub/sky130-trng/.loom/worktrees/issue-236/sim/digital-electrical-repair/requests/.klt/place-and-route/trng_digital_route.spef line 8665, net $11080 not found.
[WARNING STA-1650] /home/ubuntu/GitHub/sky130-trng/.loom/worktrees/issue-236/sim/digital-electrical-repair/requests/.klt/place-and-route/trng_digital_route.spef line 8679, net $11083 not found.
[WARNING STA-1650] /home/ubuntu/GitHub/sky130-trng/.loom/worktrees/issue-236/sim/digital-electrical-repair/requests/.klt/place-and-route/trng_digital_route.spef line 8688, net $11084 not found.
[WARNING STA-1650] /home/ubuntu/GitHub/sky130-trng/.loom/worktrees/issue-236/sim/digital-electrical-repair/requests/.klt/place-and-route/trng_digital_route.spef line 8702, net $11123 not found.
[WARNING STA-1650] /home/ubuntu/GitHub/sky130-trng/.loom/worktrees/issue-236/sim/digital-electrical-repair/requests/.klt/place-and-route/trng_digital_route.spef line 8711, net $11124 not found.
[WARNING STA-1650] /home/ubuntu/GitHub/sky130-trng/.loom/worktrees/issue-236/sim/digital-electrical-repair/requests/.klt/place-and-route/trng_digital_route.spef line 8722, net $11125 not found.
[WARNING STA-1650] /home/ubuntu/GitHub/sky130-trng/.loom/worktrees/issue-236/sim/digital-electrical-repair/requests/.klt/place-and-route/trng_digital_route.spef line 8731, net $11126 not found.
[WARNING STA-1650] /home/ubuntu/GitHub/sky130-trng/.loom/worktrees/issue-236/sim/digital-electrical-repair/requests/.klt/place-and-route/trng_digital_route.spef line 8741, net $11128 not found.
[WARNING STA-1650] /home/ubuntu/GitHub/sky130-trng/.loom/worktrees/issue-236/sim/digital-electrical-repair/requests/.klt/place-and-route/trng_digital_route.spef line 8752, net $11129 not found.
[WARNING STA-1650] /home/ubuntu/GitHub/sky130-trng/.loom/worktrees/issue-236/sim/digital-electrical-repair/requests/.klt/place-and-route/trng_digital_route.spef line 8762, net $11130 not found.
[WARNING STA-1650] /home/ubuntu/GitHub/sky130-trng/.loom/worktrees/issue-236/sim/digital-electrical-repair/requests/.klt/place-and-route/trng_digital_route.spef line 8771, net $11131 not found.
[WARNING STA-1650] /home/ubuntu/GitHub/sky130-trng/.loom/worktrees/issue-236/sim/digital-electrical-repair/requests/.klt/place-and-route/trng_digital_route.spef line 8781, net $11157 not found.
[WARNING STA-1650] /home/ubuntu/GitHub/sky130-trng/.loom/worktrees/issue-236/sim/digital-electrical-repair/requests/.klt/place-and-route/trng_digital_route.spef line 8805, net $11158 not found.
[WARNING STA-1650] /home/ubuntu/GitHub/sky130-trng/.loom/worktrees/issue-236/sim/digital-electrical-repair/requests/.klt/place-and-route/trng_digital_route.spef line 8827, net $11159 not found.
[WARNING STA-1650] /home/ubuntu/GitHub/sky130-trng/.loom/worktrees/issue-236/sim/digital-electrical-repair/requests/.klt/place-and-route/trng_digital_route.spef line 8838, net $11160 not found.
[WARNING STA-1650] /home/ubuntu/GitHub/sky130-trng/.loom/worktrees/issue-236/sim/digital-electrical-repair/requests/.klt/place-and-route/trng_digital_route.spef line 8851, net $11161 not found.
[WARNING STA-1650] /home/ubuntu/GitHub/sky130-trng/.loom/worktrees/issue-236/sim/digital-electrical-repair/requests/.klt/place-and-route/trng_digital_route.spef line 8860, net $11162 not found.
[WARNING STA-1650] /home/ubuntu/GitHub/sky130-trng/.loom/worktrees/issue-236/sim/digital-electrical-repair/requests/.klt/place-and-route/trng_digital_route.spef line 8873, net $11163 not found.
[WARNING STA-1650] /home/ubuntu/GitHub/sky130-trng/.loom/worktrees/issue-236/sim/digital-electrical-repair/requests/.klt/place-and-route/trng_digital_route.spef line 8886, net $11164 not found.
[WARNING STA-1650] /home/ubuntu/GitHub/sky130-trng/.loom/worktrees/issue-236/sim/digital-electrical-repair/requests/.klt/place-and-route/trng_digital_route.spef line 8901, net $11165 not found.
[WARNING STA-1650] /home/ubuntu/GitHub/sky130-trng/.loom/worktrees/issue-236/sim/digital-electrical-repair/requests/.klt/place-and-route/trng_digital_route.spef line 8920, net $11168 not found.
[WARNING STA-1650] /home/ubuntu/GitHub/sky130-trng/.loom/worktrees/issue-236/sim/digital-electrical-repair/requests/.klt/place-and-route/trng_digital_route.spef line 8936, net $11169 not found.
[WARNING STA-1650] /home/ubuntu/GitHub/sky130-trng/.loom/worktrees/issue-236/sim/digital-electrical-repair/requests/.klt/place-and-route/trng_digital_route.spef line 8955, net $11170 not found.
[WARNING STA-1650] /home/ubuntu/GitHub/sky130-trng/.loom/worktrees/issue-236/sim/digital-electrical-repair/requests/.klt/place-and-route/trng_digital_route.spef line 8975, net $11172 not found.
[WARNING STA-1650] /home/ubuntu/GitHub/sky130-trng/.loom/worktrees/issue-236/sim/digital-electrical-repair/requests/.klt/place-and-route/trng_digital_route.spef line 8992, net $11173 not found.
[WARNING STA-1650] /home/ubuntu/GitHub/sky130-trng/.loom/worktrees/issue-236/sim/digital-electrical-repair/requests/.klt/place-and-route/trng_digital_route.spef line 9022, net $11174 not found.
[WARNING STA-1650] /home/ubuntu/GitHub/sky130-trng/.loom/worktrees/issue-236/sim/digital-electrical-repair/requests/.klt/place-and-route/trng_digital_route.spef line 9046, net $11175 not found.
[WARNING STA-1650] /home/ubuntu/GitHub/sky130-trng/.loom/worktrees/issue-236/sim/digital-electrical-repair/requests/.klt/place-and-route/trng_digital_route.spef line 9059, net $11176 not found.
[WARNING STA-1650] /home/ubuntu/GitHub/sky130-trng/.loom/worktrees/issue-236/sim/digital-electrical-repair/requests/.klt/place-and-route/trng_digital_route.spef line 9076, net $11177 not found.
[WARNING STA-1650] /home/ubuntu/GitHub/sky130-trng/.loom/worktrees/issue-236/sim/digital-electrical-repair/requests/.klt/place-and-route/trng_digital_route.spef line 9091, net $11178 not found.
[WARNING STA-1650] /home/ubuntu/GitHub/sky130-trng/.loom/worktrees/issue-236/sim/digital-electrical-repair/requests/.klt/place-and-route/trng_digital_route.spef line 9110, net $11179 not found.
[WARNING STA-1650] /home/ubuntu/GitHub/sky130-trng/.loom/worktrees/issue-236/sim/digital-electrical-repair/requests/.klt/place-and-route/trng_digital_route.spef line 9123, net $11180 not found.
[WARNING STA-1650] /home/ubuntu/GitHub/sky130-trng/.loom/worktrees/issue-236/sim/digital-electrical-repair/requests/.klt/place-and-route/trng_digital_route.spef line 9136, net $11181 not found.
[WARNING STA-1650] /home/ubuntu/GitHub/sky130-trng/.loom/worktrees/issue-236/sim/digital-electrical-repair/requests/.klt/place-and-route/trng_digital_route.spef line 9155, net $11184 not found.
[WARNING STA-1650] /home/ubuntu/GitHub/sky130-trng/.loom/worktrees/issue-236/sim/digital-electrical-repair/requests/.klt/place-and-route/trng_digital_route.spef line 9171, net $11185 not found.
[WARNING STA-1650] /home/ubuntu/GitHub/sky130-trng/.loom/worktrees/issue-236/sim/digital-electrical-repair/requests/.klt/place-and-route/trng_digital_route.spef line 9186, net $11188 not found.
[WARNING STA-1650] /home/ubuntu/GitHub/sky130-trng/.loom/worktrees/issue-236/sim/digital-electrical-repair/requests/.klt/place-and-route/trng_digital_route.spef line 9202, net $11190 not found.
[WARNING STA-1650] /home/ubuntu/GitHub/sky130-trng/.loom/worktrees/issue-236/sim/digital-electrical-repair/requests/.klt/place-and-route/trng_digital_route.spef line 9220, net $11192 not found.
[WARNING STA-1650] /home/ubuntu/GitHub/sky130-trng/.loom/worktrees/issue-236/sim/digital-electrical-repair/requests/.klt/place-and-route/trng_digital_route.spef line 9245, net $11193 not found.
[WARNING STA-1650] /home/ubuntu/GitHub/sky130-trng/.loom/worktrees/issue-236/sim/digital-electrical-repair/requests/.klt/place-and-route/trng_digital_route.spef line 9268, net $11194 not found.
[WARNING STA-1650] /home/ubuntu/GitHub/sky130-trng/.loom/worktrees/issue-236/sim/digital-electrical-repair/requests/.klt/place-and-route/trng_digital_route.spef line 9279, net $11195 not found.
[WARNING STA-1650] /home/ubuntu/GitHub/sky130-trng/.loom/worktrees/issue-236/sim/digital-electrical-repair/requests/.klt/place-and-route/trng_digital_route.spef line 9292, net $11196 not found.
[WARNING STA-1650] /home/ubuntu/GitHub/sky130-trng/.loom/worktrees/issue-236/sim/digital-electrical-repair/requests/.klt/place-and-route/trng_digital_route.spef line 9302, net $11197 not found.
[WARNING STA-1650] /home/ubuntu/GitHub/sky130-trng/.loom/worktrees/issue-236/sim/digital-electrical-repair/requests/.klt/place-and-route/trng_digital_route.spef line 9316, net $11198 not found.
[WARNING STA-1650] /home/ubuntu/GitHub/sky130-trng/.loom/worktrees/issue-236/sim/digital-electrical-repair/requests/.klt/place-and-route/trng_digital_route.spef line 9330, net $11199 not found.
[WARNING STA-1650] /home/ubuntu/GitHub/sky130-trng/.loom/worktrees/issue-236/sim/digital-electrical-repair/requests/.klt/place-and-route/trng_digital_route.spef line 9345, net $11200 not found.
[WARNING STA-1650] /home/ubuntu/GitHub/sky130-trng/.loom/worktrees/issue-236/sim/digital-electrical-repair/requests/.klt/place-and-route/trng_digital_route.spef line 9371, net $11201 not found.
[WARNING STA-1650] /home/ubuntu/GitHub/sky130-trng/.loom/worktrees/issue-236/sim/digital-electrical-repair/requests/.klt/place-and-route/trng_digital_route.spef line 9395, net $11202 not found.
[WARNING STA-1650] /home/ubuntu/GitHub/sky130-trng/.loom/worktrees/issue-236/sim/digital-electrical-repair/requests/.klt/place-and-route/trng_digital_route.spef line 9407, net $11203 not found.
[WARNING STA-1650] /home/ubuntu/GitHub/sky130-trng/.loom/worktrees/issue-236/sim/digital-electrical-repair/requests/.klt/place-and-route/trng_digital_route.spef line 9421, net $11204 not found.
[WARNING STA-1650] /home/ubuntu/GitHub/sky130-trng/.loom/worktrees/issue-236/sim/digital-electrical-repair/requests/.klt/place-and-route/trng_digital_route.spef line 9431, net $11205 not found.
[WARNING STA-1650] /home/ubuntu/GitHub/sky130-trng/.loom/worktrees/issue-236/sim/digital-electrical-repair/requests/.klt/place-and-route/trng_digital_route.spef line 9444, net $11206 not found.
[WARNING STA-1650] /home/ubuntu/GitHub/sky130-trng/.loom/worktrees/issue-236/sim/digital-electrical-repair/requests/.klt/place-and-route/trng_digital_route.spef line 9457, net $11207 not found.
[WARNING STA-1650] /home/ubuntu/GitHub/sky130-trng/.loom/worktrees/issue-236/sim/digital-electrical-repair/requests/.klt/place-and-route/trng_digital_route.spef line 9471, net $11209 not found.
[WARNING STA-1650] /home/ubuntu/GitHub/sky130-trng/.loom/worktrees/issue-236/sim/digital-electrical-repair/requests/.klt/place-and-route/trng_digital_route.spef line 9488, net $11211 not found.
[WARNING STA-1650] /home/ubuntu/GitHub/sky130-trng/.loom/worktrees/issue-236/sim/digital-electrical-repair/requests/.klt/place-and-route/trng_digital_route.spef line 9515, net $11212 not found.
[WARNING STA-1650] /home/ubuntu/GitHub/sky130-trng/.loom/worktrees/issue-236/sim/digital-electrical-repair/requests/.klt/place-and-route/trng_digital_route.spef line 9539, net $11214 not found.
[WARNING STA-1650] /home/ubuntu/GitHub/sky130-trng/.loom/worktrees/issue-236/sim/digital-electrical-repair/requests/.klt/place-and-route/trng_digital_route.spef line 9552, net $11215 not found.
[WARNING STA-1650] /home/ubuntu/GitHub/sky130-trng/.loom/worktrees/issue-236/sim/digital-electrical-repair/requests/.klt/place-and-route/trng_digital_route.spef line 9567, net $11216 not found.
[WARNING STA-1650] /home/ubuntu/GitHub/sky130-trng/.loom/worktrees/issue-236/sim/digital-electrical-repair/requests/.klt/place-and-route/trng_digital_route.spef line 9577, net $11217 not found.
[WARNING STA-1650] /home/ubuntu/GitHub/sky130-trng/.loom/worktrees/issue-236/sim/digital-electrical-repair/requests/.klt/place-and-route/trng_digital_route.spef line 9592, net $11218 not found.
[WARNING STA-1650] /home/ubuntu/GitHub/sky130-trng/.loom/worktrees/issue-236/sim/digital-electrical-repair/requests/.klt/place-and-route/trng_digital_route.spef line 9607, net $11219 not found.
[WARNING STA-1650] /home/ubuntu/GitHub/sky130-trng/.loom/worktrees/issue-236/sim/digital-electrical-repair/requests/.klt/place-and-route/trng_digital_route.spef line 9623, net $11221 not found.
[WARNING STA-1650] /home/ubuntu/GitHub/sky130-trng/.loom/worktrees/issue-236/sim/digital-electrical-repair/requests/.klt/place-and-route/trng_digital_route.spef line 9641, net $11236 not found.
[WARNING STA-1650] /home/ubuntu/GitHub/sky130-trng/.loom/worktrees/issue-236/sim/digital-electrical-repair/requests/.klt/place-and-route/trng_digital_route.spef line 9652, net $11237 not found.
[WARNING STA-1650] /home/ubuntu/GitHub/sky130-trng/.loom/worktrees/issue-236/sim/digital-electrical-repair/requests/.klt/place-and-route/trng_digital_route.spef line 9663, net $11263 not found.
[WARNING STA-1650] /home/ubuntu/GitHub/sky130-trng/.loom/worktrees/issue-236/sim/digital-electrical-repair/requests/.klt/place-and-route/trng_digital_route.spef line 9686, net $11264 not found.
[WARNING STA-1650] /home/ubuntu/GitHub/sky130-trng/.loom/worktrees/issue-236/sim/digital-electrical-repair/requests/.klt/place-and-route/trng_digital_route.spef line 9707, net $11265 not found.
[WARNING STA-1650] /home/ubuntu/GitHub/sky130-trng/.loom/worktrees/issue-236/sim/digital-electrical-repair/requests/.klt/place-and-route/trng_digital_route.spef line 9717, net $11266 not found.
[WARNING STA-1650] /home/ubuntu/GitHub/sky130-trng/.loom/worktrees/issue-236/sim/digital-electrical-repair/requests/.klt/place-and-route/trng_digital_route.spef line 9729, net $11267 not found.
[WARNING STA-1650] /home/ubuntu/GitHub/sky130-trng/.loom/worktrees/issue-236/sim/digital-electrical-repair/requests/.klt/place-and-route/trng_digital_route.spef line 9743, net $11268 not found.
[WARNING STA-1650] /home/ubuntu/GitHub/sky130-trng/.loom/worktrees/issue-236/sim/digital-electrical-repair/requests/.klt/place-and-route/trng_digital_route.spef line 9758, net $11271 not found.
[WARNING STA-1650] /home/ubuntu/GitHub/sky130-trng/.loom/worktrees/issue-236/sim/digital-electrical-repair/requests/.klt/place-and-route/trng_digital_route.spef line 9767, net $11272 not found.
[WARNING STA-1650] /home/ubuntu/GitHub/sky130-trng/.loom/worktrees/issue-236/sim/digital-electrical-repair/requests/.klt/place-and-route/trng_digital_route.spef line 9776, net $11273 not found.
[WARNING STA-1650] /home/ubuntu/GitHub/sky130-trng/.loom/worktrees/issue-236/sim/digital-electrical-repair/requests/.klt/place-and-route/trng_digital_route.spef line 9790, net $11274 not found.
[WARNING STA-1650] /home/ubuntu/GitHub/sky130-trng/.loom/worktrees/issue-236/sim/digital-electrical-repair/requests/.klt/place-and-route/trng_digital_route.spef line 9800, net $11276 not found.
[WARNING STA-1650] /home/ubuntu/GitHub/sky130-trng/.loom/worktrees/issue-236/sim/digital-electrical-repair/requests/.klt/place-and-route/trng_digital_route.spef line 9810, net $11277 not found.
[WARNING STA-1650] /home/ubuntu/GitHub/sky130-trng/.loom/worktrees/issue-236/sim/digital-electrical-repair/requests/.klt/place-and-route/trng_digital_route.spef line 9821, net $11278 not found.
[WARNING STA-1650] /home/ubuntu/GitHub/sky130-trng/.loom/worktrees/issue-236/sim/digital-electrical-repair/requests/.klt/place-and-route/trng_digital_route.spef line 9839, net $11279 not found.
[WARNING STA-1650] /home/ubuntu/GitHub/sky130-trng/.loom/worktrees/issue-236/sim/digital-electrical-repair/requests/.klt/place-and-route/trng_digital_route.spef line 9848, net $11280 not found.
[WARNING STA-1650] /home/ubuntu/GitHub/sky130-trng/.loom/worktrees/issue-236/sim/digital-electrical-repair/requests/.klt/place-and-route/trng_digital_route.spef line 9857, net $11281 not found.
[WARNING STA-1650] /home/ubuntu/GitHub/sky130-trng/.loom/worktrees/issue-236/sim/digital-electrical-repair/requests/.klt/place-and-route/trng_digital_route.spef line 9869, net $11282 not found.
[WARNING STA-1650] /home/ubuntu/GitHub/sky130-trng/.loom/worktrees/issue-236/sim/digital-electrical-repair/requests/.klt/place-and-route/trng_digital_route.spef line 9888, net $11284 not found.
[WARNING STA-1650] /home/ubuntu/GitHub/sky130-trng/.loom/worktrees/issue-236/sim/digital-electrical-repair/requests/.klt/place-and-route/trng_digital_route.spef line 9916, net $11285 not found.
[WARNING STA-1650] /home/ubuntu/GitHub/sky130-trng/.loom/worktrees/issue-236/sim/digital-electrical-repair/requests/.klt/place-and-route/trng_digital_route.spef line 9938, net $11287 not found.
[WARNING STA-1650] /home/ubuntu/GitHub/sky130-trng/.loom/worktrees/issue-236/sim/digital-electrical-repair/requests/.klt/place-and-route/trng_digital_route.spef line 9949, net $11288 not found.
[WARNING STA-1650] /home/ubuntu/GitHub/sky130-trng/.loom/worktrees/issue-236/sim/digital-electrical-repair/requests/.klt/place-and-route/trng_digital_route.spef line 9965, net $11289 not found.
[WARNING STA-1650] /home/ubuntu/GitHub/sky130-trng/.loom/worktrees/issue-236/sim/digital-electrical-repair/requests/.klt/place-and-route/trng_digital_route.spef line 9978, net $11290 not found.
[WARNING STA-1650] /home/ubuntu/GitHub/sky130-trng/.loom/worktrees/issue-236/sim/digital-electrical-repair/requests/.klt/place-and-route/trng_digital_route.spef line 9996, net $11291 not found.
[WARNING STA-1650] /home/ubuntu/GitHub/sky130-trng/.loom/worktrees/issue-236/sim/digital-electrical-repair/requests/.klt/place-and-route/trng_digital_route.spef line 10008, net $11292 not found.
[WARNING STA-1650] /home/ubuntu/GitHub/sky130-trng/.loom/worktrees/issue-236/sim/digital-electrical-repair/requests/.klt/place-and-route/trng_digital_route.spef line 10020, net $11294 not found.
[WARNING STA-1650] /home/ubuntu/GitHub/sky130-trng/.loom/worktrees/issue-236/sim/digital-electrical-repair/requests/.klt/place-and-route/trng_digital_route.spef line 10032, net $11295 not found.
[WARNING STA-1650] /home/ubuntu/GitHub/sky130-trng/.loom/worktrees/issue-236/sim/digital-electrical-repair/requests/.klt/place-and-route/trng_digital_route.spef line 10058, net $11296 not found.
[WARNING STA-1650] /home/ubuntu/GitHub/sky130-trng/.loom/worktrees/issue-236/sim/digital-electrical-repair/requests/.klt/place-and-route/trng_digital_route.spef line 10080, net $11297 not found.
[WARNING STA-1650] /home/ubuntu/GitHub/sky130-trng/.loom/worktrees/issue-236/sim/digital-electrical-repair/requests/.klt/place-and-route/trng_digital_route.spef line 10090, net $11298 not found.
[WARNING STA-1650] /home/ubuntu/GitHub/sky130-trng/.loom/worktrees/issue-236/sim/digital-electrical-repair/requests/.klt/place-and-route/trng_digital_route.spef line 10105, net $11299 not found.
[WARNING STA-1650] /home/ubuntu/GitHub/sky130-trng/.loom/worktrees/issue-236/sim/digital-electrical-repair/requests/.klt/place-and-route/trng_digital_route.spef line 10118, net $113 not found.
[WARNING STA-1650] /home/ubuntu/GitHub/sky130-trng/.loom/worktrees/issue-236/sim/digital-electrical-repair/requests/.klt/place-and-route/trng_digital_route.spef line 10127, net $1130 not found.
[WARNING STA-1650] /home/ubuntu/GitHub/sky130-trng/.loom/worktrees/issue-236/sim/digital-electrical-repair/requests/.klt/place-and-route/trng_digital_route.spef line 10141, net $11300 not found.
[WARNING STA-1650] /home/ubuntu/GitHub/sky130-trng/.loom/worktrees/issue-236/sim/digital-electrical-repair/requests/.klt/place-and-route/trng_digital_route.spef line 10159, net $11301 not found.
[WARNING STA-1650] /home/ubuntu/GitHub/sky130-trng/.loom/worktrees/issue-236/sim/digital-electrical-repair/requests/.klt/place-and-route/trng_digital_route.spef line 10172, net $11302 not found.
[WARNING STA-1650] /home/ubuntu/GitHub/sky130-trng/.loom/worktrees/issue-236/sim/digital-electrical-repair/requests/.klt/place-and-route/trng_digital_route.spef line 10185, net $11303 not found.
[WARNING STA-1650] /home/ubuntu/GitHub/sky130-trng/.loom/worktrees/issue-236/sim/digital-electrical-repair/requests/.klt/place-and-route/trng_digital_route.spef line 10209, net $11304 not found.
[WARNING STA-1650] /home/ubuntu/GitHub/sky130-trng/.loom/worktrees/issue-236/sim/digital-electrical-repair/requests/.klt/place-and-route/trng_digital_route.spef line 10231, net $11305 not found.
[WARNING STA-1650] /home/ubuntu/GitHub/sky130-trng/.loom/worktrees/issue-236/sim/digital-electrical-repair/requests/.klt/place-and-route/trng_digital_route.spef line 10243, net $11306 not found.
[WARNING STA-1650] /home/ubuntu/GitHub/sky130-trng/.loom/worktrees/issue-236/sim/digital-electrical-repair/requests/.klt/place-and-route/trng_digital_route.spef line 10257, net $11307 not found.
[WARNING STA-1650] /home/ubuntu/GitHub/sky130-trng/.loom/worktrees/issue-236/sim/digital-electrical-repair/requests/.klt/place-and-route/trng_digital_route.spef line 10271, net $11308 not found.
[WARNING STA-1650] /home/ubuntu/GitHub/sky130-trng/.loom/worktrees/issue-236/sim/digital-electrical-repair/requests/.klt/place-and-route/trng_digital_route.spef line 10286, net $11309 not found.
[WARNING STA-1650] /home/ubuntu/GitHub/sky130-trng/.loom/worktrees/issue-236/sim/digital-electrical-repair/requests/.klt/place-and-route/trng_digital_route.spef line 10304, net $1131 not found.
[WARNING STA-1650] /home/ubuntu/GitHub/sky130-trng/.loom/worktrees/issue-236/sim/digital-electrical-repair/requests/.klt/place-and-route/trng_digital_route.spef line 10313, net $11310 not found.
[WARNING STA-1650] /home/ubuntu/GitHub/sky130-trng/.loom/worktrees/issue-236/sim/digital-electrical-repair/requests/.klt/place-and-route/trng_digital_route.spef line 10328, net $11312 not found.
[WARNING STA-1650] /home/ubuntu/GitHub/sky130-trng/.loom/worktrees/issue-236/sim/digital-electrical-repair/requests/.klt/place-and-route/trng_digital_route.spef line 10353, net $11313 not found.
[WARNING STA-1650] /home/ubuntu/GitHub/sky130-trng/.loom/worktrees/issue-236/sim/digital-electrical-repair/requests/.klt/place-and-route/trng_digital_route.spef line 10375, net $11314 not found.
[WARNING STA-1650] /home/ubuntu/GitHub/sky130-trng/.loom/worktrees/issue-236/sim/digital-electrical-repair/requests/.klt/place-and-route/trng_digital_route.spef line 10387, net $11315 not found.
[WARNING STA-1650] /home/ubuntu/GitHub/sky130-trng/.loom/worktrees/issue-236/sim/digital-electrical-repair/requests/.klt/place-and-route/trng_digital_route.spef line 10401, net $11316 not found.
[WARNING STA-1650] /home/ubuntu/GitHub/sky130-trng/.loom/worktrees/issue-236/sim/digital-electrical-repair/requests/.klt/place-and-route/trng_digital_route.spef line 10415, net $11317 not found.
[WARNING STA-1650] /home/ubuntu/GitHub/sky130-trng/.loom/worktrees/issue-236/sim/digital-electrical-repair/requests/.klt/place-and-route/trng_digital_route.spef line 10430, net $11320 not found.
[WARNING STA-1650] /home/ubuntu/GitHub/sky130-trng/.loom/worktrees/issue-236/sim/digital-electrical-repair/requests/.klt/place-and-route/trng_digital_route.spef line 10442, net $11321 not found.
[WARNING STA-1650] /home/ubuntu/GitHub/sky130-trng/.loom/worktrees/issue-236/sim/digital-electrical-repair/requests/.klt/place-and-route/trng_digital_route.spef line 10468, net $11322 not found.
[WARNING STA-1650] /home/ubuntu/GitHub/sky130-trng/.loom/worktrees/issue-236/sim/digital-electrical-repair/requests/.klt/place-and-route/trng_digital_route.spef line 10487, net $11324 not found.
[WARNING STA-1650] /home/ubuntu/GitHub/sky130-trng/.loom/worktrees/issue-236/sim/digital-electrical-repair/requests/.klt/place-and-route/trng_digital_route.spef line 10498, net $11325 not found.
[WARNING STA-1650] /home/ubuntu/GitHub/sky130-trng/.loom/worktrees/issue-236/sim/digital-electrical-repair/requests/.klt/place-and-route/trng_digital_route.spef line 10514, net $11326 not found.
[WARNING STA-1650] /home/ubuntu/GitHub/sky130-trng/.loom/worktrees/issue-236/sim/digital-electrical-repair/requests/.klt/place-and-route/trng_digital_route.spef line 10526, net $11327 not found.
[WARNING STA-1650] /home/ubuntu/GitHub/sky130-trng/.loom/worktrees/issue-236/sim/digital-electrical-repair/requests/.klt/place-and-route/trng_digital_route.spef line 10543, net $11328 not found.
[WARNING STA-1650] /home/ubuntu/GitHub/sky130-trng/.loom/worktrees/issue-236/sim/digital-electrical-repair/requests/.klt/place-and-route/trng_digital_route.spef line 10554, net $11329 not found.
[WARNING STA-1650] /home/ubuntu/GitHub/sky130-trng/.loom/worktrees/issue-236/sim/digital-electrical-repair/requests/.klt/place-and-route/trng_digital_route.spef line 10565, net $1133 not found.
[WARNING STA-1650] /home/ubuntu/GitHub/sky130-trng/.loom/worktrees/issue-236/sim/digital-electrical-repair/requests/.klt/place-and-route/trng_digital_route.spef line 10575, net $1134 not found.
[WARNING STA-1650] /home/ubuntu/GitHub/sky130-trng/.loom/worktrees/issue-236/sim/digital-electrical-repair/requests/.klt/place-and-route/trng_digital_route.spef line 10586, net $1135 not found.
[WARNING STA-1650] /home/ubuntu/GitHub/sky130-trng/.loom/worktrees/issue-236/sim/digital-electrical-repair/requests/.klt/place-and-route/trng_digital_route.spef line 10596, net $1136 not found.
[WARNING STA-1650] /home/ubuntu/GitHub/sky130-trng/.loom/worktrees/issue-236/sim/digital-electrical-repair/requests/.klt/place-and-route/trng_digital_route.spef line 10604, net $11361 not found.
[WARNING STA-1650] /home/ubuntu/GitHub/sky130-trng/.loom/worktrees/issue-236/sim/digital-electrical-repair/requests/.klt/place-and-route/trng_digital_route.spef line 10617, net $11363 not found.
[WARNING STA-1650] /home/ubuntu/GitHub/sky130-trng/.loom/worktrees/issue-236/sim/digital-electrical-repair/requests/.klt/place-and-route/trng_digital_route.spef line 10628, net $11364 not found.
[WARNING STA-1650] /home/ubuntu/GitHub/sky130-trng/.loom/worktrees/issue-236/sim/digital-electrical-repair/requests/.klt/place-and-route/trng_digital_route.spef line 10638, net $11365 not found.
[WARNING STA-1650] /home/ubuntu/GitHub/sky130-trng/.loom/worktrees/issue-236/sim/digital-electrical-repair/requests/.klt/place-and-route/trng_digital_route.spef line 10647, net $11366 not found.
[WARNING STA-1650] /home/ubuntu/GitHub/sky130-trng/.loom/worktrees/issue-236/sim/digital-electrical-repair/requests/.klt/place-and-route/trng_digital_route.spef line 10661, net $11367 not found.
[WARNING STA-1650] /home/ubuntu/GitHub/sky130-trng/.loom/worktrees/issue-236/sim/digital-electrical-repair/requests/.klt/place-and-route/trng_digital_route.spef line 10675, net $11368 not found.
[WARNING STA-1650] /home/ubuntu/GitHub/sky130-trng/.loom/worktrees/issue-236/sim/digital-electrical-repair/requests/.klt/place-and-route/trng_digital_route.spef line 10684, net $1137 not found.
[WARNING STA-1650] /home/ubuntu/GitHub/sky130-trng/.loom/worktrees/issue-236/sim/digital-electrical-repair/requests/.klt/place-and-route/trng_digital_route.spef line 10693, net $11370 not found.
[WARNING STA-1650] /home/ubuntu/GitHub/sky130-trng/.loom/worktrees/issue-236/sim/digital-electrical-repair/requests/.klt/place-and-route/trng_digital_route.spef line 10702, net $11371 not found.
[WARNING STA-1650] /home/ubuntu/GitHub/sky130-trng/.loom/worktrees/issue-236/sim/digital-electrical-repair/requests/.klt/place-and-route/trng_digital_route.spef line 10711, net $1138 not found.
[WARNING STA-1650] /home/ubuntu/GitHub/sky130-trng/.loom/worktrees/issue-236/sim/digital-electrical-repair/requests/.klt/place-and-route/trng_digital_route.spef line 10720, net $1139 not found.
[WARNING STA-1650] /home/ubuntu/GitHub/sky130-trng/.loom/worktrees/issue-236/sim/digital-electrical-repair/requests/.klt/place-and-route/trng_digital_route.spef line 10731, net $11390 not found.
[WARNING STA-1650] /home/ubuntu/GitHub/sky130-trng/.loom/worktrees/issue-236/sim/digital-electrical-repair/requests/.klt/place-and-route/trng_digital_route.spef line 10741, net $11392 not found.
[WARNING STA-1650] /home/ubuntu/GitHub/sky130-trng/.loom/worktrees/issue-236/sim/digital-electrical-repair/requests/.klt/place-and-route/trng_digital_route.spef line 10752, net $11393 not found.
[WARNING STA-1650] /home/ubuntu/GitHub/sky130-trng/.loom/worktrees/issue-236/sim/digital-electrical-repair/requests/.klt/place-and-route/trng_digital_route.spef line 10762, net $11394 not found.
[WARNING STA-1650] /home/ubuntu/GitHub/sky130-trng/.loom/worktrees/issue-236/sim/digital-electrical-repair/requests/.klt/place-and-route/trng_digital_route.spef line 10774, net $11396 not found.
[WARNING STA-1650] /home/ubuntu/GitHub/sky130-trng/.loom/worktrees/issue-236/sim/digital-electrical-repair/requests/.klt/place-and-route/trng_digital_route.spef line 10784, net $11397 not found.
[WARNING STA-1650] /home/ubuntu/GitHub/sky130-trng/.loom/worktrees/issue-236/sim/digital-electrical-repair/requests/.klt/place-and-route/trng_digital_route.spef line 10797, net $11398 not found.
[WARNING STA-1650] /home/ubuntu/GitHub/sky130-trng/.loom/worktrees/issue-236/sim/digital-electrical-repair/requests/.klt/place-and-route/trng_digital_route.spef line 10807, net $11399 not found.
[WARNING STA-1650] /home/ubuntu/GitHub/sky130-trng/.loom/worktrees/issue-236/sim/digital-electrical-repair/requests/.klt/place-and-route/trng_digital_route.spef line 10820, net $11400 not found.
[WARNING STA-1650] /home/ubuntu/GitHub/sky130-trng/.loom/worktrees/issue-236/sim/digital-electrical-repair/requests/.klt/place-and-route/trng_digital_route.spef line 10829, net $11402 not found.
[WARNING STA-1650] /home/ubuntu/GitHub/sky130-trng/.loom/worktrees/issue-236/sim/digital-electrical-repair/requests/.klt/place-and-route/trng_digital_route.spef line 10841, net $11403 not found.
[WARNING STA-1650] /home/ubuntu/GitHub/sky130-trng/.loom/worktrees/issue-236/sim/digital-electrical-repair/requests/.klt/place-and-route/trng_digital_route.spef line 10865, net $11404 not found.
[WARNING STA-1650] /home/ubuntu/GitHub/sky130-trng/.loom/worktrees/issue-236/sim/digital-electrical-repair/requests/.klt/place-and-route/trng_digital_route.spef line 10887, net $11405 not found.
[WARNING STA-1650] /home/ubuntu/GitHub/sky130-trng/.loom/worktrees/issue-236/sim/digital-electrical-repair/requests/.klt/place-and-route/trng_digital_route.spef line 10899, net $11406 not found.
[WARNING STA-1650] /home/ubuntu/GitHub/sky130-trng/.loom/worktrees/issue-236/sim/digital-electrical-repair/requests/.klt/place-and-route/trng_digital_route.spef line 10913, net $11407 not found.
[WARNING STA-1650] /home/ubuntu/GitHub/sky130-trng/.loom/worktrees/issue-236/sim/digital-electrical-repair/requests/.klt/place-and-route/trng_digital_route.spef line 10922, net $11408 not found.
[WARNING STA-1650] /home/ubuntu/GitHub/sky130-trng/.loom/worktrees/issue-236/sim/digital-electrical-repair/requests/.klt/place-and-route/trng_digital_route.spef line 10936, net $11409 not found.
[WARNING STA-1650] /home/ubuntu/GitHub/sky130-trng/.loom/worktrees/issue-236/sim/digital-electrical-repair/requests/.klt/place-and-route/trng_digital_route.spef line 10951, net $1141 not found.
[WARNING STA-1650] /home/ubuntu/GitHub/sky130-trng/.loom/worktrees/issue-236/sim/digital-electrical-repair/requests/.klt/place-and-route/trng_digital_route.spef line 10961, net $11410 not found.
[WARNING STA-1650] /home/ubuntu/GitHub/sky130-trng/.loom/worktrees/issue-236/sim/digital-electrical-repair/requests/.klt/place-and-route/trng_digital_route.spef line 10977, net $11411 not found.
[WARNING STA-1650] /home/ubuntu/GitHub/sky130-trng/.loom/worktrees/issue-236/sim/digital-electrical-repair/requests/.klt/place-and-route/trng_digital_route.spef line 10992, net $11413 not found.
[WARNING STA-1650] /home/ubuntu/GitHub/sky130-trng/.loom/worktrees/issue-236/sim/digital-electrical-repair/requests/.klt/place-and-route/trng_digital_route.spef line 11000, net $11415 not found.
[WARNING STA-1650] /home/ubuntu/GitHub/sky130-trng/.loom/worktrees/issue-236/sim/digital-electrical-repair/requests/.klt/place-and-route/trng_digital_route.spef line 11012, net $11416 not found.
[WARNING STA-1650] /home/ubuntu/GitHub/sky130-trng/.loom/worktrees/issue-236/sim/digital-electrical-repair/requests/.klt/place-and-route/trng_digital_route.spef line 11040, net $11417 not found.
[WARNING STA-1650] /home/ubuntu/GitHub/sky130-trng/.loom/worktrees/issue-236/sim/digital-electrical-repair/requests/.klt/place-and-route/trng_digital_route.spef line 11065, net $11419 not found.
[WARNING STA-1650] /home/ubuntu/GitHub/sky130-trng/.loom/worktrees/issue-236/sim/digital-electrical-repair/requests/.klt/place-and-route/trng_digital_route.spef line 11075, net $1142 not found.
[WARNING STA-1650] /home/ubuntu/GitHub/sky130-trng/.loom/worktrees/issue-236/sim/digital-electrical-repair/requests/.klt/place-and-route/trng_digital_route.spef line 11086, net $11420 not found.
[WARNING STA-1650] /home/ubuntu/GitHub/sky130-trng/.loom/worktrees/issue-236/sim/digital-electrical-repair/requests/.klt/place-and-route/trng_digital_route.spef line 11098, net $11421 not found.
[WARNING STA-1650] /home/ubuntu/GitHub/sky130-trng/.loom/worktrees/issue-236/sim/digital-electrical-repair/requests/.klt/place-and-route/trng_digital_route.spef line 11107, net $11422 not found.
[WARNING STA-1650] /home/ubuntu/GitHub/sky130-trng/.loom/worktrees/issue-236/sim/digital-electrical-repair/requests/.klt/place-and-route/trng_digital_route.spef line 11120, net $11423 not found.
[WARNING STA-1650] /home/ubuntu/GitHub/sky130-trng/.loom/worktrees/issue-236/sim/digital-electrical-repair/requests/.klt/place-and-route/trng_digital_route.spef line 11133, net $11424 not found.
[WARNING STA-1650] /home/ubuntu/GitHub/sky130-trng/.loom/worktrees/issue-236/sim/digital-electrical-repair/requests/.klt/place-and-route/trng_digital_route.spef line 11147, net $11426 not found.
[WARNING STA-1650] /home/ubuntu/GitHub/sky130-trng/.loom/worktrees/issue-236/sim/digital-electrical-repair/requests/.klt/place-and-route/trng_digital_route.spef line 11156, net $11429 not found.
[WARNING STA-1650] /home/ubuntu/GitHub/sky130-trng/.loom/worktrees/issue-236/sim/digital-electrical-repair/requests/.klt/place-and-route/trng_digital_route.spef line 11168, net $11430 not found.
[WARNING STA-1650] /home/ubuntu/GitHub/sky130-trng/.loom/worktrees/issue-236/sim/digital-electrical-repair/requests/.klt/place-and-route/trng_digital_route.spef line 11177, net $11432 not found.
[WARNING STA-1650] /home/ubuntu/GitHub/sky130-trng/.loom/worktrees/issue-236/sim/digital-electrical-repair/requests/.klt/place-and-route/trng_digital_route.spef line 11189, net $11435 not found.
[WARNING STA-1650] /home/ubuntu/GitHub/sky130-trng/.loom/worktrees/issue-236/sim/digital-electrical-repair/requests/.klt/place-and-route/trng_digital_route.spef line 11204, net $11436 not found.
[WARNING STA-1650] /home/ubuntu/GitHub/sky130-trng/.loom/worktrees/issue-236/sim/digital-electrical-repair/requests/.klt/place-and-route/trng_digital_route.spef line 11222, net $11437 not found.
[WARNING STA-1650] /home/ubuntu/GitHub/sky130-trng/.loom/worktrees/issue-236/sim/digital-electrical-repair/requests/.klt/place-and-route/trng_digital_route.spef line 11237, net $11439 not found.
[WARNING STA-1650] /home/ubuntu/GitHub/sky130-trng/.loom/worktrees/issue-236/sim/digital-electrical-repair/requests/.klt/place-and-route/trng_digital_route.spef line 11256, net $11441 not found.
[WARNING STA-1650] /home/ubuntu/GitHub/sky130-trng/.loom/worktrees/issue-236/sim/digital-electrical-repair/requests/.klt/place-and-route/trng_digital_route.spef line 11268, net $11442 not found.
[WARNING STA-1650] /home/ubuntu/GitHub/sky130-trng/.loom/worktrees/issue-236/sim/digital-electrical-repair/requests/.klt/place-and-route/trng_digital_route.spef line 11292, net $11443 not found.
[WARNING STA-1650] /home/ubuntu/GitHub/sky130-trng/.loom/worktrees/issue-236/sim/digital-electrical-repair/requests/.klt/place-and-route/trng_digital_route.spef line 11314, net $11445 not found.
[WARNING STA-1650] /home/ubuntu/GitHub/sky130-trng/.loom/worktrees/issue-236/sim/digital-electrical-repair/requests/.klt/place-and-route/trng_digital_route.spef line 11327, net $11446 not found.
[WARNING STA-1650] /home/ubuntu/GitHub/sky130-trng/.loom/worktrees/issue-236/sim/digital-electrical-repair/requests/.klt/place-and-route/trng_digital_route.spef line 11342, net $11447 not found.
[WARNING STA-1650] /home/ubuntu/GitHub/sky130-trng/.loom/worktrees/issue-236/sim/digital-electrical-repair/requests/.klt/place-and-route/trng_digital_route.spef line 11352, net $11448 not found.
[WARNING STA-1650] /home/ubuntu/GitHub/sky130-trng/.loom/worktrees/issue-236/sim/digital-electrical-repair/requests/.klt/place-and-route/trng_digital_route.spef line 11367, net $11449 not found.
[WARNING STA-1650] /home/ubuntu/GitHub/sky130-trng/.loom/worktrees/issue-236/sim/digital-electrical-repair/requests/.klt/place-and-route/trng_digital_route.spef line 11382, net $11450 not found.
[WARNING STA-1650] /home/ubuntu/GitHub/sky130-trng/.loom/worktrees/issue-236/sim/digital-electrical-repair/requests/.klt/place-and-route/trng_digital_route.spef line 11398, net $11453 not found.
[WARNING STA-1650] /home/ubuntu/GitHub/sky130-trng/.loom/worktrees/issue-236/sim/digital-electrical-repair/requests/.klt/place-and-route/trng_digital_route.spef line 11417, net $11454 not found.
[WARNING STA-1650] /home/ubuntu/GitHub/sky130-trng/.loom/worktrees/issue-236/sim/digital-electrical-repair/requests/.klt/place-and-route/trng_digital_route.spef line 11431, net $11478 not found.
[WARNING STA-1650] /home/ubuntu/GitHub/sky130-trng/.loom/worktrees/issue-236/sim/digital-electrical-repair/requests/.klt/place-and-route/trng_digital_route.spef line 11439, net $11479 not found.
[WARNING STA-1650] /home/ubuntu/GitHub/sky130-trng/.loom/worktrees/issue-236/sim/digital-electrical-repair/requests/.klt/place-and-route/trng_digital_route.spef line 11447, net $11480 not found.
[WARNING STA-1650] /home/ubuntu/GitHub/sky130-trng/.loom/worktrees/issue-236/sim/digital-electrical-repair/requests/.klt/place-and-route/trng_digital_route.spef line 11455, net $11481 not found.
[WARNING STA-1650] /home/ubuntu/GitHub/sky130-trng/.loom/worktrees/issue-236/sim/digital-electrical-repair/requests/.klt/place-and-route/trng_digital_route.spef line 11463, net $11482 not found.
[WARNING STA-1650] /home/ubuntu/GitHub/sky130-trng/.loom/worktrees/issue-236/sim/digital-electrical-repair/requests/.klt/place-and-route/trng_digital_route.spef line 11473, net $11483 not found.
[WARNING STA-1650] /home/ubuntu/GitHub/sky130-trng/.loom/worktrees/issue-236/sim/digital-electrical-repair/requests/.klt/place-and-route/trng_digital_route.spef line 11483, net $11484 not found.
[WARNING STA-1650] /home/ubuntu/GitHub/sky130-trng/.loom/worktrees/issue-236/sim/digital-electrical-repair/requests/.klt/place-and-route/trng_digital_route.spef line 11493, net $11485 not found.
[WARNING STA-1650] /home/ubuntu/GitHub/sky130-trng/.loom/worktrees/issue-236/sim/digital-electrical-repair/requests/.klt/place-and-route/trng_digital_route.spef line 11503, net $11486 not found.
[WARNING STA-1650] /home/ubuntu/GitHub/sky130-trng/.loom/worktrees/issue-236/sim/digital-electrical-repair/requests/.klt/place-and-route/trng_digital_route.spef line 11512, net $11487 not found.
[WARNING STA-1650] /home/ubuntu/GitHub/sky130-trng/.loom/worktrees/issue-236/sim/digital-electrical-repair/requests/.klt/place-and-route/trng_digital_route.spef line 11521, net $11489 not found.
[WARNING STA-1650] /home/ubuntu/GitHub/sky130-trng/.loom/worktrees/issue-236/sim/digital-electrical-repair/requests/.klt/place-and-route/trng_digital_route.spef line 11531, net $11490 not found.
[WARNING STA-1650] /home/ubuntu/GitHub/sky130-trng/.loom/worktrees/issue-236/sim/digital-electrical-repair/requests/.klt/place-and-route/trng_digital_route.spef line 11541, net $11491 not found.
[WARNING STA-1650] /home/ubuntu/GitHub/sky130-trng/.loom/worktrees/issue-236/sim/digital-electrical-repair/requests/.klt/place-and-route/trng_digital_route.spef line 11550, net $11492 not found.
[WARNING STA-1650] /home/ubuntu/GitHub/sky130-trng/.loom/worktrees/issue-236/sim/digital-electrical-repair/requests/.klt/place-and-route/trng_digital_route.spef line 11558, net $11493 not found.
[WARNING STA-1650] /home/ubuntu/GitHub/sky130-trng/.loom/worktrees/issue-236/sim/digital-electrical-repair/requests/.klt/place-and-route/trng_digital_route.spef line 11567, net $11494 not found.
[WARNING STA-1650] /home/ubuntu/GitHub/sky130-trng/.loom/worktrees/issue-236/sim/digital-electrical-repair/requests/.klt/place-and-route/trng_digital_route.spef line 11576, net $11495 not found.
[WARNING STA-1650] /home/ubuntu/GitHub/sky130-trng/.loom/worktrees/issue-236/sim/digital-electrical-repair/requests/.klt/place-and-route/trng_digital_route.spef line 11585, net $11496 not found.
[WARNING STA-1650] /home/ubuntu/GitHub/sky130-trng/.loom/worktrees/issue-236/sim/digital-electrical-repair/requests/.klt/place-and-route/trng_digital_route.spef line 11596, net $11497 not found.
[WARNING STA-1650] /home/ubuntu/GitHub/sky130-trng/.loom/worktrees/issue-236/sim/digital-electrical-repair/requests/.klt/place-and-route/trng_digital_route.spef line 11610, net $11498 not found.
[WARNING STA-1650] /home/ubuntu/GitHub/sky130-trng/.loom/worktrees/issue-236/sim/digital-electrical-repair/requests/.klt/place-and-route/trng_digital_route.spef line 11620, net $11513 not found.
[WARNING STA-1650] /home/ubuntu/GitHub/sky130-trng/.loom/worktrees/issue-236/sim/digital-electrical-repair/requests/.klt/place-and-route/trng_digital_route.spef line 11645, net $11514 not found.
[WARNING STA-1650] /home/ubuntu/GitHub/sky130-trng/.loom/worktrees/issue-236/sim/digital-electrical-repair/requests/.klt/place-and-route/trng_digital_route.spef line 11668, net $11515 not found.
[WARNING STA-1650] /home/ubuntu/GitHub/sky130-trng/.loom/worktrees/issue-236/sim/digital-electrical-repair/requests/.klt/place-and-route/trng_digital_route.spef line 11680, net $11516 not found.
[WARNING STA-1650] /home/ubuntu/GitHub/sky130-trng/.loom/worktrees/issue-236/sim/digital-electrical-repair/requests/.klt/place-and-route/trng_digital_route.spef line 11694, net $11517 not found.
[WARNING STA-1650] /home/ubuntu/GitHub/sky130-trng/.loom/worktrees/issue-236/sim/digital-electrical-repair/requests/.klt/place-and-route/trng_digital_route.spef line 11709, net $11518 not found.
[WARNING STA-1650] /home/ubuntu/GitHub/sky130-trng/.loom/worktrees/issue-236/sim/digital-electrical-repair/requests/.klt/place-and-route/trng_digital_route.spef line 11724, net $11519 not found.
[WARNING STA-1650] /home/ubuntu/GitHub/sky130-trng/.loom/worktrees/issue-236/sim/digital-electrical-repair/requests/.klt/place-and-route/trng_digital_route.spef line 11748, net $11520 not found.
[WARNING STA-1650] /home/ubuntu/GitHub/sky130-trng/.loom/worktrees/issue-236/sim/digital-electrical-repair/requests/.klt/place-and-route/trng_digital_route.spef line 11770, net $11521 not found.
[WARNING STA-1650] /home/ubuntu/GitHub/sky130-trng/.loom/worktrees/issue-236/sim/digital-electrical-repair/requests/.klt/place-and-route/trng_digital_route.spef line 11780, net $11522 not found.
[WARNING STA-1650] /home/ubuntu/GitHub/sky130-trng/.loom/worktrees/issue-236/sim/digital-electrical-repair/requests/.klt/place-and-route/trng_digital_route.spef line 11792, net $11523 not found.
[WARNING STA-1650] /home/ubuntu/GitHub/sky130-trng/.loom/worktrees/issue-236/sim/digital-electrical-repair/requests/.klt/place-and-route/trng_digital_route.spef line 11806, net $11524 not found.
[WARNING STA-1650] /home/ubuntu/GitHub/sky130-trng/.loom/worktrees/issue-236/sim/digital-electrical-repair/requests/.klt/place-and-route/trng_digital_route.spef line 11821, net $11525 not found.
[WARNING STA-1650] /home/ubuntu/GitHub/sky130-trng/.loom/worktrees/issue-236/sim/digital-electrical-repair/requests/.klt/place-and-route/trng_digital_route.spef line 11833, net $11527 not found.
[WARNING STA-1650] /home/ubuntu/GitHub/sky130-trng/.loom/worktrees/issue-236/sim/digital-electrical-repair/requests/.klt/place-and-route/trng_digital_route.spef line 11857, net $11528 not found.
[WARNING STA-1650] /home/ubuntu/GitHub/sky130-trng/.loom/worktrees/issue-236/sim/digital-electrical-repair/requests/.klt/place-and-route/trng_digital_route.spef line 11879, net $11529 not found.
[WARNING STA-1650] /home/ubuntu/GitHub/sky130-trng/.loom/worktrees/issue-236/sim/digital-electrical-repair/requests/.klt/place-and-route/trng_digital_route.spef line 11889, net $11530 not found.
[WARNING STA-1650] /home/ubuntu/GitHub/sky130-trng/.loom/worktrees/issue-236/sim/digital-electrical-repair/requests/.klt/place-and-route/trng_digital_route.spef line 11901, net $11531 not found.
[WARNING STA-1650] /home/ubuntu/GitHub/sky130-trng/.loom/worktrees/issue-236/sim/digital-electrical-repair/requests/.klt/place-and-route/trng_digital_route.spef line 11915, net $11532 not found.
[WARNING STA-1650] /home/ubuntu/GitHub/sky130-trng/.loom/worktrees/issue-236/sim/digital-electrical-repair/requests/.klt/place-and-route/trng_digital_route.spef line 11930, net $11535 not found.
[WARNING STA-1650] /home/ubuntu/GitHub/sky130-trng/.loom/worktrees/issue-236/sim/digital-electrical-repair/requests/.klt/place-and-route/trng_digital_route.spef line 11957, net $11536 not found.
[WARNING STA-1650] /home/ubuntu/GitHub/sky130-trng/.loom/worktrees/issue-236/sim/digital-electrical-repair/requests/.klt/place-and-route/trng_digital_route.spef line 11980, net $11537 not found.
[WARNING STA-1650] /home/ubuntu/GitHub/sky130-trng/.loom/worktrees/issue-236/sim/digital-electrical-repair/requests/.klt/place-and-route/trng_digital_route.spef line 11994, net $11538 not found.
[WARNING STA-1650] /home/ubuntu/GitHub/sky130-trng/.loom/worktrees/issue-236/sim/digital-electrical-repair/requests/.klt/place-and-route/trng_digital_route.spef line 12010, net $11539 not found.
[WARNING STA-1650] /home/ubuntu/GitHub/sky130-trng/.loom/worktrees/issue-236/sim/digital-electrical-repair/requests/.klt/place-and-route/trng_digital_route.spef line 12024, net $11540 not found.
[WARNING STA-1650] /home/ubuntu/GitHub/sky130-trng/.loom/worktrees/issue-236/sim/digital-electrical-repair/requests/.klt/place-and-route/trng_digital_route.spef line 12042, net $11541 not found.
[WARNING STA-1650] /home/ubuntu/GitHub/sky130-trng/.loom/worktrees/issue-236/sim/digital-electrical-repair/requests/.klt/place-and-route/trng_digital_route.spef line 12054, net $11542 not found.
[WARNING STA-1650] /home/ubuntu/GitHub/sky130-trng/.loom/worktrees/issue-236/sim/digital-electrical-repair/requests/.klt/place-and-route/trng_digital_route.spef line 12066, net $11544 not found.
[WARNING STA-1650] /home/ubuntu/GitHub/sky130-trng/.loom/worktrees/issue-236/sim/digital-electrical-repair/requests/.klt/place-and-route/trng_digital_route.spef line 12075, net $11546 not found.
[WARNING STA-1650] /home/ubuntu/GitHub/sky130-trng/.loom/worktrees/issue-236/sim/digital-electrical-repair/requests/.klt/place-and-route/trng_digital_route.spef line 12084, net $11547 not found.
[WARNING STA-1650] /home/ubuntu/GitHub/sky130-trng/.loom/worktrees/issue-236/sim/digital-electrical-repair/requests/.klt/place-and-route/trng_digital_route.spef line 12098, net $11548 not found.
[WARNING STA-1650] /home/ubuntu/GitHub/sky130-trng/.loom/worktrees/issue-236/sim/digital-electrical-repair/requests/.klt/place-and-route/trng_digital_route.spef line 12107, net $11550 not found.
[WARNING STA-1650] /home/ubuntu/GitHub/sky130-trng/.loom/worktrees/issue-236/sim/digital-electrical-repair/requests/.klt/place-and-route/trng_digital_route.spef line 12115, net $11551 not found.
[WARNING STA-1650] /home/ubuntu/GitHub/sky130-trng/.loom/worktrees/issue-236/sim/digital-electrical-repair/requests/.klt/place-and-route/trng_digital_route.spef line 12128, net $11552 not found.
[WARNING STA-1650] /home/ubuntu/GitHub/sky130-trng/.loom/worktrees/issue-236/sim/digital-electrical-repair/requests/.klt/place-and-route/trng_digital_route.spef line 12154, net $11553 not found.
[WARNING STA-1650] /home/ubuntu/GitHub/sky130-trng/.loom/worktrees/issue-236/sim/digital-electrical-repair/requests/.klt/place-and-route/trng_digital_route.spef line 12177, net $11554 not found.
[WARNING STA-1650] /home/ubuntu/GitHub/sky130-trng/.loom/worktrees/issue-236/sim/digital-electrical-repair/requests/.klt/place-and-route/trng_digital_route.spef line 12190, net $11555 not found.
[WARNING STA-1650] /home/ubuntu/GitHub/sky130-trng/.loom/worktrees/issue-236/sim/digital-electrical-repair/requests/.klt/place-and-route/trng_digital_route.spef line 12204, net $11556 not found.
[WARNING STA-1650] /home/ubuntu/GitHub/sky130-trng/.loom/worktrees/issue-236/sim/digital-electrical-repair/requests/.klt/place-and-route/trng_digital_route.spef line 12220, net $11557 not found.
[WARNING STA-1650] /home/ubuntu/GitHub/sky130-trng/.loom/worktrees/issue-236/sim/digital-electrical-repair/requests/.klt/place-and-route/trng_digital_route.spef line 12237, net $11558 not found.
[WARNING STA-1650] /home/ubuntu/GitHub/sky130-trng/.loom/worktrees/issue-236/sim/digital-electrical-repair/requests/.klt/place-and-route/trng_digital_route.spef line 12256, net $11562 not found.
[WARNING STA-1650] /home/ubuntu/GitHub/sky130-trng/.loom/worktrees/issue-236/sim/digital-electrical-repair/requests/.klt/place-and-route/trng_digital_route.spef line 12279, net $11563 not found.
[WARNING STA-1650] /home/ubuntu/GitHub/sky130-trng/.loom/worktrees/issue-236/sim/digital-electrical-repair/requests/.klt/place-and-route/trng_digital_route.spef line 12299, net $11564 not found.
[WARNING STA-1650] /home/ubuntu/GitHub/sky130-trng/.loom/worktrees/issue-236/sim/digital-electrical-repair/requests/.klt/place-and-route/trng_digital_route.spef line 12311, net $11565 not found.
[WARNING STA-1650] /home/ubuntu/GitHub/sky130-trng/.loom/worktrees/issue-236/sim/digital-electrical-repair/requests/.klt/place-and-route/trng_digital_route.spef line 12328, net $11566 not found.
[WARNING STA-1650] /home/ubuntu/GitHub/sky130-trng/.loom/worktrees/issue-236/sim/digital-electrical-repair/requests/.klt/place-and-route/trng_digital_route.spef line 12343, net $11567 not found.
[WARNING STA-1650] /home/ubuntu/GitHub/sky130-trng/.loom/worktrees/issue-236/sim/digital-electrical-repair/requests/.klt/place-and-route/trng_digital_route.spef line 12362, net $11568 not found.
[WARNING STA-1650] /home/ubuntu/GitHub/sky130-trng/.loom/worktrees/issue-236/sim/digital-electrical-repair/requests/.klt/place-and-route/trng_digital_route.spef line 12375, net $11569 not found.
[WARNING STA-1650] /home/ubuntu/GitHub/sky130-trng/.loom/worktrees/issue-236/sim/digital-electrical-repair/requests/.klt/place-and-route/trng_digital_route.spef line 12388, net $11570 not found.
[WARNING STA-1650] /home/ubuntu/GitHub/sky130-trng/.loom/worktrees/issue-236/sim/digital-electrical-repair/requests/.klt/place-and-route/trng_digital_route.spef line 12397, net $11572 not found.
[WARNING STA-1650] /home/ubuntu/GitHub/sky130-trng/.loom/worktrees/issue-236/sim/digital-electrical-repair/requests/.klt/place-and-route/trng_digital_route.spef line 12405, net $11573 not found.
[WARNING STA-1650] /home/ubuntu/GitHub/sky130-trng/.loom/worktrees/issue-236/sim/digital-electrical-repair/requests/.klt/place-and-route/trng_digital_route.spef line 12416, net $11574 not found.
[WARNING STA-1650] /home/ubuntu/GitHub/sky130-trng/.loom/worktrees/issue-236/sim/digital-electrical-repair/requests/.klt/place-and-route/trng_digital_route.spef line 12440, net $11575 not found.
[WARNING STA-1650] /home/ubuntu/GitHub/sky130-trng/.loom/worktrees/issue-236/sim/digital-electrical-repair/requests/.klt/place-and-route/trng_digital_route.spef line 12459, net $11576 not found.
[WARNING STA-1650] /home/ubuntu/GitHub/sky130-trng/.loom/worktrees/issue-236/sim/digital-electrical-repair/requests/.klt/place-and-route/trng_digital_route.spef line 12469, net $11577 not found.
[WARNING STA-1650] /home/ubuntu/GitHub/sky130-trng/.loom/worktrees/issue-236/sim/digital-electrical-repair/requests/.klt/place-and-route/trng_digital_route.spef line 12483, net $11578 not found.
[WARNING STA-1650] /home/ubuntu/GitHub/sky130-trng/.loom/worktrees/issue-236/sim/digital-electrical-repair/requests/.klt/place-and-route/trng_digital_route.spef line 12495, net $11579 not found.
[WARNING STA-1650] /home/ubuntu/GitHub/sky130-trng/.loom/worktrees/issue-236/sim/digital-electrical-repair/requests/.klt/place-and-route/trng_digital_route.spef line 12512, net $11580 not found.
[WARNING STA-1650] /home/ubuntu/GitHub/sky130-trng/.loom/worktrees/issue-236/sim/digital-electrical-repair/requests/.klt/place-and-route/trng_digital_route.spef line 12523, net $11581 not found.
[WARNING STA-1650] /home/ubuntu/GitHub/sky130-trng/.loom/worktrees/issue-236/sim/digital-electrical-repair/requests/.klt/place-and-route/trng_digital_route.spef line 12534, net $116 not found.
[WARNING STA-1650] /home/ubuntu/GitHub/sky130-trng/.loom/worktrees/issue-236/sim/digital-electrical-repair/requests/.klt/place-and-route/trng_digital_route.spef line 12545, net $11618 not found.
[WARNING STA-1650] /home/ubuntu/GitHub/sky130-trng/.loom/worktrees/issue-236/sim/digital-electrical-repair/requests/.klt/place-and-route/trng_digital_route.spef line 12560, net $11619 not found.
[WARNING STA-1650] /home/ubuntu/GitHub/sky130-trng/.loom/worktrees/issue-236/sim/digital-electrical-repair/requests/.klt/place-and-route/trng_digital_route.spef line 12573, net $11621 not found.
[WARNING STA-1650] /home/ubuntu/GitHub/sky130-trng/.loom/worktrees/issue-236/sim/digital-electrical-repair/requests/.klt/place-and-route/trng_digital_route.spef line 12587, net $11623 not found.
[WARNING STA-1650] /home/ubuntu/GitHub/sky130-trng/.loom/worktrees/issue-236/sim/digital-electrical-repair/requests/.klt/place-and-route/trng_digital_route.spef line 12598, net $11624 not found.
[WARNING STA-1650] /home/ubuntu/GitHub/sky130-trng/.loom/worktrees/issue-236/sim/digital-electrical-repair/requests/.klt/place-and-route/trng_digital_route.spef line 12610, net $11625 not found.
[WARNING STA-1650] /home/ubuntu/GitHub/sky130-trng/.loom/worktrees/issue-236/sim/digital-electrical-repair/requests/.klt/place-and-route/trng_digital_route.spef line 12621, net $11626 not found.
[WARNING STA-1650] /home/ubuntu/GitHub/sky130-trng/.loom/worktrees/issue-236/sim/digital-electrical-repair/requests/.klt/place-and-route/trng_digital_route.spef line 12635, net $11627 not found.
[WARNING STA-1650] /home/ubuntu/GitHub/sky130-trng/.loom/worktrees/issue-236/sim/digital-electrical-repair/requests/.klt/place-and-route/trng_digital_route.spef line 12646, net $11628 not found.
[WARNING STA-1650] /home/ubuntu/GitHub/sky130-trng/.loom/worktrees/issue-236/sim/digital-electrical-repair/requests/.klt/place-and-route/trng_digital_route.spef line 12657, net $11629 not found.
[WARNING STA-1650] /home/ubuntu/GitHub/sky130-trng/.loom/worktrees/issue-236/sim/digital-electrical-repair/requests/.klt/place-and-route/trng_digital_route.spef line 12666, net $11630 not found.
[WARNING STA-1650] /home/ubuntu/GitHub/sky130-trng/.loom/worktrees/issue-236/sim/digital-electrical-repair/requests/.klt/place-and-route/trng_digital_route.spef line 12675, net $11631 not found.
[WARNING STA-1650] /home/ubuntu/GitHub/sky130-trng/.loom/worktrees/issue-236/sim/digital-electrical-repair/requests/.klt/place-and-route/trng_digital_route.spef line 12684, net $11632 not found.
[WARNING STA-1650] /home/ubuntu/GitHub/sky130-trng/.loom/worktrees/issue-236/sim/digital-electrical-repair/requests/.klt/place-and-route/trng_digital_route.spef line 12693, net $11633 not found.
[WARNING STA-1650] /home/ubuntu/GitHub/sky130-trng/.loom/worktrees/issue-236/sim/digital-electrical-repair/requests/.klt/place-and-route/trng_digital_route.spef line 12703, net $11656 not found.
[WARNING STA-1650] /home/ubuntu/GitHub/sky130-trng/.loom/worktrees/issue-236/sim/digital-electrical-repair/requests/.klt/place-and-route/trng_digital_route.spef line 12713, net $11657 not found.
[WARNING STA-1650] /home/ubuntu/GitHub/sky130-trng/.loom/worktrees/issue-236/sim/digital-electrical-repair/requests/.klt/place-and-route/trng_digital_route.spef line 12726, net $11658 not found.
[WARNING STA-1650] /home/ubuntu/GitHub/sky130-trng/.loom/worktrees/issue-236/sim/digital-electrical-repair/requests/.klt/place-and-route/trng_digital_route.spef line 12736, net $11660 not found.
[WARNING STA-1650] /home/ubuntu/GitHub/sky130-trng/.loom/worktrees/issue-236/sim/digital-electrical-repair/requests/.klt/place-and-route/trng_digital_route.spef line 12746, net $11661 not found.
[WARNING STA-1650] /home/ubuntu/GitHub/sky130-trng/.loom/worktrees/issue-236/sim/digital-electrical-repair/requests/.klt/place-and-route/trng_digital_route.spef line 12771, net $11662 not found.
[WARNING STA-1650] /home/ubuntu/GitHub/sky130-trng/.loom/worktrees/issue-236/sim/digital-electrical-repair/requests/.klt/place-and-route/trng_digital_route.spef line 12793, net $11663 not found.
[WARNING STA-1650] /home/ubuntu/GitHub/sky130-trng/.loom/worktrees/issue-236/sim/digital-electrical-repair/requests/.klt/place-and-route/trng_digital_route.spef line 12803, net $11664 not found.
[WARNING STA-1650] /home/ubuntu/GitHub/sky130-trng/.loom/worktrees/issue-236/sim/digital-electrical-repair/requests/.klt/place-and-route/trng_digital_route.spef line 12815, net $11665 not found.
[WARNING STA-1650] /home/ubuntu/GitHub/sky130-trng/.loom/worktrees/issue-236/sim/digital-electrical-repair/requests/.klt/place-and-route/trng_digital_route.spef line 12824, net $11666 not found.
[WARNING STA-1650] /home/ubuntu/GitHub/sky130-trng/.loom/worktrees/issue-236/sim/digital-electrical-repair/requests/.klt/place-and-route/trng_digital_route.spef line 12838, net $11667 not found.
[WARNING STA-1650] /home/ubuntu/GitHub/sky130-trng/.loom/worktrees/issue-236/sim/digital-electrical-repair/requests/.klt/place-and-route/trng_digital_route.spef line 12853, net $11668 not found.
[WARNING STA-1650] /home/ubuntu/GitHub/sky130-trng/.loom/worktrees/issue-236/sim/digital-electrical-repair/requests/.klt/place-and-route/trng_digital_route.spef line 12870, net $11669 not found.
[WARNING STA-1650] /home/ubuntu/GitHub/sky130-trng/.loom/worktrees/issue-236/sim/digital-electrical-repair/requests/.klt/place-and-route/trng_digital_route.spef line 12881, net $1167 not found.
[WARNING STA-1650] /home/ubuntu/GitHub/sky130-trng/.loom/worktrees/issue-236/sim/digital-electrical-repair/requests/.klt/place-and-route/trng_digital_route.spef line 12895, net $11670 not found.
[WARNING STA-1650] /home/ubuntu/GitHub/sky130-trng/.loom/worktrees/issue-236/sim/digital-electrical-repair/requests/.klt/place-and-route/trng_digital_route.spef line 12907, net $11671 not found.
[WARNING STA-1650] /home/ubuntu/GitHub/sky130-trng/.loom/worktrees/issue-236/sim/digital-electrical-repair/requests/.klt/place-and-route/trng_digital_route.spef line 12916, net $11672 not found.
[WARNING STA-1650] /home/ubuntu/GitHub/sky130-trng/.loom/worktrees/issue-236/sim/digital-electrical-repair/requests/.klt/place-and-route/trng_digital_route.spef line 12927, net $11675 not found.
[WARNING STA-1650] /home/ubuntu/GitHub/sky130-trng/.loom/worktrees/issue-236/sim/digital-electrical-repair/requests/.klt/place-and-route/trng_digital_route.spef line 12946, net $11676 not found.
[WARNING STA-1650] /home/ubuntu/GitHub/sky130-trng/.loom/worktrees/issue-236/sim/digital-electrical-repair/requests/.klt/place-and-route/trng_digital_route.spef line 12956, net $11678 not found.
[WARNING STA-1650] /home/ubuntu/GitHub/sky130-trng/.loom/worktrees/issue-236/sim/digital-electrical-repair/requests/.klt/place-and-route/trng_digital_route.spef line 12968, net $1168 not found.
[WARNING STA-1650] /home/ubuntu/GitHub/sky130-trng/.loom/worktrees/issue-236/sim/digital-electrical-repair/requests/.klt/place-and-route/trng_digital_route.spef line 12979, net $11681 not found.
[WARNING STA-1650] /home/ubuntu/GitHub/sky130-trng/.loom/worktrees/issue-236/sim/digital-electrical-repair/requests/.klt/place-and-route/trng_digital_route.spef line 13006, net $11682 not found.
[WARNING STA-1650] /home/ubuntu/GitHub/sky130-trng/.loom/worktrees/issue-236/sim/digital-electrical-repair/requests/.klt/place-and-route/trng_digital_route.spef line 13030, net $11683 not found.
[WARNING STA-1650] /home/ubuntu/GitHub/sky130-trng/.loom/worktrees/issue-236/sim/digital-electrical-repair/requests/.klt/place-and-route/trng_digital_route.spef line 13041, net $11684 not found.
[WARNING STA-1650] /home/ubuntu/GitHub/sky130-trng/.loom/worktrees/issue-236/sim/digital-electrical-repair/requests/.klt/place-and-route/trng_digital_route.spef line 13054, net $11685 not found.
[WARNING STA-1650] /home/ubuntu/GitHub/sky130-trng/.loom/worktrees/issue-236/sim/digital-electrical-repair/requests/.klt/place-and-route/trng_digital_route.spef line 13064, net $11686 not found.
[WARNING STA-1650] /home/ubuntu/GitHub/sky130-trng/.loom/worktrees/issue-236/sim/digital-electrical-repair/requests/.klt/place-and-route/trng_digital_route.spef line 13079, net $11687 not found.
[WARNING STA-1650] /home/ubuntu/GitHub/sky130-trng/.loom/worktrees/issue-236/sim/digital-electrical-repair/requests/.klt/place-and-route/trng_digital_route.spef line 13094, net $11688 not found.
[WARNING STA-1650] /home/ubuntu/GitHub/sky130-trng/.loom/worktrees/issue-236/sim/digital-electrical-repair/requests/.klt/place-and-route/trng_digital_route.spef line 13111, net $11691 not found.
[WARNING STA-1650] /home/ubuntu/GitHub/sky130-trng/.loom/worktrees/issue-236/sim/digital-electrical-repair/requests/.klt/place-and-route/trng_digital_route.spef line 13122, net $11693 not found.
[WARNING STA-1650] /home/ubuntu/GitHub/sky130-trng/.loom/worktrees/issue-236/sim/digital-electrical-repair/requests/.klt/place-and-route/trng_digital_route.spef line 13134, net $11695 not found.
[WARNING STA-1650] /home/ubuntu/GitHub/sky130-trng/.loom/worktrees/issue-236/sim/digital-electrical-repair/requests/.klt/place-and-route/trng_digital_route.spef line 13149, net $11697 not found.
[WARNING STA-1650] /home/ubuntu/GitHub/sky130-trng/.loom/worktrees/issue-236/sim/digital-electrical-repair/requests/.klt/place-and-route/trng_digital_route.spef line 13161, net $11699 not found.
[WARNING STA-1650] /home/ubuntu/GitHub/sky130-trng/.loom/worktrees/issue-236/sim/digital-electrical-repair/requests/.klt/place-and-route/trng_digital_route.spef line 13176, net $117 not found.
[WARNING STA-1650] /home/ubuntu/GitHub/sky130-trng/.loom/worktrees/issue-236/sim/digital-electrical-repair/requests/.klt/place-and-route/trng_digital_route.spef line 13186, net $11700 not found.
[WARNING STA-1650] /home/ubuntu/GitHub/sky130-trng/.loom/worktrees/issue-236/sim/digital-electrical-repair/requests/.klt/place-and-route/trng_digital_route.spef line 13195, net $11703 not found.
[WARNING STA-1650] /home/ubuntu/GitHub/sky130-trng/.loom/worktrees/issue-236/sim/digital-electrical-repair/requests/.klt/place-and-route/trng_digital_route.spef line 13208, net $11706 not found.
[WARNING STA-1650] /home/ubuntu/GitHub/sky130-trng/.loom/worktrees/issue-236/sim/digital-electrical-repair/requests/.klt/place-and-route/trng_digital_route.spef line 13219, net $11708 not found.
[WARNING STA-1650] /home/ubuntu/GitHub/sky130-trng/.loom/worktrees/issue-236/sim/digital-electrical-repair/requests/.klt/place-and-route/trng_digital_route.spef line 13231, net $1171 not found.
[WARNING STA-1650] /home/ubuntu/GitHub/sky130-trng/.loom/worktrees/issue-236/sim/digital-electrical-repair/requests/.klt/place-and-route/trng_digital_route.spef line 13258, net $11714 not found.
[WARNING STA-1650] /home/ubuntu/GitHub/sky130-trng/.loom/worktrees/issue-236/sim/digital-electrical-repair/requests/.klt/place-and-route/trng_digital_route.spef line 13268, net $1172 not found.
[WARNING STA-1650] /home/ubuntu/GitHub/sky130-trng/.loom/worktrees/issue-236/sim/digital-electrical-repair/requests/.klt/place-and-route/trng_digital_route.spef line 13292, net $1173 not found.
[WARNING STA-1650] /home/ubuntu/GitHub/sky130-trng/.loom/worktrees/issue-236/sim/digital-electrical-repair/requests/.klt/place-and-route/trng_digital_route.spef line 13303, net $11733 not found.
[WARNING STA-1650] /home/ubuntu/GitHub/sky130-trng/.loom/worktrees/issue-236/sim/digital-electrical-repair/requests/.klt/place-and-route/trng_digital_route.spef line 13312, net $11734 not found.
[WARNING STA-1650] /home/ubuntu/GitHub/sky130-trng/.loom/worktrees/issue-236/sim/digital-electrical-repair/requests/.klt/place-and-route/trng_digital_route.spef line 13320, net $11735 not found.
[WARNING STA-1650] /home/ubuntu/GitHub/sky130-trng/.loom/worktrees/issue-236/sim/digital-electrical-repair/requests/.klt/place-and-route/trng_digital_route.spef line 13329, net $11736 not found.
[WARNING STA-1650] /home/ubuntu/GitHub/sky130-trng/.loom/worktrees/issue-236/sim/digital-electrical-repair/requests/.klt/place-and-route/trng_digital_route.spef line 13337, net $11738 not found.
[WARNING STA-1650] /home/ubuntu/GitHub/sky130-trng/.loom/worktrees/issue-236/sim/digital-electrical-repair/requests/.klt/place-and-route/trng_digital_route.spef line 13346, net $11739 not found.
[WARNING STA-1650] /home/ubuntu/GitHub/sky130-trng/.loom/worktrees/issue-236/sim/digital-electrical-repair/requests/.klt/place-and-route/trng_digital_route.spef line 13355, net $1174 not found.
[WARNING STA-1650] /home/ubuntu/GitHub/sky130-trng/.loom/worktrees/issue-236/sim/digital-electrical-repair/requests/.klt/place-and-route/trng_digital_route.spef line 13367, net $11740 not found.
[WARNING STA-1650] /home/ubuntu/GitHub/sky130-trng/.loom/worktrees/issue-236/sim/digital-electrical-repair/requests/.klt/place-and-route/trng_digital_route.spef line 13376, net $11741 not found.
[WARNING STA-1650] /home/ubuntu/GitHub/sky130-trng/.loom/worktrees/issue-236/sim/digital-electrical-repair/requests/.klt/place-and-route/trng_digital_route.spef line 13385, net $11743 not found.
[WARNING STA-1650] /home/ubuntu/GitHub/sky130-trng/.loom/worktrees/issue-236/sim/digital-electrical-repair/requests/.klt/place-and-route/trng_digital_route.spef line 13395, net $11744 not found.
[WARNING STA-1650] /home/ubuntu/GitHub/sky130-trng/.loom/worktrees/issue-236/sim/digital-electrical-repair/requests/.klt/place-and-route/trng_digital_route.spef line 13403, net $11745 not found.
[WARNING STA-1650] /home/ubuntu/GitHub/sky130-trng/.loom/worktrees/issue-236/sim/digital-electrical-repair/requests/.klt/place-and-route/trng_digital_route.spef line 13413, net $11746 not found.
[WARNING STA-1650] /home/ubuntu/GitHub/sky130-trng/.loom/worktrees/issue-236/sim/digital-electrical-repair/requests/.klt/place-and-route/trng_digital_route.spef line 13421, net $11747 not found.
[WARNING STA-1650] /home/ubuntu/GitHub/sky130-trng/.loom/worktrees/issue-236/sim/digital-electrical-repair/requests/.klt/place-and-route/trng_digital_route.spef line 13431, net $11748 not found.
[WARNING STA-1650] /home/ubuntu/GitHub/sky130-trng/.loom/worktrees/issue-236/sim/digital-electrical-repair/requests/.klt/place-and-route/trng_digital_route.spef line 13441, net $11749 not found.
[WARNING STA-1650] /home/ubuntu/GitHub/sky130-trng/.loom/worktrees/issue-236/sim/digital-electrical-repair/requests/.klt/place-and-route/trng_digital_route.spef line 13450, net $1175 not found.
[WARNING STA-1650] /home/ubuntu/GitHub/sky130-trng/.loom/worktrees/issue-236/sim/digital-electrical-repair/requests/.klt/place-and-route/trng_digital_route.spef line 13459, net $11750 not found.
[WARNING STA-1650] /home/ubuntu/GitHub/sky130-trng/.loom/worktrees/issue-236/sim/digital-electrical-repair/requests/.klt/place-and-route/trng_digital_route.spef line 13468, net $11751 not found.
[WARNING STA-1650] /home/ubuntu/GitHub/sky130-trng/.loom/worktrees/issue-236/sim/digital-electrical-repair/requests/.klt/place-and-route/trng_digital_route.spef line 13476, net $11752 not found.
[WARNING STA-1650] /home/ubuntu/GitHub/sky130-trng/.loom/worktrees/issue-236/sim/digital-electrical-repair/requests/.klt/place-and-route/trng_digital_route.spef line 13484, net $11753 not found.
[WARNING STA-1650] /home/ubuntu/GitHub/sky130-trng/.loom/worktrees/issue-236/sim/digital-electrical-repair/requests/.klt/place-and-route/trng_digital_route.spef line 13494, net $1176 not found.
[WARNING STA-1650] /home/ubuntu/GitHub/sky130-trng/.loom/worktrees/issue-236/sim/digital-electrical-repair/requests/.klt/place-and-route/trng_digital_route.spef line 13507, net $11766 not found.
[WARNING STA-1650] /home/ubuntu/GitHub/sky130-trng/.loom/worktrees/issue-236/sim/digital-electrical-repair/requests/.klt/place-and-route/trng_digital_route.spef line 13532, net $11767 not found.
[WARNING STA-1650] /home/ubuntu/GitHub/sky130-trng/.loom/worktrees/issue-236/sim/digital-electrical-repair/requests/.klt/place-and-route/trng_digital_route.spef line 13555, net $11768 not found.
[WARNING STA-1650] /home/ubuntu/GitHub/sky130-trng/.loom/worktrees/issue-236/sim/digital-electrical-repair/requests/.klt/place-and-route/trng_digital_route.spef line 13565, net $11769 not found.
[WARNING STA-1650] /home/ubuntu/GitHub/sky130-trng/.loom/worktrees/issue-236/sim/digital-electrical-repair/requests/.klt/place-and-route/trng_digital_route.spef line 13577, net $1177 not found.
[WARNING STA-1650] /home/ubuntu/GitHub/sky130-trng/.loom/worktrees/issue-236/sim/digital-electrical-repair/requests/.klt/place-and-route/trng_digital_route.spef line 13590, net $11770 not found.
[WARNING STA-1650] /home/ubuntu/GitHub/sky130-trng/.loom/worktrees/issue-236/sim/digital-electrical-repair/requests/.klt/place-and-route/trng_digital_route.spef line 13604, net $11771 not found.
[WARNING STA-1650] /home/ubuntu/GitHub/sky130-trng/.loom/worktrees/issue-236/sim/digital-electrical-repair/requests/.klt/place-and-route/trng_digital_route.spef line 13619, net $11772 not found.
[WARNING STA-1650] /home/ubuntu/GitHub/sky130-trng/.loom/worktrees/issue-236/sim/digital-electrical-repair/requests/.klt/place-and-route/trng_digital_route.spef line 13635, net $11773 not found.
[WARNING STA-1650] /home/ubuntu/GitHub/sky130-trng/.loom/worktrees/issue-236/sim/digital-electrical-repair/requests/.klt/place-and-route/trng_digital_route.spef line 13649, net $11774 not found.
[WARNING STA-1650] /home/ubuntu/GitHub/sky130-trng/.loom/worktrees/issue-236/sim/digital-electrical-repair/requests/.klt/place-and-route/trng_digital_route.spef line 13674, net $11775 not found.
[WARNING STA-1650] /home/ubuntu/GitHub/sky130-trng/.loom/worktrees/issue-236/sim/digital-electrical-repair/requests/.klt/place-and-route/trng_digital_route.spef line 13696, net $11777 not found.
[WARNING STA-1650] /home/ubuntu/GitHub/sky130-trng/.loom/worktrees/issue-236/sim/digital-electrical-repair/requests/.klt/place-and-route/trng_digital_route.spef line 13708, net $11778 not found.
[WARNING STA-1650] /home/ubuntu/GitHub/sky130-trng/.loom/worktrees/issue-236/sim/digital-electrical-repair/requests/.klt/place-and-route/trng_digital_route.spef line 13722, net $11779 not found.
[WARNING STA-1650] /home/ubuntu/GitHub/sky130-trng/.loom/worktrees/issue-236/sim/digital-electrical-repair/requests/.klt/place-and-route/trng_digital_route.spef line 13736, net $1178 not found.
[WARNING STA-1650] /home/ubuntu/GitHub/sky130-trng/.loom/worktrees/issue-236/sim/digital-electrical-repair/requests/.klt/place-and-route/trng_digital_route.spef line 13750, net $11780 not found.
[WARNING STA-1650] /home/ubuntu/GitHub/sky130-trng/.loom/worktrees/issue-236/sim/digital-electrical-repair/requests/.klt/place-and-route/trng_digital_route.spef line 13765, net $11781 not found.
[WARNING STA-1650] /home/ubuntu/GitHub/sky130-trng/.loom/worktrees/issue-236/sim/digital-electrical-repair/requests/.klt/place-and-route/trng_digital_route.spef line 13781, net $11783 not found.
[WARNING STA-1650] /home/ubuntu/GitHub/sky130-trng/.loom/worktrees/issue-236/sim/digital-electrical-repair/requests/.klt/place-and-route/trng_digital_route.spef line 13790, net $11784 not found.
[WARNING STA-1650] /home/ubuntu/GitHub/sky130-trng/.loom/worktrees/issue-236/sim/digital-electrical-repair/requests/.klt/place-and-route/trng_digital_route.spef line 13799, net $11785 not found.
[WARNING STA-1650] /home/ubuntu/GitHub/sky130-trng/.loom/worktrees/issue-236/sim/digital-electrical-repair/requests/.klt/place-and-route/trng_digital_route.spef line 13810, net $11786 not found.
[WARNING STA-1650] /home/ubuntu/GitHub/sky130-trng/.loom/worktrees/issue-236/sim/digital-electrical-repair/requests/.klt/place-and-route/trng_digital_route.spef line 13828, net $11788 not found.
[WARNING STA-1650] /home/ubuntu/GitHub/sky130-trng/.loom/worktrees/issue-236/sim/digital-electrical-repair/requests/.klt/place-and-route/trng_digital_route.spef line 13837, net $11790 not found.
[WARNING STA-1650] /home/ubuntu/GitHub/sky130-trng/.loom/worktrees/issue-236/sim/digital-electrical-repair/requests/.klt/place-and-route/trng_digital_route.spef line 13861, net $11791 not found.
[WARNING STA-1650] /home/ubuntu/GitHub/sky130-trng/.loom/worktrees/issue-236/sim/digital-electrical-repair/requests/.klt/place-and-route/trng_digital_route.spef line 13882, net $11792 not found.
[WARNING STA-1650] /home/ubuntu/GitHub/sky130-trng/.loom/worktrees/issue-236/sim/digital-electrical-repair/requests/.klt/place-and-route/trng_digital_route.spef line 13893, net $11793 not found.
[WARNING STA-1650] message limit (1000) reached. This message will no longer print.
[WARNING STA-1656] /home/ubuntu/GitHub/sky130-trng/.loom/worktrees/issue-236/sim/digital-electrical-repair/requests/.klt/place-and-route/trng_digital_route.spef line 87620, pin bus_rdata_r[0] not found.
[WARNING STA-1656] /home/ubuntu/GitHub/sky130-trng/.loom/worktrees/issue-236/sim/digital-electrical-repair/requests/.klt/place-and-route/trng_digital_route.spef line 87621, pin bus_rdata_r[10] not found.
[WARNING STA-1656] /home/ubuntu/GitHub/sky130-trng/.loom/worktrees/issue-236/sim/digital-electrical-repair/requests/.klt/place-and-route/trng_digital_route.spef line 87622, pin bus_rdata_r[11] not found.
[WARNING STA-1656] /home/ubuntu/GitHub/sky130-trng/.loom/worktrees/issue-236/sim/digital-electrical-repair/requests/.klt/place-and-route/trng_digital_route.spef line 87623, pin bus_rdata_r[12] not found.
[WARNING STA-1656] /home/ubuntu/GitHub/sky130-trng/.loom/worktrees/issue-236/sim/digital-electrical-repair/requests/.klt/place-and-route/trng_digital_route.spef line 87624, pin bus_rdata_r[13] not found.
[WARNING STA-1656] /home/ubuntu/GitHub/sky130-trng/.loom/worktrees/issue-236/sim/digital-electrical-repair/requests/.klt/place-and-route/trng_digital_route.spef line 87625, pin bus_rdata_r[14] not found.
[WARNING STA-1656] /home/ubuntu/GitHub/sky130-trng/.loom/worktrees/issue-236/sim/digital-electrical-repair/requests/.klt/place-and-route/trng_digital_route.spef line 87626, pin bus_rdata_r[15] not found.
[WARNING STA-1656] /home/ubuntu/GitHub/sky130-trng/.loom/worktrees/issue-236/sim/digital-electrical-repair/requests/.klt/place-and-route/trng_digital_route.spef line 87627, pin bus_rdata_r[16] not found.
[WARNING STA-1656] /home/ubuntu/GitHub/sky130-trng/.loom/worktrees/issue-236/sim/digital-electrical-repair/requests/.klt/place-and-route/trng_digital_route.spef line 87628, pin bus_rdata_r[17] not found.
[WARNING STA-1656] /home/ubuntu/GitHub/sky130-trng/.loom/worktrees/issue-236/sim/digital-electrical-repair/requests/.klt/place-and-route/trng_digital_route.spef line 87629, pin bus_rdata_r[18] not found.
[WARNING STA-1656] /home/ubuntu/GitHub/sky130-trng/.loom/worktrees/issue-236/sim/digital-electrical-repair/requests/.klt/place-and-route/trng_digital_route.spef line 87630, pin bus_rdata_r[19] not found.
[WARNING STA-1656] /home/ubuntu/GitHub/sky130-trng/.loom/worktrees/issue-236/sim/digital-electrical-repair/requests/.klt/place-and-route/trng_digital_route.spef line 87631, pin bus_rdata_r[1] not found.
[WARNING STA-1656] /home/ubuntu/GitHub/sky130-trng/.loom/worktrees/issue-236/sim/digital-electrical-repair/requests/.klt/place-and-route/trng_digital_route.spef line 87632, pin bus_rdata_r[20] not found.
[WARNING STA-1656] /home/ubuntu/GitHub/sky130-trng/.loom/worktrees/issue-236/sim/digital-electrical-repair/requests/.klt/place-and-route/trng_digital_route.spef line 87633, pin bus_rdata_r[21] not found.
[WARNING STA-1656] /home/ubuntu/GitHub/sky130-trng/.loom/worktrees/issue-236/sim/digital-electrical-repair/requests/.klt/place-and-route/trng_digital_route.spef line 87634, pin bus_rdata_r[22] not found.
[WARNING STA-1656] /home/ubuntu/GitHub/sky130-trng/.loom/worktrees/issue-236/sim/digital-electrical-repair/requests/.klt/place-and-route/trng_digital_route.spef line 87635, pin bus_rdata_r[23] not found.
[WARNING STA-1656] /home/ubuntu/GitHub/sky130-trng/.loom/worktrees/issue-236/sim/digital-electrical-repair/requests/.klt/place-and-route/trng_digital_route.spef line 87636, pin bus_rdata_r[24] not found.
[WARNING STA-1656] /home/ubuntu/GitHub/sky130-trng/.loom/worktrees/issue-236/sim/digital-electrical-repair/requests/.klt/place-and-route/trng_digital_route.spef line 87637, pin bus_rdata_r[25] not found.
[WARNING STA-1656] /home/ubuntu/GitHub/sky130-trng/.loom/worktrees/issue-236/sim/digital-electrical-repair/requests/.klt/place-and-route/trng_digital_route.spef line 87638, pin bus_rdata_r[26] not found.
[WARNING STA-1656] /home/ubuntu/GitHub/sky130-trng/.loom/worktrees/issue-236/sim/digital-electrical-repair/requests/.klt/place-and-route/trng_digital_route.spef line 87639, pin bus_rdata_r[27] not found.
[WARNING STA-1656] /home/ubuntu/GitHub/sky130-trng/.loom/worktrees/issue-236/sim/digital-electrical-repair/requests/.klt/place-and-route/trng_digital_route.spef line 87640, pin bus_rdata_r[28] not found.
[WARNING STA-1656] /home/ubuntu/GitHub/sky130-trng/.loom/worktrees/issue-236/sim/digital-electrical-repair/requests/.klt/place-and-route/trng_digital_route.spef line 87641, pin bus_rdata_r[29] not found.
[WARNING STA-1656] /home/ubuntu/GitHub/sky130-trng/.loom/worktrees/issue-236/sim/digital-electrical-repair/requests/.klt/place-and-route/trng_digital_route.spef line 87642, pin bus_rdata_r[2] not found.
[WARNING STA-1656] /home/ubuntu/GitHub/sky130-trng/.loom/worktrees/issue-236/sim/digital-electrical-repair/requests/.klt/place-and-route/trng_digital_route.spef line 87643, pin bus_rdata_r[30] not found.
[WARNING STA-1656] /home/ubuntu/GitHub/sky130-trng/.loom/worktrees/issue-236/sim/digital-electrical-repair/requests/.klt/place-and-route/trng_digital_route.spef line 87644, pin bus_rdata_r[31] not found.
[WARNING STA-1656] /home/ubuntu/GitHub/sky130-trng/.loom/worktrees/issue-236/sim/digital-electrical-repair/requests/.klt/place-and-route/trng_digital_route.spef line 87645, pin bus_rdata_r[3] not found.
[WARNING STA-1656] /home/ubuntu/GitHub/sky130-trng/.loom/worktrees/issue-236/sim/digital-electrical-repair/requests/.klt/place-and-route/trng_digital_route.spef line 87646, pin bus_rdata_r[4] not found.
[WARNING STA-1656] /home/ubuntu/GitHub/sky130-trng/.loom/worktrees/issue-236/sim/digital-electrical-repair/requests/.klt/place-and-route/trng_digital_route.spef line 87647, pin bus_rdata_r[5] not found.
[WARNING STA-1656] /home/ubuntu/GitHub/sky130-trng/.loom/worktrees/issue-236/sim/digital-electrical-repair/requests/.klt/place-and-route/trng_digital_route.spef line 87648, pin bus_rdata_r[6] not found.
[WARNING STA-1656] /home/ubuntu/GitHub/sky130-trng/.loom/worktrees/issue-236/sim/digital-electrical-repair/requests/.klt/place-and-route/trng_digital_route.spef line 87649, pin bus_rdata_r[7] not found.
[WARNING STA-1656] /home/ubuntu/GitHub/sky130-trng/.loom/worktrees/issue-236/sim/digital-electrical-repair/requests/.klt/place-and-route/trng_digital_route.spef line 87650, pin bus_rdata_r[8] not found.
[WARNING STA-1656] /home/ubuntu/GitHub/sky130-trng/.loom/worktrees/issue-236/sim/digital-electrical-repair/requests/.klt/place-and-route/trng_digital_route.spef line 87651, pin bus_rdata_r[9] not found.
[WARNING STA-1656] /home/ubuntu/GitHub/sky130-trng/.loom/worktrees/issue-236/sim/digital-electrical-repair/requests/.klt/place-and-route/trng_digital_route.spef line 88453, pin startup_done438 not found.
[WARNING STA-1656] /home/ubuntu/GitHub/sky130-trng/.loom/worktrees/issue-236/sim/digital-electrical-repair/requests/.klt/place-and-route/trng_digital_route.spef line 113157, pin bus_rdata_r[0] not found.
[WARNING STA-1656] /home/ubuntu/GitHub/sky130-trng/.loom/worktrees/issue-236/sim/digital-electrical-repair/requests/.klt/place-and-route/trng_digital_route.spef line 113158, pin bus_rdata_r[10] not found.
[WARNING STA-1656] /home/ubuntu/GitHub/sky130-trng/.loom/worktrees/issue-236/sim/digital-electrical-repair/requests/.klt/place-and-route/trng_digital_route.spef line 113159, pin bus_rdata_r[12] not found.
[WARNING STA-1656] /home/ubuntu/GitHub/sky130-trng/.loom/worktrees/issue-236/sim/digital-electrical-repair/requests/.klt/place-and-route/trng_digital_route.spef line 113160, pin bus_rdata_r[13] not found.
[WARNING STA-1656] /home/ubuntu/GitHub/sky130-trng/.loom/worktrees/issue-236/sim/digital-electrical-repair/requests/.klt/place-and-route/trng_digital_route.spef line 113161, pin bus_rdata_r[14] not found.
[WARNING STA-1656] /home/ubuntu/GitHub/sky130-trng/.loom/worktrees/issue-236/sim/digital-electrical-repair/requests/.klt/place-and-route/trng_digital_route.spef line 113162, pin bus_rdata_r[15] not found.
[WARNING STA-1656] /home/ubuntu/GitHub/sky130-trng/.loom/worktrees/issue-236/sim/digital-electrical-repair/requests/.klt/place-and-route/trng_digital_route.spef line 113163, pin bus_rdata_r[16] not found.
[WARNING STA-1656] /home/ubuntu/GitHub/sky130-trng/.loom/worktrees/issue-236/sim/digital-electrical-repair/requests/.klt/place-and-route/trng_digital_route.spef line 113164, pin bus_rdata_r[17] not found.
[WARNING STA-1656] /home/ubuntu/GitHub/sky130-trng/.loom/worktrees/issue-236/sim/digital-electrical-repair/requests/.klt/place-and-route/trng_digital_route.spef line 113165, pin bus_rdata_r[18] not found.
[WARNING STA-1656] /home/ubuntu/GitHub/sky130-trng/.loom/worktrees/issue-236/sim/digital-electrical-repair/requests/.klt/place-and-route/trng_digital_route.spef line 113166, pin bus_rdata_r[19] not found.
[WARNING STA-1656] /home/ubuntu/GitHub/sky130-trng/.loom/worktrees/issue-236/sim/digital-electrical-repair/requests/.klt/place-and-route/trng_digital_route.spef line 113167, pin bus_rdata_r[1] not found.
[WARNING STA-1656] /home/ubuntu/GitHub/sky130-trng/.loom/worktrees/issue-236/sim/digital-electrical-repair/requests/.klt/place-and-route/trng_digital_route.spef line 113168, pin bus_rdata_r[20] not found.
[WARNING STA-1656] /home/ubuntu/GitHub/sky130-trng/.loom/worktrees/issue-236/sim/digital-electrical-repair/requests/.klt/place-and-route/trng_digital_route.spef line 113169, pin bus_rdata_r[21] not found.
[WARNING STA-1656] /home/ubuntu/GitHub/sky130-trng/.loom/worktrees/issue-236/sim/digital-electrical-repair/requests/.klt/place-and-route/trng_digital_route.spef line 113170, pin bus_rdata_r[22] not found.
[WARNING STA-1656] /home/ubuntu/GitHub/sky130-trng/.loom/worktrees/issue-236/sim/digital-electrical-repair/requests/.klt/place-and-route/trng_digital_route.spef line 113171, pin bus_rdata_r[23] not found.
[WARNING STA-1656] /home/ubuntu/GitHub/sky130-trng/.loom/worktrees/issue-236/sim/digital-electrical-repair/requests/.klt/place-and-route/trng_digital_route.spef line 113172, pin bus_rdata_r[24] not found.
[WARNING STA-1656] /home/ubuntu/GitHub/sky130-trng/.loom/worktrees/issue-236/sim/digital-electrical-repair/requests/.klt/place-and-route/trng_digital_route.spef line 113173, pin bus_rdata_r[25] not found.
[WARNING STA-1656] /home/ubuntu/GitHub/sky130-trng/.loom/worktrees/issue-236/sim/digital-electrical-repair/requests/.klt/place-and-route/trng_digital_route.spef line 113174, pin bus_rdata_r[26] not found.
[WARNING STA-1656] /home/ubuntu/GitHub/sky130-trng/.loom/worktrees/issue-236/sim/digital-electrical-repair/requests/.klt/place-and-route/trng_digital_route.spef line 113175, pin bus_rdata_r[27] not found.
[WARNING STA-1656] /home/ubuntu/GitHub/sky130-trng/.loom/worktrees/issue-236/sim/digital-electrical-repair/requests/.klt/place-and-route/trng_digital_route.spef line 113176, pin bus_rdata_r[28] not found.
[WARNING STA-1656] /home/ubuntu/GitHub/sky130-trng/.loom/worktrees/issue-236/sim/digital-electrical-repair/requests/.klt/place-and-route/trng_digital_route.spef line 113177, pin bus_rdata_r[29] not found.
[WARNING STA-1656] /home/ubuntu/GitHub/sky130-trng/.loom/worktrees/issue-236/sim/digital-electrical-repair/requests/.klt/place-and-route/trng_digital_route.spef line 113178, pin bus_rdata_r[2] not found.
[WARNING STA-1656] /home/ubuntu/GitHub/sky130-trng/.loom/worktrees/issue-236/sim/digital-electrical-repair/requests/.klt/place-and-route/trng_digital_route.spef line 113179, pin bus_rdata_r[30] not found.
[WARNING STA-1656] /home/ubuntu/GitHub/sky130-trng/.loom/worktrees/issue-236/sim/digital-electrical-repair/requests/.klt/place-and-route/trng_digital_route.spef line 113180, pin bus_rdata_r[31] not found.
[WARNING STA-1656] /home/ubuntu/GitHub/sky130-trng/.loom/worktrees/issue-236/sim/digital-electrical-repair/requests/.klt/place-and-route/trng_digital_route.spef line 113181, pin bus_rdata_r[3] not found.
[WARNING STA-1656] /home/ubuntu/GitHub/sky130-trng/.loom/worktrees/issue-236/sim/digital-electrical-repair/requests/.klt/place-and-route/trng_digital_route.spef line 113182, pin bus_rdata_r[4] not found.
[WARNING STA-1656] /home/ubuntu/GitHub/sky130-trng/.loom/worktrees/issue-236/sim/digital-electrical-repair/requests/.klt/place-and-route/trng_digital_route.spef line 113183, pin bus_rdata_r[5] not found.
[WARNING STA-1656] /home/ubuntu/GitHub/sky130-trng/.loom/worktrees/issue-236/sim/digital-electrical-repair/requests/.klt/place-and-route/trng_digital_route.spef line 113184, pin bus_rdata_r[6] not found.
[WARNING STA-1656] /home/ubuntu/GitHub/sky130-trng/.loom/worktrees/issue-236/sim/digital-electrical-repair/requests/.klt/place-and-route/trng_digital_route.spef line 113185, pin bus_rdata_r[7] not found.
[WARNING STA-1656] /home/ubuntu/GitHub/sky130-trng/.loom/worktrees/issue-236/sim/digital-electrical-repair/requests/.klt/place-and-route/trng_digital_route.spef line 113186, pin bus_rdata_r[8] not found.
[WARNING STA-1656] /home/ubuntu/GitHub/sky130-trng/.loom/worktrees/issue-236/sim/digital-electrical-repair/requests/.klt/place-and-route/trng_digital_route.spef line 113187, pin bus_rdata_r[9] not found.
[WARNING STA-1656] /home/ubuntu/GitHub/sky130-trng/.loom/worktrees/issue-236/sim/digital-electrical-repair/requests/.klt/place-and-route/trng_digital_route.spef line 113971, pin startup_done438 not found.
[WARNING STA-1656] /home/ubuntu/GitHub/sky130-trng/.loom/worktrees/issue-236/sim/digital-electrical-repair/requests/.klt/place-and-route/trng_digital_route.spef line 146625, pin bus_rdata_r[17] not found.
[WARNING STA-1656] /home/ubuntu/GitHub/sky130-trng/.loom/worktrees/issue-236/sim/digital-electrical-repair/requests/.klt/place-and-route/trng_digital_route.spef line 146687, pin bus_rdata_r[16] not found.
[WARNING STA-1656] /home/ubuntu/GitHub/sky130-trng/.loom/worktrees/issue-236/sim/digital-electrical-repair/requests/.klt/place-and-route/trng_digital_route.spef line 146688, pin bus_rdata_r[17] not found.
[WARNING STA-1656] /home/ubuntu/GitHub/sky130-trng/.loom/worktrees/issue-236/sim/digital-electrical-repair/requests/.klt/place-and-route/trng_digital_route.spef line 146689, pin bus_rdata_r[3] not found.
[WARNING STA-1656] /home/ubuntu/GitHub/sky130-trng/.loom/worktrees/issue-236/sim/digital-electrical-repair/requests/.klt/place-and-route/trng_digital_route.spef line 146690, pin bus_rdata_r[6] not found.
[WARNING STA-1656] /home/ubuntu/GitHub/sky130-trng/.loom/worktrees/issue-236/sim/digital-electrical-repair/requests/.klt/place-and-route/trng_digital_route.spef line 146691, pin bus_rdata_r[7] not found.
[WARNING STA-1656] /home/ubuntu/GitHub/sky130-trng/.loom/worktrees/issue-236/sim/digital-electrical-repair/requests/.klt/place-and-route/trng_digital_route.spef line 148105, pin bus_rdata_r[5] not found.
[WARNING STA-1656] /home/ubuntu/GitHub/sky130-trng/.loom/worktrees/issue-236/sim/digital-electrical-repair/requests/.klt/place-and-route/trng_digital_route.spef line 148497, pin bus_rdata_r[29] not found.
[WARNING STA-1656] /home/ubuntu/GitHub/sky130-trng/.loom/worktrees/issue-236/sim/digital-electrical-repair/requests/.klt/place-and-route/trng_digital_route.spef line 148498, pin bus_rdata_r[31] not found.
[WARNING STA-1656] /home/ubuntu/GitHub/sky130-trng/.loom/worktrees/issue-236/sim/digital-electrical-repair/requests/.klt/place-and-route/trng_digital_route.spef line 148499, pin bus_rdata_r[5] not found.
[WARNING STA-1656] /home/ubuntu/GitHub/sky130-trng/.loom/worktrees/issue-236/sim/digital-electrical-repair/requests/.klt/place-and-route/trng_digital_route.spef line 151803, pin bus_rdata_r[16] not found.
[WARNING STA-1656] /home/ubuntu/GitHub/sky130-trng/.loom/worktrees/issue-236/sim/digital-electrical-repair/requests/.klt/place-and-route/trng_digital_route.spef line 151804, pin bus_rdata_r[3] not found.
[WARNING STA-1656] /home/ubuntu/GitHub/sky130-trng/.loom/worktrees/issue-236/sim/digital-electrical-repair/requests/.klt/place-and-route/trng_digital_route.spef line 151805, pin bus_rdata_r[7] not found.
[WARNING STA-1656] /home/ubuntu/GitHub/sky130-trng/.loom/worktrees/issue-236/sim/digital-electrical-repair/requests/.klt/place-and-route/trng_digital_route.spef line 151868, pin bus_rdata_r[17] not found.
[WARNING STA-1656] /home/ubuntu/GitHub/sky130-trng/.loom/worktrees/issue-236/sim/digital-electrical-repair/requests/.klt/place-and-route/trng_digital_route.spef line 152029, pin startup_done438 not found.
[WARNING STA-1656] /home/ubuntu/GitHub/sky130-trng/.loom/worktrees/issue-236/sim/digital-electrical-repair/requests/.klt/place-and-route/trng_digital_route.spef line 152951, pin startup_done438 not found.
[WARNING STA-1656] /home/ubuntu/GitHub/sky130-trng/.loom/worktrees/issue-236/sim/digital-electrical-repair/requests/.klt/place-and-route/trng_digital_route.spef line 153826, pin startup_done438 not found.
[WARNING STA-1656] /home/ubuntu/GitHub/sky130-trng/.loom/worktrees/issue-236/sim/digital-electrical-repair/requests/.klt/place-and-route/trng_digital_route.spef line 153941, pin startup_done438 not found.
[WARNING STA-1656] /home/ubuntu/GitHub/sky130-trng/.loom/worktrees/issue-236/sim/digital-electrical-repair/requests/.klt/place-and-route/trng_digital_route.spef line 154744, pin startup_done438 not found.
[WARNING STA-1656] /home/ubuntu/GitHub/sky130-trng/.loom/worktrees/issue-236/sim/digital-electrical-repair/requests/.klt/place-and-route/trng_digital_route.spef line 154800, pin startup_done438 not found.
[WARNING STA-1656] /home/ubuntu/GitHub/sky130-trng/.loom/worktrees/issue-236/sim/digital-electrical-repair/requests/.klt/place-and-route/trng_digital_route.spef line 154943, pin startup_done438 not found.
[WARNING STA-1656] /home/ubuntu/GitHub/sky130-trng/.loom/worktrees/issue-236/sim/digital-electrical-repair/requests/.klt/place-and-route/trng_digital_route.spef line 156462, pin startup_done438 not found.
[WARNING STA-1656] /home/ubuntu/GitHub/sky130-trng/.loom/worktrees/issue-236/sim/digital-electrical-repair/requests/.klt/place-and-route/trng_digital_route.spef line 156505, pin startup_done438 not found.
[WARNING STA-1656] /home/ubuntu/GitHub/sky130-trng/.loom/worktrees/issue-236/sim/digital-electrical-repair/requests/.klt/place-and-route/trng_digital_route.spef line 156608, pin startup_done438 not found.
[WARNING STA-1656] /home/ubuntu/GitHub/sky130-trng/.loom/worktrees/issue-236/sim/digital-electrical-repair/requests/.klt/place-and-route/trng_digital_route.spef line 156844, pin bus_rdata_r[31] not found.
[WARNING STA-1656] /home/ubuntu/GitHub/sky130-trng/.loom/worktrees/issue-236/sim/digital-electrical-repair/requests/.klt/place-and-route/trng_digital_route.spef line 156845, pin bus_rdata_r[5] not found.
[WARNING STA-1656] /home/ubuntu/GitHub/sky130-trng/.loom/worktrees/issue-236/sim/digital-electrical-repair/requests/.klt/place-and-route/trng_digital_route.spef line 156869, pin bus_rdata_r[17] not found.
[WARNING STA-1656] /home/ubuntu/GitHub/sky130-trng/.loom/worktrees/issue-236/sim/digital-electrical-repair/requests/.klt/place-and-route/trng_digital_route.spef line 156870, pin bus_rdata_r[30] not found.
[WARNING STA-1656] /home/ubuntu/GitHub/sky130-trng/.loom/worktrees/issue-236/sim/digital-electrical-repair/requests/.klt/place-and-route/trng_digital_route.spef line 156879, pin startup_done438 not found.
[WARNING STA-1656] /home/ubuntu/GitHub/sky130-trng/.loom/worktrees/issue-236/sim/digital-electrical-repair/requests/.klt/place-and-route/trng_digital_route.spef line 156899, pin bus_rdata_r[29] not found.
[WARNING STA-1656] /home/ubuntu/GitHub/sky130-trng/.loom/worktrees/issue-236/sim/digital-electrical-repair/requests/.klt/place-and-route/trng_digital_route.spef line 156920, pin bus_rdata_r[21] not found.
[WARNING STA-1656] /home/ubuntu/GitHub/sky130-trng/.loom/worktrees/issue-236/sim/digital-electrical-repair/requests/.klt/place-and-route/trng_digital_route.spef line 156921, pin bus_rdata_r[23] not found.
[WARNING STA-1656] /home/ubuntu/GitHub/sky130-trng/.loom/worktrees/issue-236/sim/digital-electrical-repair/requests/.klt/place-and-route/trng_digital_route.spef line 156922, pin bus_rdata_r[28] not found.
[WARNING STA-1656] /home/ubuntu/GitHub/sky130-trng/.loom/worktrees/issue-236/sim/digital-electrical-repair/requests/.klt/place-and-route/trng_digital_route.spef line 156946, pin bus_rdata_r[21] not found.
[WARNING STA-1656] /home/ubuntu/GitHub/sky130-trng/.loom/worktrees/issue-236/sim/digital-electrical-repair/requests/.klt/place-and-route/trng_digital_route.spef line 156947, pin bus_rdata_r[23] not found.
[WARNING STA-1656] /home/ubuntu/GitHub/sky130-trng/.loom/worktrees/issue-236/sim/digital-electrical-repair/requests/.klt/place-and-route/trng_digital_route.spef line 156948, pin bus_rdata_r[24] not found.
[WARNING STA-1656] /home/ubuntu/GitHub/sky130-trng/.loom/worktrees/issue-236/sim/digital-electrical-repair/requests/.klt/place-and-route/trng_digital_route.spef line 156949, pin bus_rdata_r[28] not found.
[WARNING STA-1656] /home/ubuntu/GitHub/sky130-trng/.loom/worktrees/issue-236/sim/digital-electrical-repair/requests/.klt/place-and-route/trng_digital_route.spef line 156980, pin bus_rdata_r[15] not found.
[WARNING STA-1656] /home/ubuntu/GitHub/sky130-trng/.loom/worktrees/issue-236/sim/digital-electrical-repair/requests/.klt/place-and-route/trng_digital_route.spef line 156981, pin bus_rdata_r[22] not found.
[WARNING STA-1656] /home/ubuntu/GitHub/sky130-trng/.loom/worktrees/issue-236/sim/digital-electrical-repair/requests/.klt/place-and-route/trng_digital_route.spef line 156982, pin bus_rdata_r[26] not found.
[WARNING STA-1656] /home/ubuntu/GitHub/sky130-trng/.loom/worktrees/issue-236/sim/digital-electrical-repair/requests/.klt/place-and-route/trng_digital_route.spef line 156983, pin bus_rdata_r[4] not found.
[WARNING STA-1656] /home/ubuntu/GitHub/sky130-trng/.loom/worktrees/issue-236/sim/digital-electrical-repair/requests/.klt/place-and-route/trng_digital_route.spef line 156984, pin bus_rdata_r[8] not found.
[WARNING STA-1656] /home/ubuntu/GitHub/sky130-trng/.loom/worktrees/issue-236/sim/digital-electrical-repair/requests/.klt/place-and-route/trng_digital_route.spef line 157014, pin bus_rdata_r[19] not found.
[WARNING STA-1656] /home/ubuntu/GitHub/sky130-trng/.loom/worktrees/issue-236/sim/digital-electrical-repair/requests/.klt/place-and-route/trng_digital_route.spef line 157015, pin bus_rdata_r[25] not found.
[WARNING STA-1656] /home/ubuntu/GitHub/sky130-trng/.loom/worktrees/issue-236/sim/digital-electrical-repair/requests/.klt/place-and-route/trng_digital_route.spef line 157016, pin bus_rdata_r[3] not found.
[WARNING STA-1656] /home/ubuntu/GitHub/sky130-trng/.loom/worktrees/issue-236/sim/digital-electrical-repair/requests/.klt/place-and-route/trng_digital_route.spef line 157017, pin bus_rdata_r[7] not found.
[WARNING STA-1656] /home/ubuntu/GitHub/sky130-trng/.loom/worktrees/issue-236/sim/digital-electrical-repair/requests/.klt/place-and-route/trng_digital_route.spef line 157048, pin bus_rdata_r[24] not found.
[WARNING STA-1656] /home/ubuntu/GitHub/sky130-trng/.loom/worktrees/issue-236/sim/digital-electrical-repair/requests/.klt/place-and-route/trng_digital_route.spef line 157049, pin bus_rdata_r[27] not found.
[WARNING STA-1656] /home/ubuntu/GitHub/sky130-trng/.loom/worktrees/issue-236/sim/digital-electrical-repair/requests/.klt/place-and-route/trng_digital_route.spef line 157050, pin bus_rdata_r[29] not found.
[WARNING STA-1656] /home/ubuntu/GitHub/sky130-trng/.loom/worktrees/issue-236/sim/digital-electrical-repair/requests/.klt/place-and-route/trng_digital_route.spef line 157051, pin bus_rdata_r[31] not found.
[WARNING STA-1656] /home/ubuntu/GitHub/sky130-trng/.loom/worktrees/issue-236/sim/digital-electrical-repair/requests/.klt/place-and-route/trng_digital_route.spef line 157081, pin bus_rdata_r[23] not found.
[WARNING STA-1656] /home/ubuntu/GitHub/sky130-trng/.loom/worktrees/issue-236/sim/digital-electrical-repair/requests/.klt/place-and-route/trng_digital_route.spef line 157082, pin bus_rdata_r[5] not found.
[WARNING STA-1656] /home/ubuntu/GitHub/sky130-trng/.loom/worktrees/issue-236/sim/digital-electrical-repair/requests/.klt/place-and-route/trng_digital_route.spef line 157108, pin bus_rdata_r[22] not found.
[WARNING STA-1656] /home/ubuntu/GitHub/sky130-trng/.loom/worktrees/issue-236/sim/digital-electrical-repair/requests/.klt/place-and-route/trng_digital_route.spef line 157109, pin bus_rdata_r[26] not found.
[WARNING STA-1656] /home/ubuntu/GitHub/sky130-trng/.loom/worktrees/issue-236/sim/digital-electrical-repair/requests/.klt/place-and-route/trng_digital_route.spef line 157133, pin bus_rdata_r[18] not found.
[WARNING STA-1656] /home/ubuntu/GitHub/sky130-trng/.loom/worktrees/issue-236/sim/digital-electrical-repair/requests/.klt/place-and-route/trng_digital_route.spef line 157134, pin bus_rdata_r[1] not found.
[WARNING STA-1656] /home/ubuntu/GitHub/sky130-trng/.loom/worktrees/issue-236/sim/digital-electrical-repair/requests/.klt/place-and-route/trng_digital_route.spef line 157135, pin bus_rdata_r[21] not found.
[WARNING STA-1656] /home/ubuntu/GitHub/sky130-trng/.loom/worktrees/issue-236/sim/digital-electrical-repair/requests/.klt/place-and-route/trng_digital_route.spef line 157136, pin bus_rdata_r[9] not found.
[WARNING STA-1656] /home/ubuntu/GitHub/sky130-trng/.loom/worktrees/issue-236/sim/digital-electrical-repair/requests/.klt/place-and-route/trng_digital_route.spef line 157163, pin bus_rdata_r[19] not found.
[WARNING STA-1656] /home/ubuntu/GitHub/sky130-trng/.loom/worktrees/issue-236/sim/digital-electrical-repair/requests/.klt/place-and-route/trng_digital_route.spef line 157164, pin bus_rdata_r[20] not found.
[WARNING STA-1656] /home/ubuntu/GitHub/sky130-trng/.loom/worktrees/issue-236/sim/digital-electrical-repair/requests/.klt/place-and-route/trng_digital_route.spef line 157165, pin bus_rdata_r[6] not found.
[WARNING STA-1656] /home/ubuntu/GitHub/sky130-trng/.loom/worktrees/issue-236/sim/digital-electrical-repair/requests/.klt/place-and-route/trng_digital_route.spef line 157188, pin bus_rdata_r[19] not found.
[WARNING STA-1656] /home/ubuntu/GitHub/sky130-trng/.loom/worktrees/issue-236/sim/digital-electrical-repair/requests/.klt/place-and-route/trng_digital_route.spef line 157210, pin bus_rdata_r[18] not found.
[WARNING STA-1656] /home/ubuntu/GitHub/sky130-trng/.loom/worktrees/issue-236/sim/digital-electrical-repair/requests/.klt/place-and-route/trng_digital_route.spef line 157211, pin bus_rdata_r[21] not found.
[WARNING STA-1656] /home/ubuntu/GitHub/sky130-trng/.loom/worktrees/issue-236/sim/digital-electrical-repair/requests/.klt/place-and-route/trng_digital_route.spef line 157242, pin bus_rdata_r[7] not found.
[WARNING STA-1656] /home/ubuntu/GitHub/sky130-trng/.loom/worktrees/issue-236/sim/digital-electrical-repair/requests/.klt/place-and-route/trng_digital_route.spef line 157269, pin bus_rdata_r[16] not found.
[WARNING STA-1656] /home/ubuntu/GitHub/sky130-trng/.loom/worktrees/issue-236/sim/digital-electrical-repair/requests/.klt/place-and-route/trng_digital_route.spef line 157270, pin bus_rdata_r[17] not found.
[WARNING STA-1656] /home/ubuntu/GitHub/sky130-trng/.loom/worktrees/issue-236/sim/digital-electrical-repair/requests/.klt/place-and-route/trng_digital_route.spef line 157294, pin bus_rdata_r[15] not found.
[WARNING STA-1656] /home/ubuntu/GitHub/sky130-trng/.loom/worktrees/issue-236/sim/digital-electrical-repair/requests/.klt/place-and-route/trng_digital_route.spef line 157319, pin bus_rdata_r[14] not found.
[WARNING STA-1656] /home/ubuntu/GitHub/sky130-trng/.loom/worktrees/issue-236/sim/digital-electrical-repair/requests/.klt/place-and-route/trng_digital_route.spef line 157347, pin bus_rdata_r[12] not found.
[WARNING STA-1656] /home/ubuntu/GitHub/sky130-trng/.loom/worktrees/issue-236/sim/digital-electrical-repair/requests/.klt/place-and-route/trng_digital_route.spef line 157348, pin bus_rdata_r[13] not found.
[WARNING STA-1656] /home/ubuntu/GitHub/sky130-trng/.loom/worktrees/issue-236/sim/digital-electrical-repair/requests/.klt/place-and-route/trng_digital_route.spef line 157349, pin bus_rdata_r[14] not found.
[WARNING STA-1656] /home/ubuntu/GitHub/sky130-trng/.loom/worktrees/issue-236/sim/digital-electrical-repair/requests/.klt/place-and-route/trng_digital_route.spef line 157350, pin bus_rdata_r[1] not found.
[WARNING STA-1656] /home/ubuntu/GitHub/sky130-trng/.loom/worktrees/issue-236/sim/digital-electrical-repair/requests/.klt/place-and-route/trng_digital_route.spef line 157351, pin bus_rdata_r[4] not found.
[WARNING STA-1656] /home/ubuntu/GitHub/sky130-trng/.loom/worktrees/issue-236/sim/digital-electrical-repair/requests/.klt/place-and-route/trng_digital_route.spef line 157400, pin bus_rdata_r[11] not found.
[WARNING STA-1656] /home/ubuntu/GitHub/sky130-trng/.loom/worktrees/issue-236/sim/digital-electrical-repair/requests/.klt/place-and-route/trng_digital_route.spef line 157401, pin bus_rdata_r[16] not found.
[WARNING STA-1656] /home/ubuntu/GitHub/sky130-trng/.loom/worktrees/issue-236/sim/digital-electrical-repair/requests/.klt/place-and-route/trng_digital_route.spef line 157402, pin bus_rdata_r[19] not found.
[WARNING STA-1656] /home/ubuntu/GitHub/sky130-trng/.loom/worktrees/issue-236/sim/digital-electrical-repair/requests/.klt/place-and-route/trng_digital_route.spef line 157425, pin bus_rdata_r[10] not found.
[WARNING STA-1656] /home/ubuntu/GitHub/sky130-trng/.loom/worktrees/issue-236/sim/digital-electrical-repair/requests/.klt/place-and-route/trng_digital_route.spef line 157426, pin bus_rdata_r[12] not found.
[WARNING STA-1656] /home/ubuntu/GitHub/sky130-trng/.loom/worktrees/issue-236/sim/digital-electrical-repair/requests/.klt/place-and-route/trng_digital_route.spef line 157427, pin bus_rdata_r[13] not found.
[WARNING STA-1656] /home/ubuntu/GitHub/sky130-trng/.loom/worktrees/issue-236/sim/digital-electrical-repair/requests/.klt/place-and-route/trng_digital_route.spef line 157428, pin bus_rdata_r[14] not found.
[WARNING STA-1656] /home/ubuntu/GitHub/sky130-trng/.loom/worktrees/issue-236/sim/digital-electrical-repair/requests/.klt/place-and-route/trng_digital_route.spef line 157429, pin bus_rdata_r[18] not found.
[WARNING STA-1656] /home/ubuntu/GitHub/sky130-trng/.loom/worktrees/issue-236/sim/digital-electrical-repair/requests/.klt/place-and-route/trng_digital_route.spef line 157430, pin bus_rdata_r[9] not found.
[WARNING STA-1656] /home/ubuntu/GitHub/sky130-trng/.loom/worktrees/issue-236/sim/digital-electrical-repair/requests/.klt/place-and-route/trng_digital_route.spef line 157458, pin bus_rdata_r[9] not found.
[WARNING STA-1656] /home/ubuntu/GitHub/sky130-trng/.loom/worktrees/issue-236/sim/digital-electrical-repair/requests/.klt/place-and-route/trng_digital_route.spef line 157492, pin bus_rdata_r[4] not found.
[WARNING STA-1656] /home/ubuntu/GitHub/sky130-trng/.loom/worktrees/issue-236/sim/digital-electrical-repair/requests/.klt/place-and-route/trng_digital_route.spef line 157493, pin bus_rdata_r[8] not found.
[WARNING STA-1656] /home/ubuntu/GitHub/sky130-trng/.loom/worktrees/issue-236/sim/digital-electrical-repair/requests/.klt/place-and-route/trng_digital_route.spef line 157521, pin bus_rdata_r[17] not found.
[WARNING STA-1656] /home/ubuntu/GitHub/sky130-trng/.loom/worktrees/issue-236/sim/digital-electrical-repair/requests/.klt/place-and-route/trng_digital_route.spef line 157522, pin bus_rdata_r[7] not found.
[WARNING STA-1656] /home/ubuntu/GitHub/sky130-trng/.loom/worktrees/issue-236/sim/digital-electrical-repair/requests/.klt/place-and-route/trng_digital_route.spef line 157566, pin bus_rdata_r[16] not found.
[WARNING STA-1656] /home/ubuntu/GitHub/sky130-trng/.loom/worktrees/issue-236/sim/digital-electrical-repair/requests/.klt/place-and-route/trng_digital_route.spef line 157567, pin bus_rdata_r[6] not found.
[WARNING STA-1656] /home/ubuntu/GitHub/sky130-trng/.loom/worktrees/issue-236/sim/digital-electrical-repair/requests/.klt/place-and-route/trng_digital_route.spef line 157598, pin bus_rdata_r[23] not found.
[WARNING STA-1656] /home/ubuntu/GitHub/sky130-trng/.loom/worktrees/issue-236/sim/digital-electrical-repair/requests/.klt/place-and-route/trng_digital_route.spef line 157599, pin bus_rdata_r[5] not found.
[WARNING STA-1656] /home/ubuntu/GitHub/sky130-trng/.loom/worktrees/issue-236/sim/digital-electrical-repair/requests/.klt/place-and-route/trng_digital_route.spef line 157624, pin bus_rdata_r[15] not found.
[WARNING STA-1656] /home/ubuntu/GitHub/sky130-trng/.loom/worktrees/issue-236/sim/digital-electrical-repair/requests/.klt/place-and-route/trng_digital_route.spef line 157657, pin bus_rdata_r[3] not found.
[WARNING STA-1656] /home/ubuntu/GitHub/sky130-trng/.loom/worktrees/issue-236/sim/digital-electrical-repair/requests/.klt/place-and-route/trng_digital_route.spef line 157658, pin bus_rdata_r[7] not found.
[WARNING STA-1656] /home/ubuntu/GitHub/sky130-trng/.loom/worktrees/issue-236/sim/digital-electrical-repair/requests/.klt/place-and-route/trng_digital_route.spef line 157691, pin bus_rdata_r[2] not found.
[WARNING STA-1656] /home/ubuntu/GitHub/sky130-trng/.loom/worktrees/issue-236/sim/digital-electrical-repair/requests/.klt/place-and-route/trng_digital_route.spef line 157692, pin bus_rdata_r[30] not found.
[WARNING STA-1656] /home/ubuntu/GitHub/sky130-trng/.loom/worktrees/issue-236/sim/digital-electrical-repair/requests/.klt/place-and-route/trng_digital_route.spef line 157743, pin bus_rdata_r[0] not found.
[WARNING STA-1656] /home/ubuntu/GitHub/sky130-trng/.loom/worktrees/issue-236/sim/digital-electrical-repair/requests/.klt/place-and-route/trng_digital_route.spef line 157744, pin bus_rdata_r[10] not found.
[WARNING STA-1656] /home/ubuntu/GitHub/sky130-trng/.loom/worktrees/issue-236/sim/digital-electrical-repair/requests/.klt/place-and-route/trng_digital_route.spef line 158728, pin startup_done438 not found.
[WARNING STA-1656] /home/ubuntu/GitHub/sky130-trng/.loom/worktrees/issue-236/sim/digital-electrical-repair/requests/.klt/place-and-route/trng_digital_route.spef line 158762, pin startup_done438 not found.
[WARNING STA-1656] /home/ubuntu/GitHub/sky130-trng/.loom/worktrees/issue-236/sim/digital-electrical-repair/requests/.klt/place-and-route/trng_digital_route.spef line 159692, pin startup_done438 not found.
[WARNING STA-1656] /home/ubuntu/GitHub/sky130-trng/.loom/worktrees/issue-236/sim/digital-electrical-repair/requests/.klt/place-and-route/trng_digital_route.spef line 159872, pin startup_done438 not found.
[WARNING STA-1656] /home/ubuntu/GitHub/sky130-trng/.loom/worktrees/issue-236/sim/digital-electrical-repair/requests/.klt/place-and-route/trng_digital_route.spef line 160061, pin startup_done438 not found.
[WARNING STA-1656] /home/ubuntu/GitHub/sky130-trng/.loom/worktrees/issue-236/sim/digital-electrical-repair/requests/.klt/place-and-route/trng_digital_route.spef line 160255, pin startup_done438 not found.
[WARNING STA-1656] /home/ubuntu/GitHub/sky130-trng/.loom/worktrees/issue-236/sim/digital-electrical-repair/requests/.klt/place-and-route/trng_digital_route.spef line 162007, pin startup_done438 not found.
[WARNING STA-1656] /home/ubuntu/GitHub/sky130-trng/.loom/worktrees/issue-236/sim/digital-electrical-repair/requests/.klt/place-and-route/trng_digital_route.spef line 164602, pin bus_rdata_r[16] not found.
[WARNING STA-1656] /home/ubuntu/GitHub/sky130-trng/.loom/worktrees/issue-236/sim/digital-electrical-repair/requests/.klt/place-and-route/trng_digital_route.spef line 164603, pin bus_rdata_r[17] not found.
[WARNING STA-1656] /home/ubuntu/GitHub/sky130-trng/.loom/worktrees/issue-236/sim/digital-electrical-repair/requests/.klt/place-and-route/trng_digital_route.spef line 164695, pin bus_rdata_r[16] not found.
[WARNING STA-1656] /home/ubuntu/GitHub/sky130-trng/.loom/worktrees/issue-236/sim/digital-electrical-repair/requests/.klt/place-and-route/trng_digital_route.spef line 164696, pin bus_rdata_r[3] not found.
[WARNING STA-1656] /home/ubuntu/GitHub/sky130-trng/.loom/worktrees/issue-236/sim/digital-electrical-repair/requests/.klt/place-and-route/trng_digital_route.spef line 164697, pin bus_rdata_r[7] not found.
[WARNING STA-1656] /home/ubuntu/GitHub/sky130-trng/.loom/worktrees/issue-236/sim/digital-electrical-repair/requests/.klt/place-and-route/trng_digital_route.spef line 164793, pin bus_rdata_r[17] not found.
[WARNING STA-1656] /home/ubuntu/GitHub/sky130-trng/.loom/worktrees/issue-236/sim/digital-electrical-repair/requests/.klt/place-and-route/trng_digital_route.spef line 164862, pin bus_rdata_r[16] not found.
[WARNING STA-1656] /home/ubuntu/GitHub/sky130-trng/.loom/worktrees/issue-236/sim/digital-electrical-repair/requests/.klt/place-and-route/trng_digital_route.spef line 164863, pin bus_rdata_r[6] not found.
[WARNING STA-1656] /home/ubuntu/GitHub/sky130-trng/.loom/worktrees/issue-236/sim/digital-electrical-repair/requests/.klt/place-and-route/trng_digital_route.spef line 164911, pin bus_rdata_r[17] not found.
[WARNING STA-1656] /home/ubuntu/GitHub/sky130-trng/.loom/worktrees/issue-236/sim/digital-electrical-repair/requests/.klt/place-and-route/trng_digital_route.spef line 164918, pin startup_done438 not found.
[WARNING STA-1656] /home/ubuntu/GitHub/sky130-trng/.loom/worktrees/issue-236/sim/digital-electrical-repair/requests/.klt/place-and-route/trng_digital_route.spef line 165087, pin startup_done438 not found.
[WARNING STA-1656] /home/ubuntu/GitHub/sky130-trng/.loom/worktrees/issue-236/sim/digital-electrical-repair/requests/.klt/place-and-route/trng_digital_route.spef line 165140, pin startup_done438 not found.
[WARNING STA-1656] /home/ubuntu/GitHub/sky130-trng/.loom/worktrees/issue-236/sim/digital-electrical-repair/requests/.klt/place-and-route/trng_digital_route.spef line 165360, pin startup_done438 not found.
[WARNING STA-1656] /home/ubuntu/GitHub/sky130-trng/.loom/worktrees/issue-236/sim/digital-electrical-repair/requests/.klt/place-and-route/trng_digital_route.spef line 165461, pin startup_done438 not found.
[WARNING STA-1656] /home/ubuntu/GitHub/sky130-trng/.loom/worktrees/issue-236/sim/digital-electrical-repair/requests/.klt/place-and-route/trng_digital_route.spef line 165562, pin startup_done438 not found.
[WARNING STA-1656] /home/ubuntu/GitHub/sky130-trng/.loom/worktrees/issue-236/sim/digital-electrical-repair/requests/.klt/place-and-route/trng_digital_route.spef line 167625, pin startup_done438 not found.
[WARNING STA-1656] /home/ubuntu/GitHub/sky130-trng/.loom/worktrees/issue-236/sim/digital-electrical-repair/requests/.klt/place-and-route/trng_digital_route.spef line 167865, pin bus_rdata_r[17] not found.
[WARNING STA-1656] /home/ubuntu/GitHub/sky130-trng/.loom/worktrees/issue-236/sim/digital-electrical-repair/requests/.klt/place-and-route/trng_digital_route.spef line 168054, pin bus_rdata_r[17] not found.
[WARNING STA-1656] /home/ubuntu/GitHub/sky130-trng/.loom/worktrees/issue-236/sim/digital-electrical-repair/requests/.klt/place-and-route/trng_digital_route.spef line 171136, pin bus_rdata_r[16] not found.
[WARNING STA-1656] /home/ubuntu/GitHub/sky130-trng/.loom/worktrees/issue-236/sim/digital-electrical-repair/requests/.klt/place-and-route/trng_digital_route.spef line 171168, pin bus_rdata_r[17] not found.
[WARNING STA-1656] /home/ubuntu/GitHub/sky130-trng/.loom/worktrees/issue-236/sim/digital-electrical-repair/requests/.klt/place-and-route/trng_digital_route.spef line 171192, pin bus_rdata_r[17] not found.
[WARNING STA-1656] /home/ubuntu/GitHub/sky130-trng/.loom/worktrees/issue-236/sim/digital-electrical-repair/requests/.klt/place-and-route/trng_digital_route.spef line 173953, pin startup_done438 not found.
[WARNING STA-1656] /home/ubuntu/GitHub/sky130-trng/.loom/worktrees/issue-236/sim/digital-electrical-repair/requests/.klt/place-and-route/trng_digital_route.spef line 174349, pin bus_rdata_r[7] not found.
[WARNING STA-1656] /home/ubuntu/GitHub/sky130-trng/.loom/worktrees/issue-236/sim/digital-electrical-repair/requests/.klt/place-and-route/trng_digital_route.spef line 174442, pin startup_done438 not found.
[WARNING STA-1656] /home/ubuntu/GitHub/sky130-trng/.loom/worktrees/issue-236/sim/digital-electrical-repair/requests/.klt/place-and-route/trng_digital_route.spef line 174987, pin bus_rdata_r[17] not found.
[WARNING STA-1656] /home/ubuntu/GitHub/sky130-trng/.loom/worktrees/issue-236/sim/digital-electrical-repair/requests/.klt/place-and-route/trng_digital_route.spef line 174990, pin startup_done438 not found.
[WARNING STA-1656] /home/ubuntu/GitHub/sky130-trng/.loom/worktrees/issue-236/sim/digital-electrical-repair/requests/.klt/place-and-route/trng_digital_route.spef line 175021, pin bus_rdata_r[17] not found.
[WARNING STA-1656] /home/ubuntu/GitHub/sky130-trng/.loom/worktrees/issue-236/sim/digital-electrical-repair/requests/.klt/place-and-route/trng_digital_route.spef line 175117, pin bus_rdata_r[16] not found.
[WARNING STA-1656] /home/ubuntu/GitHub/sky130-trng/.loom/worktrees/issue-236/sim/digital-electrical-repair/requests/.klt/place-and-route/trng_digital_route.spef line 175118, pin bus_rdata_r[6] not found.
[WARNING STA-1656] /home/ubuntu/GitHub/sky130-trng/.loom/worktrees/issue-236/sim/digital-electrical-repair/requests/.klt/place-and-route/trng_digital_route.spef line 175275, pin bus_rdata_r[17] not found.
[WARNING STA-1656] /home/ubuntu/GitHub/sky130-trng/.loom/worktrees/issue-236/sim/digital-electrical-repair/requests/.klt/place-and-route/trng_digital_route.spef line 175315, pin startup_done438 not found.
[WARNING STA-1656] /home/ubuntu/GitHub/sky130-trng/.loom/worktrees/issue-236/sim/digital-electrical-repair/requests/.klt/place-and-route/trng_digital_route.spef line 175422, pin startup_done438 not found.
[WARNING STA-1656] /home/ubuntu/GitHub/sky130-trng/.loom/worktrees/issue-236/sim/digital-electrical-repair/requests/.klt/place-and-route/trng_digital_route.spef line 175449, pin startup_done438 not found.
[WARNING STA-1656] /home/ubuntu/GitHub/sky130-trng/.loom/worktrees/issue-236/sim/digital-electrical-repair/requests/.klt/place-and-route/trng_digital_route.spef line 175532, pin bus_rdata_r[16] not found.
[WARNING STA-1656] /home/ubuntu/GitHub/sky130-trng/.loom/worktrees/issue-236/sim/digital-electrical-repair/requests/.klt/place-and-route/trng_digital_route.spef line 175533, pin bus_rdata_r[17] not found.
[WARNING STA-1656] /home/ubuntu/GitHub/sky130-trng/.loom/worktrees/issue-236/sim/digital-electrical-repair/requests/.klt/place-and-route/trng_digital_route.spef line 175534, pin bus_rdata_r[3] not found.
[WARNING STA-1656] /home/ubuntu/GitHub/sky130-trng/.loom/worktrees/issue-236/sim/digital-electrical-repair/requests/.klt/place-and-route/trng_digital_route.spef line 175535, pin bus_rdata_r[7] not found.
[WARNING STA-1656] /home/ubuntu/GitHub/sky130-trng/.loom/worktrees/issue-236/sim/digital-electrical-repair/requests/.klt/place-and-route/trng_digital_route.spef line 175536, pin bus_rdata_r[8] not found.
[WARNING STA-1656] /home/ubuntu/GitHub/sky130-trng/.loom/worktrees/issue-236/sim/digital-electrical-repair/requests/.klt/place-and-route/trng_digital_route.spef line 175800, pin startup_done438 not found.
[WARNING STA-1656] /home/ubuntu/GitHub/sky130-trng/.loom/worktrees/issue-236/sim/digital-electrical-repair/requests/.klt/place-and-route/trng_digital_route.spef line 175894, pin startup_done438 not found.
[WARNING STA-1656] /home/ubuntu/GitHub/sky130-trng/.loom/worktrees/issue-236/sim/digital-electrical-repair/requests/.klt/place-and-route/trng_digital_route.spef line 175962, pin bus_rdata_r[17] not found.
[WARNING STA-1656] /home/ubuntu/GitHub/sky130-trng/.loom/worktrees/issue-236/sim/digital-electrical-repair/requests/.klt/place-and-route/trng_digital_route.spef line 175973, pin startup_done438 not found.
[WARNING STA-1656] /home/ubuntu/GitHub/sky130-trng/.loom/worktrees/issue-236/sim/digital-electrical-repair/requests/.klt/place-and-route/trng_digital_route.spef line 176018, pin bus_rdata_r[16] not found.
[WARNING STA-1656] /home/ubuntu/GitHub/sky130-trng/.loom/worktrees/issue-236/sim/digital-electrical-repair/requests/.klt/place-and-route/trng_digital_route.spef line 176019, pin bus_rdata_r[17] not found.
[WARNING STA-1656] /home/ubuntu/GitHub/sky130-trng/.loom/worktrees/issue-236/sim/digital-electrical-repair/requests/.klt/place-and-route/trng_digital_route.spef line 176120, pin bus_rdata_r[16] not found.
[WARNING STA-1656] /home/ubuntu/GitHub/sky130-trng/.loom/worktrees/issue-236/sim/digital-electrical-repair/requests/.klt/place-and-route/trng_digital_route.spef line 176121, pin bus_rdata_r[17] not found.
[WARNING STA-1656] /home/ubuntu/GitHub/sky130-trng/.loom/worktrees/issue-236/sim/digital-electrical-repair/requests/.klt/place-and-route/trng_digital_route.spef line 176122, pin bus_rdata_r[3] not found.
[WARNING STA-1656] /home/ubuntu/GitHub/sky130-trng/.loom/worktrees/issue-236/sim/digital-electrical-repair/requests/.klt/place-and-route/trng_digital_route.spef line 176123, pin bus_rdata_r[7] not found.
[WARNING STA-1656] /home/ubuntu/GitHub/sky130-trng/.loom/worktrees/issue-236/sim/digital-electrical-repair/requests/.klt/place-and-route/trng_digital_route.spef line 176150, pin startup_done438 not found.
[WARNING STA-1656] /home/ubuntu/GitHub/sky130-trng/.loom/worktrees/issue-236/sim/digital-electrical-repair/requests/.klt/place-and-route/trng_digital_route.spef line 176184, pin bus_rdata_r[31] not found.
[WARNING STA-1656] /home/ubuntu/GitHub/sky130-trng/.loom/worktrees/issue-236/sim/digital-electrical-repair/requests/.klt/place-and-route/trng_digital_route.spef line 176185, pin bus_rdata_r[5] not found.
[WARNING STA-1656] /home/ubuntu/GitHub/sky130-trng/.loom/worktrees/issue-236/sim/digital-electrical-repair/requests/.klt/place-and-route/trng_digital_route.spef line 176276, pin bus_rdata_r[16] not found.
[WARNING STA-1656] /home/ubuntu/GitHub/sky130-trng/.loom/worktrees/issue-236/sim/digital-electrical-repair/requests/.klt/place-and-route/trng_digital_route.spef line 176375, pin bus_rdata_r[16] not found.
[WARNING STA-1656] /home/ubuntu/GitHub/sky130-trng/.loom/worktrees/issue-236/sim/digital-electrical-repair/requests/.klt/place-and-route/trng_digital_route.spef line 176455, pin bus_rdata_r[15] not found.
[WARNING STA-1656] /home/ubuntu/GitHub/sky130-trng/.loom/worktrees/issue-236/sim/digital-electrical-repair/requests/.klt/place-and-route/trng_digital_route.spef line 176456, pin bus_rdata_r[16] not found.
[WARNING STA-1656] /home/ubuntu/GitHub/sky130-trng/.loom/worktrees/issue-236/sim/digital-electrical-repair/requests/.klt/place-and-route/trng_digital_route.spef line 176457, pin bus_rdata_r[17] not found.
[WARNING STA-1656] /home/ubuntu/GitHub/sky130-trng/.loom/worktrees/issue-236/sim/digital-electrical-repair/requests/.klt/place-and-route/trng_digital_route.spef line 176458, pin bus_rdata_r[3] not found.
[WARNING STA-1656] /home/ubuntu/GitHub/sky130-trng/.loom/worktrees/issue-236/sim/digital-electrical-repair/requests/.klt/place-and-route/trng_digital_route.spef line 176459, pin bus_rdata_r[7] not found.
[WARNING STA-1656] /home/ubuntu/GitHub/sky130-trng/.loom/worktrees/issue-236/sim/digital-electrical-repair/requests/.klt/place-and-route/trng_digital_route.spef line 176529, pin bus_rdata_r[17] not found.
[WARNING STA-1656] /home/ubuntu/GitHub/sky130-trng/.loom/worktrees/issue-236/sim/digital-electrical-repair/requests/.klt/place-and-route/trng_digital_route.spef line 176583, pin bus_rdata_r[17] not found.
[WARNING STA-1656] /home/ubuntu/GitHub/sky130-trng/.loom/worktrees/issue-236/sim/digital-electrical-repair/requests/.klt/place-and-route/trng_digital_route.spef line 176593, pin startup_done438 not found.
[WARNING STA-1656] /home/ubuntu/GitHub/sky130-trng/.loom/worktrees/issue-236/sim/digital-electrical-repair/requests/.klt/place-and-route/trng_digital_route.spef line 176633, pin bus_rdata_r[17] not found.
[WARNING STA-1656] /home/ubuntu/GitHub/sky130-trng/.loom/worktrees/issue-236/sim/digital-electrical-repair/requests/.klt/place-and-route/trng_digital_route.spef line 176660, pin bus_rdata_r[17] not found.
[WARNING STA-1656] /home/ubuntu/GitHub/sky130-trng/.loom/worktrees/issue-236/sim/digital-electrical-repair/requests/.klt/place-and-route/trng_digital_route.spef line 176694, pin startup_done438 not found.
[WARNING STA-1656] /home/ubuntu/GitHub/sky130-trng/.loom/worktrees/issue-236/sim/digital-electrical-repair/requests/.klt/place-and-route/trng_digital_route.spef line 176715, pin startup_done438 not found.
[WARNING STA-1656] /home/ubuntu/GitHub/sky130-trng/.loom/worktrees/issue-236/sim/digital-electrical-repair/requests/.klt/place-and-route/trng_digital_route.spef line 177091, pin bus_rdata_r[15] not found.
[WARNING STA-1656] /home/ubuntu/GitHub/sky130-trng/.loom/worktrees/issue-236/sim/digital-electrical-repair/requests/.klt/place-and-route/trng_digital_route.spef line 177368, pin bus_rdata_r[15] not found.
[WARNING STA-1656] /home/ubuntu/GitHub/sky130-trng/.loom/worktrees/issue-236/sim/digital-electrical-repair/requests/.klt/place-and-route/trng_digital_route.spef line 177427, pin bus_rdata_r[16] not found.
[WARNING STA-1656] /home/ubuntu/GitHub/sky130-trng/.loom/worktrees/issue-236/sim/digital-electrical-repair/requests/.klt/place-and-route/trng_digital_route.spef line 177428, pin bus_rdata_r[3] not found.
[WARNING STA-1656] /home/ubuntu/GitHub/sky130-trng/.loom/worktrees/issue-236/sim/digital-electrical-repair/requests/.klt/place-and-route/trng_digital_route.spef line 177429, pin bus_rdata_r[6] not found.
[WARNING STA-1656] /home/ubuntu/GitHub/sky130-trng/.loom/worktrees/issue-236/sim/digital-electrical-repair/requests/.klt/place-and-route/trng_digital_route.spef line 177430, pin bus_rdata_r[7] not found.
[WARNING STA-1656] /home/ubuntu/GitHub/sky130-trng/.loom/worktrees/issue-236/sim/digital-electrical-repair/requests/.klt/place-and-route/trng_digital_route.spef line 177484, pin bus_rdata_r[3] not found.
[WARNING STA-1656] /home/ubuntu/GitHub/sky130-trng/.loom/worktrees/issue-236/sim/digital-electrical-repair/requests/.klt/place-and-route/trng_digital_route.spef line 177485, pin bus_rdata_r[7] not found.
[WARNING STA-1656] /home/ubuntu/GitHub/sky130-trng/.loom/worktrees/issue-236/sim/digital-electrical-repair/requests/.klt/place-and-route/trng_digital_route.spef line 177526, pin bus_rdata_r[3] not found.
[WARNING STA-1656] /home/ubuntu/GitHub/sky130-trng/.loom/worktrees/issue-236/sim/digital-electrical-repair/requests/.klt/place-and-route/trng_digital_route.spef line 177527, pin bus_rdata_r[7] not found.
[WARNING STA-1656] /home/ubuntu/GitHub/sky130-trng/.loom/worktrees/issue-236/sim/digital-electrical-repair/requests/.klt/place-and-route/trng_digital_route.spef line 177587, pin bus_rdata_r[15] not found.
[WARNING STA-1656] /home/ubuntu/GitHub/sky130-trng/.loom/worktrees/issue-236/sim/digital-electrical-repair/requests/.klt/place-and-route/trng_digital_route.spef line 177588, pin bus_rdata_r[3] not found.
[WARNING STA-1656] /home/ubuntu/GitHub/sky130-trng/.loom/worktrees/issue-236/sim/digital-electrical-repair/requests/.klt/place-and-route/trng_digital_route.spef line 177589, pin bus_rdata_r[7] not found.
[WARNING STA-1656] /home/ubuntu/GitHub/sky130-trng/.loom/worktrees/issue-236/sim/digital-electrical-repair/requests/.klt/place-and-route/trng_digital_route.spef line 177731, pin bus_rdata_r[15] not found.
[WARNING STA-1656] /home/ubuntu/GitHub/sky130-trng/.loom/worktrees/issue-236/sim/digital-electrical-repair/requests/.klt/place-and-route/trng_digital_route.spef line 177927, pin startup_done438 not found.
[WARNING STA-1656] /home/ubuntu/GitHub/sky130-trng/.loom/worktrees/issue-236/sim/digital-electrical-repair/requests/.klt/place-and-route/trng_digital_route.spef line 177954, pin startup_done438 not found.
[WARNING STA-1656] /home/ubuntu/GitHub/sky130-trng/.loom/worktrees/issue-236/sim/digital-electrical-repair/requests/.klt/place-and-route/trng_digital_route.spef line 178271, pin bus_rdata_r[16] not found.
[WARNING STA-1656] /home/ubuntu/GitHub/sky130-trng/.loom/worktrees/issue-236/sim/digital-electrical-repair/requests/.klt/place-and-route/trng_digital_route.spef line 178324, pin bus_rdata_r[16] not found.
[WARNING STA-1656] /home/ubuntu/GitHub/sky130-trng/.loom/worktrees/issue-236/sim/digital-electrical-repair/requests/.klt/place-and-route/trng_digital_route.spef line 178325, pin bus_rdata_r[6] not found.
[WARNING STA-1656] /home/ubuntu/GitHub/sky130-trng/.loom/worktrees/issue-236/sim/digital-electrical-repair/requests/.klt/place-and-route/trng_digital_route.spef line 178408, pin bus_rdata_r[16] not found.
[WARNING STA-1656] /home/ubuntu/GitHub/sky130-trng/.loom/worktrees/issue-236/sim/digital-electrical-repair/requests/.klt/place-and-route/trng_digital_route.spef line 178409, pin bus_rdata_r[17] not found.
[WARNING STA-1656] /home/ubuntu/GitHub/sky130-trng/.loom/worktrees/issue-236/sim/digital-electrical-repair/requests/.klt/place-and-route/trng_digital_route.spef line 178410, pin bus_rdata_r[19] not found.
[WARNING STA-1656] /home/ubuntu/GitHub/sky130-trng/.loom/worktrees/issue-236/sim/digital-electrical-repair/requests/.klt/place-and-route/trng_digital_route.spef line 178411, pin bus_rdata_r[25] not found.
[WARNING STA-1656] /home/ubuntu/GitHub/sky130-trng/.loom/worktrees/issue-236/sim/digital-electrical-repair/requests/.klt/place-and-route/trng_digital_route.spef line 178412, pin bus_rdata_r[3] not found.
[WARNING STA-1656] /home/ubuntu/GitHub/sky130-trng/.loom/worktrees/issue-236/sim/digital-electrical-repair/requests/.klt/place-and-route/trng_digital_route.spef line 178413, pin bus_rdata_r[7] not found.
[WARNING STA-1656] /home/ubuntu/GitHub/sky130-trng/.loom/worktrees/issue-236/sim/digital-electrical-repair/requests/.klt/place-and-route/trng_digital_route.spef line 178474, pin startup_done438 not found.
[WARNING STA-1656] /home/ubuntu/GitHub/sky130-trng/.loom/worktrees/issue-236/sim/digital-electrical-repair/requests/.klt/place-and-route/trng_digital_route.spef line 178550, pin bus_rdata_r[23] not found.
[WARNING STA-1656] /home/ubuntu/GitHub/sky130-trng/.loom/worktrees/issue-236/sim/digital-electrical-repair/requests/.klt/place-and-route/trng_digital_route.spef line 178551, pin bus_rdata_r[5] not found.
[WARNING STA-1656] /home/ubuntu/GitHub/sky130-trng/.loom/worktrees/issue-236/sim/digital-electrical-repair/requests/.klt/place-and-route/trng_digital_route.spef line 178722, pin bus_rdata_r[16] not found.
[WARNING STA-1656] /home/ubuntu/GitHub/sky130-trng/.loom/worktrees/issue-236/sim/digital-electrical-repair/requests/.klt/place-and-route/trng_digital_route.spef line 178723, pin bus_rdata_r[17] not found.
[WARNING STA-1656] /home/ubuntu/GitHub/sky130-trng/.loom/worktrees/issue-236/sim/digital-electrical-repair/requests/.klt/place-and-route/trng_digital_route.spef line 178724, pin bus_rdata_r[3] not found.
[WARNING STA-1656] /home/ubuntu/GitHub/sky130-trng/.loom/worktrees/issue-236/sim/digital-electrical-repair/requests/.klt/place-and-route/trng_digital_route.spef line 178725, pin bus_rdata_r[7] not found.
[WARNING STA-1656] /home/ubuntu/GitHub/sky130-trng/.loom/worktrees/issue-236/sim/digital-electrical-repair/requests/.klt/place-and-route/trng_digital_route.spef line 178922, pin bus_rdata_r[0] not found.
[WARNING STA-1656] /home/ubuntu/GitHub/sky130-trng/.loom/worktrees/issue-236/sim/digital-electrical-repair/requests/.klt/place-and-route/trng_digital_route.spef line 178923, pin bus_rdata_r[10] not found.
[WARNING STA-1656] /home/ubuntu/GitHub/sky130-trng/.loom/worktrees/issue-236/sim/digital-electrical-repair/requests/.klt/place-and-route/trng_digital_route.spef line 178924, pin bus_rdata_r[12] not found.
[WARNING STA-1656] /home/ubuntu/GitHub/sky130-trng/.loom/worktrees/issue-236/sim/digital-electrical-repair/requests/.klt/place-and-route/trng_digital_route.spef line 178925, pin bus_rdata_r[13] not found.
[WARNING STA-1656] /home/ubuntu/GitHub/sky130-trng/.loom/worktrees/issue-236/sim/digital-electrical-repair/requests/.klt/place-and-route/trng_digital_route.spef line 178926, pin bus_rdata_r[14] not found.
[WARNING STA-1656] /home/ubuntu/GitHub/sky130-trng/.loom/worktrees/issue-236/sim/digital-electrical-repair/requests/.klt/place-and-route/trng_digital_route.spef line 178927, pin bus_rdata_r[15] not found.
[WARNING STA-1656] /home/ubuntu/GitHub/sky130-trng/.loom/worktrees/issue-236/sim/digital-electrical-repair/requests/.klt/place-and-route/trng_digital_route.spef line 178928, pin bus_rdata_r[18] not found.
[WARNING STA-1656] /home/ubuntu/GitHub/sky130-trng/.loom/worktrees/issue-236/sim/digital-electrical-repair/requests/.klt/place-and-route/trng_digital_route.spef line 178929, pin bus_rdata_r[1] not found.
[WARNING STA-1656] /home/ubuntu/GitHub/sky130-trng/.loom/worktrees/issue-236/sim/digital-electrical-repair/requests/.klt/place-and-route/trng_digital_route.spef line 178930, pin bus_rdata_r[26] not found.
[WARNING STA-1656] /home/ubuntu/GitHub/sky130-trng/.loom/worktrees/issue-236/sim/digital-electrical-repair/requests/.klt/place-and-route/trng_digital_route.spef line 178931, pin bus_rdata_r[4] not found.
[WARNING STA-1656] /home/ubuntu/GitHub/sky130-trng/.loom/worktrees/issue-236/sim/digital-electrical-repair/requests/.klt/place-and-route/trng_digital_route.spef line 178932, pin bus_rdata_r[9] not found.
[WARNING STA-1656] /home/ubuntu/GitHub/sky130-trng/.loom/worktrees/issue-236/sim/digital-electrical-repair/requests/.klt/place-and-route/trng_digital_route.spef line 179130, pin startup_done438 not found.
[WARNING STA-1656] /home/ubuntu/GitHub/sky130-trng/.loom/worktrees/issue-236/sim/digital-electrical-repair/requests/.klt/place-and-route/trng_digital_route.spef line 179249, pin startup_done438 not found.
[WARNING STA-1656] /home/ubuntu/GitHub/sky130-trng/.loom/worktrees/issue-236/sim/digital-electrical-repair/requests/.klt/place-and-route/trng_digital_route.spef line 179340, pin bus_rdata_r[17] not found.
[WARNING STA-1656] /home/ubuntu/GitHub/sky130-trng/.loom/worktrees/issue-236/sim/digital-electrical-repair/requests/.klt/place-and-route/trng_digital_route.spef line 179341, pin bus_rdata_r[7] not found.
[WARNING STA-1656] /home/ubuntu/GitHub/sky130-trng/.loom/worktrees/issue-236/sim/digital-electrical-repair/requests/.klt/place-and-route/trng_digital_route.spef line 179513, pin startup_done438 not found.
[WARNING STA-1656] /home/ubuntu/GitHub/sky130-trng/.loom/worktrees/issue-236/sim/digital-electrical-repair/requests/.klt/place-and-route/trng_digital_route.spef line 179569, pin bus_rdata_r[12] not found.
[WARNING STA-1656] /home/ubuntu/GitHub/sky130-trng/.loom/worktrees/issue-236/sim/digital-electrical-repair/requests/.klt/place-and-route/trng_digital_route.spef line 179570, pin bus_rdata_r[13] not found.
[WARNING STA-1656] /home/ubuntu/GitHub/sky130-trng/.loom/worktrees/issue-236/sim/digital-electrical-repair/requests/.klt/place-and-route/trng_digital_route.spef line 179571, pin bus_rdata_r[14] not found.
[WARNING STA-1656] /home/ubuntu/GitHub/sky130-trng/.loom/worktrees/issue-236/sim/digital-electrical-repair/requests/.klt/place-and-route/trng_digital_route.spef line 179572, pin bus_rdata_r[15] not found.
[WARNING STA-1656] /home/ubuntu/GitHub/sky130-trng/.loom/worktrees/issue-236/sim/digital-electrical-repair/requests/.klt/place-and-route/trng_digital_route.spef line 179573, pin bus_rdata_r[18] not found.
[WARNING STA-1656] /home/ubuntu/GitHub/sky130-trng/.loom/worktrees/issue-236/sim/digital-electrical-repair/requests/.klt/place-and-route/trng_digital_route.spef line 179574, pin bus_rdata_r[1] not found.
[WARNING STA-1656] /home/ubuntu/GitHub/sky130-trng/.loom/worktrees/issue-236/sim/digital-electrical-repair/requests/.klt/place-and-route/trng_digital_route.spef line 179575, pin bus_rdata_r[21] not found.
[WARNING STA-1656] /home/ubuntu/GitHub/sky130-trng/.loom/worktrees/issue-236/sim/digital-electrical-repair/requests/.klt/place-and-route/trng_digital_route.spef line 179576, pin bus_rdata_r[23] not found.
[WARNING STA-1656] /home/ubuntu/GitHub/sky130-trng/.loom/worktrees/issue-236/sim/digital-electrical-repair/requests/.klt/place-and-route/trng_digital_route.spef line 179577, pin bus_rdata_r[4] not found.
[WARNING STA-1656] /home/ubuntu/GitHub/sky130-trng/.loom/worktrees/issue-236/sim/digital-electrical-repair/requests/.klt/place-and-route/trng_digital_route.spef line 179578, pin bus_rdata_r[8] not found.
[WARNING STA-1656] /home/ubuntu/GitHub/sky130-trng/.loom/worktrees/issue-236/sim/digital-electrical-repair/requests/.klt/place-and-route/trng_digital_route.spef line 179579, pin bus_rdata_r[9] not found.
[WARNING STA-1656] /home/ubuntu/GitHub/sky130-trng/.loom/worktrees/issue-236/sim/digital-electrical-repair/requests/.klt/place-and-route/trng_digital_route.spef line 180087, pin bus_rdata_r[12] not found.
[WARNING STA-1656] /home/ubuntu/GitHub/sky130-trng/.loom/worktrees/issue-236/sim/digital-electrical-repair/requests/.klt/place-and-route/trng_digital_route.spef line 180088, pin bus_rdata_r[13] not found.
[WARNING STA-1656] /home/ubuntu/GitHub/sky130-trng/.loom/worktrees/issue-236/sim/digital-electrical-repair/requests/.klt/place-and-route/trng_digital_route.spef line 180089, pin bus_rdata_r[15] not found.
[WARNING STA-1656] /home/ubuntu/GitHub/sky130-trng/.loom/worktrees/issue-236/sim/digital-electrical-repair/requests/.klt/place-and-route/trng_digital_route.spef line 180090, pin bus_rdata_r[23] not found.
[WARNING STA-1656] /home/ubuntu/GitHub/sky130-trng/.loom/worktrees/issue-236/sim/digital-electrical-repair/requests/.klt/place-and-route/trng_digital_route.spef line 180091, pin bus_rdata_r[9] not found.
[WARNING STA-1656] /home/ubuntu/GitHub/sky130-trng/.loom/worktrees/issue-236/sim/digital-electrical-repair/requests/.klt/place-and-route/trng_digital_route.spef line 180407, pin bus_rdata_r[17] not found.
[WARNING STA-1656] /home/ubuntu/GitHub/sky130-trng/.loom/worktrees/issue-236/sim/digital-electrical-repair/requests/.klt/place-and-route/trng_digital_route.spef line 180408, pin bus_rdata_r[25] not found.
[WARNING STA-1656] /home/ubuntu/GitHub/sky130-trng/.loom/worktrees/issue-236/sim/digital-electrical-repair/requests/.klt/place-and-route/trng_digital_route.spef line 180603, pin bus_rdata_r[1] not found.
[WARNING STA-1656] /home/ubuntu/GitHub/sky130-trng/.loom/worktrees/issue-236/sim/digital-electrical-repair/requests/.klt/place-and-route/trng_digital_route.spef line 180604, pin bus_rdata_r[9] not found.
[WARNING STA-1656] /home/ubuntu/GitHub/sky130-trng/.loom/worktrees/issue-236/sim/digital-electrical-repair/requests/.klt/place-and-route/trng_digital_route.spef line 180983, pin startup_done438 not found.
[WARNING STA-1656] /home/ubuntu/GitHub/sky130-trng/.loom/worktrees/issue-236/sim/digital-electrical-repair/requests/.klt/place-and-route/trng_digital_route.spef line 181391, pin bus_rdata_r[15] not found.
[WARNING STA-1656] /home/ubuntu/GitHub/sky130-trng/.loom/worktrees/issue-236/sim/digital-electrical-repair/requests/.klt/place-and-route/trng_digital_route.spef line 181392, pin bus_rdata_r[16] not found.
[WARNING STA-1656] /home/ubuntu/GitHub/sky130-trng/.loom/worktrees/issue-236/sim/digital-electrical-repair/requests/.klt/place-and-route/trng_digital_route.spef line 181393, pin bus_rdata_r[17] not found.
[WARNING STA-1656] /home/ubuntu/GitHub/sky130-trng/.loom/worktrees/issue-236/sim/digital-electrical-repair/requests/.klt/place-and-route/trng_digital_route.spef line 181394, pin bus_rdata_r[3] not found.
[WARNING STA-1656] /home/ubuntu/GitHub/sky130-trng/.loom/worktrees/issue-236/sim/digital-electrical-repair/requests/.klt/place-and-route/trng_digital_route.spef line 181395, pin bus_rdata_r[7] not found.
[WARNING STA-1656] /home/ubuntu/GitHub/sky130-trng/.loom/worktrees/issue-236/sim/digital-electrical-repair/requests/.klt/place-and-route/trng_digital_route.spef line 181429, pin startup_done438 not found.
[WARNING STA-1656] /home/ubuntu/GitHub/sky130-trng/.loom/worktrees/issue-236/sim/digital-electrical-repair/requests/.klt/place-and-route/trng_digital_route.spef line 181576, pin bus_rdata_r[12] not found.
[WARNING STA-1656] /home/ubuntu/GitHub/sky130-trng/.loom/worktrees/issue-236/sim/digital-electrical-repair/requests/.klt/place-and-route/trng_digital_route.spef line 181577, pin bus_rdata_r[13] not found.
[WARNING STA-1656] /home/ubuntu/GitHub/sky130-trng/.loom/worktrees/issue-236/sim/digital-electrical-repair/requests/.klt/place-and-route/trng_digital_route.spef line 181578, pin bus_rdata_r[14] not found.
[WARNING STA-1656] /home/ubuntu/GitHub/sky130-trng/.loom/worktrees/issue-236/sim/digital-electrical-repair/requests/.klt/place-and-route/trng_digital_route.spef line 181579, pin bus_rdata_r[15] not found.
[WARNING STA-1656] /home/ubuntu/GitHub/sky130-trng/.loom/worktrees/issue-236/sim/digital-electrical-repair/requests/.klt/place-and-route/trng_digital_route.spef line 181580, pin bus_rdata_r[16] not found.
[WARNING STA-1656] /home/ubuntu/GitHub/sky130-trng/.loom/worktrees/issue-236/sim/digital-electrical-repair/requests/.klt/place-and-route/trng_digital_route.spef line 181581, pin bus_rdata_r[17] not found.
[WARNING STA-1656] /home/ubuntu/GitHub/sky130-trng/.loom/worktrees/issue-236/sim/digital-electrical-repair/requests/.klt/place-and-route/trng_digital_route.spef line 181582, pin bus_rdata_r[1] not found.
[WARNING STA-1656] /home/ubuntu/GitHub/sky130-trng/.loom/worktrees/issue-236/sim/digital-electrical-repair/requests/.klt/place-and-route/trng_digital_route.spef line 181583, pin bus_rdata_r[3] not found.
[WARNING STA-1656] /home/ubuntu/GitHub/sky130-trng/.loom/worktrees/issue-236/sim/digital-electrical-repair/requests/.klt/place-and-route/trng_digital_route.spef line 181584, pin bus_rdata_r[4] not found.
[WARNING STA-1656] /home/ubuntu/GitHub/sky130-trng/.loom/worktrees/issue-236/sim/digital-electrical-repair/requests/.klt/place-and-route/trng_digital_route.spef line 181585, pin bus_rdata_r[6] not found.
[WARNING STA-1656] /home/ubuntu/GitHub/sky130-trng/.loom/worktrees/issue-236/sim/digital-electrical-repair/requests/.klt/place-and-route/trng_digital_route.spef line 181586, pin bus_rdata_r[7] not found.
[WARNING STA-1656] /home/ubuntu/GitHub/sky130-trng/.loom/worktrees/issue-236/sim/digital-electrical-repair/requests/.klt/place-and-route/trng_digital_route.spef line 181587, pin bus_rdata_r[8] not found.
[WARNING STA-1656] /home/ubuntu/GitHub/sky130-trng/.loom/worktrees/issue-236/sim/digital-electrical-repair/requests/.klt/place-and-route/trng_digital_route.spef line 181588, pin bus_rdata_r[9] not found.
[WARNING STA-1656] /home/ubuntu/GitHub/sky130-trng/.loom/worktrees/issue-236/sim/digital-electrical-repair/requests/.klt/place-and-route/trng_digital_route.spef line 181626, pin startup_done438 not found.
[WARNING STA-1656] /home/ubuntu/GitHub/sky130-trng/.loom/worktrees/issue-236/sim/digital-electrical-repair/requests/.klt/place-and-route/trng_digital_route.spef line 181736, pin startup_done438 not found.
[WARNING STA-1656] /home/ubuntu/GitHub/sky130-trng/.loom/worktrees/issue-236/sim/digital-electrical-repair/requests/.klt/place-and-route/trng_digital_route.spef line 181784, pin startup_done438 not found.
[WARNING STA-1656] /home/ubuntu/GitHub/sky130-trng/.loom/worktrees/issue-236/sim/digital-electrical-repair/requests/.klt/place-and-route/trng_digital_route.spef line 181837, pin startup_done438 not found.
[WARNING STA-1656] /home/ubuntu/GitHub/sky130-trng/.loom/worktrees/issue-236/sim/digital-electrical-repair/requests/.klt/place-and-route/trng_digital_route.spef line 181952, pin startup_done438 not found.
[WARNING STA-1656] /home/ubuntu/GitHub/sky130-trng/.loom/worktrees/issue-236/sim/digital-electrical-repair/requests/.klt/place-and-route/trng_digital_route.spef line 182071, pin bus_rdata_r[15] not found.
[WARNING STA-1656] /home/ubuntu/GitHub/sky130-trng/.loom/worktrees/issue-236/sim/digital-electrical-repair/requests/.klt/place-and-route/trng_digital_route.spef line 182072, pin bus_rdata_r[16] not found.
[WARNING STA-1656] /home/ubuntu/GitHub/sky130-trng/.loom/worktrees/issue-236/sim/digital-electrical-repair/requests/.klt/place-and-route/trng_digital_route.spef line 182073, pin bus_rdata_r[17] not found.
[WARNING STA-1656] /home/ubuntu/GitHub/sky130-trng/.loom/worktrees/issue-236/sim/digital-electrical-repair/requests/.klt/place-and-route/trng_digital_route.spef line 182074, pin bus_rdata_r[3] not found.
[WARNING STA-1656] /home/ubuntu/GitHub/sky130-trng/.loom/worktrees/issue-236/sim/digital-electrical-repair/requests/.klt/place-and-route/trng_digital_route.spef line 182075, pin bus_rdata_r[7] not found.
[WARNING STA-1656] /home/ubuntu/GitHub/sky130-trng/.loom/worktrees/issue-236/sim/digital-electrical-repair/requests/.klt/place-and-route/trng_digital_route.spef line 182115, pin startup_done438 not found.
[WARNING STA-1656] /home/ubuntu/GitHub/sky130-trng/.loom/worktrees/issue-236/sim/digital-electrical-repair/requests/.klt/place-and-route/trng_digital_route.spef line 182200, pin bus_rdata_r[16] not found.
[WARNING STA-1656] /home/ubuntu/GitHub/sky130-trng/.loom/worktrees/issue-236/sim/digital-electrical-repair/requests/.klt/place-and-route/trng_digital_route.spef line 182201, pin bus_rdata_r[17] not found.
[WARNING STA-1656] /home/ubuntu/GitHub/sky130-trng/.loom/worktrees/issue-236/sim/digital-electrical-repair/requests/.klt/place-and-route/trng_digital_route.spef line 182202, pin bus_rdata_r[3] not found.
[WARNING STA-1656] /home/ubuntu/GitHub/sky130-trng/.loom/worktrees/issue-236/sim/digital-electrical-repair/requests/.klt/place-and-route/trng_digital_route.spef line 182203, pin bus_rdata_r[7] not found.
[WARNING STA-1656] /home/ubuntu/GitHub/sky130-trng/.loom/worktrees/issue-236/sim/digital-electrical-repair/requests/.klt/place-and-route/trng_digital_route.spef line 182233, pin startup_done438 not found.
[WARNING STA-1656] /home/ubuntu/GitHub/sky130-trng/.loom/worktrees/issue-236/sim/digital-electrical-repair/requests/.klt/place-and-route/trng_digital_route.spef line 182336, pin bus_rdata_r[16] not found.
[WARNING STA-1656] /home/ubuntu/GitHub/sky130-trng/.loom/worktrees/issue-236/sim/digital-electrical-repair/requests/.klt/place-and-route/trng_digital_route.spef line 182359, pin startup_done438 not found.
[WARNING STA-1656] /home/ubuntu/GitHub/sky130-trng/.loom/worktrees/issue-236/sim/digital-electrical-repair/requests/.klt/place-and-route/trng_digital_route.spef line 182566, pin bus_rdata_r[16] not found.
[WARNING STA-1656] /home/ubuntu/GitHub/sky130-trng/.loom/worktrees/issue-236/sim/digital-electrical-repair/requests/.klt/place-and-route/trng_digital_route.spef line 182567, pin bus_rdata_r[17] not found.
[WARNING STA-1656] /home/ubuntu/GitHub/sky130-trng/.loom/worktrees/issue-236/sim/digital-electrical-repair/requests/.klt/place-and-route/trng_digital_route.spef line 182589, pin startup_done438 not found.
[WARNING STA-1656] /home/ubuntu/GitHub/sky130-trng/.loom/worktrees/issue-236/sim/digital-electrical-repair/requests/.klt/place-and-route/trng_digital_route.spef line 182698, pin bus_rdata_r[16] not found.
[WARNING STA-1656] /home/ubuntu/GitHub/sky130-trng/.loom/worktrees/issue-236/sim/digital-electrical-repair/requests/.klt/place-and-route/trng_digital_route.spef line 182699, pin bus_rdata_r[17] not found.
[WARNING STA-1656] /home/ubuntu/GitHub/sky130-trng/.loom/worktrees/issue-236/sim/digital-electrical-repair/requests/.klt/place-and-route/trng_digital_route.spef line 182835, pin bus_rdata_r[16] not found.
[WARNING STA-1656] /home/ubuntu/GitHub/sky130-trng/.loom/worktrees/issue-236/sim/digital-electrical-repair/requests/.klt/place-and-route/trng_digital_route.spef line 182836, pin bus_rdata_r[17] not found.
[WARNING STA-1656] /home/ubuntu/GitHub/sky130-trng/.loom/worktrees/issue-236/sim/digital-electrical-repair/requests/.klt/place-and-route/trng_digital_route.spef line 182837, pin bus_rdata_r[6] not found.
[WARNING STA-1656] /home/ubuntu/GitHub/sky130-trng/.loom/worktrees/issue-236/sim/digital-electrical-repair/requests/.klt/place-and-route/trng_digital_route.spef line 182857, pin startup_done438 not found.
[WARNING STA-1656] /home/ubuntu/GitHub/sky130-trng/.loom/worktrees/issue-236/sim/digital-electrical-repair/requests/.klt/place-and-route/trng_digital_route.spef line 182922, pin startup_done438 not found.
[WARNING STA-1656] /home/ubuntu/GitHub/sky130-trng/.loom/worktrees/issue-236/sim/digital-electrical-repair/requests/.klt/place-and-route/trng_digital_route.spef line 183142, pin bus_rdata_r[17] not found.
[WARNING STA-1656] /home/ubuntu/GitHub/sky130-trng/.loom/worktrees/issue-236/sim/digital-electrical-repair/requests/.klt/place-and-route/trng_digital_route.spef line 183156, pin startup_done438 not found.
[WARNING STA-1656] /home/ubuntu/GitHub/sky130-trng/.loom/worktrees/issue-236/sim/digital-electrical-repair/requests/.klt/place-and-route/trng_digital_route.spef line 183223, pin bus_rdata_r[17] not found.
[WARNING STA-1656] /home/ubuntu/GitHub/sky130-trng/.loom/worktrees/issue-236/sim/digital-electrical-repair/requests/.klt/place-and-route/trng_digital_route.spef line 183237, pin startup_done438 not found.
[WARNING STA-1656] /home/ubuntu/GitHub/sky130-trng/.loom/worktrees/issue-236/sim/digital-electrical-repair/requests/.klt/place-and-route/trng_digital_route.spef line 183360, pin bus_rdata_r[17] not found.
[WARNING STA-1656] /home/ubuntu/GitHub/sky130-trng/.loom/worktrees/issue-236/sim/digital-electrical-repair/requests/.klt/place-and-route/trng_digital_route.spef line 183374, pin startup_done438 not found.
[WARNING STA-1656] /home/ubuntu/GitHub/sky130-trng/.loom/worktrees/issue-236/sim/digital-electrical-repair/requests/.klt/place-and-route/trng_digital_route.spef line 184011, pin startup_done438 not found.
[WARNING STA-1656] /home/ubuntu/GitHub/sky130-trng/.loom/worktrees/issue-236/sim/digital-electrical-repair/requests/.klt/place-and-route/trng_digital_route.spef line 184220, pin startup_done438 not found.
[WARNING STA-1656] /home/ubuntu/GitHub/sky130-trng/.loom/worktrees/issue-236/sim/digital-electrical-repair/requests/.klt/place-and-route/trng_digital_route.spef line 184246, pin startup_done438 not found.
[WARNING STA-1656] /home/ubuntu/GitHub/sky130-trng/.loom/worktrees/issue-236/sim/digital-electrical-repair/requests/.klt/place-and-route/trng_digital_route.spef line 185592, pin startup_done438 not found.
[WARNING STA-1656] /home/ubuntu/GitHub/sky130-trng/.loom/worktrees/issue-236/sim/digital-electrical-repair/requests/.klt/place-and-route/trng_digital_route.spef line 185996, pin bus_rdata_r[15] not found.
[WARNING STA-1656] /home/ubuntu/GitHub/sky130-trng/.loom/worktrees/issue-236/sim/digital-electrical-repair/requests/.klt/place-and-route/trng_digital_route.spef line 186061, pin bus_rdata_r[29] not found.
[WARNING STA-1656] /home/ubuntu/GitHub/sky130-trng/.loom/worktrees/issue-236/sim/digital-electrical-repair/requests/.klt/place-and-route/trng_digital_route.spef line 186062, pin bus_rdata_r[31] not found.
[WARNING STA-1656] /home/ubuntu/GitHub/sky130-trng/.loom/worktrees/issue-236/sim/digital-electrical-repair/requests/.klt/place-and-route/trng_digital_route.spef line 186063, pin bus_rdata_r[5] not found.
[WARNING STA-1656] /home/ubuntu/GitHub/sky130-trng/.loom/worktrees/issue-236/sim/digital-electrical-repair/requests/.klt/place-and-route/trng_digital_route.spef line 186153, pin bus_rdata_r[15] not found.
[WARNING STA-1656] /home/ubuntu/GitHub/sky130-trng/.loom/worktrees/issue-236/sim/digital-electrical-repair/requests/.klt/place-and-route/trng_digital_route.spef line 186154, pin bus_rdata_r[23] not found.
[WARNING STA-1656] /home/ubuntu/GitHub/sky130-trng/.loom/worktrees/issue-236/sim/digital-electrical-repair/requests/.klt/place-and-route/trng_digital_route.spef line 186258, pin bus_rdata_r[18] not found.
[WARNING STA-1656] /home/ubuntu/GitHub/sky130-trng/.loom/worktrees/issue-236/sim/digital-electrical-repair/requests/.klt/place-and-route/trng_digital_route.spef line 186259, pin bus_rdata_r[1] not found.
[WARNING STA-1656] /home/ubuntu/GitHub/sky130-trng/.loom/worktrees/issue-236/sim/digital-electrical-repair/requests/.klt/place-and-route/trng_digital_route.spef line 186260, pin bus_rdata_r[21] not found.
[WARNING STA-1656] /home/ubuntu/GitHub/sky130-trng/.loom/worktrees/issue-236/sim/digital-electrical-repair/requests/.klt/place-and-route/trng_digital_route.spef line 186261, pin bus_rdata_r[23] not found.
[WARNING STA-1656] /home/ubuntu/GitHub/sky130-trng/.loom/worktrees/issue-236/sim/digital-electrical-repair/requests/.klt/place-and-route/trng_digital_route.spef line 186262, pin bus_rdata_r[24] not found.
[WARNING STA-1656] /home/ubuntu/GitHub/sky130-trng/.loom/worktrees/issue-236/sim/digital-electrical-repair/requests/.klt/place-and-route/trng_digital_route.spef line 186263, pin bus_rdata_r[27] not found.
[WARNING STA-1656] /home/ubuntu/GitHub/sky130-trng/.loom/worktrees/issue-236/sim/digital-electrical-repair/requests/.klt/place-and-route/trng_digital_route.spef line 186264, pin bus_rdata_r[28] not found.
[WARNING STA-1656] /home/ubuntu/GitHub/sky130-trng/.loom/worktrees/issue-236/sim/digital-electrical-repair/requests/.klt/place-and-route/trng_digital_route.spef line 186265, pin bus_rdata_r[29] not found.
[WARNING STA-1656] /home/ubuntu/GitHub/sky130-trng/.loom/worktrees/issue-236/sim/digital-electrical-repair/requests/.klt/place-and-route/trng_digital_route.spef line 186266, pin bus_rdata_r[31] not found.
[WARNING STA-1656] /home/ubuntu/GitHub/sky130-trng/.loom/worktrees/issue-236/sim/digital-electrical-repair/requests/.klt/place-and-route/trng_digital_route.spef line 186267, pin bus_rdata_r[5] not found.
[WARNING STA-1656] /home/ubuntu/GitHub/sky130-trng/.loom/worktrees/issue-236/sim/digital-electrical-repair/requests/.klt/place-and-route/trng_digital_route.spef line 186533, pin bus_rdata_r[12] not found.
[WARNING STA-1656] /home/ubuntu/GitHub/sky130-trng/.loom/worktrees/issue-236/sim/digital-electrical-repair/requests/.klt/place-and-route/trng_digital_route.spef line 186534, pin bus_rdata_r[13] not found.
[WARNING STA-1656] /home/ubuntu/GitHub/sky130-trng/.loom/worktrees/issue-236/sim/digital-electrical-repair/requests/.klt/place-and-route/trng_digital_route.spef line 186535, pin bus_rdata_r[14] not found.
[WARNING STA-1656] /home/ubuntu/GitHub/sky130-trng/.loom/worktrees/issue-236/sim/digital-electrical-repair/requests/.klt/place-and-route/trng_digital_route.spef line 186536, pin bus_rdata_r[15] not found.
[WARNING STA-1656] /home/ubuntu/GitHub/sky130-trng/.loom/worktrees/issue-236/sim/digital-electrical-repair/requests/.klt/place-and-route/trng_digital_route.spef line 186537, pin bus_rdata_r[18] not found.
[WARNING STA-1656] /home/ubuntu/GitHub/sky130-trng/.loom/worktrees/issue-236/sim/digital-electrical-repair/requests/.klt/place-and-route/trng_digital_route.spef line 186538, pin bus_rdata_r[1] not found.
[WARNING STA-1656] /home/ubuntu/GitHub/sky130-trng/.loom/worktrees/issue-236/sim/digital-electrical-repair/requests/.klt/place-and-route/trng_digital_route.spef line 186539, pin bus_rdata_r[21] not found.
[WARNING STA-1656] /home/ubuntu/GitHub/sky130-trng/.loom/worktrees/issue-236/sim/digital-electrical-repair/requests/.klt/place-and-route/trng_digital_route.spef line 186540, pin bus_rdata_r[23] not found.
[WARNING STA-1656] /home/ubuntu/GitHub/sky130-trng/.loom/worktrees/issue-236/sim/digital-electrical-repair/requests/.klt/place-and-route/trng_digital_route.spef line 186541, pin bus_rdata_r[24] not found.
[WARNING STA-1656] /home/ubuntu/GitHub/sky130-trng/.loom/worktrees/issue-236/sim/digital-electrical-repair/requests/.klt/place-and-route/trng_digital_route.spef line 186542, pin bus_rdata_r[26] not found.
[WARNING STA-1656] /home/ubuntu/GitHub/sky130-trng/.loom/worktrees/issue-236/sim/digital-electrical-repair/requests/.klt/place-and-route/trng_digital_route.spef line 186543, pin bus_rdata_r[27] not found.
[WARNING STA-1656] /home/ubuntu/GitHub/sky130-trng/.loom/worktrees/issue-236/sim/digital-electrical-repair/requests/.klt/place-and-route/trng_digital_route.spef line 186544, pin bus_rdata_r[29] not found.
[WARNING STA-1656] /home/ubuntu/GitHub/sky130-trng/.loom/worktrees/issue-236/sim/digital-electrical-repair/requests/.klt/place-and-route/trng_digital_route.spef line 186545, pin bus_rdata_r[31] not found.
[WARNING STA-1656] /home/ubuntu/GitHub/sky130-trng/.loom/worktrees/issue-236/sim/digital-electrical-repair/requests/.klt/place-and-route/trng_digital_route.spef line 186546, pin bus_rdata_r[4] not found.
[WARNING STA-1656] /home/ubuntu/GitHub/sky130-trng/.loom/worktrees/issue-236/sim/digital-electrical-repair/requests/.klt/place-and-route/trng_digital_route.spef line 186547, pin bus_rdata_r[5] not found.
[WARNING STA-1656] /home/ubuntu/GitHub/sky130-trng/.loom/worktrees/issue-236/sim/digital-electrical-repair/requests/.klt/place-and-route/trng_digital_route.spef line 186548, pin bus_rdata_r[8] not found.
[WARNING STA-1656] /home/ubuntu/GitHub/sky130-trng/.loom/worktrees/issue-236/sim/digital-electrical-repair/requests/.klt/place-and-route/trng_digital_route.spef line 186549, pin bus_rdata_r[9] not found.
[WARNING STA-1656] /home/ubuntu/GitHub/sky130-trng/.loom/worktrees/issue-236/sim/digital-electrical-repair/requests/.klt/place-and-route/trng_digital_route.spef line 186648, pin bus_rdata_r[23] not found.
[WARNING STA-1656] /home/ubuntu/GitHub/sky130-trng/.loom/worktrees/issue-236/sim/digital-electrical-repair/requests/.klt/place-and-route/trng_digital_route.spef line 186649, pin bus_rdata_r[24] not found.
[WARNING STA-1656] /home/ubuntu/GitHub/sky130-trng/.loom/worktrees/issue-236/sim/digital-electrical-repair/requests/.klt/place-and-route/trng_digital_route.spef line 186650, pin bus_rdata_r[27] not found.
[WARNING STA-1656] /home/ubuntu/GitHub/sky130-trng/.loom/worktrees/issue-236/sim/digital-electrical-repair/requests/.klt/place-and-route/trng_digital_route.spef line 186651, pin bus_rdata_r[29] not found.
[WARNING STA-1656] /home/ubuntu/GitHub/sky130-trng/.loom/worktrees/issue-236/sim/digital-electrical-repair/requests/.klt/place-and-route/trng_digital_route.spef line 186652, pin bus_rdata_r[31] not found.
[WARNING STA-1656] /home/ubuntu/GitHub/sky130-trng/.loom/worktrees/issue-236/sim/digital-electrical-repair/requests/.klt/place-and-route/trng_digital_route.spef line 186653, pin bus_rdata_r[5] not found.
[WARNING STA-1656] /home/ubuntu/GitHub/sky130-trng/.loom/worktrees/issue-236/sim/digital-electrical-repair/requests/.klt/place-and-route/trng_digital_route.spef line 187078, pin bus_rdata_r[23] not found.
[WARNING STA-1656] /home/ubuntu/GitHub/sky130-trng/.loom/worktrees/issue-236/sim/digital-electrical-repair/requests/.klt/place-and-route/trng_digital_route.spef line 187079, pin bus_rdata_r[29] not found.
[WARNING STA-1656] /home/ubuntu/GitHub/sky130-trng/.loom/worktrees/issue-236/sim/digital-electrical-repair/requests/.klt/place-and-route/trng_digital_route.spef line 187080, pin bus_rdata_r[31] not found.
[WARNING STA-1656] /home/ubuntu/GitHub/sky130-trng/.loom/worktrees/issue-236/sim/digital-electrical-repair/requests/.klt/place-and-route/trng_digital_route.spef line 187081, pin bus_rdata_r[5] not found.
[WARNING STA-1656] /home/ubuntu/GitHub/sky130-trng/.loom/worktrees/issue-236/sim/digital-electrical-repair/requests/.klt/place-and-route/trng_digital_route.spef line 187340, pin bus_rdata_r[12] not found.
[WARNING STA-1656] /home/ubuntu/GitHub/sky130-trng/.loom/worktrees/issue-236/sim/digital-electrical-repair/requests/.klt/place-and-route/trng_digital_route.spef line 187341, pin bus_rdata_r[13] not found.
[WARNING STA-1656] /home/ubuntu/GitHub/sky130-trng/.loom/worktrees/issue-236/sim/digital-electrical-repair/requests/.klt/place-and-route/trng_digital_route.spef line 187342, pin bus_rdata_r[14] not found.
[WARNING STA-1656] /home/ubuntu/GitHub/sky130-trng/.loom/worktrees/issue-236/sim/digital-electrical-repair/requests/.klt/place-and-route/trng_digital_route.spef line 187343, pin bus_rdata_r[15] not found.
[WARNING STA-1656] /home/ubuntu/GitHub/sky130-trng/.loom/worktrees/issue-236/sim/digital-electrical-repair/requests/.klt/place-and-route/trng_digital_route.spef line 187344, pin bus_rdata_r[18] not found.
[WARNING STA-1656] /home/ubuntu/GitHub/sky130-trng/.loom/worktrees/issue-236/sim/digital-electrical-repair/requests/.klt/place-and-route/trng_digital_route.spef line 187345, pin bus_rdata_r[1] not found.
[WARNING STA-1656] /home/ubuntu/GitHub/sky130-trng/.loom/worktrees/issue-236/sim/digital-electrical-repair/requests/.klt/place-and-route/trng_digital_route.spef line 187346, pin bus_rdata_r[21] not found.
[WARNING STA-1656] /home/ubuntu/GitHub/sky130-trng/.loom/worktrees/issue-236/sim/digital-electrical-repair/requests/.klt/place-and-route/trng_digital_route.spef line 187347, pin bus_rdata_r[23] not found.
[WARNING STA-1656] /home/ubuntu/GitHub/sky130-trng/.loom/worktrees/issue-236/sim/digital-electrical-repair/requests/.klt/place-and-route/trng_digital_route.spef line 187348, pin bus_rdata_r[24] not found.
[WARNING STA-1656] /home/ubuntu/GitHub/sky130-trng/.loom/worktrees/issue-236/sim/digital-electrical-repair/requests/.klt/place-and-route/trng_digital_route.spef line 187349, pin bus_rdata_r[25] not found.
[WARNING STA-1656] /home/ubuntu/GitHub/sky130-trng/.loom/worktrees/issue-236/sim/digital-electrical-repair/requests/.klt/place-and-route/trng_digital_route.spef line 187350, pin bus_rdata_r[29] not found.
[WARNING STA-1656] /home/ubuntu/GitHub/sky130-trng/.loom/worktrees/issue-236/sim/digital-electrical-repair/requests/.klt/place-and-route/trng_digital_route.spef line 187351, pin bus_rdata_r[31] not found.
[WARNING STA-1656] /home/ubuntu/GitHub/sky130-trng/.loom/worktrees/issue-236/sim/digital-electrical-repair/requests/.klt/place-and-route/trng_digital_route.spef line 187352, pin bus_rdata_r[3] not found.
[WARNING STA-1656] /home/ubuntu/GitHub/sky130-trng/.loom/worktrees/issue-236/sim/digital-electrical-repair/requests/.klt/place-and-route/trng_digital_route.spef line 187353, pin bus_rdata_r[4] not found.
[WARNING STA-1656] /home/ubuntu/GitHub/sky130-trng/.loom/worktrees/issue-236/sim/digital-electrical-repair/requests/.klt/place-and-route/trng_digital_route.spef line 187354, pin bus_rdata_r[5] not found.
[WARNING STA-1656] /home/ubuntu/GitHub/sky130-trng/.loom/worktrees/issue-236/sim/digital-electrical-repair/requests/.klt/place-and-route/trng_digital_route.spef line 187355, pin bus_rdata_r[7] not found.
[WARNING STA-1656] /home/ubuntu/GitHub/sky130-trng/.loom/worktrees/issue-236/sim/digital-electrical-repair/requests/.klt/place-and-route/trng_digital_route.spef line 187356, pin bus_rdata_r[8] not found.
[WARNING STA-1656] /home/ubuntu/GitHub/sky130-trng/.loom/worktrees/issue-236/sim/digital-electrical-repair/requests/.klt/place-and-route/trng_digital_route.spef line 187357, pin bus_rdata_r[9] not found.
[WARNING STA-1656] /home/ubuntu/GitHub/sky130-trng/.loom/worktrees/issue-236/sim/digital-electrical-repair/requests/.klt/place-and-route/trng_digital_route.spef line 187455, pin bus_rdata_r[18] not found.
[WARNING STA-1656] /home/ubuntu/GitHub/sky130-trng/.loom/worktrees/issue-236/sim/digital-electrical-repair/requests/.klt/place-and-route/trng_digital_route.spef line 187456, pin bus_rdata_r[1] not found.
[WARNING STA-1656] /home/ubuntu/GitHub/sky130-trng/.loom/worktrees/issue-236/sim/digital-electrical-repair/requests/.klt/place-and-route/trng_digital_route.spef line 187457, pin bus_rdata_r[23] not found.
[WARNING STA-1656] /home/ubuntu/GitHub/sky130-trng/.loom/worktrees/issue-236/sim/digital-electrical-repair/requests/.klt/place-and-route/trng_digital_route.spef line 187458, pin bus_rdata_r[29] not found.
[WARNING STA-1656] /home/ubuntu/GitHub/sky130-trng/.loom/worktrees/issue-236/sim/digital-electrical-repair/requests/.klt/place-and-route/trng_digital_route.spef line 187459, pin bus_rdata_r[31] not found.
[WARNING STA-1656] /home/ubuntu/GitHub/sky130-trng/.loom/worktrees/issue-236/sim/digital-electrical-repair/requests/.klt/place-and-route/trng_digital_route.spef line 187460, pin bus_rdata_r[5] not found.
[WARNING STA-1656] /home/ubuntu/GitHub/sky130-trng/.loom/worktrees/issue-236/sim/digital-electrical-repair/requests/.klt/place-and-route/trng_digital_route.spef line 187572, pin bus_rdata_r[3] not found.
[WARNING STA-1656] /home/ubuntu/GitHub/sky130-trng/.loom/worktrees/issue-236/sim/digital-electrical-repair/requests/.klt/place-and-route/trng_digital_route.spef line 187936, pin bus_rdata_r[18] not found.
[WARNING STA-1656] /home/ubuntu/GitHub/sky130-trng/.loom/worktrees/issue-236/sim/digital-electrical-repair/requests/.klt/place-and-route/trng_digital_route.spef line 187937, pin bus_rdata_r[1] not found.
[WARNING STA-1656] /home/ubuntu/GitHub/sky130-trng/.loom/worktrees/issue-236/sim/digital-electrical-repair/requests/.klt/place-and-route/trng_digital_route.spef line 187938, pin bus_rdata_r[21] not found.
[WARNING STA-1656] /home/ubuntu/GitHub/sky130-trng/.loom/worktrees/issue-236/sim/digital-electrical-repair/requests/.klt/place-and-route/trng_digital_route.spef line 187939, pin bus_rdata_r[23] not found.
[WARNING STA-1656] /home/ubuntu/GitHub/sky130-trng/.loom/worktrees/issue-236/sim/digital-electrical-repair/requests/.klt/place-and-route/trng_digital_route.spef line 187940, pin bus_rdata_r[24] not found.
[WARNING STA-1656] /home/ubuntu/GitHub/sky130-trng/.loom/worktrees/issue-236/sim/digital-electrical-repair/requests/.klt/place-and-route/trng_digital_route.spef line 187941, pin bus_rdata_r[29] not found.
[WARNING STA-1656] /home/ubuntu/GitHub/sky130-trng/.loom/worktrees/issue-236/sim/digital-electrical-repair/requests/.klt/place-and-route/trng_digital_route.spef line 187942, pin bus_rdata_r[31] not found.
[WARNING STA-1656] /home/ubuntu/GitHub/sky130-trng/.loom/worktrees/issue-236/sim/digital-electrical-repair/requests/.klt/place-and-route/trng_digital_route.spef line 187943, pin bus_rdata_r[5] not found.
[WARNING STA-1656] /home/ubuntu/GitHub/sky130-trng/.loom/worktrees/issue-236/sim/digital-electrical-repair/requests/.klt/place-and-route/trng_digital_route.spef line 187944, pin bus_rdata_r[9] not found.
[WARNING STA-1656] /home/ubuntu/GitHub/sky130-trng/.loom/worktrees/issue-236/sim/digital-electrical-repair/requests/.klt/place-and-route/trng_digital_route.spef line 188036, pin bus_rdata_r[13] not found.
[WARNING STA-1656] /home/ubuntu/GitHub/sky130-trng/.loom/worktrees/issue-236/sim/digital-electrical-repair/requests/.klt/place-and-route/trng_digital_route.spef line 188037, pin bus_rdata_r[23] not found.
[WARNING STA-1656] /home/ubuntu/GitHub/sky130-trng/.loom/worktrees/issue-236/sim/digital-electrical-repair/requests/.klt/place-and-route/trng_digital_route.spef line 188038, pin bus_rdata_r[31] not found.
[WARNING STA-1656] /home/ubuntu/GitHub/sky130-trng/.loom/worktrees/issue-236/sim/digital-electrical-repair/requests/.klt/place-and-route/trng_digital_route.spef line 188039, pin bus_rdata_r[5] not found.
[WARNING STA-1656] /home/ubuntu/GitHub/sky130-trng/.loom/worktrees/issue-236/sim/digital-electrical-repair/requests/.klt/place-and-route/trng_digital_route.spef line 188040, pin bus_rdata_r[9] not found.
[WARNING STA-1656] /home/ubuntu/GitHub/sky130-trng/.loom/worktrees/issue-236/sim/digital-electrical-repair/requests/.klt/place-and-route/trng_digital_route.spef line 188082, pin bus_rdata_r[5] not found.
[WARNING STA-1656] /home/ubuntu/GitHub/sky130-trng/.loom/worktrees/issue-236/sim/digital-electrical-repair/requests/.klt/place-and-route/trng_digital_route.spef line 188149, pin bus_rdata_r[12] not found.
[WARNING STA-1656] /home/ubuntu/GitHub/sky130-trng/.loom/worktrees/issue-236/sim/digital-electrical-repair/requests/.klt/place-and-route/trng_digital_route.spef line 188150, pin bus_rdata_r[23] not found.
[WARNING STA-1656] /home/ubuntu/GitHub/sky130-trng/.loom/worktrees/issue-236/sim/digital-electrical-repair/requests/.klt/place-and-route/trng_digital_route.spef line 188695, pin bus_rdata_r[12] not found.
[WARNING STA-1656] /home/ubuntu/GitHub/sky130-trng/.loom/worktrees/issue-236/sim/digital-electrical-repair/requests/.klt/place-and-route/trng_digital_route.spef line 188696, pin bus_rdata_r[9] not found.
[WARNING STA-1656] /home/ubuntu/GitHub/sky130-trng/.loom/worktrees/issue-236/sim/digital-electrical-repair/requests/.klt/place-and-route/trng_digital_route.spef line 188843, pin bus_rdata_r[12] not found.
[WARNING STA-1656] /home/ubuntu/GitHub/sky130-trng/.loom/worktrees/issue-236/sim/digital-electrical-repair/requests/.klt/place-and-route/trng_digital_route.spef line 188844, pin bus_rdata_r[15] not found.
[WARNING STA-1656] /home/ubuntu/GitHub/sky130-trng/.loom/worktrees/issue-236/sim/digital-electrical-repair/requests/.klt/place-and-route/trng_digital_route.spef line 188845, pin bus_rdata_r[23] not found.
[WARNING STA-1656] /home/ubuntu/GitHub/sky130-trng/.loom/worktrees/issue-236/sim/digital-electrical-repair/requests/.klt/place-and-route/trng_digital_route.spef line 188846, pin bus_rdata_r[31] not found.
[WARNING STA-1656] /home/ubuntu/GitHub/sky130-trng/.loom/worktrees/issue-236/sim/digital-electrical-repair/requests/.klt/place-and-route/trng_digital_route.spef line 188847, pin bus_rdata_r[5] not found.
[WARNING STA-1656] /home/ubuntu/GitHub/sky130-trng/.loom/worktrees/issue-236/sim/digital-electrical-repair/requests/.klt/place-and-route/trng_digital_route.spef line 189158, pin bus_rdata_r[16] not found.
[WARNING STA-1656] /home/ubuntu/GitHub/sky130-trng/.loom/worktrees/issue-236/sim/digital-electrical-repair/requests/.klt/place-and-route/trng_digital_route.spef line 189159, pin bus_rdata_r[17] not found.
[WARNING STA-1656] /home/ubuntu/GitHub/sky130-trng/.loom/worktrees/issue-236/sim/digital-electrical-repair/requests/.klt/place-and-route/trng_digital_route.spef line 189304, pin bus_rdata_r[23] not found.
[WARNING STA-1656] /home/ubuntu/GitHub/sky130-trng/.loom/worktrees/issue-236/sim/digital-electrical-repair/requests/.klt/place-and-route/trng_digital_route.spef line 189477, pin bus_rdata_r[4] not found.
[WARNING STA-1656] /home/ubuntu/GitHub/sky130-trng/.loom/worktrees/issue-236/sim/digital-electrical-repair/requests/.klt/place-and-route/trng_digital_route.spef line 189782, pin bus_rdata_r[17] not found.
[WARNING STA-1656] /home/ubuntu/GitHub/sky130-trng/.loom/worktrees/issue-236/sim/digital-electrical-repair/requests/.klt/place-and-route/trng_digital_route.spef line 189976, pin bus_rdata_r[12] not found.
[WARNING STA-1656] /home/ubuntu/GitHub/sky130-trng/.loom/worktrees/issue-236/sim/digital-electrical-repair/requests/.klt/place-and-route/trng_digital_route.spef line 189977, pin bus_rdata_r[13] not found.
[WARNING STA-1656] /home/ubuntu/GitHub/sky130-trng/.loom/worktrees/issue-236/sim/digital-electrical-repair/requests/.klt/place-and-route/trng_digital_route.spef line 189978, pin bus_rdata_r[15] not found.
[WARNING STA-1656] /home/ubuntu/GitHub/sky130-trng/.loom/worktrees/issue-236/sim/digital-electrical-repair/requests/.klt/place-and-route/trng_digital_route.spef line 189979, pin bus_rdata_r[9] not found.
[WARNING STA-1656] /home/ubuntu/GitHub/sky130-trng/.loom/worktrees/issue-236/sim/digital-electrical-repair/requests/.klt/place-and-route/trng_digital_route.spef line 191632, pin bus_rdata_r[2] not found.
[WARNING STA-1656] /home/ubuntu/GitHub/sky130-trng/.loom/worktrees/issue-236/sim/digital-electrical-repair/requests/.klt/place-and-route/trng_digital_route.spef line 191633, pin bus_rdata_r[30] not found.
[WARNING STA-1656] /home/ubuntu/GitHub/sky130-trng/.loom/worktrees/issue-236/sim/digital-electrical-repair/requests/.klt/place-and-route/trng_digital_route.spef line 191670, pin startup_done438 not found.
[WARNING STA-1656] /home/ubuntu/GitHub/sky130-trng/.loom/worktrees/issue-236/sim/digital-electrical-repair/requests/.klt/place-and-route/trng_digital_route.spef line 191691, pin bus_rdata_r[24] not found.
[WARNING STA-1656] /home/ubuntu/GitHub/sky130-trng/.loom/worktrees/issue-236/sim/digital-electrical-repair/requests/.klt/place-and-route/trng_digital_route.spef line 191692, pin bus_rdata_r[27] not found.
[WARNING STA-1656] /home/ubuntu/GitHub/sky130-trng/.loom/worktrees/issue-236/sim/digital-electrical-repair/requests/.klt/place-and-route/trng_digital_route.spef line 191737, pin bus_rdata_r[16] not found.
[WARNING STA-1656] /home/ubuntu/GitHub/sky130-trng/.loom/worktrees/issue-236/sim/digital-electrical-repair/requests/.klt/place-and-route/trng_digital_route.spef line 191738, pin bus_rdata_r[17] not found.
[WARNING STA-1656] /home/ubuntu/GitHub/sky130-trng/.loom/worktrees/issue-236/sim/digital-electrical-repair/requests/.klt/place-and-route/trng_digital_route.spef line 191789, pin bus_rdata_r[4] not found.
[WARNING STA-1656] /home/ubuntu/GitHub/sky130-trng/.loom/worktrees/issue-236/sim/digital-electrical-repair/requests/.klt/place-and-route/trng_digital_route.spef line 191790, pin bus_rdata_r[7] not found.
[WARNING STA-1656] /home/ubuntu/GitHub/sky130-trng/.loom/worktrees/issue-236/sim/digital-electrical-repair/requests/.klt/place-and-route/trng_digital_route.spef line 191791, pin bus_rdata_r[8] not found.
[WARNING STA-1656] /home/ubuntu/GitHub/sky130-trng/.loom/worktrees/issue-236/sim/digital-electrical-repair/requests/.klt/place-and-route/trng_digital_route.spef line 191836, pin bus_rdata_r[26] not found.
[WARNING STA-1656] /home/ubuntu/GitHub/sky130-trng/.loom/worktrees/issue-236/sim/digital-electrical-repair/requests/.klt/place-and-route/trng_digital_route.spef line 191837, pin bus_rdata_r[4] not found.
[WARNING STA-1656] /home/ubuntu/GitHub/sky130-trng/.loom/worktrees/issue-236/sim/digital-electrical-repair/requests/.klt/place-and-route/trng_digital_route.spef line 191909, pin bus_rdata_r[15] not found.
[WARNING STA-1656] /home/ubuntu/GitHub/sky130-trng/.loom/worktrees/issue-236/sim/digital-electrical-repair/requests/.klt/place-and-route/trng_digital_route.spef line 191956, pin bus_rdata_r[17] not found.
[WARNING STA-1656] /home/ubuntu/GitHub/sky130-trng/.loom/worktrees/issue-236/sim/digital-electrical-repair/requests/.klt/place-and-route/trng_digital_route.spef line 191957, pin bus_rdata_r[19] not found.
[WARNING STA-1656] /home/ubuntu/GitHub/sky130-trng/.loom/worktrees/issue-236/sim/digital-electrical-repair/requests/.klt/place-and-route/trng_digital_route.spef line 191958, pin bus_rdata_r[25] not found.
[WARNING STA-1656] /home/ubuntu/GitHub/sky130-trng/.loom/worktrees/issue-236/sim/digital-electrical-repair/requests/.klt/place-and-route/trng_digital_route.spef line 191959, pin bus_rdata_r[3] not found.
[WARNING STA-1656] /home/ubuntu/GitHub/sky130-trng/.loom/worktrees/issue-236/sim/digital-electrical-repair/requests/.klt/place-and-route/trng_digital_route.spef line 191960, pin bus_rdata_r[7] not found.
[WARNING STA-1656] /home/ubuntu/GitHub/sky130-trng/.loom/worktrees/issue-236/sim/digital-electrical-repair/requests/.klt/place-and-route/trng_digital_route.spef line 192279, pin bus_rdata_r[17] not found.
[WARNING STA-1656] /home/ubuntu/GitHub/sky130-trng/.loom/worktrees/issue-236/sim/digital-electrical-repair/requests/.klt/place-and-route/trng_digital_route.spef line 192337, pin bus_rdata_r[0] not found.
[WARNING STA-1656] /home/ubuntu/GitHub/sky130-trng/.loom/worktrees/issue-236/sim/digital-electrical-repair/requests/.klt/place-and-route/trng_digital_route.spef line 192338, pin bus_rdata_r[10] not found.
[WARNING STA-1656] /home/ubuntu/GitHub/sky130-trng/.loom/worktrees/issue-236/sim/digital-electrical-repair/requests/.klt/place-and-route/trng_digital_route.spef line 192339, pin bus_rdata_r[12] not found.
[WARNING STA-1656] /home/ubuntu/GitHub/sky130-trng/.loom/worktrees/issue-236/sim/digital-electrical-repair/requests/.klt/place-and-route/trng_digital_route.spef line 192340, pin bus_rdata_r[14] not found.
[WARNING STA-1656] /home/ubuntu/GitHub/sky130-trng/.loom/worktrees/issue-236/sim/digital-electrical-repair/requests/.klt/place-and-route/trng_digital_route.spef line 192341, pin bus_rdata_r[1] not found.
[WARNING STA-1656] /home/ubuntu/GitHub/sky130-trng/.loom/worktrees/issue-236/sim/digital-electrical-repair/requests/.klt/place-and-route/trng_digital_route.spef line 192342, pin bus_rdata_r[21] not found.
[WARNING STA-1656] /home/ubuntu/GitHub/sky130-trng/.loom/worktrees/issue-236/sim/digital-electrical-repair/requests/.klt/place-and-route/trng_digital_route.spef line 192343, pin bus_rdata_r[9] not found.
[WARNING STA-1656] /home/ubuntu/GitHub/sky130-trng/.loom/worktrees/issue-236/sim/digital-electrical-repair/requests/.klt/place-and-route/trng_digital_route.spef line 192424, pin bus_rdata_r[0] not found.
[WARNING STA-1656] /home/ubuntu/GitHub/sky130-trng/.loom/worktrees/issue-236/sim/digital-electrical-repair/requests/.klt/place-and-route/trng_digital_route.spef line 192425, pin bus_rdata_r[10] not found.
[WARNING STA-1656] /home/ubuntu/GitHub/sky130-trng/.loom/worktrees/issue-236/sim/digital-electrical-repair/requests/.klt/place-and-route/trng_digital_route.spef line 192426, pin bus_rdata_r[12] not found.
[WARNING STA-1656] /home/ubuntu/GitHub/sky130-trng/.loom/worktrees/issue-236/sim/digital-electrical-repair/requests/.klt/place-and-route/trng_digital_route.spef line 192427, pin bus_rdata_r[13] not found.
[WARNING STA-1656] /home/ubuntu/GitHub/sky130-trng/.loom/worktrees/issue-236/sim/digital-electrical-repair/requests/.klt/place-and-route/trng_digital_route.spef line 192484, pin bus_rdata_r[24] not found.
[WARNING STA-1656] /home/ubuntu/GitHub/sky130-trng/.loom/worktrees/issue-236/sim/digital-electrical-repair/requests/.klt/place-and-route/trng_digital_route.spef line 192485, pin bus_rdata_r[27] not found.
[WARNING STA-1656] /home/ubuntu/GitHub/sky130-trng/.loom/worktrees/issue-236/sim/digital-electrical-repair/requests/.klt/place-and-route/trng_digital_route.spef line 192486, pin bus_rdata_r[29] not found.
[WARNING STA-1656] /home/ubuntu/GitHub/sky130-trng/.loom/worktrees/issue-236/sim/digital-electrical-repair/requests/.klt/place-and-route/trng_digital_route.spef line 192487, pin bus_rdata_r[31] not found.
[WARNING STA-1656] /home/ubuntu/GitHub/sky130-trng/.loom/worktrees/issue-236/sim/digital-electrical-repair/requests/.klt/place-and-route/trng_digital_route.spef line 192488, pin bus_rdata_r[5] not found.
[WARNING STA-1656] /home/ubuntu/GitHub/sky130-trng/.loom/worktrees/issue-236/sim/digital-electrical-repair/requests/.klt/place-and-route/trng_digital_route.spef line 192550, pin bus_rdata_r[23] not found.
[WARNING STA-1656] /home/ubuntu/GitHub/sky130-trng/.loom/worktrees/issue-236/sim/digital-electrical-repair/requests/.klt/place-and-route/trng_digital_route.spef line 192551, pin bus_rdata_r[24] not found.
[WARNING STA-1656] /home/ubuntu/GitHub/sky130-trng/.loom/worktrees/issue-236/sim/digital-electrical-repair/requests/.klt/place-and-route/trng_digital_route.spef line 192552, pin bus_rdata_r[5] not found.
[WARNING STA-1656] /home/ubuntu/GitHub/sky130-trng/.loom/worktrees/issue-236/sim/digital-electrical-repair/requests/.klt/place-and-route/trng_digital_route.spef line 192613, pin bus_rdata_r[19] not found.
[WARNING STA-1656] /home/ubuntu/GitHub/sky130-trng/.loom/worktrees/issue-236/sim/digital-electrical-repair/requests/.klt/place-and-route/trng_digital_route.spef line 192614, pin bus_rdata_r[25] not found.
[WARNING STA-1656] /home/ubuntu/GitHub/sky130-trng/.loom/worktrees/issue-236/sim/digital-electrical-repair/requests/.klt/place-and-route/trng_digital_route.spef line 192694, pin bus_rdata_r[0] not found.
[WARNING STA-1656] /home/ubuntu/GitHub/sky130-trng/.loom/worktrees/issue-236/sim/digital-electrical-repair/requests/.klt/place-and-route/trng_digital_route.spef line 192695, pin bus_rdata_r[10] not found.
[WARNING STA-1656] /home/ubuntu/GitHub/sky130-trng/.loom/worktrees/issue-236/sim/digital-electrical-repair/requests/.klt/place-and-route/trng_digital_route.spef line 192696, pin bus_rdata_r[12] not found.
[WARNING STA-1656] /home/ubuntu/GitHub/sky130-trng/.loom/worktrees/issue-236/sim/digital-electrical-repair/requests/.klt/place-and-route/trng_digital_route.spef line 192697, pin bus_rdata_r[13] not found.
[WARNING STA-1656] /home/ubuntu/GitHub/sky130-trng/.loom/worktrees/issue-236/sim/digital-electrical-repair/requests/.klt/place-and-route/trng_digital_route.spef line 192698, pin bus_rdata_r[14] not found.
[WARNING STA-1656] /home/ubuntu/GitHub/sky130-trng/.loom/worktrees/issue-236/sim/digital-electrical-repair/requests/.klt/place-and-route/trng_digital_route.spef line 192699, pin bus_rdata_r[15] not found.
[WARNING STA-1656] /home/ubuntu/GitHub/sky130-trng/.loom/worktrees/issue-236/sim/digital-electrical-repair/requests/.klt/place-and-route/trng_digital_route.spef line 192700, pin bus_rdata_r[1] not found.
[WARNING STA-1656] /home/ubuntu/GitHub/sky130-trng/.loom/worktrees/issue-236/sim/digital-electrical-repair/requests/.klt/place-and-route/trng_digital_route.spef line 192701, pin bus_rdata_r[9] not found.
[WARNING STA-1656] /home/ubuntu/GitHub/sky130-trng/.loom/worktrees/issue-236/sim/digital-electrical-repair/requests/.klt/place-and-route/trng_digital_route.spef line 192745, pin bus_rdata_r[30] not found.
[WARNING STA-1656] /home/ubuntu/GitHub/sky130-trng/.loom/worktrees/issue-236/sim/digital-electrical-repair/requests/.klt/place-and-route/trng_digital_route.spef line 192761, pin startup_done438 not found.
[WARNING STA-1656] /home/ubuntu/GitHub/sky130-trng/.loom/worktrees/issue-236/sim/digital-electrical-repair/requests/.klt/place-and-route/trng_digital_route.spef line 192780, pin bus_rdata_r[19] not found.
[WARNING STA-1656] /home/ubuntu/GitHub/sky130-trng/.loom/worktrees/issue-236/sim/digital-electrical-repair/requests/.klt/place-and-route/trng_digital_route.spef line 192781, pin bus_rdata_r[25] not found.
[WARNING STA-1656] /home/ubuntu/GitHub/sky130-trng/.loom/worktrees/issue-236/sim/digital-electrical-repair/requests/.klt/place-and-route/trng_digital_route.spef line 192809, pin bus_rdata_r[5] not found.
[WARNING STA-1656] /home/ubuntu/GitHub/sky130-trng/.loom/worktrees/issue-236/sim/digital-electrical-repair/requests/.klt/place-and-route/trng_digital_route.spef line 192899, pin bus_rdata_r[24] not found.
[WARNING STA-1656] /home/ubuntu/GitHub/sky130-trng/.loom/worktrees/issue-236/sim/digital-electrical-repair/requests/.klt/place-and-route/trng_digital_route.spef line 192900, pin bus_rdata_r[27] not found.
[WARNING STA-1656] /home/ubuntu/GitHub/sky130-trng/.loom/worktrees/issue-236/sim/digital-electrical-repair/requests/.klt/place-and-route/trng_digital_route.spef line 192901, pin bus_rdata_r[31] not found.
[WARNING STA-1656] /home/ubuntu/GitHub/sky130-trng/.loom/worktrees/issue-236/sim/digital-electrical-repair/requests/.klt/place-and-route/trng_digital_route.spef line 192902, pin bus_rdata_r[5] not found.
[WARNING STA-1656] /home/ubuntu/GitHub/sky130-trng/.loom/worktrees/issue-236/sim/digital-electrical-repair/requests/.klt/place-and-route/trng_digital_route.spef line 192956, pin startup_done438 not found.
[WARNING STA-1656] /home/ubuntu/GitHub/sky130-trng/.loom/worktrees/issue-236/sim/digital-electrical-repair/requests/.klt/place-and-route/trng_digital_route.spef line 192977, pin bus_rdata_r[30] not found.
[WARNING STA-1656] /home/ubuntu/GitHub/sky130-trng/.loom/worktrees/issue-236/sim/digital-electrical-repair/requests/.klt/place-and-route/trng_digital_route.spef line 192990, pin startup_done438 not found.
[WARNING STA-1656] /home/ubuntu/GitHub/sky130-trng/.loom/worktrees/issue-236/sim/digital-electrical-repair/requests/.klt/place-and-route/trng_digital_route.spef line 193030, pin startup_done438 not found.
[WARNING STA-1656] /home/ubuntu/GitHub/sky130-trng/.loom/worktrees/issue-236/sim/digital-electrical-repair/requests/.klt/place-and-route/trng_digital_route.spef line 193239, pin startup_done438 not found.
[WARNING STA-1656] /home/ubuntu/GitHub/sky130-trng/.loom/worktrees/issue-236/sim/digital-electrical-repair/requests/.klt/place-and-route/trng_digital_route.spef line 193586, pin bus_rdata_r[23] not found.
[WARNING STA-1656] /home/ubuntu/GitHub/sky130-trng/.loom/worktrees/issue-236/sim/digital-electrical-repair/requests/.klt/place-and-route/trng_digital_route.spef line 193707, pin startup_done438 not found.
[WARNING STA-1656] /home/ubuntu/GitHub/sky130-trng/.loom/worktrees/issue-236/sim/digital-electrical-repair/requests/.klt/place-and-route/trng_digital_route.spef line 193804, pin bus_rdata_r[31] not found.
[WARNING STA-1656] /home/ubuntu/GitHub/sky130-trng/.loom/worktrees/issue-236/sim/digital-electrical-repair/requests/.klt/place-and-route/trng_digital_route.spef line 193975, pin bus_rdata_r[31] not found.
[WARNING STA-1656] /home/ubuntu/GitHub/sky130-trng/.loom/worktrees/issue-236/sim/digital-electrical-repair/requests/.klt/place-and-route/trng_digital_route.spef line 193998, pin bus_rdata_r[16] not found.
[WARNING STA-1656] /home/ubuntu/GitHub/sky130-trng/.loom/worktrees/issue-236/sim/digital-electrical-repair/requests/.klt/place-and-route/trng_digital_route.spef line 194041, pin bus_rdata_r[3] not found.
[WARNING STA-1656] /home/ubuntu/GitHub/sky130-trng/.loom/worktrees/issue-236/sim/digital-electrical-repair/requests/.klt/place-and-route/trng_digital_route.spef line 194125, pin bus_rdata_r[3] not found.
[WARNING STA-1656] /home/ubuntu/GitHub/sky130-trng/.loom/worktrees/issue-236/sim/digital-electrical-repair/requests/.klt/place-and-route/trng_digital_route.spef line 194172, pin bus_rdata_r[16] not found.
[WARNING STA-1656] /home/ubuntu/GitHub/sky130-trng/.loom/worktrees/issue-236/sim/digital-electrical-repair/requests/.klt/place-and-route/trng_digital_route.spef line 194173, pin bus_rdata_r[3] not found.
[WARNING STA-1656] /home/ubuntu/GitHub/sky130-trng/.loom/worktrees/issue-236/sim/digital-electrical-repair/requests/.klt/place-and-route/trng_digital_route.spef line 194174, pin bus_rdata_r[6] not found.
[WARNING STA-1656] /home/ubuntu/GitHub/sky130-trng/.loom/worktrees/issue-236/sim/digital-electrical-repair/requests/.klt/place-and-route/trng_digital_route.spef line 194214, pin bus_rdata_r[17] not found.
[WARNING STA-1656] /home/ubuntu/GitHub/sky130-trng/.loom/worktrees/issue-236/sim/digital-electrical-repair/requests/.klt/place-and-route/trng_digital_route.spef line 194215, pin bus_rdata_r[2] not found.
[WARNING STA-1656] /home/ubuntu/GitHub/sky130-trng/.loom/worktrees/issue-236/sim/digital-electrical-repair/requests/.klt/place-and-route/trng_digital_route.spef line 194216, pin bus_rdata_r[30] not found.
[WARNING STA-1656] /home/ubuntu/GitHub/sky130-trng/.loom/worktrees/issue-236/sim/digital-electrical-repair/requests/.klt/place-and-route/trng_digital_route.spef line 194240, pin startup_done438 not found.
[WARNING STA-1656] /home/ubuntu/GitHub/sky130-trng/.loom/worktrees/issue-236/sim/digital-electrical-repair/requests/.klt/place-and-route/trng_digital_route.spef line 194258, pin bus_rdata_r[29] not found.
[WARNING STA-1656] /home/ubuntu/GitHub/sky130-trng/.loom/worktrees/issue-236/sim/digital-electrical-repair/requests/.klt/place-and-route/trng_digital_route.spef line 194281, pin bus_rdata_r[12] not found.
[WARNING STA-1656] /home/ubuntu/GitHub/sky130-trng/.loom/worktrees/issue-236/sim/digital-electrical-repair/requests/.klt/place-and-route/trng_digital_route.spef line 194282, pin bus_rdata_r[15] not found.
[WARNING STA-1656] /home/ubuntu/GitHub/sky130-trng/.loom/worktrees/issue-236/sim/digital-electrical-repair/requests/.klt/place-and-route/trng_digital_route.spef line 194283, pin bus_rdata_r[21] not found.
[WARNING STA-1656] /home/ubuntu/GitHub/sky130-trng/.loom/worktrees/issue-236/sim/digital-electrical-repair/requests/.klt/place-and-route/trng_digital_route.spef line 194284, pin bus_rdata_r[24] not found.
[WARNING STA-1656] /home/ubuntu/GitHub/sky130-trng/.loom/worktrees/issue-236/sim/digital-electrical-repair/requests/.klt/place-and-route/trng_digital_route.spef line 194285, pin bus_rdata_r[28] not found.
[WARNING STA-1656] /home/ubuntu/GitHub/sky130-trng/.loom/worktrees/issue-236/sim/digital-electrical-repair/requests/.klt/place-and-route/trng_digital_route.spef line 194327, pin bus_rdata_r[1] not found.
[WARNING STA-1656] /home/ubuntu/GitHub/sky130-trng/.loom/worktrees/issue-236/sim/digital-electrical-repair/requests/.klt/place-and-route/trng_digital_route.spef line 194328, pin bus_rdata_r[21] not found.
[WARNING STA-1656] /home/ubuntu/GitHub/sky130-trng/.loom/worktrees/issue-236/sim/digital-electrical-repair/requests/.klt/place-and-route/trng_digital_route.spef line 194329, pin bus_rdata_r[23] not found.
[WARNING STA-1656] /home/ubuntu/GitHub/sky130-trng/.loom/worktrees/issue-236/sim/digital-electrical-repair/requests/.klt/place-and-route/trng_digital_route.spef line 194330, pin bus_rdata_r[24] not found.
[WARNING STA-1656] /home/ubuntu/GitHub/sky130-trng/.loom/worktrees/issue-236/sim/digital-electrical-repair/requests/.klt/place-and-route/trng_digital_route.spef line 194331, pin bus_rdata_r[27] not found.
[WARNING STA-1656] /home/ubuntu/GitHub/sky130-trng/.loom/worktrees/issue-236/sim/digital-electrical-repair/requests/.klt/place-and-route/trng_digital_route.spef line 194332, pin bus_rdata_r[28] not found.
[WARNING STA-1656] /home/ubuntu/GitHub/sky130-trng/.loom/worktrees/issue-236/sim/digital-electrical-repair/requests/.klt/place-and-route/trng_digital_route.spef line 194333, pin bus_rdata_r[29] not found.
[WARNING STA-1656] /home/ubuntu/GitHub/sky130-trng/.loom/worktrees/issue-236/sim/digital-electrical-repair/requests/.klt/place-and-route/trng_digital_route.spef line 194334, pin bus_rdata_r[31] not found.
[WARNING STA-1656] /home/ubuntu/GitHub/sky130-trng/.loom/worktrees/issue-236/sim/digital-electrical-repair/requests/.klt/place-and-route/trng_digital_route.spef line 194371, pin bus_rdata_r[26] not found.
[WARNING STA-1656] /home/ubuntu/GitHub/sky130-trng/.loom/worktrees/issue-236/sim/digital-electrical-repair/requests/.klt/place-and-route/trng_digital_route.spef line 194372, pin bus_rdata_r[3] not found.
[WARNING STA-1656] /home/ubuntu/GitHub/sky130-trng/.loom/worktrees/issue-236/sim/digital-electrical-repair/requests/.klt/place-and-route/trng_digital_route.spef line 194373, pin bus_rdata_r[8] not found.
[WARNING STA-1656] /home/ubuntu/GitHub/sky130-trng/.loom/worktrees/issue-236/sim/digital-electrical-repair/requests/.klt/place-and-route/trng_digital_route.spef line 194447, pin bus_rdata_r[23] not found.
[WARNING STA-1656] /home/ubuntu/GitHub/sky130-trng/.loom/worktrees/issue-236/sim/digital-electrical-repair/requests/.klt/place-and-route/trng_digital_route.spef line 194482, pin bus_rdata_r[22] not found.
[WARNING STA-1656] /home/ubuntu/GitHub/sky130-trng/.loom/worktrees/issue-236/sim/digital-electrical-repair/requests/.klt/place-and-route/trng_digital_route.spef line 194483, pin bus_rdata_r[26] not found.
[WARNING STA-1656] /home/ubuntu/GitHub/sky130-trng/.loom/worktrees/issue-236/sim/digital-electrical-repair/requests/.klt/place-and-route/trng_digital_route.spef line 194484, pin bus_rdata_r[3] not found.
[WARNING STA-1656] /home/ubuntu/GitHub/sky130-trng/.loom/worktrees/issue-236/sim/digital-electrical-repair/requests/.klt/place-and-route/trng_digital_route.spef line 194485, pin bus_rdata_r[4] not found.
[WARNING STA-1656] /home/ubuntu/GitHub/sky130-trng/.loom/worktrees/issue-236/sim/digital-electrical-repair/requests/.klt/place-and-route/trng_digital_route.spef line 194486, pin bus_rdata_r[8] not found.
[WARNING STA-1656] /home/ubuntu/GitHub/sky130-trng/.loom/worktrees/issue-236/sim/digital-electrical-repair/requests/.klt/place-and-route/trng_digital_route.spef line 194551, pin bus_rdata_r[17] not found.
[WARNING STA-1656] /home/ubuntu/GitHub/sky130-trng/.loom/worktrees/issue-236/sim/digital-electrical-repair/requests/.klt/place-and-route/trng_digital_route.spef line 194552, pin bus_rdata_r[20] not found.
[WARNING STA-1656] /home/ubuntu/GitHub/sky130-trng/.loom/worktrees/issue-236/sim/digital-electrical-repair/requests/.klt/place-and-route/trng_digital_route.spef line 194599, pin bus_rdata_r[19] not found.
[WARNING STA-1656] /home/ubuntu/GitHub/sky130-trng/.loom/worktrees/issue-236/sim/digital-electrical-repair/requests/.klt/place-and-route/trng_digital_route.spef line 194600, pin bus_rdata_r[3] not found.
[WARNING STA-1656] /home/ubuntu/GitHub/sky130-trng/.loom/worktrees/issue-236/sim/digital-electrical-repair/requests/.klt/place-and-route/trng_digital_route.spef line 194620, pin bus_rdata_r[18] not found.
[WARNING STA-1656] /home/ubuntu/GitHub/sky130-trng/.loom/worktrees/issue-236/sim/digital-electrical-repair/requests/.klt/place-and-route/trng_digital_route.spef line 194621, pin bus_rdata_r[21] not found.
[WARNING STA-1656] /home/ubuntu/GitHub/sky130-trng/.loom/worktrees/issue-236/sim/digital-electrical-repair/requests/.klt/place-and-route/trng_digital_route.spef line 194658, pin bus_rdata_r[3] not found.
[WARNING STA-1656] /home/ubuntu/GitHub/sky130-trng/.loom/worktrees/issue-236/sim/digital-electrical-repair/requests/.klt/place-and-route/trng_digital_route.spef line 194659, pin bus_rdata_r[7] not found.
[WARNING STA-1656] /home/ubuntu/GitHub/sky130-trng/.loom/worktrees/issue-236/sim/digital-electrical-repair/requests/.klt/place-and-route/trng_digital_route.spef line 194660, pin bus_rdata_r[8] not found.
[WARNING STA-1656] /home/ubuntu/GitHub/sky130-trng/.loom/worktrees/issue-236/sim/digital-electrical-repair/requests/.klt/place-and-route/trng_digital_route.spef line 194714, pin bus_rdata_r[3] not found.
[WARNING STA-1656] /home/ubuntu/GitHub/sky130-trng/.loom/worktrees/issue-236/sim/digital-electrical-repair/requests/.klt/place-and-route/trng_digital_route.spef line 194715, pin bus_rdata_r[7] not found.
[WARNING STA-1656] /home/ubuntu/GitHub/sky130-trng/.loom/worktrees/issue-236/sim/digital-electrical-repair/requests/.klt/place-and-route/trng_digital_route.spef line 194780, pin bus_rdata_r[17] not found.
[WARNING STA-1656] /home/ubuntu/GitHub/sky130-trng/.loom/worktrees/issue-236/sim/digital-electrical-repair/requests/.klt/place-and-route/trng_digital_route.spef line 194781, pin bus_rdata_r[7] not found.
[WARNING STA-1656] /home/ubuntu/GitHub/sky130-trng/.loom/worktrees/issue-236/sim/digital-electrical-repair/requests/.klt/place-and-route/trng_digital_route.spef line 194806, pin bus_rdata_r[17] not found.
[WARNING STA-1656] /home/ubuntu/GitHub/sky130-trng/.loom/worktrees/issue-236/sim/digital-electrical-repair/requests/.klt/place-and-route/trng_digital_route.spef line 194827, pin bus_rdata_r[17] not found.
[WARNING STA-1656] /home/ubuntu/GitHub/sky130-trng/.loom/worktrees/issue-236/sim/digital-electrical-repair/requests/.klt/place-and-route/trng_digital_route.spef line 194828, pin bus_rdata_r[3] not found.
[WARNING STA-1656] /home/ubuntu/GitHub/sky130-trng/.loom/worktrees/issue-236/sim/digital-electrical-repair/requests/.klt/place-and-route/trng_digital_route.spef line 194905, pin bus_rdata_r[15] not found.
[WARNING STA-1656] /home/ubuntu/GitHub/sky130-trng/.loom/worktrees/issue-236/sim/digital-electrical-repair/requests/.klt/place-and-route/trng_digital_route.spef line 194906, pin bus_rdata_r[16] not found.
[WARNING STA-1656] /home/ubuntu/GitHub/sky130-trng/.loom/worktrees/issue-236/sim/digital-electrical-repair/requests/.klt/place-and-route/trng_digital_route.spef line 194907, pin bus_rdata_r[3] not found.
[WARNING STA-1656] /home/ubuntu/GitHub/sky130-trng/.loom/worktrees/issue-236/sim/digital-electrical-repair/requests/.klt/place-and-route/trng_digital_route.spef line 194908, pin bus_rdata_r[6] not found.
[WARNING STA-1656] /home/ubuntu/GitHub/sky130-trng/.loom/worktrees/issue-236/sim/digital-electrical-repair/requests/.klt/place-and-route/trng_digital_route.spef line 194909, pin bus_rdata_r[7] not found.
[WARNING STA-1656] /home/ubuntu/GitHub/sky130-trng/.loom/worktrees/issue-236/sim/digital-electrical-repair/requests/.klt/place-and-route/trng_digital_route.spef line 194988, pin bus_rdata_r[13] not found.
[WARNING STA-1656] /home/ubuntu/GitHub/sky130-trng/.loom/worktrees/issue-236/sim/digital-electrical-repair/requests/.klt/place-and-route/trng_digital_route.spef line 194989, pin bus_rdata_r[15] not found.
[WARNING STA-1656] /home/ubuntu/GitHub/sky130-trng/.loom/worktrees/issue-236/sim/digital-electrical-repair/requests/.klt/place-and-route/trng_digital_route.spef line 194990, pin bus_rdata_r[17] not found.
[WARNING STA-1656] /home/ubuntu/GitHub/sky130-trng/.loom/worktrees/issue-236/sim/digital-electrical-repair/requests/.klt/place-and-route/trng_digital_route.spef line 194991, pin bus_rdata_r[3] not found.
[WARNING STA-1656] /home/ubuntu/GitHub/sky130-trng/.loom/worktrees/issue-236/sim/digital-electrical-repair/requests/.klt/place-and-route/trng_digital_route.spef line 194992, pin bus_rdata_r[7] not found.
[WARNING STA-1656] /home/ubuntu/GitHub/sky130-trng/.loom/worktrees/issue-236/sim/digital-electrical-repair/requests/.klt/place-and-route/trng_digital_route.spef line 195045, pin bus_rdata_r[16] not found.
[WARNING STA-1656] /home/ubuntu/GitHub/sky130-trng/.loom/worktrees/issue-236/sim/digital-electrical-repair/requests/.klt/place-and-route/trng_digital_route.spef line 195046, pin bus_rdata_r[17] not found.
[WARNING STA-1656] /home/ubuntu/GitHub/sky130-trng/.loom/worktrees/issue-236/sim/digital-electrical-repair/requests/.klt/place-and-route/trng_digital_route.spef line 195095, pin bus_rdata_r[12] not found.
[WARNING STA-1656] /home/ubuntu/GitHub/sky130-trng/.loom/worktrees/issue-236/sim/digital-electrical-repair/requests/.klt/place-and-route/trng_digital_route.spef line 195096, pin bus_rdata_r[13] not found.
[WARNING STA-1656] /home/ubuntu/GitHub/sky130-trng/.loom/worktrees/issue-236/sim/digital-electrical-repair/requests/.klt/place-and-route/trng_digital_route.spef line 195097, pin bus_rdata_r[14] not found.
[WARNING STA-1656] /home/ubuntu/GitHub/sky130-trng/.loom/worktrees/issue-236/sim/digital-electrical-repair/requests/.klt/place-and-route/trng_digital_route.spef line 195098, pin bus_rdata_r[15] not found.
[WARNING STA-1656] /home/ubuntu/GitHub/sky130-trng/.loom/worktrees/issue-236/sim/digital-electrical-repair/requests/.klt/place-and-route/trng_digital_route.spef line 195099, pin bus_rdata_r[1] not found.
[WARNING STA-1656] /home/ubuntu/GitHub/sky130-trng/.loom/worktrees/issue-236/sim/digital-electrical-repair/requests/.klt/place-and-route/trng_digital_route.spef line 195100, pin bus_rdata_r[9] not found.
[WARNING STA-1656] /home/ubuntu/GitHub/sky130-trng/.loom/worktrees/issue-236/sim/digital-electrical-repair/requests/.klt/place-and-route/trng_digital_route.spef line 195136, pin bus_rdata_r[12] not found.
[WARNING STA-1656] /home/ubuntu/GitHub/sky130-trng/.loom/worktrees/issue-236/sim/digital-electrical-repair/requests/.klt/place-and-route/trng_digital_route.spef line 195137, pin bus_rdata_r[13] not found.
[WARNING STA-1656] /home/ubuntu/GitHub/sky130-trng/.loom/worktrees/issue-236/sim/digital-electrical-repair/requests/.klt/place-and-route/trng_digital_route.spef line 195138, pin bus_rdata_r[14] not found.
[WARNING STA-1656] /home/ubuntu/GitHub/sky130-trng/.loom/worktrees/issue-236/sim/digital-electrical-repair/requests/.klt/place-and-route/trng_digital_route.spef line 195163, pin bus_rdata_r[12] not found.
[WARNING STA-1656] /home/ubuntu/GitHub/sky130-trng/.loom/worktrees/issue-236/sim/digital-electrical-repair/requests/.klt/place-and-route/trng_digital_route.spef line 195164, pin bus_rdata_r[13] not found.
[WARNING STA-1656] /home/ubuntu/GitHub/sky130-trng/.loom/worktrees/issue-236/sim/digital-electrical-repair/requests/.klt/place-and-route/trng_digital_route.spef line 195165, pin bus_rdata_r[15] not found.
[WARNING STA-1656] /home/ubuntu/GitHub/sky130-trng/.loom/worktrees/issue-236/sim/digital-electrical-repair/requests/.klt/place-and-route/trng_digital_route.spef line 195190, pin bus_rdata_r[13] not found.
[WARNING STA-1656] /home/ubuntu/GitHub/sky130-trng/.loom/worktrees/issue-236/sim/digital-electrical-repair/requests/.klt/place-and-route/trng_digital_route.spef line 195226, pin bus_rdata_r[12] not found.
[WARNING STA-1656] /home/ubuntu/GitHub/sky130-trng/.loom/worktrees/issue-236/sim/digital-electrical-repair/requests/.klt/place-and-route/trng_digital_route.spef line 195257, pin bus_rdata_r[11] not found.
[WARNING STA-1656] /home/ubuntu/GitHub/sky130-trng/.loom/worktrees/issue-236/sim/digital-electrical-repair/requests/.klt/place-and-route/trng_digital_route.spef line 195258, pin bus_rdata_r[16] not found.
[WARNING STA-1656] /home/ubuntu/GitHub/sky130-trng/.loom/worktrees/issue-236/sim/digital-electrical-repair/requests/.klt/place-and-route/trng_digital_route.spef line 195259, pin bus_rdata_r[17] not found.
[WARNING STA-1656] /home/ubuntu/GitHub/sky130-trng/.loom/worktrees/issue-236/sim/digital-electrical-repair/requests/.klt/place-and-route/trng_digital_route.spef line 195260, pin bus_rdata_r[19] not found.
[WARNING STA-1656] /home/ubuntu/GitHub/sky130-trng/.loom/worktrees/issue-236/sim/digital-electrical-repair/requests/.klt/place-and-route/trng_digital_route.spef line 195261, pin bus_rdata_r[25] not found.
[WARNING STA-1656] /home/ubuntu/GitHub/sky130-trng/.loom/worktrees/issue-236/sim/digital-electrical-repair/requests/.klt/place-and-route/trng_digital_route.spef line 195315, pin bus_rdata_r[3] not found.
[WARNING STA-1656] /home/ubuntu/GitHub/sky130-trng/.loom/worktrees/issue-236/sim/digital-electrical-repair/requests/.klt/place-and-route/trng_digital_route.spef line 195339, pin bus_rdata_r[17] not found.
[WARNING STA-1656] /home/ubuntu/GitHub/sky130-trng/.loom/worktrees/issue-236/sim/digital-electrical-repair/requests/.klt/place-and-route/trng_digital_route.spef line 195340, pin bus_rdata_r[3] not found.
[WARNING STA-1656] /home/ubuntu/GitHub/sky130-trng/.loom/worktrees/issue-236/sim/digital-electrical-repair/requests/.klt/place-and-route/trng_digital_route.spef line 195341, pin bus_rdata_r[7] not found.
[WARNING STA-1656] /home/ubuntu/GitHub/sky130-trng/.loom/worktrees/issue-236/sim/digital-electrical-repair/requests/.klt/place-and-route/trng_digital_route.spef line 195384, pin bus_rdata_r[0] not found.
[WARNING STA-1656] /home/ubuntu/GitHub/sky130-trng/.loom/worktrees/issue-236/sim/digital-electrical-repair/requests/.klt/place-and-route/trng_digital_route.spef line 195385, pin bus_rdata_r[10] not found.
[WARNING STA-1656] /home/ubuntu/GitHub/sky130-trng/.loom/worktrees/issue-236/sim/digital-electrical-repair/requests/.klt/place-and-route/trng_digital_route.spef line 195386, pin bus_rdata_r[12] not found.
[WARNING STA-1656] /home/ubuntu/GitHub/sky130-trng/.loom/worktrees/issue-236/sim/digital-electrical-repair/requests/.klt/place-and-route/trng_digital_route.spef line 195387, pin bus_rdata_r[13] not found.
[WARNING STA-1656] /home/ubuntu/GitHub/sky130-trng/.loom/worktrees/issue-236/sim/digital-electrical-repair/requests/.klt/place-and-route/trng_digital_route.spef line 195388, pin bus_rdata_r[14] not found.
[WARNING STA-1656] /home/ubuntu/GitHub/sky130-trng/.loom/worktrees/issue-236/sim/digital-electrical-repair/requests/.klt/place-and-route/trng_digital_route.spef line 195389, pin bus_rdata_r[15] not found.
[WARNING STA-1656] /home/ubuntu/GitHub/sky130-trng/.loom/worktrees/issue-236/sim/digital-electrical-repair/requests/.klt/place-and-route/trng_digital_route.spef line 195390, pin bus_rdata_r[18] not found.
[WARNING STA-1656] /home/ubuntu/GitHub/sky130-trng/.loom/worktrees/issue-236/sim/digital-electrical-repair/requests/.klt/place-and-route/trng_digital_route.spef line 195391, pin bus_rdata_r[22] not found.
[WARNING STA-1656] /home/ubuntu/GitHub/sky130-trng/.loom/worktrees/issue-236/sim/digital-electrical-repair/requests/.klt/place-and-route/trng_digital_route.spef line 195392, pin bus_rdata_r[26] not found.
[WARNING STA-1656] /home/ubuntu/GitHub/sky130-trng/.loom/worktrees/issue-236/sim/digital-electrical-repair/requests/.klt/place-and-route/trng_digital_route.spef line 195393, pin bus_rdata_r[3] not found.
[WARNING STA-1656] /home/ubuntu/GitHub/sky130-trng/.loom/worktrees/issue-236/sim/digital-electrical-repair/requests/.klt/place-and-route/trng_digital_route.spef line 195394, pin bus_rdata_r[4] not found.
[WARNING STA-1656] /home/ubuntu/GitHub/sky130-trng/.loom/worktrees/issue-236/sim/digital-electrical-repair/requests/.klt/place-and-route/trng_digital_route.spef line 195395, pin bus_rdata_r[7] not found.
[WARNING STA-1656] /home/ubuntu/GitHub/sky130-trng/.loom/worktrees/issue-236/sim/digital-electrical-repair/requests/.klt/place-and-route/trng_digital_route.spef line 195396, pin bus_rdata_r[8] not found.
[WARNING STA-1656] /home/ubuntu/GitHub/sky130-trng/.loom/worktrees/issue-236/sim/digital-electrical-repair/requests/.klt/place-and-route/trng_digital_route.spef line 195397, pin bus_rdata_r[9] not found.
[WARNING STA-1656] /home/ubuntu/GitHub/sky130-trng/.loom/worktrees/issue-236/sim/digital-electrical-repair/requests/.klt/place-and-route/trng_digital_route.spef line 195481, pin bus_rdata_r[17] not found.
[WARNING STA-1656] /home/ubuntu/GitHub/sky130-trng/.loom/worktrees/issue-236/sim/digital-electrical-repair/requests/.klt/place-and-route/trng_digital_route.spef line 195482, pin bus_rdata_r[3] not found.
[WARNING STA-1656] /home/ubuntu/GitHub/sky130-trng/.loom/worktrees/issue-236/sim/digital-electrical-repair/requests/.klt/place-and-route/trng_digital_route.spef line 195528, pin bus_rdata_r[15] not found.
[WARNING STA-1656] /home/ubuntu/GitHub/sky130-trng/.loom/worktrees/issue-236/sim/digital-electrical-repair/requests/.klt/place-and-route/trng_digital_route.spef line 195529, pin bus_rdata_r[7] not found.
[WARNING STA-1656] /home/ubuntu/GitHub/sky130-trng/.loom/worktrees/issue-236/sim/digital-electrical-repair/requests/.klt/place-and-route/trng_digital_route.spef line 195530, pin bus_rdata_r[9] not found.
[WARNING STA-1656] /home/ubuntu/GitHub/sky130-trng/.loom/worktrees/issue-236/sim/digital-electrical-repair/requests/.klt/place-and-route/trng_digital_route.spef line 195578, pin bus_rdata_r[12] not found.
[WARNING STA-1656] /home/ubuntu/GitHub/sky130-trng/.loom/worktrees/issue-236/sim/digital-electrical-repair/requests/.klt/place-and-route/trng_digital_route.spef line 195579, pin bus_rdata_r[9] not found.
[WARNING STA-1656] /home/ubuntu/GitHub/sky130-trng/.loom/worktrees/issue-236/sim/digital-electrical-repair/requests/.klt/place-and-route/trng_digital_route.spef line 195604, pin bus_rdata_r[3] not found.
[WARNING STA-1656] /home/ubuntu/GitHub/sky130-trng/.loom/worktrees/issue-236/sim/digital-electrical-repair/requests/.klt/place-and-route/trng_digital_route.spef line 195605, pin bus_rdata_r[7] not found.
[WARNING STA-1656] /home/ubuntu/GitHub/sky130-trng/.loom/worktrees/issue-236/sim/digital-electrical-repair/requests/.klt/place-and-route/trng_digital_route.spef line 195674, pin bus_rdata_r[8] not found.
[WARNING STA-1656] /home/ubuntu/GitHub/sky130-trng/.loom/worktrees/issue-236/sim/digital-electrical-repair/requests/.klt/place-and-route/trng_digital_route.spef line 195694, pin bus_rdata_r[17] not found.
[WARNING STA-1656] /home/ubuntu/GitHub/sky130-trng/.loom/worktrees/issue-236/sim/digital-electrical-repair/requests/.klt/place-and-route/trng_digital_route.spef line 195695, pin bus_rdata_r[7] not found.
[WARNING STA-1656] /home/ubuntu/GitHub/sky130-trng/.loom/worktrees/issue-236/sim/digital-electrical-repair/requests/.klt/place-and-route/trng_digital_route.spef line 195722, pin bus_rdata_r[16] not found.
[WARNING STA-1656] /home/ubuntu/GitHub/sky130-trng/.loom/worktrees/issue-236/sim/digital-electrical-repair/requests/.klt/place-and-route/trng_digital_route.spef line 195723, pin bus_rdata_r[6] not found.
[WARNING STA-1656] /home/ubuntu/GitHub/sky130-trng/.loom/worktrees/issue-236/sim/digital-electrical-repair/requests/.klt/place-and-route/trng_digital_route.spef line 195771, pin bus_rdata_r[16] not found.
[WARNING STA-1656] /home/ubuntu/GitHub/sky130-trng/.loom/worktrees/issue-236/sim/digital-electrical-repair/requests/.klt/place-and-route/trng_digital_route.spef line 195795, pin bus_rdata_r[3] not found.
[WARNING STA-1656] /home/ubuntu/GitHub/sky130-trng/.loom/worktrees/issue-236/sim/digital-electrical-repair/requests/.klt/place-and-route/trng_digital_route.spef line 195796, pin bus_rdata_r[7] not found.
[WARNING STA-1656] /home/ubuntu/GitHub/sky130-trng/.loom/worktrees/issue-236/sim/digital-electrical-repair/requests/.klt/place-and-route/trng_digital_route.spef line 195840, pin bus_rdata_r[12] not found.
[WARNING STA-1656] /home/ubuntu/GitHub/sky130-trng/.loom/worktrees/issue-236/sim/digital-electrical-repair/requests/.klt/place-and-route/trng_digital_route.spef line 195841, pin bus_rdata_r[13] not found.
[WARNING STA-1656] /home/ubuntu/GitHub/sky130-trng/.loom/worktrees/issue-236/sim/digital-electrical-repair/requests/.klt/place-and-route/trng_digital_route.spef line 195842, pin bus_rdata_r[15] not found.
[WARNING STA-1656] /home/ubuntu/GitHub/sky130-trng/.loom/worktrees/issue-236/sim/digital-electrical-repair/requests/.klt/place-and-route/trng_digital_route.spef line 195843, pin bus_rdata_r[23] not found.
[WARNING STA-1656] /home/ubuntu/GitHub/sky130-trng/.loom/worktrees/issue-236/sim/digital-electrical-repair/requests/.klt/place-and-route/trng_digital_route.spef line 195844, pin bus_rdata_r[3] not found.
[WARNING STA-1656] /home/ubuntu/GitHub/sky130-trng/.loom/worktrees/issue-236/sim/digital-electrical-repair/requests/.klt/place-and-route/trng_digital_route.spef line 195845, pin bus_rdata_r[7] not found.
[WARNING STA-1656] /home/ubuntu/GitHub/sky130-trng/.loom/worktrees/issue-236/sim/digital-electrical-repair/requests/.klt/place-and-route/trng_digital_route.spef line 195846, pin bus_rdata_r[8] not found.
[WARNING STA-1656] /home/ubuntu/GitHub/sky130-trng/.loom/worktrees/issue-236/sim/digital-electrical-repair/requests/.klt/place-and-route/trng_digital_route.spef line 195847, pin bus_rdata_r[9] not found.
[WARNING STA-1656] /home/ubuntu/GitHub/sky130-trng/.loom/worktrees/issue-236/sim/digital-electrical-repair/requests/.klt/place-and-route/trng_digital_route.spef line 195889, pin bus_rdata_r[23] not found.
[WARNING STA-1656] /home/ubuntu/GitHub/sky130-trng/.loom/worktrees/issue-236/sim/digital-electrical-repair/requests/.klt/place-and-route/trng_digital_route.spef line 195890, pin bus_rdata_r[5] not found.
[WARNING STA-1656] /home/ubuntu/GitHub/sky130-trng/.loom/worktrees/issue-236/sim/digital-electrical-repair/requests/.klt/place-and-route/trng_digital_route.spef line 195958, pin bus_rdata_r[3] not found.
[WARNING STA-1656] /home/ubuntu/GitHub/sky130-trng/.loom/worktrees/issue-236/sim/digital-electrical-repair/requests/.klt/place-and-route/trng_digital_route.spef line 195959, pin bus_rdata_r[4] not found.
[WARNING STA-1656] /home/ubuntu/GitHub/sky130-trng/.loom/worktrees/issue-236/sim/digital-electrical-repair/requests/.klt/place-and-route/trng_digital_route.spef line 195960, pin bus_rdata_r[7] not found.
[WARNING STA-1656] /home/ubuntu/GitHub/sky130-trng/.loom/worktrees/issue-236/sim/digital-electrical-repair/requests/.klt/place-and-route/trng_digital_route.spef line 195961, pin bus_rdata_r[8] not found.
[WARNING STA-1656] /home/ubuntu/GitHub/sky130-trng/.loom/worktrees/issue-236/sim/digital-electrical-repair/requests/.klt/place-and-route/trng_digital_route.spef line 195991, pin bus_rdata_r[4] not found.
[WARNING STA-1656] /home/ubuntu/GitHub/sky130-trng/.loom/worktrees/issue-236/sim/digital-electrical-repair/requests/.klt/place-and-route/trng_digital_route.spef line 195992, pin bus_rdata_r[8] not found.
[WARNING STA-1656] /home/ubuntu/GitHub/sky130-trng/.loom/worktrees/issue-236/sim/digital-electrical-repair/requests/.klt/place-and-route/trng_digital_route.spef line 196015, pin bus_rdata_r[4] not found.
[WARNING STA-1656] /home/ubuntu/GitHub/sky130-trng/.loom/worktrees/issue-236/sim/digital-electrical-repair/requests/.klt/place-and-route/trng_digital_route.spef line 196016, pin bus_rdata_r[8] not found.
[WARNING STA-1656] /home/ubuntu/GitHub/sky130-trng/.loom/worktrees/issue-236/sim/digital-electrical-repair/requests/.klt/place-and-route/trng_digital_route.spef line 196040, pin bus_rdata_r[17] not found.
[WARNING STA-1656] /home/ubuntu/GitHub/sky130-trng/.loom/worktrees/issue-236/sim/digital-electrical-repair/requests/.klt/place-and-route/trng_digital_route.spef line 196041, pin bus_rdata_r[3] not found.
[WARNING STA-1656] /home/ubuntu/GitHub/sky130-trng/.loom/worktrees/issue-236/sim/digital-electrical-repair/requests/.klt/place-and-route/trng_digital_route.spef line 196130, pin bus_rdata_r[2] not found.
[WARNING STA-1656] /home/ubuntu/GitHub/sky130-trng/.loom/worktrees/issue-236/sim/digital-electrical-repair/requests/.klt/place-and-route/trng_digital_route.spef line 196174, pin bus_rdata_r[15] not found.
[WARNING STA-1656] /home/ubuntu/GitHub/sky130-trng/.loom/worktrees/issue-236/sim/digital-electrical-repair/requests/.klt/place-and-route/trng_digital_route.spef line 196175, pin bus_rdata_r[8] not found.
[WARNING STA-1656] /home/ubuntu/GitHub/sky130-trng/.loom/worktrees/issue-236/sim/digital-electrical-repair/requests/.klt/place-and-route/trng_digital_route.spef line 196205, pin bus_rdata_r[16] not found.
[WARNING STA-1656] /home/ubuntu/GitHub/sky130-trng/.loom/worktrees/issue-236/sim/digital-electrical-repair/requests/.klt/place-and-route/trng_digital_route.spef line 196255, pin bus_rdata_r[15] not found.
[WARNING STA-1656] /home/ubuntu/GitHub/sky130-trng/.loom/worktrees/issue-236/sim/digital-electrical-repair/requests/.klt/place-and-route/trng_digital_route.spef line 196256, pin bus_rdata_r[16] not found.
[WARNING STA-1656] /home/ubuntu/GitHub/sky130-trng/.loom/worktrees/issue-236/sim/digital-electrical-repair/requests/.klt/place-and-route/trng_digital_route.spef line 196257, pin bus_rdata_r[3] not found.
[WARNING STA-1656] /home/ubuntu/GitHub/sky130-trng/.loom/worktrees/issue-236/sim/digital-electrical-repair/requests/.klt/place-and-route/trng_digital_route.spef line 196258, pin bus_rdata_r[6] not found.
[WARNING STA-1656] /home/ubuntu/GitHub/sky130-trng/.loom/worktrees/issue-236/sim/digital-electrical-repair/requests/.klt/place-and-route/trng_digital_route.spef line 196259, pin bus_rdata_r[7] not found.
[WARNING STA-1656] /home/ubuntu/GitHub/sky130-trng/.loom/worktrees/issue-236/sim/digital-electrical-repair/requests/.klt/place-and-route/trng_digital_route.spef line 196260, pin bus_rdata_r[8] not found.
[WARNING STA-1656] /home/ubuntu/GitHub/sky130-trng/.loom/worktrees/issue-236/sim/digital-electrical-repair/requests/.klt/place-and-route/trng_digital_route.spef line 196298, pin bus_rdata_r[1] not found.
[WARNING STA-1656] /home/ubuntu/GitHub/sky130-trng/.loom/worktrees/issue-236/sim/digital-electrical-repair/requests/.klt/place-and-route/trng_digital_route.spef line 196358, pin bus_rdata_r[16] not found.
[WARNING STA-1656] /home/ubuntu/GitHub/sky130-trng/.loom/worktrees/issue-236/sim/digital-electrical-repair/requests/.klt/place-and-route/trng_digital_route.spef line 196359, pin bus_rdata_r[3] not found.
[WARNING STA-1656] /home/ubuntu/GitHub/sky130-trng/.loom/worktrees/issue-236/sim/digital-electrical-repair/requests/.klt/place-and-route/trng_digital_route.spef line 196360, pin bus_rdata_r[7] not found.
[WARNING STA-1656] /home/ubuntu/GitHub/sky130-trng/.loom/worktrees/issue-236/sim/digital-electrical-repair/requests/.klt/place-and-route/trng_digital_route.spef line 196389, pin bus_rdata_r[0] not found.
[WARNING STA-1656] /home/ubuntu/GitHub/sky130-trng/.loom/worktrees/issue-236/sim/digital-electrical-repair/requests/.klt/place-and-route/trng_digital_route.spef line 196390, pin bus_rdata_r[12] not found.
[WARNING STA-1656] /home/ubuntu/GitHub/sky130-trng/.loom/worktrees/issue-236/sim/digital-electrical-repair/requests/.klt/place-and-route/trng_digital_route.spef line 196391, pin bus_rdata_r[13] not found.
[WARNING STA-1656] /home/ubuntu/GitHub/sky130-trng/.loom/worktrees/issue-236/sim/digital-electrical-repair/requests/.klt/place-and-route/trng_digital_route.spef line 196392, pin bus_rdata_r[14] not found.
[WARNING STA-1656] /home/ubuntu/GitHub/sky130-trng/.loom/worktrees/issue-236/sim/digital-electrical-repair/requests/.klt/place-and-route/trng_digital_route.spef line 196393, pin bus_rdata_r[15] not found.
[WARNING STA-1656] /home/ubuntu/GitHub/sky130-trng/.loom/worktrees/issue-236/sim/digital-electrical-repair/requests/.klt/place-and-route/trng_digital_route.spef line 196394, pin bus_rdata_r[1] not found.
[WARNING STA-1656] /home/ubuntu/GitHub/sky130-trng/.loom/worktrees/issue-236/sim/digital-electrical-repair/requests/.klt/place-and-route/trng_digital_route.spef line 196921, pin startup_done438 not found.
[WARNING STA-1656] /home/ubuntu/GitHub/sky130-trng/.loom/worktrees/issue-236/sim/digital-electrical-repair/requests/.klt/place-and-route/trng_digital_route.spef line 197094, pin bus_rdata_r[17] not found.
[WARNING STA-1656] /home/ubuntu/GitHub/sky130-trng/.loom/worktrees/issue-236/sim/digital-electrical-repair/requests/.klt/place-and-route/trng_digital_route.spef line 197099, pin startup_done438 not found.
[WARNING STA-1656] /home/ubuntu/GitHub/sky130-trng/.loom/worktrees/issue-236/sim/digital-electrical-repair/requests/.klt/place-and-route/trng_digital_route.spef line 197121, pin bus_rdata_r[17] not found.
[WARNING STA-1656] /home/ubuntu/GitHub/sky130-trng/.loom/worktrees/issue-236/sim/digital-electrical-repair/requests/.klt/place-and-route/trng_digital_route.spef line 197126, pin startup_done438 not found.
[WARNING STA-1656] /home/ubuntu/GitHub/sky130-trng/.loom/worktrees/issue-236/sim/digital-electrical-repair/requests/.klt/place-and-route/trng_digital_route.spef line 197146, pin bus_rdata_r[17] not found.
[WARNING STA-1656] /home/ubuntu/GitHub/sky130-trng/.loom/worktrees/issue-236/sim/digital-electrical-repair/requests/.klt/place-and-route/trng_digital_route.spef line 197150, pin startup_done438 not found.
[WARNING STA-1656] /home/ubuntu/GitHub/sky130-trng/.loom/worktrees/issue-236/sim/digital-electrical-repair/requests/.klt/place-and-route/trng_digital_route.spef line 198368, pin bus_rdata_r[16] not found.
[WARNING STA-1656] /home/ubuntu/GitHub/sky130-trng/.loom/worktrees/issue-236/sim/digital-electrical-repair/requests/.klt/place-and-route/trng_digital_route.spef line 198369, pin bus_rdata_r[2] not found.
[WARNING STA-1656] /home/ubuntu/GitHub/sky130-trng/.loom/worktrees/issue-236/sim/digital-electrical-repair/requests/.klt/place-and-route/trng_digital_route.spef line 198370, pin bus_rdata_r[30] not found.
[WARNING STA-1656] /home/ubuntu/GitHub/sky130-trng/.loom/worktrees/issue-236/sim/digital-electrical-repair/requests/.klt/place-and-route/trng_digital_route.spef line 198371, pin bus_rdata_r[3] not found.
[WARNING STA-1656] /home/ubuntu/GitHub/sky130-trng/.loom/worktrees/issue-236/sim/digital-electrical-repair/requests/.klt/place-and-route/trng_digital_route.spef line 198372, pin bus_rdata_r[6] not found.
[WARNING STA-1656] /home/ubuntu/GitHub/sky130-trng/.loom/worktrees/issue-236/sim/digital-electrical-repair/requests/.klt/place-and-route/trng_digital_route.spef line 198432, pin bus_rdata_r[19] not found.
[WARNING STA-1656] /home/ubuntu/GitHub/sky130-trng/.loom/worktrees/issue-236/sim/digital-electrical-repair/requests/.klt/place-and-route/trng_digital_route.spef line 198433, pin bus_rdata_r[25] not found.
[WARNING STA-1656] /home/ubuntu/GitHub/sky130-trng/.loom/worktrees/issue-236/sim/digital-electrical-repair/requests/.klt/place-and-route/trng_digital_route.spef line 198434, pin bus_rdata_r[3] not found.
[WARNING STA-1656] /home/ubuntu/GitHub/sky130-trng/.loom/worktrees/issue-236/sim/digital-electrical-repair/requests/.klt/place-and-route/trng_digital_route.spef line 198490, pin bus_rdata_r[15] not found.
[WARNING STA-1656] /home/ubuntu/GitHub/sky130-trng/.loom/worktrees/issue-236/sim/digital-electrical-repair/requests/.klt/place-and-route/trng_digital_route.spef line 198491, pin bus_rdata_r[16] not found.
[WARNING STA-1656] /home/ubuntu/GitHub/sky130-trng/.loom/worktrees/issue-236/sim/digital-electrical-repair/requests/.klt/place-and-route/trng_digital_route.spef line 198492, pin bus_rdata_r[26] not found.
[WARNING STA-1656] /home/ubuntu/GitHub/sky130-trng/.loom/worktrees/issue-236/sim/digital-electrical-repair/requests/.klt/place-and-route/trng_digital_route.spef line 198493, pin bus_rdata_r[3] not found.
[WARNING STA-1656] /home/ubuntu/GitHub/sky130-trng/.loom/worktrees/issue-236/sim/digital-electrical-repair/requests/.klt/place-and-route/trng_digital_route.spef line 198494, pin bus_rdata_r[4] not found.
[WARNING STA-1656] /home/ubuntu/GitHub/sky130-trng/.loom/worktrees/issue-236/sim/digital-electrical-repair/requests/.klt/place-and-route/trng_digital_route.spef line 198495, pin bus_rdata_r[6] not found.
[WARNING STA-1656] /home/ubuntu/GitHub/sky130-trng/.loom/worktrees/issue-236/sim/digital-electrical-repair/requests/.klt/place-and-route/trng_digital_route.spef line 198496, pin bus_rdata_r[7] not found.
[WARNING STA-1656] /home/ubuntu/GitHub/sky130-trng/.loom/worktrees/issue-236/sim/digital-electrical-repair/requests/.klt/place-and-route/trng_digital_route.spef line 198497, pin bus_rdata_r[8] not found.
[WARNING STA-1656] /home/ubuntu/GitHub/sky130-trng/.loom/worktrees/issue-236/sim/digital-electrical-repair/requests/.klt/place-and-route/trng_digital_route.spef line 198576, pin bus_rdata_r[22] not found.
[WARNING STA-1656] /home/ubuntu/GitHub/sky130-trng/.loom/worktrees/issue-236/sim/digital-electrical-repair/requests/.klt/place-and-route/trng_digital_route.spef line 198577, pin bus_rdata_r[26] not found.
[WARNING STA-1656] /home/ubuntu/GitHub/sky130-trng/.loom/worktrees/issue-236/sim/digital-electrical-repair/requests/.klt/place-and-route/trng_digital_route.spef line 198578, pin bus_rdata_r[3] not found.
[WARNING STA-1656] /home/ubuntu/GitHub/sky130-trng/.loom/worktrees/issue-236/sim/digital-electrical-repair/requests/.klt/place-and-route/trng_digital_route.spef line 198579, pin bus_rdata_r[4] not found.
[WARNING STA-1656] /home/ubuntu/GitHub/sky130-trng/.loom/worktrees/issue-236/sim/digital-electrical-repair/requests/.klt/place-and-route/trng_digital_route.spef line 198580, pin bus_rdata_r[7] not found.
[WARNING STA-1656] /home/ubuntu/GitHub/sky130-trng/.loom/worktrees/issue-236/sim/digital-electrical-repair/requests/.klt/place-and-route/trng_digital_route.spef line 198581, pin bus_rdata_r[8] not found.
[WARNING STA-1656] /home/ubuntu/GitHub/sky130-trng/.loom/worktrees/issue-236/sim/digital-electrical-repair/requests/.klt/place-and-route/trng_digital_route.spef line 198643, pin bus_rdata_r[0] not found.
[WARNING STA-1656] /home/ubuntu/GitHub/sky130-trng/.loom/worktrees/issue-236/sim/digital-electrical-repair/requests/.klt/place-and-route/trng_digital_route.spef line 198644, pin bus_rdata_r[0] not found.
[WARNING STA-1656] /home/ubuntu/GitHub/sky130-trng/.loom/worktrees/issue-236/sim/digital-electrical-repair/requests/.klt/place-and-route/trng_digital_route.spef line 198644, pin bus_rdata_r[10] not found.
[WARNING STA-1656] /home/ubuntu/GitHub/sky130-trng/.loom/worktrees/issue-236/sim/digital-electrical-repair/requests/.klt/place-and-route/trng_digital_route.spef line 198645, pin bus_rdata_r[0] not found.
[WARNING STA-1656] /home/ubuntu/GitHub/sky130-trng/.loom/worktrees/issue-236/sim/digital-electrical-repair/requests/.klt/place-and-route/trng_digital_route.spef line 198645, pin bus_rdata_r[12] not found.
[WARNING STA-1656] /home/ubuntu/GitHub/sky130-trng/.loom/worktrees/issue-236/sim/digital-electrical-repair/requests/.klt/place-and-route/trng_digital_route.spef line 198646, pin bus_rdata_r[0] not found.
[WARNING STA-1656] /home/ubuntu/GitHub/sky130-trng/.loom/worktrees/issue-236/sim/digital-electrical-repair/requests/.klt/place-and-route/trng_digital_route.spef line 198646, pin bus_rdata_r[13] not found.
[WARNING STA-1656] /home/ubuntu/GitHub/sky130-trng/.loom/worktrees/issue-236/sim/digital-electrical-repair/requests/.klt/place-and-route/trng_digital_route.spef line 198647, pin bus_rdata_r[0] not found.
[WARNING STA-1656] /home/ubuntu/GitHub/sky130-trng/.loom/worktrees/issue-236/sim/digital-electrical-repair/requests/.klt/place-and-route/trng_digital_route.spef line 198647, pin bus_rdata_r[14] not found.
[WARNING STA-1656] /home/ubuntu/GitHub/sky130-trng/.loom/worktrees/issue-236/sim/digital-electrical-repair/requests/.klt/place-and-route/trng_digital_route.spef line 198648, pin bus_rdata_r[0] not found.
[WARNING STA-1656] /home/ubuntu/GitHub/sky130-trng/.loom/worktrees/issue-236/sim/digital-electrical-repair/requests/.klt/place-and-route/trng_digital_route.spef line 198649, pin bus_rdata_r[0] not found.
[WARNING STA-1656] /home/ubuntu/GitHub/sky130-trng/.loom/worktrees/issue-236/sim/digital-electrical-repair/requests/.klt/place-and-route/trng_digital_route.spef line 198650, pin bus_rdata_r[0] not found.
[WARNING STA-1656] /home/ubuntu/GitHub/sky130-trng/.loom/worktrees/issue-236/sim/digital-electrical-repair/requests/.klt/place-and-route/trng_digital_route.spef line 198651, pin bus_rdata_r[0] not found.
[WARNING STA-1656] /home/ubuntu/GitHub/sky130-trng/.loom/worktrees/issue-236/sim/digital-electrical-repair/requests/.klt/place-and-route/trng_digital_route.spef line 198652, pin bus_rdata_r[0] not found.
[WARNING STA-1656] /home/ubuntu/GitHub/sky130-trng/.loom/worktrees/issue-236/sim/digital-electrical-repair/requests/.klt/place-and-route/trng_digital_route.spef line 198653, pin bus_rdata_r[0] not found.
[WARNING STA-1656] /home/ubuntu/GitHub/sky130-trng/.loom/worktrees/issue-236/sim/digital-electrical-repair/requests/.klt/place-and-route/trng_digital_route.spef line 198654, pin bus_rdata_r[0] not found.
[WARNING STA-1656] /home/ubuntu/GitHub/sky130-trng/.loom/worktrees/issue-236/sim/digital-electrical-repair/requests/.klt/place-and-route/trng_digital_route.spef line 198655, pin bus_rdata_r[0] not found.
[WARNING STA-1656] /home/ubuntu/GitHub/sky130-trng/.loom/worktrees/issue-236/sim/digital-electrical-repair/requests/.klt/place-and-route/trng_digital_route.spef line 198657, pin bus_rdata_r[0] not found.
[WARNING STA-1656] /home/ubuntu/GitHub/sky130-trng/.loom/worktrees/issue-236/sim/digital-electrical-repair/requests/.klt/place-and-route/trng_digital_route.spef line 198658, pin bus_rdata_r[0] not found.
[WARNING STA-1656] /home/ubuntu/GitHub/sky130-trng/.loom/worktrees/issue-236/sim/digital-electrical-repair/requests/.klt/place-and-route/trng_digital_route.spef line 198659, pin bus_rdata_r[0] not found.
[WARNING STA-1656] /home/ubuntu/GitHub/sky130-trng/.loom/worktrees/issue-236/sim/digital-electrical-repair/requests/.klt/place-and-route/trng_digital_route.spef line 198660, pin bus_rdata_r[0] not found.
[WARNING STA-1656] /home/ubuntu/GitHub/sky130-trng/.loom/worktrees/issue-236/sim/digital-electrical-repair/requests/.klt/place-and-route/trng_digital_route.spef line 198661, pin bus_rdata_r[0] not found.
[WARNING STA-1656] /home/ubuntu/GitHub/sky130-trng/.loom/worktrees/issue-236/sim/digital-electrical-repair/requests/.klt/place-and-route/trng_digital_route.spef line 198662, pin bus_rdata_r[0] not found.
[WARNING STA-1656] /home/ubuntu/GitHub/sky130-trng/.loom/worktrees/issue-236/sim/digital-electrical-repair/requests/.klt/place-and-route/trng_digital_route.spef line 198671, pin bus_rdata_r[10] not found.
[WARNING STA-1656] /home/ubuntu/GitHub/sky130-trng/.loom/worktrees/issue-236/sim/digital-electrical-repair/requests/.klt/place-and-route/trng_digital_route.spef line 198672, pin bus_rdata_r[10] not found.
[WARNING STA-1656] /home/ubuntu/GitHub/sky130-trng/.loom/worktrees/issue-236/sim/digital-electrical-repair/requests/.klt/place-and-route/trng_digital_route.spef line 198672, pin bus_rdata_r[12] not found.
[WARNING STA-1656] /home/ubuntu/GitHub/sky130-trng/.loom/worktrees/issue-236/sim/digital-electrical-repair/requests/.klt/place-and-route/trng_digital_route.spef line 198673, pin bus_rdata_r[10] not found.
[WARNING STA-1656] /home/ubuntu/GitHub/sky130-trng/.loom/worktrees/issue-236/sim/digital-electrical-repair/requests/.klt/place-and-route/trng_digital_route.spef line 198673, pin bus_rdata_r[13] not found.
[WARNING STA-1656] /home/ubuntu/GitHub/sky130-trng/.loom/worktrees/issue-236/sim/digital-electrical-repair/requests/.klt/place-and-route/trng_digital_route.spef line 198674, pin bus_rdata_r[10] not found.
[WARNING STA-1656] /home/ubuntu/GitHub/sky130-trng/.loom/worktrees/issue-236/sim/digital-electrical-repair/requests/.klt/place-and-route/trng_digital_route.spef line 198674, pin bus_rdata_r[14] not found.
[WARNING STA-1656] /home/ubuntu/GitHub/sky130-trng/.loom/worktrees/issue-236/sim/digital-electrical-repair/requests/.klt/place-and-route/trng_digital_route.spef line 198675, pin bus_rdata_r[10] not found.
[WARNING STA-1656] /home/ubuntu/GitHub/sky130-trng/.loom/worktrees/issue-236/sim/digital-electrical-repair/requests/.klt/place-and-route/trng_digital_route.spef line 198675, pin bus_rdata_r[18] not found.
[WARNING STA-1656] /home/ubuntu/GitHub/sky130-trng/.loom/worktrees/issue-236/sim/digital-electrical-repair/requests/.klt/place-and-route/trng_digital_route.spef line 198676, pin bus_rdata_r[10] not found.
[WARNING STA-1656] /home/ubuntu/GitHub/sky130-trng/.loom/worktrees/issue-236/sim/digital-electrical-repair/requests/.klt/place-and-route/trng_digital_route.spef line 198676, pin bus_rdata_r[9] not found.
[WARNING STA-1656] /home/ubuntu/GitHub/sky130-trng/.loom/worktrees/issue-236/sim/digital-electrical-repair/requests/.klt/place-and-route/trng_digital_route.spef line 198677, pin bus_rdata_r[10] not found.
[WARNING STA-1656] /home/ubuntu/GitHub/sky130-trng/.loom/worktrees/issue-236/sim/digital-electrical-repair/requests/.klt/place-and-route/trng_digital_route.spef line 198678, pin bus_rdata_r[10] not found.
[WARNING STA-1656] /home/ubuntu/GitHub/sky130-trng/.loom/worktrees/issue-236/sim/digital-electrical-repair/requests/.klt/place-and-route/trng_digital_route.spef line 198679, pin bus_rdata_r[10] not found.
[WARNING STA-1656] /home/ubuntu/GitHub/sky130-trng/.loom/worktrees/issue-236/sim/digital-electrical-repair/requests/.klt/place-and-route/trng_digital_route.spef line 198680, pin bus_rdata_r[10] not found.
[WARNING STA-1656] /home/ubuntu/GitHub/sky130-trng/.loom/worktrees/issue-236/sim/digital-electrical-repair/requests/.klt/place-and-route/trng_digital_route.spef line 198681, pin bus_rdata_r[10] not found.
[WARNING STA-1656] /home/ubuntu/GitHub/sky130-trng/.loom/worktrees/issue-236/sim/digital-electrical-repair/requests/.klt/place-and-route/trng_digital_route.spef line 198682, pin bus_rdata_r[10] not found.
[WARNING STA-1656] /home/ubuntu/GitHub/sky130-trng/.loom/worktrees/issue-236/sim/digital-electrical-repair/requests/.klt/place-and-route/trng_digital_route.spef line 198683, pin bus_rdata_r[10] not found.
[WARNING STA-1656] /home/ubuntu/GitHub/sky130-trng/.loom/worktrees/issue-236/sim/digital-electrical-repair/requests/.klt/place-and-route/trng_digital_route.spef line 198684, pin bus_rdata_r[10] not found.
[WARNING STA-1656] /home/ubuntu/GitHub/sky130-trng/.loom/worktrees/issue-236/sim/digital-electrical-repair/requests/.klt/place-and-route/trng_digital_route.spef line 198686, pin bus_rdata_r[10] not found.
[WARNING STA-1656] /home/ubuntu/GitHub/sky130-trng/.loom/worktrees/issue-236/sim/digital-electrical-repair/requests/.klt/place-and-route/trng_digital_route.spef line 198687, pin bus_rdata_r[10] not found.
[WARNING STA-1656] /home/ubuntu/GitHub/sky130-trng/.loom/worktrees/issue-236/sim/digital-electrical-repair/requests/.klt/place-and-route/trng_digital_route.spef line 198688, pin bus_rdata_r[10] not found.
[WARNING STA-1656] /home/ubuntu/GitHub/sky130-trng/.loom/worktrees/issue-236/sim/digital-electrical-repair/requests/.klt/place-and-route/trng_digital_route.spef line 198689, pin bus_rdata_r[10] not found.
[WARNING STA-1656] /home/ubuntu/GitHub/sky130-trng/.loom/worktrees/issue-236/sim/digital-electrical-repair/requests/.klt/place-and-route/trng_digital_route.spef line 198690, pin bus_rdata_r[10] not found.
[WARNING STA-1656] /home/ubuntu/GitHub/sky130-trng/.loom/worktrees/issue-236/sim/digital-electrical-repair/requests/.klt/place-and-route/trng_digital_route.spef line 198691, pin bus_rdata_r[10] not found.
[WARNING STA-1656] /home/ubuntu/GitHub/sky130-trng/.loom/worktrees/issue-236/sim/digital-electrical-repair/requests/.klt/place-and-route/trng_digital_route.spef line 198700, pin bus_rdata_r[11] not found.
[WARNING STA-1656] /home/ubuntu/GitHub/sky130-trng/.loom/worktrees/issue-236/sim/digital-electrical-repair/requests/.klt/place-and-route/trng_digital_route.spef line 198701, pin bus_rdata_r[11] not found.
[WARNING STA-1656] /home/ubuntu/GitHub/sky130-trng/.loom/worktrees/issue-236/sim/digital-electrical-repair/requests/.klt/place-and-route/trng_digital_route.spef line 198701, pin bus_rdata_r[19] not found.
[WARNING STA-1656] /home/ubuntu/GitHub/sky130-trng/.loom/worktrees/issue-236/sim/digital-electrical-repair/requests/.klt/place-and-route/trng_digital_route.spef line 198702, pin bus_rdata_r[11] not found.
[WARNING STA-1656] /home/ubuntu/GitHub/sky130-trng/.loom/worktrees/issue-236/sim/digital-electrical-repair/requests/.klt/place-and-route/trng_digital_route.spef line 198702, pin bus_rdata_r[6] not found.
[WARNING STA-1656] /home/ubuntu/GitHub/sky130-trng/.loom/worktrees/issue-236/sim/digital-electrical-repair/requests/.klt/place-and-route/trng_digital_route.spef line 198703, pin bus_rdata_r[11] not found.
[WARNING STA-1656] /home/ubuntu/GitHub/sky130-trng/.loom/worktrees/issue-236/sim/digital-electrical-repair/requests/.klt/place-and-route/trng_digital_route.spef line 198704, pin bus_rdata_r[11] not found.
[WARNING STA-1656] /home/ubuntu/GitHub/sky130-trng/.loom/worktrees/issue-236/sim/digital-electrical-repair/requests/.klt/place-and-route/trng_digital_route.spef line 198705, pin bus_rdata_r[11] not found.
[WARNING STA-1656] /home/ubuntu/GitHub/sky130-trng/.loom/worktrees/issue-236/sim/digital-electrical-repair/requests/.klt/place-and-route/trng_digital_route.spef line 198706, pin bus_rdata_r[11] not found.
[WARNING STA-1656] /home/ubuntu/GitHub/sky130-trng/.loom/worktrees/issue-236/sim/digital-electrical-repair/requests/.klt/place-and-route/trng_digital_route.spef line 198707, pin bus_rdata_r[11] not found.
[WARNING STA-1656] /home/ubuntu/GitHub/sky130-trng/.loom/worktrees/issue-236/sim/digital-electrical-repair/requests/.klt/place-and-route/trng_digital_route.spef line 198708, pin bus_rdata_r[11] not found.
[WARNING STA-1656] /home/ubuntu/GitHub/sky130-trng/.loom/worktrees/issue-236/sim/digital-electrical-repair/requests/.klt/place-and-route/trng_digital_route.spef line 198710, pin bus_rdata_r[11] not found.
[WARNING STA-1656] /home/ubuntu/GitHub/sky130-trng/.loom/worktrees/issue-236/sim/digital-electrical-repair/requests/.klt/place-and-route/trng_digital_route.spef line 198711, pin bus_rdata_r[11] not found.
[WARNING STA-1656] /home/ubuntu/GitHub/sky130-trng/.loom/worktrees/issue-236/sim/digital-electrical-repair/requests/.klt/place-and-route/trng_digital_route.spef line 198712, pin bus_rdata_r[11] not found.
[WARNING STA-1656] /home/ubuntu/GitHub/sky130-trng/.loom/worktrees/issue-236/sim/digital-electrical-repair/requests/.klt/place-and-route/trng_digital_route.spef line 198713, pin bus_rdata_r[11] not found.
[WARNING STA-1656] /home/ubuntu/GitHub/sky130-trng/.loom/worktrees/issue-236/sim/digital-electrical-repair/requests/.klt/place-and-route/trng_digital_route.spef line 198714, pin bus_rdata_r[11] not found.
[WARNING STA-1656] /home/ubuntu/GitHub/sky130-trng/.loom/worktrees/issue-236/sim/digital-electrical-repair/requests/.klt/place-and-route/trng_digital_route.spef line 198715, pin bus_rdata_r[11] not found.
[WARNING STA-1656] /home/ubuntu/GitHub/sky130-trng/.loom/worktrees/issue-236/sim/digital-electrical-repair/requests/.klt/place-and-route/trng_digital_route.spef line 198724, pin bus_rdata_r[12] not found.
[WARNING STA-1656] /home/ubuntu/GitHub/sky130-trng/.loom/worktrees/issue-236/sim/digital-electrical-repair/requests/.klt/place-and-route/trng_digital_route.spef line 198725, pin bus_rdata_r[12] not found.
[WARNING STA-1656] /home/ubuntu/GitHub/sky130-trng/.loom/worktrees/issue-236/sim/digital-electrical-repair/requests/.klt/place-and-route/trng_digital_route.spef line 198725, pin bus_rdata_r[13] not found.
[WARNING STA-1656] /home/ubuntu/GitHub/sky130-trng/.loom/worktrees/issue-236/sim/digital-electrical-repair/requests/.klt/place-and-route/trng_digital_route.spef line 198726, pin bus_rdata_r[12] not found.
[WARNING STA-1656] /home/ubuntu/GitHub/sky130-trng/.loom/worktrees/issue-236/sim/digital-electrical-repair/requests/.klt/place-and-route/trng_digital_route.spef line 198726, pin bus_rdata_r[14] not found.
[WARNING STA-1656] /home/ubuntu/GitHub/sky130-trng/.loom/worktrees/issue-236/sim/digital-electrical-repair/requests/.klt/place-and-route/trng_digital_route.spef line 198727, pin bus_rdata_r[12] not found.
[WARNING STA-1656] /home/ubuntu/GitHub/sky130-trng/.loom/worktrees/issue-236/sim/digital-electrical-repair/requests/.klt/place-and-route/trng_digital_route.spef line 198727, pin bus_rdata_r[1] not found.
[WARNING STA-1656] /home/ubuntu/GitHub/sky130-trng/.loom/worktrees/issue-236/sim/digital-electrical-repair/requests/.klt/place-and-route/trng_digital_route.spef line 198728, pin bus_rdata_r[12] not found.
[WARNING STA-1656] /home/ubuntu/GitHub/sky130-trng/.loom/worktrees/issue-236/sim/digital-electrical-repair/requests/.klt/place-and-route/trng_digital_route.spef line 198728, pin bus_rdata_r[9] not found.
[WARNING STA-1656] /home/ubuntu/GitHub/sky130-trng/.loom/worktrees/issue-236/sim/digital-electrical-repair/requests/.klt/place-and-route/trng_digital_route.spef line 198729, pin bus_rdata_r[12] not found.
[WARNING STA-1656] /home/ubuntu/GitHub/sky130-trng/.loom/worktrees/issue-236/sim/digital-electrical-repair/requests/.klt/place-and-route/trng_digital_route.spef line 198730, pin bus_rdata_r[12] not found.
[WARNING STA-1656] /home/ubuntu/GitHub/sky130-trng/.loom/worktrees/issue-236/sim/digital-electrical-repair/requests/.klt/place-and-route/trng_digital_route.spef line 198731, pin bus_rdata_r[12] not found.
[WARNING STA-1656] /home/ubuntu/GitHub/sky130-trng/.loom/worktrees/issue-236/sim/digital-electrical-repair/requests/.klt/place-and-route/trng_digital_route.spef line 198732, pin bus_rdata_r[12] not found.
[WARNING STA-1656] /home/ubuntu/GitHub/sky130-trng/.loom/worktrees/issue-236/sim/digital-electrical-repair/requests/.klt/place-and-route/trng_digital_route.spef line 198733, pin bus_rdata_r[12] not found.
[WARNING STA-1656] /home/ubuntu/GitHub/sky130-trng/.loom/worktrees/issue-236/sim/digital-electrical-repair/requests/.klt/place-and-route/trng_digital_route.spef line 198734, pin bus_rdata_r[12] not found.
[WARNING STA-1656] /home/ubuntu/GitHub/sky130-trng/.loom/worktrees/issue-236/sim/digital-electrical-repair/requests/.klt/place-and-route/trng_digital_route.spef line 198735, pin bus_rdata_r[12] not found.
[WARNING STA-1656] /home/ubuntu/GitHub/sky130-trng/.loom/worktrees/issue-236/sim/digital-electrical-repair/requests/.klt/place-and-route/trng_digital_route.spef line 198736, pin bus_rdata_r[12] not found.
[WARNING STA-1656] /home/ubuntu/GitHub/sky130-trng/.loom/worktrees/issue-236/sim/digital-electrical-repair/requests/.klt/place-and-route/trng_digital_route.spef line 198737, pin bus_rdata_r[12] not found.
[WARNING STA-1656] /home/ubuntu/GitHub/sky130-trng/.loom/worktrees/issue-236/sim/digital-electrical-repair/requests/.klt/place-and-route/trng_digital_route.spef line 198738, pin bus_rdata_r[12] not found.
[WARNING STA-1656] /home/ubuntu/GitHub/sky130-trng/.loom/worktrees/issue-236/sim/digital-electrical-repair/requests/.klt/place-and-route/trng_digital_route.spef line 198739, pin bus_rdata_r[12] not found.
[WARNING STA-1656] /home/ubuntu/GitHub/sky130-trng/.loom/worktrees/issue-236/sim/digital-electrical-repair/requests/.klt/place-and-route/trng_digital_route.spef line 198740, pin bus_rdata_r[12] not found.
[WARNING STA-1656] /home/ubuntu/GitHub/sky130-trng/.loom/worktrees/issue-236/sim/digital-electrical-repair/requests/.klt/place-and-route/trng_digital_route.spef line 198741, pin bus_rdata_r[12] not found.
[WARNING STA-1656] /home/ubuntu/GitHub/sky130-trng/.loom/worktrees/issue-236/sim/digital-electrical-repair/requests/.klt/place-and-route/trng_digital_route.spef line 198742, pin bus_rdata_r[12] not found.
[WARNING STA-1656] /home/ubuntu/GitHub/sky130-trng/.loom/worktrees/issue-236/sim/digital-electrical-repair/requests/.klt/place-and-route/trng_digital_route.spef line 198743, pin bus_rdata_r[12] not found.
[WARNING STA-1656] /home/ubuntu/GitHub/sky130-trng/.loom/worktrees/issue-236/sim/digital-electrical-repair/requests/.klt/place-and-route/trng_digital_route.spef line 198744, pin bus_rdata_r[12] not found.
[WARNING STA-1656] /home/ubuntu/GitHub/sky130-trng/.loom/worktrees/issue-236/sim/digital-electrical-repair/requests/.klt/place-and-route/trng_digital_route.spef line 198745, pin bus_rdata_r[12] not found.
[WARNING STA-1656] /home/ubuntu/GitHub/sky130-trng/.loom/worktrees/issue-236/sim/digital-electrical-repair/requests/.klt/place-and-route/trng_digital_route.spef line 198746, pin bus_rdata_r[12] not found.
[WARNING STA-1656] /home/ubuntu/GitHub/sky130-trng/.loom/worktrees/issue-236/sim/digital-electrical-repair/requests/.klt/place-and-route/trng_digital_route.spef line 198747, pin bus_rdata_r[12] not found.
[WARNING STA-1656] /home/ubuntu/GitHub/sky130-trng/.loom/worktrees/issue-236/sim/digital-electrical-repair/requests/.klt/place-and-route/trng_digital_route.spef line 198748, pin bus_rdata_r[12] not found.
[WARNING STA-1656] /home/ubuntu/GitHub/sky130-trng/.loom/worktrees/issue-236/sim/digital-electrical-repair/requests/.klt/place-and-route/trng_digital_route.spef line 198749, pin bus_rdata_r[12] not found.
[WARNING STA-1656] /home/ubuntu/GitHub/sky130-trng/.loom/worktrees/issue-236/sim/digital-electrical-repair/requests/.klt/place-and-route/trng_digital_route.spef line 198750, pin bus_rdata_r[12] not found.
[WARNING STA-1656] /home/ubuntu/GitHub/sky130-trng/.loom/worktrees/issue-236/sim/digital-electrical-repair/requests/.klt/place-and-route/trng_digital_route.spef line 198752, pin bus_rdata_r[12] not found.
[WARNING STA-1656] /home/ubuntu/GitHub/sky130-trng/.loom/worktrees/issue-236/sim/digital-electrical-repair/requests/.klt/place-and-route/trng_digital_route.spef line 198753, pin bus_rdata_r[12] not found.
[WARNING STA-1656] /home/ubuntu/GitHub/sky130-trng/.loom/worktrees/issue-236/sim/digital-electrical-repair/requests/.klt/place-and-route/trng_digital_route.spef line 198754, pin bus_rdata_r[12] not found.
[WARNING STA-1656] /home/ubuntu/GitHub/sky130-trng/.loom/worktrees/issue-236/sim/digital-electrical-repair/requests/.klt/place-and-route/trng_digital_route.spef line 198755, pin bus_rdata_r[12] not found.
[WARNING STA-1656] /home/ubuntu/GitHub/sky130-trng/.loom/worktrees/issue-236/sim/digital-electrical-repair/requests/.klt/place-and-route/trng_digital_route.spef line 198756, pin bus_rdata_r[12] not found.
[WARNING STA-1656] /home/ubuntu/GitHub/sky130-trng/.loom/worktrees/issue-236/sim/digital-electrical-repair/requests/.klt/place-and-route/trng_digital_route.spef line 198757, pin bus_rdata_r[12] not found.
[WARNING STA-1656] /home/ubuntu/GitHub/sky130-trng/.loom/worktrees/issue-236/sim/digital-electrical-repair/requests/.klt/place-and-route/trng_digital_route.spef line 198766, pin bus_rdata_r[13] not found.
[WARNING STA-1656] /home/ubuntu/GitHub/sky130-trng/.loom/worktrees/issue-236/sim/digital-electrical-repair/requests/.klt/place-and-route/trng_digital_route.spef line 198767, pin bus_rdata_r[13] not found.
[WARNING STA-1656] /home/ubuntu/GitHub/sky130-trng/.loom/worktrees/issue-236/sim/digital-electrical-repair/requests/.klt/place-and-route/trng_digital_route.spef line 198767, pin bus_rdata_r[14] not found.
[WARNING STA-1656] /home/ubuntu/GitHub/sky130-trng/.loom/worktrees/issue-236/sim/digital-electrical-repair/requests/.klt/place-and-route/trng_digital_route.spef line 198768, pin bus_rdata_r[13] not found.
[WARNING STA-1656] /home/ubuntu/GitHub/sky130-trng/.loom/worktrees/issue-236/sim/digital-electrical-repair/requests/.klt/place-and-route/trng_digital_route.spef line 198768, pin bus_rdata_r[1] not found.
[WARNING STA-1656] /home/ubuntu/GitHub/sky130-trng/.loom/worktrees/issue-236/sim/digital-electrical-repair/requests/.klt/place-and-route/trng_digital_route.spef line 198769, pin bus_rdata_r[13] not found.
[WARNING STA-1656] /home/ubuntu/GitHub/sky130-trng/.loom/worktrees/issue-236/sim/digital-electrical-repair/requests/.klt/place-and-route/trng_digital_route.spef line 198770, pin bus_rdata_r[13] not found.
[WARNING STA-1656] /home/ubuntu/GitHub/sky130-trng/.loom/worktrees/issue-236/sim/digital-electrical-repair/requests/.klt/place-and-route/trng_digital_route.spef line 198771, pin bus_rdata_r[13] not found.
[WARNING STA-1656] /home/ubuntu/GitHub/sky130-trng/.loom/worktrees/issue-236/sim/digital-electrical-repair/requests/.klt/place-and-route/trng_digital_route.spef line 198772, pin bus_rdata_r[13] not found.
[WARNING STA-1656] /home/ubuntu/GitHub/sky130-trng/.loom/worktrees/issue-236/sim/digital-electrical-repair/requests/.klt/place-and-route/trng_digital_route.spef line 198773, pin bus_rdata_r[13] not found.
[WARNING STA-1656] /home/ubuntu/GitHub/sky130-trng/.loom/worktrees/issue-236/sim/digital-electrical-repair/requests/.klt/place-and-route/trng_digital_route.spef line 198774, pin bus_rdata_r[13] not found.
[WARNING STA-1656] /home/ubuntu/GitHub/sky130-trng/.loom/worktrees/issue-236/sim/digital-electrical-repair/requests/.klt/place-and-route/trng_digital_route.spef line 198775, pin bus_rdata_r[13] not found.
[WARNING STA-1656] /home/ubuntu/GitHub/sky130-trng/.loom/worktrees/issue-236/sim/digital-electrical-repair/requests/.klt/place-and-route/trng_digital_route.spef line 198776, pin bus_rdata_r[13] not found.
[WARNING STA-1656] /home/ubuntu/GitHub/sky130-trng/.loom/worktrees/issue-236/sim/digital-electrical-repair/requests/.klt/place-and-route/trng_digital_route.spef line 198777, pin bus_rdata_r[13] not found.
[WARNING STA-1656] /home/ubuntu/GitHub/sky130-trng/.loom/worktrees/issue-236/sim/digital-electrical-repair/requests/.klt/place-and-route/trng_digital_route.spef line 198778, pin bus_rdata_r[13] not found.
[WARNING STA-1656] /home/ubuntu/GitHub/sky130-trng/.loom/worktrees/issue-236/sim/digital-electrical-repair/requests/.klt/place-and-route/trng_digital_route.spef line 198779, pin bus_rdata_r[13] not found.
[WARNING STA-1656] /home/ubuntu/GitHub/sky130-trng/.loom/worktrees/issue-236/sim/digital-electrical-repair/requests/.klt/place-and-route/trng_digital_route.spef line 198780, pin bus_rdata_r[13] not found.
[WARNING STA-1656] /home/ubuntu/GitHub/sky130-trng/.loom/worktrees/issue-236/sim/digital-electrical-repair/requests/.klt/place-and-route/trng_digital_route.spef line 198781, pin bus_rdata_r[13] not found.
[WARNING STA-1656] /home/ubuntu/GitHub/sky130-trng/.loom/worktrees/issue-236/sim/digital-electrical-repair/requests/.klt/place-and-route/trng_digital_route.spef line 198782, pin bus_rdata_r[13] not found.
[WARNING STA-1656] /home/ubuntu/GitHub/sky130-trng/.loom/worktrees/issue-236/sim/digital-electrical-repair/requests/.klt/place-and-route/trng_digital_route.spef line 198783, pin bus_rdata_r[13] not found.
[WARNING STA-1656] /home/ubuntu/GitHub/sky130-trng/.loom/worktrees/issue-236/sim/digital-electrical-repair/requests/.klt/place-and-route/trng_digital_route.spef line 198784, pin bus_rdata_r[13] not found.
[WARNING STA-1656] /home/ubuntu/GitHub/sky130-trng/.loom/worktrees/issue-236/sim/digital-electrical-repair/requests/.klt/place-and-route/trng_digital_route.spef line 198785, pin bus_rdata_r[13] not found.
[WARNING STA-1656] /home/ubuntu/GitHub/sky130-trng/.loom/worktrees/issue-236/sim/digital-electrical-repair/requests/.klt/place-and-route/trng_digital_route.spef line 198786, pin bus_rdata_r[13] not found.
[WARNING STA-1656] /home/ubuntu/GitHub/sky130-trng/.loom/worktrees/issue-236/sim/digital-electrical-repair/requests/.klt/place-and-route/trng_digital_route.spef line 198787, pin bus_rdata_r[13] not found.
[WARNING STA-1656] /home/ubuntu/GitHub/sky130-trng/.loom/worktrees/issue-236/sim/digital-electrical-repair/requests/.klt/place-and-route/trng_digital_route.spef line 198788, pin bus_rdata_r[13] not found.
[WARNING STA-1656] /home/ubuntu/GitHub/sky130-trng/.loom/worktrees/issue-236/sim/digital-electrical-repair/requests/.klt/place-and-route/trng_digital_route.spef line 198789, pin bus_rdata_r[13] not found.
[WARNING STA-1656] /home/ubuntu/GitHub/sky130-trng/.loom/worktrees/issue-236/sim/digital-electrical-repair/requests/.klt/place-and-route/trng_digital_route.spef line 198791, pin bus_rdata_r[13] not found.
[WARNING STA-1656] /home/ubuntu/GitHub/sky130-trng/.loom/worktrees/issue-236/sim/digital-electrical-repair/requests/.klt/place-and-route/trng_digital_route.spef line 198792, pin bus_rdata_r[13] not found.
[WARNING STA-1656] /home/ubuntu/GitHub/sky130-trng/.loom/worktrees/issue-236/sim/digital-electrical-repair/requests/.klt/place-and-route/trng_digital_route.spef line 198793, pin bus_rdata_r[13] not found.
[WARNING STA-1656] /home/ubuntu/GitHub/sky130-trng/.loom/worktrees/issue-236/sim/digital-electrical-repair/requests/.klt/place-and-route/trng_digital_route.spef line 198794, pin bus_rdata_r[13] not found.
[WARNING STA-1656] /home/ubuntu/GitHub/sky130-trng/.loom/worktrees/issue-236/sim/digital-electrical-repair/requests/.klt/place-and-route/trng_digital_route.spef line 198795, pin bus_rdata_r[13] not found.
[WARNING STA-1656] /home/ubuntu/GitHub/sky130-trng/.loom/worktrees/issue-236/sim/digital-electrical-repair/requests/.klt/place-and-route/trng_digital_route.spef line 198796, pin bus_rdata_r[13] not found.
[WARNING STA-1656] /home/ubuntu/GitHub/sky130-trng/.loom/worktrees/issue-236/sim/digital-electrical-repair/requests/.klt/place-and-route/trng_digital_route.spef line 198805, pin bus_rdata_r[14] not found.
[WARNING STA-1656] /home/ubuntu/GitHub/sky130-trng/.loom/worktrees/issue-236/sim/digital-electrical-repair/requests/.klt/place-and-route/trng_digital_route.spef line 198806, pin bus_rdata_r[14] not found.
[WARNING STA-1656] /home/ubuntu/GitHub/sky130-trng/.loom/worktrees/issue-236/sim/digital-electrical-repair/requests/.klt/place-and-route/trng_digital_route.spef line 198807, pin bus_rdata_r[14] not found.
[WARNING STA-1656] /home/ubuntu/GitHub/sky130-trng/.loom/worktrees/issue-236/sim/digital-electrical-repair/requests/.klt/place-and-route/trng_digital_route.spef line 198808, pin bus_rdata_r[14] not found.
[WARNING STA-1656] /home/ubuntu/GitHub/sky130-trng/.loom/worktrees/issue-236/sim/digital-electrical-repair/requests/.klt/place-and-route/trng_digital_route.spef line 198809, pin bus_rdata_r[14] not found.
[WARNING STA-1656] /home/ubuntu/GitHub/sky130-trng/.loom/worktrees/issue-236/sim/digital-electrical-repair/requests/.klt/place-and-route/trng_digital_route.spef line 198810, pin bus_rdata_r[14] not found.
[WARNING STA-1656] /home/ubuntu/GitHub/sky130-trng/.loom/worktrees/issue-236/sim/digital-electrical-repair/requests/.klt/place-and-route/trng_digital_route.spef line 198811, pin bus_rdata_r[14] not found.
[WARNING STA-1656] /home/ubuntu/GitHub/sky130-trng/.loom/worktrees/issue-236/sim/digital-electrical-repair/requests/.klt/place-and-route/trng_digital_route.spef line 198812, pin bus_rdata_r[14] not found.
[WARNING STA-1656] /home/ubuntu/GitHub/sky130-trng/.loom/worktrees/issue-236/sim/digital-electrical-repair/requests/.klt/place-and-route/trng_digital_route.spef line 198813, pin bus_rdata_r[14] not found.
[WARNING STA-1656] /home/ubuntu/GitHub/sky130-trng/.loom/worktrees/issue-236/sim/digital-electrical-repair/requests/.klt/place-and-route/trng_digital_route.spef line 198814, pin bus_rdata_r[14] not found.
[WARNING STA-1656] /home/ubuntu/GitHub/sky130-trng/.loom/worktrees/issue-236/sim/digital-electrical-repair/requests/.klt/place-and-route/trng_digital_route.spef line 198815, pin bus_rdata_r[14] not found.
[WARNING STA-1656] /home/ubuntu/GitHub/sky130-trng/.loom/worktrees/issue-236/sim/digital-electrical-repair/requests/.klt/place-and-route/trng_digital_route.spef line 198816, pin bus_rdata_r[14] not found.
[WARNING STA-1656] /home/ubuntu/GitHub/sky130-trng/.loom/worktrees/issue-236/sim/digital-electrical-repair/requests/.klt/place-and-route/trng_digital_route.spef line 198817, pin bus_rdata_r[14] not found.
[WARNING STA-1656] /home/ubuntu/GitHub/sky130-trng/.loom/worktrees/issue-236/sim/digital-electrical-repair/requests/.klt/place-and-route/trng_digital_route.spef line 198818, pin bus_rdata_r[14] not found.
[WARNING STA-1656] /home/ubuntu/GitHub/sky130-trng/.loom/worktrees/issue-236/sim/digital-electrical-repair/requests/.klt/place-and-route/trng_digital_route.spef line 198819, pin bus_rdata_r[14] not found.
[WARNING STA-1656] /home/ubuntu/GitHub/sky130-trng/.loom/worktrees/issue-236/sim/digital-electrical-repair/requests/.klt/place-and-route/trng_digital_route.spef line 198820, pin bus_rdata_r[14] not found.
[WARNING STA-1656] /home/ubuntu/GitHub/sky130-trng/.loom/worktrees/issue-236/sim/digital-electrical-repair/requests/.klt/place-and-route/trng_digital_route.spef line 198821, pin bus_rdata_r[14] not found.
[WARNING STA-1656] /home/ubuntu/GitHub/sky130-trng/.loom/worktrees/issue-236/sim/digital-electrical-repair/requests/.klt/place-and-route/trng_digital_route.spef line 198822, pin bus_rdata_r[14] not found.
[WARNING STA-1656] /home/ubuntu/GitHub/sky130-trng/.loom/worktrees/issue-236/sim/digital-electrical-repair/requests/.klt/place-and-route/trng_digital_route.spef line 198823, pin bus_rdata_r[14] not found.
[WARNING STA-1656] /home/ubuntu/GitHub/sky130-trng/.loom/worktrees/issue-236/sim/digital-electrical-repair/requests/.klt/place-and-route/trng_digital_route.spef line 198825, pin bus_rdata_r[14] not found.
[WARNING STA-1656] /home/ubuntu/GitHub/sky130-trng/.loom/worktrees/issue-236/sim/digital-electrical-repair/requests/.klt/place-and-route/trng_digital_route.spef line 198826, pin bus_rdata_r[14] not found.
[WARNING STA-1656] /home/ubuntu/GitHub/sky130-trng/.loom/worktrees/issue-236/sim/digital-electrical-repair/requests/.klt/place-and-route/trng_digital_route.spef line 198827, pin bus_rdata_r[14] not found.
[WARNING STA-1656] /home/ubuntu/GitHub/sky130-trng/.loom/worktrees/issue-236/sim/digital-electrical-repair/requests/.klt/place-and-route/trng_digital_route.spef line 198828, pin bus_rdata_r[14] not found.
[WARNING STA-1656] /home/ubuntu/GitHub/sky130-trng/.loom/worktrees/issue-236/sim/digital-electrical-repair/requests/.klt/place-and-route/trng_digital_route.spef line 198829, pin bus_rdata_r[14] not found.
[WARNING STA-1656] /home/ubuntu/GitHub/sky130-trng/.loom/worktrees/issue-236/sim/digital-electrical-repair/requests/.klt/place-and-route/trng_digital_route.spef line 198830, pin bus_rdata_r[14] not found.
[WARNING STA-1656] /home/ubuntu/GitHub/sky130-trng/.loom/worktrees/issue-236/sim/digital-electrical-repair/requests/.klt/place-and-route/trng_digital_route.spef line 198839, pin bus_rdata_r[15] not found.
[WARNING STA-1656] /home/ubuntu/GitHub/sky130-trng/.loom/worktrees/issue-236/sim/digital-electrical-repair/requests/.klt/place-and-route/trng_digital_route.spef line 198840, pin bus_rdata_r[15] not found.
[WARNING STA-1656] /home/ubuntu/GitHub/sky130-trng/.loom/worktrees/issue-236/sim/digital-electrical-repair/requests/.klt/place-and-route/trng_digital_route.spef line 198840, pin bus_rdata_r[26] not found.
[WARNING STA-1656] /home/ubuntu/GitHub/sky130-trng/.loom/worktrees/issue-236/sim/digital-electrical-repair/requests/.klt/place-and-route/trng_digital_route.spef line 198841, pin bus_rdata_r[15] not found.
[WARNING STA-1656] /home/ubuntu/GitHub/sky130-trng/.loom/worktrees/issue-236/sim/digital-electrical-repair/requests/.klt/place-and-route/trng_digital_route.spef line 198841, pin bus_rdata_r[4] not found.
[WARNING STA-1656] /home/ubuntu/GitHub/sky130-trng/.loom/worktrees/issue-236/sim/digital-electrical-repair/requests/.klt/place-and-route/trng_digital_route.spef line 198842, pin bus_rdata_r[15] not found.
[WARNING STA-1656] /home/ubuntu/GitHub/sky130-trng/.loom/worktrees/issue-236/sim/digital-electrical-repair/requests/.klt/place-and-route/trng_digital_route.spef line 198843, pin bus_rdata_r[15] not found.
[WARNING STA-1656] /home/ubuntu/GitHub/sky130-trng/.loom/worktrees/issue-236/sim/digital-electrical-repair/requests/.klt/place-and-route/trng_digital_route.spef line 198844, pin bus_rdata_r[15] not found.
[WARNING STA-1656] /home/ubuntu/GitHub/sky130-trng/.loom/worktrees/issue-236/sim/digital-electrical-repair/requests/.klt/place-and-route/trng_digital_route.spef line 198845, pin bus_rdata_r[15] not found.
[WARNING STA-1656] /home/ubuntu/GitHub/sky130-trng/.loom/worktrees/issue-236/sim/digital-electrical-repair/requests/.klt/place-and-route/trng_digital_route.spef line 198846, pin bus_rdata_r[15] not found.
[WARNING STA-1656] /home/ubuntu/GitHub/sky130-trng/.loom/worktrees/issue-236/sim/digital-electrical-repair/requests/.klt/place-and-route/trng_digital_route.spef line 198847, pin bus_rdata_r[15] not found.
[WARNING STA-1656] /home/ubuntu/GitHub/sky130-trng/.loom/worktrees/issue-236/sim/digital-electrical-repair/requests/.klt/place-and-route/trng_digital_route.spef line 198848, pin bus_rdata_r[15] not found.
[WARNING STA-1656] /home/ubuntu/GitHub/sky130-trng/.loom/worktrees/issue-236/sim/digital-electrical-repair/requests/.klt/place-and-route/trng_digital_route.spef line 198849, pin bus_rdata_r[15] not found.
[WARNING STA-1656] /home/ubuntu/GitHub/sky130-trng/.loom/worktrees/issue-236/sim/digital-electrical-repair/requests/.klt/place-and-route/trng_digital_route.spef line 198850, pin bus_rdata_r[15] not found.
[WARNING STA-1656] /home/ubuntu/GitHub/sky130-trng/.loom/worktrees/issue-236/sim/digital-electrical-repair/requests/.klt/place-and-route/trng_digital_route.spef line 198851, pin bus_rdata_r[15] not found.
[WARNING STA-1656] /home/ubuntu/GitHub/sky130-trng/.loom/worktrees/issue-236/sim/digital-electrical-repair/requests/.klt/place-and-route/trng_digital_route.spef line 198852, pin bus_rdata_r[15] not found.
[WARNING STA-1656] /home/ubuntu/GitHub/sky130-trng/.loom/worktrees/issue-236/sim/digital-electrical-repair/requests/.klt/place-and-route/trng_digital_route.spef line 198853, pin bus_rdata_r[15] not found.
[WARNING STA-1656] /home/ubuntu/GitHub/sky130-trng/.loom/worktrees/issue-236/sim/digital-electrical-repair/requests/.klt/place-and-route/trng_digital_route.spef line 198854, pin bus_rdata_r[15] not found.
[WARNING STA-1656] /home/ubuntu/GitHub/sky130-trng/.loom/worktrees/issue-236/sim/digital-electrical-repair/requests/.klt/place-and-route/trng_digital_route.spef line 198855, pin bus_rdata_r[15] not found.
[WARNING STA-1656] /home/ubuntu/GitHub/sky130-trng/.loom/worktrees/issue-236/sim/digital-electrical-repair/requests/.klt/place-and-route/trng_digital_route.spef line 198856, pin bus_rdata_r[15] not found.
[WARNING STA-1656] /home/ubuntu/GitHub/sky130-trng/.loom/worktrees/issue-236/sim/digital-electrical-repair/requests/.klt/place-and-route/trng_digital_route.spef line 198857, pin bus_rdata_r[15] not found.
[WARNING STA-1656] /home/ubuntu/GitHub/sky130-trng/.loom/worktrees/issue-236/sim/digital-electrical-repair/requests/.klt/place-and-route/trng_digital_route.spef line 198858, pin bus_rdata_r[15] not found.
[WARNING STA-1656] /home/ubuntu/GitHub/sky130-trng/.loom/worktrees/issue-236/sim/digital-electrical-repair/requests/.klt/place-and-route/trng_digital_route.spef line 198859, pin bus_rdata_r[15] not found.
[WARNING STA-1656] /home/ubuntu/GitHub/sky130-trng/.loom/worktrees/issue-236/sim/digital-electrical-repair/requests/.klt/place-and-route/trng_digital_route.spef line 198860, pin bus_rdata_r[15] not found.
[WARNING STA-1656] /home/ubuntu/GitHub/sky130-trng/.loom/worktrees/issue-236/sim/digital-electrical-repair/requests/.klt/place-and-route/trng_digital_route.spef line 198861, pin bus_rdata_r[15] not found.
[WARNING STA-1656] /home/ubuntu/GitHub/sky130-trng/.loom/worktrees/issue-236/sim/digital-electrical-repair/requests/.klt/place-and-route/trng_digital_route.spef line 198862, pin bus_rdata_r[15] not found.
[WARNING STA-1656] /home/ubuntu/GitHub/sky130-trng/.loom/worktrees/issue-236/sim/digital-electrical-repair/requests/.klt/place-and-route/trng_digital_route.spef line 198863, pin bus_rdata_r[15] not found.
[WARNING STA-1656] /home/ubuntu/GitHub/sky130-trng/.loom/worktrees/issue-236/sim/digital-electrical-repair/requests/.klt/place-and-route/trng_digital_route.spef line 198864, pin bus_rdata_r[15] not found.
[WARNING STA-1656] /home/ubuntu/GitHub/sky130-trng/.loom/worktrees/issue-236/sim/digital-electrical-repair/requests/.klt/place-and-route/trng_digital_route.spef line 198865, pin bus_rdata_r[15] not found.
[WARNING STA-1656] /home/ubuntu/GitHub/sky130-trng/.loom/worktrees/issue-236/sim/digital-electrical-repair/requests/.klt/place-and-route/trng_digital_route.spef line 198866, pin bus_rdata_r[15] not found.
[WARNING STA-1656] /home/ubuntu/GitHub/sky130-trng/.loom/worktrees/issue-236/sim/digital-electrical-repair/requests/.klt/place-and-route/trng_digital_route.spef line 198868, pin bus_rdata_r[15] not found.
[WARNING STA-1656] /home/ubuntu/GitHub/sky130-trng/.loom/worktrees/issue-236/sim/digital-electrical-repair/requests/.klt/place-and-route/trng_digital_route.spef line 198869, pin bus_rdata_r[15] not found.
[WARNING STA-1656] /home/ubuntu/GitHub/sky130-trng/.loom/worktrees/issue-236/sim/digital-electrical-repair/requests/.klt/place-and-route/trng_digital_route.spef line 198870, pin bus_rdata_r[15] not found.
[WARNING STA-1656] /home/ubuntu/GitHub/sky130-trng/.loom/worktrees/issue-236/sim/digital-electrical-repair/requests/.klt/place-and-route/trng_digital_route.spef line 198871, pin bus_rdata_r[15] not found.
[WARNING STA-1656] /home/ubuntu/GitHub/sky130-trng/.loom/worktrees/issue-236/sim/digital-electrical-repair/requests/.klt/place-and-route/trng_digital_route.spef line 198872, pin bus_rdata_r[15] not found.
[WARNING STA-1656] /home/ubuntu/GitHub/sky130-trng/.loom/worktrees/issue-236/sim/digital-electrical-repair/requests/.klt/place-and-route/trng_digital_route.spef line 198873, pin bus_rdata_r[15] not found.
[WARNING STA-1656] /home/ubuntu/GitHub/sky130-trng/.loom/worktrees/issue-236/sim/digital-electrical-repair/requests/.klt/place-and-route/trng_digital_route.spef line 198882, pin bus_rdata_r[16] not found.
[WARNING STA-1656] /home/ubuntu/GitHub/sky130-trng/.loom/worktrees/issue-236/sim/digital-electrical-repair/requests/.klt/place-and-route/trng_digital_route.spef line 198883, pin bus_rdata_r[16] not found.
[WARNING STA-1656] /home/ubuntu/GitHub/sky130-trng/.loom/worktrees/issue-236/sim/digital-electrical-repair/requests/.klt/place-and-route/trng_digital_route.spef line 198883, pin bus_rdata_r[17] not found.
[WARNING STA-1656] /home/ubuntu/GitHub/sky130-trng/.loom/worktrees/issue-236/sim/digital-electrical-repair/requests/.klt/place-and-route/trng_digital_route.spef line 198884, pin bus_rdata_r[16] not found.
[WARNING STA-1656] /home/ubuntu/GitHub/sky130-trng/.loom/worktrees/issue-236/sim/digital-electrical-repair/requests/.klt/place-and-route/trng_digital_route.spef line 198884, pin bus_rdata_r[19] not found.
[WARNING STA-1656] /home/ubuntu/GitHub/sky130-trng/.loom/worktrees/issue-236/sim/digital-electrical-repair/requests/.klt/place-and-route/trng_digital_route.spef line 198885, pin bus_rdata_r[16] not found.
[WARNING STA-1656] /home/ubuntu/GitHub/sky130-trng/.loom/worktrees/issue-236/sim/digital-electrical-repair/requests/.klt/place-and-route/trng_digital_route.spef line 198885, pin bus_rdata_r[25] not found.
[WARNING STA-1656] /home/ubuntu/GitHub/sky130-trng/.loom/worktrees/issue-236/sim/digital-electrical-repair/requests/.klt/place-and-route/trng_digital_route.spef line 198886, pin bus_rdata_r[16] not found.
[WARNING STA-1656] /home/ubuntu/GitHub/sky130-trng/.loom/worktrees/issue-236/sim/digital-electrical-repair/requests/.klt/place-and-route/trng_digital_route.spef line 198887, pin bus_rdata_r[16] not found.
[WARNING STA-1656] /home/ubuntu/GitHub/sky130-trng/.loom/worktrees/issue-236/sim/digital-electrical-repair/requests/.klt/place-and-route/trng_digital_route.spef line 198888, pin bus_rdata_r[16] not found.
[WARNING STA-1656] /home/ubuntu/GitHub/sky130-trng/.loom/worktrees/issue-236/sim/digital-electrical-repair/requests/.klt/place-and-route/trng_digital_route.spef line 198889, pin bus_rdata_r[16] not found.
[WARNING STA-1656] /home/ubuntu/GitHub/sky130-trng/.loom/worktrees/issue-236/sim/digital-electrical-repair/requests/.klt/place-and-route/trng_digital_route.spef line 198890, pin bus_rdata_r[16] not found.
[WARNING STA-1656] /home/ubuntu/GitHub/sky130-trng/.loom/worktrees/issue-236/sim/digital-electrical-repair/requests/.klt/place-and-route/trng_digital_route.spef line 198891, pin bus_rdata_r[16] not found.
[WARNING STA-1656] /home/ubuntu/GitHub/sky130-trng/.loom/worktrees/issue-236/sim/digital-electrical-repair/requests/.klt/place-and-route/trng_digital_route.spef line 198892, pin bus_rdata_r[16] not found.
[WARNING STA-1656] /home/ubuntu/GitHub/sky130-trng/.loom/worktrees/issue-236/sim/digital-electrical-repair/requests/.klt/place-and-route/trng_digital_route.spef line 198893, pin bus_rdata_r[16] not found.
[WARNING STA-1656] /home/ubuntu/GitHub/sky130-trng/.loom/worktrees/issue-236/sim/digital-electrical-repair/requests/.klt/place-and-route/trng_digital_route.spef line 198894, pin bus_rdata_r[16] not found.
[WARNING STA-1656] /home/ubuntu/GitHub/sky130-trng/.loom/worktrees/issue-236/sim/digital-electrical-repair/requests/.klt/place-and-route/trng_digital_route.spef line 198895, pin bus_rdata_r[16] not found.
[WARNING STA-1656] /home/ubuntu/GitHub/sky130-trng/.loom/worktrees/issue-236/sim/digital-electrical-repair/requests/.klt/place-and-route/trng_digital_route.spef line 198896, pin bus_rdata_r[16] not found.
[WARNING STA-1656] /home/ubuntu/GitHub/sky130-trng/.loom/worktrees/issue-236/sim/digital-electrical-repair/requests/.klt/place-and-route/trng_digital_route.spef line 198897, pin bus_rdata_r[16] not found.
[WARNING STA-1656] /home/ubuntu/GitHub/sky130-trng/.loom/worktrees/issue-236/sim/digital-electrical-repair/requests/.klt/place-and-route/trng_digital_route.spef line 198898, pin bus_rdata_r[16] not found.
[WARNING STA-1656] /home/ubuntu/GitHub/sky130-trng/.loom/worktrees/issue-236/sim/digital-electrical-repair/requests/.klt/place-and-route/trng_digital_route.spef line 198899, pin bus_rdata_r[16] not found.
[WARNING STA-1656] /home/ubuntu/GitHub/sky130-trng/.loom/worktrees/issue-236/sim/digital-electrical-repair/requests/.klt/place-and-route/trng_digital_route.spef line 198900, pin bus_rdata_r[16] not found.
[WARNING STA-1656] /home/ubuntu/GitHub/sky130-trng/.loom/worktrees/issue-236/sim/digital-electrical-repair/requests/.klt/place-and-route/trng_digital_route.spef line 198901, pin bus_rdata_r[16] not found.
[WARNING STA-1656] /home/ubuntu/GitHub/sky130-trng/.loom/worktrees/issue-236/sim/digital-electrical-repair/requests/.klt/place-and-route/trng_digital_route.spef line 198902, pin bus_rdata_r[16] not found.
[WARNING STA-1656] /home/ubuntu/GitHub/sky130-trng/.loom/worktrees/issue-236/sim/digital-electrical-repair/requests/.klt/place-and-route/trng_digital_route.spef line 198903, pin bus_rdata_r[16] not found.
[WARNING STA-1656] /home/ubuntu/GitHub/sky130-trng/.loom/worktrees/issue-236/sim/digital-electrical-repair/requests/.klt/place-and-route/trng_digital_route.spef line 198904, pin bus_rdata_r[16] not found.
[WARNING STA-1656] /home/ubuntu/GitHub/sky130-trng/.loom/worktrees/issue-236/sim/digital-electrical-repair/requests/.klt/place-and-route/trng_digital_route.spef line 198905, pin bus_rdata_r[16] not found.
[WARNING STA-1656] /home/ubuntu/GitHub/sky130-trng/.loom/worktrees/issue-236/sim/digital-electrical-repair/requests/.klt/place-and-route/trng_digital_route.spef line 198906, pin bus_rdata_r[16] not found.
[WARNING STA-1656] /home/ubuntu/GitHub/sky130-trng/.loom/worktrees/issue-236/sim/digital-electrical-repair/requests/.klt/place-and-route/trng_digital_route.spef line 198907, pin bus_rdata_r[16] not found.
[WARNING STA-1656] /home/ubuntu/GitHub/sky130-trng/.loom/worktrees/issue-236/sim/digital-electrical-repair/requests/.klt/place-and-route/trng_digital_route.spef line 198908, pin bus_rdata_r[16] not found.
[WARNING STA-1656] /home/ubuntu/GitHub/sky130-trng/.loom/worktrees/issue-236/sim/digital-electrical-repair/requests/.klt/place-and-route/trng_digital_route.spef line 198909, pin bus_rdata_r[16] not found.
[WARNING STA-1656] /home/ubuntu/GitHub/sky130-trng/.loom/worktrees/issue-236/sim/digital-electrical-repair/requests/.klt/place-and-route/trng_digital_route.spef line 198910, pin bus_rdata_r[16] not found.
[WARNING STA-1656] /home/ubuntu/GitHub/sky130-trng/.loom/worktrees/issue-236/sim/digital-electrical-repair/requests/.klt/place-and-route/trng_digital_route.spef line 198911, pin bus_rdata_r[16] not found.
[WARNING STA-1656] /home/ubuntu/GitHub/sky130-trng/.loom/worktrees/issue-236/sim/digital-electrical-repair/requests/.klt/place-and-route/trng_digital_route.spef line 198912, pin bus_rdata_r[16] not found.
[WARNING STA-1656] /home/ubuntu/GitHub/sky130-trng/.loom/worktrees/issue-236/sim/digital-electrical-repair/requests/.klt/place-and-route/trng_digital_route.spef line 198913, pin bus_rdata_r[16] not found.
[WARNING STA-1656] /home/ubuntu/GitHub/sky130-trng/.loom/worktrees/issue-236/sim/digital-electrical-repair/requests/.klt/place-and-route/trng_digital_route.spef line 198914, pin bus_rdata_r[16] not found.
[WARNING STA-1656] /home/ubuntu/GitHub/sky130-trng/.loom/worktrees/issue-236/sim/digital-electrical-repair/requests/.klt/place-and-route/trng_digital_route.spef line 198915, pin bus_rdata_r[16] not found.
[WARNING STA-1656] /home/ubuntu/GitHub/sky130-trng/.loom/worktrees/issue-236/sim/digital-electrical-repair/requests/.klt/place-and-route/trng_digital_route.spef line 198917, pin bus_rdata_r[16] not found.
[WARNING STA-1656] /home/ubuntu/GitHub/sky130-trng/.loom/worktrees/issue-236/sim/digital-electrical-repair/requests/.klt/place-and-route/trng_digital_route.spef line 198918, pin bus_rdata_r[16] not found.
[WARNING STA-1656] /home/ubuntu/GitHub/sky130-trng/.loom/worktrees/issue-236/sim/digital-electrical-repair/requests/.klt/place-and-route/trng_digital_route.spef line 198919, pin bus_rdata_r[16] not found.
[WARNING STA-1656] /home/ubuntu/GitHub/sky130-trng/.loom/worktrees/issue-236/sim/digital-electrical-repair/requests/.klt/place-and-route/trng_digital_route.spef line 198920, pin bus_rdata_r[16] not found.
[WARNING STA-1656] /home/ubuntu/GitHub/sky130-trng/.loom/worktrees/issue-236/sim/digital-electrical-repair/requests/.klt/place-and-route/trng_digital_route.spef line 198921, pin bus_rdata_r[16] not found.
[WARNING STA-1656] /home/ubuntu/GitHub/sky130-trng/.loom/worktrees/issue-236/sim/digital-electrical-repair/requests/.klt/place-and-route/trng_digital_route.spef line 198922, pin bus_rdata_r[16] not found.
[WARNING STA-1656] /home/ubuntu/GitHub/sky130-trng/.loom/worktrees/issue-236/sim/digital-electrical-repair/requests/.klt/place-and-route/trng_digital_route.spef line 198931, pin bus_rdata_r[17] not found.
[WARNING STA-1656] /home/ubuntu/GitHub/sky130-trng/.loom/worktrees/issue-236/sim/digital-electrical-repair/requests/.klt/place-and-route/trng_digital_route.spef line 198932, pin bus_rdata_r[17] not found.
[WARNING STA-1656] /home/ubuntu/GitHub/sky130-trng/.loom/worktrees/issue-236/sim/digital-electrical-repair/requests/.klt/place-and-route/trng_digital_route.spef line 198932, pin bus_rdata_r[2] not found.
[WARNING STA-1656] /home/ubuntu/GitHub/sky130-trng/.loom/worktrees/issue-236/sim/digital-electrical-repair/requests/.klt/place-and-route/trng_digital_route.spef line 198933, pin bus_rdata_r[17] not found.
[WARNING STA-1656] /home/ubuntu/GitHub/sky130-trng/.loom/worktrees/issue-236/sim/digital-electrical-repair/requests/.klt/place-and-route/trng_digital_route.spef line 198933, pin bus_rdata_r[30] not found.
[WARNING STA-1656] /home/ubuntu/GitHub/sky130-trng/.loom/worktrees/issue-236/sim/digital-electrical-repair/requests/.klt/place-and-route/trng_digital_route.spef line 198934, pin bus_rdata_r[17] not found.
[WARNING STA-1656] /home/ubuntu/GitHub/sky130-trng/.loom/worktrees/issue-236/sim/digital-electrical-repair/requests/.klt/place-and-route/trng_digital_route.spef line 198934, pin bus_rdata_r[7] not found.
[WARNING STA-1656] /home/ubuntu/GitHub/sky130-trng/.loom/worktrees/issue-236/sim/digital-electrical-repair/requests/.klt/place-and-route/trng_digital_route.spef line 198935, pin bus_rdata_r[17] not found.
[WARNING STA-1656] /home/ubuntu/GitHub/sky130-trng/.loom/worktrees/issue-236/sim/digital-electrical-repair/requests/.klt/place-and-route/trng_digital_route.spef line 198936, pin bus_rdata_r[17] not found.
[WARNING STA-1656] /home/ubuntu/GitHub/sky130-trng/.loom/worktrees/issue-236/sim/digital-electrical-repair/requests/.klt/place-and-route/trng_digital_route.spef line 198937, pin bus_rdata_r[17] not found.
[WARNING STA-1656] /home/ubuntu/GitHub/sky130-trng/.loom/worktrees/issue-236/sim/digital-electrical-repair/requests/.klt/place-and-route/trng_digital_route.spef line 198938, pin bus_rdata_r[17] not found.
[WARNING STA-1656] /home/ubuntu/GitHub/sky130-trng/.loom/worktrees/issue-236/sim/digital-electrical-repair/requests/.klt/place-and-route/trng_digital_route.spef line 198939, pin bus_rdata_r[17] not found.
[WARNING STA-1656] /home/ubuntu/GitHub/sky130-trng/.loom/worktrees/issue-236/sim/digital-electrical-repair/requests/.klt/place-and-route/trng_digital_route.spef line 198940, pin bus_rdata_r[17] not found.
[WARNING STA-1656] /home/ubuntu/GitHub/sky130-trng/.loom/worktrees/issue-236/sim/digital-electrical-repair/requests/.klt/place-and-route/trng_digital_route.spef line 198941, pin bus_rdata_r[17] not found.
[WARNING STA-1656] /home/ubuntu/GitHub/sky130-trng/.loom/worktrees/issue-236/sim/digital-electrical-repair/requests/.klt/place-and-route/trng_digital_route.spef line 198942, pin bus_rdata_r[17] not found.
[WARNING STA-1656] /home/ubuntu/GitHub/sky130-trng/.loom/worktrees/issue-236/sim/digital-electrical-repair/requests/.klt/place-and-route/trng_digital_route.spef line 198943, pin bus_rdata_r[17] not found.
[WARNING STA-1656] /home/ubuntu/GitHub/sky130-trng/.loom/worktrees/issue-236/sim/digital-electrical-repair/requests/.klt/place-and-route/trng_digital_route.spef line 198944, pin bus_rdata_r[17] not found.
[WARNING STA-1656] /home/ubuntu/GitHub/sky130-trng/.loom/worktrees/issue-236/sim/digital-electrical-repair/requests/.klt/place-and-route/trng_digital_route.spef line 198945, pin bus_rdata_r[17] not found.
[WARNING STA-1656] /home/ubuntu/GitHub/sky130-trng/.loom/worktrees/issue-236/sim/digital-electrical-repair/requests/.klt/place-and-route/trng_digital_route.spef line 198946, pin bus_rdata_r[17] not found.
[WARNING STA-1656] /home/ubuntu/GitHub/sky130-trng/.loom/worktrees/issue-236/sim/digital-electrical-repair/requests/.klt/place-and-route/trng_digital_route.spef line 198947, pin bus_rdata_r[17] not found.
[WARNING STA-1656] /home/ubuntu/GitHub/sky130-trng/.loom/worktrees/issue-236/sim/digital-electrical-repair/requests/.klt/place-and-route/trng_digital_route.spef line 198948, pin bus_rdata_r[17] not found.
[WARNING STA-1656] /home/ubuntu/GitHub/sky130-trng/.loom/worktrees/issue-236/sim/digital-electrical-repair/requests/.klt/place-and-route/trng_digital_route.spef line 198949, pin bus_rdata_r[17] not found.
[WARNING STA-1656] /home/ubuntu/GitHub/sky130-trng/.loom/worktrees/issue-236/sim/digital-electrical-repair/requests/.klt/place-and-route/trng_digital_route.spef line 198950, pin bus_rdata_r[17] not found.
[WARNING STA-1656] /home/ubuntu/GitHub/sky130-trng/.loom/worktrees/issue-236/sim/digital-electrical-repair/requests/.klt/place-and-route/trng_digital_route.spef line 198951, pin bus_rdata_r[17] not found.
[WARNING STA-1656] /home/ubuntu/GitHub/sky130-trng/.loom/worktrees/issue-236/sim/digital-electrical-repair/requests/.klt/place-and-route/trng_digital_route.spef line 198952, pin bus_rdata_r[17] not found.
[WARNING STA-1656] /home/ubuntu/GitHub/sky130-trng/.loom/worktrees/issue-236/sim/digital-electrical-repair/requests/.klt/place-and-route/trng_digital_route.spef line 198953, pin bus_rdata_r[17] not found.
[WARNING STA-1656] /home/ubuntu/GitHub/sky130-trng/.loom/worktrees/issue-236/sim/digital-electrical-repair/requests/.klt/place-and-route/trng_digital_route.spef line 198954, pin bus_rdata_r[17] not found.
[WARNING STA-1656] /home/ubuntu/GitHub/sky130-trng/.loom/worktrees/issue-236/sim/digital-electrical-repair/requests/.klt/place-and-route/trng_digital_route.spef line 198955, pin bus_rdata_r[17] not found.
[WARNING STA-1656] /home/ubuntu/GitHub/sky130-trng/.loom/worktrees/issue-236/sim/digital-electrical-repair/requests/.klt/place-and-route/trng_digital_route.spef line 198956, pin bus_rdata_r[17] not found.
[WARNING STA-1656] /home/ubuntu/GitHub/sky130-trng/.loom/worktrees/issue-236/sim/digital-electrical-repair/requests/.klt/place-and-route/trng_digital_route.spef line 198957, pin bus_rdata_r[17] not found.
[WARNING STA-1656] /home/ubuntu/GitHub/sky130-trng/.loom/worktrees/issue-236/sim/digital-electrical-repair/requests/.klt/place-and-route/trng_digital_route.spef line 198958, pin bus_rdata_r[17] not found.
[WARNING STA-1656] /home/ubuntu/GitHub/sky130-trng/.loom/worktrees/issue-236/sim/digital-electrical-repair/requests/.klt/place-and-route/trng_digital_route.spef line 198959, pin bus_rdata_r[17] not found.
[WARNING STA-1656] /home/ubuntu/GitHub/sky130-trng/.loom/worktrees/issue-236/sim/digital-electrical-repair/requests/.klt/place-and-route/trng_digital_route.spef line 198960, pin bus_rdata_r[17] not found.
[WARNING STA-1656] /home/ubuntu/GitHub/sky130-trng/.loom/worktrees/issue-236/sim/digital-electrical-repair/requests/.klt/place-and-route/trng_digital_route.spef line 198961, pin bus_rdata_r[17] not found.
[WARNING STA-1656] /home/ubuntu/GitHub/sky130-trng/.loom/worktrees/issue-236/sim/digital-electrical-repair/requests/.klt/place-and-route/trng_digital_route.spef line 198962, pin bus_rdata_r[17] not found.
[WARNING STA-1656] /home/ubuntu/GitHub/sky130-trng/.loom/worktrees/issue-236/sim/digital-electrical-repair/requests/.klt/place-and-route/trng_digital_route.spef line 198963, pin bus_rdata_r[17] not found.
[WARNING STA-1656] /home/ubuntu/GitHub/sky130-trng/.loom/worktrees/issue-236/sim/digital-electrical-repair/requests/.klt/place-and-route/trng_digital_route.spef line 198964, pin bus_rdata_r[17] not found.
[WARNING STA-1656] /home/ubuntu/GitHub/sky130-trng/.loom/worktrees/issue-236/sim/digital-electrical-repair/requests/.klt/place-and-route/trng_digital_route.spef line 198965, pin bus_rdata_r[17] not found.
[WARNING STA-1656] /home/ubuntu/GitHub/sky130-trng/.loom/worktrees/issue-236/sim/digital-electrical-repair/requests/.klt/place-and-route/trng_digital_route.spef line 198966, pin bus_rdata_r[17] not found.
[WARNING STA-1656] /home/ubuntu/GitHub/sky130-trng/.loom/worktrees/issue-236/sim/digital-electrical-repair/requests/.klt/place-and-route/trng_digital_route.spef line 198967, pin bus_rdata_r[17] not found.
[WARNING STA-1656] /home/ubuntu/GitHub/sky130-trng/.loom/worktrees/issue-236/sim/digital-electrical-repair/requests/.klt/place-and-route/trng_digital_route.spef line 198968, pin bus_rdata_r[17] not found.
[WARNING STA-1656] /home/ubuntu/GitHub/sky130-trng/.loom/worktrees/issue-236/sim/digital-electrical-repair/requests/.klt/place-and-route/trng_digital_route.spef line 198969, pin bus_rdata_r[17] not found.
[WARNING STA-1656] /home/ubuntu/GitHub/sky130-trng/.loom/worktrees/issue-236/sim/digital-electrical-repair/requests/.klt/place-and-route/trng_digital_route.spef line 198970, pin bus_rdata_r[17] not found.
[WARNING STA-1656] /home/ubuntu/GitHub/sky130-trng/.loom/worktrees/issue-236/sim/digital-electrical-repair/requests/.klt/place-and-route/trng_digital_route.spef line 198971, pin bus_rdata_r[17] not found.
[WARNING STA-1656] /home/ubuntu/GitHub/sky130-trng/.loom/worktrees/issue-236/sim/digital-electrical-repair/requests/.klt/place-and-route/trng_digital_route.spef line 198971, pin startup_done438 not found.
[WARNING STA-1656] /home/ubuntu/GitHub/sky130-trng/.loom/worktrees/issue-236/sim/digital-electrical-repair/requests/.klt/place-and-route/trng_digital_route.spef line 198973, pin bus_rdata_r[17] not found.
[WARNING STA-1656] /home/ubuntu/GitHub/sky130-trng/.loom/worktrees/issue-236/sim/digital-electrical-repair/requests/.klt/place-and-route/trng_digital_route.spef line 198974, pin bus_rdata_r[17] not found.
[WARNING STA-1656] /home/ubuntu/GitHub/sky130-trng/.loom/worktrees/issue-236/sim/digital-electrical-repair/requests/.klt/place-and-route/trng_digital_route.spef line 198975, pin bus_rdata_r[17] not found.
[WARNING STA-1656] /home/ubuntu/GitHub/sky130-trng/.loom/worktrees/issue-236/sim/digital-electrical-repair/requests/.klt/place-and-route/trng_digital_route.spef line 198976, pin bus_rdata_r[17] not found.
[WARNING STA-1656] message limit (1000) reached. This message will no longer print.
===KLT_SETUP_VIOLATIONS_BEGIN===
No paths found.

===KLT_SETUP_VIOLATIONS_END===
===KLT_HOLD_VIOLATIONS_BEGIN===
No paths found.

===KLT_HOLD_VIOLATIONS_END===
