|* Post-layout sampler_core: the WHOLE composed cell -- four skewed rings,
|* four output buffers, the three-xor2 combining tree, AND all six
|* sampler_dff instances (raw_bit, raw_valid, ring_bit1-4) -- extracted FLAT
|* from ONE `klt extract --parasitics` run over the now DRC-clean, klt
|* lvs-MATCHING layout/sampler_core/sampler_core.gds (264/264 devices,
|* 152/152 nets against design/sampler_core.spice's own .subckt
|* sampler_core, PR #113; extracted as layout/pex-sampler-core/README.md
|* documents, PR #114).
|*
|* Purpose (issue #22's own DR-0008-named follow-up, "sampler_core scope"):
|* every prior sampler_dff-family post-layout deck in this repo
|* (sim/post-layout-sampler-dff/, sim/post-layout-sampler-dff-assembled/)
|* drives ONE isolated sampler_dff instance from an ideal PWL `d` source --
|* never the six-instance fan-out design/sampler_core.spice actually wires,
|* and never a real (not ideal-PWL) input edge. This deck is the first to
|* close both gaps at once: xarr below is the real assembled
|* array-plus-sampler-bank, so each sampler's own `d` pin sees the real,
|* buffer-loaded, post-layout-slowed ring/combining-tree waveform sim/
|* post-layout-ro-array-core/ characterizes -- not a synthetic edge -- and
|* clock-distribution skew across all six instances' own shared `clk` fan-out
|* is present for the first time too. DR-0008's own words: "the prerequisite
|* for any whole-chain raw-tap-to-sampled-bit post-layout claim."
|*
|* Topology, post-layout side (prefix p): xarr is ONE flat-extracted cell,
|* sourced from layout/pex-sampler-core/sampler_core_pex.spice via
|* layout/bin/pex-netlist.py (shared, unmodified). `ro1`-`ro4` and `xo` --
|* the array's own raw taps, each already an internal net of the wrapper
|* `sampler_core_pex` (promoted there so its own six sampler_dff instances
|* can reach them, per layout/pex-sampler-core/README.md's alias table) --
|* are reachable at ONE level of hierarchy (`v(xarr.ro1)`, ...,
|* `v(xarr.xo)`), confirmed by this deck's own development probe before
|* committing (a first attempt at `v(xarr.xpex.ro1)`, guessing the
|* extractor's own internal `__core` instance name `xpex` was needed, came
|* back "not available or has zero length" -- `ro1`/`xo` belong to
|* `sampler_core_pex`'s OWN local scope, one level shallower than that).
|* `xo`'s own two-ring partial sum `t1` is NOT reached by this deck --
|* unlike sim/post-layout-ro-array-core/, which promotes `t1` at the very
|* same one-hierarchy-level depth this deck's own probe found for `ro1`/
|* `xo`, `t1` is internal to the array block nested one level deeper inside
|* `sampler_core_pex` (the array's own combining tree is not itself promoted
|* to `sampler_core_pex`'s local scope, only its four raw taps and the
|* fully-combined `xo` are) -- reaching it would need a second, unverified
|* hierarchy guess this deck does not spend budget confirming. The N=4
|* (`xo`) edge-retention/value-fidelity figures below are this deck's own
|* combining-fidelity claim; the N=2 (`t1`) figure sim/
|* post-layout-ro-array-core/ also reports is not re-measured here.
|*
|* Topology, pre-layout side (prefix-free): xctl is
|* design/sampler_core.spice's own parameterized `.subckt sampler_core`,
|* same-deck same-corner control, `ro1`-`ro4`/`xo` reached the identical way
|* (`v(xctl.ro1)`, ..., `v(xctl.xo)` -- local nets of `.subckt sampler_core`
|* itself, per that file's own `xdut ... ro_array_core` instantiation line).
|*
|* The substrate tie. layout/pex-sampler-core/sampler_core_pex.spice
|* declares the extractor's substrate return node `vsubs` .global
|* (klayout-tools#1503, same as every other post-layout deck in this repo).
|* This deck ties it HARD to 0, the same physically-motivated choice
|* sim/post-layout-ro-array-core/ and its own siblings use -- every composed
|* cell's own psub guard ring is tied to vss, and vss is 0 here.
|*
|* START-UP: ENABLE + RESET RELEASE, NOT `.ic` ON INTERNAL NODES -- same
|* method sim/post-layout-ro-array-core/'s own header explains for the
|* rings (en=0 pins each ro_nand2's own output high, a defined state;
|* releasing it starts the ring), extended here to the six sampler_dff
|* instances the SAME way: rst_n=0 pins each instance's own `mb`/`s2mid`/
|* `qb` internal nodes to a defined reset state (design/sampler_core.spice's
|* own `.subckt sampler_dff`, `Mimpb`/`Mimnb`/`Mis2pb`/`Mis2nb` -- the same
|* four devices sim/post-layout-sampler-dff/'s own reset-contention deck
|* exercises with an explicit PWL pulse), so releasing rst_n from a defined
|* state is exactly as valid a start-up method as `.ic`, and reaches deeper
|* into this deck's own hierarchy (six instances inside two more levels of
|* subckt nesting than sim/raw-bit-min-entropy/'s own top-level sampler_dff
|* calls) with no per-instance `.ic` ladder needed at all. This deck can use
|* a REAL transient rst_n pulse -- unlike sim/raw-bit-min-entropy/, which
|* holds rst_n permanently released because its own trnoise() sources
|* cannot coexist with ANY control-signal breakpoint in this ngspice build
|* -- because this deck injects no noise at all (a deterministic functional/
|* timing/current characterization, not a min-entropy campaign).
|*
|* Timeline. `en1`-`en4` release together at 5 ns (matching
|* sim/post-layout-ro-array-core/ exactly, so the rings reach the same
|* steady oscillation this deck's own ring-period/combining measurements
|* below can cite directly). `rst_n` releases at 300 ns -- comfortably past
|* every ring's own start-up transient at the periods that deck measures
|* (2-4 ns), so the reset-held window below (50-250 ns) is a fair "rings
|* running, samplers held in reset" baseline, not a start-up artifact.
|* `clk` begins pulsing at 320 ns, Ts = 100 ns (the same disclosed,
|* measured compute-budget deviation from DR-0003's Ts = 20 us that
|* sim/raw-bit-min-entropy/'s own header justifies at length -- this deck's
|* own tstop of 800 ns gives five rising clk edges, 320-720 ns, comfortably
|* inside that window). No trnoise() source anywhere in this deck, so no
|* control-signal-breakpoint conflict of the kind that forces
|* sim/raw-bit-min-entropy/ to hold every control signal at `dc`.
|*
|* What "captured value" means here, and what it does NOT claim. With no
|* injected noise, `raw_bit`/`raw_valid`/`ring_bit1`-`ring_bit4` are fully
|* deterministic functions of the free-running rings' own phase at each
|* `clk` edge -- this deck reports FIVE discrete snapshots per side (one
|* per sample instant, at the 50 ns mark inside each `clk` low phase, where
|* every sampler's own slave stage is opaque and holding) to confirm the
|* whole assembled, post-layout cell produces clean rail-to-rail digital
|* levels end to end (not an intermediate voltage, not floating) when
|* driven by its own real ring taps through its own real routing -- NOT a
|* min-entropy or jitter claim (that remains sim/raw-bit-min-entropy/'s own
|* scope, at the pre-layout netlist level only). Pre- and post-layout
|* snapshots at the SAME nominal sample instant are NOT expected to agree
|* bit-for-bit: post-layout parasitics measurably slow the array (this
|* deck's own p_tr*/tr* ratio below quantifies exactly how much), so the
|* two sides' sampler_dff instances can legitimately latch different phases
|* of each ring's own free-running waveform at the same nominal clock edge.
|* That divergence is itself the mechanism this whole entropy source
|* depends on, not a defect in either side.
|*
|* Window / memory. Without an explicit `.save`, ngspice retains a
|* full-resolution trace for every internal parasitic-star leg node this
|* flat extraction introduces (264 devices' worth, on TOP of the samplers'
|* own leg nodes) -- confirmed to exhaust available process memory outright
|* during this deck's own development (`Error: memory required ... is more
|* than memory available`), the same failure
|* sim/post-layout-ro-array-core/'s own header names for the array alone.
|* `.save` below keeps only the traces every `.meas` statement actually
|* reads.
|*
|* This file is a TEMPLATE: sim/bin/corner-run.py substitutes /home/ubuntu/.volare/volare/sky130/versions/c6d73a35f524070e85faff4a6a9eef49553ebc2b/sky130A/libs.tech/combined/sky130.lib.spice,
|* ss, -40.0, 1.62 and 5p. As committed it is not a
|* runnable deck. Invoke with `--ro-ring5 design/sampler_core.spice` and
|* `--pex-lib layout/pex-sampler-core/sampler_core_pex.spice`.
|
|.option scale=1u
|.lib "/home/ubuntu/.volare/volare/sky130/versions/c6d73a35f524070e85faff4a6a9eef49553ebc2b/sky130A/libs.tech/combined/sky130.lib.spice" ss
|
|* pre-layout subcircuit library -- design/sampler_core.spice, which carries
|* the flat `.subckt sampler_core` under test (and, inside it, `.subckt
|* sampler_dff`/`ro_array_core`/etc unmodified).
|.include "/home/ubuntu/GitHub/sky130-trng/.loom/worktrees/issue-22/design/sampler_core.spice"
|* post-layout WHOLE-CELL subcircuit library (sampler_core_pex), generated
|* from layout/sampler_core/'s composed, DRC-clean, klt lvs-matching GDS.
|.include "/home/ubuntu/GitHub/sky130-trng/.loom/worktrees/issue-22/layout/pex-sampler-core/sampler_core_pex.spice"
|
|.temp -40.0
|
|* --- substrate return node: hard tie (see header) ----------------------
|Vsub vsubs 0 dc 0
|
|* --- post-layout WHOLE CELL, one flat-extracted circuit ----------------
|Vddrp1 pvddr1 0 dc 1.62
|Vddrp2 pvddr2 0 dc 1.62
|Vddrp3 pvddr3 0 dc 1.62
|Vddrp4 pvddr4 0 dc 1.62
|Vddp pvdd 0 dc 1.62
|Venp1 pen1 0 PULSE(0 1.62 5n 100p 100p 1u 2u)
|Venp2 pen2 0 PULSE(0 1.62 5n 100p 100p 1u 2u)
|Venp3 pen3 0 PULSE(0 1.62 5n 100p 100p 1u 2u)
|Venp4 pen4 0 PULSE(0 1.62 5n 100p 100p 1u 2u)
|Vrstnp prst_n 0 PULSE(0 1.62 300n 100p 100p 10u 20u)
|Vclkp pclk 0 PULSE(0 1.62 320n 100p 100p 49.8n 100n)
|xarr pen1 pen2 pen3 pen4 pvddr1 pvddr2 pvddr3 pvddr4 pvdd 0 pclk prst_n
|+ praw_bit praw_valid pring_bit1 pring_bit2 pring_bit3 pring_bit4
|+ sampler_core_pex
|
|* --- pre-layout control, identical topology, single-call subckt --------
|Vddr1 vddr1 0 dc 1.62
|Vddr2 vddr2 0 dc 1.62
|Vddr3 vddr3 0 dc 1.62
|Vddr4 vddr4 0 dc 1.62
|Vdd vdd 0 dc 1.62
|Ven1 en1 0 PULSE(0 1.62 5n 100p 100p 1u 2u)
|Ven2 en2 0 PULSE(0 1.62 5n 100p 100p 1u 2u)
|Ven3 en3 0 PULSE(0 1.62 5n 100p 100p 1u 2u)
|Ven4 en4 0 PULSE(0 1.62 5n 100p 100p 1u 2u)
|Vrstn rst_n 0 PULSE(0 1.62 300n 100p 100p 10u 20u)
|Vclk clk 0 PULSE(0 1.62 320n 100p 100p 49.8n 100n)
|xctl en1 en2 en3 en4 vddr1 vddr2 vddr3 vddr4 vdd 0 clk rst_n
|+ raw_bit raw_valid ring_bit1 ring_bit2 ring_bit3 ring_bit4
|+ sampler_core
|
|.ic v(xarr.ro1)=0 v(xarr.ro2)=0 v(xarr.ro3)=0 v(xarr.ro4)=0
|.ic v(xctl.ro1)=0 v(xctl.ro2)=0 v(xctl.ro3)=0 v(xctl.ro4)=0
|
|* Limit the saved transient trace set to exactly what the .meas statements
|* below need (see header -- this is a hard memory requirement here, not an
|* optimization).
|.save v(xarr.ro1) v(xarr.ro2) v(xarr.ro3) v(xarr.ro4) v(xarr.xo)
|.save v(xctl.ro1) v(xctl.ro2) v(xctl.ro3) v(xctl.ro4) v(xctl.xo)
|.save v(praw_bit) v(praw_valid) v(pring_bit1) v(pring_bit2) v(pring_bit3) v(pring_bit4)
|.save v(raw_bit) v(raw_valid) v(ring_bit1) v(ring_bit2) v(ring_bit3) v(ring_bit4)
|.save i(Vddrp1) i(Vddrp2) i(Vddrp3) i(Vddrp4) i(Vddp)
|.save i(Vddr1) i(Vddr2) i(Vddr3) i(Vddr4) i(Vdd)
|
|.tran 5p 800n uic
|
|.control
|run
|
|* ==========================================================================
|* POST-LAYOUT WHOLE CELL
|* ==========================================================================
|
|* --- per-ring periods, 10 whole periods each, first two rising edges
|* discarded as start-up (identical estimator to
|* sim/post-layout-ro-array-core/) ----------------------------------------
|meas tran pt1a when v(xarr.ro1)=0.5*1.62 rise=3
|meas tran pt1b when v(xarr.ro1)=0.5*1.62 rise=13
|let p_tr1 = (pt1b - pt1a)/10
|meas tran pt2a when v(xarr.ro2)=0.5*1.62 rise=3
|meas tran pt2b when v(xarr.ro2)=0.5*1.62 rise=13
|let p_tr2 = (pt2b - pt2a)/10
|meas tran pt3a when v(xarr.ro3)=0.5*1.62 rise=3
|meas tran pt3b when v(xarr.ro3)=0.5*1.62 rise=13
|let p_tr3 = (pt3b - pt3a)/10
|meas tran pt4a when v(xarr.ro4)=0.5*1.62 rise=3
|meas tran pt4b when v(xarr.ro4)=0.5*1.62 rise=13
|let p_tr4 = (pt4b - pt4a)/10
|let p_f_ideal = 1/p_tr1 + 1/p_tr2 + 1/p_tr3 + 1/p_tr4
|
|* --- combining node (N=4, xo): swing, realized edge rate, value bias, now
|* under the six-sampler bank's own real capacitive loading + clk-dependent
|* switching -----------------------------------------------------------
|meas tran pvxo_max MAX v(xarr.xo) from=100n to=800n
|meas tran pvxo_min MIN v(xarr.xo) from=100n to=800n
|let p_swing_frac_xo = (pvxo_max - pvxo_min) / 1.62
|meas tran ptxo_a when v(xarr.xo)=0.5*1.62 rise=2
|meas tran ptxo_b when v(xarr.xo)=0.5*1.62 rise=50
|let p_f_xo = 48/(ptxo_b - ptxo_a)
|let p_edge_retention = p_f_xo / p_f_ideal
|meas tran pvxo_avg AVG v(xarr.xo) from=100n to=800n
|let p_bias_xo = pvxo_avg / 1.62
|
|* --- reset-held check: all six sampler outputs must stay near 0 while
|* rst_n is still asserted (0-300n), regardless of the rings' own toggling
|* -------------------------------------------------------------------
|meas tran p_vrst_bit MAX v(praw_bit) from=50n to=250n
|meas tran p_vrst_valid MAX v(praw_valid) from=50n to=250n
|meas tran p_vrst_r1 MAX v(pring_bit1) from=50n to=250n
|meas tran p_vrst_r2 MAX v(pring_bit2) from=50n to=250n
|meas tran p_vrst_r3 MAX v(pring_bit3) from=50n to=250n
|meas tran p_vrst_r4 MAX v(pring_bit4) from=50n to=250n
|
|* --- captured-value snapshots, one per clk period, 50 ns into each low
|* (opaque/holding) phase -------------------------------------------------
|meas tran p_bit_400n find v(praw_bit) at=400n
|meas tran p_bit_500n find v(praw_bit) at=500n
|meas tran p_bit_600n find v(praw_bit) at=600n
|meas tran p_bit_700n find v(praw_bit) at=700n
|meas tran p_bit_800n find v(praw_bit) at=800n
|meas tran p_valid_400n find v(praw_valid) at=400n
|meas tran p_r1_400n find v(pring_bit1) at=400n
|meas tran p_r2_400n find v(pring_bit2) at=400n
|meas tran p_r3_400n find v(pring_bit3) at=400n
|meas tran p_r4_400n find v(pring_bit4) at=400n
|
|* --- supply current: reset-held window (50-250n) vs. active/sampling
|* window (400-800n), rings and block (buffers+xor tree+six samplers,
|* which now share `vdd` with the array) reported separately -----------
|meas tran pi1_rst AVG i(Vddrp1) from=50n to=250n
|meas tran pi2_rst AVG i(Vddrp2) from=50n to=250n
|meas tran pi3_rst AVG i(Vddrp3) from=50n to=250n
|meas tran pi4_rst AVG i(Vddrp4) from=50n to=250n
|meas tran pib_rst AVG i(Vddp) from=50n to=250n
|let p_i_rings_rst = -(pi1_rst + pi2_rst + pi3_rst + pi4_rst)
|let p_i_block_rst = -pib_rst
|let p_i_total_rst = p_i_rings_rst + p_i_block_rst
|
|meas tran pi1_act AVG i(Vddrp1) from=400n to=800n
|meas tran pi2_act AVG i(Vddrp2) from=400n to=800n
|meas tran pi3_act AVG i(Vddrp3) from=400n to=800n
|meas tran pi4_act AVG i(Vddrp4) from=400n to=800n
|meas tran pib_act AVG i(Vddp) from=400n to=800n
|let p_i_rings_act = -(pi1_act + pi2_act + pi3_act + pi4_act)
|let p_i_block_act = -pib_act
|let p_i_total_act = p_i_rings_act + p_i_block_act
|
|* ==========================================================================
|* PRE-LAYOUT CONTROL -- identical estimators, identical node names
|* ==========================================================================
|
|meas tran t1a when v(xctl.ro1)=0.5*1.62 rise=3
|meas tran t1b when v(xctl.ro1)=0.5*1.62 rise=13
|let tr1 = (t1b - t1a)/10
|meas tran t2a when v(xctl.ro2)=0.5*1.62 rise=3
|meas tran t2b when v(xctl.ro2)=0.5*1.62 rise=13
|let tr2 = (t2b - t2a)/10
|meas tran t3a when v(xctl.ro3)=0.5*1.62 rise=3
|meas tran t3b when v(xctl.ro3)=0.5*1.62 rise=13
|let tr3 = (t3b - t3a)/10
|meas tran t4a when v(xctl.ro4)=0.5*1.62 rise=3
|meas tran t4b when v(xctl.ro4)=0.5*1.62 rise=13
|let tr4 = (t4b - t4a)/10
|let f_ideal = 1/tr1 + 1/tr2 + 1/tr3 + 1/tr4
|
|meas tran vxo_max MAX v(xctl.xo) from=100n to=800n
|meas tran vxo_min MIN v(xctl.xo) from=100n to=800n
|let swing_frac_xo = (vxo_max - vxo_min) / 1.62
|meas tran txo_a when v(xctl.xo)=0.5*1.62 rise=2
|meas tran txo_b when v(xctl.xo)=0.5*1.62 rise=50
|let f_xo = 48/(txo_b - txo_a)
|let edge_retention = f_xo / f_ideal
|meas tran vxo_avg AVG v(xctl.xo) from=100n to=800n
|let bias_xo = vxo_avg / 1.62
|
|meas tran vrst_bit MAX v(raw_bit) from=50n to=250n
|meas tran vrst_valid MAX v(raw_valid) from=50n to=250n
|meas tran vrst_r1 MAX v(ring_bit1) from=50n to=250n
|meas tran vrst_r2 MAX v(ring_bit2) from=50n to=250n
|meas tran vrst_r3 MAX v(ring_bit3) from=50n to=250n
|meas tran vrst_r4 MAX v(ring_bit4) from=50n to=250n
|
|meas tran bit_400n find v(raw_bit) at=400n
|meas tran bit_500n find v(raw_bit) at=500n
|meas tran bit_600n find v(raw_bit) at=600n
|meas tran bit_700n find v(raw_bit) at=700n
|meas tran bit_800n find v(raw_bit) at=800n
|meas tran valid_400n find v(raw_valid) at=400n
|meas tran r1_400n find v(ring_bit1) at=400n
|meas tran r2_400n find v(ring_bit2) at=400n
|meas tran r3_400n find v(ring_bit3) at=400n
|meas tran r4_400n find v(ring_bit4) at=400n
|
|meas tran i1_rst AVG i(Vddr1) from=50n to=250n
|meas tran i2_rst AVG i(Vddr2) from=50n to=250n
|meas tran i3_rst AVG i(Vddr3) from=50n to=250n
|meas tran i4_rst AVG i(Vddr4) from=50n to=250n
|meas tran ib_rst AVG i(Vdd) from=50n to=250n
|let i_rings_rst = -(i1_rst + i2_rst + i3_rst + i4_rst)
|let i_block_rst = -ib_rst
|let i_total_rst = i_rings_rst + i_block_rst
|
|meas tran i1_act AVG i(Vddr1) from=400n to=800n
|meas tran i2_act AVG i(Vddr2) from=400n to=800n
|meas tran i3_act AVG i(Vddr3) from=400n to=800n
|meas tran i4_act AVG i(Vddr4) from=400n to=800n
|meas tran ib_act AVG i(Vdd) from=400n to=800n
|let i_rings_act = -(i1_act + i2_act + i3_act + i4_act)
|let i_block_act = -ib_act
|let i_total_act = i_rings_act + i_block_act
|
|* --- headline ratios: same block, same corner, real inter-block/intra-cell
|* wiring + real sampler loading vs. pre-layout (no interconnect, ideal
|* devices only) ----------------------------------------------------------
|let slowdown_r1 = p_tr1 / tr1
|let slowdown_r2 = p_tr2 / tr2
|let slowdown_r3 = p_tr3 / tr3
|let slowdown_r4 = p_tr4 / tr4
|let i_total_act_ratio = p_i_total_act / i_total_act
|let i_total_rst_ratio = p_i_total_rst / i_total_rst
|
|print p_tr1
|print p_tr2
|print p_tr3
|print p_tr4
|print p_f_ideal
|print p_f_xo
|print p_edge_retention
|print p_bias_xo
|print p_swing_frac_xo
|print p_vrst_bit
|print p_vrst_valid
|print p_vrst_r1
|print p_vrst_r2
|print p_vrst_r3
|print p_vrst_r4
|print p_bit_400n
|print p_bit_500n
|print p_bit_600n
|print p_bit_700n
|print p_bit_800n
|print p_valid_400n
|print p_r1_400n
|print p_r2_400n
|print p_r3_400n
|print p_r4_400n
|print p_i_rings_rst
|print p_i_block_rst
|print p_i_total_rst
|print p_i_rings_act
|print p_i_block_act
|print p_i_total_act
|
|print tr1
|print tr2
|print tr3
|print tr4
|print f_ideal
|print f_xo
|print edge_retention
|print bias_xo
|print swing_frac_xo
|print vrst_bit
|print vrst_valid
|print vrst_r1
|print vrst_r2
|print vrst_r3
|print vrst_r4
|print bit_400n
|print bit_500n
|print bit_600n
|print bit_700n
|print bit_800n
|print valid_400n
|print r1_400n
|print r2_400n
|print r3_400n
|print r4_400n
|print i_rings_rst
|print i_block_rst
|print i_total_rst
|print i_rings_act
|print i_block_act
|print i_total_act
|
|print slowdown_r1
|print slowdown_r2
|print slowdown_r3
|print slowdown_r4
|print i_total_act_ratio
|print i_total_rst_ratio
|.endc
|.end
|

----- stdout -----

Note: No compatibility mode selected!


Circuit: * post-layout sampler_core: the whole composed cell -- four skewed rings,

Doing analysis at TEMP = -40.000000 and TNOM = 27.000000

Using SPARSE 1.3 as Direct Linear Solver
Operating point simulation skipped by 'uic',
  now using transient initial conditions.
 Reference value :  5.00000e-14
 Reference value :  2.97396e-10
 Reference value :  7.72396e-10
 Reference value :  1.26240e-09
 Reference value :  1.76240e-09
 Reference value :  2.27240e-09
 Reference value :  2.77240e-09
 Reference value :  3.22740e-09
 Reference value :  3.71240e-09
 Reference value :  4.21240e-09
 Reference value :  4.68240e-09
 Reference value :  5.10050e-09
 Reference value :  5.56250e-09
 Reference value :  6.07250e-09
 Reference value :  6.57750e-09
 Reference value :  7.08750e-09
 Reference value :  7.55250e-09
 Reference value :  8.00750e-09
 Reference value :  8.48750e-09
 Reference value :  8.98250e-09
 Reference value :  9.48750e-09
 Reference value :  9.99750e-09
 Reference value :  1.05025e-08
 Reference value :  1.10025e-08
 Reference value :  1.15025e-08
 Reference value :  1.20025e-08
 Reference value :  1.24675e-08
 Reference value :  1.28925e-08
 Reference value :  1.33525e-08
 Reference value :  1.38325e-08
 Reference value :  1.43175e-08
 Reference value :  1.48075e-08
 Reference value :  1.52875e-08
 Reference value :  1.57375e-08
 Reference value :  1.61275e-08
 Reference value :  1.65475e-08
 Reference value :  1.69625e-08
 Reference value :  1.74025e-08
 Reference value :  1.77975e-08
 Reference value :  1.82425e-08
 Reference value :  1.86775e-08
 Reference value :  1.90225e-08
 Reference value :  1.94975e-08
 Reference value :  1.99975e-08
 Reference value :  2.04625e-08
 Reference value :  2.08875e-08
 Reference value :  2.13325e-08
 Reference value :  2.17675e-08
 Reference value :  2.21925e-08
 Reference value :  2.26525e-08
 Reference value :  2.30625e-08
 Reference value :  2.34925e-08
 Reference value :  2.39525e-08
 Reference value :  2.43675e-08
 Reference value :  2.48625e-08
 Reference value :  2.53075e-08
 Reference value :  2.57325e-08
 Reference value :  2.61525e-08
 Reference value :  2.66275e-08
 Reference value :  2.70525e-08
 Reference value :  2.75125e-08
 Reference value :  2.79025e-08
 Reference value :  2.83825e-08
 Reference value :  2.88175e-08
 Reference value :  2.92975e-08
 Reference value :  2.97075e-08
 Reference value :  3.01325e-08
 Reference value :  3.05825e-08
 Reference value :  3.10225e-08
 Reference value :  3.14775e-08
 Reference value :  3.18925e-08
 Reference value :  3.23475e-08
 Reference value :  3.27825e-08
 Reference value :  3.31975e-08
 Reference value :  3.36775e-08
 Reference value :  3.41125e-08
 Reference value :  3.45675e-08
 Reference value :  3.49975e-08
 Reference value :  3.54775e-08
 Reference value :  3.59625e-08
 Reference value :  3.63925e-08
 Reference value :  3.68375e-08
 Reference value :  3.72475e-08
 Reference value :  3.76825e-08
 Reference value :  3.80525e-08
 Reference value :  3.84475e-08
 Reference value :  3.88875e-08
 Reference value :  3.93225e-08
 Reference value :  3.97175e-08
 Reference value :  4.01375e-08
 Reference value :  4.05625e-08
 Reference value :  4.10025e-08
 Reference value :  4.14325e-08
 Reference value :  4.18625e-08
 Reference value :  4.23275e-08
 Reference value :  4.26925e-08
 Reference value :  4.30875e-08
 Reference value :  4.34675e-08
 Reference value :  4.39075e-08
 Reference value :  4.43225e-08
 Reference value :  4.47525e-08
 Reference value :  4.52425e-08
 Reference value :  4.56925e-08
 Reference value :  4.60925e-08
 Reference value :  4.65225e-08
 Reference value :  4.70125e-08
 Reference value :  4.74725e-08
 Reference value :  4.78975e-08
 Reference value :  4.82525e-08
 Reference value :  4.86025e-08
 Reference value :  4.89975e-08
 Reference value :  4.93925e-08
 Reference value :  4.98075e-08
 Reference value :  5.03025e-08
 Reference value :  5.07725e-08
 Reference value :  5.11825e-08
 Reference value :  5.16175e-08
 Reference value :  5.21025e-08
 Reference value :  5.25575e-08
 Reference value :  5.29475e-08
 Reference value :  5.32775e-08
 Reference value :  5.37025e-08
 Reference value :  5.41525e-08
 Reference value :  5.45575e-08
 Reference value :  5.50425e-08
 Reference value :  5.55325e-08
 Reference value :  5.59675e-08
 Reference value :  5.64175e-08
 Reference value :  5.68475e-08
 Reference value :  5.73475e-08
 Reference value :  5.77825e-08
 Reference value :  5.81775e-08
 Reference value :  5.86475e-08
 Reference value :  5.90675e-08
 Reference value :  5.95475e-08
 Reference value :  5.99925e-08
 Reference value :  6.04575e-08
 Reference value :  6.09125e-08
 Reference value :  6.14025e-08
 Reference value :  6.18675e-08
 Reference value :  6.22775e-08
 Reference value :  6.27325e-08
 Reference value :  6.31275e-08
 Reference value :  6.35225e-08
 Reference value :  6.38975e-08
 Reference value :  6.43325e-08
 Reference value :  6.48025e-08
 Reference value :  6.52175e-08
 Reference value :  6.56075e-08
 Reference value :  6.59925e-08
 Reference value :  6.64675e-08
 Reference value :  6.69475e-08
 Reference value :  6.73925e-08
 Reference value :  6.78175e-08
 Reference value :  6.82575e-08
 Reference value :  6.86575e-08
 Reference value :  6.90925e-08
 Reference value :  6.95725e-08
 Reference value :  7.00475e-08
 Reference value :  7.04275e-08
 Reference value :  7.08675e-08
 Reference value :  7.12575e-08
 Reference value :  7.17225e-08
 Reference value :  7.21925e-08
 Reference value :  7.26475e-08
 Reference value :  7.30675e-08
 Reference value :  7.34675e-08
 Reference value :  7.38925e-08
 Reference value :  7.43325e-08
 Reference value :  7.47775e-08
 Reference value :  7.51975e-08
 Reference value :  7.55825e-08
 Reference value :  7.60325e-08
 Reference value :  7.64125e-08
 Reference value :  7.68925e-08
 Reference value :  7.73625e-08
 Reference value :  7.77825e-08
 Reference value :  7.81925e-08
 Reference value :  7.86025e-08
 Reference value :  7.89875e-08
 Reference value :  7.94375e-08
 Reference value :  7.98625e-08
 Reference value :  8.02425e-08
 Reference value :  8.05975e-08
 Reference value :  8.10125e-08
 Reference value :  8.14275e-08
 Reference value :  8.18375e-08
 Reference value :  8.23025e-08
 Reference value :  8.27425e-08
 Reference value :  8.31625e-08
 Reference value :  8.36175e-08
 Reference value :  8.40625e-08
 Reference value :  8.45025e-08
 Reference value :  8.48925e-08
 Reference value :  8.52525e-08
 Reference value :  8.55825e-08
 Reference value :  8.58925e-08
 Reference value :  8.62675e-08
 Reference value :  8.66975e-08
 Reference value :  8.71625e-08
 Reference value :  8.75725e-08
 Reference value :  8.79925e-08
 Reference value :  8.84125e-08
 Reference value :  8.88725e-08
 Reference value :  8.93125e-08
 Reference value :  8.97125e-08
 Reference value :  9.01425e-08
 Reference value :  9.06075e-08
 Reference value :  9.10175e-08
 Reference value :  9.14575e-08
 Reference value :  9.19375e-08
 Reference value :  9.23875e-08
 Reference value :  9.27875e-08
 Reference value :  9.31975e-08
 Reference value :  9.36575e-08
 Reference value :  9.40875e-08
 Reference value :  9.44075e-08
 Reference value :  9.48175e-08
 Reference value :  9.52675e-08
 Reference value :  9.57075e-08
 Reference value :  9.61125e-08
 Reference value :  9.65075e-08
 Reference value :  9.69525e-08
 Reference value :  9.73975e-08
 Reference value :  9.77275e-08
 Reference value :  9.80775e-08
 Reference value :  9.85225e-08
 Reference value :  9.89725e-08
 Reference value :  9.93425e-08
 Reference value :  9.97425e-08
 Reference value :  1.00158e-07
 Reference value :  1.00618e-07
 Reference value :  1.01058e-07
 Reference value :  1.01443e-07
 Reference value :  1.01868e-07
 Reference value :  1.02313e-07
 Reference value :  1.02678e-07
 Reference value :  1.03068e-07
 Reference value :  1.03458e-07
 Reference value :  1.03888e-07
 Reference value :  1.04268e-07
 Reference value :  1.04678e-07
 Reference value :  1.05083e-07
 Reference value :  1.05478e-07
 Reference value :  1.05868e-07
 Reference value :  1.06248e-07
 Reference value :  1.06643e-07
 Reference value :  1.07043e-07
 Reference value :  1.07448e-07
 Reference value :  1.07883e-07
 Reference value :  1.08238e-07
 Reference value :  1.08588e-07
 Reference value :  1.08913e-07
 Reference value :  1.09223e-07
 Reference value :  1.09583e-07
 Reference value :  1.09928e-07
 Reference value :  1.10238e-07
 Reference value :  1.10613e-07
 Reference value :  1.10933e-07
 Reference value :  1.11298e-07
 Reference value :  1.11668e-07
 Reference value :  1.11978e-07
 Reference value :  1.12358e-07
 Reference value :  1.12748e-07
 Reference value :  1.13103e-07
 Reference value :  1.13483e-07
 Reference value :  1.13813e-07
 Reference value :  1.14193e-07
 Reference value :  1.14568e-07
 Reference value :  1.14993e-07
 Reference value :  1.15343e-07
 Reference value :  1.15713e-07
 Reference value :  1.16083e-07
 Reference value :  1.16453e-07
 Reference value :  1.16798e-07
 Reference value :  1.17133e-07
 Reference value :  1.17508e-07
 Reference value :  1.17903e-07
 Reference value :  1.18273e-07
 Reference value :  1.18628e-07
 Reference value :  1.19043e-07
 Reference value :  1.19448e-07
 Reference value :  1.19813e-07
 Reference value :  1.20193e-07
 Reference value :  1.20538e-07
 Reference value :  1.20918e-07
 Reference value :  1.21278e-07
 Reference value :  1.21618e-07
 Reference value :  1.21978e-07
 Reference value :  1.22333e-07
 Reference value :  1.22718e-07
 Reference value :  1.23078e-07
 Reference value :  1.23403e-07
 Reference value :  1.23798e-07
 Reference value :  1.24188e-07
 Reference value :  1.24563e-07
 Reference value :  1.24953e-07
 Reference value :  1.25303e-07
 Reference value :  1.25638e-07
 Reference value :  1.26018e-07
 Reference value :  1.26353e-07
 Reference value :  1.26713e-07
 Reference value :  1.27088e-07
 Reference value :  1.27438e-07
 Reference value :  1.27783e-07
 Reference value :  1.28158e-07
 Reference value :  1.28578e-07
 Reference value :  1.28998e-07
 Reference value :  1.29403e-07
 Reference value :  1.29803e-07
 Reference value :  1.30213e-07
 Reference value :  1.30593e-07
 Reference value :  1.30923e-07
 Reference value :  1.31298e-07
 Reference value :  1.31673e-07
 Reference value :  1.32083e-07
 Reference value :  1.32478e-07
 Reference value :  1.32838e-07
 Reference value :  1.33253e-07
 Reference value :  1.33648e-07
 Reference value :  1.34048e-07
 Reference value :  1.34438e-07
 Reference value :  1.34838e-07
 Reference value :  1.35223e-07
 Reference value :  1.35628e-07
 Reference value :  1.36028e-07
 Reference value :  1.36423e-07
 Reference value :  1.36828e-07
 Reference value :  1.37243e-07
 Reference value :  1.37643e-07
 Reference value :  1.38008e-07
 Reference value :  1.38383e-07
 Reference value :  1.38778e-07
 Reference value :  1.39183e-07
 Reference value :  1.39588e-07
 Reference value :  1.39998e-07
 Reference value :  1.40413e-07
 Reference value :  1.40823e-07
 Reference value :  1.41218e-07
 Reference value :  1.41628e-07
 Reference value :  1.42043e-07
 Reference value :  1.42443e-07
 Reference value :  1.42793e-07
 Reference value :  1.43148e-07
 Reference value :  1.43558e-07
 Reference value :  1.43973e-07
 Reference value :  1.44398e-07
 Reference value :  1.44823e-07
 Reference value :  1.45203e-07
 Reference value :  1.45588e-07
 Reference value :  1.45953e-07
 Reference value :  1.46288e-07
 Reference value :  1.46683e-07
 Reference value :  1.47103e-07
 Reference value :  1.47488e-07
 Reference value :  1.47863e-07
 Reference value :  1.48223e-07
 Reference value :  1.48613e-07
 Reference value :  1.49028e-07
 Reference value :  1.49398e-07
 Reference value :  1.49803e-07
 Reference value :  1.50148e-07
 Reference value :  1.50478e-07
 Reference value :  1.50803e-07
 Reference value :  1.51103e-07
 Reference value :  1.51423e-07
 Reference value :  1.51768e-07
 Reference value :  1.52113e-07
 Reference value :  1.52443e-07
 Reference value :  1.52793e-07
 Reference value :  1.53118e-07
 Reference value :  1.53483e-07
 Reference value :  1.53863e-07
 Reference value :  1.54203e-07
 Reference value :  1.54613e-07
 Reference value :  1.55003e-07
 Reference value :  1.55363e-07
 Reference value :  1.55703e-07
 Reference value :  1.56103e-07
 Reference value :  1.56453e-07
 Reference value :  1.56818e-07
 Reference value :  1.57143e-07
 Reference value :  1.57513e-07
 Reference value :  1.57903e-07
 Reference value :  1.58283e-07
 Reference value :  1.58643e-07
 Reference value :  1.58993e-07
 Reference value :  1.59353e-07
 Reference value :  1.59708e-07
 Reference value :  1.60098e-07
 Reference value :  1.60438e-07
 Reference value :  1.60813e-07
 Reference value :  1.61173e-07
 Reference value :  1.61523e-07
 Reference value :  1.61848e-07
 Reference value :  1.62148e-07
 Reference value :  1.62498e-07
 Reference value :  1.62833e-07
 Reference value :  1.63198e-07
 Reference value :  1.63578e-07
 Reference value :  1.63938e-07
 Reference value :  1.64273e-07
 Reference value :  1.64628e-07
 Reference value :  1.64938e-07
 Reference value :  1.65258e-07
 Reference value :  1.65648e-07
 Reference value :  1.66038e-07
 Reference value :  1.66393e-07
 Reference value :  1.66738e-07
 Reference value :  1.67048e-07
 Reference value :  1.67373e-07
 Reference value :  1.67718e-07
 Reference value :  1.68013e-07
 Reference value :  1.68308e-07
 Reference value :  1.68653e-07
 Reference value :  1.68998e-07
 Reference value :  1.69318e-07
 Reference value :  1.69623e-07
 Reference value :  1.69948e-07
 Reference value :  1.70293e-07
 Reference value :  1.70663e-07
 Reference value :  1.71048e-07
 Reference value :  1.71378e-07
 Reference value :  1.71723e-07
 Reference value :  1.72078e-07
 Reference value :  1.72468e-07
 Reference value :  1.72803e-07
 Reference value :  1.73133e-07
 Reference value :  1.73433e-07
 Reference value :  1.73773e-07
 Reference value :  1.74138e-07
 Reference value :  1.74458e-07
 Reference value :  1.74818e-07
 Reference value :  1.75218e-07
 Reference value :  1.75578e-07
 Reference value :  1.75908e-07
 Reference value :  1.76243e-07
 Reference value :  1.76598e-07
 Reference value :  1.76993e-07
 Reference value :  1.77393e-07
 Reference value :  1.77718e-07
 Reference value :  1.78038e-07
 Reference value :  1.78383e-07
 Reference value :  1.78778e-07
 Reference value :  1.79143e-07
 Reference value :  1.79423e-07
 Reference value :  1.79718e-07
 Reference value :  1.80113e-07
 Reference value :  1.80513e-07
 Reference value :  1.80883e-07
 Reference value :  1.81208e-07
 Reference value :  1.81588e-07
 Reference value :  1.81973e-07
 Reference value :  1.82373e-07
 Reference value :  1.82733e-07
 Reference value :  1.83038e-07
 Reference value :  1.83398e-07
 Reference value :  1.83798e-07
 Reference value :  1.84178e-07
 Reference value :  1.84503e-07
 Reference value :  1.84848e-07
 Reference value :  1.85213e-07
 Reference value :  1.85613e-07
 Reference value :  1.85973e-07
 Reference value :  1.86308e-07
 Reference value :  1.86638e-07
 Reference value :  1.87043e-07
 Reference value :  1.87448e-07
 Reference value :  1.87808e-07
 Reference value :  1.88133e-07
 Reference value :  1.88473e-07
 Reference value :  1.88853e-07
 Reference value :  1.89143e-07
 Reference value :  1.89518e-07
 Reference value :  1.89888e-07
 Reference value :  1.90308e-07
 Reference value :  1.90688e-07
 Reference value :  1.91098e-07
 Reference value :  1.91508e-07
 Reference value :  1.91878e-07
 Reference value :  1.92268e-07
 Reference value :  1.92683e-07
 Reference value :  1.93028e-07
 Reference value :  1.93398e-07
 Reference value :  1.93748e-07
 Reference value :  1.94053e-07
 Reference value :  1.94423e-07
 Reference value :  1.94818e-07
 Reference value :  1.95168e-07
 Reference value :  1.95488e-07
 Reference value :  1.95823e-07
 Reference value :  1.96188e-07
 Reference value :  1.96573e-07
 Reference value :  1.96978e-07
 Reference value :  1.97328e-07
 Reference value :  1.97703e-07
 Reference value :  1.98013e-07
 Reference value :  1.98373e-07
 Reference value :  1.98708e-07
 Reference value :  1.99038e-07
 Reference value :  1.99368e-07
 Reference value :  1.99763e-07
 Reference value :  2.00163e-07
 Reference value :  2.00493e-07
 Reference value :  2.00873e-07
 Reference value :  2.01233e-07
 Reference value :  2.01643e-07
 Reference value :  2.02068e-07
 Reference value :  2.02493e-07
 Reference value :  2.02853e-07
 Reference value :  2.03188e-07
 Reference value :  2.03548e-07
 Reference value :  2.03893e-07
 Reference value :  2.04278e-07
 Reference value :  2.04623e-07
 Reference value :  2.05003e-07
 Reference value :  2.05348e-07
 Reference value :  2.05693e-07
 Reference value :  2.06098e-07
 Reference value :  2.06463e-07
 Reference value :  2.06883e-07
 Reference value :  2.07298e-07
 Reference value :  2.07713e-07
 Reference value :  2.08063e-07
 Reference value :  2.08393e-07
 Reference value :  2.08773e-07
 Reference value :  2.09143e-07
 Reference value :  2.09528e-07
 Reference value :  2.09868e-07
 Reference value :  2.10183e-07
 Reference value :  2.10463e-07
 Reference value :  2.10773e-07
 Reference value :  2.11133e-07
 Reference value :  2.11478e-07
 Reference value :  2.11853e-07
 Reference value :  2.12268e-07
 Reference value :  2.12683e-07
 Reference value :  2.13033e-07
 Reference value :  2.13388e-07
 Reference value :  2.13728e-07
 Reference value :  2.14088e-07
 Reference value :  2.14438e-07
 Reference value :  2.14773e-07
 Reference value :  2.15093e-07
 Reference value :  2.15443e-07
 Reference value :  2.15823e-07
 Reference value :  2.16148e-07
 Reference value :  2.16493e-07
 Reference value :  2.16868e-07
 Reference value :  2.17228e-07
 Reference value :  2.17633e-07
 Reference value :  2.18008e-07
 Reference value :  2.18293e-07
 Reference value :  2.18658e-07
 Reference value :  2.19008e-07
 Reference value :  2.19343e-07
 Reference value :  2.19653e-07
 Reference value :  2.19948e-07
 Reference value :  2.20233e-07
 Reference value :  2.20518e-07
 Reference value :  2.20843e-07
 Reference value :  2.21163e-07
 Reference value :  2.21508e-07
 Reference value :  2.21868e-07
 Reference value :  2.22258e-07
 Reference value :  2.22613e-07
 Reference value :  2.22958e-07
 Reference value :  2.23298e-07
 Reference value :  2.23708e-07
 Reference value :  2.24113e-07
 Reference value :  2.24433e-07
 Reference value :  2.24768e-07
 Reference value :  2.25123e-07
 Reference value :  2.25478e-07
 Reference value :  2.25853e-07
 Reference value :  2.26213e-07
 Reference value :  2.26543e-07
 Reference value :  2.26898e-07
 Reference value :  2.27303e-07
 Reference value :  2.27653e-07
 Reference value :  2.27983e-07
 Reference value :  2.28358e-07
 Reference value :  2.28763e-07
 Reference value :  2.29153e-07
 Reference value :  2.29503e-07
 Reference value :  2.29848e-07
 Reference value :  2.30243e-07
 Reference value :  2.30653e-07
 Reference value :  2.31048e-07
 Reference value :  2.31368e-07
 Reference value :  2.31728e-07
 Reference value :  2.32123e-07
 Reference value :  2.32488e-07
 Reference value :  2.32853e-07
 Reference value :  2.33178e-07
 Reference value :  2.33573e-07
 Reference value :  2.33973e-07
 Reference value :  2.34333e-07
 Reference value :  2.34698e-07
 Reference value :  2.35013e-07
 Reference value :  2.35373e-07
 Reference value :  2.35723e-07
 Reference value :  2.36118e-07
 Reference value :  2.36463e-07
 Reference value :  2.36768e-07
 Reference value :  2.37088e-07
 Reference value :  2.37413e-07
 Reference value :  2.37753e-07
 Reference value :  2.38108e-07
 Reference value :  2.38453e-07
 Reference value :  2.38798e-07
 Reference value :  2.39113e-07
 Reference value :  2.39423e-07
 Reference value :  2.39738e-07
 Reference value :  2.40098e-07
 Reference value :  2.40408e-07
 Reference value :  2.40698e-07
 Reference value :  2.41013e-07
 Reference value :  2.41348e-07
 Reference value :  2.41728e-07
 Reference value :  2.42043e-07
 Reference value :  2.42418e-07
 Reference value :  2.42813e-07
 Reference value :  2.43143e-07
 Reference value :  2.43498e-07
 Reference value :  2.43828e-07
 Reference value :  2.44153e-07
 Reference value :  2.44508e-07
 Reference value :  2.44903e-07
 Reference value :  2.45278e-07
 Reference value :  2.45628e-07
 Reference value :  2.45988e-07
 Reference value :  2.46323e-07
 Reference value :  2.46698e-07
 Reference value :  2.47033e-07
 Reference value :  2.47353e-07
 Reference value :  2.47733e-07
 Reference value :  2.48098e-07
 Reference value :  2.48398e-07
 Reference value :  2.48708e-07
 Reference value :  2.49088e-07
 Reference value :  2.49473e-07
 Reference value :  2.49823e-07
 Reference value :  2.50188e-07
 Reference value :  2.50528e-07
 Reference value :  2.50863e-07
 Reference value :  2.51238e-07
 Reference value :  2.51543e-07
 Reference value :  2.51863e-07
 Reference value :  2.52188e-07
 Reference value :  2.52498e-07
 Reference value :  2.52878e-07
 Reference value :  2.53218e-07
 Reference value :  2.53553e-07
 Reference value :  2.53938e-07
 Reference value :  2.54313e-07
 Reference value :  2.54708e-07
 Reference value :  2.55078e-07
 Reference value :  2.55443e-07
 Reference value :  2.55788e-07
 Reference value :  2.56123e-07
 Reference value :  2.56458e-07
 Reference value :  2.56818e-07
 Reference value :  2.57173e-07
 Reference value :  2.57538e-07
 Reference value :  2.57878e-07
 Reference value :  2.58213e-07
 Reference value :  2.58573e-07
 Reference value :  2.58953e-07
 Reference value :  2.59338e-07
 Reference value :  2.59723e-07
 Reference value :  2.60103e-07
 Reference value :  2.60448e-07
 Reference value :  2.60788e-07
 Reference value :  2.61098e-07
 Reference value :  2.61488e-07
 Reference value :  2.61878e-07
 Reference value :  2.62248e-07
 Reference value :  2.62593e-07
 Reference value :  2.62913e-07
 Reference value :  2.63288e-07
 Reference value :  2.63688e-07
 Reference value :  2.64088e-07
 Reference value :  2.64503e-07
 Reference value :  2.64933e-07
 Reference value :  2.65353e-07
 Reference value :  2.65768e-07
 Reference value :  2.66123e-07
 Reference value :  2.66503e-07
 Reference value :  2.66888e-07
 Reference value :  2.67293e-07
 Reference value :  2.67683e-07
 Reference value :  2.68058e-07
 Reference value :  2.68488e-07
 Reference value :  2.68883e-07
 Reference value :  2.69313e-07
 Reference value :  2.69723e-07
 Reference value :  2.70103e-07
 Reference value :  2.70503e-07
 Reference value :  2.70898e-07
 Reference value :  2.71263e-07
 Reference value :  2.71633e-07
 Reference value :  2.72028e-07
 Reference value :  2.72403e-07
 Reference value :  2.72723e-07
 Reference value :  2.73033e-07
 Reference value :  2.73433e-07
 Reference value :  2.73853e-07
 Reference value :  2.74268e-07
 Reference value :  2.74693e-07
 Reference value :  2.75113e-07
 Reference value :  2.75503e-07
 Reference value :  2.75873e-07
 Reference value :  2.76228e-07
 Reference value :  2.76603e-07
 Reference value :  2.77023e-07
 Reference value :  2.77413e-07
 Reference value :  2.77803e-07
 Reference value :  2.78153e-07
 Reference value :  2.78533e-07
 Reference value :  2.78953e-07
 Reference value :  2.79333e-07
 Reference value :  2.79758e-07
 Reference value :  2.80178e-07
 Reference value :  2.80573e-07
 Reference value :  2.80923e-07
 Reference value :  2.81273e-07
 Reference value :  2.81648e-07
 Reference value :  2.81998e-07
 Reference value :  2.82343e-07
 Reference value :  2.82703e-07
 Reference value :  2.83063e-07
 Reference value :  2.83408e-07
 Reference value :  2.83763e-07
 Reference value :  2.84143e-07
 Reference value :  2.84523e-07
 Reference value :  2.84933e-07
 Reference value :  2.85303e-07
 Reference value :  2.85632e-07
 Reference value :  2.85992e-07
 Reference value :  2.86367e-07
 Reference value :  2.86752e-07
 Reference value :  2.87087e-07
 Reference value :  2.87397e-07
 Reference value :  2.87792e-07
 Reference value :  2.88137e-07
 Reference value :  2.88497e-07
 Reference value :  2.88857e-07
 Reference value :  2.89227e-07
 Reference value :  2.89577e-07
 Reference value :  2.90002e-07
 Reference value :  2.90362e-07
 Reference value :  2.90732e-07
 Reference value :  2.91162e-07
 Reference value :  2.91527e-07
 Reference value :  2.91887e-07
 Reference value :  2.92222e-07
 Reference value :  2.92622e-07
 Reference value :  2.92987e-07
 Reference value :  2.93342e-07
 Reference value :  2.93752e-07
 Reference value :  2.94097e-07
 Reference value :  2.94472e-07
 Reference value :  2.94827e-07
 Reference value :  2.95187e-07
 Reference value :  2.95582e-07
 Reference value :  2.96007e-07
 Reference value :  2.96382e-07
 Reference value :  2.96752e-07
 Reference value :  2.97097e-07
 Reference value :  2.97447e-07
 Reference value :  2.97852e-07
 Reference value :  2.98167e-07
 Reference value :  2.98532e-07
 Reference value :  2.98882e-07
 Reference value :  2.99232e-07
 Reference value :  2.99567e-07
 Reference value :  2.99922e-07
 Reference value :  3.00197e-07
 Reference value :  3.00537e-07
 Reference value :  3.00932e-07
 Reference value :  3.01272e-07
 Reference value :  3.01577e-07
 Reference value :  3.01897e-07
 Reference value :  3.02187e-07
 Reference value :  3.02472e-07
 Reference value :  3.02727e-07
 Reference value :  3.02977e-07
 Reference value :  3.03232e-07
 Reference value :  3.03527e-07
 Reference value :  3.03832e-07
 Reference value :  3.04177e-07
 Reference value :  3.04477e-07
 Reference value :  3.04807e-07
 Reference value :  3.05152e-07
 Reference value :  3.05477e-07
 Reference value :  3.05797e-07
 Reference value :  3.06132e-07
 Reference value :  3.06447e-07
 Reference value :  3.06752e-07
 Reference value :  3.07092e-07
 Reference value :  3.07432e-07
 Reference value :  3.07732e-07
 Reference value :  3.07977e-07
 Reference value :  3.08227e-07
 Reference value :  3.08497e-07
 Reference value :  3.08782e-07
 Reference value :  3.09112e-07
 Reference value :  3.09427e-07
 Reference value :  3.09732e-07
 Reference value :  3.10127e-07
 Reference value :  3.10532e-07
 Reference value :  3.10887e-07
 Reference value :  3.11197e-07
 Reference value :  3.11577e-07
 Reference value :  3.11887e-07
 Reference value :  3.12177e-07
 Reference value :  3.12482e-07
 Reference value :  3.12817e-07
 Reference value :  3.13127e-07
 Reference value :  3.13442e-07
 Reference value :  3.13742e-07
 Reference value :  3.14057e-07
 Reference value :  3.14397e-07
 Reference value :  3.14732e-07
 Reference value :  3.15052e-07
 Reference value :  3.15402e-07
 Reference value :  3.15722e-07
 Reference value :  3.16047e-07
 Reference value :  3.16367e-07
 Reference value :  3.16682e-07
 Reference value :  3.17032e-07
 Reference value :  3.17332e-07
 Reference value :  3.17682e-07
 Reference value :  3.17997e-07
 Reference value :  3.18312e-07
 Reference value :  3.18667e-07
 Reference value :  3.18997e-07
 Reference value :  3.19297e-07
 Reference value :  3.19622e-07
 Reference value :  3.19902e-07
 Reference value :  3.20147e-07
 Reference value :  3.20437e-07
 Reference value :  3.20697e-07
 Reference value :  3.20972e-07
 Reference value :  3.21257e-07
 Reference value :  3.21537e-07
 Reference value :  3.21812e-07
 Reference value :  3.22097e-07
 Reference value :  3.22382e-07
 Reference value :  3.22662e-07
 Reference value :  3.22947e-07
 Reference value :  3.23237e-07
 Reference value :  3.23527e-07
 Reference value :  3.23817e-07
 Reference value :  3.24112e-07
 Reference value :  3.24402e-07
 Reference value :  3.24697e-07
 Reference value :  3.25057e-07
 Reference value :  3.25432e-07
 Reference value :  3.25762e-07
 Reference value :  3.26137e-07
 Reference value :  3.26512e-07
 Reference value :  3.26892e-07
 Reference value :  3.27237e-07
 Reference value :  3.27647e-07
 Reference value :  3.28022e-07
 Reference value :  3.28377e-07
 Reference value :  3.28702e-07
 Reference value :  3.29022e-07
 Reference value :  3.29427e-07
 Reference value :  3.29837e-07
 Reference value :  3.30217e-07
 Reference value :  3.30517e-07
 Reference value :  3.30877e-07
 Reference value :  3.31217e-07
 Reference value :  3.31627e-07
 Reference value :  3.32027e-07
 Reference value :  3.32407e-07
 Reference value :  3.32687e-07
 Reference value :  3.33007e-07
 Reference value :  3.33362e-07
 Reference value :  3.33667e-07
 Reference value :  3.33972e-07
 Reference value :  3.34387e-07
 Reference value :  3.34797e-07
 Reference value :  3.35167e-07
 Reference value :  3.35497e-07
 Reference value :  3.35887e-07
 Reference value :  3.36237e-07
 Reference value :  3.36632e-07
 Reference value :  3.37027e-07
 Reference value :  3.37437e-07
 Reference value :  3.37837e-07
 Reference value :  3.38172e-07
 Reference value :  3.38507e-07
 Reference value :  3.38822e-07
 Reference value :  3.39162e-07
 Reference value :  3.39552e-07
 Reference value :  3.39907e-07
 Reference value :  3.40207e-07
 Reference value :  3.40527e-07
 Reference value :  3.40832e-07
 Reference value :  3.41182e-07
 Reference value :  3.41497e-07
 Reference value :  3.41907e-07
 Reference value :  3.42312e-07
 Reference value :  3.42722e-07
 Reference value :  3.43087e-07
 Reference value :  3.43382e-07
 Reference value :  3.43667e-07
 Reference value :  3.44042e-07
 Reference value :  3.44367e-07
 Reference value :  3.44737e-07
 Reference value :  3.45057e-07
 Reference value :  3.45437e-07
 Reference value :  3.45817e-07
 Reference value :  3.46122e-07
 Reference value :  3.46457e-07
 Reference value :  3.46822e-07
 Reference value :  3.47217e-07
 Reference value :  3.47627e-07
 Reference value :  3.47962e-07
 Reference value :  3.48257e-07
 Reference value :  3.48602e-07
 Reference value :  3.48922e-07
 Reference value :  3.49267e-07
 Reference value :  3.49567e-07
 Reference value :  3.49857e-07
 Reference value :  3.50152e-07
 Reference value :  3.50432e-07
 Reference value :  3.50712e-07
 Reference value :  3.51037e-07
 Reference value :  3.51347e-07
 Reference value :  3.51747e-07
 Reference value :  3.52122e-07
 Reference value :  3.52497e-07
 Reference value :  3.52852e-07
 Reference value :  3.53182e-07
 Reference value :  3.53557e-07
 Reference value :  3.53967e-07
 Reference value :  3.54337e-07
 Reference value :  3.54647e-07
 Reference value :  3.54982e-07
 Reference value :  3.55367e-07
 Reference value :  3.55772e-07
 Reference value :  3.56172e-07
 Reference value :  3.56507e-07
 Reference value :  3.56902e-07
 Reference value :  3.57282e-07
 Reference value :  3.57622e-07
 Reference value :  3.57962e-07
 Reference value :  3.58272e-07
 Reference value :  3.58582e-07
 Reference value :  3.58962e-07
 Reference value :  3.59302e-07
 Reference value :  3.59637e-07
 Reference value :  3.60042e-07
 Reference value :  3.60457e-07
 Reference value :  3.60872e-07
 Reference value :  3.61242e-07
 Reference value :  3.61567e-07
 Reference value :  3.61932e-07
 Reference value :  3.62322e-07
 Reference value :  3.62662e-07
 Reference value :  3.63032e-07
 Reference value :  3.63357e-07
 Reference value :  3.63757e-07
 Reference value :  3.64097e-07
 Reference value :  3.64382e-07
 Reference value :  3.64737e-07
 Reference value :  3.65067e-07
 Reference value :  3.65407e-07
 Reference value :  3.65797e-07
 Reference value :  3.66172e-07
 Reference value :  3.66522e-07
 Reference value :  3.66852e-07
 Reference value :  3.67217e-07
 Reference value :  3.67582e-07
 Reference value :  3.67972e-07
 Reference value :  3.68317e-07
 Reference value :  3.68672e-07
 Reference value :  3.69032e-07
 Reference value :  3.69352e-07
 Reference value :  3.69637e-07
 Reference value :  3.69907e-07
 Reference value :  3.70187e-07
 Reference value :  3.70492e-07
 Reference value :  3.70817e-07
 Reference value :  3.71157e-07
 Reference value :  3.71497e-07
 Reference value :  3.71842e-07
 Reference value :  3.72122e-07
 Reference value :  3.72427e-07
 Reference value :  3.72772e-07
 Reference value :  3.73112e-07
 Reference value :  3.73432e-07
 Reference value :  3.73727e-07
 Reference value :  3.74022e-07
 Reference value :  3.74347e-07
 Reference value :  3.74707e-07
 Reference value :  3.75012e-07
 Reference value :  3.75342e-07
 Reference value :  3.75652e-07
 Reference value :  3.75962e-07
 Reference value :  3.76262e-07
 Reference value :  3.76597e-07
 Reference value :  3.76917e-07
 Reference value :  3.77227e-07
 Reference value :  3.77537e-07
 Reference value :  3.77917e-07
 Reference value :  3.78242e-07
 Reference value :  3.78552e-07
 Reference value :  3.78847e-07
 Reference value :  3.79172e-07
 Reference value :  3.79497e-07
 Reference value :  3.79797e-07
 Reference value :  3.80132e-07
 Reference value :  3.80502e-07
 Reference value :  3.80807e-07
 Reference value :  3.81177e-07
 Reference value :  3.81482e-07
 Reference value :  3.81797e-07
 Reference value :  3.82107e-07
 Reference value :  3.82432e-07
 Reference value :  3.82762e-07
 Reference value :  3.83107e-07
 Reference value :  3.83427e-07
 Reference value :  3.83732e-07
 Reference value :  3.84042e-07
 Reference value :  3.84367e-07
 Reference value :  3.84717e-07
 Reference value :  3.85052e-07
 Reference value :  3.85372e-07
 Reference value :  3.85712e-07
 Reference value :  3.86037e-07
 Reference value :  3.86382e-07
 Reference value :  3.86707e-07
 Reference value :  3.87007e-07
 Reference value :  3.87307e-07
 Reference value :  3.87637e-07
 Reference value :  3.87962e-07
 Reference value :  3.88287e-07
 Reference value :  3.88637e-07
 Reference value :  3.88997e-07
 Reference value :  3.89312e-07
 Reference value :  3.89662e-07
 Reference value :  3.90047e-07
 Reference value :  3.90392e-07
 Reference value :  3.90717e-07
 Reference value :  3.91057e-07
 Reference value :  3.91357e-07
 Reference value :  3.91642e-07
 Reference value :  3.91982e-07
 Reference value :  3.92287e-07
 Reference value :  3.92597e-07
 Reference value :  3.92912e-07
 Reference value :  3.93202e-07
 Reference value :  3.93517e-07
 Reference value :  3.93807e-07
 Reference value :  3.94097e-07
 Reference value :  3.94382e-07
 Reference value :  3.94752e-07
 Reference value :  3.95142e-07
 Reference value :  3.95512e-07
 Reference value :  3.95862e-07
 Reference value :  3.96182e-07
 Reference value :  3.96497e-07
 Reference value :  3.96812e-07
 Reference value :  3.97167e-07
 Reference value :  3.97492e-07
 Reference value :  3.97797e-07
 Reference value :  3.98102e-07
 Reference value :  3.98417e-07
 Reference value :  3.98757e-07
 Reference value :  3.99057e-07
 Reference value :  3.99402e-07
 Reference value :  3.99822e-07
 Reference value :  4.00222e-07
 Reference value :  4.00632e-07
 Reference value :  4.00972e-07
 Reference value :  4.01257e-07
 Reference value :  4.01577e-07
 Reference value :  4.01892e-07
 Reference value :  4.02332e-07
 Reference value :  4.02712e-07
 Reference value :  4.03057e-07
 Reference value :  4.03422e-07
 Reference value :  4.03852e-07
 Reference value :  4.04262e-07
 Reference value :  4.04717e-07
 Reference value :  4.05182e-07
 Reference value :  4.05647e-07
 Reference value :  4.06037e-07
 Reference value :  4.06397e-07
 Reference value :  4.06747e-07
 Reference value :  4.07152e-07
 Reference value :  4.07552e-07
 Reference value :  4.07907e-07
 Reference value :  4.08272e-07
 Reference value :  4.08612e-07
 Reference value :  4.08997e-07
 Reference value :  4.09352e-07
 Reference value :  4.09737e-07
 Reference value :  4.10147e-07
 Reference value :  4.10582e-07
 Reference value :  4.10962e-07
 Reference value :  4.11357e-07
 Reference value :  4.11707e-07
 Reference value :  4.12077e-07
 Reference value :  4.12447e-07
 Reference value :  4.12822e-07
 Reference value :  4.13207e-07
 Reference value :  4.13552e-07
 Reference value :  4.13912e-07
 Reference value :  4.14297e-07
 Reference value :  4.14622e-07
 Reference value :  4.14972e-07
 Reference value :  4.15347e-07
 Reference value :  4.15722e-07
 Reference value :  4.16077e-07
 Reference value :  4.16472e-07
 Reference value :  4.16837e-07
 Reference value :  4.17212e-07
 Reference value :  4.17567e-07
 Reference value :  4.17957e-07
 Reference value :  4.18312e-07
 Reference value :  4.18682e-07
 Reference value :  4.19027e-07
 Reference value :  4.19387e-07
 Reference value :  4.19782e-07
 Reference value :  4.20137e-07
 Reference value :  4.20477e-07
 Reference value :  4.20802e-07
 Reference value :  4.21127e-07
 Reference value :  4.21457e-07
 Reference value :  4.21792e-07
 Reference value :  4.22122e-07
 Reference value :  4.22452e-07
 Reference value :  4.22777e-07
 Reference value :  4.23112e-07
 Reference value :  4.23437e-07
 Reference value :  4.23772e-07
 Reference value :  4.24112e-07
 Reference value :  4.24512e-07
 Reference value :  4.24872e-07
 Reference value :  4.25262e-07
 Reference value :  4.25732e-07
 Reference value :  4.26217e-07
 Reference value :  4.26667e-07
 Reference value :  4.27092e-07
 Reference value :  4.27507e-07
 Reference value :  4.27952e-07
 Reference value :  4.28352e-07
 Reference value :  4.28717e-07
 Reference value :  4.29152e-07
 Reference value :  4.29572e-07
 Reference value :  4.29987e-07
 Reference value :  4.30342e-07
 Reference value :  4.30802e-07
 Reference value :  4.31262e-07
 Reference value :  4.31637e-07
 Reference value :  4.32077e-07
 Reference value :  4.32537e-07
 Reference value :  4.32997e-07
 Reference value :  4.33392e-07
 Reference value :  4.33807e-07
 Reference value :  4.34217e-07
 Reference value :  4.34622e-07
 Reference value :  4.35017e-07
 Reference value :  4.35452e-07
 Reference value :  4.35912e-07
 Reference value :  4.36362e-07
 Reference value :  4.36747e-07
 Reference value :  4.37232e-07
 Reference value :  4.37692e-07
 Reference value :  4.38087e-07
 Reference value :  4.38467e-07
 Reference value :  4.38852e-07
 Reference value :  4.39292e-07
 Reference value :  4.39697e-07
 Reference value :  4.40097e-07
 Reference value :  4.40537e-07
 Reference value :  4.40947e-07
 Reference value :  4.41387e-07
 Reference value :  4.41887e-07
 Reference value :  4.42387e-07
 Reference value :  4.42842e-07
 Reference value :  4.43227e-07
 Reference value :  4.43657e-07
 Reference value :  4.44087e-07
 Reference value :  4.44457e-07
 Reference value :  4.44832e-07
 Reference value :  4.45252e-07
 Reference value :  4.45752e-07
 Reference value :  4.46187e-07
 Reference value :  4.46627e-07
 Reference value :  4.47122e-07
 Reference value :  4.47582e-07
 Reference value :  4.48037e-07
 Reference value :  4.48412e-07
 Reference value :  4.48772e-07
 Reference value :  4.49192e-07
 Reference value :  4.49607e-07
 Reference value :  4.50027e-07
 Reference value :  4.50467e-07
 Reference value :  4.50912e-07
 Reference value :  4.51377e-07
 Reference value :  4.51732e-07
 Reference value :  4.52132e-07
 Reference value :  4.52557e-07
 Reference value :  4.52987e-07
 Reference value :  4.53337e-07
 Reference value :  4.53642e-07
 Reference value :  4.53932e-07
 Reference value :  4.54242e-07
 Reference value :  4.54527e-07
 Reference value :  4.54897e-07
 Reference value :  4.55192e-07
 Reference value :  4.55532e-07
 Reference value :  4.55847e-07
 Reference value :  4.56202e-07
 Reference value :  4.56522e-07
 Reference value :  4.56912e-07
 Reference value :  4.57237e-07
 Reference value :  4.57642e-07
 Reference value :  4.58052e-07
 Reference value :  4.58392e-07
 Reference value :  4.58737e-07
 Reference value :  4.59082e-07
 Reference value :  4.59487e-07
 Reference value :  4.59897e-07
 Reference value :  4.60307e-07
 Reference value :  4.60612e-07
 Reference value :  4.60962e-07
 Reference value :  4.61347e-07
 Reference value :  4.61697e-07
 Reference value :  4.62092e-07
 Reference value :  4.62472e-07
 Reference value :  4.62812e-07
 Reference value :  4.63167e-07
 Reference value :  4.63532e-07
 Reference value :  4.63847e-07
 Reference value :  4.64137e-07
 Reference value :  4.64497e-07
 Reference value :  4.64877e-07
 Reference value :  4.65262e-07
 Reference value :  4.65587e-07
 Reference value :  4.65887e-07
 Reference value :  4.66197e-07
 Reference value :  4.66542e-07
 Reference value :  4.66942e-07
 Reference value :  4.67347e-07
 Reference value :  4.67747e-07
 Reference value :  4.68052e-07
 Reference value :  4.68407e-07
 Reference value :  4.68737e-07
 Reference value :  4.69027e-07
 Reference value :  4.69347e-07
 Reference value :  4.69662e-07
 Reference value :  4.70012e-07
 Reference value :  4.70307e-07
 Reference value :  4.70602e-07
 Reference value :  4.70887e-07
 Reference value :  4.71227e-07
 Reference value :  4.71567e-07
 Reference value :  4.71877e-07
 Reference value :  4.72207e-07
 Reference value :  4.72542e-07
 Reference value :  4.72877e-07
 Reference value :  4.73222e-07
 Reference value :  4.73512e-07
 Reference value :  4.73817e-07
 Reference value :  4.74177e-07
 Reference value :  4.74502e-07
 Reference value :  4.74842e-07
 Reference value :  4.75157e-07
 Reference value :  4.75452e-07
 Reference value :  4.75737e-07
 Reference value :  4.76012e-07
 Reference value :  4.76297e-07
 Reference value :  4.76612e-07
 Reference value :  4.76937e-07
 Reference value :  4.77282e-07
 Reference value :  4.77642e-07
 Reference value :  4.78002e-07
 Reference value :  4.78307e-07
 Reference value :  4.78642e-07
 Reference value :  4.78947e-07
 Reference value :  4.79262e-07
 Reference value :  4.79602e-07
 Reference value :  4.79887e-07
 Reference value :  4.80192e-07
 Reference value :  4.80537e-07
 Reference value :  4.80882e-07
 Reference value :  4.81212e-07
 Reference value :  4.81518e-07
 Reference value :  4.81838e-07
 Reference value :  4.82148e-07
 Reference value :  4.82483e-07
 Reference value :  4.82843e-07
 Reference value :  4.83153e-07
 Reference value :  4.83443e-07
 Reference value :  4.83758e-07
 Reference value :  4.84098e-07
 Reference value :  4.84403e-07
 Reference value :  4.84698e-07
 Reference value :  4.84978e-07
 Reference value :  4.85243e-07
 Reference value :  4.85538e-07
 Reference value :  4.85838e-07
 Reference value :  4.86228e-07
 Reference value :  4.86578e-07
 Reference value :  4.86948e-07
 Reference value :  4.87348e-07
 Reference value :  4.87713e-07
 Reference value :  4.88038e-07
 Reference value :  4.88353e-07
 Reference value :  4.88668e-07
 Reference value :  4.88988e-07
 Reference value :  4.89333e-07
 Reference value :  4.89623e-07
 Reference value :  4.89918e-07
 Reference value :  4.90238e-07
 Reference value :  4.90538e-07
 Reference value :  4.90798e-07
 Reference value :  4.91128e-07
 Reference value :  4.91473e-07
 Reference value :  4.91823e-07
 Reference value :  4.92198e-07
 Reference value :  4.92578e-07
 Reference value :  4.92883e-07
 Reference value :  4.93203e-07
 Reference value :  4.93508e-07
 Reference value :  4.93883e-07
 Reference value :  4.94228e-07
 Reference value :  4.94508e-07
 Reference value :  4.94793e-07
 Reference value :  4.95093e-07
 Reference value :  4.95418e-07
 Reference value :  4.95738e-07
 Reference value :  4.96123e-07
 Reference value :  4.96493e-07
 Reference value :  4.96798e-07
 Reference value :  4.97108e-07
 Reference value :  4.97423e-07
 Reference value :  4.97708e-07
 Reference value :  4.98018e-07
 Reference value :  4.98353e-07
 Reference value :  4.98658e-07
 Reference value :  4.99038e-07
 Reference value :  4.99338e-07
 Reference value :  4.99668e-07
 Reference value :  5.00028e-07
 Reference value :  5.00353e-07
 Reference value :  5.00643e-07
 Reference value :  5.00938e-07
 Reference value :  5.01288e-07
 Reference value :  5.01618e-07
 Reference value :  5.01918e-07
 Reference value :  5.02208e-07
 Reference value :  5.02483e-07
 Reference value :  5.02833e-07
 Reference value :  5.03183e-07
 Reference value :  5.03503e-07
 Reference value :  5.03813e-07
 Reference value :  5.04093e-07
 Reference value :  5.04408e-07
 Reference value :  5.04673e-07
 Reference value :  5.04943e-07
 Reference value :  5.05258e-07
 Reference value :  5.05593e-07
 Reference value :  5.05918e-07
 Reference value :  5.06233e-07
 Reference value :  5.06583e-07
 Reference value :  5.06883e-07
 Reference value :  5.07198e-07
 Reference value :  5.07488e-07
 Reference value :  5.07828e-07
 Reference value :  5.08188e-07
 Reference value :  5.08483e-07
 Reference value :  5.08788e-07
 Reference value :  5.09093e-07
 Reference value :  5.09418e-07
 Reference value :  5.09728e-07
 Reference value :  5.10068e-07
 Reference value :  5.10408e-07
 Reference value :  5.10738e-07
 Reference value :  5.11038e-07
 Reference value :  5.11363e-07
 Reference value :  5.11668e-07
 Reference value :  5.11988e-07
 Reference value :  5.12298e-07
 Reference value :  5.12568e-07
 Reference value :  5.12838e-07
 Reference value :  5.13163e-07
 Reference value :  5.13478e-07
 Reference value :  5.13783e-07
 Reference value :  5.14133e-07
 Reference value :  5.14428e-07
 Reference value :  5.14753e-07
 Reference value :  5.15068e-07
 Reference value :  5.15408e-07
 Reference value :  5.15768e-07
 Reference value :  5.16083e-07
 Reference value :  5.16413e-07
 Reference value :  5.16743e-07
 Reference value :  5.17053e-07
 Reference value :  5.17393e-07
 Reference value :  5.17728e-07
 Reference value :  5.18008e-07
 Reference value :  5.18298e-07
 Reference value :  5.18548e-07
 Reference value :  5.18868e-07
 Reference value :  5.19143e-07
 Reference value :  5.19463e-07
 Reference value :  5.19823e-07
 Reference value :  5.20133e-07
 Reference value :  5.20473e-07
 Reference value :  5.20853e-07
 Reference value :  5.21133e-07
 Reference value :  5.21478e-07
 Reference value :  5.21773e-07
 Reference value :  5.22133e-07
 Reference value :  5.22488e-07
 Reference value :  5.22873e-07
 Reference value :  5.23193e-07
 Reference value :  5.23533e-07
 Reference value :  5.23928e-07
 Reference value :  5.24318e-07
 Reference value :  5.24728e-07
 Reference value :  5.25138e-07
 Reference value :  5.25508e-07
 Reference value :  5.25878e-07
 Reference value :  5.26253e-07
 Reference value :  5.26588e-07
 Reference value :  5.26913e-07
 Reference value :  5.27293e-07
 Reference value :  5.27638e-07
 Reference value :  5.27998e-07
 Reference value :  5.28313e-07
 Reference value :  5.28713e-07
 Reference value :  5.29058e-07
 Reference value :  5.29453e-07
 Reference value :  5.29833e-07
 Reference value :  5.30223e-07
 Reference value :  5.30623e-07
 Reference value :  5.30998e-07
 Reference value :  5.31333e-07
 Reference value :  5.31648e-07
 Reference value :  5.32003e-07
 Reference value :  5.32378e-07
 Reference value :  5.32783e-07
 Reference value :  5.33118e-07
 Reference value :  5.33458e-07
 Reference value :  5.33843e-07
 Reference value :  5.34268e-07
 Reference value :  5.34683e-07
 Reference value :  5.35108e-07
 Reference value :  5.35503e-07
 Reference value :  5.35873e-07
 Reference value :  5.36218e-07
 Reference value :  5.36558e-07
 Reference value :  5.36893e-07
 Reference value :  5.37158e-07
 Reference value :  5.37438e-07
 Reference value :  5.37783e-07
 Reference value :  5.38133e-07
 Reference value :  5.38463e-07
 Reference value :  5.38808e-07
 Reference value :  5.39208e-07
 Reference value :  5.39608e-07
 Reference value :  5.39948e-07
 Reference value :  5.40303e-07
 Reference value :  5.40678e-07
 Reference value :  5.41003e-07
 Reference value :  5.41358e-07
 Reference value :  5.41703e-07
 Reference value :  5.42083e-07
 Reference value :  5.42458e-07
 Reference value :  5.42778e-07
 Reference value :  5.43148e-07
 Reference value :  5.43468e-07
 Reference value :  5.43763e-07
 Reference value :  5.44123e-07
 Reference value :  5.44528e-07
 Reference value :  5.44923e-07
 Reference value :  5.45318e-07
 Reference value :  5.45628e-07
 Reference value :  5.45933e-07
 Reference value :  5.46313e-07
 Reference value :  5.46673e-07
 Reference value :  5.47053e-07
 Reference value :  5.47403e-07
 Reference value :  5.47718e-07
 Reference value :  5.48058e-07
 Reference value :  5.48403e-07
 Reference value :  5.48728e-07
 Reference value :  5.49053e-07
 Reference value :  5.49398e-07
 Reference value :  5.49693e-07
 Reference value :  5.50093e-07
 Reference value :  5.50468e-07
 Reference value :  5.50763e-07
 Reference value :  5.51123e-07
 Reference value :  5.51518e-07
 Reference value :  5.51878e-07
 Reference value :  5.52208e-07
 Reference value :  5.52518e-07
 Reference value :  5.52848e-07
 Reference value :  5.53243e-07
 Reference value :  5.53523e-07
 Reference value :  5.53863e-07
 Reference value :  5.54233e-07
 Reference value :  5.54573e-07
 Reference value :  5.54918e-07
 Reference value :  5.55273e-07
 Reference value :  5.55568e-07
 Reference value :  5.55883e-07
 Reference value :  5.56253e-07
 Reference value :  5.56623e-07
 Reference value :  5.56963e-07
 Reference value :  5.57313e-07
 Reference value :  5.57643e-07
 Reference value :  5.58003e-07
 Reference value :  5.58318e-07
 Reference value :  5.58628e-07
 Reference value :  5.58963e-07
 Reference value :  5.59318e-07
 Reference value :  5.59638e-07
 Reference value :  5.59958e-07
 Reference value :  5.60253e-07
 Reference value :  5.60628e-07
 Reference value :  5.60998e-07
 Reference value :  5.61383e-07
 Reference value :  5.61693e-07
 Reference value :  5.61993e-07
 Reference value :  5.62323e-07
 Reference value :  5.62668e-07
 Reference value :  5.62973e-07
 Reference value :  5.63313e-07
 Reference value :  5.63618e-07
 Reference value :  5.63938e-07
 Reference value :  5.64318e-07
 Reference value :  5.64668e-07
 Reference value :  5.64988e-07
 Reference value :  5.65288e-07
 Reference value :  5.65613e-07
 Reference value :  5.66008e-07
 Reference value :  5.66368e-07
 Reference value :  5.66683e-07
 Reference value :  5.67003e-07
 Reference value :  5.67378e-07
 Reference value :  5.67768e-07
 Reference value :  5.68078e-07
 Reference value :  5.68383e-07
 Reference value :  5.68668e-07
 Reference value :  5.68978e-07
 Reference value :  5.69293e-07
 Reference value :  5.69553e-07
 Reference value :  5.69823e-07
 Reference value :  5.70083e-07
 Reference value :  5.70408e-07
 Reference value :  5.70748e-07
 Reference value :  5.71048e-07
 Reference value :  5.71358e-07
 Reference value :  5.71638e-07
 Reference value :  5.71938e-07
 Reference value :  5.72233e-07
 Reference value :  5.72508e-07
 Reference value :  5.72763e-07
 Reference value :  5.73078e-07
 Reference value :  5.73398e-07
 Reference value :  5.73678e-07
 Reference value :  5.73963e-07
 Reference value :  5.74228e-07
 Reference value :  5.74533e-07
 Reference value :  5.74823e-07
 Reference value :  5.75103e-07
 Reference value :  5.75363e-07
 Reference value :  5.75668e-07
 Reference value :  5.76003e-07
 Reference value :  5.76318e-07
 Reference value :  5.76608e-07
 Reference value :  5.76918e-07
 Reference value :  5.77208e-07
 Reference value :  5.77503e-07
 Reference value :  5.77883e-07
 Reference value :  5.78243e-07
 Reference value :  5.78548e-07
 Reference value :  5.78848e-07
 Reference value :  5.79108e-07
 Reference value :  5.79393e-07
 Reference value :  5.79703e-07
 Reference value :  5.80008e-07
 Reference value :  5.80293e-07
 Reference value :  5.80568e-07
 Reference value :  5.80903e-07
 Reference value :  5.81213e-07
 Reference value :  5.81508e-07
 Reference value :  5.81803e-07
 Reference value :  5.82118e-07
 Reference value :  5.82418e-07
 Reference value :  5.82698e-07
 Reference value :  5.82983e-07
 Reference value :  5.83318e-07
 Reference value :  5.83618e-07
 Reference value :  5.83918e-07
 Reference value :  5.84258e-07
 Reference value :  5.84563e-07
 Reference value :  5.84908e-07
 Reference value :  5.85228e-07
 Reference value :  5.85533e-07
 Reference value :  5.85833e-07
 Reference value :  5.86128e-07
 Reference value :  5.86443e-07
 Reference value :  5.86778e-07
 Reference value :  5.87058e-07
 Reference value :  5.87353e-07
 Reference value :  5.87658e-07
 Reference value :  5.87973e-07
 Reference value :  5.88258e-07
 Reference value :  5.88543e-07
 Reference value :  5.88843e-07
 Reference value :  5.89153e-07
 Reference value :  5.89473e-07
 Reference value :  5.89813e-07
 Reference value :  5.90208e-07
 Reference value :  5.90543e-07
 Reference value :  5.90828e-07
 Reference value :  5.91083e-07
 Reference value :  5.91318e-07
 Reference value :  5.91558e-07
 Reference value :  5.91833e-07
 Reference value :  5.92128e-07
 Reference value :  5.92448e-07
 Reference value :  5.92753e-07
 Reference value :  5.93093e-07
 Reference value :  5.93438e-07
 Reference value :  5.93728e-07
 Reference value :  5.94023e-07
 Reference value :  5.94268e-07
 Reference value :  5.94548e-07
 Reference value :  5.94838e-07
 Reference value :  5.95143e-07
 Reference value :  5.95498e-07
 Reference value :  5.95798e-07
 Reference value :  5.96088e-07
 Reference value :  5.96363e-07
 Reference value :  5.96668e-07
 Reference value :  5.96953e-07
 Reference value :  5.97288e-07
 Reference value :  5.97628e-07
 Reference value :  5.97943e-07
 Reference value :  5.98268e-07
 Reference value :  5.98578e-07
 Reference value :  5.98888e-07
 Reference value :  5.99228e-07
 Reference value :  5.99528e-07
 Reference value :  5.99838e-07
 Reference value :  6.00133e-07
 Reference value :  6.00448e-07
 Reference value :  6.00733e-07
 Reference value :  6.01023e-07
 Reference value :  6.01298e-07
 Reference value :  6.01588e-07
 Reference value :  6.01873e-07
 Reference value :  6.02173e-07
 Reference value :  6.02443e-07
 Reference value :  6.02713e-07
 Reference value :  6.03073e-07
 Reference value :  6.03393e-07
 Reference value :  6.03693e-07
 Reference value :  6.04028e-07
 Reference value :  6.04363e-07
 Reference value :  6.04673e-07
 Reference value :  6.05023e-07
 Reference value :  6.05343e-07
 Reference value :  6.05628e-07
 Reference value :  6.05898e-07
 Reference value :  6.06168e-07
 Reference value :  6.06443e-07
 Reference value :  6.06783e-07
 Reference value :  6.07078e-07
 Reference value :  6.07388e-07
 Reference value :  6.07728e-07
 Reference value :  6.08113e-07
 Reference value :  6.08423e-07
 Reference value :  6.08723e-07
 Reference value :  6.09018e-07
 Reference value :  6.09343e-07
 Reference value :  6.09663e-07
 Reference value :  6.09953e-07
 Reference value :  6.10228e-07
 Reference value :  6.10538e-07
 Reference value :  6.10878e-07
 Reference value :  6.11223e-07
 Reference value :  6.11533e-07
 Reference value :  6.11833e-07
 Reference value :  6.12123e-07
 Reference value :  6.12423e-07
 Reference value :  6.12768e-07
 Reference value :  6.13128e-07
 Reference value :  6.13413e-07
 Reference value :  6.13668e-07
 Reference value :  6.13963e-07
 Reference value :  6.14263e-07
 Reference value :  6.14573e-07
 Reference value :  6.14863e-07
 Reference value :  6.15158e-07
 Reference value :  6.15453e-07
 Reference value :  6.15818e-07
 Reference value :  6.16143e-07
 Reference value :  6.16518e-07
 Reference value :  6.16813e-07
 Reference value :  6.17128e-07
 Reference value :  6.17468e-07
 Reference value :  6.17798e-07
 Reference value :  6.18108e-07
 Reference value :  6.18403e-07
 Reference value :  6.18673e-07
 Reference value :  6.18963e-07
 Reference value :  6.19268e-07
 Reference value :  6.19563e-07
 Reference value :  6.19853e-07
 Reference value :  6.20133e-07
 Reference value :  6.20458e-07
 Reference value :  6.20828e-07
 Reference value :  6.21163e-07
 Reference value :  6.21458e-07
 Reference value :  6.21748e-07
 Reference value :  6.22033e-07
 Reference value :  6.22323e-07
 Reference value :  6.22663e-07
 Reference value :  6.23008e-07
 Reference value :  6.23398e-07
 Reference value :  6.23733e-07
 Reference value :  6.24088e-07
 Reference value :  6.24458e-07
 Reference value :  6.24813e-07
 Reference value :  6.25178e-07
 Reference value :  6.25568e-07
 Reference value :  6.25968e-07
 Reference value :  6.26358e-07
 Reference value :  6.26733e-07
 Reference value :  6.27073e-07
 Reference value :  6.27448e-07
 Reference value :  6.27808e-07
 Reference value :  6.28203e-07
 Reference value :  6.28538e-07
 Reference value :  6.28848e-07
 Reference value :  6.29178e-07
 Reference value :  6.29443e-07
 Reference value :  6.29843e-07
 Reference value :  6.30243e-07
 Reference value :  6.30593e-07
 Reference value :  6.31008e-07
 Reference value :  6.31378e-07
 Reference value :  6.31743e-07
 Reference value :  6.32108e-07
 Reference value :  6.32418e-07
 Reference value :  6.32763e-07
 Reference value :  6.33103e-07
 Reference value :  6.33513e-07
 Reference value :  6.33858e-07
 Reference value :  6.34188e-07
 Reference value :  6.34578e-07
 Reference value :  6.34973e-07
 Reference value :  6.35368e-07
 Reference value :  6.35718e-07
 Reference value :  6.36063e-07
 Reference value :  6.36438e-07
 Reference value :  6.36803e-07
 Reference value :  6.37163e-07
 Reference value :  6.37508e-07
 Reference value :  6.37858e-07
 Reference value :  6.38123e-07
 Reference value :  6.38478e-07
 Reference value :  6.38798e-07
 Reference value :  6.39108e-07
 Reference value :  6.39453e-07
 Reference value :  6.39853e-07
 Reference value :  6.40243e-07
 Reference value :  6.40658e-07
 Reference value :  6.41013e-07
 Reference value :  6.41388e-07
 Reference value :  6.41743e-07
 Reference value :  6.42078e-07
 Reference value :  6.42478e-07
 Reference value :  6.42823e-07
 Reference value :  6.43198e-07
 Reference value :  6.43578e-07
 Reference value :  6.43943e-07
 Reference value :  6.44348e-07
 Reference value :  6.44693e-07
 Reference value :  6.45038e-07
 Reference value :  6.45413e-07
 Reference value :  6.45783e-07
 Reference value :  6.46108e-07
 Reference value :  6.46468e-07
 Reference value :  6.46788e-07
 Reference value :  6.47153e-07
 Reference value :  6.47553e-07
 Reference value :  6.47908e-07
 Reference value :  6.48268e-07
 Reference value :  6.48628e-07
 Reference value :  6.48978e-07
 Reference value :  6.49333e-07
 Reference value :  6.49743e-07
 Reference value :  6.50103e-07
 Reference value :  6.50458e-07
 Reference value :  6.50848e-07
 Reference value :  6.51203e-07
 Reference value :  6.51523e-07
 Reference value :  6.51848e-07
 Reference value :  6.52173e-07
 Reference value :  6.52493e-07
 Reference value :  6.52833e-07
 Reference value :  6.53183e-07
 Reference value :  6.53508e-07
 Reference value :  6.53858e-07
 Reference value :  6.54223e-07
 Reference value :  6.54603e-07
 Reference value :  6.54998e-07
 Reference value :  6.55378e-07
 Reference value :  6.55738e-07
 Reference value :  6.56148e-07
 Reference value :  6.56498e-07
 Reference value :  6.56808e-07
 Reference value :  6.57173e-07
 Reference value :  6.57528e-07
 Reference value :  6.57858e-07
 Reference value :  6.58203e-07
 Reference value :  6.58463e-07
 Reference value :  6.58723e-07
 Reference value :  6.59068e-07
 Reference value :  6.59423e-07
 Reference value :  6.59753e-07
 Reference value :  6.60093e-07
 Reference value :  6.60483e-07
 Reference value :  6.60868e-07
 Reference value :  6.61213e-07
 Reference value :  6.61513e-07
 Reference value :  6.61788e-07
 Reference value :  6.62083e-07
 Reference value :  6.62418e-07
 Reference value :  6.62793e-07
 Reference value :  6.63133e-07
 Reference value :  6.63463e-07
 Reference value :  6.63758e-07
 Reference value :  6.64078e-07
 Reference value :  6.64413e-07
 Reference value :  6.64798e-07
 Reference value :  6.65198e-07
 Reference value :  6.65588e-07
 Reference value :  6.65998e-07
 Reference value :  6.66298e-07
 Reference value :  6.66598e-07
 Reference value :  6.66893e-07
 Reference value :  6.67253e-07
 Reference value :  6.67638e-07
 Reference value :  6.68013e-07
 Reference value :  6.68328e-07
 Reference value :  6.68653e-07
 Reference value :  6.68988e-07
 Reference value :  6.69318e-07
 Reference value :  6.69673e-07
 Reference value :  6.70001e-07
 Reference value :  6.70233e-07
 Reference value :  6.70608e-07
 Reference value :  6.70913e-07
 Reference value :  6.71233e-07
 Reference value :  6.71523e-07
 Reference value :  6.71848e-07
 Reference value :  6.72148e-07
 Reference value :  6.72408e-07
 Reference value :  6.72743e-07
 Reference value :  6.73053e-07
 Reference value :  6.73358e-07
 Reference value :  6.73678e-07
 Reference value :  6.73973e-07
 Reference value :  6.74238e-07
 Reference value :  6.74573e-07
 Reference value :  6.74863e-07
 Reference value :  6.75158e-07
 Reference value :  6.75478e-07
 Reference value :  6.75808e-07
 Reference value :  6.76133e-07
 Reference value :  6.76428e-07
 Reference value :  6.76748e-07
 Reference value :  6.77028e-07
 Reference value :  6.77323e-07
 Reference value :  6.77633e-07
 Reference value :  6.77953e-07
 Reference value :  6.78268e-07
 Reference value :  6.78613e-07
 Reference value :  6.78913e-07
 Reference value :  6.79193e-07
 Reference value :  6.79463e-07
 Reference value :  6.79708e-07
 Reference value :  6.79978e-07
 Reference value :  6.80298e-07
 Reference value :  6.80618e-07
 Reference value :  6.80933e-07
 Reference value :  6.81253e-07
 Reference value :  6.81663e-07
 Reference value :  6.82013e-07
 Reference value :  6.82338e-07
 Reference value :  6.82633e-07
 Reference value :  6.82948e-07
 Reference value :  6.83223e-07
 Reference value :  6.83523e-07
 Reference value :  6.83818e-07
 Reference value :  6.84153e-07
 Reference value :  6.84478e-07
 Reference value :  6.84788e-07
 Reference value :  6.85138e-07
 Reference value :  6.85468e-07
 Reference value :  6.85768e-07
 Reference value :  6.86073e-07
 Reference value :  6.86428e-07
 Reference value :  6.86763e-07
 Reference value :  6.87073e-07
 Reference value :  6.87348e-07
 Reference value :  6.87623e-07
 Reference value :  6.87908e-07
 Reference value :  6.88163e-07
 Reference value :  6.88423e-07
 Reference value :  6.88753e-07
 Reference value :  6.89073e-07
 Reference value :  6.89438e-07
 Reference value :  6.89733e-07
 Reference value :  6.90018e-07
 Reference value :  6.90318e-07
 Reference value :  6.90648e-07
 Reference value :  6.90923e-07
 Reference value :  6.91258e-07
 Reference value :  6.91613e-07
 Reference value :  6.91968e-07
 Reference value :  6.92273e-07
 Reference value :  6.92603e-07
 Reference value :  6.92943e-07
 Reference value :  6.93248e-07
 Reference value :  6.93563e-07
 Reference value :  6.93843e-07
 Reference value :  6.94168e-07
 Reference value :  6.94523e-07
 Reference value :  6.94848e-07
 Reference value :  6.95153e-07
 Reference value :  6.95453e-07
 Reference value :  6.95753e-07
 Reference value :  6.96123e-07
 Reference value :  6.96428e-07
 Reference value :  6.96728e-07
 Reference value :  6.97023e-07
 Reference value :  6.97358e-07
 Reference value :  6.97708e-07
 Reference value :  6.98043e-07
 Reference value :  6.98348e-07
 Reference value :  6.98653e-07
 Reference value :  6.98933e-07
 Reference value :  6.99248e-07
 Reference value :  6.99598e-07
 Reference value :  6.99903e-07
 Reference value :  7.00183e-07
 Reference value :  7.00528e-07
 Reference value :  7.00798e-07
 Reference value :  7.01048e-07
 Reference value :  7.01298e-07
 Reference value :  7.01593e-07
 Reference value :  7.01893e-07
 Reference value :  7.02223e-07
 Reference value :  7.02498e-07
 Reference value :  7.02798e-07
 Reference value :  7.03123e-07
 Reference value :  7.03448e-07
 Reference value :  7.03748e-07
 Reference value :  7.04033e-07
 Reference value :  7.04333e-07
 Reference value :  7.04628e-07
 Reference value :  7.04923e-07
 Reference value :  7.05218e-07
 Reference value :  7.05508e-07
 Reference value :  7.05853e-07
 Reference value :  7.06163e-07
 Reference value :  7.06468e-07
 Reference value :  7.06763e-07
 Reference value :  7.07093e-07
 Reference value :  7.07378e-07
 Reference value :  7.07698e-07
 Reference value :  7.08093e-07
 Reference value :  7.08458e-07
 Reference value :  7.08768e-07
 Reference value :  7.09068e-07
 Reference value :  7.09363e-07
 Reference value :  7.09668e-07
 Reference value :  7.09993e-07
 Reference value :  7.10358e-07
 Reference value :  7.10628e-07
 Reference value :  7.10888e-07
 Reference value :  7.11223e-07
 Reference value :  7.11513e-07
 Reference value :  7.11803e-07
 Reference value :  7.12118e-07
 Reference value :  7.12418e-07
 Reference value :  7.12718e-07
 Reference value :  7.13068e-07
 Reference value :  7.13453e-07
 Reference value :  7.13773e-07
 Reference value :  7.14083e-07
 Reference value :  7.14418e-07
 Reference value :  7.14728e-07
 Reference value :  7.15103e-07
 Reference value :  7.15473e-07
 Reference value :  7.15843e-07
 Reference value :  7.16218e-07
 Reference value :  7.16583e-07
 Reference value :  7.16998e-07
 Reference value :  7.17428e-07
 Reference value :  7.17873e-07
 Reference value :  7.18328e-07
 Reference value :  7.18728e-07
 Reference value :  7.19098e-07
 Reference value :  7.19458e-07
 Reference value :  7.19923e-07
 Reference value :  7.20283e-07
 Reference value :  7.20673e-07
 Reference value :  7.21068e-07
 Reference value :  7.21428e-07
 Reference value :  7.21803e-07
 Reference value :  7.22223e-07
 Reference value :  7.22638e-07
 Reference value :  7.23118e-07
 Reference value :  7.23588e-07
 Reference value :  7.23988e-07
 Reference value :  7.24353e-07
 Reference value :  7.24758e-07
 Reference value :  7.25198e-07
 Reference value :  7.25653e-07
 Reference value :  7.26023e-07
 Reference value :  7.26428e-07
 Reference value :  7.26868e-07
 Reference value :  7.27313e-07
 Reference value :  7.27778e-07
 Reference value :  7.28203e-07
 Reference value :  7.28678e-07
 Reference value :  7.29078e-07
 Reference value :  7.29428e-07
 Reference value :  7.29873e-07
 Reference value :  7.30333e-07
 Reference value :  7.30728e-07
 Reference value :  7.31133e-07
 Reference value :  7.31593e-07
 Reference value :  7.32018e-07
 Reference value :  7.32483e-07
 Reference value :  7.32948e-07
 Reference value :  7.33363e-07
 Reference value :  7.33773e-07
 Reference value :  7.34228e-07
 Reference value :  7.34648e-07
 Reference value :  7.35083e-07
 Reference value :  7.35493e-07
 Reference value :  7.35938e-07
 Reference value :  7.36373e-07
 Reference value :  7.36748e-07
 Reference value :  7.37048e-07
 Reference value :  7.37433e-07
 Reference value :  7.37793e-07
 Reference value :  7.38188e-07
 Reference value :  7.38493e-07
 Reference value :  7.38773e-07
 Reference value :  7.39093e-07
 Reference value :  7.39473e-07
 Reference value :  7.39823e-07
 Reference value :  7.40188e-07
 Reference value :  7.40513e-07
 Reference value :  7.40808e-07
 Reference value :  7.41093e-07
 Reference value :  7.41348e-07
 Reference value :  7.41608e-07
 Reference value :  7.41948e-07
 Reference value :  7.42318e-07
 Reference value :  7.42718e-07
 Reference value :  7.43103e-07
 Reference value :  7.43458e-07
 Reference value :  7.43813e-07
 Reference value :  7.44138e-07
 Reference value :  7.44508e-07
 Reference value :  7.44878e-07
 Reference value :  7.45163e-07
 Reference value :  7.45438e-07
 Reference value :  7.45703e-07
 Reference value :  7.45978e-07
 Reference value :  7.46303e-07
 Reference value :  7.46703e-07
 Reference value :  7.47013e-07
 Reference value :  7.47383e-07
 Reference value :  7.47738e-07
 Reference value :  7.48128e-07
 Reference value :  7.48473e-07
 Reference value :  7.48843e-07
 Reference value :  7.49198e-07
 Reference value :  7.49543e-07
 Reference value :  7.49863e-07
 Reference value :  7.50153e-07
 Reference value :  7.50518e-07
 Reference value :  7.50918e-07
 Reference value :  7.51323e-07
 Reference value :  7.51718e-07
 Reference value :  7.52053e-07
 Reference value :  7.52438e-07
 Reference value :  7.52828e-07
 Reference value :  7.53128e-07
 Reference value :  7.53503e-07
 Reference value :  7.53873e-07
 Reference value :  7.54233e-07
 Reference value :  7.54628e-07
 Reference value :  7.54908e-07
 Reference value :  7.55218e-07
 Reference value :  7.55568e-07
 Reference value :  7.55918e-07
 Reference value :  7.56248e-07
 Reference value :  7.56608e-07
 Reference value :  7.56958e-07
 Reference value :  7.57248e-07
 Reference value :  7.57618e-07
 Reference value :  7.57963e-07
 Reference value :  7.58363e-07
 Reference value :  7.58733e-07
 Reference value :  7.59073e-07
 Reference value :  7.59458e-07
 Reference value :  7.59793e-07
 Reference value :  7.60183e-07
 Reference value :  7.60533e-07
 Reference value :  7.60843e-07
 Reference value :  7.61073e-07
 Reference value :  7.61388e-07
 Reference value :  7.61783e-07
 Reference value :  7.62128e-07
 Reference value :  7.62478e-07
 Reference value :  7.62778e-07
 Reference value :  7.63158e-07
 Reference value :  7.63568e-07
 Reference value :  7.63903e-07
 Reference value :  7.64253e-07
 Reference value :  7.64583e-07
 Reference value :  7.64988e-07
 Reference value :  7.65388e-07
 Reference value :  7.65773e-07
 Reference value :  7.66168e-07
 Reference value :  7.66573e-07
 Reference value :  7.66973e-07
 Reference value :  7.67328e-07
 Reference value :  7.67663e-07
 Reference value :  7.68018e-07
 Reference value :  7.68408e-07
 Reference value :  7.68808e-07
 Reference value :  7.69143e-07
 Reference value :  7.69448e-07
 Reference value :  7.69823e-07
 Reference value :  7.70113e-07
 Reference value :  7.70443e-07
 Reference value :  7.70853e-07
 Reference value :  7.71198e-07
 Reference value :  7.71508e-07
 Reference value :  7.71823e-07
 Reference value :  7.72183e-07
 Reference value :  7.72523e-07
 Reference value :  7.72878e-07
 Reference value :  7.73198e-07
 Reference value :  7.73583e-07
 Reference value :  7.73928e-07
 Reference value :  7.74233e-07
 Reference value :  7.74608e-07
 Reference value :  7.74938e-07
 Reference value :  7.75248e-07
 Reference value :  7.75613e-07
 Reference value :  7.75983e-07
 Reference value :  7.76323e-07
 Reference value :  7.76653e-07
 Reference value :  7.76973e-07
 Reference value :  7.77303e-07
 Reference value :  7.77643e-07
 Reference value :  7.77998e-07
 Reference value :  7.78323e-07
 Reference value :  7.78668e-07
 Reference value :  7.78978e-07
 Reference value :  7.79303e-07
 Reference value :  7.79653e-07
 Reference value :  7.79998e-07
 Reference value :  7.80328e-07
 Reference value :  7.80623e-07
 Reference value :  7.80998e-07
 Reference value :  7.81368e-07
 Reference value :  7.81708e-07
 Reference value :  7.82013e-07
 Reference value :  7.82288e-07
 Reference value :  7.82558e-07
 Reference value :  7.82828e-07
 Reference value :  7.83143e-07
 Reference value :  7.83453e-07
 Reference value :  7.83743e-07
 Reference value :  7.83998e-07
 Reference value :  7.84363e-07
 Reference value :  7.84643e-07
 Reference value :  7.84908e-07
 Reference value :  7.85243e-07
 Reference value :  7.85598e-07
 Reference value :  7.85923e-07
 Reference value :  7.86293e-07
 Reference value :  7.86618e-07
 Reference value :  7.86928e-07
 Reference value :  7.87238e-07
 Reference value :  7.87573e-07
 Reference value :  7.87898e-07
 Reference value :  7.88253e-07
 Reference value :  7.88583e-07
 Reference value :  7.88883e-07
 Reference value :  7.89208e-07
 Reference value :  7.89538e-07
 Reference value :  7.89813e-07
 Reference value :  7.90103e-07
 Reference value :  7.90443e-07
 Reference value :  7.90808e-07
 Reference value :  7.91148e-07
 Reference value :  7.91468e-07
 Reference value :  7.91798e-07
 Reference value :  7.92128e-07
 Reference value :  7.92448e-07
 Reference value :  7.92833e-07
 Reference value :  7.93168e-07
 Reference value :  7.93478e-07
 Reference value :  7.93788e-07
 Reference value :  7.94093e-07
 Reference value :  7.94438e-07
 Reference value :  7.94738e-07
 Reference value :  7.95028e-07
 Reference value :  7.95343e-07
 Reference value :  7.95733e-07
 Reference value :  7.96138e-07
 Reference value :  7.96468e-07
 Reference value :  7.96778e-07
 Reference value :  7.97123e-07
 Reference value :  7.97483e-07
 Reference value :  7.97903e-07
 Reference value :  7.98238e-07
 Reference value :  7.98553e-07
 Reference value :  7.98908e-07
 Reference value :  7.99253e-07
 Reference value :  7.99568e-07
 Reference value :  7.99883e-07
No. of Data Rows : 160090
pt1a                =  2.21808e-08
pt1b                =  1.39128e-07
pt2a                =  2.16856e-08
pt2b                =  1.34734e-07
pt3a                =  2.13072e-08
pt3b                =  1.30839e-07
pt4a                =  2.07513e-08
pt4b                =  1.27455e-07
pvxo_max            =  1.66041e+00 at=  3.20037e-07
pvxo_min            =  -4.16485e-02 at=  6.39938e-07
ptxo_a              =  3.96856e-08
ptxo_b              =  2.45610e-07
pvxo_avg            =  7.65418e-01 from=  1.00000e-07 to=  8.00000e-07
p_vrst_bit          =  2.57437e-06 at=  1.86783e-07
p_vrst_valid        =  5.51499e-09 at=  2.46058e-07
p_vrst_r1           =  4.10287e-07 at=  2.28993e-07
p_vrst_r2           =  4.57488e-07 at=  7.47375e-08
p_vrst_r3           =  4.94479e-07 at=  1.38513e-07
p_vrst_r4           =  3.63423e-06 at=  8.15575e-08
p_bit_400n          =  1.62000e+00
p_bit_500n          =  1.62001e+00
p_bit_600n          =  1.62000e+00
p_bit_700n          =  5.71935e-09
p_bit_800n          =  1.44107e-06
p_valid_400n        =  1.62000e+00
p_r1_400n           =  1.62000e+00
p_r2_400n           =  1.62000e+00
p_r3_400n           =  1.62000e+00
p_r4_400n           =  1.62000e+00
pi1_rst             =  -4.47378e-06 from=  5.00000e-08 to=  2.50003e-07
pi2_rst             =  -4.63206e-06 from=  5.00000e-08 to=  2.50003e-07
pi3_rst             =  -4.77930e-06 from=  5.00000e-08 to=  2.50003e-07
pi4_rst             =  -4.91540e-06 from=  5.00000e-08 to=  2.50003e-07
pib_rst             =  -5.62731e-05 from=  5.00000e-08 to=  2.50003e-07
pi1_act             =  -4.47787e-06 from=  4.00000e-07 to=  8.00000e-07
pi2_act             =  -4.63322e-06 from=  4.00000e-07 to=  8.00000e-07
pi3_act             =  -4.77712e-06 from=  4.00000e-07 to=  8.00000e-07
pi4_act             =  -4.92216e-06 from=  4.00000e-07 to=  8.00000e-07
pib_act             =  -5.82043e-05 from=  4.00000e-07 to=  8.00000e-07
t1a                 =  1.84937e-08
t1b                 =  7.26094e-08
t2a                 =  1.79909e-08
t2b                 =  7.00190e-08
t3a                 =  1.75017e-08
t3b                 =  6.75470e-08
t4a                 =  1.70512e-08
t4b                 =  6.52349e-08
vxo_max             =  1.78214e+00 at=  4.53302e-07
vxo_min             =  -2.24750e-01 at=  7.25788e-07
txo_a               =  1.57446e-08
txo_b               =  1.16851e-07
vxo_avg             =  6.72429e-01 from=  1.00000e-07 to=  8.00000e-07
vrst_bit            =  5.75396e-05 at=  1.64943e-07
vrst_valid          =  5.84235e-09 at=  2.29428e-07
vrst_r1             =  9.52733e-06 at=  2.18813e-07
vrst_r2             =  9.64569e-06 at=  5.44875e-08
vrst_r3             =  9.45464e-06 at=  8.26475e-08
vrst_r4             =  9.81013e-06 at=  1.80948e-07
bit_400n            =  5.85766e-09
bit_500n            =  1.16989e-07
bit_600n            =  -5.43512e-08
bit_700n            =  7.86849e-07
bit_800n            =  1.03420e-08
valid_400n          =  1.62000e+00
r1_400n             =  -8.10349e-09
r2_400n             =  1.62000e+00
r3_400n             =  1.62000e+00
r4_400n             =  8.32127e-10
i1_rst              =  -5.01473e-06 from=  5.00000e-08 to=  2.50003e-07
i2_rst              =  -5.20218e-06 from=  5.00000e-08 to=  2.50003e-07
i3_rst              =  -5.39115e-06 from=  5.00000e-08 to=  2.50003e-07
i4_rst              =  -5.57469e-06 from=  5.00000e-08 to=  2.50003e-07
ib_rst              =  -3.74827e-05 from=  5.00000e-08 to=  2.50003e-07
i1_act              =  -5.01443e-06 from=  4.00000e-07 to=  8.00000e-07
i2_act              =  -5.19893e-06 from=  4.00000e-07 to=  8.00000e-07
i3_act              =  -5.38631e-06 from=  4.00000e-07 to=  8.00000e-07
i4_act              =  -5.57827e-06 from=  4.00000e-07 to=  8.00000e-07
ib_act              =  -4.12234e-05 from=  4.00000e-07 to=  8.00000e-07
p_tr1 = 1.169475e-08
p_tr2 = 1.130488e-08
p_tr3 = 1.095313e-08
p_tr4 = 1.067039e-08
p_f_ideal = 3.589812e+08
p_f_xo = 2.330949e+08
p_edge_retention = 6.493233e-01
p_bias_xo = 4.724804e-01
p_swing_frac_xo = 1.050652e+00
p_vrst_bit = 2.574371e-06
p_vrst_valid = 5.514988e-09
p_vrst_r1 = 4.102869e-07
p_vrst_r2 = 4.574881e-07
p_vrst_r3 = 4.944789e-07
p_vrst_r4 = 3.634231e-06
p_bit_400n = 1.620000e+00
p_bit_500n = 1.620006e+00
p_bit_600n = 1.620000e+00
p_bit_700n = 5.719348e-09
p_bit_800n = 1.441065e-06
p_valid_400n = 1.620000e+00
p_r1_400n = 1.620000e+00
p_r2_400n = 1.620000e+00
p_r3_400n = 1.620000e+00
p_r4_400n = 1.619999e+00
p_i_rings_rst = 1.880054e-05
p_i_block_rst = 5.627306e-05
p_i_total_rst = 7.507360e-05
p_i_rings_act = 1.881037e-05
p_i_block_act = 5.820433e-05
p_i_total_act = 7.701470e-05
tr1 = 5.411571e-09
tr2 = 5.202813e-09
tr3 = 5.004526e-09
tr4 = 4.818373e-09
f_ideal = 7.843510e+08
f_xo = 4.747458e+08
edge_retention = 6.052721e-01
bias_xo = 4.150798e-01
swing_frac_xo = 1.238820e+00
vrst_bit = 5.753960e-05
vrst_valid = 5.842354e-09
vrst_r1 = 9.527331e-06
vrst_r2 = 9.645689e-06
vrst_r3 = 9.454642e-06
vrst_r4 = 9.810132e-06
bit_400n = 5.857661e-09
bit_500n = 1.169892e-07
bit_600n = -5.43512e-08
bit_700n = 7.868489e-07
bit_800n = 1.034198e-08
valid_400n = 1.620000e+00
r1_400n = -8.10349e-09
r2_400n = 1.620000e+00
r3_400n = 1.620000e+00
r4_400n = 8.321272e-10
i_rings_rst = 2.118276e-05
i_block_rst = 3.748267e-05
i_total_rst = 5.866543e-05
i_rings_act = 2.117793e-05
i_block_act = 4.122336e-05
i_total_act = 6.240130e-05
slowdown_r1 = 2.161064e+00
slowdown_r2 = 2.172840e+00
slowdown_r3 = 2.188645e+00
slowdown_r4 = 2.214521e+00
i_total_act_ratio = 1.234184e+00
i_total_rst_ratio = 1.279691e+00
Note: Simulation executed from .control section 

----- stderr -----

Checking parameters for BSIM 4.5 model xctl.xsr4.xmfsn:nshort_model.48
Warning: Eta0 = -0.0286127 is negative.

Checking parameters for BSIM 4.5 model xctl.xsr4.xmisn:nshort_model.48
Warning: Eta0 = -0.0286127 is negative.

Checking parameters for BSIM 4.5 model xctl.xsr4.xmtsn:nshort_model.48
Warning: Eta0 = -0.0286127 is negative.

Checking parameters for BSIM 4.5 model xctl.xsr4.xmfmn:nshort_model.48
Warning: Eta0 = -0.0286127 is negative.

Checking parameters for BSIM 4.5 model xctl.xsr4.xmim2n:nshort_model.48
Warning: Eta0 = -0.0286127 is negative.

Checking parameters for BSIM 4.5 model xctl.xsr4.xmtdn:nshort_model.48
Warning: Eta0 = -0.0286127 is negative.

Checking parameters for BSIM 4.5 model xctl.xsr4.xmnc:nshort_model.48
Warning: Eta0 = -0.0286127 is negative.

Checking parameters for BSIM 4.5 model xctl.xsr3.xmfsn:nshort_model.48
Warning: Eta0 = -0.0286127 is negative.

Checking parameters for BSIM 4.5 model xctl.xsr3.xmisn:nshort_model.48
Warning: Eta0 = -0.0286127 is negative.

Checking parameters for BSIM 4.5 model xctl.xsr3.xmtsn:nshort_model.48
Warning: Eta0 = -0.0286127 is negative.

Checking parameters for BSIM 4.5 model xctl.xsr3.xmfmn:nshort_model.48
Warning: Eta0 = -0.0286127 is negative.

Checking parameters for BSIM 4.5 model xctl.xsr3.xmim2n:nshort_model.48
Warning: Eta0 = -0.0286127 is negative.

Checking parameters for BSIM 4.5 model xctl.xsr3.xmtdn:nshort_model.48
Warning: Eta0 = -0.0286127 is negative.

Checking parameters for BSIM 4.5 model xctl.xsr3.xmnc:nshort_model.48
Warning: Eta0 = -0.0286127 is negative.

Checking parameters for BSIM 4.5 model xctl.xsr2.xmfsn:nshort_model.48
Warning: Eta0 = -0.0286127 is negative.

Checking parameters for BSIM 4.5 model xctl.xsr2.xmisn:nshort_model.48
Warning: Eta0 = -0.0286127 is negative.

Checking parameters for BSIM 4.5 model xctl.xsr2.xmtsn:nshort_model.48
Warning: Eta0 = -0.0286127 is negative.

Checking parameters for BSIM 4.5 model xctl.xsr2.xmfmn:nshort_model.48
Warning: Eta0 = -0.0286127 is negative.

Checking parameters for BSIM 4.5 model xctl.xsr2.xmim2n:nshort_model.48
Warning: Eta0 = -0.0286127 is negative.

Checking parameters for BSIM 4.5 model xctl.xsr2.xmtdn:nshort_model.48
Warning: Eta0 = -0.0286127 is negative.

Checking parameters for BSIM 4.5 model xctl.xsr2.xmnc:nshort_model.48
Warning: Eta0 = -0.0286127 is negative.

Checking parameters for BSIM 4.5 model xctl.xsr1.xmfsn:nshort_model.48
Warning: Eta0 = -0.0286127 is negative.

Checking parameters for BSIM 4.5 model xctl.xsr1.xmisn:nshort_model.48
Warning: Eta0 = -0.0286127 is negative.

Checking parameters for BSIM 4.5 model xctl.xsr1.xmtsn:nshort_model.48
Warning: Eta0 = -0.0286127 is negative.

Checking parameters for BSIM 4.5 model xctl.xsr1.xmfmn:nshort_model.48
Warning: Eta0 = -0.0286127 is negative.

Checking parameters for BSIM 4.5 model xctl.xsr1.xmim2n:nshort_model.48
Warning: Eta0 = -0.0286127 is negative.

Checking parameters for BSIM 4.5 model xctl.xsr1.xmtdn:nshort_model.48
Warning: Eta0 = -0.0286127 is negative.

Checking parameters for BSIM 4.5 model xctl.xsr1.xmnc:nshort_model.48
Warning: Eta0 = -0.0286127 is negative.

Checking parameters for BSIM 4.5 model xctl.xsv.xmfsn:nshort_model.48
Warning: Eta0 = -0.0286127 is negative.

Checking parameters for BSIM 4.5 model xctl.xsv.xmisn:nshort_model.48
Warning: Eta0 = -0.0286127 is negative.

Checking parameters for BSIM 4.5 model xctl.xsv.xmtsn:nshort_model.48
Warning: Eta0 = -0.0286127 is negative.

Checking parameters for BSIM 4.5 model xctl.xsv.xmfmn:nshort_model.48
Warning: Eta0 = -0.0286127 is negative.

Checking parameters for BSIM 4.5 model xctl.xsv.xmim2n:nshort_model.48
Warning: Eta0 = -0.0286127 is negative.

Checking parameters for BSIM 4.5 model xctl.xsv.xmtdn:nshort_model.48
Warning: Eta0 = -0.0286127 is negative.

Checking parameters for BSIM 4.5 model xctl.xsv.xmnc:nshort_model.48
Warning: Eta0 = -0.0286127 is negative.

Checking parameters for BSIM 4.5 model xctl.xsb.xmfsn:nshort_model.48
Warning: Eta0 = -0.0286127 is negative.

Checking parameters for BSIM 4.5 model xctl.xsb.xmisn:nshort_model.48
Warning: Eta0 = -0.0286127 is negative.

Checking parameters for BSIM 4.5 model xctl.xsb.xmtsn:nshort_model.48
Warning: Eta0 = -0.0286127 is negative.

Checking parameters for BSIM 4.5 model xctl.xsb.xmfmn:nshort_model.48
Warning: Eta0 = -0.0286127 is negative.

Checking parameters for BSIM 4.5 model xctl.xsb.xmim2n:nshort_model.48
Warning: Eta0 = -0.0286127 is negative.

Checking parameters for BSIM 4.5 model xctl.xsb.xmtdn:nshort_model.48
Warning: Eta0 = -0.0286127 is negative.

Checking parameters for BSIM 4.5 model xctl.xsb.xmnc:nshort_model.48
Warning: Eta0 = -0.0286127 is negative.

Checking parameters for BSIM 4.5 model xctl.xdut.xa3.xmnib:nshort_model.48
Warning: Eta0 = -0.0286127 is negative.

Checking parameters for BSIM 4.5 model xctl.xdut.xa3.xmnia:nshort_model.48
Warning: Eta0 = -0.0286127 is negative.

Checking parameters for BSIM 4.5 model xctl.xdut.xa2.xmnib:nshort_model.48
Warning: Eta0 = -0.0286127 is negative.

Checking parameters for BSIM 4.5 model xctl.xdut.xa2.xmnia:nshort_model.48
Warning: Eta0 = -0.0286127 is negative.

Checking parameters for BSIM 4.5 model xctl.xdut.xa1.xmnib:nshort_model.48
Warning: Eta0 = -0.0286127 is negative.

Checking parameters for BSIM 4.5 model xctl.xdut.xa1.xmnia:nshort_model.48
Warning: Eta0 = -0.0286127 is negative.

Checking parameters for BSIM 4.5 model xctl.xdut.xb4.xmn:nshort_model.48
Warning: Eta0 = -0.0286127 is negative.

Checking parameters for BSIM 4.5 model xctl.xdut.xb3.xmn:nshort_model.48
Warning: Eta0 = -0.0286127 is negative.

Checking parameters for BSIM 4.5 model xctl.xdut.xb2.xmn:nshort_model.48
Warning: Eta0 = -0.0286127 is negative.

Checking parameters for BSIM 4.5 model xctl.xdut.xb1.xmn:nshort_model.48
Warning: Eta0 = -0.0286127 is negative.

Checking parameters for BSIM 4.5 model xctl.xdut.xr4.x4.xmn:nshort_model.48
Warning: Eta0 = -0.0286127 is negative.

Checking parameters for BSIM 4.5 model xctl.xdut.xr4.x4.xmph:pshort_model.44
Warning: Eta0 = -0.00221468 is negative.

Checking parameters for BSIM 4.5 model xctl.xdut.xr4.x3.xmn:nshort_model.48
Warning: Eta0 = -0.0286127 is negative.

Checking parameters for BSIM 4.5 model xctl.xdut.xr4.x3.xmph:pshort_model.44
Warning: Eta0 = -0.00221468 is negative.

Checking parameters for BSIM 4.5 model xctl.xdut.xr4.x2.xmn:nshort_model.48
Warning: Eta0 = -0.0286127 is negative.

Checking parameters for BSIM 4.5 model xctl.xdut.xr4.x2.xmph:pshort_model.44
Warning: Eta0 = -0.00221468 is negative.

Checking parameters for BSIM 4.5 model xctl.xdut.xr4.x1.xmn:nshort_model.48
Warning: Eta0 = -0.0286127 is negative.

Checking parameters for BSIM 4.5 model xctl.xdut.xr4.x1.xmph:pshort_model.44
Warning: Eta0 = -0.00221468 is negative.

Checking parameters for BSIM 4.5 model xctl.xdut.xr4.xg.xmph:pshort_model.44
Warning: Eta0 = -0.00221468 is negative.

Checking parameters for BSIM 4.5 model xctl.xdut.xr3.x4.xmn:nshort_model.48
Warning: Eta0 = -0.0286127 is negative.

Checking parameters for BSIM 4.5 model xctl.xdut.xr3.x4.xmph:pshort_model.44
Warning: Eta0 = -0.00221468 is negative.

Checking parameters for BSIM 4.5 model xctl.xdut.xr3.x3.xmn:nshort_model.48
Warning: Eta0 = -0.0286127 is negative.

Checking parameters for BSIM 4.5 model xctl.xdut.xr3.x3.xmph:pshort_model.44
Warning: Eta0 = -0.00221468 is negative.

Checking parameters for BSIM 4.5 model xctl.xdut.xr3.x2.xmn:nshort_model.48
Warning: Eta0 = -0.0286127 is negative.

Checking parameters for BSIM 4.5 model xctl.xdut.xr3.x2.xmph:pshort_model.44
Warning: Eta0 = -0.00221468 is negative.

Checking parameters for BSIM 4.5 model xctl.xdut.xr3.x1.xmn:nshort_model.48
Warning: Eta0 = -0.0286127 is negative.

Checking parameters for BSIM 4.5 model xctl.xdut.xr3.x1.xmph:pshort_model.44
Warning: Eta0 = -0.00221468 is negative.

Checking parameters for BSIM 4.5 model xctl.xdut.xr3.xg.xmph:pshort_model.44
Warning: Eta0 = -0.00221468 is negative.

Checking parameters for BSIM 4.5 model xctl.xdut.xr2.x4.xmn:nshort_model.48
Warning: Eta0 = -0.0286127 is negative.

Checking parameters for BSIM 4.5 model xctl.xdut.xr2.x4.xmph:pshort_model.44
Warning: Eta0 = -0.00221468 is negative.

Checking parameters for BSIM 4.5 model xctl.xdut.xr2.x3.xmn:nshort_model.48
Warning: Eta0 = -0.0286127 is negative.

Checking parameters for BSIM 4.5 model xctl.xdut.xr2.x3.xmph:pshort_model.44
Warning: Eta0 = -0.00221468 is negative.

Checking parameters for BSIM 4.5 model xctl.xdut.xr2.x2.xmn:nshort_model.48
Warning: Eta0 = -0.0286127 is negative.

Checking parameters for BSIM 4.5 model xctl.xdut.xr2.x2.xmph:pshort_model.44
Warning: Eta0 = -0.00221468 is negative.

Checking parameters for BSIM 4.5 model xctl.xdut.xr2.x1.xmn:nshort_model.48
Warning: Eta0 = -0.0286127 is negative.

Checking parameters for BSIM 4.5 model xctl.xdut.xr2.x1.xmph:pshort_model.44
Warning: Eta0 = -0.00221468 is negative.

Checking parameters for BSIM 4.5 model xctl.xdut.xr2.xg.xmph:pshort_model.44
Warning: Eta0 = -0.00221468 is negative.

Checking parameters for BSIM 4.5 model xctl.xdut.xr1.x4.xmn:nshort_model.48
Warning: Eta0 = -0.0286127 is negative.

Checking parameters for BSIM 4.5 model xctl.xdut.xr1.x4.xmph:pshort_model.44
Warning: Eta0 = -0.00221468 is negative.

Checking parameters for BSIM 4.5 model xctl.xdut.xr1.x3.xmn:nshort_model.48
Warning: Eta0 = -0.0286127 is negative.

Checking parameters for BSIM 4.5 model xctl.xdut.xr1.x3.xmph:pshort_model.44
Warning: Eta0 = -0.00221468 is negative.

Checking parameters for BSIM 4.5 model xctl.xdut.xr1.x2.xmn:nshort_model.48
Warning: Eta0 = -0.0286127 is negative.

Checking parameters for BSIM 4.5 model xctl.xdut.xr1.x2.xmph:pshort_model.44
Warning: Eta0 = -0.00221468 is negative.

Checking parameters for BSIM 4.5 model xctl.xdut.xr1.x1.xmn:nshort_model.48
Warning: Eta0 = -0.0286127 is negative.

Checking parameters for BSIM 4.5 model xctl.xdut.xr1.x1.xmph:pshort_model.44
Warning: Eta0 = -0.00221468 is negative.

Checking parameters for BSIM 4.5 model xctl.xdut.xr1.xg.xmph:pshort_model.44
Warning: Eta0 = -0.00221468 is negative.

Checking parameters for BSIM 4.5 model xarr.xpex.xn264:pshort_model.44
Warning: Eta0 = -0.00221468 is negative.

Checking parameters for BSIM 4.5 model xarr.xpex.xn263:pshort_model.44
Warning: Eta0 = -0.00221468 is negative.

Checking parameters for BSIM 4.5 model xarr.xpex.xn262:pshort_model.44
Warning: Eta0 = -0.00221468 is negative.

Checking parameters for BSIM 4.5 model xarr.xpex.xn261:pshort_model.44
Warning: Eta0 = -0.00221468 is negative.

Checking parameters for BSIM 4.5 model xarr.xpex.xn260:pshort_model.44
Warning: Eta0 = -0.00221468 is negative.

Checking parameters for BSIM 4.5 model xarr.xpex.xn259:pshort_model.44
Warning: Eta0 = -0.00221468 is negative.

Checking parameters for BSIM 4.5 model xarr.xpex.xn258:pshort_model.44
Warning: Eta0 = -0.00221468 is negative.

Checking parameters for BSIM 4.5 model xarr.xpex.xn257:pshort_model.44
Warning: Eta0 = -0.00221468 is negative.

Checking parameters for BSIM 4.5 model xarr.xpex.xn256:pshort_model.44
Warning: Eta0 = -0.00221468 is negative.

Checking parameters for BSIM 4.5 model xarr.xpex.xn255:pshort_model.44
Warning: Eta0 = -0.00221468 is negative.

Checking parameters for BSIM 4.5 model xarr.xpex.xn254:pshort_model.44
Warning: Eta0 = -0.00221468 is negative.

Checking parameters for BSIM 4.5 model xarr.xpex.xn253:pshort_model.44
Warning: Eta0 = -0.00221468 is negative.

Checking parameters for BSIM 4.5 model xarr.xpex.xn251:pshort_model.44
Warning: Eta0 = -0.00221468 is negative.

Checking parameters for BSIM 4.5 model xarr.xpex.xn248:pshort_model.44
Warning: Eta0 = -0.00221468 is negative.

Checking parameters for BSIM 4.5 model xarr.xpex.xn244:pshort_model.44
Warning: Eta0 = -0.00221468 is negative.

Checking parameters for BSIM 4.5 model xarr.xpex.xn240:pshort_model.44
Warning: Eta0 = -0.00221468 is negative.

Checking parameters for BSIM 4.5 model xarr.xpex.xn236:pshort_model.44
Warning: Eta0 = -0.00221468 is negative.

Checking parameters for BSIM 4.5 model xarr.xpex.xn234:pshort_model.44
Warning: Eta0 = -0.00221468 is negative.

Checking parameters for BSIM 4.5 model xarr.xpex.xn231:pshort_model.44
Warning: Eta0 = -0.00221468 is negative.

Checking parameters for BSIM 4.5 model xarr.xpex.xn227:pshort_model.44
Warning: Eta0 = -0.00221468 is negative.

Checking parameters for BSIM 4.5 model xarr.xpex.xn132:nshort_model.48
Warning: Eta0 = -0.0286127 is negative.

Checking parameters for BSIM 4.5 model xarr.xpex.xn131:nshort_model.48
Warning: Eta0 = -0.0286127 is negative.

Checking parameters for BSIM 4.5 model xarr.xpex.xn129:nshort_model.48
Warning: Eta0 = -0.0286127 is negative.

Checking parameters for BSIM 4.5 model xarr.xpex.xn127:nshort_model.48
Warning: Eta0 = -0.0286127 is negative.

Checking parameters for BSIM 4.5 model xarr.xpex.xn125:nshort_model.48
Warning: Eta0 = -0.0286127 is negative.

Checking parameters for BSIM 4.5 model xarr.xpex.xn120:nshort_model.48
Warning: Eta0 = -0.0286127 is negative.

Checking parameters for BSIM 4.5 model xarr.xpex.xn119:nshort_model.48
Warning: Eta0 = -0.0286127 is negative.

Checking parameters for BSIM 4.5 model xarr.xpex.xn117:nshort_model.48
Warning: Eta0 = -0.0286127 is negative.

Checking parameters for BSIM 4.5 model xarr.xpex.xn115:nshort_model.48
Warning: Eta0 = -0.0286127 is negative.

Checking parameters for BSIM 4.5 model xarr.xpex.xn113:nshort_model.48
Warning: Eta0 = -0.0286127 is negative.

Checking parameters for BSIM 4.5 model xarr.xpex.xn108:nshort_model.48
Warning: Eta0 = -0.0286127 is negative.

Checking parameters for BSIM 4.5 model xarr.xpex.xn107:nshort_model.48
Warning: Eta0 = -0.0286127 is negative.

Checking parameters for BSIM 4.5 model xarr.xpex.xn105:nshort_model.48
Warning: Eta0 = -0.0286127 is negative.

Checking parameters for BSIM 4.5 model xarr.xpex.xn103:nshort_model.48
Warning: Eta0 = -0.0286127 is negative.

Checking parameters for BSIM 4.5 model xarr.xpex.xn102:nshort_model.48
Warning: Eta0 = -0.0286127 is negative.

Checking parameters for BSIM 4.5 model xarr.xpex.xn98:nshort_model.48
Warning: Eta0 = -0.0286127 is negative.

Checking parameters for BSIM 4.5 model xarr.xpex.xn94:nshort_model.48
Warning: Eta0 = -0.0286127 is negative.

Checking parameters for BSIM 4.5 model xarr.xpex.xn90:nshort_model.48
Warning: Eta0 = -0.0286127 is negative.

Checking parameters for BSIM 4.5 model xarr.xpex.xn89:nshort_model.48
Warning: Eta0 = -0.0286127 is negative.

Checking parameters for BSIM 4.5 model xarr.xpex.xn86:nshort_model.48
Warning: Eta0 = -0.0286127 is negative.

Checking parameters for BSIM 4.5 model xarr.xpex.xn82:nshort_model.48
Warning: Eta0 = -0.0286127 is negative.

Checking parameters for BSIM 4.5 model xarr.xpex.xn81:nshort_model.48
Warning: Eta0 = -0.0286127 is negative.

Checking parameters for BSIM 4.5 model xarr.xpex.xn79:nshort_model.48
Warning: Eta0 = -0.0286127 is negative.

Checking parameters for BSIM 4.5 model xarr.xpex.xn78:nshort_model.48
Warning: Eta0 = -0.0286127 is negative.

Checking parameters for BSIM 4.5 model xarr.xpex.xn76:nshort_model.48
Warning: Eta0 = -0.0286127 is negative.

Checking parameters for BSIM 4.5 model xarr.xpex.xn68:nshort_model.48
Warning: Eta0 = -0.0286127 is negative.

Checking parameters for BSIM 4.5 model xarr.xpex.xn66:nshort_model.48
Warning: Eta0 = -0.0286127 is negative.

Checking parameters for BSIM 4.5 model xarr.xpex.xn65:nshort_model.48
Warning: Eta0 = -0.0286127 is negative.

Checking parameters for BSIM 4.5 model xarr.xpex.xn64:nshort_model.48
Warning: Eta0 = -0.0286127 is negative.

Checking parameters for BSIM 4.5 model xarr.xpex.xn63:nshort_model.48
Warning: Eta0 = -0.0286127 is negative.

Checking parameters for BSIM 4.5 model xarr.xpex.xn62:nshort_model.48
Warning: Eta0 = -0.0286127 is negative.

Checking parameters for BSIM 4.5 model xarr.xpex.xn61:nshort_model.48
Warning: Eta0 = -0.0286127 is negative.

Checking parameters for BSIM 4.5 model xarr.xpex.xn60:nshort_model.48
Warning: Eta0 = -0.0286127 is negative.

Checking parameters for BSIM 4.5 model xarr.xpex.xn59:nshort_model.48
Warning: Eta0 = -0.0286127 is negative.

Checking parameters for BSIM 4.5 model xarr.xpex.xn58:nshort_model.48
Warning: Eta0 = -0.0286127 is negative.

Checking parameters for BSIM 4.5 model xarr.xpex.xn57:nshort_model.48
Warning: Eta0 = -0.0286127 is negative.

Checking parameters for BSIM 4.5 model xarr.xpex.xn56:nshort_model.48
Warning: Eta0 = -0.0286127 is negative.

Checking parameters for BSIM 4.5 model xarr.xpex.xn55:nshort_model.48
Warning: Eta0 = -0.0286127 is negative.

Checking parameters for BSIM 4.5 model xarr.xpex.xn54:nshort_model.48
Warning: Eta0 = -0.0286127 is negative.

Checking parameters for BSIM 4.5 model xarr.xpex.xn53:nshort_model.48
Warning: Eta0 = -0.0286127 is negative.

Checking parameters for BSIM 4.5 model xarr.xpex.xn52:nshort_model.48
Warning: Eta0 = -0.0286127 is negative.

Checking parameters for BSIM 4.5 model xarr.xpex.xn51:nshort_model.48
Warning: Eta0 = -0.0286127 is negative.

Checking parameters for BSIM 4.5 model xarr.xpex.xn50:nshort_model.48
Warning: Eta0 = -0.0286127 is negative.

Checking parameters for BSIM 4.5 model xarr.xpex.xn49:nshort_model.48
Warning: Eta0 = -0.0286127 is negative.

Checking parameters for BSIM 4.5 model xarr.xpex.xn48:nshort_model.48
Warning: Eta0 = -0.0286127 is negative.

Checking parameters for BSIM 4.5 model xarr.xpex.xn47:nshort_model.48
Warning: Eta0 = -0.0286127 is negative.

Checking parameters for BSIM 4.5 model xarr.xpex.xn46:nshort_model.48
Warning: Eta0 = -0.0286127 is negative.

Checking parameters for BSIM 4.5 model xarr.xpex.xn45:nshort_model.48
Warning: Eta0 = -0.0286127 is negative.

Checking parameters for BSIM 4.5 model xarr.xpex.xn44:nshort_model.48
Warning: Eta0 = -0.0286127 is negative.

Checking parameters for BSIM 4.5 model xarr.xpex.xn43:nshort_model.48
Warning: Eta0 = -0.0286127 is negative.

Checking parameters for BSIM 4.5 model xarr.xpex.xn42:nshort_model.48
Warning: Eta0 = -0.0286127 is negative.

Checking parameters for BSIM 4.5 model xarr.xpex.xn41:nshort_model.48
Warning: Eta0 = -0.0286127 is negative.

Checking parameters for BSIM 4.5 model xarr.xpex.xn40:nshort_model.48
Warning: Eta0 = -0.0286127 is negative.

Checking parameters for BSIM 4.5 model xarr.xpex.xn39:nshort_model.48
Warning: Eta0 = -0.0286127 is negative.

Checking parameters for BSIM 4.5 model xarr.xpex.xn38:nshort_model.48
Warning: Eta0 = -0.0286127 is negative.

Checking parameters for BSIM 4.5 model xarr.xpex.xn37:nshort_model.48
Warning: Eta0 = -0.0286127 is negative.

Checking parameters for BSIM 4.5 model xarr.xpex.xn36:nshort_model.48
Warning: Eta0 = -0.0286127 is negative.

Checking parameters for BSIM 4.5 model xarr.xpex.xn35:nshort_model.48
Warning: Eta0 = -0.0286127 is negative.

Checking parameters for BSIM 4.5 model xarr.xpex.xn34:nshort_model.48
Warning: Eta0 = -0.0286127 is negative.

Checking parameters for BSIM 4.5 model xarr.xpex.xn33:nshort_model.48
Warning: Eta0 = -0.0286127 is negative.

Checking parameters for BSIM 4.5 model xarr.xpex.xn32:nshort_model.48
Warning: Eta0 = -0.0286127 is negative.

Checking parameters for BSIM 4.5 model xarr.xpex.xn31:nshort_model.48
Warning: Eta0 = -0.0286127 is negative.

Checking parameters for BSIM 4.5 model xarr.xpex.xn30:nshort_model.48
Warning: Eta0 = -0.0286127 is negative.

Checking parameters for BSIM 4.5 model xarr.xpex.xn29:nshort_model.48
Warning: Eta0 = -0.0286127 is negative.

Checking parameters for BSIM 4.5 model xarr.xpex.xn28:nshort_model.48
Warning: Eta0 = -0.0286127 is negative.

Checking parameters for BSIM 4.5 model xarr.xpex.xn27:nshort_model.48
Warning: Eta0 = -0.0286127 is negative.

Checking parameters for BSIM 4.5 model xarr.xpex.xn26:nshort_model.48
Warning: Eta0 = -0.0286127 is negative.

Checking parameters for BSIM 4.5 model xarr.xpex.xn25:nshort_model.48
Warning: Eta0 = -0.0286127 is negative.

