|* Post-layout sampler_core: the WHOLE composed cell -- four skewed rings,
|* four output buffers, the three-xor2 combining tree, AND all six
|* sampler_dff instances (raw_bit, raw_valid, ring_bit1-4) -- extracted FLAT
|* from ONE `klt extract --parasitics` run over the now DRC-clean, klt
|* lvs-MATCHING layout/sampler_core/sampler_core.gds (264/264 devices,
|* 152/152 nets against design/sampler_core.spice's own .subckt
|* sampler_core, PR #113; extracted as layout/pex-sampler-core/README.md
|* documents, PR #114).
|*
|* Purpose (issue #22's own DR-0008-named follow-up, "sampler_core scope"):
|* every prior sampler_dff-family post-layout deck in this repo
|* (sim/post-layout-sampler-dff/, sim/post-layout-sampler-dff-assembled/)
|* drives ONE isolated sampler_dff instance from an ideal PWL `d` source --
|* never the six-instance fan-out design/sampler_core.spice actually wires,
|* and never a real (not ideal-PWL) input edge. This deck is the first to
|* close both gaps at once: xarr below is the real assembled
|* array-plus-sampler-bank, so each sampler's own `d` pin sees the real,
|* buffer-loaded, post-layout-slowed ring/combining-tree waveform sim/
|* post-layout-ro-array-core/ characterizes -- not a synthetic edge -- and
|* clock-distribution skew across all six instances' own shared `clk` fan-out
|* is present for the first time too. DR-0008's own words: "the prerequisite
|* for any whole-chain raw-tap-to-sampled-bit post-layout claim."
|*
|* Topology, post-layout side (prefix p): xarr is ONE flat-extracted cell,
|* sourced from layout/pex-sampler-core/sampler_core_pex.spice via
|* layout/bin/pex-netlist.py (shared, unmodified). `ro1`-`ro4` and `xo` --
|* the array's own raw taps, each already an internal net of the wrapper
|* `sampler_core_pex` (promoted there so its own six sampler_dff instances
|* can reach them, per layout/pex-sampler-core/README.md's alias table) --
|* are reachable at ONE level of hierarchy (`v(xarr.ro1)`, ...,
|* `v(xarr.xo)`), confirmed by this deck's own development probe before
|* committing (a first attempt at `v(xarr.xpex.ro1)`, guessing the
|* extractor's own internal `__core` instance name `xpex` was needed, came
|* back "not available or has zero length" -- `ro1`/`xo` belong to
|* `sampler_core_pex`'s OWN local scope, one level shallower than that).
|* `xo`'s own two-ring partial sum `t1` is NOT reached by this deck --
|* unlike sim/post-layout-ro-array-core/, which promotes `t1` at the very
|* same one-hierarchy-level depth this deck's own probe found for `ro1`/
|* `xo`, `t1` is internal to the array block nested one level deeper inside
|* `sampler_core_pex` (the array's own combining tree is not itself promoted
|* to `sampler_core_pex`'s local scope, only its four raw taps and the
|* fully-combined `xo` are) -- reaching it would need a second, unverified
|* hierarchy guess this deck does not spend budget confirming. The N=4
|* (`xo`) edge-retention/value-fidelity figures below are this deck's own
|* combining-fidelity claim; the N=2 (`t1`) figure sim/
|* post-layout-ro-array-core/ also reports is not re-measured here.
|*
|* Topology, pre-layout side (prefix-free): xctl is
|* design/sampler_core.spice's own parameterized `.subckt sampler_core`,
|* same-deck same-corner control, `ro1`-`ro4`/`xo` reached the identical way
|* (`v(xctl.ro1)`, ..., `v(xctl.xo)` -- local nets of `.subckt sampler_core`
|* itself, per that file's own `xdut ... ro_array_core` instantiation line).
|*
|* The substrate tie. layout/pex-sampler-core/sampler_core_pex.spice
|* declares the extractor's substrate return node `vsubs` .global
|* (klayout-tools#1503, same as every other post-layout deck in this repo).
|* This deck ties it HARD to 0, the same physically-motivated choice
|* sim/post-layout-ro-array-core/ and its own siblings use -- every composed
|* cell's own psub guard ring is tied to vss, and vss is 0 here.
|*
|* START-UP: ENABLE + RESET RELEASE, NOT `.ic` ON INTERNAL NODES -- same
|* method sim/post-layout-ro-array-core/'s own header explains for the
|* rings (en=0 pins each ro_nand2's own output high, a defined state;
|* releasing it starts the ring), extended here to the six sampler_dff
|* instances the SAME way: rst_n=0 pins each instance's own `mb`/`s2mid`/
|* `qb` internal nodes to a defined reset state (design/sampler_core.spice's
|* own `.subckt sampler_dff`, `Mimpb`/`Mimnb`/`Mis2pb`/`Mis2nb` -- the same
|* four devices sim/post-layout-sampler-dff/'s own reset-contention deck
|* exercises with an explicit PWL pulse), so releasing rst_n from a defined
|* state is exactly as valid a start-up method as `.ic`, and reaches deeper
|* into this deck's own hierarchy (six instances inside two more levels of
|* subckt nesting than sim/raw-bit-min-entropy/'s own top-level sampler_dff
|* calls) with no per-instance `.ic` ladder needed at all. This deck can use
|* a REAL transient rst_n pulse -- unlike sim/raw-bit-min-entropy/, which
|* holds rst_n permanently released because its own trnoise() sources
|* cannot coexist with ANY control-signal breakpoint in this ngspice build
|* -- because this deck injects no noise at all (a deterministic functional/
|* timing/current characterization, not a min-entropy campaign).
|*
|* Timeline. `en1`-`en4` release together at 5 ns (matching
|* sim/post-layout-ro-array-core/ exactly, so the rings reach the same
|* steady oscillation this deck's own ring-period/combining measurements
|* below can cite directly). `rst_n` releases at 300 ns -- comfortably past
|* every ring's own start-up transient at the periods that deck measures
|* (2-4 ns), so the reset-held window below (50-250 ns) is a fair "rings
|* running, samplers held in reset" baseline, not a start-up artifact.
|* `clk` begins pulsing at 320 ns, Ts = 100 ns (the same disclosed,
|* measured compute-budget deviation from DR-0003's Ts = 20 us that
|* sim/raw-bit-min-entropy/'s own header justifies at length -- this deck's
|* own tstop of 800 ns gives five rising clk edges, 320-720 ns, comfortably
|* inside that window). No trnoise() source anywhere in this deck, so no
|* control-signal-breakpoint conflict of the kind that forces
|* sim/raw-bit-min-entropy/ to hold every control signal at `dc`.
|*
|* What "captured value" means here, and what it does NOT claim. With no
|* injected noise, `raw_bit`/`raw_valid`/`ring_bit1`-`ring_bit4` are fully
|* deterministic functions of the free-running rings' own phase at each
|* `clk` edge -- this deck reports FIVE discrete snapshots per side (one
|* per sample instant, at the 50 ns mark inside each `clk` low phase, where
|* every sampler's own slave stage is opaque and holding) to confirm the
|* whole assembled, post-layout cell produces clean rail-to-rail digital
|* levels end to end (not an intermediate voltage, not floating) when
|* driven by its own real ring taps through its own real routing -- NOT a
|* min-entropy or jitter claim (that remains sim/raw-bit-min-entropy/'s own
|* scope, at the pre-layout netlist level only). Pre- and post-layout
|* snapshots at the SAME nominal sample instant are NOT expected to agree
|* bit-for-bit: post-layout parasitics measurably slow the array (this
|* deck's own p_tr*/tr* ratio below quantifies exactly how much), so the
|* two sides' sampler_dff instances can legitimately latch different phases
|* of each ring's own free-running waveform at the same nominal clock edge.
|* That divergence is itself the mechanism this whole entropy source
|* depends on, not a defect in either side.
|*
|* Window / memory. Without an explicit `.save`, ngspice retains a
|* full-resolution trace for every internal parasitic-star leg node this
|* flat extraction introduces (264 devices' worth, on TOP of the samplers'
|* own leg nodes) -- confirmed to exhaust available process memory outright
|* during this deck's own development (`Error: memory required ... is more
|* than memory available`), the same failure
|* sim/post-layout-ro-array-core/'s own header names for the array alone.
|* `.save` below keeps only the traces every `.meas` statement actually
|* reads.
|*
|* This file is a TEMPLATE: sim/bin/corner-run.py substitutes /home/ubuntu/.volare/volare/sky130/versions/c6d73a35f524070e85faff4a6a9eef49553ebc2b/sky130A/libs.tech/combined/sky130.lib.spice,
|* ss, -40.0, 1.98 and 5p. As committed it is not a
|* runnable deck. Invoke with `--ro-ring5 design/sampler_core.spice` and
|* `--pex-lib layout/pex-sampler-core/sampler_core_pex.spice`.
|
|.option scale=1u
|.lib "/home/ubuntu/.volare/volare/sky130/versions/c6d73a35f524070e85faff4a6a9eef49553ebc2b/sky130A/libs.tech/combined/sky130.lib.spice" ss
|
|* pre-layout subcircuit library -- design/sampler_core.spice, which carries
|* the flat `.subckt sampler_core` under test (and, inside it, `.subckt
|* sampler_dff`/`ro_array_core`/etc unmodified).
|.include "/home/ubuntu/GitHub/sky130-trng/.loom/worktrees/issue-22/design/sampler_core.spice"
|* post-layout WHOLE-CELL subcircuit library (sampler_core_pex), generated
|* from layout/sampler_core/'s composed, DRC-clean, klt lvs-matching GDS.
|.include "/home/ubuntu/GitHub/sky130-trng/.loom/worktrees/issue-22/layout/pex-sampler-core/sampler_core_pex.spice"
|
|.temp -40.0
|
|* --- substrate return node: hard tie (see header) ----------------------
|Vsub vsubs 0 dc 0
|
|* --- post-layout WHOLE CELL, one flat-extracted circuit ----------------
|Vddrp1 pvddr1 0 dc 1.98
|Vddrp2 pvddr2 0 dc 1.98
|Vddrp3 pvddr3 0 dc 1.98
|Vddrp4 pvddr4 0 dc 1.98
|Vddp pvdd 0 dc 1.98
|Venp1 pen1 0 PULSE(0 1.98 5n 100p 100p 1u 2u)
|Venp2 pen2 0 PULSE(0 1.98 5n 100p 100p 1u 2u)
|Venp3 pen3 0 PULSE(0 1.98 5n 100p 100p 1u 2u)
|Venp4 pen4 0 PULSE(0 1.98 5n 100p 100p 1u 2u)
|Vrstnp prst_n 0 PULSE(0 1.98 300n 100p 100p 10u 20u)
|Vclkp pclk 0 PULSE(0 1.98 320n 100p 100p 49.8n 100n)
|xarr pen1 pen2 pen3 pen4 pvddr1 pvddr2 pvddr3 pvddr4 pvdd 0 pclk prst_n
|+ praw_bit praw_valid pring_bit1 pring_bit2 pring_bit3 pring_bit4
|+ sampler_core_pex
|
|* --- pre-layout control, identical topology, single-call subckt --------
|Vddr1 vddr1 0 dc 1.98
|Vddr2 vddr2 0 dc 1.98
|Vddr3 vddr3 0 dc 1.98
|Vddr4 vddr4 0 dc 1.98
|Vdd vdd 0 dc 1.98
|Ven1 en1 0 PULSE(0 1.98 5n 100p 100p 1u 2u)
|Ven2 en2 0 PULSE(0 1.98 5n 100p 100p 1u 2u)
|Ven3 en3 0 PULSE(0 1.98 5n 100p 100p 1u 2u)
|Ven4 en4 0 PULSE(0 1.98 5n 100p 100p 1u 2u)
|Vrstn rst_n 0 PULSE(0 1.98 300n 100p 100p 10u 20u)
|Vclk clk 0 PULSE(0 1.98 320n 100p 100p 49.8n 100n)
|xctl en1 en2 en3 en4 vddr1 vddr2 vddr3 vddr4 vdd 0 clk rst_n
|+ raw_bit raw_valid ring_bit1 ring_bit2 ring_bit3 ring_bit4
|+ sampler_core
|
|.ic v(xarr.ro1)=0 v(xarr.ro2)=0 v(xarr.ro3)=0 v(xarr.ro4)=0
|.ic v(xctl.ro1)=0 v(xctl.ro2)=0 v(xctl.ro3)=0 v(xctl.ro4)=0
|
|* Limit the saved transient trace set to exactly what the .meas statements
|* below need (see header -- this is a hard memory requirement here, not an
|* optimization).
|.save v(xarr.ro1) v(xarr.ro2) v(xarr.ro3) v(xarr.ro4) v(xarr.xo)
|.save v(xctl.ro1) v(xctl.ro2) v(xctl.ro3) v(xctl.ro4) v(xctl.xo)
|.save v(praw_bit) v(praw_valid) v(pring_bit1) v(pring_bit2) v(pring_bit3) v(pring_bit4)
|.save v(raw_bit) v(raw_valid) v(ring_bit1) v(ring_bit2) v(ring_bit3) v(ring_bit4)
|.save i(Vddrp1) i(Vddrp2) i(Vddrp3) i(Vddrp4) i(Vddp)
|.save i(Vddr1) i(Vddr2) i(Vddr3) i(Vddr4) i(Vdd)
|
|.tran 5p 800n uic
|
|.control
|run
|
|* ==========================================================================
|* POST-LAYOUT WHOLE CELL
|* ==========================================================================
|
|* --- per-ring periods, 10 whole periods each, first two rising edges
|* discarded as start-up (identical estimator to
|* sim/post-layout-ro-array-core/) ----------------------------------------
|meas tran pt1a when v(xarr.ro1)=0.5*1.98 rise=3
|meas tran pt1b when v(xarr.ro1)=0.5*1.98 rise=13
|let p_tr1 = (pt1b - pt1a)/10
|meas tran pt2a when v(xarr.ro2)=0.5*1.98 rise=3
|meas tran pt2b when v(xarr.ro2)=0.5*1.98 rise=13
|let p_tr2 = (pt2b - pt2a)/10
|meas tran pt3a when v(xarr.ro3)=0.5*1.98 rise=3
|meas tran pt3b when v(xarr.ro3)=0.5*1.98 rise=13
|let p_tr3 = (pt3b - pt3a)/10
|meas tran pt4a when v(xarr.ro4)=0.5*1.98 rise=3
|meas tran pt4b when v(xarr.ro4)=0.5*1.98 rise=13
|let p_tr4 = (pt4b - pt4a)/10
|let p_f_ideal = 1/p_tr1 + 1/p_tr2 + 1/p_tr3 + 1/p_tr4
|
|* --- combining node (N=4, xo): swing, realized edge rate, value bias, now
|* under the six-sampler bank's own real capacitive loading + clk-dependent
|* switching -----------------------------------------------------------
|meas tran pvxo_max MAX v(xarr.xo) from=100n to=800n
|meas tran pvxo_min MIN v(xarr.xo) from=100n to=800n
|let p_swing_frac_xo = (pvxo_max - pvxo_min) / 1.98
|meas tran ptxo_a when v(xarr.xo)=0.5*1.98 rise=2
|meas tran ptxo_b when v(xarr.xo)=0.5*1.98 rise=50
|let p_f_xo = 48/(ptxo_b - ptxo_a)
|let p_edge_retention = p_f_xo / p_f_ideal
|meas tran pvxo_avg AVG v(xarr.xo) from=100n to=800n
|let p_bias_xo = pvxo_avg / 1.98
|
|* --- reset-held check: all six sampler outputs must stay near 0 while
|* rst_n is still asserted (0-300n), regardless of the rings' own toggling
|* -------------------------------------------------------------------
|meas tran p_vrst_bit MAX v(praw_bit) from=50n to=250n
|meas tran p_vrst_valid MAX v(praw_valid) from=50n to=250n
|meas tran p_vrst_r1 MAX v(pring_bit1) from=50n to=250n
|meas tran p_vrst_r2 MAX v(pring_bit2) from=50n to=250n
|meas tran p_vrst_r3 MAX v(pring_bit3) from=50n to=250n
|meas tran p_vrst_r4 MAX v(pring_bit4) from=50n to=250n
|
|* --- captured-value snapshots, one per clk period, 50 ns into each low
|* (opaque/holding) phase -------------------------------------------------
|meas tran p_bit_400n find v(praw_bit) at=400n
|meas tran p_bit_500n find v(praw_bit) at=500n
|meas tran p_bit_600n find v(praw_bit) at=600n
|meas tran p_bit_700n find v(praw_bit) at=700n
|meas tran p_bit_800n find v(praw_bit) at=800n
|meas tran p_valid_400n find v(praw_valid) at=400n
|meas tran p_r1_400n find v(pring_bit1) at=400n
|meas tran p_r2_400n find v(pring_bit2) at=400n
|meas tran p_r3_400n find v(pring_bit3) at=400n
|meas tran p_r4_400n find v(pring_bit4) at=400n
|
|* --- supply current: reset-held window (50-250n) vs. active/sampling
|* window (400-800n), rings and block (buffers+xor tree+six samplers,
|* which now share `vdd` with the array) reported separately -----------
|meas tran pi1_rst AVG i(Vddrp1) from=50n to=250n
|meas tran pi2_rst AVG i(Vddrp2) from=50n to=250n
|meas tran pi3_rst AVG i(Vddrp3) from=50n to=250n
|meas tran pi4_rst AVG i(Vddrp4) from=50n to=250n
|meas tran pib_rst AVG i(Vddp) from=50n to=250n
|let p_i_rings_rst = -(pi1_rst + pi2_rst + pi3_rst + pi4_rst)
|let p_i_block_rst = -pib_rst
|let p_i_total_rst = p_i_rings_rst + p_i_block_rst
|
|meas tran pi1_act AVG i(Vddrp1) from=400n to=800n
|meas tran pi2_act AVG i(Vddrp2) from=400n to=800n
|meas tran pi3_act AVG i(Vddrp3) from=400n to=800n
|meas tran pi4_act AVG i(Vddrp4) from=400n to=800n
|meas tran pib_act AVG i(Vddp) from=400n to=800n
|let p_i_rings_act = -(pi1_act + pi2_act + pi3_act + pi4_act)
|let p_i_block_act = -pib_act
|let p_i_total_act = p_i_rings_act + p_i_block_act
|
|* ==========================================================================
|* PRE-LAYOUT CONTROL -- identical estimators, identical node names
|* ==========================================================================
|
|meas tran t1a when v(xctl.ro1)=0.5*1.98 rise=3
|meas tran t1b when v(xctl.ro1)=0.5*1.98 rise=13
|let tr1 = (t1b - t1a)/10
|meas tran t2a when v(xctl.ro2)=0.5*1.98 rise=3
|meas tran t2b when v(xctl.ro2)=0.5*1.98 rise=13
|let tr2 = (t2b - t2a)/10
|meas tran t3a when v(xctl.ro3)=0.5*1.98 rise=3
|meas tran t3b when v(xctl.ro3)=0.5*1.98 rise=13
|let tr3 = (t3b - t3a)/10
|meas tran t4a when v(xctl.ro4)=0.5*1.98 rise=3
|meas tran t4b when v(xctl.ro4)=0.5*1.98 rise=13
|let tr4 = (t4b - t4a)/10
|let f_ideal = 1/tr1 + 1/tr2 + 1/tr3 + 1/tr4
|
|meas tran vxo_max MAX v(xctl.xo) from=100n to=800n
|meas tran vxo_min MIN v(xctl.xo) from=100n to=800n
|let swing_frac_xo = (vxo_max - vxo_min) / 1.98
|meas tran txo_a when v(xctl.xo)=0.5*1.98 rise=2
|meas tran txo_b when v(xctl.xo)=0.5*1.98 rise=50
|let f_xo = 48/(txo_b - txo_a)
|let edge_retention = f_xo / f_ideal
|meas tran vxo_avg AVG v(xctl.xo) from=100n to=800n
|let bias_xo = vxo_avg / 1.98
|
|meas tran vrst_bit MAX v(raw_bit) from=50n to=250n
|meas tran vrst_valid MAX v(raw_valid) from=50n to=250n
|meas tran vrst_r1 MAX v(ring_bit1) from=50n to=250n
|meas tran vrst_r2 MAX v(ring_bit2) from=50n to=250n
|meas tran vrst_r3 MAX v(ring_bit3) from=50n to=250n
|meas tran vrst_r4 MAX v(ring_bit4) from=50n to=250n
|
|meas tran bit_400n find v(raw_bit) at=400n
|meas tran bit_500n find v(raw_bit) at=500n
|meas tran bit_600n find v(raw_bit) at=600n
|meas tran bit_700n find v(raw_bit) at=700n
|meas tran bit_800n find v(raw_bit) at=800n
|meas tran valid_400n find v(raw_valid) at=400n
|meas tran r1_400n find v(ring_bit1) at=400n
|meas tran r2_400n find v(ring_bit2) at=400n
|meas tran r3_400n find v(ring_bit3) at=400n
|meas tran r4_400n find v(ring_bit4) at=400n
|
|meas tran i1_rst AVG i(Vddr1) from=50n to=250n
|meas tran i2_rst AVG i(Vddr2) from=50n to=250n
|meas tran i3_rst AVG i(Vddr3) from=50n to=250n
|meas tran i4_rst AVG i(Vddr4) from=50n to=250n
|meas tran ib_rst AVG i(Vdd) from=50n to=250n
|let i_rings_rst = -(i1_rst + i2_rst + i3_rst + i4_rst)
|let i_block_rst = -ib_rst
|let i_total_rst = i_rings_rst + i_block_rst
|
|meas tran i1_act AVG i(Vddr1) from=400n to=800n
|meas tran i2_act AVG i(Vddr2) from=400n to=800n
|meas tran i3_act AVG i(Vddr3) from=400n to=800n
|meas tran i4_act AVG i(Vddr4) from=400n to=800n
|meas tran ib_act AVG i(Vdd) from=400n to=800n
|let i_rings_act = -(i1_act + i2_act + i3_act + i4_act)
|let i_block_act = -ib_act
|let i_total_act = i_rings_act + i_block_act
|
|* --- headline ratios: same block, same corner, real inter-block/intra-cell
|* wiring + real sampler loading vs. pre-layout (no interconnect, ideal
|* devices only) ----------------------------------------------------------
|let slowdown_r1 = p_tr1 / tr1
|let slowdown_r2 = p_tr2 / tr2
|let slowdown_r3 = p_tr3 / tr3
|let slowdown_r4 = p_tr4 / tr4
|let i_total_act_ratio = p_i_total_act / i_total_act
|let i_total_rst_ratio = p_i_total_rst / i_total_rst
|
|print p_tr1
|print p_tr2
|print p_tr3
|print p_tr4
|print p_f_ideal
|print p_f_xo
|print p_edge_retention
|print p_bias_xo
|print p_swing_frac_xo
|print p_vrst_bit
|print p_vrst_valid
|print p_vrst_r1
|print p_vrst_r2
|print p_vrst_r3
|print p_vrst_r4
|print p_bit_400n
|print p_bit_500n
|print p_bit_600n
|print p_bit_700n
|print p_bit_800n
|print p_valid_400n
|print p_r1_400n
|print p_r2_400n
|print p_r3_400n
|print p_r4_400n
|print p_i_rings_rst
|print p_i_block_rst
|print p_i_total_rst
|print p_i_rings_act
|print p_i_block_act
|print p_i_total_act
|
|print tr1
|print tr2
|print tr3
|print tr4
|print f_ideal
|print f_xo
|print edge_retention
|print bias_xo
|print swing_frac_xo
|print vrst_bit
|print vrst_valid
|print vrst_r1
|print vrst_r2
|print vrst_r3
|print vrst_r4
|print bit_400n
|print bit_500n
|print bit_600n
|print bit_700n
|print bit_800n
|print valid_400n
|print r1_400n
|print r2_400n
|print r3_400n
|print r4_400n
|print i_rings_rst
|print i_block_rst
|print i_total_rst
|print i_rings_act
|print i_block_act
|print i_total_act
|
|print slowdown_r1
|print slowdown_r2
|print slowdown_r3
|print slowdown_r4
|print i_total_act_ratio
|print i_total_rst_ratio
|.endc
|.end
|

----- stdout -----

Note: No compatibility mode selected!


Circuit: * post-layout sampler_core: the whole composed cell -- four skewed rings,

Doing analysis at TEMP = -40.000000 and TNOM = 27.000000

Using SPARSE 1.3 as Direct Linear Solver
Operating point simulation skipped by 'uic',
  now using transient initial conditions.
 Reference value :  5.00000e-14
 Reference value :  1.95949e-10
 Reference value :  5.60949e-10
 Reference value :  9.65949e-10
 Reference value :  1.35095e-09
 Reference value :  1.77095e-09
 Reference value :  2.19595e-09
 Reference value :  2.59595e-09
 Reference value :  2.88095e-09
 Reference value :  3.14095e-09
 Reference value :  3.41595e-09
 Reference value :  3.70095e-09
 Reference value :  4.02595e-09
 Reference value :  4.34595e-09
 Reference value :  4.67595e-09
 Reference value :  5.00000e-09
 Reference value :  5.28750e-09
 Reference value :  5.68250e-09
 Reference value :  6.08250e-09
 Reference value :  6.38250e-09
 Reference value :  6.73250e-09
 Reference value :  7.11750e-09
 Reference value :  7.49750e-09
 Reference value :  7.84250e-09
 Reference value :  8.20250e-09
 Reference value :  8.53750e-09
 Reference value :  8.85750e-09
 Reference value :  9.23750e-09
 Reference value :  9.60250e-09
 Reference value :  9.92250e-09
 Reference value :  1.01925e-08
 Reference value :  1.04675e-08
 Reference value :  1.07675e-08
 Reference value :  1.10925e-08
 Reference value :  1.14375e-08
 Reference value :  1.17975e-08
 Reference value :  1.21125e-08
 Reference value :  1.24025e-08
 Reference value :  1.26725e-08
 Reference value :  1.29725e-08
 Reference value :  1.33025e-08
 Reference value :  1.36225e-08
 Reference value :  1.39525e-08
 Reference value :  1.42625e-08
 Reference value :  1.45525e-08
 Reference value :  1.48525e-08
 Reference value :  1.51575e-08
 Reference value :  1.54925e-08
 Reference value :  1.57925e-08
 Reference value :  1.60625e-08
 Reference value :  1.63625e-08
 Reference value :  1.66425e-08
 Reference value :  1.69325e-08
 Reference value :  1.72325e-08
 Reference value :  1.75375e-08
 Reference value :  1.78375e-08
 Reference value :  1.81425e-08
 Reference value :  1.84525e-08
 Reference value :  1.87475e-08
 Reference value :  1.90475e-08
 Reference value :  1.93425e-08
 Reference value :  1.96425e-08
 Reference value :  1.99525e-08
 Reference value :  2.02375e-08
 Reference value :  2.05425e-08
 Reference value :  2.08475e-08
 Reference value :  2.11275e-08
 Reference value :  2.14125e-08
 Reference value :  2.16825e-08
 Reference value :  2.19475e-08
 Reference value :  2.22175e-08
 Reference value :  2.24825e-08
 Reference value :  2.27725e-08
 Reference value :  2.30625e-08
 Reference value :  2.33475e-08
 Reference value :  2.36425e-08
 Reference value :  2.39075e-08
 Reference value :  2.41825e-08
 Reference value :  2.44825e-08
 Reference value :  2.47775e-08
 Reference value :  2.51075e-08
 Reference value :  2.53925e-08
 Reference value :  2.57225e-08
 Reference value :  2.60175e-08
 Reference value :  2.62875e-08
 Reference value :  2.65625e-08
 Reference value :  2.68775e-08
 Reference value :  2.71825e-08
 Reference value :  2.74775e-08
 Reference value :  2.78075e-08
 Reference value :  2.81025e-08
 Reference value :  2.84125e-08
 Reference value :  2.86925e-08
 Reference value :  2.90075e-08
 Reference value :  2.93425e-08
 Reference value :  2.97175e-08
 Reference value :  3.00425e-08
 Reference value :  3.03525e-08
 Reference value :  3.06525e-08
 Reference value :  3.09725e-08
 Reference value :  3.12825e-08
 Reference value :  3.16225e-08
 Reference value :  3.19825e-08
 Reference value :  3.23075e-08
 Reference value :  3.26225e-08
 Reference value :  3.29175e-08
 Reference value :  3.32175e-08
 Reference value :  3.35375e-08
 Reference value :  3.39125e-08
 Reference value :  3.42825e-08
 Reference value :  3.45775e-08
 Reference value :  3.48725e-08
 Reference value :  3.51725e-08
 Reference value :  3.54725e-08
 Reference value :  3.57625e-08
 Reference value :  3.60975e-08
 Reference value :  3.64425e-08
 Reference value :  3.67275e-08
 Reference value :  3.70025e-08
 Reference value :  3.72875e-08
 Reference value :  3.75725e-08
 Reference value :  3.78575e-08
 Reference value :  3.82025e-08
 Reference value :  3.85125e-08
 Reference value :  3.88225e-08
 Reference value :  3.91475e-08
 Reference value :  3.94475e-08
 Reference value :  3.97275e-08
 Reference value :  4.00175e-08
 Reference value :  4.03425e-08
 Reference value :  4.06475e-08
 Reference value :  4.09475e-08
 Reference value :  4.12575e-08
 Reference value :  4.15525e-08
 Reference value :  4.18475e-08
 Reference value :  4.21475e-08
 Reference value :  4.24575e-08
 Reference value :  4.27825e-08
 Reference value :  4.30675e-08
 Reference value :  4.33975e-08
 Reference value :  4.37025e-08
 Reference value :  4.39825e-08
 Reference value :  4.42875e-08
 Reference value :  4.45725e-08
 Reference value :  4.48725e-08
 Reference value :  4.51825e-08
 Reference value :  4.54725e-08
 Reference value :  4.58075e-08
 Reference value :  4.60825e-08
 Reference value :  4.63625e-08
 Reference value :  4.66725e-08
 Reference value :  4.69875e-08
 Reference value :  4.73175e-08
 Reference value :  4.76325e-08
 Reference value :  4.79375e-08
 Reference value :  4.82275e-08
 Reference value :  4.85275e-08
 Reference value :  4.88425e-08
 Reference value :  4.91475e-08
 Reference value :  4.94875e-08
 Reference value :  4.97875e-08
 Reference value :  5.01075e-08
 Reference value :  5.04525e-08
 Reference value :  5.07675e-08
 Reference value :  5.10825e-08
 Reference value :  5.13925e-08
 Reference value :  5.17275e-08
 Reference value :  5.20975e-08
 Reference value :  5.23875e-08
 Reference value :  5.27075e-08
 Reference value :  5.30225e-08
 Reference value :  5.33425e-08
 Reference value :  5.36425e-08
 Reference value :  5.40175e-08
 Reference value :  5.44075e-08
 Reference value :  5.47275e-08
 Reference value :  5.50425e-08
 Reference value :  5.54125e-08
 Reference value :  5.57175e-08
 Reference value :  5.60575e-08
 Reference value :  5.64075e-08
 Reference value :  5.67525e-08
 Reference value :  5.70625e-08
 Reference value :  5.73875e-08
 Reference value :  5.77125e-08
 Reference value :  5.80275e-08
 Reference value :  5.84075e-08
 Reference value :  5.87925e-08
 Reference value :  5.91375e-08
 Reference value :  5.94525e-08
 Reference value :  5.98075e-08
 Reference value :  6.01075e-08
 Reference value :  6.04825e-08
 Reference value :  6.08375e-08
 Reference value :  6.11525e-08
 Reference value :  6.14575e-08
 Reference value :  6.17625e-08
 Reference value :  6.21025e-08
 Reference value :  6.24025e-08
 Reference value :  6.27475e-08
 Reference value :  6.31275e-08
 Reference value :  6.34425e-08
 Reference value :  6.37525e-08
 Reference value :  6.40775e-08
 Reference value :  6.44075e-08
 Reference value :  6.47175e-08
 Reference value :  6.50975e-08
 Reference value :  6.54325e-08
 Reference value :  6.57525e-08
 Reference value :  6.60525e-08
 Reference value :  6.63725e-08
 Reference value :  6.67025e-08
 Reference value :  6.70325e-08
 Reference value :  6.73725e-08
 Reference value :  6.76825e-08
 Reference value :  6.80125e-08
 Reference value :  6.83025e-08
 Reference value :  6.86225e-08
 Reference value :  6.89325e-08
 Reference value :  6.92475e-08
 Reference value :  6.95375e-08
 Reference value :  6.98375e-08
 Reference value :  7.01625e-08
 Reference value :  7.04625e-08
 Reference value :  7.07575e-08
 Reference value :  7.10775e-08
 Reference value :  7.13625e-08
 Reference value :  7.16425e-08
 Reference value :  7.19525e-08
 Reference value :  7.22525e-08
 Reference value :  7.25825e-08
 Reference value :  7.28825e-08
 Reference value :  7.31775e-08
 Reference value :  7.34725e-08
 Reference value :  7.37525e-08
 Reference value :  7.40475e-08
 Reference value :  7.43625e-08
 Reference value :  7.47475e-08
 Reference value :  7.50775e-08
 Reference value :  7.53675e-08
 Reference value :  7.56475e-08
 Reference value :  7.59275e-08
 Reference value :  7.62325e-08
 Reference value :  7.65425e-08
 Reference value :  7.69025e-08
 Reference value :  7.72275e-08
 Reference value :  7.75325e-08
 Reference value :  7.78375e-08
 Reference value :  7.81425e-08
 Reference value :  7.84425e-08
 Reference value :  7.87625e-08
 Reference value :  7.91275e-08
 Reference value :  7.94525e-08
 Reference value :  7.97475e-08
 Reference value :  8.00775e-08
 Reference value :  8.03725e-08
 Reference value :  8.06675e-08
 Reference value :  8.09775e-08
 Reference value :  8.13175e-08
 Reference value :  8.16475e-08
 Reference value :  8.19525e-08
 Reference value :  8.22325e-08
 Reference value :  8.25325e-08
 Reference value :  8.28375e-08
 Reference value :  8.31425e-08
 Reference value :  8.34775e-08
 Reference value :  8.37875e-08
 Reference value :  8.40975e-08
 Reference value :  8.43725e-08
 Reference value :  8.46475e-08
 Reference value :  8.49175e-08
 Reference value :  8.51825e-08
 Reference value :  8.54925e-08
 Reference value :  8.58025e-08
 Reference value :  8.60925e-08
 Reference value :  8.63725e-08
 Reference value :  8.66625e-08
 Reference value :  8.69025e-08
 Reference value :  8.71525e-08
 Reference value :  8.74375e-08
 Reference value :  8.77675e-08
 Reference value :  8.80525e-08
 Reference value :  8.83275e-08
 Reference value :  8.85975e-08
 Reference value :  8.88425e-08
 Reference value :  8.90975e-08
 Reference value :  8.93825e-08
 Reference value :  8.97225e-08
 Reference value :  9.00425e-08
 Reference value :  9.03275e-08
 Reference value :  9.06175e-08
 Reference value :  9.09025e-08
 Reference value :  9.11925e-08
 Reference value :  9.14775e-08
 Reference value :  9.18225e-08
 Reference value :  9.21325e-08
 Reference value :  9.24475e-08
 Reference value :  9.27575e-08
 Reference value :  9.30725e-08
 Reference value :  9.33775e-08
 Reference value :  9.36875e-08
 Reference value :  9.40025e-08
 Reference value :  9.42975e-08
 Reference value :  9.45925e-08
 Reference value :  9.48975e-08
 Reference value :  9.51825e-08
 Reference value :  9.54525e-08
 Reference value :  9.57275e-08
 Reference value :  9.60075e-08
 Reference value :  9.62975e-08
 Reference value :  9.65975e-08
 Reference value :  9.69025e-08
 Reference value :  9.72175e-08
 Reference value :  9.75325e-08
 Reference value :  9.78175e-08
 Reference value :  9.80875e-08
 Reference value :  9.83775e-08
 Reference value :  9.87025e-08
 Reference value :  9.89975e-08
 Reference value :  9.93575e-08
 Reference value :  9.96725e-08
 Reference value :  9.99975e-08
 Reference value :  1.00308e-07
 Reference value :  1.00623e-07
 Reference value :  1.00948e-07
 Reference value :  1.01248e-07
 Reference value :  1.01633e-07
 Reference value :  1.01963e-07
 Reference value :  1.02263e-07
 Reference value :  1.02623e-07
 Reference value :  1.02928e-07
 Reference value :  1.03263e-07
 Reference value :  1.03593e-07
 Reference value :  1.03948e-07
 Reference value :  1.04253e-07
 Reference value :  1.04543e-07
 Reference value :  1.04883e-07
 Reference value :  1.05173e-07
 Reference value :  1.05528e-07
 Reference value :  1.05863e-07
 Reference value :  1.06208e-07
 Reference value :  1.06588e-07
 Reference value :  1.06963e-07
 Reference value :  1.07323e-07
 Reference value :  1.07738e-07
 Reference value :  1.08163e-07
 Reference value :  1.08543e-07
 Reference value :  1.08903e-07
 Reference value :  1.09263e-07
 Reference value :  1.09603e-07
 Reference value :  1.10038e-07
 Reference value :  1.10423e-07
 Reference value :  1.10778e-07
 Reference value :  1.11138e-07
 Reference value :  1.11498e-07
 Reference value :  1.11888e-07
 Reference value :  1.12313e-07
 Reference value :  1.12688e-07
 Reference value :  1.13058e-07
 Reference value :  1.13423e-07
 Reference value :  1.13783e-07
 Reference value :  1.14138e-07
 Reference value :  1.14538e-07
 Reference value :  1.14878e-07
 Reference value :  1.15218e-07
 Reference value :  1.15563e-07
 Reference value :  1.15918e-07
 Reference value :  1.16303e-07
 Reference value :  1.16648e-07
 Reference value :  1.17008e-07
 Reference value :  1.17393e-07
 Reference value :  1.17758e-07
 Reference value :  1.18158e-07
 Reference value :  1.18523e-07
 Reference value :  1.18918e-07
 Reference value :  1.19298e-07
 Reference value :  1.19643e-07
 Reference value :  1.19988e-07
 Reference value :  1.20368e-07
 Reference value :  1.20738e-07
 Reference value :  1.21093e-07
 Reference value :  1.21408e-07
 Reference value :  1.21758e-07
 Reference value :  1.22118e-07
 Reference value :  1.22503e-07
 Reference value :  1.22873e-07
 Reference value :  1.23208e-07
 Reference value :  1.23558e-07
 Reference value :  1.23928e-07
 Reference value :  1.24268e-07
 Reference value :  1.24593e-07
 Reference value :  1.24938e-07
 Reference value :  1.25278e-07
 Reference value :  1.25668e-07
 Reference value :  1.26028e-07
 Reference value :  1.26383e-07
 Reference value :  1.26723e-07
 Reference value :  1.27068e-07
 Reference value :  1.27403e-07
 Reference value :  1.27733e-07
 Reference value :  1.28133e-07
 Reference value :  1.28553e-07
 Reference value :  1.28868e-07
 Reference value :  1.29213e-07
 Reference value :  1.29533e-07
 Reference value :  1.29868e-07
 Reference value :  1.30198e-07
 Reference value :  1.30593e-07
 Reference value :  1.30958e-07
 Reference value :  1.31298e-07
 Reference value :  1.31668e-07
 Reference value :  1.31993e-07
 Reference value :  1.32333e-07
 Reference value :  1.32698e-07
 Reference value :  1.33053e-07
 Reference value :  1.33383e-07
 Reference value :  1.33683e-07
 Reference value :  1.34008e-07
 Reference value :  1.34338e-07
 Reference value :  1.34663e-07
 Reference value :  1.35023e-07
 Reference value :  1.35373e-07
 Reference value :  1.35713e-07
 Reference value :  1.36053e-07
 Reference value :  1.36393e-07
 Reference value :  1.36718e-07
 Reference value :  1.37098e-07
 Reference value :  1.37428e-07
 Reference value :  1.37803e-07
 Reference value :  1.38153e-07
 Reference value :  1.38488e-07
 Reference value :  1.38808e-07
 Reference value :  1.39158e-07
 Reference value :  1.39493e-07
 Reference value :  1.39833e-07
 Reference value :  1.40173e-07
 Reference value :  1.40503e-07
 Reference value :  1.40828e-07
 Reference value :  1.41183e-07
 Reference value :  1.41543e-07
 Reference value :  1.41893e-07
 Reference value :  1.42228e-07
 Reference value :  1.42548e-07
 Reference value :  1.42863e-07
 Reference value :  1.43188e-07
 Reference value :  1.43538e-07
 Reference value :  1.43863e-07
 Reference value :  1.44218e-07
 Reference value :  1.44533e-07
 Reference value :  1.44858e-07
 Reference value :  1.45203e-07
 Reference value :  1.45553e-07
 Reference value :  1.45913e-07
 Reference value :  1.46258e-07
 Reference value :  1.46613e-07
 Reference value :  1.46968e-07
 Reference value :  1.47348e-07
 Reference value :  1.47678e-07
 Reference value :  1.48023e-07
 Reference value :  1.48373e-07
 Reference value :  1.48758e-07
 Reference value :  1.49113e-07
 Reference value :  1.49523e-07
 Reference value :  1.49883e-07
 Reference value :  1.50258e-07
 Reference value :  1.50668e-07
 Reference value :  1.51033e-07
 Reference value :  1.51403e-07
 Reference value :  1.51743e-07
 Reference value :  1.52133e-07
 Reference value :  1.52503e-07
 Reference value :  1.52943e-07
 Reference value :  1.53343e-07
 Reference value :  1.53678e-07
 Reference value :  1.54028e-07
 Reference value :  1.54403e-07
 Reference value :  1.54773e-07
 Reference value :  1.55188e-07
 Reference value :  1.55583e-07
 Reference value :  1.55943e-07
 Reference value :  1.56308e-07
 Reference value :  1.56663e-07
 Reference value :  1.57053e-07
 Reference value :  1.57478e-07
 Reference value :  1.57888e-07
 Reference value :  1.58238e-07
 Reference value :  1.58648e-07
 Reference value :  1.59028e-07
 Reference value :  1.59413e-07
 Reference value :  1.59813e-07
 Reference value :  1.60168e-07
 Reference value :  1.60498e-07
 Reference value :  1.60858e-07
 Reference value :  1.61208e-07
 Reference value :  1.61588e-07
 Reference value :  1.61948e-07
 Reference value :  1.62298e-07
 Reference value :  1.62618e-07
 Reference value :  1.62938e-07
 Reference value :  1.63338e-07
 Reference value :  1.63733e-07
 Reference value :  1.64098e-07
 Reference value :  1.64473e-07
 Reference value :  1.64823e-07
 Reference value :  1.65153e-07
 Reference value :  1.65503e-07
 Reference value :  1.65893e-07
 Reference value :  1.66253e-07
 Reference value :  1.66598e-07
 Reference value :  1.66938e-07
 Reference value :  1.67298e-07
 Reference value :  1.67638e-07
 Reference value :  1.68018e-07
 Reference value :  1.68348e-07
 Reference value :  1.68678e-07
 Reference value :  1.69008e-07
 Reference value :  1.69358e-07
 Reference value :  1.69713e-07
 Reference value :  1.70023e-07
 Reference value :  1.70383e-07
 Reference value :  1.70703e-07
 Reference value :  1.71033e-07
 Reference value :  1.71368e-07
 Reference value :  1.71738e-07
 Reference value :  1.72083e-07
 Reference value :  1.72448e-07
 Reference value :  1.72868e-07
 Reference value :  1.73238e-07
 Reference value :  1.73608e-07
 Reference value :  1.73998e-07
 Reference value :  1.74348e-07
 Reference value :  1.74683e-07
 Reference value :  1.75048e-07
 Reference value :  1.75418e-07
 Reference value :  1.75798e-07
 Reference value :  1.76178e-07
 Reference value :  1.76548e-07
 Reference value :  1.76868e-07
 Reference value :  1.77218e-07
 Reference value :  1.77623e-07
 Reference value :  1.78043e-07
 Reference value :  1.78393e-07
 Reference value :  1.78748e-07
 Reference value :  1.79098e-07
 Reference value :  1.79458e-07
 Reference value :  1.79823e-07
 Reference value :  1.80223e-07
 Reference value :  1.80578e-07
 Reference value :  1.80928e-07
 Reference value :  1.81288e-07
 Reference value :  1.81658e-07
 Reference value :  1.82058e-07
 Reference value :  1.82443e-07
 Reference value :  1.82778e-07
 Reference value :  1.83113e-07
 Reference value :  1.83473e-07
 Reference value :  1.83848e-07
 Reference value :  1.84248e-07
 Reference value :  1.84608e-07
 Reference value :  1.84963e-07
 Reference value :  1.85318e-07
 Reference value :  1.85658e-07
 Reference value :  1.86003e-07
 Reference value :  1.86408e-07
 Reference value :  1.86798e-07
 Reference value :  1.87138e-07
 Reference value :  1.87488e-07
 Reference value :  1.87843e-07
 Reference value :  1.88168e-07
 Reference value :  1.88608e-07
 Reference value :  1.88968e-07
 Reference value :  1.89298e-07
 Reference value :  1.89653e-07
 Reference value :  1.90013e-07
 Reference value :  1.90363e-07
 Reference value :  1.90713e-07
 Reference value :  1.91063e-07
 Reference value :  1.91413e-07
 Reference value :  1.91758e-07
 Reference value :  1.92098e-07
 Reference value :  1.92418e-07
 Reference value :  1.92793e-07
 Reference value :  1.93158e-07
 Reference value :  1.93508e-07
 Reference value :  1.93848e-07
 Reference value :  1.94168e-07
 Reference value :  1.94503e-07
 Reference value :  1.94833e-07
 Reference value :  1.95183e-07
 Reference value :  1.95523e-07
 Reference value :  1.95878e-07
 Reference value :  1.96218e-07
 Reference value :  1.96558e-07
 Reference value :  1.96893e-07
 Reference value :  1.97263e-07
 Reference value :  1.97633e-07
 Reference value :  1.97978e-07
 Reference value :  1.98333e-07
 Reference value :  1.98748e-07
 Reference value :  1.99098e-07
 Reference value :  1.99493e-07
 Reference value :  1.99848e-07
 Reference value :  2.00218e-07
 Reference value :  2.00558e-07
 Reference value :  2.00858e-07
 Reference value :  2.01183e-07
 Reference value :  2.01583e-07
 Reference value :  2.01958e-07
 Reference value :  2.02348e-07
 Reference value :  2.02723e-07
 Reference value :  2.03028e-07
 Reference value :  2.03388e-07
 Reference value :  2.03738e-07
 Reference value :  2.04128e-07
 Reference value :  2.04538e-07
 Reference value :  2.04903e-07
 Reference value :  2.05233e-07
 Reference value :  2.05588e-07
 Reference value :  2.05918e-07
 Reference value :  2.06308e-07
 Reference value :  2.06728e-07
 Reference value :  2.07068e-07
 Reference value :  2.07393e-07
 Reference value :  2.07718e-07
 Reference value :  2.08068e-07
 Reference value :  2.08423e-07
 Reference value :  2.08818e-07
 Reference value :  2.09198e-07
 Reference value :  2.09543e-07
 Reference value :  2.09868e-07
 Reference value :  2.10203e-07
 Reference value :  2.10543e-07
 Reference value :  2.10898e-07
 Reference value :  2.11308e-07
 Reference value :  2.11658e-07
 Reference value :  2.12008e-07
 Reference value :  2.12358e-07
 Reference value :  2.12673e-07
 Reference value :  2.13003e-07
 Reference value :  2.13328e-07
 Reference value :  2.13648e-07
 Reference value :  2.13953e-07
 Reference value :  2.14263e-07
 Reference value :  2.14573e-07
 Reference value :  2.14878e-07
 Reference value :  2.15243e-07
 Reference value :  2.15533e-07
 Reference value :  2.15828e-07
 Reference value :  2.16138e-07
 Reference value :  2.16433e-07
 Reference value :  2.16763e-07
 Reference value :  2.17088e-07
 Reference value :  2.17423e-07
 Reference value :  2.17728e-07
 Reference value :  2.18023e-07
 Reference value :  2.18333e-07
 Reference value :  2.18618e-07
 Reference value :  2.18943e-07
 Reference value :  2.19238e-07
 Reference value :  2.19573e-07
 Reference value :  2.19873e-07
 Reference value :  2.20193e-07
 Reference value :  2.20483e-07
 Reference value :  2.20813e-07
 Reference value :  2.21118e-07
 Reference value :  2.21418e-07
 Reference value :  2.21738e-07
 Reference value :  2.22023e-07
 Reference value :  2.22318e-07
 Reference value :  2.22648e-07
 Reference value :  2.22953e-07
 Reference value :  2.23263e-07
 Reference value :  2.23573e-07
 Reference value :  2.23868e-07
 Reference value :  2.24158e-07
 Reference value :  2.24468e-07
 Reference value :  2.24778e-07
 Reference value :  2.25078e-07
 Reference value :  2.25423e-07
 Reference value :  2.25708e-07
 Reference value :  2.25998e-07
 Reference value :  2.26363e-07
 Reference value :  2.26703e-07
 Reference value :  2.27048e-07
 Reference value :  2.27348e-07
 Reference value :  2.27683e-07
 Reference value :  2.27953e-07
 Reference value :  2.28218e-07
 Reference value :  2.28523e-07
 Reference value :  2.28833e-07
 Reference value :  2.29138e-07
 Reference value :  2.29468e-07
 Reference value :  2.29778e-07
 Reference value :  2.30093e-07
 Reference value :  2.30433e-07
 Reference value :  2.30768e-07
 Reference value :  2.31088e-07
 Reference value :  2.31443e-07
 Reference value :  2.31793e-07
 Reference value :  2.32128e-07
 Reference value :  2.32423e-07
 Reference value :  2.32758e-07
 Reference value :  2.33083e-07
 Reference value :  2.33418e-07
 Reference value :  2.33793e-07
 Reference value :  2.34113e-07
 Reference value :  2.34393e-07
 Reference value :  2.34703e-07
 Reference value :  2.35003e-07
 Reference value :  2.35383e-07
 Reference value :  2.35718e-07
 Reference value :  2.36063e-07
 Reference value :  2.36378e-07
 Reference value :  2.36758e-07
 Reference value :  2.37063e-07
 Reference value :  2.37398e-07
 Reference value :  2.37713e-07
 Reference value :  2.38078e-07
 Reference value :  2.38378e-07
 Reference value :  2.38688e-07
 Reference value :  2.39023e-07
 Reference value :  2.39358e-07
 Reference value :  2.39678e-07
 Reference value :  2.39998e-07
 Reference value :  2.40338e-07
 Reference value :  2.40628e-07
 Reference value :  2.40918e-07
 Reference value :  2.41223e-07
 Reference value :  2.41573e-07
 Reference value :  2.41893e-07
 Reference value :  2.42263e-07
 Reference value :  2.42578e-07
 Reference value :  2.42888e-07
 Reference value :  2.43188e-07
 Reference value :  2.43508e-07
 Reference value :  2.43823e-07
 Reference value :  2.44128e-07
 Reference value :  2.44428e-07
 Reference value :  2.44753e-07
 Reference value :  2.45058e-07
 Reference value :  2.45353e-07
 Reference value :  2.45653e-07
 Reference value :  2.45958e-07
 Reference value :  2.46258e-07
 Reference value :  2.46548e-07
 Reference value :  2.46893e-07
 Reference value :  2.47173e-07
 Reference value :  2.47453e-07
 Reference value :  2.47743e-07
 Reference value :  2.48028e-07
 Reference value :  2.48313e-07
 Reference value :  2.48593e-07
 Reference value :  2.48898e-07
 Reference value :  2.49188e-07
 Reference value :  2.49513e-07
 Reference value :  2.49808e-07
 Reference value :  2.50133e-07
 Reference value :  2.50428e-07
 Reference value :  2.50698e-07
 Reference value :  2.51018e-07
 Reference value :  2.51308e-07
 Reference value :  2.51653e-07
 Reference value :  2.51958e-07
 Reference value :  2.52238e-07
 Reference value :  2.52543e-07
 Reference value :  2.52838e-07
 Reference value :  2.53138e-07
 Reference value :  2.53453e-07
 Reference value :  2.53773e-07
 Reference value :  2.54078e-07
 Reference value :  2.54373e-07
 Reference value :  2.54648e-07
 Reference value :  2.54938e-07
 Reference value :  2.55248e-07
 Reference value :  2.55523e-07
 Reference value :  2.55848e-07
 Reference value :  2.56183e-07
 Reference value :  2.56488e-07
 Reference value :  2.56813e-07
 Reference value :  2.57108e-07
 Reference value :  2.57423e-07
 Reference value :  2.57713e-07
 Reference value :  2.58033e-07
 Reference value :  2.58353e-07
 Reference value :  2.58678e-07
 Reference value :  2.58958e-07
 Reference value :  2.59243e-07
 Reference value :  2.59543e-07
 Reference value :  2.59808e-07
 Reference value :  2.60098e-07
 Reference value :  2.60448e-07
 Reference value :  2.60748e-07
 Reference value :  2.61038e-07
 Reference value :  2.61308e-07
 Reference value :  2.61588e-07
 Reference value :  2.61853e-07
 Reference value :  2.62118e-07
 Reference value :  2.62433e-07
 Reference value :  2.62718e-07
 Reference value :  2.63003e-07
 Reference value :  2.63288e-07
 Reference value :  2.63573e-07
 Reference value :  2.63858e-07
 Reference value :  2.64133e-07
 Reference value :  2.64443e-07
 Reference value :  2.64748e-07
 Reference value :  2.65063e-07
 Reference value :  2.65378e-07
 Reference value :  2.65653e-07
 Reference value :  2.65938e-07
 Reference value :  2.66248e-07
 Reference value :  2.66553e-07
 Reference value :  2.66853e-07
 Reference value :  2.67148e-07
 Reference value :  2.67478e-07
 Reference value :  2.67778e-07
 Reference value :  2.68108e-07
 Reference value :  2.68438e-07
 Reference value :  2.68778e-07
 Reference value :  2.69098e-07
 Reference value :  2.69388e-07
 Reference value :  2.69688e-07
 Reference value :  2.69983e-07
 Reference value :  2.70248e-07
 Reference value :  2.70558e-07
 Reference value :  2.70878e-07
 Reference value :  2.71168e-07
 Reference value :  2.71438e-07
 Reference value :  2.71728e-07
 Reference value :  2.72023e-07
 Reference value :  2.72298e-07
 Reference value :  2.72628e-07
 Reference value :  2.72933e-07
 Reference value :  2.73238e-07
 Reference value :  2.73528e-07
 Reference value :  2.73843e-07
 Reference value :  2.74178e-07
 Reference value :  2.74458e-07
 Reference value :  2.74788e-07
 Reference value :  2.75088e-07
 Reference value :  2.75378e-07
 Reference value :  2.75658e-07
 Reference value :  2.75968e-07
 Reference value :  2.76308e-07
 Reference value :  2.76613e-07
 Reference value :  2.76923e-07
 Reference value :  2.77218e-07
 Reference value :  2.77513e-07
 Reference value :  2.77793e-07
 Reference value :  2.78113e-07
 Reference value :  2.78398e-07
 Reference value :  2.78743e-07
 Reference value :  2.79048e-07
 Reference value :  2.79328e-07
 Reference value :  2.79618e-07
 Reference value :  2.79913e-07
 Reference value :  2.80243e-07
 Reference value :  2.80553e-07
 Reference value :  2.80878e-07
 Reference value :  2.81188e-07
 Reference value :  2.81493e-07
 Reference value :  2.81783e-07
 Reference value :  2.82098e-07
 Reference value :  2.82428e-07
 Reference value :  2.82753e-07
 Reference value :  2.83083e-07
 Reference value :  2.83388e-07
 Reference value :  2.83688e-07
 Reference value :  2.83993e-07
 Reference value :  2.84293e-07
 Reference value :  2.84628e-07
 Reference value :  2.84953e-07
 Reference value :  2.85283e-07
 Reference value :  2.85572e-07
 Reference value :  2.85852e-07
 Reference value :  2.86172e-07
 Reference value :  2.86457e-07
 Reference value :  2.86787e-07
 Reference value :  2.87112e-07
 Reference value :  2.87447e-07
 Reference value :  2.87737e-07
 Reference value :  2.88062e-07
 Reference value :  2.88382e-07
 Reference value :  2.88687e-07
 Reference value :  2.88967e-07
 Reference value :  2.89287e-07
 Reference value :  2.89637e-07
 Reference value :  2.89907e-07
 Reference value :  2.90217e-07
 Reference value :  2.90527e-07
 Reference value :  2.90807e-07
 Reference value :  2.91117e-07
 Reference value :  2.91432e-07
 Reference value :  2.91767e-07
 Reference value :  2.92072e-07
 Reference value :  2.92392e-07
 Reference value :  2.92722e-07
 Reference value :  2.93047e-07
 Reference value :  2.93387e-07
 Reference value :  2.93682e-07
 Reference value :  2.93952e-07
 Reference value :  2.94272e-07
 Reference value :  2.94562e-07
 Reference value :  2.94912e-07
 Reference value :  2.95247e-07
 Reference value :  2.95562e-07
 Reference value :  2.95862e-07
 Reference value :  2.96187e-07
 Reference value :  2.96497e-07
 Reference value :  2.96787e-07
 Reference value :  2.97122e-07
 Reference value :  2.97467e-07
 Reference value :  2.97762e-07
 Reference value :  2.98077e-07
 Reference value :  2.98437e-07
 Reference value :  2.98762e-07
 Reference value :  2.99077e-07
 Reference value :  2.99402e-07
 Reference value :  2.99732e-07
 Reference value :  3.00022e-07
 Reference value :  3.00307e-07
 Reference value :  3.00612e-07
 Reference value :  3.00912e-07
 Reference value :  3.01207e-07
 Reference value :  3.01482e-07
 Reference value :  3.01762e-07
 Reference value :  3.02027e-07
 Reference value :  3.02262e-07
 Reference value :  3.02492e-07
 Reference value :  3.02772e-07
 Reference value :  3.03052e-07
 Reference value :  3.03327e-07
 Reference value :  3.03622e-07
 Reference value :  3.03927e-07
 Reference value :  3.04212e-07
 Reference value :  3.04497e-07
 Reference value :  3.04782e-07
 Reference value :  3.05062e-07
 Reference value :  3.05347e-07
 Reference value :  3.05637e-07
 Reference value :  3.05922e-07
 Reference value :  3.06212e-07
 Reference value :  3.06492e-07
 Reference value :  3.06777e-07
 Reference value :  3.07057e-07
 Reference value :  3.07347e-07
 Reference value :  3.07632e-07
 Reference value :  3.07917e-07
 Reference value :  3.08202e-07
 Reference value :  3.08487e-07
 Reference value :  3.08752e-07
 Reference value :  3.09017e-07
 Reference value :  3.09282e-07
 Reference value :  3.09572e-07
 Reference value :  3.09852e-07
 Reference value :  3.10137e-07
 Reference value :  3.10422e-07
 Reference value :  3.10692e-07
 Reference value :  3.10952e-07
 Reference value :  3.11237e-07
 Reference value :  3.11522e-07
 Reference value :  3.11807e-07
 Reference value :  3.12132e-07
 Reference value :  3.12412e-07
 Reference value :  3.12692e-07
 Reference value :  3.12962e-07
 Reference value :  3.13242e-07
 Reference value :  3.13537e-07
 Reference value :  3.13832e-07
 Reference value :  3.14127e-07
 Reference value :  3.14437e-07
 Reference value :  3.14732e-07
 Reference value :  3.15022e-07
 Reference value :  3.15312e-07
 Reference value :  3.15607e-07
 Reference value :  3.15877e-07
 Reference value :  3.16152e-07
 Reference value :  3.16427e-07
 Reference value :  3.16702e-07
 Reference value :  3.16977e-07
 Reference value :  3.17257e-07
 Reference value :  3.17517e-07
 Reference value :  3.17797e-07
 Reference value :  3.18072e-07
 Reference value :  3.18327e-07
 Reference value :  3.18582e-07
 Reference value :  3.18867e-07
 Reference value :  3.19132e-07
 Reference value :  3.19382e-07
 Reference value :  3.19642e-07
 Reference value :  3.19907e-07
 Reference value :  3.20122e-07
 Reference value :  3.20357e-07
 Reference value :  3.20602e-07
 Reference value :  3.20877e-07
 Reference value :  3.21137e-07
 Reference value :  3.21412e-07
 Reference value :  3.21697e-07
 Reference value :  3.21977e-07
 Reference value :  3.22247e-07
 Reference value :  3.22532e-07
 Reference value :  3.22817e-07
 Reference value :  3.23102e-07
 Reference value :  3.23377e-07
 Reference value :  3.23657e-07
 Reference value :  3.23942e-07
 Reference value :  3.24222e-07
 Reference value :  3.24477e-07
 Reference value :  3.24747e-07
 Reference value :  3.25027e-07
 Reference value :  3.25332e-07
 Reference value :  3.25647e-07
 Reference value :  3.25987e-07
 Reference value :  3.26337e-07
 Reference value :  3.26617e-07
 Reference value :  3.26882e-07
 Reference value :  3.27142e-07
 Reference value :  3.27407e-07
 Reference value :  3.27702e-07
 Reference value :  3.27977e-07
 Reference value :  3.28282e-07
 Reference value :  3.28587e-07
 Reference value :  3.28857e-07
 Reference value :  3.29102e-07
 Reference value :  3.29362e-07
 Reference value :  3.29647e-07
 Reference value :  3.29957e-07
 Reference value :  3.30272e-07
 Reference value :  3.30587e-07
 Reference value :  3.30887e-07
 Reference value :  3.31157e-07
 Reference value :  3.31427e-07
 Reference value :  3.31677e-07
 Reference value :  3.31962e-07
 Reference value :  3.32237e-07
 Reference value :  3.32507e-07
 Reference value :  3.32797e-07
 Reference value :  3.33077e-07
 Reference value :  3.33352e-07
 Reference value :  3.33677e-07
 Reference value :  3.33987e-07
 Reference value :  3.34292e-07
 Reference value :  3.34642e-07
 Reference value :  3.34932e-07
 Reference value :  3.35227e-07
 Reference value :  3.35532e-07
 Reference value :  3.35822e-07
 Reference value :  3.36102e-07
 Reference value :  3.36347e-07
 Reference value :  3.36622e-07
 Reference value :  3.36942e-07
 Reference value :  3.37227e-07
 Reference value :  3.37502e-07
 Reference value :  3.37802e-07
 Reference value :  3.38102e-07
 Reference value :  3.38382e-07
 Reference value :  3.38677e-07
 Reference value :  3.38997e-07
 Reference value :  3.39277e-07
 Reference value :  3.39582e-07
 Reference value :  3.39852e-07
 Reference value :  3.40117e-07
 Reference value :  3.40372e-07
 Reference value :  3.40632e-07
 Reference value :  3.40932e-07
 Reference value :  3.41217e-07
 Reference value :  3.41467e-07
 Reference value :  3.41777e-07
 Reference value :  3.42072e-07
 Reference value :  3.42367e-07
 Reference value :  3.42672e-07
 Reference value :  3.42947e-07
 Reference value :  3.43217e-07
 Reference value :  3.43487e-07
 Reference value :  3.43757e-07
 Reference value :  3.44047e-07
 Reference value :  3.44317e-07
 Reference value :  3.44592e-07
 Reference value :  3.44872e-07
 Reference value :  3.45177e-07
 Reference value :  3.45472e-07
 Reference value :  3.45777e-07
 Reference value :  3.46062e-07
 Reference value :  3.46362e-07
 Reference value :  3.46667e-07
 Reference value :  3.46987e-07
 Reference value :  3.47282e-07
 Reference value :  3.47577e-07
 Reference value :  3.47847e-07
 Reference value :  3.48122e-07
 Reference value :  3.48412e-07
 Reference value :  3.48712e-07
 Reference value :  3.49002e-07
 Reference value :  3.49287e-07
 Reference value :  3.49542e-07
 Reference value :  3.49817e-07
 Reference value :  3.50092e-07
 Reference value :  3.50362e-07
 Reference value :  3.50722e-07
 Reference value :  3.51077e-07
 Reference value :  3.51362e-07
 Reference value :  3.51672e-07
 Reference value :  3.52032e-07
 Reference value :  3.52377e-07
 Reference value :  3.52687e-07
 Reference value :  3.52997e-07
 Reference value :  3.53322e-07
 Reference value :  3.53627e-07
 Reference value :  3.53952e-07
 Reference value :  3.54237e-07
 Reference value :  3.54592e-07
 Reference value :  3.54922e-07
 Reference value :  3.55217e-07
 Reference value :  3.55517e-07
 Reference value :  3.55802e-07
 Reference value :  3.56097e-07
 Reference value :  3.56407e-07
 Reference value :  3.56702e-07
 Reference value :  3.57052e-07
 Reference value :  3.57347e-07
 Reference value :  3.57632e-07
 Reference value :  3.57867e-07
 Reference value :  3.58102e-07
 Reference value :  3.58342e-07
 Reference value :  3.58587e-07
 Reference value :  3.58857e-07
 Reference value :  3.59082e-07
 Reference value :  3.59312e-07
 Reference value :  3.59547e-07
 Reference value :  3.59782e-07
 Reference value :  3.60062e-07
 Reference value :  3.60307e-07
 Reference value :  3.60557e-07
 Reference value :  3.60837e-07
 Reference value :  3.61142e-07
 Reference value :  3.61487e-07
 Reference value :  3.61767e-07
 Reference value :  3.62017e-07
 Reference value :  3.62307e-07
 Reference value :  3.62652e-07
 Reference value :  3.63007e-07
 Reference value :  3.63357e-07
 Reference value :  3.63672e-07
 Reference value :  3.63992e-07
 Reference value :  3.64292e-07
 Reference value :  3.64602e-07
 Reference value :  3.64892e-07
 Reference value :  3.65227e-07
 Reference value :  3.65587e-07
 Reference value :  3.65917e-07
 Reference value :  3.66242e-07
 Reference value :  3.66587e-07
 Reference value :  3.66937e-07
 Reference value :  3.67257e-07
 Reference value :  3.67592e-07
 Reference value :  3.67922e-07
 Reference value :  3.68257e-07
 Reference value :  3.68587e-07
 Reference value :  3.68917e-07
 Reference value :  3.69272e-07
 Reference value :  3.69597e-07
 Reference value :  3.69912e-07
 Reference value :  3.70247e-07
 Reference value :  3.70597e-07
 Reference value :  3.70912e-07
 Reference value :  3.71212e-07
 Reference value :  3.71522e-07
 Reference value :  3.71847e-07
 Reference value :  3.72167e-07
 Reference value :  3.72482e-07
 Reference value :  3.72822e-07
 Reference value :  3.73147e-07
 Reference value :  3.73467e-07
 Reference value :  3.73777e-07
 Reference value :  3.74052e-07
 Reference value :  3.74352e-07
 Reference value :  3.74687e-07
 Reference value :  3.74987e-07
 Reference value :  3.75317e-07
 Reference value :  3.75647e-07
 Reference value :  3.75992e-07
 Reference value :  3.76327e-07
 Reference value :  3.76652e-07
 Reference value :  3.76987e-07
 Reference value :  3.77317e-07
 Reference value :  3.77657e-07
 Reference value :  3.77987e-07
 Reference value :  3.78297e-07
 Reference value :  3.78607e-07
 Reference value :  3.78922e-07
 Reference value :  3.79257e-07
 Reference value :  3.79592e-07
 Reference value :  3.79932e-07
 Reference value :  3.80262e-07
 Reference value :  3.80587e-07
 Reference value :  3.80897e-07
 Reference value :  3.81202e-07
 Reference value :  3.81482e-07
 Reference value :  3.81722e-07
 Reference value :  3.81962e-07
 Reference value :  3.82242e-07
 Reference value :  3.82527e-07
 Reference value :  3.82812e-07
 Reference value :  3.83092e-07
 Reference value :  3.83372e-07
 Reference value :  3.83637e-07
 Reference value :  3.83872e-07
 Reference value :  3.84127e-07
 Reference value :  3.84347e-07
 Reference value :  3.84612e-07
 Reference value :  3.84857e-07
 Reference value :  3.85132e-07
 Reference value :  3.85402e-07
 Reference value :  3.85667e-07
 Reference value :  3.85942e-07
 Reference value :  3.86217e-07
 Reference value :  3.86472e-07
 Reference value :  3.86742e-07
 Reference value :  3.87032e-07
 Reference value :  3.87312e-07
 Reference value :  3.87592e-07
 Reference value :  3.87887e-07
 Reference value :  3.88167e-07
 Reference value :  3.88422e-07
 Reference value :  3.88692e-07
 Reference value :  3.88967e-07
 Reference value :  3.89252e-07
 Reference value :  3.89532e-07
 Reference value :  3.89832e-07
 Reference value :  3.90102e-07
 Reference value :  3.90392e-07
 Reference value :  3.90677e-07
 Reference value :  3.90952e-07
 Reference value :  3.91217e-07
 Reference value :  3.91492e-07
 Reference value :  3.91737e-07
 Reference value :  3.91992e-07
 Reference value :  3.92267e-07
 Reference value :  3.92527e-07
 Reference value :  3.92802e-07
 Reference value :  3.93077e-07
 Reference value :  3.93342e-07
 Reference value :  3.93567e-07
 Reference value :  3.93857e-07
 Reference value :  3.94147e-07
 Reference value :  3.94437e-07
 Reference value :  3.94717e-07
 Reference value :  3.94992e-07
 Reference value :  3.95287e-07
 Reference value :  3.95552e-07
 Reference value :  3.95827e-07
 Reference value :  3.96087e-07
 Reference value :  3.96362e-07
 Reference value :  3.96632e-07
 Reference value :  3.96897e-07
 Reference value :  3.97162e-07
 Reference value :  3.97397e-07
 Reference value :  3.97622e-07
 Reference value :  3.97857e-07
 Reference value :  3.98122e-07
 Reference value :  3.98392e-07
 Reference value :  3.98672e-07
 Reference value :  3.98947e-07
 Reference value :  3.99212e-07
 Reference value :  3.99487e-07
 Reference value :  3.99767e-07
 Reference value :  4.00047e-07
 Reference value :  4.00317e-07
 Reference value :  4.00597e-07
 Reference value :  4.00892e-07
 Reference value :  4.01182e-07
 Reference value :  4.01457e-07
 Reference value :  4.01757e-07
 Reference value :  4.02052e-07
 Reference value :  4.02372e-07
 Reference value :  4.02682e-07
 Reference value :  4.02957e-07
 Reference value :  4.03252e-07
 Reference value :  4.03532e-07
 Reference value :  4.03802e-07
 Reference value :  4.04077e-07
 Reference value :  4.04352e-07
 Reference value :  4.04622e-07
 Reference value :  4.04907e-07
 Reference value :  4.05182e-07
 Reference value :  4.05472e-07
 Reference value :  4.05747e-07
 Reference value :  4.06032e-07
 Reference value :  4.06347e-07
 Reference value :  4.06652e-07
 Reference value :  4.06922e-07
 Reference value :  4.07207e-07
 Reference value :  4.07487e-07
 Reference value :  4.07762e-07
 Reference value :  4.08032e-07
 Reference value :  4.08312e-07
 Reference value :  4.08642e-07
 Reference value :  4.08937e-07
 Reference value :  4.09237e-07
 Reference value :  4.09517e-07
 Reference value :  4.09812e-07
 Reference value :  4.10102e-07
 Reference value :  4.10392e-07
 Reference value :  4.10702e-07
 Reference value :  4.11007e-07
 Reference value :  4.11302e-07
 Reference value :  4.11587e-07
 Reference value :  4.11867e-07
 Reference value :  4.12142e-07
 Reference value :  4.12422e-07
 Reference value :  4.12702e-07
 Reference value :  4.13012e-07
 Reference value :  4.13312e-07
 Reference value :  4.13602e-07
 Reference value :  4.13872e-07
 Reference value :  4.14142e-07
 Reference value :  4.14397e-07
 Reference value :  4.14662e-07
 Reference value :  4.14927e-07
 Reference value :  4.15222e-07
 Reference value :  4.15497e-07
 Reference value :  4.15777e-07
 Reference value :  4.16057e-07
 Reference value :  4.16342e-07
 Reference value :  4.16642e-07
 Reference value :  4.16957e-07
 Reference value :  4.17252e-07
 Reference value :  4.17537e-07
 Reference value :  4.17822e-07
 Reference value :  4.18107e-07
 Reference value :  4.18392e-07
 Reference value :  4.18682e-07
 Reference value :  4.18972e-07
 Reference value :  4.19262e-07
 Reference value :  4.19557e-07
 Reference value :  4.19847e-07
 Reference value :  4.20101e-07
 Reference value :  4.20377e-07
 Reference value :  4.20657e-07
 Reference value :  4.20942e-07
 Reference value :  4.21227e-07
 Reference value :  4.21507e-07
 Reference value :  4.21792e-07
 Reference value :  4.22067e-07
 Reference value :  4.22332e-07
 Reference value :  4.22562e-07
 Reference value :  4.22792e-07
 Reference value :  4.23077e-07
 Reference value :  4.23362e-07
 Reference value :  4.23647e-07
 Reference value :  4.23937e-07
 Reference value :  4.24237e-07
 Reference value :  4.24527e-07
 Reference value :  4.24812e-07
 Reference value :  4.25122e-07
 Reference value :  4.25412e-07
 Reference value :  4.25722e-07
 Reference value :  4.26042e-07
 Reference value :  4.26382e-07
 Reference value :  4.26697e-07
 Reference value :  4.26992e-07
 Reference value :  4.27302e-07
 Reference value :  4.27607e-07
 Reference value :  4.27902e-07
 Reference value :  4.28192e-07
 Reference value :  4.28502e-07
 Reference value :  4.28817e-07
 Reference value :  4.29147e-07
 Reference value :  4.29502e-07
 Reference value :  4.29827e-07
 Reference value :  4.30112e-07
 Reference value :  4.30432e-07
 Reference value :  4.30727e-07
 Reference value :  4.31047e-07
 Reference value :  4.31352e-07
 Reference value :  4.31627e-07
 Reference value :  4.31912e-07
 Reference value :  4.32192e-07
 Reference value :  4.32502e-07
 Reference value :  4.32802e-07
 Reference value :  4.33092e-07
 Reference value :  4.33402e-07
 Reference value :  4.33687e-07
 Reference value :  4.33982e-07
 Reference value :  4.34307e-07
 Reference value :  4.34627e-07
 Reference value :  4.34937e-07
 Reference value :  4.35242e-07
 Reference value :  4.35552e-07
 Reference value :  4.35847e-07
 Reference value :  4.36132e-07
 Reference value :  4.36432e-07
 Reference value :  4.36742e-07
 Reference value :  4.37032e-07
 Reference value :  4.37327e-07
 Reference value :  4.37652e-07
 Reference value :  4.37987e-07
 Reference value :  4.38277e-07
 Reference value :  4.38592e-07
 Reference value :  4.38877e-07
 Reference value :  4.39212e-07
 Reference value :  4.39552e-07
 Reference value :  4.39902e-07
 Reference value :  4.40187e-07
 Reference value :  4.40487e-07
 Reference value :  4.40792e-07
 Reference value :  4.41097e-07
 Reference value :  4.41397e-07
 Reference value :  4.41702e-07
 Reference value :  4.42052e-07
 Reference value :  4.42342e-07
 Reference value :  4.42637e-07
 Reference value :  4.42942e-07
 Reference value :  4.43257e-07
 Reference value :  4.43582e-07
 Reference value :  4.43877e-07
 Reference value :  4.44202e-07
 Reference value :  4.44517e-07
 Reference value :  4.44797e-07
 Reference value :  4.45102e-07
 Reference value :  4.45427e-07
 Reference value :  4.45742e-07
 Reference value :  4.46052e-07
 Reference value :  4.46367e-07
 Reference value :  4.46692e-07
 Reference value :  4.46987e-07
 Reference value :  4.47287e-07
 Reference value :  4.47622e-07
 Reference value :  4.47962e-07
 Reference value :  4.48272e-07
 Reference value :  4.48572e-07
 Reference value :  4.48912e-07
 Reference value :  4.49192e-07
 Reference value :  4.49482e-07
 Reference value :  4.49792e-07
 Reference value :  4.50087e-07
 Reference value :  4.50382e-07
 Reference value :  4.50687e-07
 Reference value :  4.50977e-07
 Reference value :  4.51287e-07
 Reference value :  4.51607e-07
 Reference value :  4.51892e-07
 Reference value :  4.52192e-07
 Reference value :  4.52487e-07
 Reference value :  4.52767e-07
 Reference value :  4.53087e-07
 Reference value :  4.53372e-07
 Reference value :  4.53677e-07
 Reference value :  4.53977e-07
 Reference value :  4.54277e-07
 Reference value :  4.54567e-07
 Reference value :  4.54877e-07
 Reference value :  4.55167e-07
 Reference value :  4.55452e-07
 Reference value :  4.55757e-07
 Reference value :  4.56062e-07
 Reference value :  4.56352e-07
 Reference value :  4.56627e-07
 Reference value :  4.56882e-07
 Reference value :  4.57192e-07
 Reference value :  4.57497e-07
 Reference value :  4.57772e-07
 Reference value :  4.58067e-07
 Reference value :  4.58392e-07
 Reference value :  4.58697e-07
 Reference value :  4.58987e-07
 Reference value :  4.59287e-07
 Reference value :  4.59597e-07
 Reference value :  4.59902e-07
 Reference value :  4.60212e-07
 Reference value :  4.60512e-07
 Reference value :  4.60822e-07
 Reference value :  4.61112e-07
 Reference value :  4.61402e-07
 Reference value :  4.61692e-07
 Reference value :  4.61982e-07
 Reference value :  4.62277e-07
 Reference value :  4.62602e-07
 Reference value :  4.62897e-07
 Reference value :  4.63207e-07
 Reference value :  4.63487e-07
 Reference value :  4.63752e-07
 Reference value :  4.63997e-07
 Reference value :  4.64272e-07
 Reference value :  4.64597e-07
 Reference value :  4.64897e-07
 Reference value :  4.65197e-07
 Reference value :  4.65492e-07
 Reference value :  4.65772e-07
 Reference value :  4.66102e-07
 Reference value :  4.66402e-07
 Reference value :  4.66687e-07
 Reference value :  4.66972e-07
 Reference value :  4.67247e-07
 Reference value :  4.67557e-07
 Reference value :  4.67852e-07
 Reference value :  4.68142e-07
 Reference value :  4.68462e-07
 Reference value :  4.68762e-07
 Reference value :  4.69067e-07
 Reference value :  4.69382e-07
 Reference value :  4.69702e-07
 Reference value :  4.69987e-07
 Reference value :  4.70272e-07
 Reference value :  4.70567e-07
 Reference value :  4.70867e-07
 Reference value :  4.71167e-07
 Reference value :  4.71472e-07
 Reference value :  4.71767e-07
 Reference value :  4.72057e-07
 Reference value :  4.72332e-07
 Reference value :  4.72602e-07
 Reference value :  4.72902e-07
 Reference value :  4.73197e-07
 Reference value :  4.73477e-07
 Reference value :  4.73752e-07
 Reference value :  4.74027e-07
 Reference value :  4.74297e-07
 Reference value :  4.74582e-07
 Reference value :  4.74872e-07
 Reference value :  4.75147e-07
 Reference value :  4.75432e-07
 Reference value :  4.75717e-07
 Reference value :  4.76007e-07
 Reference value :  4.76307e-07
 Reference value :  4.76597e-07
 Reference value :  4.76897e-07
 Reference value :  4.77192e-07
 Reference value :  4.77492e-07
 Reference value :  4.77802e-07
 Reference value :  4.78097e-07
 Reference value :  4.78377e-07
 Reference value :  4.78652e-07
 Reference value :  4.78922e-07
 Reference value :  4.79212e-07
 Reference value :  4.79502e-07
 Reference value :  4.79797e-07
 Reference value :  4.80097e-07
 Reference value :  4.80387e-07
 Reference value :  4.80682e-07
 Reference value :  4.80977e-07
 Reference value :  4.81273e-07
 Reference value :  4.81548e-07
 Reference value :  4.81808e-07
 Reference value :  4.82088e-07
 Reference value :  4.82403e-07
 Reference value :  4.82683e-07
 Reference value :  4.82968e-07
 Reference value :  4.83248e-07
 Reference value :  4.83523e-07
 Reference value :  4.83813e-07
 Reference value :  4.84103e-07
 Reference value :  4.84393e-07
 Reference value :  4.84678e-07
 Reference value :  4.84983e-07
 Reference value :  4.85278e-07
 Reference value :  4.85563e-07
 Reference value :  4.85843e-07
 Reference value :  4.86123e-07
 Reference value :  4.86403e-07
 Reference value :  4.86698e-07
 Reference value :  4.86958e-07
 Reference value :  4.87248e-07
 Reference value :  4.87538e-07
 Reference value :  4.87823e-07
 Reference value :  4.88108e-07
 Reference value :  4.88398e-07
 Reference value :  4.88688e-07
 Reference value :  4.88973e-07
 Reference value :  4.89268e-07
 Reference value :  4.89573e-07
 Reference value :  4.89863e-07
 Reference value :  4.90148e-07
 Reference value :  4.90423e-07
 Reference value :  4.90708e-07
 Reference value :  4.90988e-07
 Reference value :  4.91298e-07
 Reference value :  4.91593e-07
 Reference value :  4.91863e-07
 Reference value :  4.92138e-07
 Reference value :  4.92438e-07
 Reference value :  4.92723e-07
 Reference value :  4.93028e-07
 Reference value :  4.93303e-07
 Reference value :  4.93593e-07
 Reference value :  4.93883e-07
 Reference value :  4.94173e-07
 Reference value :  4.94453e-07
 Reference value :  4.94733e-07
 Reference value :  4.95018e-07
 Reference value :  4.95318e-07
 Reference value :  4.95608e-07
 Reference value :  4.95878e-07
 Reference value :  4.96143e-07
 Reference value :  4.96428e-07
 Reference value :  4.96703e-07
 Reference value :  4.96983e-07
 Reference value :  4.97273e-07
 Reference value :  4.97573e-07
 Reference value :  4.97863e-07
 Reference value :  4.98158e-07
 Reference value :  4.98438e-07
 Reference value :  4.98693e-07
 Reference value :  4.98953e-07
 Reference value :  4.99248e-07
 Reference value :  4.99538e-07
 Reference value :  4.99838e-07
 Reference value :  5.00128e-07
 Reference value :  5.00408e-07
 Reference value :  5.00703e-07
 Reference value :  5.00998e-07
 Reference value :  5.01283e-07
 Reference value :  5.01568e-07
 Reference value :  5.01863e-07
 Reference value :  5.02148e-07
 Reference value :  5.02438e-07
 Reference value :  5.02743e-07
 Reference value :  5.03038e-07
 Reference value :  5.03323e-07
 Reference value :  5.03633e-07
 Reference value :  5.03923e-07
 Reference value :  5.04188e-07
 Reference value :  5.04448e-07
 Reference value :  5.04718e-07
 Reference value :  5.04983e-07
 Reference value :  5.05243e-07
 Reference value :  5.05518e-07
 Reference value :  5.05798e-07
 Reference value :  5.06078e-07
 Reference value :  5.06353e-07
 Reference value :  5.06633e-07
 Reference value :  5.06923e-07
 Reference value :  5.07213e-07
 Reference value :  5.07508e-07
 Reference value :  5.07808e-07
 Reference value :  5.08103e-07
 Reference value :  5.08398e-07
 Reference value :  5.08683e-07
 Reference value :  5.08978e-07
 Reference value :  5.09243e-07
 Reference value :  5.09518e-07
 Reference value :  5.09798e-07
 Reference value :  5.10083e-07
 Reference value :  5.10368e-07
 Reference value :  5.10653e-07
 Reference value :  5.10948e-07
 Reference value :  5.11248e-07
 Reference value :  5.11533e-07
 Reference value :  5.11808e-07
 Reference value :  5.12078e-07
 Reference value :  5.12353e-07
 Reference value :  5.12603e-07
 Reference value :  5.12848e-07
 Reference value :  5.13123e-07
 Reference value :  5.13408e-07
 Reference value :  5.13693e-07
 Reference value :  5.13993e-07
 Reference value :  5.14258e-07
 Reference value :  5.14528e-07
 Reference value :  5.14808e-07
 Reference value :  5.15088e-07
 Reference value :  5.15383e-07
 Reference value :  5.15698e-07
 Reference value :  5.16008e-07
 Reference value :  5.16303e-07
 Reference value :  5.16593e-07
 Reference value :  5.16888e-07
 Reference value :  5.17183e-07
 Reference value :  5.17468e-07
 Reference value :  5.17763e-07
 Reference value :  5.18058e-07
 Reference value :  5.18358e-07
 Reference value :  5.18643e-07
 Reference value :  5.18933e-07
 Reference value :  5.19223e-07
 Reference value :  5.19543e-07
 Reference value :  5.19848e-07
 Reference value :  5.20108e-07
 Reference value :  5.20393e-07
 Reference value :  5.20673e-07
 Reference value :  5.20948e-07
 Reference value :  5.21213e-07
 Reference value :  5.21488e-07
 Reference value :  5.21768e-07
 Reference value :  5.22048e-07
 Reference value :  5.22333e-07
 Reference value :  5.22623e-07
 Reference value :  5.22908e-07
 Reference value :  5.23193e-07
 Reference value :  5.23478e-07
 Reference value :  5.23728e-07
 Reference value :  5.23993e-07
 Reference value :  5.24268e-07
 Reference value :  5.24543e-07
 Reference value :  5.24838e-07
 Reference value :  5.25118e-07
 Reference value :  5.25418e-07
 Reference value :  5.25763e-07
 Reference value :  5.26103e-07
 Reference value :  5.26393e-07
 Reference value :  5.26698e-07
 Reference value :  5.26988e-07
 Reference value :  5.27303e-07
 Reference value :  5.27583e-07
 Reference value :  5.27898e-07
 Reference value :  5.28253e-07
 Reference value :  5.28553e-07
 Reference value :  5.28843e-07
 Reference value :  5.29123e-07
 Reference value :  5.29433e-07
 Reference value :  5.29723e-07
 Reference value :  5.30033e-07
 Reference value :  5.30373e-07
 Reference value :  5.30678e-07
 Reference value :  5.30943e-07
 Reference value :  5.31193e-07
 Reference value :  5.31488e-07
 Reference value :  5.31788e-07
 Reference value :  5.32078e-07
 Reference value :  5.32408e-07
 Reference value :  5.32703e-07
 Reference value :  5.32988e-07
 Reference value :  5.33298e-07
 Reference value :  5.33583e-07
 Reference value :  5.33883e-07
 Reference value :  5.34198e-07
 Reference value :  5.34488e-07
 Reference value :  5.34823e-07
 Reference value :  5.35113e-07
 Reference value :  5.35403e-07
 Reference value :  5.35703e-07
 Reference value :  5.36033e-07
 Reference value :  5.36343e-07
 Reference value :  5.36648e-07
 Reference value :  5.36933e-07
 Reference value :  5.37218e-07
 Reference value :  5.37508e-07
 Reference value :  5.37808e-07
 Reference value :  5.38098e-07
 Reference value :  5.38403e-07
 Reference value :  5.38698e-07
 Reference value :  5.38998e-07
 Reference value :  5.39263e-07
 Reference value :  5.39538e-07
 Reference value :  5.39803e-07
 Reference value :  5.40083e-07
 Reference value :  5.40363e-07
 Reference value :  5.40668e-07
 Reference value :  5.40978e-07
 Reference value :  5.41248e-07
 Reference value :  5.41513e-07
 Reference value :  5.41798e-07
 Reference value :  5.42088e-07
 Reference value :  5.42378e-07
 Reference value :  5.42683e-07
 Reference value :  5.42923e-07
 Reference value :  5.43168e-07
 Reference value :  5.43403e-07
 Reference value :  5.43638e-07
 Reference value :  5.43898e-07
 Reference value :  5.44183e-07
 Reference value :  5.44563e-07
 Reference value :  5.44893e-07
 Reference value :  5.45153e-07
 Reference value :  5.45438e-07
 Reference value :  5.45703e-07
 Reference value :  5.45983e-07
 Reference value :  5.46308e-07
 Reference value :  5.46658e-07
 Reference value :  5.47018e-07
 Reference value :  5.47308e-07
 Reference value :  5.47613e-07
 Reference value :  5.47903e-07
 Reference value :  5.48238e-07
 Reference value :  5.48568e-07
 Reference value :  5.48898e-07
 Reference value :  5.49223e-07
 Reference value :  5.49558e-07
 Reference value :  5.49863e-07
 Reference value :  5.50143e-07
 Reference value :  5.50428e-07
 Reference value :  5.50733e-07
 Reference value :  5.51033e-07
 Reference value :  5.51328e-07
 Reference value :  5.51688e-07
 Reference value :  5.51998e-07
 Reference value :  5.52298e-07
 Reference value :  5.52618e-07
 Reference value :  5.52968e-07
 Reference value :  5.53288e-07
 Reference value :  5.53583e-07
 Reference value :  5.53903e-07
 Reference value :  5.54228e-07
 Reference value :  5.54538e-07
 Reference value :  5.54813e-07
 Reference value :  5.55083e-07
 Reference value :  5.55388e-07
 Reference value :  5.55693e-07
 Reference value :  5.55988e-07
 Reference value :  5.56318e-07
 Reference value :  5.56618e-07
 Reference value :  5.56923e-07
 Reference value :  5.57238e-07
 Reference value :  5.57543e-07
 Reference value :  5.57828e-07
 Reference value :  5.58128e-07
 Reference value :  5.58418e-07
 Reference value :  5.58698e-07
 Reference value :  5.58983e-07
 Reference value :  5.59283e-07
 Reference value :  5.59633e-07
 Reference value :  5.59918e-07
 Reference value :  5.60228e-07
 Reference value :  5.60528e-07
 Reference value :  5.60848e-07
 Reference value :  5.61168e-07
 Reference value :  5.61453e-07
 Reference value :  5.61733e-07
 Reference value :  5.62043e-07
 Reference value :  5.62343e-07
 Reference value :  5.62658e-07
 Reference value :  5.62948e-07
 Reference value :  5.63243e-07
 Reference value :  5.63543e-07
 Reference value :  5.63848e-07
 Reference value :  5.64173e-07
 Reference value :  5.64458e-07
 Reference value :  5.64743e-07
 Reference value :  5.65078e-07
 Reference value :  5.65383e-07
 Reference value :  5.65663e-07
 Reference value :  5.65953e-07
 Reference value :  5.66253e-07
 Reference value :  5.66568e-07
 Reference value :  5.66873e-07
 Reference value :  5.67228e-07
 Reference value :  5.67518e-07
 Reference value :  5.67838e-07
 Reference value :  5.68143e-07
 Reference value :  5.68438e-07
 Reference value :  5.68733e-07
 Reference value :  5.69073e-07
 Reference value :  5.69433e-07
 Reference value :  5.69748e-07
 Reference value :  5.70018e-07
 Reference value :  5.70308e-07
 Reference value :  5.70608e-07
 Reference value :  5.70908e-07
 Reference value :  5.71203e-07
 Reference value :  5.71498e-07
 Reference value :  5.71783e-07
 Reference value :  5.72078e-07
 Reference value :  5.72363e-07
 Reference value :  5.72648e-07
 Reference value :  5.72943e-07
 Reference value :  5.73228e-07
 Reference value :  5.73533e-07
 Reference value :  5.73823e-07
 Reference value :  5.74108e-07
 Reference value :  5.74398e-07
 Reference value :  5.74698e-07
 Reference value :  5.74998e-07
 Reference value :  5.75288e-07
 Reference value :  5.75578e-07
 Reference value :  5.75863e-07
 Reference value :  5.76133e-07
 Reference value :  5.76403e-07
 Reference value :  5.76683e-07
 Reference value :  5.76928e-07
 Reference value :  5.77163e-07
 Reference value :  5.77418e-07
 Reference value :  5.77693e-07
 Reference value :  5.77978e-07
 Reference value :  5.78273e-07
 Reference value :  5.78573e-07
 Reference value :  5.78883e-07
 Reference value :  5.79178e-07
 Reference value :  5.79473e-07
 Reference value :  5.79768e-07
 Reference value :  5.80068e-07
 Reference value :  5.80348e-07
 Reference value :  5.80633e-07
 Reference value :  5.80913e-07
 Reference value :  5.81198e-07
 Reference value :  5.81483e-07
 Reference value :  5.81763e-07
 Reference value :  5.82048e-07
 Reference value :  5.82338e-07
 Reference value :  5.82623e-07
 Reference value :  5.82908e-07
 Reference value :  5.83198e-07
 Reference value :  5.83503e-07
 Reference value :  5.83798e-07
 Reference value :  5.84078e-07
 Reference value :  5.84343e-07
 Reference value :  5.84613e-07
 Reference value :  5.84898e-07
 Reference value :  5.85193e-07
 Reference value :  5.85478e-07
 Reference value :  5.85803e-07
 Reference value :  5.86098e-07
 Reference value :  5.86383e-07
 Reference value :  5.86673e-07
 Reference value :  5.86963e-07
 Reference value :  5.87248e-07
 Reference value :  5.87548e-07
 Reference value :  5.87848e-07
 Reference value :  5.88148e-07
 Reference value :  5.88438e-07
 Reference value :  5.88733e-07
 Reference value :  5.89023e-07
 Reference value :  5.89308e-07
 Reference value :  5.89583e-07
 Reference value :  5.89868e-07
 Reference value :  5.90203e-07
 Reference value :  5.90478e-07
 Reference value :  5.90753e-07
 Reference value :  5.91033e-07
 Reference value :  5.91313e-07
 Reference value :  5.91598e-07
 Reference value :  5.91888e-07
 Reference value :  5.92213e-07
 Reference value :  5.92518e-07
 Reference value :  5.92803e-07
 Reference value :  5.93088e-07
 Reference value :  5.93378e-07
 Reference value :  5.93668e-07
 Reference value :  5.93948e-07
 Reference value :  5.94218e-07
 Reference value :  5.94493e-07
 Reference value :  5.94778e-07
 Reference value :  5.95063e-07
 Reference value :  5.95348e-07
 Reference value :  5.95623e-07
 Reference value :  5.95903e-07
 Reference value :  5.96188e-07
 Reference value :  5.96468e-07
 Reference value :  5.96763e-07
 Reference value :  5.97028e-07
 Reference value :  5.97308e-07
 Reference value :  5.97593e-07
 Reference value :  5.97893e-07
 Reference value :  5.98178e-07
 Reference value :  5.98468e-07
 Reference value :  5.98758e-07
 Reference value :  5.99058e-07
 Reference value :  5.99343e-07
 Reference value :  5.99633e-07
 Reference value :  5.99928e-07
 Reference value :  6.00223e-07
 Reference value :  6.00513e-07
 Reference value :  6.00798e-07
 Reference value :  6.01103e-07
 Reference value :  6.01388e-07
 Reference value :  6.01673e-07
 Reference value :  6.01943e-07
 Reference value :  6.02223e-07
 Reference value :  6.02523e-07
 Reference value :  6.02823e-07
 Reference value :  6.03118e-07
 Reference value :  6.03418e-07
 Reference value :  6.03713e-07
 Reference value :  6.04008e-07
 Reference value :  6.04303e-07
 Reference value :  6.04598e-07
 Reference value :  6.04918e-07
 Reference value :  6.05228e-07
 Reference value :  6.05523e-07
 Reference value :  6.05823e-07
 Reference value :  6.06113e-07
 Reference value :  6.06423e-07
 Reference value :  6.06723e-07
 Reference value :  6.07028e-07
 Reference value :  6.07323e-07
 Reference value :  6.07618e-07
 Reference value :  6.07913e-07
 Reference value :  6.08193e-07
 Reference value :  6.08463e-07
 Reference value :  6.08738e-07
 Reference value :  6.09018e-07
 Reference value :  6.09248e-07
 Reference value :  6.09493e-07
 Reference value :  6.09738e-07
 Reference value :  6.10008e-07
 Reference value :  6.10288e-07
 Reference value :  6.10578e-07
 Reference value :  6.10878e-07
 Reference value :  6.11178e-07
 Reference value :  6.11483e-07
 Reference value :  6.11783e-07
 Reference value :  6.12078e-07
 Reference value :  6.12398e-07
 Reference value :  6.12703e-07
 Reference value :  6.12998e-07
 Reference value :  6.13293e-07
 Reference value :  6.13588e-07
 Reference value :  6.13888e-07
 Reference value :  6.14183e-07
 Reference value :  6.14483e-07
 Reference value :  6.14768e-07
 Reference value :  6.15068e-07
 Reference value :  6.15363e-07
 Reference value :  6.15658e-07
 Reference value :  6.15953e-07
 Reference value :  6.16248e-07
 Reference value :  6.16553e-07
 Reference value :  6.16848e-07
 Reference value :  6.17148e-07
 Reference value :  6.17443e-07
 Reference value :  6.17728e-07
 Reference value :  6.18018e-07
 Reference value :  6.18318e-07
 Reference value :  6.18623e-07
 Reference value :  6.18918e-07
 Reference value :  6.19213e-07
 Reference value :  6.19503e-07
 Reference value :  6.19808e-07
 Reference value :  6.20088e-07
 Reference value :  6.20358e-07
 Reference value :  6.20698e-07
 Reference value :  6.21023e-07
 Reference value :  6.21318e-07
 Reference value :  6.21613e-07
 Reference value :  6.21908e-07
 Reference value :  6.22203e-07
 Reference value :  6.22493e-07
 Reference value :  6.22793e-07
 Reference value :  6.23138e-07
 Reference value :  6.23448e-07
 Reference value :  6.23748e-07
 Reference value :  6.24048e-07
 Reference value :  6.24358e-07
 Reference value :  6.24668e-07
 Reference value :  6.25008e-07
 Reference value :  6.25338e-07
 Reference value :  6.25643e-07
 Reference value :  6.25943e-07
 Reference value :  6.26258e-07
 Reference value :  6.26553e-07
 Reference value :  6.26853e-07
 Reference value :  6.27178e-07
 Reference value :  6.27503e-07
 Reference value :  6.27868e-07
 Reference value :  6.28183e-07
 Reference value :  6.28433e-07
 Reference value :  6.28693e-07
 Reference value :  6.28953e-07
 Reference value :  6.29223e-07
 Reference value :  6.29578e-07
 Reference value :  6.29888e-07
 Reference value :  6.30188e-07
 Reference value :  6.30493e-07
 Reference value :  6.30823e-07
 Reference value :  6.31148e-07
 Reference value :  6.31478e-07
 Reference value :  6.31813e-07
 Reference value :  6.32113e-07
 Reference value :  6.32433e-07
 Reference value :  6.32753e-07
 Reference value :  6.33098e-07
 Reference value :  6.33458e-07
 Reference value :  6.33768e-07
 Reference value :  6.34068e-07
 Reference value :  6.34443e-07
 Reference value :  6.34743e-07
 Reference value :  6.35063e-07
 Reference value :  6.35378e-07
 Reference value :  6.35763e-07
 Reference value :  6.36078e-07
 Reference value :  6.36418e-07
 Reference value :  6.36748e-07
 Reference value :  6.37078e-07
 Reference value :  6.37403e-07
 Reference value :  6.37748e-07
 Reference value :  6.38068e-07
 Reference value :  6.38363e-07
 Reference value :  6.38673e-07
 Reference value :  6.38968e-07
 Reference value :  6.39253e-07
 Reference value :  6.39538e-07
 Reference value :  6.39823e-07
 Reference value :  6.40118e-07
 Reference value :  6.40428e-07
 Reference value :  6.40728e-07
 Reference value :  6.41043e-07
 Reference value :  6.41388e-07
 Reference value :  6.41733e-07
 Reference value :  6.42053e-07
 Reference value :  6.42368e-07
 Reference value :  6.42663e-07
 Reference value :  6.42953e-07
 Reference value :  6.43278e-07
 Reference value :  6.43563e-07
 Reference value :  6.43848e-07
 Reference value :  6.44133e-07
 Reference value :  6.44408e-07
 Reference value :  6.44698e-07
 Reference value :  6.44973e-07
 Reference value :  6.45268e-07
 Reference value :  6.45583e-07
 Reference value :  6.45883e-07
 Reference value :  6.46188e-07
 Reference value :  6.46483e-07
 Reference value :  6.46793e-07
 Reference value :  6.47083e-07
 Reference value :  6.47373e-07
 Reference value :  6.47698e-07
 Reference value :  6.48013e-07
 Reference value :  6.48308e-07
 Reference value :  6.48578e-07
 Reference value :  6.48843e-07
 Reference value :  6.49123e-07
 Reference value :  6.49433e-07
 Reference value :  6.49728e-07
 Reference value :  6.50073e-07
 Reference value :  6.50433e-07
 Reference value :  6.50813e-07
 Reference value :  6.51148e-07
 Reference value :  6.51503e-07
 Reference value :  6.51858e-07
 Reference value :  6.52238e-07
 Reference value :  6.52603e-07
 Reference value :  6.52998e-07
 Reference value :  6.53338e-07
 Reference value :  6.53683e-07
 Reference value :  6.54028e-07
 Reference value :  6.54383e-07
 Reference value :  6.54728e-07
 Reference value :  6.55078e-07
 Reference value :  6.55408e-07
 Reference value :  6.55733e-07
 Reference value :  6.56098e-07
 Reference value :  6.56468e-07
 Reference value :  6.56833e-07
 Reference value :  6.57148e-07
 Reference value :  6.57503e-07
 Reference value :  6.57853e-07
 Reference value :  6.58193e-07
 Reference value :  6.58528e-07
 Reference value :  6.58853e-07
 Reference value :  6.59188e-07
 Reference value :  6.59523e-07
 Reference value :  6.59873e-07
 Reference value :  6.60223e-07
 Reference value :  6.60548e-07
 Reference value :  6.60888e-07
 Reference value :  6.61233e-07
 Reference value :  6.61563e-07
 Reference value :  6.61898e-07
 Reference value :  6.62223e-07
 Reference value :  6.62528e-07
 Reference value :  6.62858e-07
 Reference value :  6.63168e-07
 Reference value :  6.63503e-07
 Reference value :  6.63843e-07
 Reference value :  6.64178e-07
 Reference value :  6.64523e-07
 Reference value :  6.64853e-07
 Reference value :  6.65193e-07
 Reference value :  6.65533e-07
 Reference value :  6.65913e-07
 Reference value :  6.66293e-07
 Reference value :  6.66663e-07
 Reference value :  6.67003e-07
 Reference value :  6.67303e-07
 Reference value :  6.67648e-07
 Reference value :  6.67988e-07
 Reference value :  6.68388e-07
 Reference value :  6.68703e-07
 Reference value :  6.68998e-07
 Reference value :  6.69288e-07
 Reference value :  6.69583e-07
 Reference value :  6.69893e-07
 Reference value :  6.70143e-07
 Reference value :  6.70423e-07
 Reference value :  6.70708e-07
 Reference value :  6.70988e-07
 Reference value :  6.71273e-07
 Reference value :  6.71548e-07
 Reference value :  6.71813e-07
 Reference value :  6.72088e-07
 Reference value :  6.72398e-07
 Reference value :  6.72708e-07
 Reference value :  6.72993e-07
 Reference value :  6.73283e-07
 Reference value :  6.73578e-07
 Reference value :  6.73868e-07
 Reference value :  6.74168e-07
 Reference value :  6.74478e-07
 Reference value :  6.74778e-07
 Reference value :  6.75073e-07
 Reference value :  6.75373e-07
 Reference value :  6.75663e-07
 Reference value :  6.75943e-07
 Reference value :  6.76248e-07
 Reference value :  6.76548e-07
 Reference value :  6.76843e-07
 Reference value :  6.77148e-07
 Reference value :  6.77448e-07
 Reference value :  6.77723e-07
 Reference value :  6.78008e-07
 Reference value :  6.78298e-07
 Reference value :  6.78598e-07
 Reference value :  6.78893e-07
 Reference value :  6.79218e-07
 Reference value :  6.79518e-07
 Reference value :  6.79808e-07
 Reference value :  6.80113e-07
 Reference value :  6.80433e-07
 Reference value :  6.80738e-07
 Reference value :  6.81053e-07
 Reference value :  6.81368e-07
 Reference value :  6.81658e-07
 Reference value :  6.81963e-07
 Reference value :  6.82253e-07
 Reference value :  6.82553e-07
 Reference value :  6.82863e-07
 Reference value :  6.83168e-07
 Reference value :  6.83438e-07
 Reference value :  6.83733e-07
 Reference value :  6.84018e-07
 Reference value :  6.84293e-07
 Reference value :  6.84573e-07
 Reference value :  6.84858e-07
 Reference value :  6.85143e-07
 Reference value :  6.85428e-07
 Reference value :  6.85713e-07
 Reference value :  6.85998e-07
 Reference value :  6.86293e-07
 Reference value :  6.86588e-07
 Reference value :  6.86878e-07
 Reference value :  6.87163e-07
 Reference value :  6.87443e-07
 Reference value :  6.87718e-07
 Reference value :  6.87993e-07
 Reference value :  6.88278e-07
 Reference value :  6.88583e-07
 Reference value :  6.88868e-07
 Reference value :  6.89148e-07
 Reference value :  6.89423e-07
 Reference value :  6.89703e-07
 Reference value :  6.89983e-07
 Reference value :  6.90278e-07
 Reference value :  6.90563e-07
 Reference value :  6.90848e-07
 Reference value :  6.91168e-07
 Reference value :  6.91448e-07
 Reference value :  6.91728e-07
 Reference value :  6.92008e-07
 Reference value :  6.92303e-07
 Reference value :  6.92603e-07
 Reference value :  6.92843e-07
 Reference value :  6.93123e-07
 Reference value :  6.93418e-07
 Reference value :  6.93713e-07
 Reference value :  6.94003e-07
 Reference value :  6.94298e-07
 Reference value :  6.94603e-07
 Reference value :  6.94898e-07
 Reference value :  6.95198e-07
 Reference value :  6.95493e-07
 Reference value :  6.95793e-07
 Reference value :  6.96083e-07
 Reference value :  6.96358e-07
 Reference value :  6.96643e-07
 Reference value :  6.96918e-07
 Reference value :  6.97198e-07
 Reference value :  6.97498e-07
 Reference value :  6.97808e-07
 Reference value :  6.98113e-07
 Reference value :  6.98408e-07
 Reference value :  6.98708e-07
 Reference value :  6.99003e-07
 Reference value :  6.99308e-07
 Reference value :  6.99628e-07
 Reference value :  6.99948e-07
 Reference value :  7.00253e-07
 Reference value :  7.00523e-07
 Reference value :  7.00788e-07
 Reference value :  7.01093e-07
 Reference value :  7.01388e-07
 Reference value :  7.01688e-07
 Reference value :  7.01983e-07
 Reference value :  7.02263e-07
 Reference value :  7.02563e-07
 Reference value :  7.02833e-07
 Reference value :  7.03118e-07
 Reference value :  7.03398e-07
 Reference value :  7.03698e-07
 Reference value :  7.03993e-07
 Reference value :  7.04273e-07
 Reference value :  7.04553e-07
 Reference value :  7.04833e-07
 Reference value :  7.05118e-07
 Reference value :  7.05398e-07
 Reference value :  7.05683e-07
 Reference value :  7.05973e-07
 Reference value :  7.06263e-07
 Reference value :  7.06528e-07
 Reference value :  7.06793e-07
 Reference value :  7.07073e-07
 Reference value :  7.07353e-07
 Reference value :  7.07643e-07
 Reference value :  7.07928e-07
 Reference value :  7.08213e-07
 Reference value :  7.08498e-07
 Reference value :  7.08793e-07
 Reference value :  7.09063e-07
 Reference value :  7.09333e-07
 Reference value :  7.09623e-07
 Reference value :  7.09913e-07
 Reference value :  7.10198e-07
 Reference value :  7.10493e-07
 Reference value :  7.10778e-07
 Reference value :  7.11063e-07
 Reference value :  7.11358e-07
 Reference value :  7.11648e-07
 Reference value :  7.11928e-07
 Reference value :  7.12203e-07
 Reference value :  7.12488e-07
 Reference value :  7.12768e-07
 Reference value :  7.13068e-07
 Reference value :  7.13373e-07
 Reference value :  7.13668e-07
 Reference value :  7.13963e-07
 Reference value :  7.14233e-07
 Reference value :  7.14538e-07
 Reference value :  7.14833e-07
 Reference value :  7.15128e-07
 Reference value :  7.15423e-07
 Reference value :  7.15728e-07
 Reference value :  7.16023e-07
 Reference value :  7.16323e-07
 Reference value :  7.16618e-07
 Reference value :  7.16913e-07
 Reference value :  7.17183e-07
 Reference value :  7.17453e-07
 Reference value :  7.17743e-07
 Reference value :  7.18028e-07
 Reference value :  7.18328e-07
 Reference value :  7.18618e-07
 Reference value :  7.18923e-07
 Reference value :  7.19213e-07
 Reference value :  7.19488e-07
 Reference value :  7.19778e-07
 Reference value :  7.20068e-07
 Reference value :  7.20348e-07
 Reference value :  7.20638e-07
 Reference value :  7.20928e-07
 Reference value :  7.21213e-07
 Reference value :  7.21493e-07
 Reference value :  7.21763e-07
 Reference value :  7.22043e-07
 Reference value :  7.22328e-07
 Reference value :  7.22608e-07
 Reference value :  7.22893e-07
 Reference value :  7.23168e-07
 Reference value :  7.23438e-07
 Reference value :  7.23778e-07
 Reference value :  7.24128e-07
 Reference value :  7.24438e-07
 Reference value :  7.24748e-07
 Reference value :  7.25063e-07
 Reference value :  7.25348e-07
 Reference value :  7.25648e-07
 Reference value :  7.26003e-07
 Reference value :  7.26343e-07
 Reference value :  7.26683e-07
 Reference value :  7.26973e-07
 Reference value :  7.27263e-07
 Reference value :  7.27563e-07
 Reference value :  7.27858e-07
 Reference value :  7.28228e-07
 Reference value :  7.28543e-07
 Reference value :  7.28848e-07
 Reference value :  7.29113e-07
 Reference value :  7.29388e-07
 Reference value :  7.29688e-07
 Reference value :  7.29988e-07
 Reference value :  7.30313e-07
 Reference value :  7.30628e-07
 Reference value :  7.30893e-07
 Reference value :  7.31163e-07
 Reference value :  7.31473e-07
 Reference value :  7.31773e-07
 Reference value :  7.32068e-07
 Reference value :  7.32378e-07
 Reference value :  7.32708e-07
 Reference value :  7.33008e-07
 Reference value :  7.33333e-07
 Reference value :  7.33643e-07
 Reference value :  7.33953e-07
 Reference value :  7.34253e-07
 Reference value :  7.34583e-07
 Reference value :  7.34883e-07
 Reference value :  7.35188e-07
 Reference value :  7.35503e-07
 Reference value :  7.35793e-07
 Reference value :  7.36108e-07
 Reference value :  7.36413e-07
 Reference value :  7.36698e-07
 Reference value :  7.36983e-07
 Reference value :  7.37308e-07
 Reference value :  7.37618e-07
 Reference value :  7.37888e-07
 Reference value :  7.38213e-07
 Reference value :  7.38478e-07
 Reference value :  7.38773e-07
 Reference value :  7.39073e-07
 Reference value :  7.39368e-07
 Reference value :  7.39658e-07
 Reference value :  7.39953e-07
 Reference value :  7.40258e-07
 Reference value :  7.40573e-07
 Reference value :  7.40878e-07
 Reference value :  7.41183e-07
 Reference value :  7.41478e-07
 Reference value :  7.41778e-07
 Reference value :  7.42083e-07
 Reference value :  7.42398e-07
 Reference value :  7.42713e-07
 Reference value :  7.43013e-07
 Reference value :  7.43323e-07
 Reference value :  7.43613e-07
 Reference value :  7.43898e-07
 Reference value :  7.44203e-07
 Reference value :  7.44483e-07
 Reference value :  7.44808e-07
 Reference value :  7.45088e-07
 Reference value :  7.45353e-07
 Reference value :  7.45653e-07
 Reference value :  7.45948e-07
 Reference value :  7.46263e-07
 Reference value :  7.46608e-07
 Reference value :  7.46998e-07
 Reference value :  7.47328e-07
 Reference value :  7.47708e-07
 Reference value :  7.48003e-07
 Reference value :  7.48368e-07
 Reference value :  7.48743e-07
 Reference value :  7.49153e-07
 Reference value :  7.49458e-07
 Reference value :  7.49813e-07
 Reference value :  7.50088e-07
 Reference value :  7.50388e-07
 Reference value :  7.50758e-07
 Reference value :  7.51148e-07
 Reference value :  7.51473e-07
 Reference value :  7.51808e-07
 Reference value :  7.52138e-07
 Reference value :  7.52468e-07
 Reference value :  7.52778e-07
 Reference value :  7.53173e-07
 Reference value :  7.53508e-07
 Reference value :  7.53818e-07
 Reference value :  7.54128e-07
 Reference value :  7.54413e-07
 Reference value :  7.54703e-07
 Reference value :  7.54983e-07
 Reference value :  7.55298e-07
 Reference value :  7.55603e-07
 Reference value :  7.55908e-07
 Reference value :  7.56228e-07
 Reference value :  7.56513e-07
 Reference value :  7.56818e-07
 Reference value :  7.57143e-07
 Reference value :  7.57448e-07
 Reference value :  7.57753e-07
 Reference value :  7.58073e-07
 Reference value :  7.58388e-07
 Reference value :  7.58658e-07
 Reference value :  7.58938e-07
 Reference value :  7.59243e-07
 Reference value :  7.59538e-07
 Reference value :  7.59813e-07
 Reference value :  7.60128e-07
 Reference value :  7.60423e-07
 Reference value :  7.60728e-07
 Reference value :  7.61018e-07
 Reference value :  7.61323e-07
 Reference value :  7.61618e-07
 Reference value :  7.61908e-07
 Reference value :  7.62203e-07
 Reference value :  7.62513e-07
 Reference value :  7.62828e-07
 Reference value :  7.63123e-07
 Reference value :  7.63398e-07
 Reference value :  7.63688e-07
 Reference value :  7.63983e-07
 Reference value :  7.64293e-07
 Reference value :  7.64558e-07
 Reference value :  7.64853e-07
 Reference value :  7.65173e-07
 Reference value :  7.65473e-07
 Reference value :  7.65768e-07
 Reference value :  7.66068e-07
 Reference value :  7.66358e-07
 Reference value :  7.66648e-07
 Reference value :  7.66938e-07
 Reference value :  7.67253e-07
 Reference value :  7.67528e-07
 Reference value :  7.67803e-07
 Reference value :  7.68078e-07
 Reference value :  7.68358e-07
 Reference value :  7.68653e-07
 Reference value :  7.68963e-07
 Reference value :  7.69253e-07
 Reference value :  7.69568e-07
 Reference value :  7.69873e-07
 Reference value :  7.70148e-07
 Reference value :  7.70468e-07
 Reference value :  7.70758e-07
 Reference value :  7.71048e-07
 Reference value :  7.71343e-07
 Reference value :  7.71638e-07
 Reference value :  7.71933e-07
 Reference value :  7.72223e-07
 Reference value :  7.72518e-07
 Reference value :  7.72833e-07
 Reference value :  7.73143e-07
 Reference value :  7.73423e-07
 Reference value :  7.73703e-07
 Reference value :  7.73988e-07
 Reference value :  7.74283e-07
 Reference value :  7.74573e-07
 Reference value :  7.74863e-07
 Reference value :  7.75153e-07
 Reference value :  7.75443e-07
 Reference value :  7.75713e-07
 Reference value :  7.76003e-07
 Reference value :  7.76298e-07
 Reference value :  7.76588e-07
 Reference value :  7.76868e-07
 Reference value :  7.77148e-07
 Reference value :  7.77433e-07
 Reference value :  7.77728e-07
 Reference value :  7.78008e-07
 Reference value :  7.78293e-07
 Reference value :  7.78583e-07
 Reference value :  7.78878e-07
 Reference value :  7.79163e-07
 Reference value :  7.79448e-07
 Reference value :  7.79733e-07
 Reference value :  7.80033e-07
 Reference value :  7.80318e-07
 Reference value :  7.80593e-07
 Reference value :  7.80873e-07
 Reference value :  7.81168e-07
 Reference value :  7.81458e-07
 Reference value :  7.81748e-07
 Reference value :  7.82048e-07
 Reference value :  7.82348e-07
 Reference value :  7.82638e-07
 Reference value :  7.82933e-07
 Reference value :  7.83233e-07
 Reference value :  7.83523e-07
 Reference value :  7.83813e-07
 Reference value :  7.84093e-07
 Reference value :  7.84373e-07
 Reference value :  7.84663e-07
 Reference value :  7.84953e-07
 Reference value :  7.85248e-07
 Reference value :  7.85548e-07
 Reference value :  7.85838e-07
 Reference value :  7.86128e-07
 Reference value :  7.86418e-07
 Reference value :  7.86713e-07
 Reference value :  7.86998e-07
 Reference value :  7.87283e-07
 Reference value :  7.87578e-07
 Reference value :  7.87858e-07
 Reference value :  7.88123e-07
 Reference value :  7.88403e-07
 Reference value :  7.88678e-07
 Reference value :  7.88953e-07
 Reference value :  7.89233e-07
 Reference value :  7.89513e-07
 Reference value :  7.89788e-07
 Reference value :  7.90023e-07
 Reference value :  7.90313e-07
 Reference value :  7.90608e-07
 Reference value :  7.90898e-07
 Reference value :  7.91203e-07
 Reference value :  7.91483e-07
 Reference value :  7.91768e-07
 Reference value :  7.92053e-07
 Reference value :  7.92343e-07
 Reference value :  7.92633e-07
 Reference value :  7.92928e-07
 Reference value :  7.93223e-07
 Reference value :  7.93518e-07
 Reference value :  7.93818e-07
 Reference value :  7.94103e-07
 Reference value :  7.94413e-07
 Reference value :  7.94708e-07
 Reference value :  7.94978e-07
 Reference value :  7.95263e-07
 Reference value :  7.95548e-07
 Reference value :  7.95853e-07
 Reference value :  7.96178e-07
 Reference value :  7.96478e-07
 Reference value :  7.96763e-07
 Reference value :  7.97058e-07
 Reference value :  7.97343e-07
 Reference value :  7.97638e-07
 Reference value :  7.97923e-07
 Reference value :  7.98208e-07
 Reference value :  7.98503e-07
 Reference value :  7.98798e-07
 Reference value :  7.99083e-07
 Reference value :  7.99368e-07
 Reference value :  7.99658e-07
 Reference value :  7.99938e-07
No. of Data Rows : 160090
pt1a                =  1.30733e-08
pt1b                =  6.55313e-08
pt2a                =  1.29010e-08
pt2b                =  6.39200e-08
pt3a                =  1.27637e-08
pt3b                =  6.22675e-08
pt4a                =  1.24870e-08
pt4b                =  6.07938e-08
pvxo_max            =  2.02358e+00 at=  5.56918e-07
pvxo_min            =  -3.52860e-02 at=  6.71198e-07
ptxo_a              =  2.59738e-08
ptxo_b              =  1.52048e-07
pvxo_avg            =  7.56794e-01 from=  1.00000e-07 to=  8.00000e-07
p_vrst_bit          =  5.16117e-06 at=  1.69808e-07
p_vrst_valid        =  1.23934e-08 at=  2.49943e-07
p_vrst_r1           =  5.81860e-07 at=  1.33878e-07
p_vrst_r2           =  5.54749e-07 at=  7.93475e-08
p_vrst_r3           =  5.04163e-07 at=  6.56875e-08
p_vrst_r4           =  4.24070e-06 at=  5.12975e-08
p_bit_400n          =  1.98002e+00
p_bit_500n          =  1.98000e+00
p_bit_600n          =  1.98000e+00
p_bit_700n          =  1.98000e+00
p_bit_800n          =  1.98000e+00
p_valid_400n        =  1.98000e+00
p_r1_400n           =  1.98000e+00
p_r2_400n           =  1.98000e+00
p_r3_400n           =  1.98000e+00
p_r4_400n           =  6.55994e-07
pi1_rst             =  -1.24153e-05 from=  5.00000e-08 to=  2.50003e-07
pi2_rst             =  -1.27018e-05 from=  5.00000e-08 to=  2.50003e-07
pi3_rst             =  -1.30406e-05 from=  5.00000e-08 to=  2.50003e-07
pi4_rst             =  -1.33587e-05 from=  5.00000e-08 to=  2.50003e-07
pib_rst             =  -1.38767e-04 from=  5.00000e-08 to=  2.50003e-07
pi1_act             =  -1.24129e-05 from=  4.00000e-07 to=  8.00000e-07
pi2_act             =  -1.27009e-05 from=  4.00000e-07 to=  8.00000e-07
pi3_act             =  -1.30310e-05 from=  4.00000e-07 to=  8.00000e-07
pi4_act             =  -1.33731e-05 from=  4.00000e-07 to=  8.00000e-07
pib_act             =  -1.50937e-04 from=  4.00000e-07 to=  8.00000e-07
t1a                 =  1.10461e-08
t1b                 =  3.43428e-08
t2a                 =  1.08251e-08
t2b                 =  3.32124e-08
t3a                 =  1.05962e-08
t3b                 =  3.20691e-08
t4a                 =  1.03785e-08
t4b                 =  3.09617e-08
vxo_max             =  2.15059e+00 at=  6.21058e-07
vxo_min             =  -2.30949e-01 at=  7.31503e-07
txo_a               =  9.87759e-09
txo_b               =  6.41970e-08
vxo_avg             =  8.84487e-01 from=  1.00000e-07 to=  8.00000e-07
vrst_bit            =  1.16481e-04 at=  1.97663e-07
vrst_valid          =  1.33781e-08 at=  2.48563e-07
vrst_r1             =  1.26246e-05 at=  9.49725e-08
vrst_r2             =  1.35516e-05 at=  1.40718e-07
vrst_r3             =  1.27527e-05 at=  8.36575e-08
vrst_r4             =  1.34466e-05 at=  1.21573e-07
bit_400n            =  -6.19782e-06
bit_500n            =  -4.94568e-05
bit_600n            =  1.98000e+00
bit_700n            =  1.43219e-08
bit_800n            =  -2.78297e-06
valid_400n          =  1.98000e+00
r1_400n             =  8.29784e-08
r2_400n             =  1.97999e+00
r3_400n             =  1.98000e+00
r4_400n             =  1.98000e+00
i1_rst              =  -1.41606e-05 from=  5.00000e-08 to=  2.50003e-07
i2_rst              =  -1.45770e-05 from=  5.00000e-08 to=  2.50003e-07
i3_rst              =  -1.50458e-05 from=  5.00000e-08 to=  2.50003e-07
i4_rst              =  -1.55568e-05 from=  5.00000e-08 to=  2.50003e-07
ib_rst              =  -1.03475e-04 from=  5.00000e-08 to=  2.50003e-07
i1_act              =  -1.41460e-05 from=  4.00000e-07 to=  8.00000e-07
i2_act              =  -1.45597e-05 from=  4.00000e-07 to=  8.00000e-07
i3_act              =  -1.50300e-05 from=  4.00000e-07 to=  8.00000e-07
i4_act              =  -1.55401e-05 from=  4.00000e-07 to=  8.00000e-07
ib_act              =  -1.12722e-04 from=  4.00000e-07 to=  8.00000e-07
p_tr1 = 5.245797e-09
p_tr2 = 5.101905e-09
p_tr3 = 4.950376e-09
p_tr4 = 4.830679e-09
p_f_ideal = 7.956491e+08
p_f_xo = 3.807275e+08
p_edge_retention = 4.785119e-01
p_bias_xo = 3.822191e-01
p_swing_frac_xo = 1.039833e+00
p_vrst_bit = 5.161167e-06
p_vrst_valid = 1.239339e-08
p_vrst_r1 = 5.818598e-07
p_vrst_r2 = 5.547492e-07
p_vrst_r3 = 5.041631e-07
p_vrst_r4 = 4.240702e-06
p_bit_400n = 1.980021e+00
p_bit_500n = 1.979998e+00
p_bit_600n = 1.979998e+00
p_bit_700n = 1.980000e+00
p_bit_800n = 1.980000e+00
p_valid_400n = 1.980000e+00
p_r1_400n = 1.979998e+00
p_r2_400n = 1.980001e+00
p_r3_400n = 1.980000e+00
p_r4_400n = 6.559939e-07
p_i_rings_rst = 5.151650e-05
p_i_block_rst = 1.387674e-04
p_i_total_rst = 1.902839e-04
p_i_rings_act = 5.151791e-05
p_i_block_act = 1.509366e-04
p_i_total_act = 2.024545e-04
tr1 = 2.329664e-09
tr2 = 2.238732e-09
tr3 = 2.147291e-09
tr4 = 2.058319e-09
f_ideal = 1.827464e+09
f_xo = 8.836624e+08
edge_retention = 4.835456e-01
bias_xo = 4.467107e-01
swing_frac_xo = 1.202795e+00
vrst_bit = 1.164811e-04
vrst_valid = 1.337813e-08
vrst_r1 = 1.262461e-05
vrst_r2 = 1.355160e-05
vrst_r3 = 1.275275e-05
vrst_r4 = 1.344662e-05
bit_400n = -6.19782e-06
bit_500n = -4.94568e-05
bit_600n = 1.980000e+00
bit_700n = 1.432194e-08
bit_800n = -2.78297e-06
valid_400n = 1.980000e+00
r1_400n = 8.297842e-08
r2_400n = 1.979995e+00
r3_400n = 1.980000e+00
r4_400n = 1.980001e+00
i_rings_rst = 5.934017e-05
i_block_rst = 1.034746e-04
i_total_rst = 1.628148e-04
i_rings_act = 5.927572e-05
i_block_act = 1.127224e-04
i_total_act = 1.719981e-04
slowdown_r1 = 2.251740e+00
slowdown_r2 = 2.278926e+00
slowdown_r3 = 2.305405e+00
slowdown_r4 = 2.346905e+00
i_total_act_ratio = 1.177074e+00
i_total_rst_ratio = 1.168714e+00
Note: Simulation executed from .control section 

----- stderr -----

Checking parameters for BSIM 4.5 model xctl.xsr4.xmfsn:nshort_model.48
Warning: Eta0 = -0.0286127 is negative.

Checking parameters for BSIM 4.5 model xctl.xsr4.xmisn:nshort_model.48
Warning: Eta0 = -0.0286127 is negative.

Checking parameters for BSIM 4.5 model xctl.xsr4.xmtsn:nshort_model.48
Warning: Eta0 = -0.0286127 is negative.

Checking parameters for BSIM 4.5 model xctl.xsr4.xmfmn:nshort_model.48
Warning: Eta0 = -0.0286127 is negative.

Checking parameters for BSIM 4.5 model xctl.xsr4.xmim2n:nshort_model.48
Warning: Eta0 = -0.0286127 is negative.

Checking parameters for BSIM 4.5 model xctl.xsr4.xmtdn:nshort_model.48
Warning: Eta0 = -0.0286127 is negative.

Checking parameters for BSIM 4.5 model xctl.xsr4.xmnc:nshort_model.48
Warning: Eta0 = -0.0286127 is negative.

Checking parameters for BSIM 4.5 model xctl.xsr3.xmfsn:nshort_model.48
Warning: Eta0 = -0.0286127 is negative.

Checking parameters for BSIM 4.5 model xctl.xsr3.xmisn:nshort_model.48
Warning: Eta0 = -0.0286127 is negative.

Checking parameters for BSIM 4.5 model xctl.xsr3.xmtsn:nshort_model.48
Warning: Eta0 = -0.0286127 is negative.

Checking parameters for BSIM 4.5 model xctl.xsr3.xmfmn:nshort_model.48
Warning: Eta0 = -0.0286127 is negative.

Checking parameters for BSIM 4.5 model xctl.xsr3.xmim2n:nshort_model.48
Warning: Eta0 = -0.0286127 is negative.

Checking parameters for BSIM 4.5 model xctl.xsr3.xmtdn:nshort_model.48
Warning: Eta0 = -0.0286127 is negative.

Checking parameters for BSIM 4.5 model xctl.xsr3.xmnc:nshort_model.48
Warning: Eta0 = -0.0286127 is negative.

Checking parameters for BSIM 4.5 model xctl.xsr2.xmfsn:nshort_model.48
Warning: Eta0 = -0.0286127 is negative.

Checking parameters for BSIM 4.5 model xctl.xsr2.xmisn:nshort_model.48
Warning: Eta0 = -0.0286127 is negative.

Checking parameters for BSIM 4.5 model xctl.xsr2.xmtsn:nshort_model.48
Warning: Eta0 = -0.0286127 is negative.

Checking parameters for BSIM 4.5 model xctl.xsr2.xmfmn:nshort_model.48
Warning: Eta0 = -0.0286127 is negative.

Checking parameters for BSIM 4.5 model xctl.xsr2.xmim2n:nshort_model.48
Warning: Eta0 = -0.0286127 is negative.

Checking parameters for BSIM 4.5 model xctl.xsr2.xmtdn:nshort_model.48
Warning: Eta0 = -0.0286127 is negative.

Checking parameters for BSIM 4.5 model xctl.xsr2.xmnc:nshort_model.48
Warning: Eta0 = -0.0286127 is negative.

Checking parameters for BSIM 4.5 model xctl.xsr1.xmfsn:nshort_model.48
Warning: Eta0 = -0.0286127 is negative.

Checking parameters for BSIM 4.5 model xctl.xsr1.xmisn:nshort_model.48
Warning: Eta0 = -0.0286127 is negative.

Checking parameters for BSIM 4.5 model xctl.xsr1.xmtsn:nshort_model.48
Warning: Eta0 = -0.0286127 is negative.

Checking parameters for BSIM 4.5 model xctl.xsr1.xmfmn:nshort_model.48
Warning: Eta0 = -0.0286127 is negative.

Checking parameters for BSIM 4.5 model xctl.xsr1.xmim2n:nshort_model.48
Warning: Eta0 = -0.0286127 is negative.

Checking parameters for BSIM 4.5 model xctl.xsr1.xmtdn:nshort_model.48
Warning: Eta0 = -0.0286127 is negative.

Checking parameters for BSIM 4.5 model xctl.xsr1.xmnc:nshort_model.48
Warning: Eta0 = -0.0286127 is negative.

Checking parameters for BSIM 4.5 model xctl.xsv.xmfsn:nshort_model.48
Warning: Eta0 = -0.0286127 is negative.

Checking parameters for BSIM 4.5 model xctl.xsv.xmisn:nshort_model.48
Warning: Eta0 = -0.0286127 is negative.

Checking parameters for BSIM 4.5 model xctl.xsv.xmtsn:nshort_model.48
Warning: Eta0 = -0.0286127 is negative.

Checking parameters for BSIM 4.5 model xctl.xsv.xmfmn:nshort_model.48
Warning: Eta0 = -0.0286127 is negative.

Checking parameters for BSIM 4.5 model xctl.xsv.xmim2n:nshort_model.48
Warning: Eta0 = -0.0286127 is negative.

Checking parameters for BSIM 4.5 model xctl.xsv.xmtdn:nshort_model.48
Warning: Eta0 = -0.0286127 is negative.

Checking parameters for BSIM 4.5 model xctl.xsv.xmnc:nshort_model.48
Warning: Eta0 = -0.0286127 is negative.

Checking parameters for BSIM 4.5 model xctl.xsb.xmfsn:nshort_model.48
Warning: Eta0 = -0.0286127 is negative.

Checking parameters for BSIM 4.5 model xctl.xsb.xmisn:nshort_model.48
Warning: Eta0 = -0.0286127 is negative.

Checking parameters for BSIM 4.5 model xctl.xsb.xmtsn:nshort_model.48
Warning: Eta0 = -0.0286127 is negative.

Checking parameters for BSIM 4.5 model xctl.xsb.xmfmn:nshort_model.48
Warning: Eta0 = -0.0286127 is negative.

Checking parameters for BSIM 4.5 model xctl.xsb.xmim2n:nshort_model.48
Warning: Eta0 = -0.0286127 is negative.

Checking parameters for BSIM 4.5 model xctl.xsb.xmtdn:nshort_model.48
Warning: Eta0 = -0.0286127 is negative.

Checking parameters for BSIM 4.5 model xctl.xsb.xmnc:nshort_model.48
Warning: Eta0 = -0.0286127 is negative.

Checking parameters for BSIM 4.5 model xctl.xdut.xa3.xmnib:nshort_model.48
Warning: Eta0 = -0.0286127 is negative.

Checking parameters for BSIM 4.5 model xctl.xdut.xa3.xmnia:nshort_model.48
Warning: Eta0 = -0.0286127 is negative.

Checking parameters for BSIM 4.5 model xctl.xdut.xa2.xmnib:nshort_model.48
Warning: Eta0 = -0.0286127 is negative.

Checking parameters for BSIM 4.5 model xctl.xdut.xa2.xmnia:nshort_model.48
Warning: Eta0 = -0.0286127 is negative.

Checking parameters for BSIM 4.5 model xctl.xdut.xa1.xmnib:nshort_model.48
Warning: Eta0 = -0.0286127 is negative.

Checking parameters for BSIM 4.5 model xctl.xdut.xa1.xmnia:nshort_model.48
Warning: Eta0 = -0.0286127 is negative.

Checking parameters for BSIM 4.5 model xctl.xdut.xb4.xmn:nshort_model.48
Warning: Eta0 = -0.0286127 is negative.

Checking parameters for BSIM 4.5 model xctl.xdut.xb3.xmn:nshort_model.48
Warning: Eta0 = -0.0286127 is negative.

Checking parameters for BSIM 4.5 model xctl.xdut.xb2.xmn:nshort_model.48
Warning: Eta0 = -0.0286127 is negative.

Checking parameters for BSIM 4.5 model xctl.xdut.xb1.xmn:nshort_model.48
Warning: Eta0 = -0.0286127 is negative.

Checking parameters for BSIM 4.5 model xctl.xdut.xr4.x4.xmn:nshort_model.48
Warning: Eta0 = -0.0286127 is negative.

Checking parameters for BSIM 4.5 model xctl.xdut.xr4.x4.xmph:pshort_model.44
Warning: Eta0 = -0.00221468 is negative.

Checking parameters for BSIM 4.5 model xctl.xdut.xr4.x3.xmn:nshort_model.48
Warning: Eta0 = -0.0286127 is negative.

Checking parameters for BSIM 4.5 model xctl.xdut.xr4.x3.xmph:pshort_model.44
Warning: Eta0 = -0.00221468 is negative.

Checking parameters for BSIM 4.5 model xctl.xdut.xr4.x2.xmn:nshort_model.48
Warning: Eta0 = -0.0286127 is negative.

Checking parameters for BSIM 4.5 model xctl.xdut.xr4.x2.xmph:pshort_model.44
Warning: Eta0 = -0.00221468 is negative.

Checking parameters for BSIM 4.5 model xctl.xdut.xr4.x1.xmn:nshort_model.48
Warning: Eta0 = -0.0286127 is negative.

Checking parameters for BSIM 4.5 model xctl.xdut.xr4.x1.xmph:pshort_model.44
Warning: Eta0 = -0.00221468 is negative.

Checking parameters for BSIM 4.5 model xctl.xdut.xr4.xg.xmph:pshort_model.44
Warning: Eta0 = -0.00221468 is negative.

Checking parameters for BSIM 4.5 model xctl.xdut.xr3.x4.xmn:nshort_model.48
Warning: Eta0 = -0.0286127 is negative.

Checking parameters for BSIM 4.5 model xctl.xdut.xr3.x4.xmph:pshort_model.44
Warning: Eta0 = -0.00221468 is negative.

Checking parameters for BSIM 4.5 model xctl.xdut.xr3.x3.xmn:nshort_model.48
Warning: Eta0 = -0.0286127 is negative.

Checking parameters for BSIM 4.5 model xctl.xdut.xr3.x3.xmph:pshort_model.44
Warning: Eta0 = -0.00221468 is negative.

Checking parameters for BSIM 4.5 model xctl.xdut.xr3.x2.xmn:nshort_model.48
Warning: Eta0 = -0.0286127 is negative.

Checking parameters for BSIM 4.5 model xctl.xdut.xr3.x2.xmph:pshort_model.44
Warning: Eta0 = -0.00221468 is negative.

Checking parameters for BSIM 4.5 model xctl.xdut.xr3.x1.xmn:nshort_model.48
Warning: Eta0 = -0.0286127 is negative.

Checking parameters for BSIM 4.5 model xctl.xdut.xr3.x1.xmph:pshort_model.44
Warning: Eta0 = -0.00221468 is negative.

Checking parameters for BSIM 4.5 model xctl.xdut.xr3.xg.xmph:pshort_model.44
Warning: Eta0 = -0.00221468 is negative.

Checking parameters for BSIM 4.5 model xctl.xdut.xr2.x4.xmn:nshort_model.48
Warning: Eta0 = -0.0286127 is negative.

Checking parameters for BSIM 4.5 model xctl.xdut.xr2.x4.xmph:pshort_model.44
Warning: Eta0 = -0.00221468 is negative.

Checking parameters for BSIM 4.5 model xctl.xdut.xr2.x3.xmn:nshort_model.48
Warning: Eta0 = -0.0286127 is negative.

Checking parameters for BSIM 4.5 model xctl.xdut.xr2.x3.xmph:pshort_model.44
Warning: Eta0 = -0.00221468 is negative.

Checking parameters for BSIM 4.5 model xctl.xdut.xr2.x2.xmn:nshort_model.48
Warning: Eta0 = -0.0286127 is negative.

Checking parameters for BSIM 4.5 model xctl.xdut.xr2.x2.xmph:pshort_model.44
Warning: Eta0 = -0.00221468 is negative.

Checking parameters for BSIM 4.5 model xctl.xdut.xr2.x1.xmn:nshort_model.48
Warning: Eta0 = -0.0286127 is negative.

Checking parameters for BSIM 4.5 model xctl.xdut.xr2.x1.xmph:pshort_model.44
Warning: Eta0 = -0.00221468 is negative.

Checking parameters for BSIM 4.5 model xctl.xdut.xr2.xg.xmph:pshort_model.44
Warning: Eta0 = -0.00221468 is negative.

Checking parameters for BSIM 4.5 model xctl.xdut.xr1.x4.xmn:nshort_model.48
Warning: Eta0 = -0.0286127 is negative.

Checking parameters for BSIM 4.5 model xctl.xdut.xr1.x4.xmph:pshort_model.44
Warning: Eta0 = -0.00221468 is negative.

Checking parameters for BSIM 4.5 model xctl.xdut.xr1.x3.xmn:nshort_model.48
Warning: Eta0 = -0.0286127 is negative.

Checking parameters for BSIM 4.5 model xctl.xdut.xr1.x3.xmph:pshort_model.44
Warning: Eta0 = -0.00221468 is negative.

Checking parameters for BSIM 4.5 model xctl.xdut.xr1.x2.xmn:nshort_model.48
Warning: Eta0 = -0.0286127 is negative.

Checking parameters for BSIM 4.5 model xctl.xdut.xr1.x2.xmph:pshort_model.44
Warning: Eta0 = -0.00221468 is negative.

Checking parameters for BSIM 4.5 model xctl.xdut.xr1.x1.xmn:nshort_model.48
Warning: Eta0 = -0.0286127 is negative.

Checking parameters for BSIM 4.5 model xctl.xdut.xr1.x1.xmph:pshort_model.44
Warning: Eta0 = -0.00221468 is negative.

Checking parameters for BSIM 4.5 model xctl.xdut.xr1.xg.xmph:pshort_model.44
Warning: Eta0 = -0.00221468 is negative.

Checking parameters for BSIM 4.5 model xarr.xpex.xn264:pshort_model.44
Warning: Eta0 = -0.00221468 is negative.

Checking parameters for BSIM 4.5 model xarr.xpex.xn263:pshort_model.44
Warning: Eta0 = -0.00221468 is negative.

Checking parameters for BSIM 4.5 model xarr.xpex.xn262:pshort_model.44
Warning: Eta0 = -0.00221468 is negative.

Checking parameters for BSIM 4.5 model xarr.xpex.xn261:pshort_model.44
Warning: Eta0 = -0.00221468 is negative.

Checking parameters for BSIM 4.5 model xarr.xpex.xn260:pshort_model.44
Warning: Eta0 = -0.00221468 is negative.

Checking parameters for BSIM 4.5 model xarr.xpex.xn259:pshort_model.44
Warning: Eta0 = -0.00221468 is negative.

Checking parameters for BSIM 4.5 model xarr.xpex.xn258:pshort_model.44
Warning: Eta0 = -0.00221468 is negative.

Checking parameters for BSIM 4.5 model xarr.xpex.xn257:pshort_model.44
Warning: Eta0 = -0.00221468 is negative.

Checking parameters for BSIM 4.5 model xarr.xpex.xn256:pshort_model.44
Warning: Eta0 = -0.00221468 is negative.

Checking parameters for BSIM 4.5 model xarr.xpex.xn255:pshort_model.44
Warning: Eta0 = -0.00221468 is negative.

Checking parameters for BSIM 4.5 model xarr.xpex.xn254:pshort_model.44
Warning: Eta0 = -0.00221468 is negative.

Checking parameters for BSIM 4.5 model xarr.xpex.xn253:pshort_model.44
Warning: Eta0 = -0.00221468 is negative.

Checking parameters for BSIM 4.5 model xarr.xpex.xn251:pshort_model.44
Warning: Eta0 = -0.00221468 is negative.

Checking parameters for BSIM 4.5 model xarr.xpex.xn248:pshort_model.44
Warning: Eta0 = -0.00221468 is negative.

Checking parameters for BSIM 4.5 model xarr.xpex.xn244:pshort_model.44
Warning: Eta0 = -0.00221468 is negative.

Checking parameters for BSIM 4.5 model xarr.xpex.xn240:pshort_model.44
Warning: Eta0 = -0.00221468 is negative.

Checking parameters for BSIM 4.5 model xarr.xpex.xn236:pshort_model.44
Warning: Eta0 = -0.00221468 is negative.

Checking parameters for BSIM 4.5 model xarr.xpex.xn234:pshort_model.44
Warning: Eta0 = -0.00221468 is negative.

Checking parameters for BSIM 4.5 model xarr.xpex.xn231:pshort_model.44
Warning: Eta0 = -0.00221468 is negative.

Checking parameters for BSIM 4.5 model xarr.xpex.xn227:pshort_model.44
Warning: Eta0 = -0.00221468 is negative.

Checking parameters for BSIM 4.5 model xarr.xpex.xn132:nshort_model.48
Warning: Eta0 = -0.0286127 is negative.

Checking parameters for BSIM 4.5 model xarr.xpex.xn131:nshort_model.48
Warning: Eta0 = -0.0286127 is negative.

Checking parameters for BSIM 4.5 model xarr.xpex.xn129:nshort_model.48
Warning: Eta0 = -0.0286127 is negative.

Checking parameters for BSIM 4.5 model xarr.xpex.xn127:nshort_model.48
Warning: Eta0 = -0.0286127 is negative.

Checking parameters for BSIM 4.5 model xarr.xpex.xn125:nshort_model.48
Warning: Eta0 = -0.0286127 is negative.

Checking parameters for BSIM 4.5 model xarr.xpex.xn120:nshort_model.48
Warning: Eta0 = -0.0286127 is negative.

Checking parameters for BSIM 4.5 model xarr.xpex.xn119:nshort_model.48
Warning: Eta0 = -0.0286127 is negative.

Checking parameters for BSIM 4.5 model xarr.xpex.xn117:nshort_model.48
Warning: Eta0 = -0.0286127 is negative.

Checking parameters for BSIM 4.5 model xarr.xpex.xn115:nshort_model.48
Warning: Eta0 = -0.0286127 is negative.

Checking parameters for BSIM 4.5 model xarr.xpex.xn113:nshort_model.48
Warning: Eta0 = -0.0286127 is negative.

Checking parameters for BSIM 4.5 model xarr.xpex.xn108:nshort_model.48
Warning: Eta0 = -0.0286127 is negative.

Checking parameters for BSIM 4.5 model xarr.xpex.xn107:nshort_model.48
Warning: Eta0 = -0.0286127 is negative.

Checking parameters for BSIM 4.5 model xarr.xpex.xn105:nshort_model.48
Warning: Eta0 = -0.0286127 is negative.

Checking parameters for BSIM 4.5 model xarr.xpex.xn103:nshort_model.48
Warning: Eta0 = -0.0286127 is negative.

Checking parameters for BSIM 4.5 model xarr.xpex.xn102:nshort_model.48
Warning: Eta0 = -0.0286127 is negative.

Checking parameters for BSIM 4.5 model xarr.xpex.xn98:nshort_model.48
Warning: Eta0 = -0.0286127 is negative.

Checking parameters for BSIM 4.5 model xarr.xpex.xn94:nshort_model.48
Warning: Eta0 = -0.0286127 is negative.

Checking parameters for BSIM 4.5 model xarr.xpex.xn90:nshort_model.48
Warning: Eta0 = -0.0286127 is negative.

Checking parameters for BSIM 4.5 model xarr.xpex.xn89:nshort_model.48
Warning: Eta0 = -0.0286127 is negative.

Checking parameters for BSIM 4.5 model xarr.xpex.xn86:nshort_model.48
Warning: Eta0 = -0.0286127 is negative.

Checking parameters for BSIM 4.5 model xarr.xpex.xn82:nshort_model.48
Warning: Eta0 = -0.0286127 is negative.

Checking parameters for BSIM 4.5 model xarr.xpex.xn81:nshort_model.48
Warning: Eta0 = -0.0286127 is negative.

Checking parameters for BSIM 4.5 model xarr.xpex.xn79:nshort_model.48
Warning: Eta0 = -0.0286127 is negative.

Checking parameters for BSIM 4.5 model xarr.xpex.xn78:nshort_model.48
Warning: Eta0 = -0.0286127 is negative.

Checking parameters for BSIM 4.5 model xarr.xpex.xn76:nshort_model.48
Warning: Eta0 = -0.0286127 is negative.

Checking parameters for BSIM 4.5 model xarr.xpex.xn68:nshort_model.48
Warning: Eta0 = -0.0286127 is negative.

Checking parameters for BSIM 4.5 model xarr.xpex.xn66:nshort_model.48
Warning: Eta0 = -0.0286127 is negative.

Checking parameters for BSIM 4.5 model xarr.xpex.xn65:nshort_model.48
Warning: Eta0 = -0.0286127 is negative.

Checking parameters for BSIM 4.5 model xarr.xpex.xn64:nshort_model.48
Warning: Eta0 = -0.0286127 is negative.

Checking parameters for BSIM 4.5 model xarr.xpex.xn63:nshort_model.48
Warning: Eta0 = -0.0286127 is negative.

Checking parameters for BSIM 4.5 model xarr.xpex.xn62:nshort_model.48
Warning: Eta0 = -0.0286127 is negative.

Checking parameters for BSIM 4.5 model xarr.xpex.xn61:nshort_model.48
Warning: Eta0 = -0.0286127 is negative.

Checking parameters for BSIM 4.5 model xarr.xpex.xn60:nshort_model.48
Warning: Eta0 = -0.0286127 is negative.

Checking parameters for BSIM 4.5 model xarr.xpex.xn59:nshort_model.48
Warning: Eta0 = -0.0286127 is negative.

Checking parameters for BSIM 4.5 model xarr.xpex.xn58:nshort_model.48
Warning: Eta0 = -0.0286127 is negative.

Checking parameters for BSIM 4.5 model xarr.xpex.xn57:nshort_model.48
Warning: Eta0 = -0.0286127 is negative.

Checking parameters for BSIM 4.5 model xarr.xpex.xn56:nshort_model.48
Warning: Eta0 = -0.0286127 is negative.

Checking parameters for BSIM 4.5 model xarr.xpex.xn55:nshort_model.48
Warning: Eta0 = -0.0286127 is negative.

Checking parameters for BSIM 4.5 model xarr.xpex.xn54:nshort_model.48
Warning: Eta0 = -0.0286127 is negative.

Checking parameters for BSIM 4.5 model xarr.xpex.xn53:nshort_model.48
Warning: Eta0 = -0.0286127 is negative.

Checking parameters for BSIM 4.5 model xarr.xpex.xn52:nshort_model.48
Warning: Eta0 = -0.0286127 is negative.

Checking parameters for BSIM 4.5 model xarr.xpex.xn51:nshort_model.48
Warning: Eta0 = -0.0286127 is negative.

Checking parameters for BSIM 4.5 model xarr.xpex.xn50:nshort_model.48
Warning: Eta0 = -0.0286127 is negative.

Checking parameters for BSIM 4.5 model xarr.xpex.xn49:nshort_model.48
Warning: Eta0 = -0.0286127 is negative.

Checking parameters for BSIM 4.5 model xarr.xpex.xn48:nshort_model.48
Warning: Eta0 = -0.0286127 is negative.

Checking parameters for BSIM 4.5 model xarr.xpex.xn47:nshort_model.48
Warning: Eta0 = -0.0286127 is negative.

Checking parameters for BSIM 4.5 model xarr.xpex.xn46:nshort_model.48
Warning: Eta0 = -0.0286127 is negative.

Checking parameters for BSIM 4.5 model xarr.xpex.xn45:nshort_model.48
Warning: Eta0 = -0.0286127 is negative.

Checking parameters for BSIM 4.5 model xarr.xpex.xn44:nshort_model.48
Warning: Eta0 = -0.0286127 is negative.

Checking parameters for BSIM 4.5 model xarr.xpex.xn43:nshort_model.48
Warning: Eta0 = -0.0286127 is negative.

Checking parameters for BSIM 4.5 model xarr.xpex.xn42:nshort_model.48
Warning: Eta0 = -0.0286127 is negative.

Checking parameters for BSIM 4.5 model xarr.xpex.xn41:nshort_model.48
Warning: Eta0 = -0.0286127 is negative.

Checking parameters for BSIM 4.5 model xarr.xpex.xn40:nshort_model.48
Warning: Eta0 = -0.0286127 is negative.

Checking parameters for BSIM 4.5 model xarr.xpex.xn39:nshort_model.48
Warning: Eta0 = -0.0286127 is negative.

Checking parameters for BSIM 4.5 model xarr.xpex.xn38:nshort_model.48
Warning: Eta0 = -0.0286127 is negative.

Checking parameters for BSIM 4.5 model xarr.xpex.xn37:nshort_model.48
Warning: Eta0 = -0.0286127 is negative.

Checking parameters for BSIM 4.5 model xarr.xpex.xn36:nshort_model.48
Warning: Eta0 = -0.0286127 is negative.

Checking parameters for BSIM 4.5 model xarr.xpex.xn35:nshort_model.48
Warning: Eta0 = -0.0286127 is negative.

Checking parameters for BSIM 4.5 model xarr.xpex.xn34:nshort_model.48
Warning: Eta0 = -0.0286127 is negative.

Checking parameters for BSIM 4.5 model xarr.xpex.xn33:nshort_model.48
Warning: Eta0 = -0.0286127 is negative.

Checking parameters for BSIM 4.5 model xarr.xpex.xn32:nshort_model.48
Warning: Eta0 = -0.0286127 is negative.

Checking parameters for BSIM 4.5 model xarr.xpex.xn31:nshort_model.48
Warning: Eta0 = -0.0286127 is negative.

Checking parameters for BSIM 4.5 model xarr.xpex.xn30:nshort_model.48
Warning: Eta0 = -0.0286127 is negative.

Checking parameters for BSIM 4.5 model xarr.xpex.xn29:nshort_model.48
Warning: Eta0 = -0.0286127 is negative.

Checking parameters for BSIM 4.5 model xarr.xpex.xn28:nshort_model.48
Warning: Eta0 = -0.0286127 is negative.

Checking parameters for BSIM 4.5 model xarr.xpex.xn27:nshort_model.48
Warning: Eta0 = -0.0286127 is negative.

Checking parameters for BSIM 4.5 model xarr.xpex.xn26:nshort_model.48
Warning: Eta0 = -0.0286127 is negative.

Checking parameters for BSIM 4.5 model xarr.xpex.xn25:nshort_model.48
Warning: Eta0 = -0.0286127 is negative.

