OpenROAD 26Q3-1510-g6cb3f2b704 
Features included (+) or not (-): +GPU +GUI +Python
This program is licensed under the BSD-3 license. See the LICENSE file for details.
Components of this program may be licensed under more restrictive licenses which must be honored.
===KLT_MAX_TRANSITION_LIBRARY_VIOLATIONS_BEGIN===
===KLT_MAX_TRANSITION_LIBRARY_VIOLATIONS_END===
===KLT_MAX_CAPACITANCE_LIBRARY_VIOLATIONS_BEGIN===
===KLT_MAX_CAPACITANCE_LIBRARY_VIOLATIONS_END===
===KLT_MAX_TRANSITION_VIOLATIONS_BEGIN===
max slew

Pin                                    Limit    Slew   Slack
------------------------------------------------------------
_1651_/Y                                0.70    2.75   -2.05 (VIOLATED)
_1652_/D                                0.70    2.75   -2.05 (VIOLATED)
_1653_/A3                               0.70    2.75   -2.05 (VIOLATED)
_2204_/B                                0.70    2.75   -2.05 (VIOLATED)
_2207_/A1                               0.70    2.75   -2.05 (VIOLATED)
_2211_/A2                               0.70    2.75   -2.05 (VIOLATED)
_1858_/Y                                0.70    2.30   -1.60 (VIOLATED)
_1859_/D                                0.70    2.30   -1.60 (VIOLATED)
_1905_/B                                0.70    2.30   -1.60 (VIOLATED)
_1914_/B                                0.70    2.30   -1.60 (VIOLATED)
_1642_/Y                                0.70    2.30   -1.60 (VIOLATED)
_1643_/A                                0.70    2.30   -1.60 (VIOLATED)
_1644_/B                                0.70    2.30   -1.60 (VIOLATED)
_1450_/Y                                0.70    2.09   -1.39 (VIOLATED)
_1451_/B                                0.70    2.09   -1.39 (VIOLATED)
_1463_/B                                0.70    2.09   -1.39 (VIOLATED)
_1511_/C                                0.70    2.09   -1.39 (VIOLATED)
_1602_/B                                0.70    2.09   -1.39 (VIOLATED)
_1551_/A2                               0.70    2.08   -1.38 (VIOLATED)
_2664_/A                                0.70    2.08   -1.38 (VIOLATED)
_1549_/Y                                0.70    2.08   -1.38 (VIOLATED)
_2273_/A                                0.70    2.08   -1.38 (VIOLATED)
_2507_/A                                0.70    2.08   -1.38 (VIOLATED)
_2509_/A                                0.70    2.08   -1.38 (VIOLATED)
_2938_/S                                0.70    2.06   -1.36 (VIOLATED)
_2951_/S                                0.70    2.06   -1.36 (VIOLATED)
_3173_/S                                0.70    2.06   -1.36 (VIOLATED)
_2969_/S                                0.70    2.06   -1.36 (VIOLATED)
_2946_/B                                0.70    2.06   -1.36 (VIOLATED)
_2947_/A2                               0.70    2.06   -1.36 (VIOLATED)
_2971_/B                                0.70    2.06   -1.36 (VIOLATED)
_2972_/A2                               0.70    2.06   -1.36 (VIOLATED)
_3000_/B                                0.70    2.06   -1.36 (VIOLATED)
_3001_/A2                               0.70    2.06   -1.36 (VIOLATED)
_2949_/S                                0.70    2.06   -1.36 (VIOLATED)
_2965_/S                                0.70    2.06   -1.36 (VIOLATED)
_2967_/S                                0.70    2.06   -1.36 (VIOLATED)
_2992_/B                                0.70    2.06   -1.36 (VIOLATED)
_2993_/A2                               0.70    2.06   -1.36 (VIOLATED)
_2980_/B                                0.70    2.06   -1.36 (VIOLATED)
_2981_/A2                               0.70    2.06   -1.36 (VIOLATED)
_2978_/S                                0.70    2.06   -1.36 (VIOLATED)
_2976_/S                                0.70    2.06   -1.36 (VIOLATED)
_2963_/S                                0.70    2.06   -1.36 (VIOLATED)
_2961_/S                                0.70    2.06   -1.36 (VIOLATED)
_2954_/A2                               0.70    2.06   -1.36 (VIOLATED)
_2953_/B                                0.70    2.06   -1.36 (VIOLATED)
_2957_/B                                0.70    2.06   -1.36 (VIOLATED)
_2958_/A2                               0.70    2.06   -1.36 (VIOLATED)
_2985_/A2                               0.70    2.06   -1.36 (VIOLATED)
_2940_/S                                0.70    2.06   -1.36 (VIOLATED)
_3015_/B                                0.70    2.06   -1.36 (VIOLATED)
_3016_/A2                               0.70    2.06   -1.36 (VIOLATED)
_2935_/S                                0.70    2.06   -1.36 (VIOLATED)
_2943_/S                                0.70    2.06   -1.36 (VIOLATED)
_2987_/B                                0.70    2.06   -1.36 (VIOLATED)
_2998_/S                                0.70    2.06   -1.36 (VIOLATED)
_2988_/A2                               0.70    2.06   -1.36 (VIOLATED)
_2974_/S                                0.70    2.06   -1.36 (VIOLATED)
_2984_/B                                0.70    2.06   -1.36 (VIOLATED)
_2995_/B                                0.70    2.06   -1.36 (VIOLATED)
_2996_/A2                               0.70    2.06   -1.36 (VIOLATED)
_3003_/B                                0.70    2.06   -1.36 (VIOLATED)
_3004_/A2                               0.70    2.06   -1.36 (VIOLATED)
_2990_/S                                0.70    2.06   -1.36 (VIOLATED)
_3006_/S                                0.70    2.06   -1.36 (VIOLATED)
_3008_/B                                0.70    2.06   -1.36 (VIOLATED)
_3009_/A2                               0.70    2.06   -1.36 (VIOLATED)
_3012_/B                                0.70    2.06   -1.36 (VIOLATED)
_3013_/A2                               0.70    2.06   -1.36 (VIOLATED)
place57/X                               0.70    2.06   -1.36 (VIOLATED)
_1733_/Y                                0.70    2.06   -1.36 (VIOLATED)
_1735_/A2                               0.70    2.06   -1.36 (VIOLATED)
_2158_/B                                0.70    2.06   -1.36 (VIOLATED)
_2892_/A                                0.70    2.06   -1.36 (VIOLATED)
_2894_/A                                0.70    2.06   -1.36 (VIOLATED)
_2992_/A                                0.70    2.06   -1.36 (VIOLATED)
_1738_/B                                0.70    2.03   -1.33 (VIOLATED)
_1739_/A1                               0.70    2.03   -1.33 (VIOLATED)
_1741_/S                                0.70    2.03   -1.33 (VIOLATED)
_1762_/B                                0.70    2.03   -1.33 (VIOLATED)
_1763_/A1                               0.70    2.03   -1.33 (VIOLATED)
_1670_/S                                0.70    2.03   -1.33 (VIOLATED)
_1678_/S                                0.70    2.03   -1.33 (VIOLATED)
_1676_/S                                0.70    2.03   -1.33 (VIOLATED)
_1673_/S                                0.70    2.03   -1.33 (VIOLATED)
_3151_/S                                0.70    2.03   -1.33 (VIOLATED)
_1688_/S                                0.70    2.03   -1.33 (VIOLATED)
_1703_/S                                0.70    2.03   -1.33 (VIOLATED)
_1686_/S                                0.70    2.03   -1.33 (VIOLATED)
_1707_/S                                0.70    2.03   -1.33 (VIOLATED)
_1705_/S                                0.70    2.03   -1.33 (VIOLATED)
_1734_/B                                0.70    2.03   -1.33 (VIOLATED)
_1701_/S                                0.70    2.03   -1.33 (VIOLATED)
_1715_/S                                0.70    2.03   -1.33 (VIOLATED)
_1717_/S                                0.70    2.03   -1.33 (VIOLATED)
_1735_/A1                               0.70    2.03   -1.33 (VIOLATED)
_1744_/B                                0.70    2.03   -1.33 (VIOLATED)
_1745_/A1                               0.70    2.03   -1.33 (VIOLATED)
_1720_/B                                0.70    2.03   -1.33 (VIOLATED)
_1721_/A1                               0.70    2.03   -1.33 (VIOLATED)
_1683_/B                                0.70    2.03   -1.33 (VIOLATED)
_1684_/A1                               0.70    2.03   -1.33 (VIOLATED)
_1711_/A1                               0.70    2.03   -1.33 (VIOLATED)
_1710_/B                                0.70    2.03   -1.33 (VIOLATED)
_1713_/S                                0.70    2.03   -1.33 (VIOLATED)
_1748_/B                                0.70    2.03   -1.33 (VIOLATED)
_1749_/A1                               0.70    2.03   -1.33 (VIOLATED)
_1724_/B                                0.70    2.03   -1.33 (VIOLATED)
_1725_/A1                               0.70    2.03   -1.33 (VIOLATED)
_1731_/S                                0.70    2.03   -1.33 (VIOLATED)
_1751_/S                                0.70    2.03   -1.33 (VIOLATED)
_1754_/B                                0.70    2.03   -1.33 (VIOLATED)
_1755_/A1                               0.70    2.03   -1.33 (VIOLATED)
_1692_/B                                0.70    2.03   -1.33 (VIOLATED)
_1693_/A1                               0.70    2.03   -1.33 (VIOLATED)
_1699_/S                                0.70    2.03   -1.33 (VIOLATED)
_1696_/B                                0.70    2.03   -1.33 (VIOLATED)
_1697_/A1                               0.70    2.03   -1.33 (VIOLATED)
_1728_/B                                0.70    2.03   -1.33 (VIOLATED)
_1729_/A1                               0.70    2.03   -1.33 (VIOLATED)
_1758_/B                                0.70    2.03   -1.33 (VIOLATED)
_1759_/A1                               0.70    2.03   -1.33 (VIOLATED)
place62/X                               0.70    2.03   -1.33 (VIOLATED)
_3057_/S                                0.70    1.99   -1.29 (VIOLATED)
_3083_/S                                0.70    1.99   -1.29 (VIOLATED)
_3176_/S                                0.70    1.99   -1.29 (VIOLATED)
_3065_/S                                0.70    1.99   -1.29 (VIOLATED)
_3103_/S                                0.70    1.99   -1.29 (VIOLATED)
_3111_/S                                0.70    1.99   -1.29 (VIOLATED)
_3081_/S                                0.70    1.99   -1.29 (VIOLATED)
_3115_/S                                0.70    1.99   -1.29 (VIOLATED)
_3067_/S                                0.70    1.99   -1.29 (VIOLATED)
_3079_/S                                0.70    1.99   -1.29 (VIOLATED)
_3092_/S                                0.70    1.99   -1.29 (VIOLATED)
_3105_/S                                0.70    1.99   -1.29 (VIOLATED)
_3063_/S                                0.70    1.99   -1.29 (VIOLATED)
_3061_/S                                0.70    1.99   -1.29 (VIOLATED)
_3109_/S                                0.70    1.99   -1.29 (VIOLATED)
_3113_/S                                0.70    1.99   -1.29 (VIOLATED)
_3055_/S                                0.70    1.99   -1.29 (VIOLATED)
_3059_/S                                0.70    1.99   -1.29 (VIOLATED)
_3085_/S                                0.70    1.99   -1.29 (VIOLATED)
_3089_/S                                0.70    1.99   -1.29 (VIOLATED)
_3119_/S                                0.70    1.99   -1.29 (VIOLATED)
_3073_/S                                0.70    1.99   -1.29 (VIOLATED)
_3075_/S                                0.70    1.99   -1.29 (VIOLATED)
_3077_/S                                0.70    1.99   -1.29 (VIOLATED)
_3097_/S                                0.70    1.99   -1.29 (VIOLATED)
_3107_/S                                0.70    1.99   -1.29 (VIOLATED)
_3099_/S                                0.70    1.99   -1.29 (VIOLATED)
_3117_/S                                0.70    1.99   -1.29 (VIOLATED)
_3087_/S                                0.70    1.99   -1.29 (VIOLATED)
_3070_/S                                0.70    1.99   -1.29 (VIOLATED)
_3101_/S                                0.70    1.99   -1.29 (VIOLATED)
_1768_/A1                               0.70    1.99   -1.29 (VIOLATED)
_2080_/A                                0.70    1.99   -1.29 (VIOLATED)
_3094_/S                                0.70    1.99   -1.29 (VIOLATED)
place91/X                               0.70    1.99   -1.29 (VIOLATED)
_1565_/Y                                0.70    1.98   -1.28 (VIOLATED)
_1567_/A2                               0.70    1.98   -1.28 (VIOLATED)
_2283_/A                                0.70    1.98   -1.28 (VIOLATED)
_2522_/A                                0.70    1.98   -1.28 (VIOLATED)
_2524_/A                                0.70    1.98   -1.28 (VIOLATED)
_2673_/A                                0.70    1.98   -1.28 (VIOLATED)
_1613_/Y                                0.70    1.98   -1.28 (VIOLATED)
_1615_/A2                               0.70    1.98   -1.28 (VIOLATED)
_2314_/A                                0.70    1.98   -1.28 (VIOLATED)
_2582_/A                                0.70    1.98   -1.28 (VIOLATED)
_2585_/A1                               0.70    1.98   -1.28 (VIOLATED)
_2712_/A1                               0.70    1.98   -1.28 (VIOLATED)
_1543_/Y                                0.70    1.96   -1.26 (VIOLATED)
_1545_/A2                               0.70    1.96   -1.26 (VIOLATED)
_2270_/A                                0.70    1.96   -1.26 (VIOLATED)
_2502_/A                                0.70    1.96   -1.26 (VIOLATED)
_2504_/A                                0.70    1.96   -1.26 (VIOLATED)
_2661_/A                                0.70    1.96   -1.26 (VIOLATED)
_1528_/Y                                0.70    1.92   -1.22 (VIOLATED)
_1530_/B                                0.70    1.92   -1.22 (VIOLATED)
_1536_/A                                0.70    1.92   -1.22 (VIOLATED)
_1543_/A1                               0.70    1.92   -1.22 (VIOLATED)
_1547_/A                                0.70    1.92   -1.22 (VIOLATED)
_1553_/A                                0.70    1.92   -1.22 (VIOLATED)
_1559_/A                                0.70    1.92   -1.22 (VIOLATED)
_1587_/A1                               0.70    1.92   -1.22 (VIOLATED)
_1603_/A0                               0.70    1.92   -1.22 (VIOLATED)
_1753_/Y                                0.70    1.92   -1.22 (VIOLATED)
_1755_/A2                               0.70    1.92   -1.22 (VIOLATED)
_2176_/B                                0.70    1.92   -1.22 (VIOLATED)
_2918_/A                                0.70    1.92   -1.22 (VIOLATED)
_2920_/A                                0.70    1.92   -1.22 (VIOLATED)
_3008_/A                                0.70    1.92   -1.22 (VIOLATED)
_2474_/B                                0.70    1.91   -1.21 (VIOLATED)
_2475_/A2                               0.70    1.91   -1.21 (VIOLATED)
_2450_/A2                               0.70    1.91   -1.21 (VIOLATED)
_2449_/B                                0.70    1.91   -1.21 (VIOLATED)
_2507_/B                                0.70    1.91   -1.21 (VIOLATED)
_2508_/A2                               0.70    1.91   -1.21 (VIOLATED)
_2590_/B                                0.70    1.91   -1.21 (VIOLATED)
_2457_/B                                0.70    1.91   -1.21 (VIOLATED)
_2458_/A2                               0.70    1.91   -1.21 (VIOLATED)
_2591_/A2                               0.70    1.91   -1.21 (VIOLATED)
_2547_/B                                0.70    1.91   -1.21 (VIOLATED)
_2548_/A2                               0.70    1.91   -1.21 (VIOLATED)
_2613_/B                                0.70    1.91   -1.21 (VIOLATED)
_2601_/B                                0.70    1.91   -1.21 (VIOLATED)
_2602_/A2                               0.70    1.91   -1.21 (VIOLATED)
_2609_/B                                0.70    1.91   -1.21 (VIOLATED)
_2610_/A2                               0.70    1.91   -1.21 (VIOLATED)
_2568_/B                                0.70    1.91   -1.21 (VIOLATED)
_2569_/A2                               0.70    1.91   -1.21 (VIOLATED)
_2597_/A2                               0.70    1.91   -1.21 (VIOLATED)
_2596_/B                                0.70    1.91   -1.21 (VIOLATED)
_2584_/B                                0.70    1.91   -1.21 (VIOLATED)
_2585_/A2                               0.70    1.91   -1.21 (VIOLATED)
_2620_/A2                               0.70    1.91   -1.21 (VIOLATED)
_2564_/B                                0.70    1.91   -1.21 (VIOLATED)
_2565_/A2                               0.70    1.91   -1.21 (VIOLATED)
_2575_/A2                               0.70    1.91   -1.21 (VIOLATED)
_2619_/B                                0.70    1.91   -1.21 (VIOLATED)
_2574_/B                                0.70    1.91   -1.21 (VIOLATED)
_2480_/B                                0.70    1.91   -1.21 (VIOLATED)
_2481_/A2                               0.70    1.91   -1.21 (VIOLATED)
_2523_/A2                               0.70    1.91   -1.21 (VIOLATED)
_2468_/B                                0.70    1.91   -1.21 (VIOLATED)
_2469_/A2                               0.70    1.91   -1.21 (VIOLATED)
_2522_/B                                0.70    1.91   -1.21 (VIOLATED)
_2541_/B                                0.70    1.91   -1.21 (VIOLATED)
_2542_/A2                               0.70    1.91   -1.21 (VIOLATED)
_2614_/A2                               0.70    1.91   -1.21 (VIOLATED)
_2463_/B                                0.70    1.91   -1.21 (VIOLATED)
_2464_/A2                               0.70    1.91   -1.21 (VIOLATED)
_2552_/A2                               0.70    1.91   -1.21 (VIOLATED)
_2558_/A2                               0.70    1.91   -1.21 (VIOLATED)
_2517_/B                                0.70    1.91   -1.21 (VIOLATED)
_2518_/A2                               0.70    1.91   -1.21 (VIOLATED)
_2557_/B                                0.70    1.91   -1.21 (VIOLATED)
_2503_/A2                               0.70    1.91   -1.21 (VIOLATED)
_2502_/B                                0.70    1.91   -1.21 (VIOLATED)
_2431_/B                                0.70    1.91   -1.21 (VIOLATED)
_2432_/A2                               0.70    1.91   -1.21 (VIOLATED)
_2551_/B                                0.70    1.91   -1.21 (VIOLATED)
_2532_/B                                0.70    1.91   -1.21 (VIOLATED)
_2486_/B                                0.70    1.91   -1.21 (VIOLATED)
_2487_/A2                               0.70    1.91   -1.21 (VIOLATED)
_2533_/A2                               0.70    1.91   -1.21 (VIOLATED)
_2491_/B                                0.70    1.91   -1.21 (VIOLATED)
_2492_/A2                               0.70    1.91   -1.21 (VIOLATED)
_2497_/B                                0.70    1.91   -1.21 (VIOLATED)
_2498_/A2                               0.70    1.91   -1.21 (VIOLATED)
place68/X                               0.70    1.91   -1.21 (VIOLATED)
_1629_/B                                0.70    1.90   -1.20 (VIOLATED)
_1630_/A1                               0.70    1.90   -1.20 (VIOLATED)
_1637_/B                                0.70    1.90   -1.20 (VIOLATED)
_1638_/A1                               0.70    1.90   -1.20 (VIOLATED)
_1633_/B                                0.70    1.90   -1.20 (VIOLATED)
_1487_/A1                               0.70    1.90   -1.20 (VIOLATED)
_1550_/B                                0.70    1.90   -1.20 (VIOLATED)
_1551_/A1                               0.70    1.90   -1.20 (VIOLATED)
_1634_/A1                               0.70    1.90   -1.20 (VIOLATED)
_1486_/B                                0.70    1.90   -1.20 (VIOLATED)
_1624_/B                                0.70    1.90   -1.20 (VIOLATED)
_1625_/A1                               0.70    1.90   -1.20 (VIOLATED)
_1604_/B                                0.70    1.90   -1.20 (VIOLATED)
_1614_/B                                0.70    1.90   -1.20 (VIOLATED)
_1619_/B                                0.70    1.90   -1.20 (VIOLATED)
_1620_/A1                               0.70    1.90   -1.20 (VIOLATED)
_1605_/A1                               0.70    1.90   -1.20 (VIOLATED)
_1615_/A1                               0.70    1.90   -1.20 (VIOLATED)
_1479_/B                                0.70    1.90   -1.20 (VIOLATED)
_1480_/A1                               0.70    1.90   -1.20 (VIOLATED)
_1641_/A1                               0.70    1.90   -1.20 (VIOLATED)
_1508_/B                                0.70    1.90   -1.20 (VIOLATED)
_1509_/A1                               0.70    1.90   -1.20 (VIOLATED)
_1640_/B                                0.70    1.90   -1.20 (VIOLATED)
_1588_/B                                0.70    1.90   -1.20 (VIOLATED)
_1589_/A1                               0.70    1.90   -1.20 (VIOLATED)
_1514_/B                                0.70    1.90   -1.20 (VIOLATED)
_1515_/A1                               0.70    1.90   -1.20 (VIOLATED)
_3154_/B                                0.70    1.90   -1.20 (VIOLATED)
_3155_/A1                               0.70    1.90   -1.20 (VIOLATED)
_1566_/B                                0.70    1.90   -1.20 (VIOLATED)
_1567_/A1                               0.70    1.90   -1.20 (VIOLATED)
_1582_/B                                0.70    1.90   -1.20 (VIOLATED)
_1583_/A1                               0.70    1.90   -1.20 (VIOLATED)
_1600_/B                                0.70    1.90   -1.20 (VIOLATED)
_1601_/A1                               0.70    1.90   -1.20 (VIOLATED)
_1609_/B                                0.70    1.90   -1.20 (VIOLATED)
_1610_/A1                               0.70    1.90   -1.20 (VIOLATED)
_1469_/B                                0.70    1.90   -1.20 (VIOLATED)
_1470_/A1                               0.70    1.90   -1.20 (VIOLATED)
_1544_/B                                0.70    1.90   -1.20 (VIOLATED)
_1545_/A1                               0.70    1.90   -1.20 (VIOLATED)
_1501_/B                                0.70    1.90   -1.20 (VIOLATED)
_1502_/A1                               0.70    1.90   -1.20 (VIOLATED)
_1525_/B                                0.70    1.90   -1.20 (VIOLATED)
_1526_/A1                               0.70    1.90   -1.20 (VIOLATED)
_1533_/B                                0.70    1.90   -1.20 (VIOLATED)
_1534_/A1                               0.70    1.90   -1.20 (VIOLATED)
_1577_/B                                0.70    1.90   -1.20 (VIOLATED)
_1578_/A1                               0.70    1.90   -1.20 (VIOLATED)
_1592_/B                                0.70    1.90   -1.20 (VIOLATED)
_1593_/A1                               0.70    1.90   -1.20 (VIOLATED)
_1539_/B                                0.70    1.90   -1.20 (VIOLATED)
_1540_/A1                               0.70    1.90   -1.20 (VIOLATED)
_1556_/B                                0.70    1.90   -1.20 (VIOLATED)
_1557_/A1                               0.70    1.90   -1.20 (VIOLATED)
_1573_/B                                0.70    1.90   -1.20 (VIOLATED)
_1574_/A1                               0.70    1.90   -1.20 (VIOLATED)
_1562_/B                                0.70    1.90   -1.20 (VIOLATED)
_1563_/A1                               0.70    1.90   -1.20 (VIOLATED)
_1596_/B                                0.70    1.90   -1.20 (VIOLATED)
_1494_/B                                0.70    1.90   -1.20 (VIOLATED)
_1495_/A1                               0.70    1.90   -1.20 (VIOLATED)
_1597_/A1                               0.70    1.90   -1.20 (VIOLATED)
place69/X                               0.70    1.90   -1.20 (VIOLATED)
_1452_/Y                                0.70    1.90   -1.20 (VIOLATED)
_1454_/A_N                              0.70    1.90   -1.20 (VIOLATED)
_1461_/A_N                              0.70    1.90   -1.20 (VIOLATED)
_1528_/A                                0.70    1.90   -1.20 (VIOLATED)
_1639_/S                                0.70    1.90   -1.20 (VIOLATED)
_1709_/Y                                0.70    1.88   -1.18 (VIOLATED)
_1711_/A2                               0.70    1.88   -1.18 (VIOLATED)
_2134_/B                                0.70    1.88   -1.18 (VIOLATED)
_2858_/A                                0.70    1.88   -1.18 (VIOLATED)
_2860_/A                                0.70    1.88   -1.18 (VIOLATED)
_2971_/A                                0.70    1.88   -1.18 (VIOLATED)
_1743_/Y                                0.70    1.86   -1.16 (VIOLATED)
_1745_/A2                               0.70    1.86   -1.16 (VIOLATED)
_2167_/B                                0.70    1.86   -1.16 (VIOLATED)
_2905_/A                                0.70    1.86   -1.16 (VIOLATED)
_2907_/A                                0.70    1.86   -1.16 (VIOLATED)
_3000_/A                                0.70    1.86   -1.16 (VIOLATED)
_1747_/Y                                0.70    1.86   -1.16 (VIOLATED)
_1749_/A2                               0.70    1.86   -1.16 (VIOLATED)
_2170_/B                                0.70    1.86   -1.16 (VIOLATED)
_2910_/A                                0.70    1.86   -1.16 (VIOLATED)
_2912_/A                                0.70    1.86   -1.16 (VIOLATED)
_3003_/A                                0.70    1.86   -1.16 (VIOLATED)
_1500_/Y                                0.70    1.86   -1.16 (VIOLATED)
_1502_/A2                               0.70    1.86   -1.16 (VIOLATED)
_2251_/A                                0.70    1.86   -1.16 (VIOLATED)
_2468_/A                                0.70    1.86   -1.16 (VIOLATED)
_2471_/A                                0.70    1.86   -1.16 (VIOLATED)
_2643_/A                                0.70    1.86   -1.16 (VIOLATED)
_2941_/S                                0.70    1.85   -1.15 (VIOLATED)
_2814_/S                                0.70    1.85   -1.15 (VIOLATED)
_2823_/S                                0.70    1.85   -1.15 (VIOLATED)
_2932_/S                                0.70    1.85   -1.15 (VIOLATED)
_3017_/S                                0.70    1.85   -1.15 (VIOLATED)
_3021_/S                                0.70    1.85   -1.15 (VIOLATED)
_3018_/S                                0.70    1.85   -1.15 (VIOLATED)
_2944_/S                                0.70    1.85   -1.15 (VIOLATED)
_2936_/S                                0.70    1.85   -1.15 (VIOLATED)
_3050_/S                                0.70    1.85   -1.15 (VIOLATED)
_2805_/S                                0.70    1.85   -1.15 (VIOLATED)
_2817_/S                                0.70    1.85   -1.15 (VIOLATED)
_3020_/S                                0.70    1.85   -1.15 (VIOLATED)
_2811_/S                                0.70    1.85   -1.15 (VIOLATED)
_2939_/S                                0.70    1.85   -1.15 (VIOLATED)
_3019_/S                                0.70    1.85   -1.15 (VIOLATED)
_3172_/S                                0.70    1.85   -1.15 (VIOLATED)
_2857_/S                                0.70    1.85   -1.15 (VIOLATED)
_3174_/S                                0.70    1.85   -1.15 (VIOLATED)
_3175_/S                                0.70    1.85   -1.15 (VIOLATED)
_2970_/S                                0.70    1.85   -1.15 (VIOLATED)
_3023_/S                                0.70    1.85   -1.15 (VIOLATED)
_3030_/S                                0.70    1.85   -1.15 (VIOLATED)
_2966_/S                                0.70    1.85   -1.15 (VIOLATED)
_2851_/S                                0.70    1.85   -1.15 (VIOLATED)
_3024_/S                                0.70    1.85   -1.15 (VIOLATED)
_2952_/S                                0.70    1.85   -1.15 (VIOLATED)
_2829_/S                                0.70    1.85   -1.15 (VIOLATED)
_3032_/S                                0.70    1.85   -1.15 (VIOLATED)
_2862_/S                                0.70    1.85   -1.15 (VIOLATED)
_3033_/S                                0.70    1.85   -1.15 (VIOLATED)
_2973_/S                                0.70    1.85   -1.15 (VIOLATED)
_3022_/S                                0.70    1.85   -1.15 (VIOLATED)
_2901_/S                                0.70    1.85   -1.15 (VIOLATED)
_2909_/S                                0.70    1.85   -1.15 (VIOLATED)
_2896_/S                                0.70    1.85   -1.15 (VIOLATED)
_2948_/S                                0.70    1.85   -1.15 (VIOLATED)
_2914_/S                                0.70    1.85   -1.15 (VIOLATED)
_3005_/S                                0.70    1.85   -1.15 (VIOLATED)
_3046_/S                                0.70    1.85   -1.15 (VIOLATED)
_2826_/S                                0.70    1.85   -1.15 (VIOLATED)
_2854_/S                                0.70    1.85   -1.15 (VIOLATED)
_3031_/S                                0.70    1.85   -1.15 (VIOLATED)
_2950_/S                                0.70    1.85   -1.15 (VIOLATED)
_3034_/S                                0.70    1.85   -1.15 (VIOLATED)
_2968_/S                                0.70    1.85   -1.15 (VIOLATED)
_2975_/S                                0.70    1.85   -1.15 (VIOLATED)
_2876_/S                                0.70    1.85   -1.15 (VIOLATED)
_3002_/S                                0.70    1.85   -1.15 (VIOLATED)
_2994_/S                                0.70    1.85   -1.15 (VIOLATED)
_3045_/S                                0.70    1.85   -1.15 (VIOLATED)
_2871_/S                                0.70    1.85   -1.15 (VIOLATED)
_2865_/S                                0.70    1.85   -1.15 (VIOLATED)
_2983_/S                                0.70    1.85   -1.15 (VIOLATED)
_3042_/S                                0.70    1.85   -1.15 (VIOLATED)
_3038_/S                                0.70    1.85   -1.15 (VIOLATED)
_2979_/S                                0.70    1.85   -1.15 (VIOLATED)
_3037_/S                                0.70    1.85   -1.15 (VIOLATED)
_3035_/S                                0.70    1.85   -1.15 (VIOLATED)
_2977_/S                                0.70    1.85   -1.15 (VIOLATED)
_2964_/S                                0.70    1.85   -1.15 (VIOLATED)
_3029_/S                                0.70    1.85   -1.15 (VIOLATED)
_2986_/S                                0.70    1.85   -1.15 (VIOLATED)
_3039_/S                                0.70    1.85   -1.15 (VIOLATED)
_3028_/S                                0.70    1.85   -1.15 (VIOLATED)
_2962_/S                                0.70    1.85   -1.15 (VIOLATED)
_2848_/S                                0.70    1.85   -1.15 (VIOLATED)
_2845_/S                                0.70    1.85   -1.15 (VIOLATED)
_2883_/S                                0.70    1.85   -1.15 (VIOLATED)
_2868_/S                                0.70    1.85   -1.15 (VIOLATED)
_2955_/S                                0.70    1.85   -1.15 (VIOLATED)
_3026_/S                                0.70    1.85   -1.15 (VIOLATED)
_2836_/S                                0.70    1.85   -1.15 (VIOLATED)
_2960_/S                                0.70    1.85   -1.15 (VIOLATED)
_2841_/S                                0.70    1.85   -1.15 (VIOLATED)
_3027_/S                                0.70    1.85   -1.15 (VIOLATED)
_2989_/S                                0.70    1.85   -1.15 (VIOLATED)
_3040_/S                                0.70    1.85   -1.15 (VIOLATED)
_2888_/S                                0.70    1.85   -1.15 (VIOLATED)
place45/X                               0.70    1.85   -1.15 (VIOLATED)
_2108_/B                                0.70    1.85   -1.15 (VIOLATED)
_2128_/B                                0.70    1.85   -1.15 (VIOLATED)
_2105_/B                                0.70    1.85   -1.15 (VIOLATED)
_2131_/B                                0.70    1.85   -1.15 (VIOLATED)
_2134_/A                                0.70    1.85   -1.15 (VIOLATED)
_2135_/A2                               0.70    1.85   -1.15 (VIOLATED)
_2067_/B                                0.70    1.85   -1.15 (VIOLATED)
_2086_/B                                0.70    1.85   -1.15 (VIOLATED)
_2092_/B                                0.70    1.85   -1.15 (VIOLATED)
_2095_/B                                0.70    1.85   -1.15 (VIOLATED)
_2101_/A                                0.70    1.85   -1.15 (VIOLATED)
_2103_/A2                               0.70    1.85   -1.15 (VIOLATED)
_3141_/B                                0.70    1.85   -1.15 (VIOLATED)
_2167_/A                                0.70    1.85   -1.15 (VIOLATED)
_2164_/B                                0.70    1.85   -1.15 (VIOLATED)
_2168_/A2                               0.70    1.85   -1.15 (VIOLATED)
_2170_/A                                0.70    1.85   -1.15 (VIOLATED)
_2171_/A2                               0.70    1.85   -1.15 (VIOLATED)
_2161_/A                                0.70    1.85   -1.15 (VIOLATED)
_2162_/A2                               0.70    1.85   -1.15 (VIOLATED)
_2121_/B                                0.70    1.85   -1.15 (VIOLATED)
_2140_/B                                0.70    1.85   -1.15 (VIOLATED)
_2125_/B                                0.70    1.85   -1.15 (VIOLATED)
_2143_/B                                0.70    1.85   -1.15 (VIOLATED)
_2146_/A                                0.70    1.85   -1.15 (VIOLATED)
_2147_/A2                               0.70    1.85   -1.15 (VIOLATED)
_2158_/A                                0.70    1.85   -1.15 (VIOLATED)
_2159_/A2                               0.70    1.85   -1.15 (VIOLATED)
_2112_/A                                0.70    1.85   -1.15 (VIOLATED)
_2113_/A2                               0.70    1.85   -1.15 (VIOLATED)
_2137_/B                                0.70    1.85   -1.15 (VIOLATED)
_2149_/A                                0.70    1.85   -1.15 (VIOLATED)
_2150_/A2                               0.70    1.85   -1.15 (VIOLATED)
_2155_/B                                0.70    1.85   -1.15 (VIOLATED)
_2176_/A                                0.70    1.85   -1.15 (VIOLATED)
_2177_/A2                               0.70    1.85   -1.15 (VIOLATED)
_2173_/B                                0.70    1.85   -1.15 (VIOLATED)
_2115_/A                                0.70    1.84   -1.14 (VIOLATED)
_2116_/A2                               0.70    1.84   -1.14 (VIOLATED)
_2118_/B                                0.70    1.84   -1.14 (VIOLATED)
_2232_/A2                               0.70    1.84   -1.14 (VIOLATED)
_2204_/C                                0.70    1.84   -1.14 (VIOLATED)
_2207_/A2                               0.70    1.84   -1.14 (VIOLATED)
_2230_/A2                               0.70    1.84   -1.14 (VIOLATED)
_2233_/A2                               0.70    1.84   -1.14 (VIOLATED)
_2217_/C                                0.70    1.84   -1.14 (VIOLATED)
_2153_/A2                               0.70    1.84   -1.14 (VIOLATED)
_2179_/A                                0.70    1.84   -1.14 (VIOLATED)
_2180_/A2                               0.70    1.84   -1.14 (VIOLATED)
_2182_/B                                0.70    1.84   -1.14 (VIOLATED)
_2152_/A                                0.70    1.84   -1.14 (VIOLATED)
_1667_/D                                0.70    1.84   -1.14 (VIOLATED)
_2369_/A2                               0.70    1.84   -1.14 (VIOLATED)
_2795_/B                                0.70    1.84   -1.14 (VIOLATED)
_2933_/C                                0.70    1.84   -1.14 (VIOLATED)
place75/X                               0.70    1.84   -1.14 (VIOLATED)
_1603_/Y                                0.70    1.84   -1.14 (VIOLATED)
_1605_/A2                               0.70    1.84   -1.14 (VIOLATED)
_2307_/A                                0.70    1.84   -1.14 (VIOLATED)
_2568_/A                                0.70    1.84   -1.14 (VIOLATED)
_2570_/A                                0.70    1.84   -1.14 (VIOLATED)
_2703_/A1                               0.70    1.84   -1.14 (VIOLATED)
_2386_/Y                                0.70    1.84   -1.14 (VIOLATED)
_2387_/B                                0.70    1.84   -1.14 (VIOLATED)
_2393_/B                                0.70    1.84   -1.14 (VIOLATED)
_2395_/B1                               0.70    1.84   -1.14 (VIOLATED)
_2440_/B                                0.70    1.84   -1.14 (VIOLATED)
_3156_/B                                0.70    1.84   -1.14 (VIOLATED)
_2407_/Y                                0.70    1.84   -1.14 (VIOLATED)
_2408_/B                                0.70    1.84   -1.14 (VIOLATED)
_2411_/A2                               0.70    1.84   -1.14 (VIOLATED)
_2419_/A2                               0.70    1.84   -1.14 (VIOLATED)
_2512_/A                                0.70    1.83   -1.13 (VIOLATED)
_1555_/Y                                0.70    1.83   -1.13 (VIOLATED)
_1557_/A2                               0.70    1.83   -1.13 (VIOLATED)
_2276_/A                                0.70    1.83   -1.13 (VIOLATED)
_2514_/A                                0.70    1.83   -1.13 (VIOLATED)
_2667_/A                                0.70    1.83   -1.13 (VIOLATED)
_2496_/S                                0.70    1.83   -1.13 (VIOLATED)
_2657_/S                                0.70    1.83   -1.13 (VIOLATED)
_2490_/S                                0.70    1.83   -1.13 (VIOLATED)
_2757_/B                                0.70    1.83   -1.13 (VIOLATED)
_2654_/S                                0.70    1.83   -1.13 (VIOLATED)
_2758_/A1                               0.70    1.83   -1.13 (VIOLATED)
_2755_/B                                0.70    1.83   -1.13 (VIOLATED)
_2536_/S                                0.70    1.83   -1.13 (VIOLATED)
_2756_/A1                               0.70    1.83   -1.13 (VIOLATED)
_2681_/S                                0.70    1.83   -1.13 (VIOLATED)
_2777_/B                                0.70    1.83   -1.13 (VIOLATED)
_2778_/A1                               0.70    1.83   -1.13 (VIOLATED)
_2762_/A1                               0.70    1.83   -1.13 (VIOLATED)
_2761_/B                                0.70    1.83   -1.13 (VIOLATED)
_2774_/A1                               0.70    1.83   -1.13 (VIOLATED)
_2506_/S                                0.70    1.83   -1.13 (VIOLATED)
_2694_/S                                0.70    1.83   -1.13 (VIOLATED)
_2630_/S                                0.70    1.83   -1.13 (VIOLATED)
_2740_/B                                0.70    1.83   -1.13 (VIOLATED)
_2773_/B                                0.70    1.83   -1.13 (VIOLATED)
_2741_/A1                               0.70    1.83   -1.13 (VIOLATED)
_2663_/S                                0.70    1.83   -1.13 (VIOLATED)
_2446_/S                                0.70    1.83   -1.13 (VIOLATED)
_2767_/B                                0.70    1.83   -1.13 (VIOLATED)
_2768_/A1                               0.70    1.83   -1.13 (VIOLATED)
_2779_/B                                0.70    1.83   -1.13 (VIOLATED)
_2780_/A1                               0.70    1.83   -1.13 (VIOLATED)
_2521_/S                                0.70    1.83   -1.13 (VIOLATED)
_2561_/S                                0.70    1.83   -1.13 (VIOLATED)
_2697_/S                                0.70    1.83   -1.13 (VIOLATED)
_2556_/S                                0.70    1.83   -1.13 (VIOLATED)
_2501_/S                                0.70    1.83   -1.13 (VIOLATED)
_2660_/S                                0.70    1.83   -1.13 (VIOLATED)
_2672_/S                                0.70    1.83   -1.13 (VIOLATED)
_2760_/A1                               0.70    1.83   -1.13 (VIOLATED)
_2669_/S                                0.70    1.83   -1.13 (VIOLATED)
_2759_/B                                0.70    1.83   -1.13 (VIOLATED)
_2678_/S                                0.70    1.83   -1.13 (VIOLATED)
_2771_/B                                0.70    1.83   -1.13 (VIOLATED)
_2772_/A1                               0.70    1.83   -1.13 (VIOLATED)
_2765_/B                                0.70    1.83   -1.13 (VIOLATED)
_2766_/A1                               0.70    1.83   -1.13 (VIOLATED)
_2516_/S                                0.70    1.83   -1.13 (VIOLATED)
_2531_/S                                0.70    1.83   -1.13 (VIOLATED)
place50/X                               0.70    1.83   -1.13 (VIOLATED)
_1691_/Y                                0.70    1.81   -1.11 (VIOLATED)
_1693_/A2                               0.70    1.81   -1.11 (VIOLATED)
_2112_/B                                0.70    1.81   -1.11 (VIOLATED)
_2832_/A                                0.70    1.81   -1.11 (VIOLATED)
_2834_/A                                0.70    1.81   -1.11 (VIOLATED)
_2953_/A                                0.70    1.81   -1.11 (VIOLATED)
_1757_/Y                                0.70    1.80   -1.10 (VIOLATED)
_1759_/A2                               0.70    1.80   -1.10 (VIOLATED)
_2179_/B                                0.70    1.80   -1.10 (VIOLATED)
_2923_/A                                0.70    1.80   -1.10 (VIOLATED)
_2925_/A                                0.70    1.80   -1.10 (VIOLATED)
_3012_/A                                0.70    1.80   -1.10 (VIOLATED)
_1723_/Y                                0.70    1.80   -1.10 (VIOLATED)
_1725_/A2                               0.70    1.80   -1.10 (VIOLATED)
_2149_/B                                0.70    1.80   -1.10 (VIOLATED)
_2877_/A                                0.70    1.80   -1.10 (VIOLATED)
_2879_/A                                0.70    1.80   -1.10 (VIOLATED)
_2984_/A                                0.70    1.80   -1.10 (VIOLATED)
_1492_/Y                                0.70    1.78   -1.08 (VIOLATED)
_1493_/B1                               0.70    1.78   -1.08 (VIOLATED)
_1591_/A1                               0.70    1.78   -1.08 (VIOLATED)
_3053_/A                                0.70    1.77   -1.07 (VIOLATED)
_3066_/A                                0.70    1.77   -1.07 (VIOLATED)
_3104_/A                                0.70    1.77   -1.07 (VIOLATED)
_3112_/A                                0.70    1.77   -1.07 (VIOLATED)
_3177_/A                                0.70    1.77   -1.07 (VIOLATED)
_3074_/A                                0.70    1.77   -1.07 (VIOLATED)
_3076_/A                                0.70    1.77   -1.07 (VIOLATED)
_3078_/A                                0.70    1.77   -1.07 (VIOLATED)
_3084_/A                                0.70    1.77   -1.07 (VIOLATED)
_3082_/A                                0.70    1.77   -1.07 (VIOLATED)
_3114_/A                                0.70    1.77   -1.07 (VIOLATED)
_3116_/A                                0.70    1.77   -1.07 (VIOLATED)
_3090_/A                                0.70    1.77   -1.07 (VIOLATED)
_3098_/A                                0.70    1.77   -1.07 (VIOLATED)
_3058_/A                                0.70    1.77   -1.07 (VIOLATED)
_3100_/A                                0.70    1.77   -1.07 (VIOLATED)
_3093_/A                                0.70    1.77   -1.07 (VIOLATED)
_3088_/A                                0.70    1.77   -1.07 (VIOLATED)
_3056_/A                                0.70    1.77   -1.07 (VIOLATED)
_3060_/A                                0.70    1.77   -1.07 (VIOLATED)
_3086_/A                                0.70    1.77   -1.07 (VIOLATED)
_3106_/A                                0.70    1.77   -1.07 (VIOLATED)
_3108_/A                                0.70    1.77   -1.07 (VIOLATED)
_3118_/A                                0.70    1.77   -1.07 (VIOLATED)
_3120_/A                                0.70    1.77   -1.07 (VIOLATED)
_3062_/A                                0.70    1.77   -1.07 (VIOLATED)
_3068_/A                                0.70    1.77   -1.07 (VIOLATED)
_3080_/A                                0.70    1.77   -1.07 (VIOLATED)
_3102_/A                                0.70    1.77   -1.07 (VIOLATED)
_3110_/A                                0.70    1.77   -1.07 (VIOLATED)
_3071_/A                                0.70    1.77   -1.07 (VIOLATED)
_3095_/A                                0.70    1.77   -1.07 (VIOLATED)
_3064_/A                                0.70    1.77   -1.07 (VIOLATED)
_3051_/X                                0.70    1.77   -1.07 (VIOLATED)
_2083_/B                                0.70    1.76   -1.06 (VIOLATED)
_2221_/B                                0.70    1.76   -1.06 (VIOLATED)
_2227_/B                                0.70    1.76   -1.06 (VIOLATED)
_2231_/B                                0.70    1.76   -1.06 (VIOLATED)
_2208_/B                                0.70    1.76   -1.06 (VIOLATED)
_2216_/B                                0.70    1.76   -1.06 (VIOLATED)
_2206_/B                                0.70    1.76   -1.06 (VIOLATED)
_2202_/A                                0.70    1.76   -1.06 (VIOLATED)
_2213_/A                                0.70    1.76   -1.06 (VIOLATED)
_2198_/A                                0.70    1.76   -1.06 (VIOLATED)
_2194_/A                                0.70    1.76   -1.06 (VIOLATED)
_2190_/A                                0.70    1.76   -1.06 (VIOLATED)
_3147_/A                                0.70    1.76   -1.06 (VIOLATED)
_2410_/B                                0.70    1.76   -1.06 (VIOLATED)
_2250_/A                                0.70    1.76   -1.06 (VIOLATED)
_2253_/A                                0.70    1.76   -1.06 (VIOLATED)
_2303_/A                                0.70    1.76   -1.06 (VIOLATED)
_2266_/A                                0.70    1.76   -1.06 (VIOLATED)
_2272_/A                                0.70    1.76   -1.06 (VIOLATED)
_2275_/A                                0.70    1.76   -1.06 (VIOLATED)
_2316_/A                                0.70    1.76   -1.06 (VIOLATED)
_2325_/A                                0.70    1.76   -1.06 (VIOLATED)
_2262_/A                                0.70    1.76   -1.06 (VIOLATED)
_2319_/A                                0.70    1.76   -1.06 (VIOLATED)
_2322_/A                                0.70    1.76   -1.06 (VIOLATED)
_2328_/A                                0.70    1.76   -1.06 (VIOLATED)
_2269_/A                                0.70    1.76   -1.06 (VIOLATED)
_2239_/A                                0.70    1.76   -1.06 (VIOLATED)
_2278_/A                                0.70    1.76   -1.06 (VIOLATED)
_2291_/A                                0.70    1.76   -1.06 (VIOLATED)
_2343_/B                                0.70    1.76   -1.06 (VIOLATED)
_2345_/B                                0.70    1.76   -1.06 (VIOLATED)
_2300_/A                                0.70    1.76   -1.06 (VIOLATED)
_2282_/A                                0.70    1.76   -1.06 (VIOLATED)
_2247_/A                                0.70    1.76   -1.06 (VIOLATED)
_2331_/A                                0.70    1.76   -1.06 (VIOLATED)
_2340_/B                                0.70    1.76   -1.06 (VIOLATED)
_2297_/A                                0.70    1.76   -1.06 (VIOLATED)
_2243_/A                                0.70    1.76   -1.06 (VIOLATED)
_2309_/A                                0.70    1.76   -1.06 (VIOLATED)
_2256_/A                                0.70    1.76   -1.06 (VIOLATED)
_2294_/A                                0.70    1.76   -1.06 (VIOLATED)
_2288_/A                                0.70    1.76   -1.06 (VIOLATED)
_2334_/A                                0.70    1.76   -1.06 (VIOLATED)
_2306_/A                                0.70    1.76   -1.06 (VIOLATED)
_2336_/B1                               0.70    1.76   -1.06 (VIOLATED)
_2285_/A                                0.70    1.76   -1.06 (VIOLATED)
_2259_/A                                0.70    1.76   -1.06 (VIOLATED)
_2376_/A                                0.70    1.76   -1.06 (VIOLATED)
_2379_/A                                0.70    1.76   -1.06 (VIOLATED)
_2386_/A1                               0.70    1.76   -1.06 (VIOLATED)
place73/X                               0.70    1.76   -1.06 (VIOLATED)
_1496_/Y                                0.70    1.75   -1.05 (VIOLATED)
_1497_/C                                0.70    1.75   -1.05 (VIOLATED)
_1553_/C                                0.70    1.75   -1.05 (VIOLATED)
_1594_/B                                0.70    1.75   -1.05 (VIOLATED)
_1727_/Y                                0.70    1.75   -1.05 (VIOLATED)
_1729_/A2                               0.70    1.75   -1.05 (VIOLATED)
_2152_/B                                0.70    1.75   -1.05 (VIOLATED)
_2884_/A                                0.70    1.75   -1.05 (VIOLATED)
_2886_/A                                0.70    1.75   -1.05 (VIOLATED)
_2987_/A                                0.70    1.75   -1.05 (VIOLATED)
_1513_/Y                                0.70    1.75   -1.05 (VIOLATED)
_1515_/A2                               0.70    1.75   -1.05 (VIOLATED)
_2257_/A                                0.70    1.75   -1.05 (VIOLATED)
_2480_/A                                0.70    1.75   -1.05 (VIOLATED)
_2483_/A                                0.70    1.75   -1.05 (VIOLATED)
_2649_/A                                0.70    1.75   -1.05 (VIOLATED)
_1628_/Y                                0.70    1.74   -1.04 (VIOLATED)
_1630_/A2                               0.70    1.74   -1.04 (VIOLATED)
_2323_/A                                0.70    1.74   -1.04 (VIOLATED)
_2601_/A                                0.70    1.74   -1.04 (VIOLATED)
_2603_/A                                0.70    1.74   -1.04 (VIOLATED)
_2723_/A                                0.70    1.74   -1.04 (VIOLATED)
_1477_/Y                                0.70    1.73   -1.03 (VIOLATED)
_1480_/A2                               0.70    1.73   -1.03 (VIOLATED)
_2241_/A                                0.70    1.73   -1.03 (VIOLATED)
_2449_/A                                0.70    1.73   -1.03 (VIOLATED)
_2452_/A                                0.70    1.73   -1.03 (VIOLATED)
_2632_/A                                0.70    1.73   -1.03 (VIOLATED)
_1572_/Y                                0.70    1.72   -1.02 (VIOLATED)
_1574_/A2                               0.70    1.72   -1.02 (VIOLATED)
_2286_/A                                0.70    1.72   -1.02 (VIOLATED)
_2527_/A                                0.70    1.72   -1.02 (VIOLATED)
_2529_/A                                0.70    1.72   -1.02 (VIOLATED)
_2676_/A                                0.70    1.72   -1.02 (VIOLATED)
_1639_/Y                                0.70    1.72   -1.02 (VIOLATED)
_1641_/A2                               0.70    1.72   -1.02 (VIOLATED)
_2332_/A                                0.70    1.72   -1.02 (VIOLATED)
_2620_/A1                               0.70    1.72   -1.02 (VIOLATED)
_2621_/A                                0.70    1.72   -1.02 (VIOLATED)
_2736_/A1                               0.70    1.72   -1.02 (VIOLATED)
_1532_/Y                                0.70    1.69   -0.99 (VIOLATED)
_1534_/A2                               0.70    1.69   -0.99 (VIOLATED)
_2264_/A                                0.70    1.69   -0.99 (VIOLATED)
_2491_/A                                0.70    1.69   -0.99 (VIOLATED)
_2493_/A                                0.70    1.69   -0.99 (VIOLATED)
_2655_/A                                0.70    1.69   -0.99 (VIOLATED)
_1587_/Y                                0.70    1.69   -0.99 (VIOLATED)
_1589_/A2                               0.70    1.69   -0.99 (VIOLATED)
_2295_/A                                0.70    1.69   -0.99 (VIOLATED)
_2545_/A                                0.70    1.69   -0.99 (VIOLATED)
_2548_/A1                               0.70    1.69   -0.99 (VIOLATED)
_2689_/A1                               0.70    1.69   -0.99 (VIOLATED)
_1561_/Y                                0.70    1.69   -0.99 (VIOLATED)
_1563_/A2                               0.70    1.69   -0.99 (VIOLATED)
_2280_/A                                0.70    1.69   -0.99 (VIOLATED)
_2517_/A                                0.70    1.69   -0.99 (VIOLATED)
_2519_/A                                0.70    1.69   -0.99 (VIOLATED)
_2670_/A                                0.70    1.69   -0.99 (VIOLATED)
_1485_/Y                                0.70    1.68   -0.98 (VIOLATED)
_1487_/A2                               0.70    1.68   -0.98 (VIOLATED)
_2245_/A                                0.70    1.68   -0.98 (VIOLATED)
_2457_/A                                0.70    1.68   -0.98 (VIOLATED)
_2459_/A                                0.70    1.68   -0.98 (VIOLATED)
_2635_/A                                0.70    1.68   -0.98 (VIOLATED)
_1719_/Y                                0.70    1.68   -0.98 (VIOLATED)
_1721_/A2                               0.70    1.68   -0.98 (VIOLATED)
_2146_/B                                0.70    1.68   -0.98 (VIOLATED)
_2872_/A                                0.70    1.68   -0.98 (VIOLATED)
_2874_/A                                0.70    1.68   -0.98 (VIOLATED)
_2980_/A                                0.70    1.68   -0.98 (VIOLATED)
_1618_/Y                                0.70    1.67   -0.97 (VIOLATED)
_1620_/A2                               0.70    1.67   -0.97 (VIOLATED)
_2317_/A                                0.70    1.67   -0.97 (VIOLATED)
_2588_/A                                0.70    1.67   -0.97 (VIOLATED)
_2591_/A1                               0.70    1.67   -0.97 (VIOLATED)
_2716_/A1                               0.70    1.67   -0.97 (VIOLATED)
_2824_/Y                                0.70    1.67   -0.97 (VIOLATED)
_2826_/A0                               0.70    1.67   -0.97 (VIOLATED)
_3205_/B1                               0.70    1.67   -0.97 (VIOLATED)
_1737_/Y                                0.70    1.67   -0.97 (VIOLATED)
_1739_/A2                               0.70    1.67   -0.97 (VIOLATED)
_2161_/B                                0.70    1.67   -0.97 (VIOLATED)
_2897_/A                                0.70    1.67   -0.97 (VIOLATED)
_2899_/A                                0.70    1.67   -0.97 (VIOLATED)
_2995_/A                                0.70    1.67   -0.97 (VIOLATED)
_2548_/Y                                0.70    1.66   -0.96 (VIOLATED)
_2549_/B                                0.70    1.66   -0.96 (VIOLATED)
_3242_/A2                               0.70    1.66   -0.96 (VIOLATED)
_2416_/Y                                0.70    1.65   -0.95 (VIOLATED)
place48/A                               0.70    1.65   -0.95 (VIOLATED)
_1695_/Y                                0.70    1.65   -0.95 (VIOLATED)
_1697_/A2                               0.70    1.65   -0.95 (VIOLATED)
_2115_/B                                0.70    1.65   -0.95 (VIOLATED)
_2837_/A                                0.70    1.65   -0.95 (VIOLATED)
_2839_/A                                0.70    1.65   -0.95 (VIOLATED)
_2957_/A                                0.70    1.65   -0.95 (VIOLATED)
_1538_/Y                                0.70    1.64   -0.94 (VIOLATED)
_1540_/A2                               0.70    1.64   -0.94 (VIOLATED)
_2267_/A                                0.70    1.64   -0.94 (VIOLATED)
_2497_/A                                0.70    1.64   -0.94 (VIOLATED)
_2499_/A                                0.70    1.64   -0.94 (VIOLATED)
_2658_/A                                0.70    1.64   -0.94 (VIOLATED)
_3183_/A1                               0.70    1.63   -0.93 (VIOLATED)
_3196_/A1                               0.70    1.63   -0.93 (VIOLATED)
_3207_/A1                               0.70    1.63   -0.93 (VIOLATED)
_3201_/A1                               0.70    1.63   -0.93 (VIOLATED)
_3209_/A1                               0.70    1.63   -0.93 (VIOLATED)
_3213_/A1                               0.70    1.63   -0.93 (VIOLATED)
_3220_/A1                               0.70    1.63   -0.93 (VIOLATED)
_3234_/A1                               0.70    1.63   -0.93 (VIOLATED)
_2442_/Y                                0.70    1.63   -0.93 (VIOLATED)
_2443_/A                                0.70    1.63   -0.93 (VIOLATED)
_3205_/A1                               0.70    1.63   -0.93 (VIOLATED)
_3217_/A1                               0.70    1.63   -0.93 (VIOLATED)
_3258_/A1                               0.70    1.63   -0.93 (VIOLATED)
_3262_/A1                               0.70    1.63   -0.93 (VIOLATED)
_1784_/Y                                0.70    1.63   -0.93 (VIOLATED)
_1785_/B                                0.70    1.63   -0.93 (VIOLATED)
_2354_/B1                               0.70    1.63   -0.93 (VIOLATED)
_1503_/Y                                0.70    1.61   -0.91 (VIOLATED)
_1504_/C                                0.70    1.61   -0.91 (VIOLATED)
_1559_/C                                0.70    1.61   -0.91 (VIOLATED)
_1598_/B                                0.70    1.61   -0.91 (VIOLATED)
_1507_/Y                                0.70    1.61   -0.91 (VIOLATED)
_1509_/A2                               0.70    1.61   -0.91 (VIOLATED)
_2254_/A                                0.70    1.61   -0.91 (VIOLATED)
_2474_/A                                0.70    1.61   -0.91 (VIOLATED)
_2476_/A                                0.70    1.61   -0.91 (VIOLATED)
_2646_/A                                0.70    1.61   -0.91 (VIOLATED)
_1812_/Y                                0.70    1.60   -0.90 (VIOLATED)
_1813_/B                                0.70    1.60   -0.90 (VIOLATED)
_1901_/B                                0.70    1.60   -0.90 (VIOLATED)
_1913_/B                                0.70    1.60   -0.90 (VIOLATED)
_2846_/Y                                0.70    1.59   -0.89 (VIOLATED)
_2848_/A0                               0.70    1.59   -0.89 (VIOLATED)
_3214_/B1                               0.70    1.59   -0.89 (VIOLATED)
_2849_/Y                                0.70    1.58   -0.88 (VIOLATED)
_2851_/A0                               0.70    1.58   -0.88 (VIOLATED)
_3217_/B1                               0.70    1.58   -0.88 (VIOLATED)
_1608_/Y                                0.70    1.57   -0.87 (VIOLATED)
_1610_/A2                               0.70    1.57   -0.87 (VIOLATED)
_2311_/A                                0.70    1.57   -0.87 (VIOLATED)
_2574_/A                                0.70    1.57   -0.87 (VIOLATED)
_2578_/A                                0.70    1.57   -0.87 (VIOLATED)
_2706_/A                                0.70    1.57   -0.87 (VIOLATED)
_1524_/Y                                0.70    1.57   -0.87 (VIOLATED)
_1526_/A2                               0.70    1.57   -0.87 (VIOLATED)
_2260_/A                                0.70    1.57   -0.87 (VIOLATED)
_2486_/A                                0.70    1.57   -0.87 (VIOLATED)
_2488_/A                                0.70    1.57   -0.87 (VIOLATED)
_2652_/A                                0.70    1.57   -0.87 (VIOLATED)
_2388_/Y                                0.70    1.56   -0.86 (VIOLATED)
_2389_/B                                0.70    1.56   -0.86 (VIOLATED)
_2392_/B                                0.70    1.56   -0.86 (VIOLATED)
_3238_/B2                               0.70    1.56   -0.86 (VIOLATED)
_3242_/A1                               0.70    1.56   -0.86 (VIOLATED)
_3254_/A1                               0.70    1.56   -0.86 (VIOLATED)
_3265_/A1                               0.70    1.56   -0.86 (VIOLATED)
_1576_/Y                                0.70    1.54   -0.84 (VIOLATED)
_1578_/A2                               0.70    1.54   -0.84 (VIOLATED)
_2289_/A                                0.70    1.54   -0.84 (VIOLATED)
_2532_/A                                0.70    1.54   -0.84 (VIOLATED)
_2534_/A                                0.70    1.54   -0.84 (VIOLATED)
_2679_/A                                0.70    1.54   -0.84 (VIOLATED)
_2376_/Y                                0.70    1.54   -0.84 (VIOLATED)
_2387_/A                                0.70    1.54   -0.84 (VIOLATED)
_2390_/A                                0.70    1.54   -0.84 (VIOLATED)
_2394_/B2                               0.70    1.54   -0.84 (VIOLATED)
_2440_/A                                0.70    1.54   -0.84 (VIOLATED)
_3156_/A                                0.70    1.54   -0.84 (VIOLATED)
_3157_/B                                0.70    1.54   -0.84 (VIOLATED)
_3247_/A1                               0.70    1.54   -0.84 (VIOLATED)
_1621_/C                                0.70    1.54   -0.84 (VIOLATED)
_1627_/B                                0.70    1.54   -0.84 (VIOLATED)
_1631_/A3                               0.70    1.54   -0.84 (VIOLATED)
_1632_/A2                               0.70    1.54   -0.84 (VIOLATED)
_1584_/Y                                0.70    1.54   -0.84 (VIOLATED)
_1586_/B                                0.70    1.54   -0.84 (VIOLATED)
_1606_/C                                0.70    1.54   -0.84 (VIOLATED)
_1607_/B                                0.70    1.54   -0.84 (VIOLATED)
_1611_/C                                0.70    1.54   -0.84 (VIOLATED)
_1612_/B                                0.70    1.54   -0.84 (VIOLATED)
_1616_/C                                0.70    1.54   -0.84 (VIOLATED)
_1617_/B                                0.70    1.54   -0.84 (VIOLATED)
_1626_/D                                0.70    1.54   -0.84 (VIOLATED)
_1635_/A3                               0.70    1.54   -0.84 (VIOLATED)
_1636_/A2                               0.70    1.54   -0.84 (VIOLATED)
_3129_/B1                               0.70    1.53   -0.83 (VIOLATED)
_1944_/B1                               0.70    1.53   -0.83 (VIOLATED)
_1774_/C                                0.70    1.53   -0.83 (VIOLATED)
_1776_/C                                0.70    1.53   -0.83 (VIOLATED)
_1777_/C                                0.70    1.53   -0.83 (VIOLATED)
_1779_/C                                0.70    1.53   -0.83 (VIOLATED)
_1780_/C                                0.70    1.53   -0.83 (VIOLATED)
_1782_/C                                0.70    1.53   -0.83 (VIOLATED)
_1783_/C                                0.70    1.53   -0.83 (VIOLATED)
_3126_/C                                0.70    1.53   -0.83 (VIOLATED)
_1778_/C                                0.70    1.53   -0.83 (VIOLATED)
_1773_/Y                                0.70    1.53   -0.83 (VIOLATED)
_3153_/Y                                0.70    1.53   -0.83 (VIOLATED)
_3155_/A2                               0.70    1.53   -0.83 (VIOLATED)
_3160_/B                                0.70    1.53   -0.83 (VIOLATED)
_3162_/B                                0.70    1.53   -0.83 (VIOLATED)
_3165_/B                                0.70    1.53   -0.83 (VIOLATED)
_2794_/Y                                0.70    1.52   -0.82 (VIOLATED)
_2795_/C                                0.70    1.52   -0.82 (VIOLATED)
_3051_/A1                               0.70    1.52   -0.82 (VIOLATED)
_2493_/B                                0.70    1.51   -0.81 (VIOLATED)
_2494_/A2                               0.70    1.51   -0.81 (VIOLATED)
_2499_/B                                0.70    1.51   -0.81 (VIOLATED)
_2500_/A2                               0.70    1.51   -0.81 (VIOLATED)
_2438_/B                                0.70    1.51   -0.81 (VIOLATED)
_2439_/A2                               0.70    1.51   -0.81 (VIOLATED)
_2488_/B                                0.70    1.51   -0.81 (VIOLATED)
_2489_/A2                               0.70    1.51   -0.81 (VIOLATED)
_2504_/B                                0.70    1.51   -0.81 (VIOLATED)
_2505_/A2                               0.70    1.51   -0.81 (VIOLATED)
_2534_/B                                0.70    1.51   -0.81 (VIOLATED)
_2535_/A2                               0.70    1.51   -0.81 (VIOLATED)
_2553_/B                                0.70    1.51   -0.81 (VIOLATED)
_2554_/A2                               0.70    1.51   -0.81 (VIOLATED)
_2514_/B                                0.70    1.51   -0.81 (VIOLATED)
_2515_/A2                               0.70    1.51   -0.81 (VIOLATED)
_2519_/B                                0.70    1.51   -0.81 (VIOLATED)
_2520_/A2                               0.70    1.51   -0.81 (VIOLATED)
_2529_/B                                0.70    1.51   -0.81 (VIOLATED)
_2530_/A2                               0.70    1.51   -0.81 (VIOLATED)
_2559_/B                                0.70    1.51   -0.81 (VIOLATED)
_2560_/A2                               0.70    1.51   -0.81 (VIOLATED)
_2466_/A2                               0.70    1.51   -0.81 (VIOLATED)
_2433_/X                                0.70    1.51   -0.81 (VIOLATED)
_2465_/B                                0.70    1.51   -0.81 (VIOLATED)
place64/A                               0.70    1.51   -0.81 (VIOLATED)
_2610_/Y                                0.70    1.50   -0.80 (VIOLATED)
_2611_/B                                0.70    1.50   -0.80 (VIOLATED)
_3282_/A2                               0.70    1.50   -0.80 (VIOLATED)
_1866_/Y                                0.70    1.49   -0.79 (VIOLATED)
_1867_/B                                0.70    1.49   -0.79 (VIOLATED)
_1899_/C                                0.70    1.49   -0.79 (VIOLATED)
_2402_/A2                               0.70    1.49   -0.79 (VIOLATED)
_2407_/A2                               0.70    1.49   -0.79 (VIOLATED)
_1961_/A                                0.70    1.48   -0.78 (VIOLATED)
_1966_/A                                0.70    1.48   -0.78 (VIOLATED)
_1982_/A                                0.70    1.48   -0.78 (VIOLATED)
_1959_/A                                0.70    1.48   -0.78 (VIOLATED)
_1979_/A                                0.70    1.48   -0.78 (VIOLATED)
_1985_/A                                0.70    1.48   -0.78 (VIOLATED)
_1969_/A                                0.70    1.48   -0.78 (VIOLATED)
_1972_/A                                0.70    1.48   -0.78 (VIOLATED)
_1989_/A                                0.70    1.48   -0.78 (VIOLATED)
_1993_/A                                0.70    1.48   -0.78 (VIOLATED)
_1998_/A                                0.70    1.48   -0.78 (VIOLATED)
_1975_/A                                0.70    1.48   -0.78 (VIOLATED)
_1954_/A                                0.70    1.48   -0.78 (VIOLATED)
_1957_/A                                0.70    1.48   -0.78 (VIOLATED)
_1950_/A                                0.70    1.48   -0.78 (VIOLATED)
_1917_/A                                0.70    1.48   -0.78 (VIOLATED)
_3133_/A                                0.70    1.48   -0.78 (VIOLATED)
_3136_/A                                0.70    1.48   -0.78 (VIOLATED)
_1900_/B1                               0.70    1.48   -0.78 (VIOLATED)
_1880_/A                                0.70    1.48   -0.78 (VIOLATED)
_1894_/A                                0.70    1.48   -0.78 (VIOLATED)
_1897_/A                                0.70    1.48   -0.78 (VIOLATED)
_1884_/B1                               0.70    1.48   -0.78 (VIOLATED)
_1888_/A                                0.70    1.48   -0.78 (VIOLATED)
_1891_/A                                0.70    1.48   -0.78 (VIOLATED)
_2031_/A                                0.70    1.48   -0.78 (VIOLATED)
_2047_/A                                0.70    1.48   -0.78 (VIOLATED)
_2036_/A                                0.70    1.48   -0.78 (VIOLATED)
_1870_/A                                0.70    1.48   -0.78 (VIOLATED)
_1875_/A                                0.70    1.48   -0.78 (VIOLATED)
_2021_/A                                0.70    1.48   -0.78 (VIOLATED)
_2026_/A                                0.70    1.48   -0.78 (VIOLATED)
_3140_/A                                0.70    1.48   -0.78 (VIOLATED)
_2013_/A                                0.70    1.48   -0.78 (VIOLATED)
_3123_/B1                               0.70    1.48   -0.78 (VIOLATED)
_1903_/A                                0.70    1.48   -0.78 (VIOLATED)
_2370_/A                                0.70    1.48   -0.78 (VIOLATED)
_3223_/A                                0.70    1.48   -0.78 (VIOLATED)
_2373_/A                                0.70    1.48   -0.78 (VIOLATED)
_3231_/A                                0.70    1.48   -0.78 (VIOLATED)
_3180_/B                                0.70    1.48   -0.78 (VIOLATED)
place81/X                               0.70    1.48   -0.78 (VIOLATED)
_3244_/Y                                0.70    1.47   -0.77 (VIOLATED)
_3245_/B1                               0.70    1.47   -0.77 (VIOLATED)
_1768_/Y                                0.70    1.46   -0.76 (VIOLATED)
_1769_/A                                0.70    1.46   -0.76 (VIOLATED)
_2391_/B                                0.70    1.46   -0.76 (VIOLATED)
_2423_/A                                0.70    1.46   -0.76 (VIOLATED)
_2802_/A1                               0.70    1.46   -0.76 (VIOLATED)
_2422_/Y                                0.70    1.44   -0.74 (VIOLATED)
_2423_/B                                0.70    1.44   -0.74 (VIOLATED)
_2802_/A2                               0.70    1.44   -0.74 (VIOLATED)
_1493_/Y                                0.70    1.43   -0.73 (VIOLATED)
_1495_/A2                               0.70    1.43   -0.73 (VIOLATED)
_2248_/A                                0.70    1.43   -0.73 (VIOLATED)
_2463_/A                                0.70    1.43   -0.73 (VIOLATED)
_2465_/A                                0.70    1.43   -0.73 (VIOLATED)
_2638_/A                                0.70    1.43   -0.73 (VIOLATED)
_2822_/Y                                0.70    1.43   -0.73 (VIOLATED)
_2823_/A1                               0.70    1.43   -0.73 (VIOLATED)
_2948_/A0                               0.70    1.43   -0.73 (VIOLATED)
_2744_/B                                0.70    1.42   -0.72 (VIOLATED)
_2763_/B                                0.70    1.42   -0.72 (VIOLATED)
_2764_/A1                               0.70    1.42   -0.72 (VIOLATED)
_2745_/A1                               0.70    1.42   -0.72 (VIOLATED)
_2666_/S                                0.70    1.42   -0.72 (VIOLATED)
_2511_/S                                0.70    1.42   -0.72 (VIOLATED)
_2455_/S                                0.70    1.42   -0.72 (VIOLATED)
_2634_/S                                0.70    1.42   -0.72 (VIOLATED)
_2743_/A1                               0.70    1.42   -0.72 (VIOLATED)
_2742_/B                                0.70    1.42   -0.72 (VIOLATED)
_2782_/S                                0.70    1.42   -0.72 (VIOLATED)
_2785_/S                                0.70    1.42   -0.72 (VIOLATED)
_2704_/A                                0.70    1.42   -0.72 (VIOLATED)
_2786_/S                                0.70    1.42   -0.72 (VIOLATED)
_2717_/A                                0.70    1.42   -0.72 (VIOLATED)
_2637_/S                                0.70    1.42   -0.72 (VIOLATED)
_2648_/S                                0.70    1.42   -0.72 (VIOLATED)
_2750_/B                                0.70    1.42   -0.72 (VIOLATED)
_2751_/A1                               0.70    1.42   -0.72 (VIOLATED)
_2718_/A1                               0.70    1.42   -0.72 (VIOLATED)
_2462_/S                                0.70    1.42   -0.72 (VIOLATED)
_2592_/A                                0.70    1.42   -0.72 (VIOLATED)
_2593_/A1                               0.70    1.42   -0.72 (VIOLATED)
_2572_/S                                0.70    1.42   -0.72 (VIOLATED)
_2793_/S                                0.70    1.42   -0.72 (VIOLATED)
_2586_/A                                0.70    1.42   -0.72 (VIOLATED)
_2587_/A1                               0.70    1.42   -0.72 (VIOLATED)
_2623_/A                                0.70    1.42   -0.72 (VIOLATED)
_2737_/A                                0.70    1.42   -0.72 (VIOLATED)
_2738_/A1                               0.70    1.42   -0.72 (VIOLATED)
_2617_/A                                0.70    1.42   -0.72 (VIOLATED)
_2733_/B1                               0.70    1.42   -0.72 (VIOLATED)
_2734_/A1                               0.70    1.42   -0.72 (VIOLATED)
_2605_/A                                0.70    1.42   -0.72 (VIOLATED)
_2729_/A                                0.70    1.42   -0.72 (VIOLATED)
_2726_/A1                               0.70    1.42   -0.72 (VIOLATED)
_2725_/B1                               0.70    1.42   -0.72 (VIOLATED)
_2624_/A1                               0.70    1.42   -0.72 (VIOLATED)
_2791_/B                                0.70    1.42   -0.72 (VIOLATED)
_2792_/A1                               0.70    1.42   -0.72 (VIOLATED)
_2788_/B                                0.70    1.42   -0.72 (VIOLATED)
_2789_/A1                               0.70    1.42   -0.72 (VIOLATED)
_2790_/S                                0.70    1.42   -0.72 (VIOLATED)
_2783_/B                                0.70    1.42   -0.72 (VIOLATED)
_2709_/A1                               0.70    1.42   -0.72 (VIOLATED)
_2784_/A1                               0.70    1.42   -0.72 (VIOLATED)
_2787_/S                                0.70    1.42   -0.72 (VIOLATED)
_2721_/A                                0.70    1.42   -0.72 (VIOLATED)
_2705_/A1                               0.70    1.42   -0.72 (VIOLATED)
_2714_/A1                               0.70    1.42   -0.72 (VIOLATED)
_2713_/A                                0.70    1.42   -0.72 (VIOLATED)
_2599_/A1                               0.70    1.42   -0.72 (VIOLATED)
_2730_/A1                               0.70    1.42   -0.72 (VIOLATED)
_2722_/A1                               0.70    1.42   -0.72 (VIOLATED)
_2580_/A                                0.70    1.42   -0.72 (VIOLATED)
_2708_/B1                               0.70    1.42   -0.72 (VIOLATED)
_2581_/A1                               0.70    1.42   -0.72 (VIOLATED)
_2753_/B                                0.70    1.42   -0.72 (VIOLATED)
_2754_/A1                               0.70    1.42   -0.72 (VIOLATED)
_2651_/S                                0.70    1.42   -0.72 (VIOLATED)
_3164_/S                                0.70    1.42   -0.72 (VIOLATED)
_2485_/S                                0.70    1.42   -0.72 (VIOLATED)
_2478_/S                                0.70    1.42   -0.72 (VIOLATED)
_3168_/A                                0.70    1.42   -0.72 (VIOLATED)
_2769_/B                                0.70    1.42   -0.72 (VIOLATED)
_2770_/A1                               0.70    1.42   -0.72 (VIOLATED)
_3169_/A1                               0.70    1.42   -0.72 (VIOLATED)
_3167_/S                                0.70    1.42   -0.72 (VIOLATED)
_2473_/S                                0.70    1.42   -0.72 (VIOLATED)
_2598_/A                                0.70    1.42   -0.72 (VIOLATED)
_2645_/S                                0.70    1.42   -0.72 (VIOLATED)
_2526_/S                                0.70    1.42   -0.72 (VIOLATED)
_2675_/S                                0.70    1.42   -0.72 (VIOLATED)
_2606_/A1                               0.70    1.42   -0.72 (VIOLATED)
_2612_/A1                               0.70    1.42   -0.72 (VIOLATED)
_2749_/A1                               0.70    1.42   -0.72 (VIOLATED)
_2748_/B                                0.70    1.42   -0.72 (VIOLATED)
_2690_/A                                0.70    1.42   -0.72 (VIOLATED)
_2776_/S                                0.70    1.42   -0.72 (VIOLATED)
_2611_/A                                0.70    1.42   -0.72 (VIOLATED)
_2549_/A                                0.70    1.42   -0.72 (VIOLATED)
_2550_/A1                               0.70    1.42   -0.72 (VIOLATED)
_2691_/A1                               0.70    1.42   -0.72 (VIOLATED)
_2781_/S                                0.70    1.42   -0.72 (VIOLATED)
_2700_/A                                0.70    1.42   -0.72 (VIOLATED)
_2701_/A1                               0.70    1.42   -0.72 (VIOLATED)
_2566_/A                                0.70    1.42   -0.72 (VIOLATED)
_2567_/A1                               0.70    1.42   -0.72 (VIOLATED)
_2687_/A1                               0.70    1.42   -0.72 (VIOLATED)
_2775_/S                                0.70    1.42   -0.72 (VIOLATED)
_2543_/A                                0.70    1.42   -0.72 (VIOLATED)
_2544_/A1                               0.70    1.42   -0.72 (VIOLATED)
_2686_/A                                0.70    1.42   -0.72 (VIOLATED)
_2618_/A1                               0.70    1.42   -0.72 (VIOLATED)
_2746_/B                                0.70    1.42   -0.72 (VIOLATED)
_2747_/A1                               0.70    1.42   -0.72 (VIOLATED)
_2467_/S                                0.70    1.42   -0.72 (VIOLATED)
_2640_/S                                0.70    1.42   -0.72 (VIOLATED)
place49/X                               0.70    1.42   -0.72 (VIOLATED)
_1901_/Y                                0.70    1.42   -0.72 (VIOLATED)
_1903_/B                                0.70    1.42   -0.72 (VIOLATED)
_2078_/A                                0.70    1.42   -0.72 (VIOLATED)
_2348_/A1                               0.70    1.42   -0.72 (VIOLATED)
_2355_/A2                               0.70    1.42   -0.72 (VIOLATED)
_1591_/Y                                0.70    1.42   -0.72 (VIOLATED)
_1593_/A2                               0.70    1.42   -0.72 (VIOLATED)
_2298_/A                                0.70    1.42   -0.72 (VIOLATED)
_2551_/A                                0.70    1.42   -0.72 (VIOLATED)
_2553_/A                                0.70    1.42   -0.72 (VIOLATED)
_2692_/A                                0.70    1.42   -0.72 (VIOLATED)
_1467_/Y                                0.70    1.41   -0.71 (VIOLATED)
_1470_/A2                               0.70    1.41   -0.71 (VIOLATED)
_2237_/A                                0.70    1.41   -0.71 (VIOLATED)
_2431_/A                                0.70    1.41   -0.71 (VIOLATED)
_2438_/A                                0.70    1.41   -0.71 (VIOLATED)
_2628_/A                                0.70    1.41   -0.71 (VIOLATED)
_2597_/Y                                0.70    1.40   -0.70 (VIOLATED)
_2598_/B                                0.70    1.40   -0.70 (VIOLATED)
_3274_/A2                               0.70    1.40   -0.70 (VIOLATED)
_1440_/Y                                0.70    1.40   -0.70 (VIOLATED)
_1441_/C                                0.70    1.40   -0.70 (VIOLATED)
_2372_/A2                               0.70    1.40   -0.70 (VIOLATED)
_2377_/B                                0.70    1.40   -0.70 (VIOLATED)
_2380_/A2                               0.70    1.40   -0.70 (VIOLATED)
_2381_/A2                               0.70    1.40   -0.70 (VIOLATED)
_2428_/A                                0.70    1.40   -0.70 (VIOLATED)
_3149_/A                                0.70    1.40   -0.70 (VIOLATED)
_1599_/Y                                0.70    1.39   -0.69 (VIOLATED)
_1601_/A2                               0.70    1.39   -0.69 (VIOLATED)
_2304_/A                                0.70    1.39   -0.69 (VIOLATED)
_2562_/A                                0.70    1.39   -0.69 (VIOLATED)
_2565_/A1                               0.70    1.39   -0.69 (VIOLATED)
_2699_/A1                               0.70    1.39   -0.69 (VIOLATED)
_2591_/Y                                0.70    1.39   -0.69 (VIOLATED)
_2592_/B                                0.70    1.39   -0.69 (VIOLATED)
_3268_/B                                0.70    1.39   -0.69 (VIOLATED)
_1840_/Y                                0.70    1.37   -0.67 (VIOLATED)
_1841_/C                                0.70    1.37   -0.67 (VIOLATED)
_1580_/Y                                0.70    1.37   -0.67 (VIOLATED)
_1583_/A2                               0.70    1.37   -0.67 (VIOLATED)
_2292_/A                                0.70    1.37   -0.67 (VIOLATED)
_2539_/A                                0.70    1.37   -0.67 (VIOLATED)
_2542_/A1                               0.70    1.37   -0.67 (VIOLATED)
_2685_/A1                               0.70    1.37   -0.67 (VIOLATED)
_2842_/Y                                0.70    1.37   -0.67 (VIOLATED)
_2845_/A0                               0.70    1.37   -0.67 (VIOLATED)
_3213_/B1                               0.70    1.37   -0.67 (VIOLATED)
_1661_/Y                                0.70    1.36   -0.66 (VIOLATED)
_1662_/B                                0.70    1.36   -0.66 (VIOLATED)
_2070_/A                                0.70    1.36   -0.66 (VIOLATED)
_2210_/A2                               0.70    1.36   -0.66 (VIOLATED)
_3214_/Y                                0.70    1.35   -0.65 (VIOLATED)
_3215_/B1                               0.70    1.35   -0.65 (VIOLATED)
_3248_/Y                                0.70    1.33   -0.63 (VIOLATED)
_3249_/B1                               0.70    1.33   -0.63 (VIOLATED)
_2852_/Y                                0.70    1.33   -0.63 (VIOLATED)
_2854_/A0                               0.70    1.33   -0.63 (VIOLATED)
_3220_/B1                               0.70    1.33   -0.63 (VIOLATED)
_2542_/Y                                0.70    1.32   -0.62 (VIOLATED)
_2543_/B                                0.70    1.32   -0.62 (VIOLATED)
_3238_/B1                               0.70    1.32   -0.62 (VIOLATED)
_2812_/S                                0.70    1.32   -0.62 (VIOLATED)
_2797_/S                                0.70    1.32   -0.62 (VIOLATED)
_2820_/A2                               0.70    1.32   -0.62 (VIOLATED)
_2819_/B                                0.70    1.32   -0.62 (VIOLATED)
_2929_/B                                0.70    1.32   -0.62 (VIOLATED)
_2852_/S                                0.70    1.32   -0.62 (VIOLATED)
_2815_/S                                0.70    1.32   -0.62 (VIOLATED)
_2849_/S                                0.70    1.32   -0.62 (VIOLATED)
_2824_/S                                0.70    1.32   -0.62 (VIOLATED)
_2930_/A2                               0.70    1.32   -0.62 (VIOLATED)
_2827_/S                                0.70    1.32   -0.62 (VIOLATED)
_2858_/B                                0.70    1.32   -0.62 (VIOLATED)
_2889_/S                                0.70    1.32   -0.62 (VIOLATED)
_2859_/A2                               0.70    1.32   -0.62 (VIOLATED)
_2902_/S                                0.70    1.32   -0.62 (VIOLATED)
_2807_/S                                0.70    1.32   -0.62 (VIOLATED)
_2897_/B                                0.70    1.32   -0.62 (VIOLATED)
_2898_/A2                               0.70    1.32   -0.62 (VIOLATED)
_3170_/S                                0.70    1.32   -0.62 (VIOLATED)
_2855_/S                                0.70    1.32   -0.62 (VIOLATED)
_2892_/B                                0.70    1.32   -0.62 (VIOLATED)
_2893_/A2                               0.70    1.32   -0.62 (VIOLATED)
_2911_/A2                               0.70    1.32   -0.62 (VIOLATED)
_2905_/B                                0.70    1.32   -0.62 (VIOLATED)
_2906_/A2                               0.70    1.32   -0.62 (VIOLATED)
_2910_/B                                0.70    1.32   -0.62 (VIOLATED)
_2915_/S                                0.70    1.32   -0.62 (VIOLATED)
_2918_/B                                0.70    1.32   -0.62 (VIOLATED)
_2919_/A2                               0.70    1.32   -0.62 (VIOLATED)
place60/X                               0.70    1.32   -0.62 (VIOLATED)
_2855_/Y                                0.70    1.32   -0.62 (VIOLATED)
_2857_/A0                               0.70    1.32   -0.62 (VIOLATED)
_3227_/A2                               0.70    1.32   -0.62 (VIOLATED)
_1437_/B                                0.70    1.31   -0.61 (VIOLATED)
_1449_/A_N                              0.70    1.31   -0.61 (VIOLATED)
_1450_/B                                0.70    1.31   -0.61 (VIOLATED)
_1455_/B                                0.70    1.31   -0.61 (VIOLATED)
_1459_/A_N                              0.70    1.31   -0.61 (VIOLATED)
_1473_/B                                0.70    1.31   -0.61 (VIOLATED)
_1475_/B                                0.70    1.31   -0.61 (VIOLATED)
_1481_/B                                0.70    1.31   -0.61 (VIOLATED)
_1489_/B                                0.70    1.31   -0.61 (VIOLATED)
_1496_/A                                0.70    1.31   -0.61 (VIOLATED)
_1498_/A                                0.70    1.31   -0.61 (VIOLATED)
_1503_/C_N                              0.70    1.31   -0.61 (VIOLATED)
_1505_/C_N                              0.70    1.31   -0.61 (VIOLATED)
_1516_/B                                0.70    1.31   -0.61 (VIOLATED)
_2344_/A1                               0.70    1.31   -0.61 (VIOLATED)
_2346_/A1                               0.70    1.31   -0.61 (VIOLATED)
_2347_/A1                               0.70    1.31   -0.61 (VIOLATED)
_3483_/Q                                0.70    1.31   -0.61 (VIOLATED)
_1595_/Y                                0.70    1.30   -0.60 (VIOLATED)
_1597_/A2                               0.70    1.30   -0.60 (VIOLATED)
_2301_/A                                0.70    1.30   -0.60 (VIOLATED)
_2557_/A                                0.70    1.30   -0.60 (VIOLATED)
_2559_/A                                0.70    1.30   -0.60 (VIOLATED)
_2695_/A                                0.70    1.30   -0.60 (VIOLATED)
_2869_/Y                                0.70    1.30   -0.60 (VIOLATED)
_2871_/A0                               0.70    1.30   -0.60 (VIOLATED)
_3240_/A2                               0.70    1.30   -0.60 (VIOLATED)
_2636_/A2                               0.70    1.30   -0.60 (VIOLATED)
_2635_/B                                0.70    1.30   -0.60 (VIOLATED)
_2664_/B                                0.70    1.30   -0.60 (VIOLATED)
_2665_/A2                               0.70    1.30   -0.60 (VIOLATED)
_2715_/B                                0.70    1.30   -0.60 (VIOLATED)
_2716_/A2                               0.70    1.30   -0.60 (VIOLATED)
_2723_/B                                0.70    1.30   -0.60 (VIOLATED)
_2724_/A2                               0.70    1.30   -0.60 (VIOLATED)
_2732_/A2                               0.70    1.30   -0.60 (VIOLATED)
_2702_/B                                0.70    1.30   -0.60 (VIOLATED)
_2703_/A2                               0.70    1.30   -0.60 (VIOLATED)
_2731_/B                                0.70    1.30   -0.60 (VIOLATED)
_2712_/A2                               0.70    1.30   -0.60 (VIOLATED)
_2727_/B                                0.70    1.30   -0.60 (VIOLATED)
_2728_/A2                               0.70    1.30   -0.60 (VIOLATED)
_2711_/B                                0.70    1.30   -0.60 (VIOLATED)
_2720_/A2                               0.70    1.30   -0.60 (VIOLATED)
_2719_/B                                0.70    1.30   -0.60 (VIOLATED)
_2688_/B                                0.70    1.30   -0.60 (VIOLATED)
_2698_/B                                0.70    1.30   -0.60 (VIOLATED)
_2689_/A2                               0.70    1.30   -0.60 (VIOLATED)
_2735_/B                                0.70    1.30   -0.60 (VIOLATED)
_2736_/A2                               0.70    1.30   -0.60 (VIOLATED)
_2632_/B                                0.70    1.30   -0.60 (VIOLATED)
_2633_/A2                               0.70    1.30   -0.60 (VIOLATED)
_2646_/B                                0.70    1.30   -0.60 (VIOLATED)
_2647_/A2                               0.70    1.30   -0.60 (VIOLATED)
_2649_/B                                0.70    1.30   -0.60 (VIOLATED)
_2650_/A2                               0.70    1.30   -0.60 (VIOLATED)
_2673_/B                                0.70    1.30   -0.60 (VIOLATED)
_3165_/A                                0.70    1.30   -0.60 (VIOLATED)
_3166_/A2                               0.70    1.30   -0.60 (VIOLATED)
_2643_/B                                0.70    1.30   -0.60 (VIOLATED)
_2644_/A2                               0.70    1.30   -0.60 (VIOLATED)
_2674_/A2                               0.70    1.30   -0.60 (VIOLATED)
_2706_/B                                0.70    1.30   -0.60 (VIOLATED)
_2707_/A2                               0.70    1.30   -0.60 (VIOLATED)
_2699_/A2                               0.70    1.30   -0.60 (VIOLATED)
_2684_/B                                0.70    1.30   -0.60 (VIOLATED)
_2685_/A2                               0.70    1.30   -0.60 (VIOLATED)
place70/X                               0.70    1.30   -0.60 (VIOLATED)
_3210_/Y                                0.70    1.30   -0.60 (VIOLATED)
_3211_/B1                               0.70    1.30   -0.60 (VIOLATED)
_1644_/X                                0.70    1.30   -0.60 (VIOLATED)
_1645_/A                                0.70    1.30   -0.60 (VIOLATED)
_2075_/B                                0.70    1.30   -0.60 (VIOLATED)
_2187_/B                                0.70    1.30   -0.60 (VIOLATED)
_2188_/A1                               0.70    1.30   -0.60 (VIOLATED)
_2191_/A2                               0.70    1.30   -0.60 (VIOLATED)
_2192_/A1                               0.70    1.30   -0.60 (VIOLATED)
_2209_/A                                0.70    1.30   -0.60 (VIOLATED)
_2210_/A1                               0.70    1.30   -0.60 (VIOLATED)
_2211_/A1                               0.70    1.30   -0.60 (VIOLATED)
_2399_/B                                0.70    1.30   -0.60 (VIOLATED)
_2404_/A1                               0.70    1.30   -0.60 (VIOLATED)
_2405_/A2                               0.70    1.30   -0.60 (VIOLATED)
_3070_/Y                                0.70    1.30   -0.60 (VIOLATED)
_3071_/B                                0.70    1.30   -0.60 (VIOLATED)
_2384_/Y                                0.70    1.29   -0.59 (VIOLATED)
_2385_/B                                0.70    1.29   -0.59 (VIOLATED)
_2441_/A                                0.70    1.29   -0.59 (VIOLATED)
_3185_/A                                0.70    1.29   -0.59 (VIOLATED)
_2464_/Y                                0.70    1.29   -0.59 (VIOLATED)
_2467_/A0                               0.70    1.29   -0.59 (VIOLATED)
_3201_/A2                               0.70    1.29   -0.59 (VIOLATED)
_2189_/A2                               0.70    1.28   -0.58 (VIOLATED)
_2401_/B                                0.70    1.28   -0.58 (VIOLATED)
_2406_/B                                0.70    1.28   -0.58 (VIOLATED)
_1965_/A2                               0.70    1.28   -0.58 (VIOLATED)
_1984_/A2                               0.70    1.28   -0.58 (VIOLATED)
_1958_/B1                               0.70    1.28   -0.58 (VIOLATED)
_1960_/B1                               0.70    1.28   -0.58 (VIOLATED)
_1978_/A2                               0.70    1.28   -0.58 (VIOLATED)
_2798_/B                                0.70    1.28   -0.58 (VIOLATED)
_1997_/A2                               0.70    1.28   -0.58 (VIOLATED)
_1987_/B                                0.70    1.28   -0.58 (VIOLATED)
_1992_/A2                               0.70    1.28   -0.58 (VIOLATED)
_1968_/A2                               0.70    1.28   -0.58 (VIOLATED)
_1971_/A2                               0.70    1.28   -0.58 (VIOLATED)
_1981_/A2                               0.70    1.28   -0.58 (VIOLATED)
_1973_/B                                0.70    1.28   -0.58 (VIOLATED)
_1666_/A                                0.70    1.28   -0.58 (VIOLATED)
_2212_/B1                               0.70    1.28   -0.58 (VIOLATED)
_2193_/A2                               0.70    1.28   -0.58 (VIOLATED)
_2197_/A2                               0.70    1.28   -0.58 (VIOLATED)
_2201_/A2                               0.70    1.28   -0.58 (VIOLATED)
_1953_/A2                               0.70    1.28   -0.58 (VIOLATED)
_1956_/A2                               0.70    1.28   -0.58 (VIOLATED)
_3146_/A2                               0.70    1.28   -0.58 (VIOLATED)
_1949_/A2                               0.70    1.28   -0.58 (VIOLATED)
_1916_/A2                               0.70    1.28   -0.58 (VIOLATED)
_3132_/A2                               0.70    1.28   -0.58 (VIOLATED)
_1896_/A2                               0.70    1.28   -0.58 (VIOLATED)
_1902_/C1                               0.70    1.28   -0.58 (VIOLATED)
_3135_/A2                               0.70    1.28   -0.58 (VIOLATED)
_1898_/B                                0.70    1.28   -0.58 (VIOLATED)
_1887_/A2                               0.70    1.28   -0.58 (VIOLATED)
_1901_/A                                0.70    1.28   -0.58 (VIOLATED)
_3121_/B                                0.70    1.28   -0.58 (VIOLATED)
_1893_/A2                               0.70    1.28   -0.58 (VIOLATED)
_1890_/B1                               0.70    1.28   -0.58 (VIOLATED)
_1882_/B                                0.70    1.28   -0.58 (VIOLATED)
_1879_/A2                               0.70    1.28   -0.58 (VIOLATED)
_1774_/B                                0.70    1.28   -0.58 (VIOLATED)
_1776_/B                                0.70    1.28   -0.58 (VIOLATED)
_1777_/B                                0.70    1.28   -0.58 (VIOLATED)
_1780_/B                                0.70    1.28   -0.58 (VIOLATED)
_1782_/B                                0.70    1.28   -0.58 (VIOLATED)
_1783_/B                                0.70    1.28   -0.58 (VIOLATED)
_1778_/B                                0.70    1.28   -0.58 (VIOLATED)
_1779_/B                                0.70    1.28   -0.58 (VIOLATED)
_3126_/B                                0.70    1.28   -0.58 (VIOLATED)
_1869_/A2                               0.70    1.28   -0.58 (VIOLATED)
_1874_/A2                               0.70    1.28   -0.58 (VIOLATED)
_2037_/B                                0.70    1.28   -0.58 (VIOLATED)
_2030_/A2                               0.70    1.28   -0.58 (VIOLATED)
_2035_/B1                               0.70    1.28   -0.58 (VIOLATED)
_2046_/A2                               0.70    1.28   -0.58 (VIOLATED)
_3139_/A2                               0.70    1.28   -0.58 (VIOLATED)
_2012_/A2                               0.70    1.28   -0.58 (VIOLATED)
_2020_/A2                               0.70    1.28   -0.58 (VIOLATED)
_2025_/A2                               0.70    1.28   -0.58 (VIOLATED)
_2565_/Y                                0.70    1.28   -0.58 (VIOLATED)
_2566_/B                                0.70    1.28   -0.58 (VIOLATED)
_3254_/A2                               0.70    1.28   -0.58 (VIOLATED)
_2271_/A2                               0.70    1.28   -0.58 (VIOLATED)
_2265_/A2                               0.70    1.28   -0.58 (VIOLATED)
_2290_/A2                               0.70    1.28   -0.58 (VIOLATED)
_2261_/A2                               0.70    1.28   -0.58 (VIOLATED)
_2238_/A2                               0.70    1.28   -0.58 (VIOLATED)
_2249_/A2                               0.70    1.28   -0.58 (VIOLATED)
_2299_/A2                               0.70    1.28   -0.58 (VIOLATED)
_2287_/A2                               0.70    1.28   -0.58 (VIOLATED)
_2302_/A2                               0.70    1.28   -0.58 (VIOLATED)
_2252_/A2                               0.70    1.28   -0.58 (VIOLATED)
_2268_/A2                               0.70    1.28   -0.58 (VIOLATED)
_2341_/A                                0.70    1.28   -0.58 (VIOLATED)
_2310_/B                                0.70    1.28   -0.58 (VIOLATED)
_2338_/A                                0.70    1.28   -0.58 (VIOLATED)
_2335_/A                                0.70    1.28   -0.58 (VIOLATED)
_2315_/A2                               0.70    1.28   -0.58 (VIOLATED)
_2324_/A2                               0.70    1.28   -0.58 (VIOLATED)
_2274_/A2                               0.70    1.28   -0.58 (VIOLATED)
_2277_/A2                               0.70    1.28   -0.58 (VIOLATED)
_2281_/A2                               0.70    1.28   -0.58 (VIOLATED)
_2327_/A2                               0.70    1.28   -0.58 (VIOLATED)
_2321_/A2                               0.70    1.28   -0.58 (VIOLATED)
_2318_/A2                               0.70    1.28   -0.58 (VIOLATED)
_2330_/A2                               0.70    1.28   -0.58 (VIOLATED)
_2308_/A2                               0.70    1.28   -0.58 (VIOLATED)
_1440_/A                                0.70    1.28   -0.58 (VIOLATED)
_2246_/A2                               0.70    1.28   -0.58 (VIOLATED)
_2296_/A2                               0.70    1.28   -0.58 (VIOLATED)
_2242_/A2                               0.70    1.28   -0.58 (VIOLATED)
_2255_/A2                               0.70    1.28   -0.58 (VIOLATED)
_2284_/A2                               0.70    1.28   -0.58 (VIOLATED)
_2293_/A2                               0.70    1.28   -0.58 (VIOLATED)
_2305_/A2                               0.70    1.28   -0.58 (VIOLATED)
_2333_/A2                               0.70    1.28   -0.58 (VIOLATED)
_2258_/A2                               0.70    1.28   -0.58 (VIOLATED)
place87/X                               0.70    1.28   -0.58 (VIOLATED)
_1520_/C                                0.70    1.27   -0.57 (VIOLATED)
_1523_/A                                0.70    1.27   -0.57 (VIOLATED)
_1527_/C                                0.70    1.27   -0.57 (VIOLATED)
_1531_/A                                0.70    1.27   -0.57 (VIOLATED)
_1542_/B                                0.70    1.27   -0.57 (VIOLATED)
_1548_/A                                0.70    1.27   -0.57 (VIOLATED)
_1552_/B                                0.70    1.27   -0.57 (VIOLATED)
_1535_/B                                0.70    1.27   -0.57 (VIOLATED)
_1537_/A                                0.70    1.27   -0.57 (VIOLATED)
_1554_/A                                0.70    1.27   -0.57 (VIOLATED)
_1558_/B                                0.70    1.27   -0.57 (VIOLATED)
_1560_/A                                0.70    1.27   -0.57 (VIOLATED)
_1518_/Y                                0.70    1.27   -0.57 (VIOLATED)
_1465_/B                                0.70    1.26   -0.56 (VIOLATED)
_1476_/A                                0.70    1.26   -0.56 (VIOLATED)
_1484_/A                                0.70    1.26   -0.56 (VIOLATED)
_1492_/C                                0.70    1.26   -0.56 (VIOLATED)
_1506_/A                                0.70    1.26   -0.56 (VIOLATED)
_1622_/A                                0.70    1.26   -0.56 (VIOLATED)
_1499_/A                                0.70    1.26   -0.56 (VIOLATED)
_1521_/B                                0.70    1.26   -0.56 (VIOLATED)
_1570_/B                                0.70    1.26   -0.56 (VIOLATED)
_1461_/Y                                0.70    1.26   -0.56 (VIOLATED)
_1512_/A                                0.70    1.26   -0.56 (VIOLATED)
_1570_/Y                                0.70    1.26   -0.56 (VIOLATED)
_1572_/A2                               0.70    1.26   -0.56 (VIOLATED)
_3153_/B2                               0.70    1.26   -0.56 (VIOLATED)
_3073_/Y                                0.70    1.26   -0.56 (VIOLATED)
_3074_/B                                0.70    1.26   -0.56 (VIOLATED)
_2459_/B                                0.70    1.25   -0.55 (VIOLATED)
_2460_/A2                               0.70    1.25   -0.55 (VIOLATED)
_2570_/B                                0.70    1.25   -0.55 (VIOLATED)
_2509_/B                                0.70    1.25   -0.55 (VIOLATED)
_2510_/A2                               0.70    1.25   -0.55 (VIOLATED)
_2588_/B                                0.70    1.25   -0.55 (VIOLATED)
_2589_/A2                               0.70    1.25   -0.55 (VIOLATED)
_2571_/A2                               0.70    1.25   -0.55 (VIOLATED)
_2582_/B                                0.70    1.25   -0.55 (VIOLATED)
_2583_/A2                               0.70    1.25   -0.55 (VIOLATED)
_2594_/B                                0.70    1.25   -0.55 (VIOLATED)
_2604_/B                                0.70    1.25   -0.55 (VIOLATED)
_2607_/B                                0.70    1.25   -0.55 (VIOLATED)
_2608_/A2                               0.70    1.25   -0.55 (VIOLATED)
_2616_/B                                0.70    1.25   -0.55 (VIOLATED)
_2595_/A2                               0.70    1.25   -0.55 (VIOLATED)
_2546_/A2                               0.70    1.25   -0.55 (VIOLATED)
_2621_/B                                0.70    1.25   -0.55 (VIOLATED)
_2622_/A2                               0.70    1.25   -0.55 (VIOLATED)
_2452_/B                                0.70    1.25   -0.55 (VIOLATED)
_2453_/A2                               0.70    1.25   -0.55 (VIOLATED)
_2476_/B                                0.70    1.25   -0.55 (VIOLATED)
_2545_/B                                0.70    1.25   -0.55 (VIOLATED)
_2477_/A2                               0.70    1.25   -0.55 (VIOLATED)
_2483_/B                                0.70    1.25   -0.55 (VIOLATED)
_2484_/A2                               0.70    1.25   -0.55 (VIOLATED)
_3162_/A                                0.70    1.25   -0.55 (VIOLATED)
_3163_/A2                               0.70    1.25   -0.55 (VIOLATED)
_2562_/B                                0.70    1.25   -0.55 (VIOLATED)
_2524_/B                                0.70    1.25   -0.55 (VIOLATED)
_2563_/A2                               0.70    1.25   -0.55 (VIOLATED)
_2525_/A2                               0.70    1.25   -0.55 (VIOLATED)
_2471_/B                                0.70    1.25   -0.55 (VIOLATED)
_2472_/A2                               0.70    1.25   -0.55 (VIOLATED)
_2579_/B                                0.70    1.25   -0.55 (VIOLATED)
_2539_/B                                0.70    1.25   -0.55 (VIOLATED)
_2540_/A2                               0.70    1.25   -0.55 (VIOLATED)
place64/X                               0.70    1.25   -0.55 (VIOLATED)
_2432_/Y                                0.70    1.25   -0.55 (VIOLATED)
_2446_/A0                               0.70    1.25   -0.55 (VIOLATED)
_3191_/A2                               0.70    1.25   -0.55 (VIOLATED)
_3210_/A1                               0.70    1.25   -0.55 (VIOLATED)
_3244_/A1                               0.70    1.25   -0.55 (VIOLATED)
_3214_/A1                               0.70    1.25   -0.55 (VIOLATED)
_3224_/A1                               0.70    1.25   -0.55 (VIOLATED)
_3235_/A1                               0.70    1.25   -0.55 (VIOLATED)
_3248_/A1                               0.70    1.25   -0.55 (VIOLATED)
_3287_/A                                0.70    1.25   -0.55 (VIOLATED)
_3185_/Y                                0.70    1.25   -0.55 (VIOLATED)
_3191_/A1                               0.70    1.25   -0.55 (VIOLATED)
_3198_/A1                               0.70    1.25   -0.55 (VIOLATED)
_3202_/A1                               0.70    1.25   -0.55 (VIOLATED)
_3228_/A1                               0.70    1.25   -0.55 (VIOLATED)
_3278_/A1                               0.70    1.25   -0.55 (VIOLATED)
_2106_/B                                0.70    1.24   -0.54 (VIOLATED)
_2109_/B                                0.70    1.24   -0.54 (VIOLATED)
_2129_/B                                0.70    1.24   -0.54 (VIOLATED)
_2132_/B                                0.70    1.24   -0.54 (VIOLATED)
_2135_/B2                               0.70    1.24   -0.54 (VIOLATED)
_2171_/B2                               0.70    1.24   -0.54 (VIOLATED)
_2093_/B                                0.70    1.24   -0.54 (VIOLATED)
_2096_/B                                0.70    1.24   -0.54 (VIOLATED)
_2077_/B                                0.70    1.24   -0.54 (VIOLATED)
_2089_/B                                0.70    1.24   -0.54 (VIOLATED)
_3142_/B                                0.70    1.24   -0.54 (VIOLATED)
_2103_/B2                               0.70    1.24   -0.54 (VIOLATED)
_2165_/B                                0.70    1.24   -0.54 (VIOLATED)
_2168_/B2                               0.70    1.24   -0.54 (VIOLATED)
_2116_/B2                               0.70    1.24   -0.54 (VIOLATED)
_2119_/B                                0.70    1.24   -0.54 (VIOLATED)
_2122_/B                                0.70    1.24   -0.54 (VIOLATED)
_2126_/B                                0.70    1.24   -0.54 (VIOLATED)
_2144_/B                                0.70    1.24   -0.54 (VIOLATED)
_2147_/B2                               0.70    1.24   -0.54 (VIOLATED)
_2141_/B                                0.70    1.24   -0.54 (VIOLATED)
_2162_/B2                               0.70    1.24   -0.54 (VIOLATED)
_2138_/B                                0.70    1.24   -0.54 (VIOLATED)
_2159_/B2                               0.70    1.24   -0.54 (VIOLATED)
_2113_/B2                               0.70    1.24   -0.54 (VIOLATED)
_2150_/B2                               0.70    1.24   -0.54 (VIOLATED)
_2156_/B                                0.70    1.24   -0.54 (VIOLATED)
_2177_/B2                               0.70    1.24   -0.54 (VIOLATED)
_2153_/B2                               0.70    1.24   -0.54 (VIOLATED)
_2180_/B2                               0.70    1.24   -0.54 (VIOLATED)
_2183_/A                                0.70    1.24   -0.54 (VIOLATED)
_2209_/B                                0.70    1.24   -0.54 (VIOLATED)
_2404_/A2                               0.70    1.24   -0.54 (VIOLATED)
_2405_/A3                               0.70    1.24   -0.54 (VIOLATED)
place66/X                               0.70    1.24   -0.54 (VIOLATED)
_2585_/Y                                0.70    1.23   -0.53 (VIOLATED)
_2586_/B                                0.70    1.23   -0.53 (VIOLATED)
_3265_/A2                               0.70    1.23   -0.53 (VIOLATED)
_3099_/Y                                0.70    1.23   -0.53 (VIOLATED)
_3100_/B                                0.70    1.23   -0.53 (VIOLATED)
_2411_/Y                                0.70    1.23   -0.53 (VIOLATED)
_2412_/B                                0.70    1.23   -0.53 (VIOLATED)
_2419_/B1                               0.70    1.23   -0.53 (VIOLATED)
_3159_/A1                               0.70    1.23   -0.53 (VIOLATED)
_2620_/Y                                0.70    1.22   -0.52 (VIOLATED)
_2624_/A2                               0.70    1.22   -0.52 (VIOLATED)
_3294_/A2                               0.70    1.22   -0.52 (VIOLATED)
_2915_/Y                                0.70    1.22   -0.52 (VIOLATED)
_2917_/A0                               0.70    1.22   -0.52 (VIOLATED)
_3278_/B1                               0.70    1.22   -0.52 (VIOLATED)
_3075_/Y                                0.70    1.22   -0.52 (VIOLATED)
_3076_/B                                0.70    1.22   -0.52 (VIOLATED)
_2863_/Y                                0.70    1.21   -0.51 (VIOLATED)
_2865_/A0                               0.70    1.21   -0.51 (VIOLATED)
_3234_/B1                               0.70    1.21   -0.51 (VIOLATED)
_2241_/B                                0.70    1.21   -0.51 (VIOLATED)
_2245_/B                                0.70    1.21   -0.51 (VIOLATED)
_2295_/B                                0.70    1.21   -0.51 (VIOLATED)
_2254_/B                                0.70    1.21   -0.51 (VIOLATED)
_2307_/B                                0.70    1.21   -0.51 (VIOLATED)
_2292_/B                                0.70    1.21   -0.51 (VIOLATED)
_2304_/B                                0.70    1.21   -0.51 (VIOLATED)
_2332_/B                                0.70    1.21   -0.51 (VIOLATED)
_2283_/B                                0.70    1.21   -0.51 (VIOLATED)
_2235_/Y                                0.70    1.21   -0.51 (VIOLATED)
_2257_/B                                0.70    1.21   -0.51 (VIOLATED)
_2286_/B                                0.70    1.21   -0.51 (VIOLATED)
place72/A                               0.70    1.21   -0.51 (VIOLATED)
_1847_/Y                                0.70    1.21   -0.51 (VIOLATED)
_1848_/C1                               0.70    1.21   -0.51 (VIOLATED)
_1814_/Y                                0.70    1.21   -0.51 (VIOLATED)
_1815_/D                                0.70    1.21   -0.51 (VIOLATED)
_1986_/A3                               0.70    1.21   -0.51 (VIOLATED)
_1990_/B                                0.70    1.21   -0.51 (VIOLATED)
_1994_/B                                0.70    1.21   -0.51 (VIOLATED)
_2827_/Y                                0.70    1.21   -0.51 (VIOLATED)
_2829_/A0                               0.70    1.21   -0.51 (VIOLATED)
_3207_/B1                               0.70    1.21   -0.51 (VIOLATED)
_1761_/Y                                0.70    1.19   -0.49 (VIOLATED)
_1763_/A2                               0.70    1.19   -0.49 (VIOLATED)
_2929_/A                                0.70    1.19   -0.49 (VIOLATED)
_3015_/A                                0.70    1.19   -0.49 (VIOLATED)
_2402_/Y                                0.70    1.19   -0.49 (VIOLATED)
_2403_/B                                0.70    1.19   -0.49 (VIOLATED)
_2411_/A1                               0.70    1.19   -0.49 (VIOLATED)
_3191_/B2                               0.70    1.18   -0.48 (VIOLATED)
_3228_/B2                               0.70    1.18   -0.48 (VIOLATED)
_3198_/B2                               0.70    1.18   -0.48 (VIOLATED)
_3202_/B2                               0.70    1.18   -0.48 (VIOLATED)
_3295_/A1                               0.70    1.18   -0.48 (VIOLATED)
_3214_/B2                               0.70    1.18   -0.48 (VIOLATED)
_3248_/B2                               0.70    1.18   -0.48 (VIOLATED)
_3278_/B2                               0.70    1.18   -0.48 (VIOLATED)
_3187_/Y                                0.70    1.18   -0.48 (VIOLATED)
_3210_/B2                               0.70    1.18   -0.48 (VIOLATED)
_3244_/B2                               0.70    1.18   -0.48 (VIOLATED)
_3077_/Y                                0.70    1.18   -0.48 (VIOLATED)
_3078_/B                                0.70    1.18   -0.48 (VIOLATED)
_2450_/Y                                0.70    1.17   -0.47 (VIOLATED)
_2455_/A0                               0.70    1.17   -0.47 (VIOLATED)
_3196_/A2                               0.70    1.17   -0.47 (VIOLATED)
_3225_/Y                                0.70    1.17   -0.47 (VIOLATED)
_3227_/B1                               0.70    1.17   -0.47 (VIOLATED)
_3117_/Y                                0.70    1.17   -0.47 (VIOLATED)
_3118_/B                                0.70    1.17   -0.47 (VIOLATED)
_3097_/Y                                0.70    1.17   -0.47 (VIOLATED)
_3098_/B                                0.70    1.17   -0.47 (VIOLATED)
_2368_/Y                                0.70    1.17   -0.47 (VIOLATED)
_2369_/A3                               0.70    1.17   -0.47 (VIOLATED)
_2405_/B1                               0.70    1.17   -0.47 (VIOLATED)
_1476_/Y                                0.70    1.17   -0.47 (VIOLATED)
_1477_/B1                               0.70    1.17   -0.47 (VIOLATED)
_1580_/A1                               0.70    1.17   -0.47 (VIOLATED)
_1838_/Y                                0.70    1.16   -0.46 (VIOLATED)
_1839_/D                                0.70    1.16   -0.46 (VIOLATED)
_2427_/Y                                0.70    1.16   -0.46 (VIOLATED)
_2428_/B                                0.70    1.16   -0.46 (VIOLATED)
_3051_/A0                               0.70    1.16   -0.46 (VIOLATED)
_2364_/Y                                0.70    1.15   -0.45 (VIOLATED)
_2366_/B                                0.70    1.15   -0.45 (VIOLATED)
_2227_/Y                                0.70    1.15   -0.45 (VIOLATED)
_3438_/D                                0.70    1.15   -0.45 (VIOLATED)
_2866_/Y                                0.70    1.14   -0.44 (VIOLATED)
_2868_/A0                               0.70    1.14   -0.44 (VIOLATED)
_3237_/A2                               0.70    1.14   -0.44 (VIOLATED)
_2577_/Y                                0.70    1.14   -0.44 (VIOLATED)
_2578_/B                                0.70    1.14   -0.44 (VIOLATED)
_2603_/B                                0.70    1.14   -0.44 (VIOLATED)
_2615_/B                                0.70    1.14   -0.44 (VIOLATED)
_2007_/Y                                0.70    1.14   -0.44 (VIOLATED)
_2008_/D                                0.70    1.14   -0.44 (VIOLATED)
_2015_/B                                0.70    1.14   -0.44 (VIOLATED)
_2027_/B                                0.70    1.14   -0.44 (VIOLATED)
_2034_/A1                               0.70    1.14   -0.44 (VIOLATED)
_2859_/Y                                0.70    1.13   -0.43 (VIOLATED)
_2862_/A0                               0.70    1.13   -0.43 (VIOLATED)
_3228_/B1                               0.70    1.13   -0.43 (VIOLATED)
_1437_/A                                0.70    1.13   -0.43 (VIOLATED)
_1449_/C                                0.70    1.13   -0.43 (VIOLATED)
_1450_/A                                0.70    1.13   -0.43 (VIOLATED)
_1455_/A                                0.70    1.13   -0.43 (VIOLATED)
_1459_/C                                0.70    1.13   -0.43 (VIOLATED)
_1473_/A_N                              0.70    1.13   -0.43 (VIOLATED)
_1475_/A_N                              0.70    1.13   -0.43 (VIOLATED)
_1481_/A                                0.70    1.13   -0.43 (VIOLATED)
_1489_/A                                0.70    1.13   -0.43 (VIOLATED)
_1496_/C_N                              0.70    1.13   -0.43 (VIOLATED)
_1498_/C_N                              0.70    1.13   -0.43 (VIOLATED)
_1503_/A                                0.70    1.13   -0.43 (VIOLATED)
_1505_/A                                0.70    1.13   -0.43 (VIOLATED)
_1516_/A                                0.70    1.13   -0.43 (VIOLATED)
_2344_/B1                               0.70    1.13   -0.43 (VIOLATED)
_3484_/Q                                0.70    1.13   -0.43 (VIOLATED)
_1499_/Y                                0.70    1.12   -0.42 (VIOLATED)
_1500_/B1                               0.70    1.12   -0.42 (VIOLATED)
_1595_/A1                               0.70    1.12   -0.42 (VIOLATED)
_1465_/Y                                0.70    1.12   -0.42 (VIOLATED)
_1467_/B1                               0.70    1.12   -0.42 (VIOLATED)
_1576_/A1                               0.70    1.12   -0.42 (VIOLATED)
_1913_/Y                                0.70    1.11   -0.41 (VIOLATED)
_1915_/A                                0.70    1.11   -0.41 (VIOLATED)
_1948_/C                                0.70    1.11   -0.41 (VIOLATED)
_1952_/B                                0.70    1.11   -0.41 (VIOLATED)
_1955_/C                                0.70    1.11   -0.41 (VIOLATED)
_1974_/A3                               0.70    1.11   -0.41 (VIOLATED)
_1988_/A3                               0.70    1.11   -0.41 (VIOLATED)
_1996_/A                                0.70    1.11   -0.41 (VIOLATED)
_3134_/C                                0.70    1.11   -0.41 (VIOLATED)
_2902_/Y                                0.70    1.10   -0.40 (VIOLATED)
_2904_/A0                               0.70    1.10   -0.40 (VIOLATED)
_3266_/A2                               0.70    1.10   -0.40 (VIOLATED)
_3089_/Y                                0.70    1.10   -0.40 (VIOLATED)
_3090_/B                                0.70    1.10   -0.40 (VIOLATED)
_2928_/S                                0.70    1.09   -0.39 (VIOLATED)
_3014_/S                                0.70    1.09   -0.39 (VIOLATED)
_3049_/S                                0.70    1.09   -0.39 (VIOLATED)
_3159_/A2                               0.70    1.09   -0.39 (VIOLATED)
_2904_/S                                0.70    1.09   -0.39 (VIOLATED)
_2997_/S                                0.70    1.09   -0.39 (VIOLATED)
place45/A                               0.70    1.09   -0.39 (VIOLATED)
_2999_/S                                0.70    1.09   -0.39 (VIOLATED)
_3043_/S                                0.70    1.09   -0.39 (VIOLATED)
_3044_/S                                0.70    1.09   -0.39 (VIOLATED)
_2891_/S                                0.70    1.09   -0.39 (VIOLATED)
_2917_/S                                0.70    1.09   -0.39 (VIOLATED)
_2922_/S                                0.70    1.09   -0.39 (VIOLATED)
_3041_/S                                0.70    1.09   -0.39 (VIOLATED)
_3047_/S                                0.70    1.09   -0.39 (VIOLATED)
_3048_/S                                0.70    1.09   -0.39 (VIOLATED)
_3007_/S                                0.70    1.09   -0.39 (VIOLATED)
_3011_/S                                0.70    1.09   -0.39 (VIOLATED)
_2991_/S                                0.70    1.09   -0.39 (VIOLATED)
place46/X                               0.70    1.09   -0.39 (VIOLATED)
_2924_/Y                                0.70    1.09   -0.39 (VIOLATED)
_2928_/A0                               0.70    1.09   -0.39 (VIOLATED)
_3291_/A2                               0.70    1.09   -0.39 (VIOLATED)
_2208_/Y                                0.70    1.08   -0.38 (VIOLATED)
_3444_/D                                0.70    1.08   -0.38 (VIOLATED)
_1824_/Y                                0.70    1.08   -0.38 (VIOLATED)
_1866_/A2                               0.70    1.08   -0.38 (VIOLATED)
_1902_/A2                               0.70    1.08   -0.38 (VIOLATED)
_1948_/A                                0.70    1.08   -0.38 (VIOLATED)
_2838_/Y                                0.70    1.08   -0.38 (VIOLATED)
_2841_/A0                               0.70    1.08   -0.38 (VIOLATED)
_3210_/B1                               0.70    1.08   -0.38 (VIOLATED)
_1663_/Y                                0.70    1.07   -0.37 (VIOLATED)
_1664_/D                                0.70    1.07   -0.37 (VIOLATED)
_3113_/Y                                0.70    1.07   -0.37 (VIOLATED)
_3114_/B                                0.70    1.07   -0.37 (VIOLATED)
_1455_/Y                                0.70    1.06   -0.36 (VIOLATED)
place83/A                               0.70    1.06   -0.36 (VIOLATED)
_1506_/Y                                0.70    1.06   -0.36 (VIOLATED)
_1507_/B1                               0.70    1.06   -0.36 (VIOLATED)
_1599_/A1                               0.70    1.06   -0.36 (VIOLATED)
_1836_/Y                                0.70    1.06   -0.36 (VIOLATED)
_1839_/B                                0.70    1.06   -0.36 (VIOLATED)
_1766_/Y                                0.70    1.06   -0.36 (VIOLATED)
place93/A                               0.70    1.06   -0.36 (VIOLATED)
_2895_/Y                                0.70    1.05   -0.35 (VIOLATED)
_2896_/A1                               0.70    1.05   -0.35 (VIOLATED)
_2994_/A0                               0.70    1.05   -0.35 (VIOLATED)
_2850_/S                                0.70    1.05   -0.35 (VIOLATED)
_2825_/S                                0.70    1.05   -0.35 (VIOLATED)
_2853_/S                                0.70    1.05   -0.35 (VIOLATED)
_2895_/S                                0.70    1.05   -0.35 (VIOLATED)
_2908_/S                                0.70    1.05   -0.35 (VIOLATED)
_2875_/S                                0.70    1.05   -0.35 (VIOLATED)
_2870_/S                                0.70    1.05   -0.35 (VIOLATED)
_2867_/S                                0.70    1.05   -0.35 (VIOLATED)
_2847_/S                                0.70    1.05   -0.35 (VIOLATED)
_2843_/S                                0.70    1.05   -0.35 (VIOLATED)
_2835_/S                                0.70    1.05   -0.35 (VIOLATED)
_2840_/S                                0.70    1.05   -0.35 (VIOLATED)
_2881_/S                                0.70    1.05   -0.35 (VIOLATED)
_2887_/S                                0.70    1.05   -0.35 (VIOLATED)
place58/A                               0.70    1.05   -0.35 (VIOLATED)
_2926_/S                                0.70    1.05   -0.35 (VIOLATED)
place59/X                               0.70    1.05   -0.35 (VIOLATED)
_3087_/Y                                0.70    1.04   -0.34 (VIOLATED)
_3088_/B                                0.70    1.04   -0.34 (VIOLATED)
_3231_/Y                                0.70    1.04   -0.34 (VIOLATED)
_3232_/C1                               0.70    1.04   -0.34 (VIOLATED)
_2369_/Y                                0.70    1.04   -0.34 (VIOLATED)
_2370_/B                                0.70    1.04   -0.34 (VIOLATED)
_3223_/B                                0.70    1.04   -0.34 (VIOLATED)
_2890_/S                                0.70    1.03   -0.33 (VIOLATED)
_2916_/S                                0.70    1.03   -0.33 (VIOLATED)
_2921_/S                                0.70    1.03   -0.33 (VIOLATED)
_2900_/S                                0.70    1.03   -0.33 (VIOLATED)
_2903_/S                                0.70    1.03   -0.33 (VIOLATED)
_2931_/S                                0.70    1.03   -0.33 (VIOLATED)
_2864_/S                                0.70    1.03   -0.33 (VIOLATED)
_2913_/S                                0.70    1.03   -0.33 (VIOLATED)
_2861_/S                                0.70    1.03   -0.33 (VIOLATED)
_2800_/S                                0.70    1.03   -0.33 (VIOLATED)
_2821_/B                                0.70    1.03   -0.33 (VIOLATED)
_2809_/S                                0.70    1.03   -0.33 (VIOLATED)
_2813_/S                                0.70    1.03   -0.33 (VIOLATED)
_2816_/S                                0.70    1.03   -0.33 (VIOLATED)
_2822_/A2                               0.70    1.03   -0.33 (VIOLATED)
_2828_/S                                0.70    1.03   -0.33 (VIOLATED)
_2856_/S                                0.70    1.03   -0.33 (VIOLATED)
_3171_/S                                0.70    1.03   -0.33 (VIOLATED)
place58/X                               0.70    1.03   -0.33 (VIOLATED)
_3101_/Y                                0.70    1.03   -0.33 (VIOLATED)
_3102_/B                                0.70    1.03   -0.33 (VIOLATED)
_2885_/Y                                0.70    1.03   -0.33 (VIOLATED)
_2888_/A0                               0.70    1.03   -0.33 (VIOLATED)
_3248_/B1                               0.70    1.03   -0.33 (VIOLATED)
_1456_/Y                                0.70    1.03   -0.33 (VIOLATED)
_1457_/B                                0.70    1.03   -0.33 (VIOLATED)
_1483_/B                                0.70    1.03   -0.33 (VIOLATED)
_1584_/B                                0.70    1.03   -0.33 (VIOLATED)
_1490_/Y                                0.70    1.02   -0.32 (VIOLATED)
_1491_/C                                0.70    1.02   -0.32 (VIOLATED)
_1546_/C                                0.70    1.02   -0.32 (VIOLATED)
_1547_/C                                0.70    1.02   -0.32 (VIOLATED)
_1590_/B                                0.70    1.02   -0.32 (VIOLATED)
_2458_/Y                                0.70    1.02   -0.32 (VIOLATED)
_2462_/A0                               0.70    1.02   -0.32 (VIOLATED)
_3198_/A2                               0.70    1.02   -0.32 (VIOLATED)
_2919_/Y                                0.70    1.02   -0.32 (VIOLATED)
_2922_/A0                               0.70    1.02   -0.32 (VIOLATED)
_3285_/A2                               0.70    1.02   -0.32 (VIOLATED)
_2354_/Y                                0.70    1.02   -0.32 (VIOLATED)
_2355_/B2                               0.70    1.02   -0.32 (VIOLATED)
_2358_/B1                               0.70    1.02   -0.32 (VIOLATED)
_2893_/Y                                0.70    1.01   -0.31 (VIOLATED)
_2896_/A0                               0.70    1.01   -0.31 (VIOLATED)
_3260_/A2                               0.70    1.01   -0.31 (VIOLATED)
_1800_/Y                                0.70    1.01   -0.31 (VIOLATED)
_1803_/A                                0.70    1.01   -0.31 (VIOLATED)
_1631_/Y                                0.70    1.01   -0.31 (VIOLATED)
_1632_/B1                               0.70    1.01   -0.31 (VIOLATED)
_2037_/Y                                0.70    1.00   -0.30 (VIOLATED)
_2038_/C                                0.70    1.00   -0.30 (VIOLATED)
_2054_/A2                               0.70    1.00   -0.30 (VIOLATED)
_2056_/B                                0.70    1.00   -0.30 (VIOLATED)
_2059_/A2                               0.70    1.00   -0.30 (VIOLATED)
_2064_/B                                0.70    1.00   -0.30 (VIOLATED)
_2797_/Y                                0.70    1.00   -0.30 (VIOLATED)
_2805_/A0                               0.70    1.00   -0.30 (VIOLATED)
_3191_/B1                               0.70    1.00   -0.30 (VIOLATED)
_3161_/Y                                0.70    1.00   -0.30 (VIOLATED)
_3164_/A0                               0.70    1.00   -0.30 (VIOLATED)
_3183_/A2                               0.70    1.00   -0.30 (VIOLATED)
_2873_/Y                                0.70    1.00   -0.30 (VIOLATED)
_2876_/A0                               0.70    1.00   -0.30 (VIOLATED)
_3243_/A2                               0.70    1.00   -0.30 (VIOLATED)
_2990_/Y                                0.70    1.00   -0.30 (VIOLATED)
_2991_/A1                               0.70    1.00   -0.30 (VIOLATED)
_3041_/A0                               0.70    1.00   -0.30 (VIOLATED)
_3263_/Y                                0.70    0.99   -0.29 (VIOLATED)
_3264_/B1                               0.70    0.99   -0.29 (VIOLATED)
_3292_/B1                               0.70    0.99   -0.29 (VIOLATED)
_2908_/Y                                0.70    0.99   -0.29 (VIOLATED)
_2909_/A1                               0.70    0.99   -0.29 (VIOLATED)
_3002_/A0                               0.70    0.99   -0.29 (VIOLATED)
_2878_/Y                                0.70    0.99   -0.29 (VIOLATED)
_2883_/A0                               0.70    0.99   -0.29 (VIOLATED)
_3244_/B1                               0.70    0.99   -0.29 (VIOLATED)
_1919_/Y                                0.70    0.99   -0.29 (VIOLATED)
_1920_/C                                0.70    0.99   -0.29 (VIOLATED)
_1931_/A2                               0.70    0.99   -0.29 (VIOLATED)
_1933_/B                                0.70    0.99   -0.29 (VIOLATED)
_1938_/B                                0.70    0.99   -0.29 (VIOLATED)
_3111_/Y                                0.70    0.98   -0.28 (VIOLATED)
_3112_/B                                0.70    0.98   -0.28 (VIOLATED)
_2231_/Y                                0.70    0.98   -0.28 (VIOLATED)
_3436_/D                                0.70    0.98   -0.28 (VIOLATED)
_2335_/Y                                0.70    0.98   -0.28 (VIOLATED)
_2336_/A2                               0.70    0.98   -0.28 (VIOLATED)
_2337_/A2                               0.70    0.98   -0.28 (VIOLATED)
_2340_/A                                0.70    0.98   -0.28 (VIOLATED)
_2625_/D                                0.70    0.98   -0.28 (VIOLATED)
_1802_/Y                                0.70    0.98   -0.28 (VIOLATED)
_1803_/B                                0.70    0.98   -0.28 (VIOLATED)
_2898_/Y                                0.70    0.97   -0.27 (VIOLATED)
_2901_/A0                               0.70    0.97   -0.27 (VIOLATED)
_3262_/B1                               0.70    0.97   -0.27 (VIOLATED)
_3092_/Y                                0.70    0.95   -0.25 (VIOLATED)
_3093_/B                                0.70    0.95   -0.25 (VIOLATED)
_3236_/B2                               0.70    0.95   -0.25 (VIOLATED)
_2417_/A                                0.70    0.95   -0.25 (VIOLATED)
_2420_/A1                               0.70    0.95   -0.25 (VIOLATED)
_2801_/A                                0.70    0.95   -0.25 (VIOLATED)
_3225_/B1                               0.70    0.95   -0.25 (VIOLATED)
_3238_/A1                               0.70    0.95   -0.25 (VIOLATED)
_3253_/B2                               0.70    0.95   -0.25 (VIOLATED)
_3230_/A                                0.70    0.95   -0.25 (VIOLATED)
_3276_/B2                               0.70    0.95   -0.25 (VIOLATED)
_3290_/B2                               0.70    0.95   -0.25 (VIOLATED)
_2385_/A                                0.70    0.95   -0.25 (VIOLATED)
_3264_/B2                               0.70    0.95   -0.25 (VIOLATED)
_3284_/B2                               0.70    0.95   -0.25 (VIOLATED)
_3279_/B2                               0.70    0.95   -0.25 (VIOLATED)
_3270_/B2                               0.70    0.95   -0.25 (VIOLATED)
_3180_/A                                0.70    0.95   -0.25 (VIOLATED)
_2442_/A                                0.70    0.95   -0.25 (VIOLATED)
_3257_/A                                0.70    0.95   -0.25 (VIOLATED)
_3232_/B2                               0.70    0.95   -0.25 (VIOLATED)
_3194_/B2                               0.70    0.95   -0.25 (VIOLATED)
_3203_/B2                               0.70    0.95   -0.25 (VIOLATED)
_3215_/B2                               0.70    0.95   -0.25 (VIOLATED)
_3245_/B2                               0.70    0.95   -0.25 (VIOLATED)
_3249_/B2                               0.70    0.95   -0.25 (VIOLATED)
_3199_/B2                               0.70    0.95   -0.25 (VIOLATED)
_3211_/B2                               0.70    0.95   -0.25 (VIOLATED)
_3296_/B2                               0.70    0.95   -0.25 (VIOLATED)
place92/X                               0.70    0.95   -0.25 (VIOLATED)
_2492_/Y                                0.70    0.95   -0.25 (VIOLATED)
_2496_/A0                               0.70    0.95   -0.25 (VIOLATED)
_3210_/A2                               0.70    0.95   -0.25 (VIOLATED)
_1796_/Y                                0.70    0.95   -0.25 (VIOLATED)
_1812_/B1                               0.70    0.95   -0.25 (VIOLATED)
_1869_/B1                               0.70    0.95   -0.25 (VIOLATED)
_2358_/Y                                0.70    0.95   -0.25 (VIOLATED)
_2359_/A                                0.70    0.95   -0.25 (VIOLATED)
_2413_/B                                0.70    0.95   -0.25 (VIOLATED)
_3289_/A2                               0.70    0.95   -0.25 (VIOLATED)
_1606_/A                                0.70    0.95   -0.25 (VIOLATED)
_1437_/D                                0.70    0.95   -0.25 (VIOLATED)
_1463_/A                                0.70    0.95   -0.25 (VIOLATED)
_1511_/A                                0.70    0.95   -0.25 (VIOLATED)
_1455_/D                                0.70    0.95   -0.25 (VIOLATED)
_1451_/A_N                              0.70    0.95   -0.25 (VIOLATED)
_1579_/A                                0.70    0.95   -0.25 (VIOLATED)
_1598_/A                                0.70    0.95   -0.25 (VIOLATED)
_1602_/A                                0.70    0.95   -0.25 (VIOLATED)
_1474_/A                                0.70    0.95   -0.25 (VIOLATED)
_1504_/A                                0.70    0.95   -0.25 (VIOLATED)
_1482_/B                                0.70    0.95   -0.25 (VIOLATED)
_1558_/A                                0.70    0.95   -0.25 (VIOLATED)
_1631_/A1                               0.70    0.95   -0.25 (VIOLATED)
_1616_/A                                0.70    0.95   -0.25 (VIOLATED)
_1621_/A                                0.70    0.95   -0.25 (VIOLATED)
_1635_/A1                               0.70    0.95   -0.25 (VIOLATED)
_1535_/A                                0.70    0.95   -0.25 (VIOLATED)
_1552_/A                                0.70    0.95   -0.25 (VIOLATED)
_1611_/A                                0.70    0.95   -0.25 (VIOLATED)
_1542_/A                                0.70    0.95   -0.25 (VIOLATED)
_1546_/A_N                              0.70    0.95   -0.25 (VIOLATED)
_1626_/B                                0.70    0.95   -0.25 (VIOLATED)
_1527_/A                                0.70    0.95   -0.25 (VIOLATED)
_1458_/A                                0.70    0.95   -0.25 (VIOLATED)
_1520_/A                                0.70    0.95   -0.25 (VIOLATED)
_1575_/A                                0.70    0.95   -0.25 (VIOLATED)
_1491_/A                                0.70    0.95   -0.25 (VIOLATED)
_1590_/A                                0.70    0.95   -0.25 (VIOLATED)
_1497_/A                                0.70    0.95   -0.25 (VIOLATED)
_1594_/A                                0.70    0.95   -0.25 (VIOLATED)
_2339_/A                                0.70    0.95   -0.25 (VIOLATED)
place88/X                               0.70    0.95   -0.25 (VIOLATED)
_2372_/Y                                0.70    0.95   -0.25 (VIOLATED)
_2373_/B                                0.70    0.95   -0.25 (VIOLATED)
_3231_/B                                0.70    0.95   -0.25 (VIOLATED)
_3115_/Y                                0.70    0.94   -0.24 (VIOLATED)
_3116_/B                                0.70    0.94   -0.24 (VIOLATED)
_2355_/Y                                0.70    0.94   -0.24 (VIOLATED)
_2356_/A                                0.70    0.94   -0.24 (VIOLATED)
_2413_/A                                0.70    0.94   -0.24 (VIOLATED)
_3293_/A2                               0.70    0.94   -0.24 (VIOLATED)
_3295_/Y                                0.70    0.94   -0.24 (VIOLATED)
_3296_/B1                               0.70    0.94   -0.24 (VIOLATED)
_2833_/Y                                0.70    0.94   -0.24 (VIOLATED)
_2836_/A0                               0.70    0.94   -0.24 (VIOLATED)
_3209_/B1                               0.70    0.94   -0.24 (VIOLATED)
_3094_/Y                                0.70    0.93   -0.23 (VIOLATED)
_3095_/B                                0.70    0.93   -0.23 (VIOLATED)
_2022_/Y                                0.70    0.93   -0.23 (VIOLATED)
_2023_/A2                               0.70    0.93   -0.23 (VIOLATED)
_2364_/A                                0.70    0.93   -0.23 (VIOLATED)
_2602_/Y                                0.70    0.93   -0.23 (VIOLATED)
_2606_/A2                               0.70    0.93   -0.23 (VIOLATED)
_3278_/A2                               0.70    0.93   -0.23 (VIOLATED)
_1621_/Y                                0.70    0.93   -0.23 (VIOLATED)
_1622_/B                                0.70    0.93   -0.23 (VIOLATED)
_1623_/A2                               0.70    0.93   -0.23 (VIOLATED)
_2867_/Y                                0.70    0.93   -0.23 (VIOLATED)
_2868_/A1                               0.70    0.93   -0.23 (VIOLATED)
_2977_/A0                               0.70    0.93   -0.23 (VIOLATED)
_2487_/Y                                0.70    0.92   -0.22 (VIOLATED)
_2490_/A0                               0.70    0.92   -0.22 (VIOLATED)
_3209_/A2                               0.70    0.92   -0.22 (VIOLATED)
_2513_/Y                                0.70    0.92   -0.22 (VIOLATED)
_2516_/A0                               0.70    0.92   -0.22 (VIOLATED)
_3220_/A2                               0.70    0.92   -0.22 (VIOLATED)
_1542_/Y                                0.70    0.92   -0.22 (VIOLATED)
_1543_/S                                0.70    0.92   -0.22 (VIOLATED)
_1844_/Y                                0.70    0.91   -0.21 (VIOLATED)
_1847_/B2                               0.70    0.91   -0.21 (VIOLATED)
_1705_/Y                                0.70    0.91   -0.21 (VIOLATED)
_1706_/A                                0.70    0.91   -0.21 (VIOLATED)
_3031_/A1                               0.70    0.91   -0.21 (VIOLATED)
_2911_/Y                                0.70    0.91   -0.21 (VIOLATED)
_2914_/A0                               0.70    0.91   -0.21 (VIOLATED)
_3277_/A2                               0.70    0.91   -0.21 (VIOLATED)
_2481_/Y                                0.70    0.91   -0.21 (VIOLATED)
_2485_/A0                               0.70    0.91   -0.21 (VIOLATED)
_3207_/A2                               0.70    0.91   -0.21 (VIOLATED)
_3170_/Y                                0.70    0.90   -0.20 (VIOLATED)
_3172_/A0                               0.70    0.90   -0.20 (VIOLATED)
_3183_/B1                               0.70    0.90   -0.20 (VIOLATED)
_2921_/Y                                0.70    0.90   -0.20 (VIOLATED)
_2922_/A1                               0.70    0.90   -0.20 (VIOLATED)
_3011_/A0                               0.70    0.90   -0.20 (VIOLATED)
_1545_/Y                                0.70    0.90   -0.20 (VIOLATED)
_2761_/A                                0.70    0.90   -0.20 (VIOLATED)
_3613_/D                                0.70    0.90   -0.20 (VIOLATED)
_2349_/Y                                0.70    0.89   -0.19 (VIOLATED)
_2350_/A                                0.70    0.89   -0.19 (VIOLATED)
_3283_/A1                               0.70    0.89   -0.19 (VIOLATED)
_2508_/Y                                0.70    0.89   -0.19 (VIOLATED)
_2511_/A0                               0.70    0.89   -0.19 (VIOLATED)
_3217_/A2                               0.70    0.89   -0.19 (VIOLATED)
_1691_/B                                0.70    0.89   -0.19 (VIOLATED)
_1695_/B                                0.70    0.89   -0.19 (VIOLATED)
_1723_/B                                0.70    0.89   -0.19 (VIOLATED)
_1753_/B                                0.70    0.89   -0.19 (VIOLATED)
_1757_/B                                0.70    0.89   -0.19 (VIOLATED)
_2183_/C                                0.70    0.89   -0.19 (VIOLATED)
_1727_/B                                0.70    0.89   -0.19 (VIOLATED)
_1747_/B                                0.70    0.89   -0.19 (VIOLATED)
_1733_/B                                0.70    0.89   -0.19 (VIOLATED)
_1737_/B                                0.70    0.89   -0.19 (VIOLATED)
_1709_/B                                0.70    0.89   -0.19 (VIOLATED)
_1719_/B                                0.70    0.89   -0.19 (VIOLATED)
_1682_/B                                0.70    0.89   -0.19 (VIOLATED)
_1743_/B                                0.70    0.89   -0.19 (VIOLATED)
_2931_/A1                               0.70    0.89   -0.19 (VIOLATED)
place86/X                               0.70    0.89   -0.19 (VIOLATED)
_2850_/Y                                0.70    0.89   -0.19 (VIOLATED)
_2851_/A1                               0.70    0.89   -0.19 (VIOLATED)
_2966_/A0                               0.70    0.89   -0.19 (VIOLATED)
_2938_/Y                                0.70    0.89   -0.19 (VIOLATED)
_2939_/A1                               0.70    0.89   -0.19 (VIOLATED)
_3019_/A0                               0.70    0.89   -0.19 (VIOLATED)
_2712_/Y                                0.70    0.89   -0.19 (VIOLATED)
_2713_/B                                0.70    0.89   -0.19 (VIOLATED)
_2785_/A0                               0.70    0.89   -0.19 (VIOLATED)
_2807_/Y                                0.70    0.88   -0.18 (VIOLATED)
_2811_/A0                               0.70    0.88   -0.18 (VIOLATED)
_3196_/B1                               0.70    0.88   -0.18 (VIOLATED)
_2512_/B                                0.70    0.88   -0.18 (VIOLATED)
_2513_/A2                               0.70    0.88   -0.18 (VIOLATED)
_2527_/B                                0.70    0.88   -0.18 (VIOLATED)
_2528_/A2                               0.70    0.88   -0.18 (VIOLATED)
_3160_/A                                0.70    0.88   -0.18 (VIOLATED)
_3161_/A2                               0.70    0.88   -0.18 (VIOLATED)
place68/A                               0.70    0.88   -0.18 (VIOLATED)
_2428_/Y                                0.70    0.88   -0.18 (VIOLATED)
_2890_/Y                                0.70    0.88   -0.18 (VIOLATED)
_2891_/A1                               0.70    0.88   -0.18 (VIOLATED)
_2991_/A0                               0.70    0.88   -0.18 (VIOLATED)
_2861_/Y                                0.70    0.88   -0.18 (VIOLATED)
_2862_/A1                               0.70    0.88   -0.18 (VIOLATED)
_2973_/A0                               0.70    0.88   -0.18 (VIOLATED)
_1502_/Y                                0.70    0.87   -0.17 (VIOLATED)
_2748_/A                                0.70    0.87   -0.17 (VIOLATED)
_3619_/D                                0.70    0.87   -0.17 (VIOLATED)
_1837_/Y                                0.70    0.87   -0.17 (VIOLATED)
_1839_/C                                0.70    0.87   -0.17 (VIOLATED)
_1853_/A                                0.70    0.87   -0.17 (VIOLATED)
_2533_/Y                                0.70    0.87   -0.17 (VIOLATED)
_2536_/A0                               0.70    0.87   -0.17 (VIOLATED)
_3235_/A2                               0.70    0.87   -0.17 (VIOLATED)
_2967_/Y                                0.70    0.87   -0.17 (VIOLATED)
_2968_/A1                               0.70    0.87   -0.17 (VIOLATED)
_3031_/A0                               0.70    0.87   -0.17 (VIOLATED)
_2736_/Y                                0.70    0.87   -0.17 (VIOLATED)
_2737_/B                                0.70    0.87   -0.17 (VIOLATED)
_2793_/A0                               0.70    0.87   -0.17 (VIOLATED)
_2940_/Y                                0.70    0.87   -0.17 (VIOLATED)
_2941_/A1                               0.70    0.87   -0.17 (VIOLATED)
_3020_/A0                               0.70    0.87   -0.17 (VIOLATED)
_1551_/Y                                0.70    0.87   -0.17 (VIOLATED)
_2763_/A                                0.70    0.87   -0.17 (VIOLATED)
_3612_/D                                0.70    0.87   -0.17 (VIOLATED)
_1487_/Y                                0.70    0.87   -0.17 (VIOLATED)
_2744_/A                                0.70    0.87   -0.17 (VIOLATED)
_3621_/D                                0.70    0.87   -0.17 (VIOLATED)
_2569_/Y                                0.70    0.87   -0.17 (VIOLATED)
_2572_/A0                               0.70    0.87   -0.17 (VIOLATED)
_3258_/A2                               0.70    0.87   -0.17 (VIOLATED)
_2575_/Y                                0.70    0.87   -0.17 (VIOLATED)
_2581_/A2                               0.70    0.87   -0.17 (VIOLATED)
_3262_/A2                               0.70    0.87   -0.17 (VIOLATED)
_2974_/Y                                0.70    0.87   -0.17 (VIOLATED)
_2975_/A1                               0.70    0.87   -0.17 (VIOLATED)
_3034_/A0                               0.70    0.87   -0.17 (VIOLATED)
_1480_/Y                                0.70    0.86   -0.16 (VIOLATED)
_2742_/A                                0.70    0.86   -0.16 (VIOLATED)
_3622_/D                                0.70    0.86   -0.16 (VIOLATED)
_1902_/Y                                0.70    0.86   -0.16 (VIOLATED)
place56/A                               0.70    0.86   -0.16 (VIOLATED)
_2870_/Y                                0.70    0.86   -0.16 (VIOLATED)
_2871_/A1                               0.70    0.86   -0.16 (VIOLATED)
_2979_/A0                               0.70    0.86   -0.16 (VIOLATED)
_2949_/Y                                0.70    0.86   -0.16 (VIOLATED)
_2950_/A1                               0.70    0.86   -0.16 (VIOLATED)
_3023_/A0                               0.70    0.86   -0.16 (VIOLATED)
_3107_/Y                                0.70    0.86   -0.16 (VIOLATED)
_3108_/B                                0.70    0.86   -0.16 (VIOLATED)
_2655_/B                                0.70    0.86   -0.16 (VIOLATED)
_2656_/A2                               0.70    0.86   -0.16 (VIOLATED)
_2652_/B                                0.70    0.86   -0.16 (VIOLATED)
_2653_/A2                               0.70    0.86   -0.16 (VIOLATED)
_2629_/A2                               0.70    0.86   -0.16 (VIOLATED)
_2628_/B                                0.70    0.86   -0.16 (VIOLATED)
_2661_/B                                0.70    0.86   -0.16 (VIOLATED)
_2679_/B                                0.70    0.86   -0.16 (VIOLATED)
_2680_/A2                               0.70    0.86   -0.16 (VIOLATED)
_2662_/A2                               0.70    0.86   -0.16 (VIOLATED)
_2693_/A2                               0.70    0.86   -0.16 (VIOLATED)
_2692_/B                                0.70    0.86   -0.16 (VIOLATED)
_2671_/A2                               0.70    0.86   -0.16 (VIOLATED)
_2659_/A2                               0.70    0.86   -0.16 (VIOLATED)
_2658_/B                                0.70    0.86   -0.16 (VIOLATED)
_2670_/B                                0.70    0.86   -0.16 (VIOLATED)
_2676_/B                                0.70    0.86   -0.16 (VIOLATED)
_2677_/A2                               0.70    0.86   -0.16 (VIOLATED)
_2668_/A2                               0.70    0.86   -0.16 (VIOLATED)
_2667_/B                                0.70    0.86   -0.16 (VIOLATED)
_2695_/B                                0.70    0.86   -0.16 (VIOLATED)
_2638_/B                                0.70    0.86   -0.16 (VIOLATED)
_2639_/A2                               0.70    0.86   -0.16 (VIOLATED)
_2696_/A2                               0.70    0.86   -0.16 (VIOLATED)
place71/X                               0.70    0.86   -0.16 (VIOLATED)
_2699_/Y                                0.70    0.86   -0.16 (VIOLATED)
_2700_/B                                0.70    0.86   -0.16 (VIOLATED)
_2781_/A0                               0.70    0.86   -0.16 (VIOLATED)
_2853_/Y                                0.70    0.85   -0.15 (VIOLATED)
_2854_/A1                               0.70    0.85   -0.15 (VIOLATED)
_2968_/A0                               0.70    0.85   -0.15 (VIOLATED)
_2475_/Y                                0.70    0.85   -0.15 (VIOLATED)
_2478_/A0                               0.70    0.85   -0.15 (VIOLATED)
_3205_/A2                               0.70    0.85   -0.15 (VIOLATED)
_1822_/X                                0.70    0.85   -0.15 (VIOLATED)
_1866_/A1                               0.70    0.85   -0.15 (VIOLATED)
_1902_/A1                               0.70    0.85   -0.15 (VIOLATED)
_3134_/A                                0.70    0.85   -0.15 (VIOLATED)
_2916_/Y                                0.70    0.85   -0.15 (VIOLATED)
_2917_/A1                               0.70    0.85   -0.15 (VIOLATED)
_3007_/A0                               0.70    0.85   -0.15 (VIOLATED)
_2875_/Y                                0.70    0.85   -0.15 (VIOLATED)
_2876_/A1                               0.70    0.85   -0.15 (VIOLATED)
_2983_/A0                               0.70    0.85   -0.15 (VIOLATED)
_1826_/Y                                0.70    0.84   -0.14 (VIOLATED)
_1848_/B1                               0.70    0.84   -0.14 (VIOLATED)
_1955_/A                                0.70    0.84   -0.14 (VIOLATED)
_1818_/X                                0.70    0.84   -0.14 (VIOLATED)
_1820_/D                                0.70    0.84   -0.14 (VIOLATED)
_1827_/D                                0.70    0.84   -0.14 (VIOLATED)
_1828_/A3                               0.70    0.84   -0.14 (VIOLATED)
_1844_/A                                0.70    0.84   -0.14 (VIOLATED)
_1845_/A2                               0.70    0.84   -0.14 (VIOLATED)
_1846_/C                                0.70    0.84   -0.14 (VIOLATED)
_1963_/A2                               0.70    0.84   -0.14 (VIOLATED)
_1964_/A2                               0.70    0.84   -0.14 (VIOLATED)
_1967_/A                                0.70    0.84   -0.14 (VIOLATED)
_2813_/Y                                0.70    0.84   -0.14 (VIOLATED)
_2814_/A1                               0.70    0.84   -0.14 (VIOLATED)
_2941_/A0                               0.70    0.84   -0.14 (VIOLATED)
_2900_/Y                                0.70    0.83   -0.13 (VIOLATED)
_2901_/A1                               0.70    0.83   -0.13 (VIOLATED)
_2997_/A0                               0.70    0.83   -0.13 (VIOLATED)
_2961_/Y                                0.70    0.83   -0.13 (VIOLATED)
_2962_/A1                               0.70    0.83   -0.13 (VIOLATED)
_3028_/A0                               0.70    0.83   -0.13 (VIOLATED)
_1699_/Y                                0.70    0.83   -0.13 (VIOLATED)
_1700_/A                                0.70    0.83   -0.13 (VIOLATED)
_3028_/A1                               0.70    0.83   -0.13 (VIOLATED)
_1589_/Y                                0.70    0.83   -0.13 (VIOLATED)
_2776_/A1                               0.70    0.83   -0.13 (VIOLATED)
_3605_/D                                0.70    0.83   -0.13 (VIOLATED)
_2378_/X                                0.70    0.83   -0.13 (VIOLATED)
_2379_/B                                0.70    0.83   -0.13 (VIOLATED)
_2386_/A2                               0.70    0.83   -0.13 (VIOLATED)
_2395_/A1                               0.70    0.83   -0.13 (VIOLATED)
_2716_/Y                                0.70    0.82   -0.12 (VIOLATED)
_2717_/B                                0.70    0.82   -0.12 (VIOLATED)
_2786_/A0                               0.70    0.82   -0.12 (VIOLATED)
_2059_/Y                                0.70    0.82   -0.12 (VIOLATED)
_3386_/D                                0.70    0.82   -0.12 (VIOLATED)
_2843_/Y                                0.70    0.82   -0.12 (VIOLATED)
_2845_/A1                               0.70    0.82   -0.12 (VIOLATED)
_2962_/A0                               0.70    0.82   -0.12 (VIOLATED)
_1842_/Y                                0.70    0.82   -0.12 (VIOLATED)
_1847_/B1                               0.70    0.82   -0.12 (VIOLATED)
_2969_/Y                                0.70    0.82   -0.12 (VIOLATED)
_2970_/A1                               0.70    0.82   -0.12 (VIOLATED)
_3032_/A0                               0.70    0.82   -0.12 (VIOLATED)
_2129_/C                                0.70    0.82   -0.12 (VIOLATED)
_2106_/C                                0.70    0.82   -0.12 (VIOLATED)
_2109_/C                                0.70    0.82   -0.12 (VIOLATED)
_2132_/C                                0.70    0.82   -0.12 (VIOLATED)
_2093_/C                                0.70    0.82   -0.12 (VIOLATED)
_2096_/C                                0.70    0.82   -0.12 (VIOLATED)
_2077_/C                                0.70    0.82   -0.12 (VIOLATED)
_2089_/C                                0.70    0.82   -0.12 (VIOLATED)
_3142_/C                                0.70    0.82   -0.12 (VIOLATED)
_2165_/C                                0.70    0.82   -0.12 (VIOLATED)
_2138_/C                                0.70    0.82   -0.12 (VIOLATED)
_2141_/C                                0.70    0.82   -0.12 (VIOLATED)
_2144_/C                                0.70    0.82   -0.12 (VIOLATED)
_2126_/C                                0.70    0.82   -0.12 (VIOLATED)
_2156_/C                                0.70    0.82   -0.12 (VIOLATED)
_2122_/C                                0.70    0.82   -0.12 (VIOLATED)
_2119_/C                                0.70    0.82   -0.12 (VIOLATED)
_2174_/C                                0.70    0.82   -0.12 (VIOLATED)
_2183_/B                                0.70    0.82   -0.12 (VIOLATED)
_2926_/Y                                0.70    0.82   -0.12 (VIOLATED)
_2928_/A1                               0.70    0.82   -0.12 (VIOLATED)
_3014_/A0                               0.70    0.82   -0.12 (VIOLATED)
_2214_/C                                0.70    0.82   -0.12 (VIOLATED)
place74/X                               0.70    0.82   -0.12 (VIOLATED)
_1635_/Y                                0.70    0.82   -0.12 (VIOLATED)
_1636_/B1                               0.70    0.82   -0.12 (VIOLATED)
_1688_/A0                               0.70    0.82   -0.12 (VIOLATED)
_2109_/A                                0.70    0.82   -0.12 (VIOLATED)
_2113_/A1                               0.70    0.82   -0.12 (VIOLATED)
_2827_/A0                               0.70    0.82   -0.12 (VIOLATED)
_2828_/A1                               0.70    0.82   -0.12 (VIOLATED)
_2951_/A0                               0.70    0.82   -0.12 (VIOLATED)
_3426_/Q                                0.70    0.82   -0.12 (VIOLATED)
_1620_/Y                                0.70    0.82   -0.12 (VIOLATED)
_2786_/A1                               0.70    0.82   -0.12 (VIOLATED)
_3598_/D                                0.70    0.82   -0.12 (VIOLATED)
_1601_/Y                                0.70    0.82   -0.12 (VIOLATED)
_2781_/A1                               0.70    0.82   -0.12 (VIOLATED)
_3602_/D                                0.70    0.82   -0.12 (VIOLATED)
_3235_/Y                                0.70    0.82   -0.12 (VIOLATED)
_3236_/B1                               0.70    0.82   -0.12 (VIOLATED)
_2828_/Y                                0.70    0.81   -0.11 (VIOLATED)
_2829_/A1                               0.70    0.81   -0.11 (VIOLATED)
_2952_/A0                               0.70    0.81   -0.11 (VIOLATED)
_1717_/Y                                0.70    0.81   -0.11 (VIOLATED)
_1718_/A                                0.70    0.81   -0.11 (VIOLATED)
_3037_/A1                               0.70    0.81   -0.11 (VIOLATED)
_2720_/Y                                0.70    0.81   -0.11 (VIOLATED)
_2721_/B                                0.70    0.81   -0.11 (VIOLATED)
_2787_/A0                               0.70    0.81   -0.11 (VIOLATED)
_2998_/Y                                0.70    0.81   -0.11 (VIOLATED)
_2999_/A1                               0.70    0.81   -0.11 (VIOLATED)
_3044_/A0                               0.70    0.81   -0.11 (VIOLATED)
_1860_/Y                                0.70    0.81   -0.11 (VIOLATED)
_1865_/B                                0.70    0.81   -0.11 (VIOLATED)
_1899_/B                                0.70    0.81   -0.11 (VIOLATED)
_1678_/Y                                0.70    0.81   -0.11 (VIOLATED)
_1679_/A                                0.70    0.81   -0.11 (VIOLATED)
_3021_/A1                               0.70    0.81   -0.11 (VIOLATED)
_2963_/Y                                0.70    0.81   -0.11 (VIOLATED)
_2964_/A1                               0.70    0.81   -0.11 (VIOLATED)
_3029_/A0                               0.70    0.81   -0.11 (VIOLATED)
_2943_/Y                                0.70    0.81   -0.11 (VIOLATED)
_2944_/A1                               0.70    0.81   -0.11 (VIOLATED)
_3021_/A0                               0.70    0.81   -0.11 (VIOLATED)
_1509_/Y                                0.70    0.81   -0.11 (VIOLATED)
_2750_/A                                0.70    0.81   -0.11 (VIOLATED)
_3618_/D                                0.70    0.81   -0.11 (VIOLATED)
_1574_/Y                                0.70    0.81   -0.11 (VIOLATED)
_2771_/A                                0.70    0.81   -0.11 (VIOLATED)
_3608_/D                                0.70    0.81   -0.11 (VIOLATED)
_1567_/Y                                0.70    0.81   -0.11 (VIOLATED)
_2769_/A                                0.70    0.81   -0.11 (VIOLATED)
_3609_/D                                0.70    0.81   -0.11 (VIOLATED)
_3105_/Y                                0.70    0.80   -0.10 (VIOLATED)
_3106_/B                                0.70    0.80   -0.10 (VIOLATED)
_1638_/Y                                0.70    0.80   -0.10 (VIOLATED)
_2791_/A                                0.70    0.80   -0.10 (VIOLATED)
_3594_/D                                0.70    0.80   -0.10 (VIOLATED)
_2498_/Y                                0.70    0.80   -0.10 (VIOLATED)
_2501_/A0                               0.70    0.80   -0.10 (VIOLATED)
_3213_/A2                               0.70    0.80   -0.10 (VIOLATED)
_2887_/Y                                0.70    0.80   -0.10 (VIOLATED)
_2888_/A1                               0.70    0.80   -0.10 (VIOLATED)
_2989_/A0                               0.70    0.80   -0.10 (VIOLATED)
_2847_/Y                                0.70    0.80   -0.10 (VIOLATED)
_2848_/A1                               0.70    0.80   -0.10 (VIOLATED)
_2964_/A0                               0.70    0.80   -0.10 (VIOLATED)
_1703_/A0                               0.70    0.80   -0.10 (VIOLATED)
_2126_/A                                0.70    0.80   -0.10 (VIOLATED)
_2128_/A                                0.70    0.80   -0.10 (VIOLATED)
_2849_/A0                               0.70    0.80   -0.10 (VIOLATED)
_2850_/A1                               0.70    0.80   -0.10 (VIOLATED)
_2965_/A0                               0.70    0.80   -0.10 (VIOLATED)
_3421_/Q                                0.70    0.80   -0.10 (VIOLATED)
_1641_/Y                                0.70    0.80   -0.10 (VIOLATED)
_2793_/A1                               0.70    0.80   -0.10 (VIOLATED)
_3593_/D                                0.70    0.80   -0.10 (VIOLATED)
_2685_/Y                                0.70    0.80   -0.10 (VIOLATED)
_2686_/B                                0.70    0.80   -0.10 (VIOLATED)
_2775_/A0                               0.70    0.80   -0.10 (VIOLATED)
_1701_/Y                                0.70    0.80   -0.10 (VIOLATED)
_1702_/A                                0.70    0.80   -0.10 (VIOLATED)
_3029_/A1                               0.70    0.80   -0.10 (VIOLATED)
_1808_/Y                                0.70    0.80   -0.10 (VIOLATED)
_1811_/A                                0.70    0.80   -0.10 (VIOLATED)
_1873_/B                                0.70    0.80   -0.10 (VIOLATED)
_2728_/Y                                0.70    0.80   -0.10 (VIOLATED)
_2729_/B                                0.70    0.80   -0.10 (VIOLATED)
_2790_/A0                               0.70    0.80   -0.10 (VIOLATED)
_2976_/Y                                0.70    0.80   -0.10 (VIOLATED)
_2977_/A1                               0.70    0.80   -0.10 (VIOLATED)
_3035_/A0                               0.70    0.80   -0.10 (VIOLATED)
_1707_/Y                                0.70    0.80   -0.10 (VIOLATED)
_1708_/A                                0.70    0.80   -0.10 (VIOLATED)
_3032_/A1                               0.70    0.80   -0.10 (VIOLATED)
_1741_/Y                                0.70    0.80   -0.10 (VIOLATED)
_1742_/A                                0.70    0.80   -0.10 (VIOLATED)
_3044_/A1                               0.70    0.80   -0.10 (VIOLATED)
_1715_/Y                                0.70    0.80   -0.10 (VIOLATED)
_1716_/A                                0.70    0.80   -0.10 (VIOLATED)
_3035_/A1                               0.70    0.80   -0.10 (VIOLATED)
_1510_/Y                                0.70    0.80   -0.10 (VIOLATED)
_1511_/B                                0.70    0.80   -0.10 (VIOLATED)
_1564_/A                                0.70    0.80   -0.10 (VIOLATED)
_2625_/C                                0.70    0.80   -0.10 (VIOLATED)
_3171_/Y                                0.70    0.79   -0.09 (VIOLATED)
_3172_/A1                               0.70    0.79   -0.09 (VIOLATED)
_3174_/A0                               0.70    0.79   -0.09 (VIOLATED)
_2881_/Y                                0.70    0.79   -0.09 (VIOLATED)
_2883_/A1                               0.70    0.79   -0.09 (VIOLATED)
_2986_/A0                               0.70    0.79   -0.09 (VIOLATED)
_1495_/Y                                0.70    0.79   -0.09 (VIOLATED)
_2746_/A                                0.70    0.79   -0.09 (VIOLATED)
_3620_/D                                0.70    0.79   -0.09 (VIOLATED)
_2800_/Y                                0.70    0.79   -0.09 (VIOLATED)
_2805_/A1                               0.70    0.79   -0.09 (VIOLATED)
_2936_/A0                               0.70    0.79   -0.09 (VIOLATED)
_1630_/Y                                0.70    0.79   -0.09 (VIOLATED)
_2788_/A                                0.70    0.79   -0.09 (VIOLATED)
_3596_/D                                0.70    0.79   -0.09 (VIOLATED)
_3155_/Y                                0.70    0.79   -0.09 (VIOLATED)
_3168_/B                                0.70    0.79   -0.09 (VIOLATED)
_3624_/D                                0.70    0.79   -0.09 (VIOLATED)
_3242_/Y                                0.70    0.79   -0.09 (VIOLATED)
_3243_/B1                               0.70    0.79   -0.09 (VIOLATED)
_2935_/Y                                0.70    0.79   -0.09 (VIOLATED)
_2936_/A1                               0.70    0.79   -0.09 (VIOLATED)
_3018_/A0                               0.70    0.79   -0.09 (VIOLATED)
_2840_/Y                                0.70    0.79   -0.09 (VIOLATED)
_2841_/A1                               0.70    0.79   -0.09 (VIOLATED)
_2960_/A0                               0.70    0.79   -0.09 (VIOLATED)
_2380_/Y                                0.70    0.79   -0.09 (VIOLATED)
_2381_/B1                               0.70    0.79   -0.09 (VIOLATED)
_2825_/Y                                0.70    0.79   -0.09 (VIOLATED)
_2826_/A1                               0.70    0.79   -0.09 (VIOLATED)
_2950_/A0                               0.70    0.79   -0.09 (VIOLATED)
_1831_/Y                                0.70    0.79   -0.09 (VIOLATED)
_1842_/B1                               0.70    0.79   -0.09 (VIOLATED)
_1974_/A1                               0.70    0.79   -0.09 (VIOLATED)
_2951_/Y                                0.70    0.78   -0.08 (VIOLATED)
_2952_/A1                               0.70    0.78   -0.08 (VIOLATED)
_3024_/A0                               0.70    0.78   -0.08 (VIOLATED)
_2816_/Y                                0.70    0.78   -0.08 (VIOLATED)
_2817_/A1                               0.70    0.78   -0.08 (VIOLATED)
_2944_/A0                               0.70    0.78   -0.08 (VIOLATED)
_1593_/Y                                0.70    0.78   -0.08 (VIOLATED)
_2777_/A                                0.70    0.78   -0.08 (VIOLATED)
_3604_/D                                0.70    0.78   -0.08 (VIOLATED)
_3207_/B2                               0.70    0.78   -0.08 (VIOLATED)
_3196_/B2                               0.70    0.78   -0.08 (VIOLATED)
_3183_/B2                               0.70    0.78   -0.08 (VIOLATED)
_3271_/A1                               0.70    0.78   -0.08 (VIOLATED)
_3217_/B2                               0.70    0.78   -0.08 (VIOLATED)
_3205_/B2                               0.70    0.78   -0.08 (VIOLATED)
_3201_/B2                               0.70    0.78   -0.08 (VIOLATED)
_3209_/B2                               0.70    0.78   -0.08 (VIOLATED)
_3213_/B2                               0.70    0.78   -0.08 (VIOLATED)
_3277_/A1                               0.70    0.78   -0.08 (VIOLATED)
_3220_/B2                               0.70    0.78   -0.08 (VIOLATED)
_3237_/A1                               0.70    0.78   -0.08 (VIOLATED)
_3227_/A1                               0.70    0.78   -0.08 (VIOLATED)
_3260_/A1                               0.70    0.78   -0.08 (VIOLATED)
_3262_/B2                               0.70    0.78   -0.08 (VIOLATED)
_3255_/A1                               0.70    0.78   -0.08 (VIOLATED)
_3240_/A1                               0.70    0.78   -0.08 (VIOLATED)
_3243_/A1                               0.70    0.78   -0.08 (VIOLATED)
_3266_/A1                               0.70    0.78   -0.08 (VIOLATED)
_3285_/A1                               0.70    0.78   -0.08 (VIOLATED)
_3291_/A1                               0.70    0.78   -0.08 (VIOLATED)
_2913_/Y                                0.70    0.78   -0.08 (VIOLATED)
_2914_/A1                               0.70    0.78   -0.08 (VIOLATED)
_3005_/A0                               0.70    0.78   -0.08 (VIOLATED)
_3234_/B2                               0.70    0.78   -0.08 (VIOLATED)
place47/X                               0.70    0.78   -0.08 (VIOLATED)
_3262_/Y                                0.70    0.78   -0.08 (VIOLATED)
_3304_/D                                0.70    0.78   -0.08 (VIOLATED)
_2835_/Y                                0.70    0.78   -0.08 (VIOLATED)
_2836_/A1                               0.70    0.78   -0.08 (VIOLATED)
_2955_/A0                               0.70    0.78   -0.08 (VIOLATED)
_1534_/Y                                0.70    0.78   -0.08 (VIOLATED)
_2757_/A                                0.70    0.78   -0.08 (VIOLATED)
_3615_/D                                0.70    0.78   -0.08 (VIOLATED)
_2503_/Y                                0.70    0.78   -0.08 (VIOLATED)
_2506_/A0                               0.70    0.78   -0.08 (VIOLATED)
_3214_/A2                               0.70    0.78   -0.08 (VIOLATED)
_3202_/Y                                0.70    0.78   -0.08 (VIOLATED)
_3203_/B1                               0.70    0.78   -0.08 (VIOLATED)
_2009_/Y                                0.70    0.78   -0.08 (VIOLATED)
_2011_/A2                               0.70    0.78   -0.08 (VIOLATED)
_2363_/A                                0.70    0.78   -0.08 (VIOLATED)
_2068_/Y                                0.70    0.78   -0.08 (VIOLATED)
_2070_/B                                0.70    0.78   -0.08 (VIOLATED)
_2196_/A2                               0.70    0.78   -0.08 (VIOLATED)
_2362_/Y                                0.70    0.78   -0.08 (VIOLATED)
_2364_/C                                0.70    0.78   -0.08 (VIOLATED)
_3137_/A2                               0.70    0.78   -0.08 (VIOLATED)
_3151_/Y                                0.70    0.77   -0.07 (VIOLATED)
_3152_/A                                0.70    0.77   -0.07 (VIOLATED)
_3175_/A1                               0.70    0.77   -0.07 (VIOLATED)
_2703_/Y                                0.70    0.77   -0.07 (VIOLATED)
_2704_/B                                0.70    0.77   -0.07 (VIOLATED)
_2782_/A0                               0.70    0.77   -0.07 (VIOLATED)
_2469_/Y                                0.70    0.77   -0.07 (VIOLATED)
_2473_/A0                               0.70    0.77   -0.07 (VIOLATED)
_3202_/A2                               0.70    0.77   -0.07 (VIOLATED)
_2856_/Y                                0.70    0.77   -0.07 (VIOLATED)
_2857_/A1                               0.70    0.77   -0.07 (VIOLATED)
_2970_/A0                               0.70    0.77   -0.07 (VIOLATED)
_1597_/Y                                0.70    0.77   -0.07 (VIOLATED)
_2779_/A                                0.70    0.77   -0.07 (VIOLATED)
_3603_/D                                0.70    0.77   -0.07 (VIOLATED)
_1941_/A                                0.70    0.77   -0.07 (VIOLATED)
_1934_/A                                0.70    0.77   -0.07 (VIOLATED)
_1943_/A                                0.70    0.77   -0.07 (VIOLATED)
_1938_/A                                0.70    0.77   -0.07 (VIOLATED)
_1932_/A                                0.70    0.77   -0.07 (VIOLATED)
_1928_/A                                0.70    0.77   -0.07 (VIOLATED)
_1930_/A                                0.70    0.77   -0.07 (VIOLATED)
_1926_/A                                0.70    0.77   -0.07 (VIOLATED)
_1924_/A                                0.70    0.77   -0.07 (VIOLATED)
_2063_/A                                0.70    0.77   -0.07 (VIOLATED)
_2059_/C1                               0.70    0.77   -0.07 (VIOLATED)
_2061_/A                                0.70    0.77   -0.07 (VIOLATED)
_2065_/A                                0.70    0.77   -0.07 (VIOLATED)
_1908_/A                                0.70    0.77   -0.07 (VIOLATED)
_2053_/A                                0.70    0.77   -0.07 (VIOLATED)
_2055_/A                                0.70    0.77   -0.07 (VIOLATED)
_1911_/B                                0.70    0.77   -0.07 (VIOLATED)
_2051_/A                                0.70    0.77   -0.07 (VIOLATED)
_2042_/A                                0.70    0.77   -0.07 (VIOLATED)
_2049_/A                                0.70    0.77   -0.07 (VIOLATED)
_2366_/A                                0.70    0.77   -0.07 (VIOLATED)
_3125_/A                                0.70    0.77   -0.07 (VIOLATED)
place53/X                               0.70    0.77   -0.07 (VIOLATED)
_1688_/Y                                0.70    0.77   -0.07 (VIOLATED)
_1689_/A                                0.70    0.77   -0.07 (VIOLATED)
_3024_/A1                               0.70    0.77   -0.07 (VIOLATED)
_2379_/Y                                0.70    0.77   -0.07 (VIOLATED)
_2390_/B                                0.70    0.77   -0.07 (VIOLATED)
_2394_/A1                               0.70    0.77   -0.07 (VIOLATED)
_3250_/A                                0.70    0.77   -0.07 (VIOLATED)
_3006_/Y                                0.70    0.77   -0.07 (VIOLATED)
_3007_/A1                               0.70    0.77   -0.07 (VIOLATED)
_3047_/A0                               0.70    0.77   -0.07 (VIOLATED)
_3173_/Y                                0.70    0.76   -0.06 (VIOLATED)
_3174_/A1                               0.70    0.76   -0.06 (VIOLATED)
_3175_/A0                               0.70    0.76   -0.06 (VIOLATED)
_1924_/Y                                0.70    0.76   -0.06 (VIOLATED)
_3360_/D                                0.70    0.76   -0.06 (VIOLATED)
_1751_/Y                                0.70    0.76   -0.06 (VIOLATED)
_1752_/A                                0.70    0.76   -0.06 (VIOLATED)
_3047_/A1                               0.70    0.76   -0.06 (VIOLATED)
_1731_/Y                                0.70    0.76   -0.06 (VIOLATED)
_1732_/A                                0.70    0.76   -0.06 (VIOLATED)
_3041_/A1                               0.70    0.76   -0.06 (VIOLATED)
_1563_/Y                                0.70    0.76   -0.06 (VIOLATED)
_2767_/A                                0.70    0.76   -0.06 (VIOLATED)
_3610_/D                                0.70    0.76   -0.06 (VIOLATED)
_1947_/Y                                0.70    0.76   -0.06 (VIOLATED)
place79/A                               0.70    0.76   -0.06 (VIOLATED)
_1676_/Y                                0.70    0.76   -0.06 (VIOLATED)
_1677_/A                                0.70    0.76   -0.06 (VIOLATED)
_3020_/A1                               0.70    0.76   -0.06 (VIOLATED)
_2554_/Y                                0.70    0.76   -0.06 (VIOLATED)
_2556_/A1                               0.70    0.76   -0.06 (VIOLATED)
_2694_/A0                               0.70    0.76   -0.06 (VIOLATED)
_1625_/Y                                0.70    0.76   -0.06 (VIOLATED)
_2787_/A1                               0.70    0.76   -0.06 (VIOLATED)
_3597_/D                                0.70    0.76   -0.06 (VIOLATED)
_2889_/Y                                0.70    0.76   -0.06 (VIOLATED)
_2891_/A0                               0.70    0.76   -0.06 (VIOLATED)
_3255_/A2                               0.70    0.76   -0.06 (VIOLATED)
_2931_/Y                                0.70    0.76   -0.06 (VIOLATED)
_2932_/A1                               0.70    0.76   -0.06 (VIOLATED)
_3017_/A0                               0.70    0.76   -0.06 (VIOLATED)
_3081_/Y                                0.70    0.75   -0.05 (VIOLATED)
_3082_/B                                0.70    0.75   -0.05 (VIOLATED)
_1673_/Y                                0.70    0.75   -0.05 (VIOLATED)
_1674_/A                                0.70    0.75   -0.05 (VIOLATED)
_3019_/A1                               0.70    0.75   -0.05 (VIOLATED)
_1862_/Y                                0.70    0.75   -0.05 (VIOLATED)
_1865_/C                                0.70    0.75   -0.05 (VIOLATED)
_1895_/B                                0.70    0.75   -0.05 (VIOLATED)
_2809_/Y                                0.70    0.75   -0.05 (VIOLATED)
_2811_/A1                               0.70    0.75   -0.05 (VIOLATED)
_2939_/A0                               0.70    0.75   -0.05 (VIOLATED)
_2903_/Y                                0.70    0.75   -0.05 (VIOLATED)
_2904_/A1                               0.70    0.75   -0.05 (VIOLATED)
_2999_/A0                               0.70    0.75   -0.05 (VIOLATED)
_2530_/Y                                0.70    0.75   -0.05 (VIOLATED)
_2531_/A1                               0.70    0.75   -0.05 (VIOLATED)
_2678_/A0                               0.70    0.75   -0.05 (VIOLATED)
_2391_/Y                                0.70    0.75   -0.05 (VIOLATED)
_2396_/A                                0.70    0.75   -0.05 (VIOLATED)
_2397_/A1                               0.70    0.75   -0.05 (VIOLATED)
_2398_/S                                0.70    0.75   -0.05 (VIOLATED)
_2443_/B                                0.70    0.75   -0.05 (VIOLATED)
_3157_/C                                0.70    0.75   -0.05 (VIOLATED)
_3158_/A1                               0.70    0.75   -0.05 (VIOLATED)
_1515_/Y                                0.70    0.75   -0.05 (VIOLATED)
_2753_/A                                0.70    0.75   -0.05 (VIOLATED)
_3617_/D                                0.70    0.75   -0.05 (VIOLATED)
_1713_/Y                                0.70    0.75   -0.05 (VIOLATED)
_1714_/A                                0.70    0.75   -0.05 (VIOLATED)
_3034_/A1                               0.70    0.75   -0.05 (VIOLATED)
_3103_/Y                                0.70    0.74   -0.04 (VIOLATED)
_3104_/B                                0.70    0.74   -0.04 (VIOLATED)
_3119_/Y                                0.70    0.74   -0.04 (VIOLATED)
_3120_/B                                0.70    0.74   -0.04 (VIOLATED)
_2812_/Y                                0.70    0.74   -0.04 (VIOLATED)
_2814_/A0                               0.70    0.74   -0.04 (VIOLATED)
_3198_/B1                               0.70    0.74   -0.04 (VIOLATED)
_2614_/Y                                0.70    0.74   -0.04 (VIOLATED)
_2618_/A2                               0.70    0.74   -0.04 (VIOLATED)
_3287_/B                                0.70    0.74   -0.04 (VIOLATED)
_1886_/Y                                0.70    0.74   -0.04 (VIOLATED)
_1887_/B2                               0.70    0.74   -0.04 (VIOLATED)
_2439_/Y                                0.70    0.74   -0.04 (VIOLATED)
_2446_/A1                               0.70    0.74   -0.04 (VIOLATED)
_2630_/A0                               0.70    0.74   -0.04 (VIOLATED)
_1843_/Y                                0.70    0.74   -0.04 (VIOLATED)
_1844_/B                                0.70    0.74   -0.04 (VIOLATED)
_1967_/B                                0.70    0.74   -0.04 (VIOLATED)
_2027_/Y                                0.70    0.74   -0.04 (VIOLATED)
_2029_/A2                               0.70    0.74   -0.04 (VIOLATED)
_2363_/C                                0.70    0.74   -0.04 (VIOLATED)
_3283_/Y                                0.70    0.74   -0.04 (VIOLATED)
_3284_/B1                               0.70    0.74   -0.04 (VIOLATED)
_3286_/Y                                0.70    0.74   -0.04 (VIOLATED)
_3291_/B2                               0.70    0.74   -0.04 (VIOLATED)
_2978_/Y                                0.70    0.74   -0.04 (VIOLATED)
_2979_/A1                               0.70    0.74   -0.04 (VIOLATED)
_3037_/A0                               0.70    0.74   -0.04 (VIOLATED)
_2965_/Y                                0.70    0.74   -0.04 (VIOLATED)
_2966_/A1                               0.70    0.74   -0.04 (VIOLATED)
_3030_/A0                               0.70    0.74   -0.04 (VIOLATED)
_2815_/Y                                0.70    0.74   -0.04 (VIOLATED)
_2817_/A0                               0.70    0.74   -0.04 (VIOLATED)
_3201_/B1                               0.70    0.74   -0.04 (VIOLATED)
_3189_/X                                0.70    0.74   -0.04 (VIOLATED)
_3191_/C1                               0.70    0.74   -0.04 (VIOLATED)
_3198_/C1                               0.70    0.74   -0.04 (VIOLATED)
_3202_/C1                               0.70    0.74   -0.04 (VIOLATED)
_3210_/C1                               0.70    0.74   -0.04 (VIOLATED)
_3214_/C1                               0.70    0.74   -0.04 (VIOLATED)
_3224_/B1                               0.70    0.74   -0.04 (VIOLATED)
_3235_/C1                               0.70    0.74   -0.04 (VIOLATED)
_3244_/C1                               0.70    0.74   -0.04 (VIOLATED)
_3252_/A                                0.70    0.74   -0.04 (VIOLATED)
_3263_/B1                               0.70    0.74   -0.04 (VIOLATED)
_3283_/B1                               0.70    0.74   -0.04 (VIOLATED)
_3289_/B1                               0.70    0.74   -0.04 (VIOLATED)
_1686_/Y                                0.70    0.73   -0.03 (VIOLATED)
_1687_/A                                0.70    0.73   -0.03 (VIOLATED)
_3023_/A1                               0.70    0.73   -0.03 (VIOLATED)
_1583_/Y                                0.70    0.73   -0.03 (VIOLATED)
_2775_/A1                               0.70    0.73   -0.03 (VIOLATED)
_3606_/D                                0.70    0.73   -0.03 (VIOLATED)
_1615_/Y                                0.70    0.73   -0.03 (VIOLATED)
_2785_/A1                               0.70    0.73   -0.03 (VIOLATED)
_3599_/D                                0.70    0.73   -0.03 (VIOLATED)
_3109_/Y                                0.70    0.73   -0.03 (VIOLATED)
_3110_/B                                0.70    0.73   -0.03 (VIOLATED)
_2110_/B1                               0.70    0.73   -0.03 (VIOLATED)
_2133_/B1                               0.70    0.73   -0.03 (VIOLATED)
_2130_/B1                               0.70    0.73   -0.03 (VIOLATED)
_2104_/A                                0.70    0.73   -0.03 (VIOLATED)
_2097_/B1                               0.70    0.73   -0.03 (VIOLATED)
_2091_/B1                               0.70    0.73   -0.03 (VIOLATED)
_2107_/B1                               0.70    0.73   -0.03 (VIOLATED)
_2136_/A                                0.70    0.73   -0.03 (VIOLATED)
_2094_/B1                               0.70    0.73   -0.03 (VIOLATED)
_3143_/B1                               0.70    0.73   -0.03 (VIOLATED)
_2163_/A                                0.70    0.73   -0.03 (VIOLATED)
_2166_/B1                               0.70    0.73   -0.03 (VIOLATED)
_2169_/A                                0.70    0.73   -0.03 (VIOLATED)
_2172_/A                                0.70    0.73   -0.03 (VIOLATED)
_2084_/B1                               0.70    0.73   -0.03 (VIOLATED)
_2160_/A                                0.70    0.73   -0.03 (VIOLATED)
_2157_/B1                               0.70    0.73   -0.03 (VIOLATED)
_2178_/A                                0.70    0.73   -0.03 (VIOLATED)
_2175_/B1                               0.70    0.73   -0.03 (VIOLATED)
_2154_/A                                0.70    0.73   -0.03 (VIOLATED)
_2181_/A                                0.70    0.73   -0.03 (VIOLATED)
_2184_/B1                               0.70    0.73   -0.03 (VIOLATED)
place51/X                               0.70    0.73   -0.03 (VIOLATED)
_1840_/A1                               0.70    0.73   -0.03 (VIOLATED)
_1849_/C                                0.70    0.73   -0.03 (VIOLATED)
_1856_/B                                0.70    0.73   -0.03 (VIOLATED)
_1918_/A                                0.70    0.73   -0.03 (VIOLATED)
_1940_/A2                               0.70    0.73   -0.03 (VIOLATED)
_1944_/A1                               0.70    0.73   -0.03 (VIOLATED)
_1945_/A1                               0.70    0.73   -0.03 (VIOLATED)
_1947_/A                                0.70    0.73   -0.03 (VIOLATED)
_3351_/Q                                0.70    0.73   -0.03 (VIOLATED)
_2174_/Y                                0.70    0.73   -0.03 (VIOLATED)
_2175_/A2                               0.70    0.73   -0.03 (VIOLATED)
_3055_/Y                                0.70    0.73   -0.03 (VIOLATED)
_3056_/B                                0.70    0.73   -0.03 (VIOLATED)
_1439_/C_N                              0.70    0.73   -0.03 (VIOLATED)
_1452_/A                                0.70    0.73   -0.03 (VIOLATED)
_1453_/A1                               0.70    0.73   -0.03 (VIOLATED)
_1456_/A                                0.70    0.73   -0.03 (VIOLATED)
_1510_/B_N                              0.70    0.73   -0.03 (VIOLATED)
_1517_/A                                0.70    0.73   -0.03 (VIOLATED)
_1571_/A                                0.70    0.73   -0.03 (VIOLATED)
_2336_/A1                               0.70    0.73   -0.03 (VIOLATED)
_2337_/A1                               0.70    0.73   -0.03 (VIOLATED)
_3487_/Q                                0.70    0.73   -0.03 (VIOLATED)
_2869_/S                                0.70    0.73   -0.03 (VIOLATED)
_2873_/A2                               0.70    0.73   -0.03 (VIOLATED)
_2872_/B                                0.70    0.73   -0.03 (VIOLATED)
_2842_/S                                0.70    0.73   -0.03 (VIOLATED)
_2866_/S                                0.70    0.73   -0.03 (VIOLATED)
_2846_/S                                0.70    0.73   -0.03 (VIOLATED)
_2832_/B                                0.70    0.73   -0.03 (VIOLATED)
_2833_/A2                               0.70    0.73   -0.03 (VIOLATED)
_2837_/B                                0.70    0.73   -0.03 (VIOLATED)
_2838_/A2                               0.70    0.73   -0.03 (VIOLATED)
_3163_/Y                                0.70    0.73   -0.03 (VIOLATED)
_3164_/A1                               0.70    0.73   -0.03 (VIOLATED)
_3167_/A0                               0.70    0.73   -0.03 (VIOLATED)
place60/A                               0.70    0.73   -0.03 (VIOLATED)
_2863_/S                                0.70    0.73   -0.03 (VIOLATED)
_2877_/B                                0.70    0.73   -0.03 (VIOLATED)
_2878_/A2                               0.70    0.73   -0.03 (VIOLATED)
_2884_/B                                0.70    0.73   -0.03 (VIOLATED)
_2885_/A2                               0.70    0.73   -0.03 (VIOLATED)
_2923_/B                                0.70    0.73   -0.03 (VIOLATED)
_2924_/A2                               0.70    0.73   -0.03 (VIOLATED)
place61/X                               0.70    0.73   -0.03 (VIOLATED)
_2689_/Y                                0.70    0.73   -0.03 (VIOLATED)
_2690_/B                                0.70    0.73   -0.03 (VIOLATED)
_2776_/A0                               0.70    0.73   -0.03 (VIOLATED)
_2343_/Y                                0.70    0.73   -0.03 (VIOLATED)
_3485_/D                                0.70    0.73   -0.03 (VIOLATED)
_1540_/Y                                0.70    0.73   -0.03 (VIOLATED)
_2759_/A                                0.70    0.73   -0.03 (VIOLATED)
_3614_/D                                0.70    0.73   -0.03 (VIOLATED)
_1526_/Y                                0.70    0.73   -0.03 (VIOLATED)
_2755_/A                                0.70    0.73   -0.03 (VIOLATED)
_3616_/D                                0.70    0.73   -0.03 (VIOLATED)
_1578_/Y                                0.70    0.72   -0.02 (VIOLATED)
_2773_/A                                0.70    0.72   -0.02 (VIOLATED)
_3607_/D                                0.70    0.72   -0.02 (VIOLATED)
_2034_/Y                                0.70    0.72   -0.02 (VIOLATED)
_2035_/A3                               0.70    0.72   -0.02 (VIOLATED)
_2364_/B                                0.70    0.72   -0.02 (VIOLATED)
_1470_/Y                                0.70    0.72   -0.02 (VIOLATED)
_2740_/A                                0.70    0.72   -0.02 (VIOLATED)
_3623_/D                                0.70    0.72   -0.02 (VIOLATED)
_2012_/B1                               0.70    0.71   -0.01 (VIOLATED)
_3137_/B1                               0.70    0.71   -0.01 (VIOLATED)
_2020_/B1                               0.70    0.71   -0.01 (VIOLATED)
_2023_/B1                               0.70    0.71   -0.01 (VIOLATED)
_2030_/B1                               0.70    0.71   -0.01 (VIOLATED)
_2035_/A1                               0.70    0.71   -0.01 (VIOLATED)
_2046_/B1                               0.70    0.71   -0.01 (VIOLATED)
_1869_/B2                               0.70    0.71   -0.01 (VIOLATED)
_1874_/B1                               0.70    0.71   -0.01 (VIOLATED)
_1883_/C1                               0.70    0.71   -0.01 (VIOLATED)
_1879_/B1                               0.70    0.71   -0.01 (VIOLATED)
_1890_/A2                               0.70    0.71   -0.01 (VIOLATED)
_1893_/B1                               0.70    0.71   -0.01 (VIOLATED)
_1944_/A2                               0.70    0.71   -0.01 (VIOLATED)
_1887_/B1                               0.70    0.71   -0.01 (VIOLATED)
_2189_/B1                               0.70    0.71   -0.01 (VIOLATED)
_2191_/B1                               0.70    0.71   -0.01 (VIOLATED)
_2197_/B1                               0.70    0.71   -0.01 (VIOLATED)
_2201_/B1                               0.70    0.71   -0.01 (VIOLATED)
_2212_/A2                               0.70    0.71   -0.01 (VIOLATED)
_3146_/B1                               0.70    0.71   -0.01 (VIOLATED)
place54/X                               0.70    0.71   -0.01 (VIOLATED)
_1610_/Y                                0.70    0.71   -0.01 (VIOLATED)
_2783_/A                                0.70    0.71   -0.01 (VIOLATED)
_3600_/D                                0.70    0.71   -0.01 (VIOLATED)
_1670_/Y                                0.70    0.71   -0.01 (VIOLATED)
_1671_/A                                0.70    0.71   -0.01 (VIOLATED)
_3018_/A1                               0.70    0.71   -0.01 (VIOLATED)
_1557_/Y                                0.70    0.71   -0.01 (VIOLATED)
_2765_/A                                0.70    0.71   -0.01 (VIOLATED)
_3611_/D                                0.70    0.71   -0.01 (VIOLATED)
_2280_/B                                0.70    0.71   -0.01 (VIOLATED)
_2314_/B                                0.70    0.71   -0.01 (VIOLATED)
_2329_/B                                0.70    0.71   -0.01 (VIOLATED)
_2317_/B                                0.70    0.71   -0.01 (VIOLATED)
_2273_/B                                0.70    0.71   -0.01 (VIOLATED)
_2320_/B                                0.70    0.71   -0.01 (VIOLATED)
_2323_/B                                0.70    0.71   -0.01 (VIOLATED)
_2326_/B                                0.70    0.71   -0.01 (VIOLATED)
_2276_/B                                0.70    0.71   -0.01 (VIOLATED)
_2270_/B                                0.70    0.71   -0.01 (VIOLATED)
_2264_/B                                0.70    0.71   -0.01 (VIOLATED)
_2260_/B                                0.70    0.71   -0.01 (VIOLATED)
_2267_/B                                0.70    0.71   -0.01 (VIOLATED)
_2237_/B                                0.70    0.71   -0.01 (VIOLATED)
_2289_/B                                0.70    0.71   -0.01 (VIOLATED)
_2298_/B                                0.70    0.71   -0.01 (VIOLATED)
_2248_/B                                0.70    0.71   -0.01 (VIOLATED)
_2251_/B                                0.70    0.71   -0.01 (VIOLATED)
_2301_/B                                0.70    0.71   -0.01 (VIOLATED)
_2311_/B                                0.70    0.71   -0.01 (VIOLATED)
place72/X                               0.70    0.71   -0.01 (VIOLATED)
_2130_/Y                                0.70    0.71   -0.01 (VIOLATED)
_3421_/D                                0.70    0.71   -0.01 (VIOLATED)
_2477_/Y                                0.70    0.71   -0.01 (VIOLATED)
_2478_/A1                               0.70    0.71   -0.01 (VIOLATED)
_2648_/A0                               0.70    0.71   -0.01 (VIOLATED)
_2423_/Y                                0.70    0.71   -0.01 (VIOLATED)
_2424_/S                                0.70    0.71   -0.01 (VIOLATED)
_2426_/S                                0.70    0.71   -0.01 (VIOLATED)
_1658_/X                                0.70    0.71   -0.01 (VIOLATED)
_1664_/B                                0.70    0.71   -0.01 (VIOLATED)
_2071_/C                                0.70    0.71   -0.01 (VIOLATED)
_2188_/A2                               0.70    0.71   -0.01 (VIOLATED)
_3229_/Y                                0.70    0.70   -0.00 (VIOLATED)
place84/A                               0.70    0.70   -0.00 (VIOLATED)
_2906_/Y                                0.70    0.70   -0.00 (VIOLATED)
_2909_/A0                               0.70    0.70   -0.00 (VIOLATED)
_3271_/A2                               0.70    0.70   -0.00 (VIOLATED)
_3278_/Y                                0.70    0.70   -0.00 (VIOLATED)
_3279_/B1                               0.70    0.70   -0.00 (VIOLATED)
_1605_/Y                                0.70    0.70   -0.00 (VIOLATED)
_2782_/A1                               0.70    0.70   -0.00 (VIOLATED)
_3601_/D                                0.70    0.70   -0.00 (VIOLATED)
_2077_/Y                                0.70    0.70   -0.00 (VIOLATED)
_2084_/A2                               0.70    0.70   -0.00 (VIOLATED)
gated                                   0.70    0.70   -0.00 (VIOLATED)
_1645_/Y                                0.70    0.70   -0.00 (VIOLATED)
_1666_/B                                0.70    0.70   -0.00 (VIOLATED)
_2195_/B                                0.70    0.70   -0.00 (VIOLATED)
_2196_/A1                               0.70    0.70   -0.00 (VIOLATED)
_2199_/B                                0.70    0.70   -0.00 (VIOLATED)
_2200_/A1                               0.70    0.70   -0.00 (VIOLATED)
_3144_/B                                0.70    0.70   -0.00 (VIOLATED)
_3145_/A1                               0.70    0.70   -0.00 (VIOLATED)
_3142_/Y                                0.70    0.70   -0.00 (VIOLATED)
_3143_/A2                               0.70    0.70   -0.00 (VIOLATED)
_2993_/Y                                0.70    0.70   -0.00 (VIOLATED)
_2994_/A1                               0.70    0.70   -0.00 (VIOLATED)
_3042_/A0                               0.70    0.70   -0.00 (VIOLATED)

===KLT_MAX_TRANSITION_VIOLATIONS_END===
===KLT_MAX_CAPACITANCE_VIOLATIONS_BEGIN===
===KLT_MAX_CAPACITANCE_VIOLATIONS_END===
