|* Post-layout sampler_core: the WHOLE composed cell -- four skewed rings,
|* four output buffers, the three-xor2 combining tree, AND all six
|* sampler_dff instances (raw_bit, raw_valid, ring_bit1-4) -- extracted FLAT
|* from ONE `klt extract --parasitics` run over the now DRC-clean, klt
|* lvs-MATCHING layout/sampler_core/sampler_core.gds (264/264 devices,
|* 152/152 nets against design/sampler_core.spice's own .subckt
|* sampler_core, PR #113; extracted as layout/pex-sampler-core/README.md
|* documents, PR #114).
|*
|* Purpose (issue #22's own DR-0008-named follow-up, "sampler_core scope"):
|* every prior sampler_dff-family post-layout deck in this repo
|* (sim/post-layout-sampler-dff/, sim/post-layout-sampler-dff-assembled/)
|* drives ONE isolated sampler_dff instance from an ideal PWL `d` source --
|* never the six-instance fan-out design/sampler_core.spice actually wires,
|* and never a real (not ideal-PWL) input edge. This deck is the first to
|* close both gaps at once: xarr below is the real assembled
|* array-plus-sampler-bank, so each sampler's own `d` pin sees the real,
|* buffer-loaded, post-layout-slowed ring/combining-tree waveform sim/
|* post-layout-ro-array-core/ characterizes -- not a synthetic edge -- and
|* clock-distribution skew across all six instances' own shared `clk` fan-out
|* is present for the first time too. DR-0008's own words: "the prerequisite
|* for any whole-chain raw-tap-to-sampled-bit post-layout claim."
|*
|* Topology, post-layout side (prefix p): xarr is ONE flat-extracted cell,
|* sourced from layout/pex-sampler-core/sampler_core_pex.spice via
|* layout/bin/pex-netlist.py (shared, unmodified). `ro1`-`ro4` and `xo` --
|* the array's own raw taps, each already an internal net of the wrapper
|* `sampler_core_pex` (promoted there so its own six sampler_dff instances
|* can reach them, per layout/pex-sampler-core/README.md's alias table) --
|* are reachable at ONE level of hierarchy (`v(xarr.ro1)`, ...,
|* `v(xarr.xo)`), confirmed by this deck's own development probe before
|* committing (a first attempt at `v(xarr.xpex.ro1)`, guessing the
|* extractor's own internal `__core` instance name `xpex` was needed, came
|* back "not available or has zero length" -- `ro1`/`xo` belong to
|* `sampler_core_pex`'s OWN local scope, one level shallower than that).
|* `xo`'s own two-ring partial sum `t1` is NOT reached by this deck --
|* unlike sim/post-layout-ro-array-core/, which promotes `t1` at the very
|* same one-hierarchy-level depth this deck's own probe found for `ro1`/
|* `xo`, `t1` is internal to the array block nested one level deeper inside
|* `sampler_core_pex` (the array's own combining tree is not itself promoted
|* to `sampler_core_pex`'s local scope, only its four raw taps and the
|* fully-combined `xo` are) -- reaching it would need a second, unverified
|* hierarchy guess this deck does not spend budget confirming. The N=4
|* (`xo`) edge-retention/value-fidelity figures below are this deck's own
|* combining-fidelity claim; the N=2 (`t1`) figure sim/
|* post-layout-ro-array-core/ also reports is not re-measured here.
|*
|* Topology, pre-layout side (prefix-free): xctl is
|* design/sampler_core.spice's own parameterized `.subckt sampler_core`,
|* same-deck same-corner control, `ro1`-`ro4`/`xo` reached the identical way
|* (`v(xctl.ro1)`, ..., `v(xctl.xo)` -- local nets of `.subckt sampler_core`
|* itself, per that file's own `xdut ... ro_array_core` instantiation line).
|*
|* The substrate tie. layout/pex-sampler-core/sampler_core_pex.spice
|* declares the extractor's substrate return node `vsubs` .global
|* (klayout-tools#1503, same as every other post-layout deck in this repo).
|* This deck ties it HARD to 0, the same physically-motivated choice
|* sim/post-layout-ro-array-core/ and its own siblings use -- every composed
|* cell's own psub guard ring is tied to vss, and vss is 0 here.
|*
|* START-UP: ENABLE + RESET RELEASE, NOT `.ic` ON INTERNAL NODES -- same
|* method sim/post-layout-ro-array-core/'s own header explains for the
|* rings (en=0 pins each ro_nand2's own output high, a defined state;
|* releasing it starts the ring), extended here to the six sampler_dff
|* instances the SAME way: rst_n=0 pins each instance's own `mb`/`s2mid`/
|* `qb` internal nodes to a defined reset state (design/sampler_core.spice's
|* own `.subckt sampler_dff`, `Mimpb`/`Mimnb`/`Mis2pb`/`Mis2nb` -- the same
|* four devices sim/post-layout-sampler-dff/'s own reset-contention deck
|* exercises with an explicit PWL pulse), so releasing rst_n from a defined
|* state is exactly as valid a start-up method as `.ic`, and reaches deeper
|* into this deck's own hierarchy (six instances inside two more levels of
|* subckt nesting than sim/raw-bit-min-entropy/'s own top-level sampler_dff
|* calls) with no per-instance `.ic` ladder needed at all. This deck can use
|* a REAL transient rst_n pulse -- unlike sim/raw-bit-min-entropy/, which
|* holds rst_n permanently released because its own trnoise() sources
|* cannot coexist with ANY control-signal breakpoint in this ngspice build
|* -- because this deck injects no noise at all (a deterministic functional/
|* timing/current characterization, not a min-entropy campaign).
|*
|* Timeline. `en1`-`en4` release together at 5 ns (matching
|* sim/post-layout-ro-array-core/ exactly, so the rings reach the same
|* steady oscillation this deck's own ring-period/combining measurements
|* below can cite directly). `rst_n` releases at 300 ns -- comfortably past
|* every ring's own start-up transient at the periods that deck measures
|* (2-4 ns), so the reset-held window below (50-250 ns) is a fair "rings
|* running, samplers held in reset" baseline, not a start-up artifact.
|* `clk` begins pulsing at 320 ns, Ts = 100 ns (the same disclosed,
|* measured compute-budget deviation from DR-0003's Ts = 20 us that
|* sim/raw-bit-min-entropy/'s own header justifies at length -- this deck's
|* own tstop of 800 ns gives five rising clk edges, 320-720 ns, comfortably
|* inside that window). No trnoise() source anywhere in this deck, so no
|* control-signal-breakpoint conflict of the kind that forces
|* sim/raw-bit-min-entropy/ to hold every control signal at `dc`.
|*
|* What "captured value" means here, and what it does NOT claim. With no
|* injected noise, `raw_bit`/`raw_valid`/`ring_bit1`-`ring_bit4` are fully
|* deterministic functions of the free-running rings' own phase at each
|* `clk` edge -- this deck reports FIVE discrete snapshots per side (one
|* per sample instant, at the 50 ns mark inside each `clk` low phase, where
|* every sampler's own slave stage is opaque and holding) to confirm the
|* whole assembled, post-layout cell produces clean rail-to-rail digital
|* levels end to end (not an intermediate voltage, not floating) when
|* driven by its own real ring taps through its own real routing -- NOT a
|* min-entropy or jitter claim (that remains sim/raw-bit-min-entropy/'s own
|* scope, at the pre-layout netlist level only). Pre- and post-layout
|* snapshots at the SAME nominal sample instant are NOT expected to agree
|* bit-for-bit: post-layout parasitics measurably slow the array (this
|* deck's own p_tr*/tr* ratio below quantifies exactly how much), so the
|* two sides' sampler_dff instances can legitimately latch different phases
|* of each ring's own free-running waveform at the same nominal clock edge.
|* That divergence is itself the mechanism this whole entropy source
|* depends on, not a defect in either side.
|*
|* Window / memory. Without an explicit `.save`, ngspice retains a
|* full-resolution trace for every internal parasitic-star leg node this
|* flat extraction introduces (264 devices' worth, on TOP of the samplers'
|* own leg nodes) -- confirmed to exhaust available process memory outright
|* during this deck's own development (`Error: memory required ... is more
|* than memory available`), the same failure
|* sim/post-layout-ro-array-core/'s own header names for the array alone.
|* `.save` below keeps only the traces every `.meas` statement actually
|* reads.
|*
|* This file is a TEMPLATE: sim/bin/corner-run.py substitutes /home/ubuntu/.volare/volare/sky130/versions/c6d73a35f524070e85faff4a6a9eef49553ebc2b/sky130A/libs.tech/combined/sky130.lib.spice,
|* tt, 27.0, 1.8 and 5p. As committed it is not a
|* runnable deck. Invoke with `--ro-ring5 design/sampler_core.spice` and
|* `--pex-lib layout/pex-sampler-core/sampler_core_pex.spice`.
|
|.option scale=1u
|.lib "/home/ubuntu/.volare/volare/sky130/versions/c6d73a35f524070e85faff4a6a9eef49553ebc2b/sky130A/libs.tech/combined/sky130.lib.spice" tt
|
|* pre-layout subcircuit library -- design/sampler_core.spice, which carries
|* the flat `.subckt sampler_core` under test (and, inside it, `.subckt
|* sampler_dff`/`ro_array_core`/etc unmodified).
|.include "/home/ubuntu/GitHub/sky130-trng/.loom/worktrees/issue-22/design/sampler_core.spice"
|* post-layout WHOLE-CELL subcircuit library (sampler_core_pex), generated
|* from layout/sampler_core/'s composed, DRC-clean, klt lvs-matching GDS.
|.include "/home/ubuntu/GitHub/sky130-trng/.loom/worktrees/issue-22/layout/pex-sampler-core/sampler_core_pex.spice"
|
|.temp 27.0
|
|* --- substrate return node: hard tie (see header) ----------------------
|Vsub vsubs 0 dc 0
|
|* --- post-layout WHOLE CELL, one flat-extracted circuit ----------------
|Vddrp1 pvddr1 0 dc 1.8
|Vddrp2 pvddr2 0 dc 1.8
|Vddrp3 pvddr3 0 dc 1.8
|Vddrp4 pvddr4 0 dc 1.8
|Vddp pvdd 0 dc 1.8
|Venp1 pen1 0 PULSE(0 1.8 5n 100p 100p 1u 2u)
|Venp2 pen2 0 PULSE(0 1.8 5n 100p 100p 1u 2u)
|Venp3 pen3 0 PULSE(0 1.8 5n 100p 100p 1u 2u)
|Venp4 pen4 0 PULSE(0 1.8 5n 100p 100p 1u 2u)
|Vrstnp prst_n 0 PULSE(0 1.8 300n 100p 100p 10u 20u)
|Vclkp pclk 0 PULSE(0 1.8 320n 100p 100p 49.8n 100n)
|xarr pen1 pen2 pen3 pen4 pvddr1 pvddr2 pvddr3 pvddr4 pvdd 0 pclk prst_n
|+ praw_bit praw_valid pring_bit1 pring_bit2 pring_bit3 pring_bit4
|+ sampler_core_pex
|
|* --- pre-layout control, identical topology, single-call subckt --------
|Vddr1 vddr1 0 dc 1.8
|Vddr2 vddr2 0 dc 1.8
|Vddr3 vddr3 0 dc 1.8
|Vddr4 vddr4 0 dc 1.8
|Vdd vdd 0 dc 1.8
|Ven1 en1 0 PULSE(0 1.8 5n 100p 100p 1u 2u)
|Ven2 en2 0 PULSE(0 1.8 5n 100p 100p 1u 2u)
|Ven3 en3 0 PULSE(0 1.8 5n 100p 100p 1u 2u)
|Ven4 en4 0 PULSE(0 1.8 5n 100p 100p 1u 2u)
|Vrstn rst_n 0 PULSE(0 1.8 300n 100p 100p 10u 20u)
|Vclk clk 0 PULSE(0 1.8 320n 100p 100p 49.8n 100n)
|xctl en1 en2 en3 en4 vddr1 vddr2 vddr3 vddr4 vdd 0 clk rst_n
|+ raw_bit raw_valid ring_bit1 ring_bit2 ring_bit3 ring_bit4
|+ sampler_core
|
|.ic v(xarr.ro1)=0 v(xarr.ro2)=0 v(xarr.ro3)=0 v(xarr.ro4)=0
|.ic v(xctl.ro1)=0 v(xctl.ro2)=0 v(xctl.ro3)=0 v(xctl.ro4)=0
|
|* Limit the saved transient trace set to exactly what the .meas statements
|* below need (see header -- this is a hard memory requirement here, not an
|* optimization).
|.save v(xarr.ro1) v(xarr.ro2) v(xarr.ro3) v(xarr.ro4) v(xarr.xo)
|.save v(xctl.ro1) v(xctl.ro2) v(xctl.ro3) v(xctl.ro4) v(xctl.xo)
|.save v(praw_bit) v(praw_valid) v(pring_bit1) v(pring_bit2) v(pring_bit3) v(pring_bit4)
|.save v(raw_bit) v(raw_valid) v(ring_bit1) v(ring_bit2) v(ring_bit3) v(ring_bit4)
|.save i(Vddrp1) i(Vddrp2) i(Vddrp3) i(Vddrp4) i(Vddp)
|.save i(Vddr1) i(Vddr2) i(Vddr3) i(Vddr4) i(Vdd)
|
|.tran 5p 800n uic
|
|.control
|run
|
|* ==========================================================================
|* POST-LAYOUT WHOLE CELL
|* ==========================================================================
|
|* --- per-ring periods, 10 whole periods each, first two rising edges
|* discarded as start-up (identical estimator to
|* sim/post-layout-ro-array-core/) ----------------------------------------
|meas tran pt1a when v(xarr.ro1)=0.5*1.8 rise=3
|meas tran pt1b when v(xarr.ro1)=0.5*1.8 rise=13
|let p_tr1 = (pt1b - pt1a)/10
|meas tran pt2a when v(xarr.ro2)=0.5*1.8 rise=3
|meas tran pt2b when v(xarr.ro2)=0.5*1.8 rise=13
|let p_tr2 = (pt2b - pt2a)/10
|meas tran pt3a when v(xarr.ro3)=0.5*1.8 rise=3
|meas tran pt3b when v(xarr.ro3)=0.5*1.8 rise=13
|let p_tr3 = (pt3b - pt3a)/10
|meas tran pt4a when v(xarr.ro4)=0.5*1.8 rise=3
|meas tran pt4b when v(xarr.ro4)=0.5*1.8 rise=13
|let p_tr4 = (pt4b - pt4a)/10
|let p_f_ideal = 1/p_tr1 + 1/p_tr2 + 1/p_tr3 + 1/p_tr4
|
|* --- combining node (N=4, xo): swing, realized edge rate, value bias, now
|* under the six-sampler bank's own real capacitive loading + clk-dependent
|* switching -----------------------------------------------------------
|meas tran pvxo_max MAX v(xarr.xo) from=100n to=800n
|meas tran pvxo_min MIN v(xarr.xo) from=100n to=800n
|let p_swing_frac_xo = (pvxo_max - pvxo_min) / 1.8
|meas tran ptxo_a when v(xarr.xo)=0.5*1.8 rise=2
|meas tran ptxo_b when v(xarr.xo)=0.5*1.8 rise=50
|let p_f_xo = 48/(ptxo_b - ptxo_a)
|let p_edge_retention = p_f_xo / p_f_ideal
|meas tran pvxo_avg AVG v(xarr.xo) from=100n to=800n
|let p_bias_xo = pvxo_avg / 1.8
|
|* --- reset-held check: all six sampler outputs must stay near 0 while
|* rst_n is still asserted (0-300n), regardless of the rings' own toggling
|* -------------------------------------------------------------------
|meas tran p_vrst_bit MAX v(praw_bit) from=50n to=250n
|meas tran p_vrst_valid MAX v(praw_valid) from=50n to=250n
|meas tran p_vrst_r1 MAX v(pring_bit1) from=50n to=250n
|meas tran p_vrst_r2 MAX v(pring_bit2) from=50n to=250n
|meas tran p_vrst_r3 MAX v(pring_bit3) from=50n to=250n
|meas tran p_vrst_r4 MAX v(pring_bit4) from=50n to=250n
|
|* --- captured-value snapshots, one per clk period, 50 ns into each low
|* (opaque/holding) phase -------------------------------------------------
|meas tran p_bit_400n find v(praw_bit) at=400n
|meas tran p_bit_500n find v(praw_bit) at=500n
|meas tran p_bit_600n find v(praw_bit) at=600n
|meas tran p_bit_700n find v(praw_bit) at=700n
|meas tran p_bit_800n find v(praw_bit) at=800n
|meas tran p_valid_400n find v(praw_valid) at=400n
|meas tran p_r1_400n find v(pring_bit1) at=400n
|meas tran p_r2_400n find v(pring_bit2) at=400n
|meas tran p_r3_400n find v(pring_bit3) at=400n
|meas tran p_r4_400n find v(pring_bit4) at=400n
|
|* --- supply current: reset-held window (50-250n) vs. active/sampling
|* window (400-800n), rings and block (buffers+xor tree+six samplers,
|* which now share `vdd` with the array) reported separately -----------
|meas tran pi1_rst AVG i(Vddrp1) from=50n to=250n
|meas tran pi2_rst AVG i(Vddrp2) from=50n to=250n
|meas tran pi3_rst AVG i(Vddrp3) from=50n to=250n
|meas tran pi4_rst AVG i(Vddrp4) from=50n to=250n
|meas tran pib_rst AVG i(Vddp) from=50n to=250n
|let p_i_rings_rst = -(pi1_rst + pi2_rst + pi3_rst + pi4_rst)
|let p_i_block_rst = -pib_rst
|let p_i_total_rst = p_i_rings_rst + p_i_block_rst
|
|meas tran pi1_act AVG i(Vddrp1) from=400n to=800n
|meas tran pi2_act AVG i(Vddrp2) from=400n to=800n
|meas tran pi3_act AVG i(Vddrp3) from=400n to=800n
|meas tran pi4_act AVG i(Vddrp4) from=400n to=800n
|meas tran pib_act AVG i(Vddp) from=400n to=800n
|let p_i_rings_act = -(pi1_act + pi2_act + pi3_act + pi4_act)
|let p_i_block_act = -pib_act
|let p_i_total_act = p_i_rings_act + p_i_block_act
|
|* ==========================================================================
|* PRE-LAYOUT CONTROL -- identical estimators, identical node names
|* ==========================================================================
|
|meas tran t1a when v(xctl.ro1)=0.5*1.8 rise=3
|meas tran t1b when v(xctl.ro1)=0.5*1.8 rise=13
|let tr1 = (t1b - t1a)/10
|meas tran t2a when v(xctl.ro2)=0.5*1.8 rise=3
|meas tran t2b when v(xctl.ro2)=0.5*1.8 rise=13
|let tr2 = (t2b - t2a)/10
|meas tran t3a when v(xctl.ro3)=0.5*1.8 rise=3
|meas tran t3b when v(xctl.ro3)=0.5*1.8 rise=13
|let tr3 = (t3b - t3a)/10
|meas tran t4a when v(xctl.ro4)=0.5*1.8 rise=3
|meas tran t4b when v(xctl.ro4)=0.5*1.8 rise=13
|let tr4 = (t4b - t4a)/10
|let f_ideal = 1/tr1 + 1/tr2 + 1/tr3 + 1/tr4
|
|meas tran vxo_max MAX v(xctl.xo) from=100n to=800n
|meas tran vxo_min MIN v(xctl.xo) from=100n to=800n
|let swing_frac_xo = (vxo_max - vxo_min) / 1.8
|meas tran txo_a when v(xctl.xo)=0.5*1.8 rise=2
|meas tran txo_b when v(xctl.xo)=0.5*1.8 rise=50
|let f_xo = 48/(txo_b - txo_a)
|let edge_retention = f_xo / f_ideal
|meas tran vxo_avg AVG v(xctl.xo) from=100n to=800n
|let bias_xo = vxo_avg / 1.8
|
|meas tran vrst_bit MAX v(raw_bit) from=50n to=250n
|meas tran vrst_valid MAX v(raw_valid) from=50n to=250n
|meas tran vrst_r1 MAX v(ring_bit1) from=50n to=250n
|meas tran vrst_r2 MAX v(ring_bit2) from=50n to=250n
|meas tran vrst_r3 MAX v(ring_bit3) from=50n to=250n
|meas tran vrst_r4 MAX v(ring_bit4) from=50n to=250n
|
|meas tran bit_400n find v(raw_bit) at=400n
|meas tran bit_500n find v(raw_bit) at=500n
|meas tran bit_600n find v(raw_bit) at=600n
|meas tran bit_700n find v(raw_bit) at=700n
|meas tran bit_800n find v(raw_bit) at=800n
|meas tran valid_400n find v(raw_valid) at=400n
|meas tran r1_400n find v(ring_bit1) at=400n
|meas tran r2_400n find v(ring_bit2) at=400n
|meas tran r3_400n find v(ring_bit3) at=400n
|meas tran r4_400n find v(ring_bit4) at=400n
|
|meas tran i1_rst AVG i(Vddr1) from=50n to=250n
|meas tran i2_rst AVG i(Vddr2) from=50n to=250n
|meas tran i3_rst AVG i(Vddr3) from=50n to=250n
|meas tran i4_rst AVG i(Vddr4) from=50n to=250n
|meas tran ib_rst AVG i(Vdd) from=50n to=250n
|let i_rings_rst = -(i1_rst + i2_rst + i3_rst + i4_rst)
|let i_block_rst = -ib_rst
|let i_total_rst = i_rings_rst + i_block_rst
|
|meas tran i1_act AVG i(Vddr1) from=400n to=800n
|meas tran i2_act AVG i(Vddr2) from=400n to=800n
|meas tran i3_act AVG i(Vddr3) from=400n to=800n
|meas tran i4_act AVG i(Vddr4) from=400n to=800n
|meas tran ib_act AVG i(Vdd) from=400n to=800n
|let i_rings_act = -(i1_act + i2_act + i3_act + i4_act)
|let i_block_act = -ib_act
|let i_total_act = i_rings_act + i_block_act
|
|* --- headline ratios: same block, same corner, real inter-block/intra-cell
|* wiring + real sampler loading vs. pre-layout (no interconnect, ideal
|* devices only) ----------------------------------------------------------
|let slowdown_r1 = p_tr1 / tr1
|let slowdown_r2 = p_tr2 / tr2
|let slowdown_r3 = p_tr3 / tr3
|let slowdown_r4 = p_tr4 / tr4
|let i_total_act_ratio = p_i_total_act / i_total_act
|let i_total_rst_ratio = p_i_total_rst / i_total_rst
|
|print p_tr1
|print p_tr2
|print p_tr3
|print p_tr4
|print p_f_ideal
|print p_f_xo
|print p_edge_retention
|print p_bias_xo
|print p_swing_frac_xo
|print p_vrst_bit
|print p_vrst_valid
|print p_vrst_r1
|print p_vrst_r2
|print p_vrst_r3
|print p_vrst_r4
|print p_bit_400n
|print p_bit_500n
|print p_bit_600n
|print p_bit_700n
|print p_bit_800n
|print p_valid_400n
|print p_r1_400n
|print p_r2_400n
|print p_r3_400n
|print p_r4_400n
|print p_i_rings_rst
|print p_i_block_rst
|print p_i_total_rst
|print p_i_rings_act
|print p_i_block_act
|print p_i_total_act
|
|print tr1
|print tr2
|print tr3
|print tr4
|print f_ideal
|print f_xo
|print edge_retention
|print bias_xo
|print swing_frac_xo
|print vrst_bit
|print vrst_valid
|print vrst_r1
|print vrst_r2
|print vrst_r3
|print vrst_r4
|print bit_400n
|print bit_500n
|print bit_600n
|print bit_700n
|print bit_800n
|print valid_400n
|print r1_400n
|print r2_400n
|print r3_400n
|print r4_400n
|print i_rings_rst
|print i_block_rst
|print i_total_rst
|print i_rings_act
|print i_block_act
|print i_total_act
|
|print slowdown_r1
|print slowdown_r2
|print slowdown_r3
|print slowdown_r4
|print i_total_act_ratio
|print i_total_rst_ratio
|.endc
|.end
|

----- stdout -----

Note: No compatibility mode selected!


Circuit: * post-layout sampler_core: the whole composed cell -- four skewed rings,

Doing analysis at TEMP = 27.000000 and TNOM = 27.000000

Using SPARSE 1.3 as Direct Linear Solver
Operating point simulation skipped by 'uic',
  now using transient initial conditions.
 Reference value :  5.00000e-14
 Reference value :  1.41648e-10
 Reference value :  4.16648e-10
 Reference value :  6.96648e-10
 Reference value :  1.01665e-09
 Reference value :  1.36665e-09
 Reference value :  1.60665e-09
 Reference value :  1.92165e-09
 Reference value :  2.26165e-09
 Reference value :  2.53165e-09
 Reference value :  2.76665e-09
 Reference value :  2.99665e-09
 Reference value :  3.26665e-09
 Reference value :  3.54165e-09
 Reference value :  3.81665e-09
 Reference value :  4.08165e-09
 Reference value :  4.35665e-09
 Reference value :  4.63165e-09
 Reference value :  4.90665e-09
 Reference value :  5.17250e-09
 Reference value :  5.53750e-09
 Reference value :  5.93250e-09
 Reference value :  6.32250e-09
 Reference value :  6.62250e-09
 Reference value :  6.97750e-09
 Reference value :  7.34250e-09
 Reference value :  7.74250e-09
 Reference value :  8.07250e-09
 Reference value :  8.36750e-09
 Reference value :  8.65250e-09
 Reference value :  8.94250e-09
 Reference value :  9.18750e-09
 Reference value :  9.44750e-09
 Reference value :  9.68750e-09
 Reference value :  9.95250e-09
 Reference value :  1.02475e-08
 Reference value :  1.05325e-08
 Reference value :  1.07825e-08
 Reference value :  1.10125e-08
 Reference value :  1.12475e-08
 Reference value :  1.14925e-08
 Reference value :  1.17525e-08
 Reference value :  1.20675e-08
 Reference value :  1.23925e-08
 Reference value :  1.27075e-08
 Reference value :  1.29575e-08
 Reference value :  1.31975e-08
 Reference value :  1.34575e-08
 Reference value :  1.37075e-08
 Reference value :  1.39325e-08
 Reference value :  1.41625e-08
 Reference value :  1.43925e-08
 Reference value :  1.46975e-08
 Reference value :  1.49575e-08
 Reference value :  1.52475e-08
 Reference value :  1.55025e-08
 Reference value :  1.57575e-08
 Reference value :  1.60325e-08
 Reference value :  1.62775e-08
 Reference value :  1.65075e-08
 Reference value :  1.67475e-08
 Reference value :  1.69775e-08
 Reference value :  1.72225e-08
 Reference value :  1.74725e-08
 Reference value :  1.77025e-08
 Reference value :  1.79375e-08
 Reference value :  1.81625e-08
 Reference value :  1.84375e-08
 Reference value :  1.87225e-08
 Reference value :  1.90675e-08
 Reference value :  1.93775e-08
 Reference value :  1.96525e-08
 Reference value :  2.00275e-08
 Reference value :  2.03075e-08
 Reference value :  2.05525e-08
 Reference value :  2.08425e-08
 Reference value :  2.11725e-08
 Reference value :  2.15125e-08
 Reference value :  2.18775e-08
 Reference value :  2.21775e-08
 Reference value :  2.24375e-08
 Reference value :  2.27275e-08
 Reference value :  2.30175e-08
 Reference value :  2.33175e-08
 Reference value :  2.36575e-08
 Reference value :  2.39975e-08
 Reference value :  2.43325e-08
 Reference value :  2.46575e-08
 Reference value :  2.49525e-08
 Reference value :  2.52425e-08
 Reference value :  2.55475e-08
 Reference value :  2.58525e-08
 Reference value :  2.61525e-08
 Reference value :  2.64975e-08
 Reference value :  2.68725e-08
 Reference value :  2.71825e-08
 Reference value :  2.74475e-08
 Reference value :  2.76575e-08
 Reference value :  2.79325e-08
 Reference value :  2.82225e-08
 Reference value :  2.84675e-08
 Reference value :  2.86925e-08
 Reference value :  2.89525e-08
 Reference value :  2.92525e-08
 Reference value :  2.95475e-08
 Reference value :  2.97825e-08
 Reference value :  3.00475e-08
 Reference value :  3.03475e-08
 Reference value :  3.06425e-08
 Reference value :  3.08825e-08
 Reference value :  3.11725e-08
 Reference value :  3.14925e-08
 Reference value :  3.18275e-08
 Reference value :  3.21875e-08
 Reference value :  3.25225e-08
 Reference value :  3.28025e-08
 Reference value :  3.30575e-08
 Reference value :  3.32825e-08
 Reference value :  3.35175e-08
 Reference value :  3.37675e-08
 Reference value :  3.41125e-08
 Reference value :  3.44325e-08
 Reference value :  3.46825e-08
 Reference value :  3.49375e-08
 Reference value :  3.52275e-08
 Reference value :  3.54675e-08
 Reference value :  3.56975e-08
 Reference value :  3.59225e-08
 Reference value :  3.61775e-08
 Reference value :  3.64225e-08
 Reference value :  3.67275e-08
 Reference value :  3.71375e-08
 Reference value :  3.74425e-08
 Reference value :  3.77375e-08
 Reference value :  3.80225e-08
 Reference value :  3.82675e-08
 Reference value :  3.85175e-08
 Reference value :  3.88175e-08
 Reference value :  3.90725e-08
 Reference value :  3.93325e-08
 Reference value :  3.96375e-08
 Reference value :  3.99925e-08
 Reference value :  4.03625e-08
 Reference value :  4.06375e-08
 Reference value :  4.08625e-08
 Reference value :  4.10875e-08
 Reference value :  4.13525e-08
 Reference value :  4.15975e-08
 Reference value :  4.18425e-08
 Reference value :  4.20775e-08
 Reference value :  4.23325e-08
 Reference value :  4.25725e-08
 Reference value :  4.28425e-08
 Reference value :  4.30725e-08
 Reference value :  4.33675e-08
 Reference value :  4.36325e-08
 Reference value :  4.38725e-08
 Reference value :  4.41175e-08
 Reference value :  4.43875e-08
 Reference value :  4.46125e-08
 Reference value :  4.48775e-08
 Reference value :  4.51225e-08
 Reference value :  4.53625e-08
 Reference value :  4.56125e-08
 Reference value :  4.58975e-08
 Reference value :  4.61425e-08
 Reference value :  4.63925e-08
 Reference value :  4.66475e-08
 Reference value :  4.68825e-08
 Reference value :  4.71075e-08
 Reference value :  4.73675e-08
 Reference value :  4.76025e-08
 Reference value :  4.78575e-08
 Reference value :  4.81675e-08
 Reference value :  4.84725e-08
 Reference value :  4.87675e-08
 Reference value :  4.89975e-08
 Reference value :  4.92425e-08
 Reference value :  4.95275e-08
 Reference value :  4.98075e-08
 Reference value :  5.00475e-08
 Reference value :  5.03075e-08
 Reference value :  5.05925e-08
 Reference value :  5.08975e-08
 Reference value :  5.11925e-08
 Reference value :  5.14775e-08
 Reference value :  5.17675e-08
 Reference value :  5.20825e-08
 Reference value :  5.23825e-08
 Reference value :  5.26375e-08
 Reference value :  5.28875e-08
 Reference value :  5.31775e-08
 Reference value :  5.34675e-08
 Reference value :  5.37575e-08
 Reference value :  5.40525e-08
 Reference value :  5.42975e-08
 Reference value :  5.45575e-08
 Reference value :  5.48425e-08
 Reference value :  5.50875e-08
 Reference value :  5.53125e-08
 Reference value :  5.55625e-08
 Reference value :  5.58525e-08
 Reference value :  5.61475e-08
 Reference value :  5.64475e-08
 Reference value :  5.67075e-08
 Reference value :  5.69475e-08
 Reference value :  5.72075e-08
 Reference value :  5.74475e-08
 Reference value :  5.76825e-08
 Reference value :  5.79325e-08
 Reference value :  5.81825e-08
 Reference value :  5.84275e-08
 Reference value :  5.86625e-08
 Reference value :  5.89475e-08
 Reference value :  5.91825e-08
 Reference value :  5.94475e-08
 Reference value :  5.97125e-08
 Reference value :  5.99375e-08
 Reference value :  6.01925e-08
 Reference value :  6.04275e-08
 Reference value :  6.07025e-08
 Reference value :  6.09475e-08
 Reference value :  6.12125e-08
 Reference value :  6.14525e-08
 Reference value :  6.17175e-08
 Reference value :  6.19875e-08
 Reference value :  6.22225e-08
 Reference value :  6.24525e-08
 Reference value :  6.26725e-08
 Reference value :  6.29075e-08
 Reference value :  6.31325e-08
 Reference value :  6.33875e-08
 Reference value :  6.36175e-08
 Reference value :  6.38375e-08
 Reference value :  6.40625e-08
 Reference value :  6.42875e-08
 Reference value :  6.45575e-08
 Reference value :  6.48025e-08
 Reference value :  6.50575e-08
 Reference value :  6.53125e-08
 Reference value :  6.55475e-08
 Reference value :  6.58675e-08
 Reference value :  6.61125e-08
 Reference value :  6.63325e-08
 Reference value :  6.65575e-08
 Reference value :  6.67675e-08
 Reference value :  6.70225e-08
 Reference value :  6.72475e-08
 Reference value :  6.75475e-08
 Reference value :  6.78425e-08
 Reference value :  6.80725e-08
 Reference value :  6.83075e-08
 Reference value :  6.85225e-08
 Reference value :  6.87725e-08
 Reference value :  6.89875e-08
 Reference value :  6.92025e-08
 Reference value :  6.94675e-08
 Reference value :  6.97225e-08
 Reference value :  6.99925e-08
 Reference value :  7.03675e-08
 Reference value :  7.06875e-08
 Reference value :  7.09775e-08
 Reference value :  7.11975e-08
 Reference value :  7.14225e-08
 Reference value :  7.16575e-08
 Reference value :  7.19625e-08
 Reference value :  7.22575e-08
 Reference value :  7.26425e-08
 Reference value :  7.29725e-08
 Reference value :  7.32725e-08
 Reference value :  7.35625e-08
 Reference value :  7.38575e-08
 Reference value :  7.41675e-08
 Reference value :  7.44325e-08
 Reference value :  7.47075e-08
 Reference value :  7.49925e-08
 Reference value :  7.53175e-08
 Reference value :  7.55875e-08
 Reference value :  7.58175e-08
 Reference value :  7.60275e-08
 Reference value :  7.62725e-08
 Reference value :  7.65725e-08
 Reference value :  7.68225e-08
 Reference value :  7.70525e-08
 Reference value :  7.72875e-08
 Reference value :  7.75325e-08
 Reference value :  7.78625e-08
 Reference value :  7.81525e-08
 Reference value :  7.83975e-08
 Reference value :  7.86225e-08
 Reference value :  7.88275e-08
 Reference value :  7.90725e-08
 Reference value :  7.93475e-08
 Reference value :  7.96125e-08
 Reference value :  7.98575e-08
 Reference value :  8.01275e-08
 Reference value :  8.04525e-08
 Reference value :  8.07975e-08
 Reference value :  8.11875e-08
 Reference value :  8.15375e-08
 Reference value :  8.18225e-08
 Reference value :  8.20975e-08
 Reference value :  8.23775e-08
 Reference value :  8.27075e-08
 Reference value :  8.30175e-08
 Reference value :  8.32775e-08
 Reference value :  8.35475e-08
 Reference value :  8.39175e-08
 Reference value :  8.41925e-08
 Reference value :  8.44625e-08
 Reference value :  8.48025e-08
 Reference value :  8.50675e-08
 Reference value :  8.53175e-08
 Reference value :  8.56025e-08
 Reference value :  8.58825e-08
 Reference value :  8.61875e-08
 Reference value :  8.65275e-08
 Reference value :  8.68475e-08
 Reference value :  8.71375e-08
 Reference value :  8.74225e-08
 Reference value :  8.76775e-08
 Reference value :  8.79025e-08
 Reference value :  8.81325e-08
 Reference value :  8.84075e-08
 Reference value :  8.86725e-08
 Reference value :  8.89775e-08
 Reference value :  8.93275e-08
 Reference value :  8.96525e-08
 Reference value :  8.99675e-08
 Reference value :  9.02425e-08
 Reference value :  9.05225e-08
 Reference value :  9.07925e-08
 Reference value :  9.10925e-08
 Reference value :  9.13925e-08
 Reference value :  9.17075e-08
 Reference value :  9.19725e-08
 Reference value :  9.22725e-08
 Reference value :  9.25425e-08
 Reference value :  9.28325e-08
 Reference value :  9.31325e-08
 Reference value :  9.34275e-08
 Reference value :  9.37275e-08
 Reference value :  9.40475e-08
 Reference value :  9.43525e-08
 Reference value :  9.46925e-08
 Reference value :  9.49975e-08
 Reference value :  9.53125e-08
 Reference value :  9.56175e-08
 Reference value :  9.58725e-08
 Reference value :  9.60925e-08
 Reference value :  9.63925e-08
 Reference value :  9.67325e-08
 Reference value :  9.70725e-08
 Reference value :  9.74425e-08
 Reference value :  9.77425e-08
 Reference value :  9.80875e-08
 Reference value :  9.84675e-08
 Reference value :  9.87775e-08
 Reference value :  9.91675e-08
 Reference value :  9.95375e-08
 Reference value :  9.98975e-08
 Reference value :  1.00228e-07
 Reference value :  1.00473e-07
 Reference value :  1.00838e-07
 Reference value :  1.01138e-07
 Reference value :  1.01418e-07
 Reference value :  1.01768e-07
 Reference value :  1.02068e-07
 Reference value :  1.02438e-07
 Reference value :  1.02743e-07
 Reference value :  1.03023e-07
 Reference value :  1.03313e-07
 Reference value :  1.03608e-07
 Reference value :  1.03863e-07
 Reference value :  1.04093e-07
 Reference value :  1.04393e-07
 Reference value :  1.04778e-07
 Reference value :  1.05113e-07
 Reference value :  1.05448e-07
 Reference value :  1.05753e-07
 Reference value :  1.06033e-07
 Reference value :  1.06363e-07
 Reference value :  1.06688e-07
 Reference value :  1.06968e-07
 Reference value :  1.07308e-07
 Reference value :  1.07618e-07
 Reference value :  1.07923e-07
 Reference value :  1.08233e-07
 Reference value :  1.08518e-07
 Reference value :  1.08863e-07
 Reference value :  1.09183e-07
 Reference value :  1.09483e-07
 Reference value :  1.09783e-07
 Reference value :  1.10068e-07
 Reference value :  1.10373e-07
 Reference value :  1.10623e-07
 Reference value :  1.10863e-07
 Reference value :  1.11188e-07
 Reference value :  1.11483e-07
 Reference value :  1.11753e-07
 Reference value :  1.12058e-07
 Reference value :  1.12338e-07
 Reference value :  1.12568e-07
 Reference value :  1.12808e-07
 Reference value :  1.13043e-07
 Reference value :  1.13353e-07
 Reference value :  1.13708e-07
 Reference value :  1.13973e-07
 Reference value :  1.14198e-07
 Reference value :  1.14428e-07
 Reference value :  1.14703e-07
 Reference value :  1.14963e-07
 Reference value :  1.15198e-07
 Reference value :  1.15458e-07
 Reference value :  1.15758e-07
 Reference value :  1.16063e-07
 Reference value :  1.16443e-07
 Reference value :  1.16748e-07
 Reference value :  1.17043e-07
 Reference value :  1.17343e-07
 Reference value :  1.17623e-07
 Reference value :  1.17918e-07
 Reference value :  1.18193e-07
 Reference value :  1.18508e-07
 Reference value :  1.18773e-07
 Reference value :  1.19053e-07
 Reference value :  1.19278e-07
 Reference value :  1.19528e-07
 Reference value :  1.19818e-07
 Reference value :  1.20113e-07
 Reference value :  1.20398e-07
 Reference value :  1.20728e-07
 Reference value :  1.21088e-07
 Reference value :  1.21483e-07
 Reference value :  1.21793e-07
 Reference value :  1.22103e-07
 Reference value :  1.22393e-07
 Reference value :  1.22663e-07
 Reference value :  1.22918e-07
 Reference value :  1.23203e-07
 Reference value :  1.23488e-07
 Reference value :  1.23793e-07
 Reference value :  1.24088e-07
 Reference value :  1.24348e-07
 Reference value :  1.24578e-07
 Reference value :  1.24813e-07
 Reference value :  1.25123e-07
 Reference value :  1.25428e-07
 Reference value :  1.25683e-07
 Reference value :  1.25948e-07
 Reference value :  1.26238e-07
 Reference value :  1.26608e-07
 Reference value :  1.26933e-07
 Reference value :  1.27268e-07
 Reference value :  1.27578e-07
 Reference value :  1.27858e-07
 Reference value :  1.28123e-07
 Reference value :  1.28358e-07
 Reference value :  1.28618e-07
 Reference value :  1.28918e-07
 Reference value :  1.29193e-07
 Reference value :  1.29478e-07
 Reference value :  1.29808e-07
 Reference value :  1.30128e-07
 Reference value :  1.30398e-07
 Reference value :  1.30653e-07
 Reference value :  1.30928e-07
 Reference value :  1.31163e-07
 Reference value :  1.31453e-07
 Reference value :  1.31698e-07
 Reference value :  1.31968e-07
 Reference value :  1.32323e-07
 Reference value :  1.32658e-07
 Reference value :  1.32943e-07
 Reference value :  1.33173e-07
 Reference value :  1.33448e-07
 Reference value :  1.33693e-07
 Reference value :  1.33963e-07
 Reference value :  1.34273e-07
 Reference value :  1.34598e-07
 Reference value :  1.34908e-07
 Reference value :  1.35213e-07
 Reference value :  1.35493e-07
 Reference value :  1.35798e-07
 Reference value :  1.36088e-07
 Reference value :  1.36413e-07
 Reference value :  1.36713e-07
 Reference value :  1.37053e-07
 Reference value :  1.37358e-07
 Reference value :  1.37688e-07
 Reference value :  1.38058e-07
 Reference value :  1.38378e-07
 Reference value :  1.38688e-07
 Reference value :  1.38913e-07
 Reference value :  1.39243e-07
 Reference value :  1.39558e-07
 Reference value :  1.39793e-07
 Reference value :  1.40098e-07
 Reference value :  1.40383e-07
 Reference value :  1.40633e-07
 Reference value :  1.40903e-07
 Reference value :  1.41178e-07
 Reference value :  1.41528e-07
 Reference value :  1.41863e-07
 Reference value :  1.42173e-07
 Reference value :  1.42568e-07
 Reference value :  1.42968e-07
 Reference value :  1.43373e-07
 Reference value :  1.43668e-07
 Reference value :  1.44038e-07
 Reference value :  1.44428e-07
 Reference value :  1.44753e-07
 Reference value :  1.45158e-07
 Reference value :  1.45508e-07
 Reference value :  1.45838e-07
 Reference value :  1.46143e-07
 Reference value :  1.46438e-07
 Reference value :  1.46838e-07
 Reference value :  1.47153e-07
 Reference value :  1.47453e-07
 Reference value :  1.47848e-07
 Reference value :  1.48258e-07
 Reference value :  1.48633e-07
 Reference value :  1.48958e-07
 Reference value :  1.49328e-07
 Reference value :  1.49658e-07
 Reference value :  1.49963e-07
 Reference value :  1.50273e-07
 Reference value :  1.50678e-07
 Reference value :  1.51063e-07
 Reference value :  1.51403e-07
 Reference value :  1.51733e-07
 Reference value :  1.52018e-07
 Reference value :  1.52383e-07
 Reference value :  1.52678e-07
 Reference value :  1.52963e-07
 Reference value :  1.53253e-07
 Reference value :  1.53543e-07
 Reference value :  1.53818e-07
 Reference value :  1.54083e-07
 Reference value :  1.54318e-07
 Reference value :  1.54568e-07
 Reference value :  1.54848e-07
 Reference value :  1.55083e-07
 Reference value :  1.55418e-07
 Reference value :  1.55748e-07
 Reference value :  1.56073e-07
 Reference value :  1.56463e-07
 Reference value :  1.56708e-07
 Reference value :  1.56973e-07
 Reference value :  1.57238e-07
 Reference value :  1.57473e-07
 Reference value :  1.57773e-07
 Reference value :  1.58118e-07
 Reference value :  1.58368e-07
 Reference value :  1.58628e-07
 Reference value :  1.58938e-07
 Reference value :  1.59278e-07
 Reference value :  1.59663e-07
 Reference value :  1.60008e-07
 Reference value :  1.60318e-07
 Reference value :  1.60623e-07
 Reference value :  1.60933e-07
 Reference value :  1.61228e-07
 Reference value :  1.61593e-07
 Reference value :  1.61923e-07
 Reference value :  1.62318e-07
 Reference value :  1.62653e-07
 Reference value :  1.62948e-07
 Reference value :  1.63253e-07
 Reference value :  1.63538e-07
 Reference value :  1.63838e-07
 Reference value :  1.64188e-07
 Reference value :  1.64553e-07
 Reference value :  1.64918e-07
 Reference value :  1.65228e-07
 Reference value :  1.65533e-07
 Reference value :  1.65773e-07
 Reference value :  1.66018e-07
 Reference value :  1.66333e-07
 Reference value :  1.66678e-07
 Reference value :  1.67028e-07
 Reference value :  1.67383e-07
 Reference value :  1.67678e-07
 Reference value :  1.67978e-07
 Reference value :  1.68233e-07
 Reference value :  1.68478e-07
 Reference value :  1.68773e-07
 Reference value :  1.69018e-07
 Reference value :  1.69268e-07
 Reference value :  1.69508e-07
 Reference value :  1.69818e-07
 Reference value :  1.70113e-07
 Reference value :  1.70393e-07
 Reference value :  1.70683e-07
 Reference value :  1.70918e-07
 Reference value :  1.71148e-07
 Reference value :  1.71443e-07
 Reference value :  1.71738e-07
 Reference value :  1.72003e-07
 Reference value :  1.72343e-07
 Reference value :  1.72688e-07
 Reference value :  1.72963e-07
 Reference value :  1.73208e-07
 Reference value :  1.73453e-07
 Reference value :  1.73673e-07
 Reference value :  1.73923e-07
 Reference value :  1.74203e-07
 Reference value :  1.74473e-07
 Reference value :  1.74813e-07
 Reference value :  1.75153e-07
 Reference value :  1.75473e-07
 Reference value :  1.75823e-07
 Reference value :  1.76143e-07
 Reference value :  1.76443e-07
 Reference value :  1.76713e-07
 Reference value :  1.76963e-07
 Reference value :  1.77193e-07
 Reference value :  1.77468e-07
 Reference value :  1.77708e-07
 Reference value :  1.77938e-07
 Reference value :  1.78173e-07
 Reference value :  1.78438e-07
 Reference value :  1.78683e-07
 Reference value :  1.78923e-07
 Reference value :  1.79268e-07
 Reference value :  1.79623e-07
 Reference value :  1.79908e-07
 Reference value :  1.80218e-07
 Reference value :  1.80493e-07
 Reference value :  1.80713e-07
 Reference value :  1.80958e-07
 Reference value :  1.81233e-07
 Reference value :  1.81498e-07
 Reference value :  1.81723e-07
 Reference value :  1.82028e-07
 Reference value :  1.82353e-07
 Reference value :  1.82678e-07
 Reference value :  1.82983e-07
 Reference value :  1.83223e-07
 Reference value :  1.83518e-07
 Reference value :  1.83848e-07
 Reference value :  1.84213e-07
 Reference value :  1.84523e-07
 Reference value :  1.84818e-07
 Reference value :  1.85158e-07
 Reference value :  1.85483e-07
 Reference value :  1.85768e-07
 Reference value :  1.86143e-07
 Reference value :  1.86483e-07
 Reference value :  1.86853e-07
 Reference value :  1.87198e-07
 Reference value :  1.87533e-07
 Reference value :  1.87873e-07
 Reference value :  1.88178e-07
 Reference value :  1.88558e-07
 Reference value :  1.88973e-07
 Reference value :  1.89343e-07
 Reference value :  1.89673e-07
 Reference value :  1.90083e-07
 Reference value :  1.90463e-07
 Reference value :  1.90848e-07
 Reference value :  1.91313e-07
 Reference value :  1.91803e-07
 Reference value :  1.92213e-07
 Reference value :  1.92613e-07
 Reference value :  1.93068e-07
 Reference value :  1.93438e-07
 Reference value :  1.93878e-07
 Reference value :  1.94328e-07
 Reference value :  1.94723e-07
 Reference value :  1.95108e-07
 Reference value :  1.95543e-07
 Reference value :  1.95948e-07
 Reference value :  1.96378e-07
 Reference value :  1.96863e-07
 Reference value :  1.97253e-07
 Reference value :  1.97633e-07
 Reference value :  1.98018e-07
 Reference value :  1.98448e-07
 Reference value :  1.98818e-07
 Reference value :  1.99283e-07
 Reference value :  1.99688e-07
 Reference value :  2.00103e-07
 Reference value :  2.00468e-07
 Reference value :  2.00873e-07
 Reference value :  2.01263e-07
 Reference value :  2.01673e-07
 Reference value :  2.02033e-07
 Reference value :  2.02453e-07
 Reference value :  2.02808e-07
 Reference value :  2.03198e-07
 Reference value :  2.03528e-07
 Reference value :  2.03933e-07
 Reference value :  2.04303e-07
 Reference value :  2.04698e-07
 Reference value :  2.05083e-07
 Reference value :  2.05523e-07
 Reference value :  2.05918e-07
 Reference value :  2.06278e-07
 Reference value :  2.06608e-07
 Reference value :  2.06888e-07
 Reference value :  2.07238e-07
 Reference value :  2.07633e-07
 Reference value :  2.08058e-07
 Reference value :  2.08503e-07
 Reference value :  2.08878e-07
 Reference value :  2.09233e-07
 Reference value :  2.09568e-07
 Reference value :  2.09953e-07
 Reference value :  2.10363e-07
 Reference value :  2.10803e-07
 Reference value :  2.11203e-07
 Reference value :  2.11533e-07
 Reference value :  2.11843e-07
 Reference value :  2.12193e-07
 Reference value :  2.12573e-07
 Reference value :  2.12943e-07
 Reference value :  2.13353e-07
 Reference value :  2.13773e-07
 Reference value :  2.14118e-07
 Reference value :  2.14448e-07
 Reference value :  2.14738e-07
 Reference value :  2.15043e-07
 Reference value :  2.15338e-07
 Reference value :  2.15683e-07
 Reference value :  2.16058e-07
 Reference value :  2.16393e-07
 Reference value :  2.16698e-07
 Reference value :  2.17008e-07
 Reference value :  2.17348e-07
 Reference value :  2.17643e-07
 Reference value :  2.17978e-07
 Reference value :  2.18353e-07
 Reference value :  2.18723e-07
 Reference value :  2.19038e-07
 Reference value :  2.19378e-07
 Reference value :  2.19663e-07
 Reference value :  2.19958e-07
 Reference value :  2.20233e-07
 Reference value :  2.20518e-07
 Reference value :  2.20858e-07
 Reference value :  2.21193e-07
 Reference value :  2.21478e-07
 Reference value :  2.21748e-07
 Reference value :  2.22063e-07
 Reference value :  2.22338e-07
 Reference value :  2.22568e-07
 Reference value :  2.22838e-07
 Reference value :  2.23133e-07
 Reference value :  2.23493e-07
 Reference value :  2.23798e-07
 Reference value :  2.24088e-07
 Reference value :  2.24433e-07
 Reference value :  2.24748e-07
 Reference value :  2.25043e-07
 Reference value :  2.25318e-07
 Reference value :  2.25618e-07
 Reference value :  2.25928e-07
 Reference value :  2.26238e-07
 Reference value :  2.26558e-07
 Reference value :  2.26893e-07
 Reference value :  2.27233e-07
 Reference value :  2.27528e-07
 Reference value :  2.27838e-07
 Reference value :  2.28173e-07
 Reference value :  2.28473e-07
 Reference value :  2.28853e-07
 Reference value :  2.29173e-07
 Reference value :  2.29468e-07
 Reference value :  2.29783e-07
 Reference value :  2.30108e-07
 Reference value :  2.30418e-07
 Reference value :  2.30708e-07
 Reference value :  2.31023e-07
 Reference value :  2.31333e-07
 Reference value :  2.31678e-07
 Reference value :  2.32053e-07
 Reference value :  2.32403e-07
 Reference value :  2.32753e-07
 Reference value :  2.33043e-07
 Reference value :  2.33388e-07
 Reference value :  2.33743e-07
 Reference value :  2.34073e-07
 Reference value :  2.34418e-07
 Reference value :  2.34833e-07
 Reference value :  2.35203e-07
 Reference value :  2.35548e-07
 Reference value :  2.35903e-07
 Reference value :  2.36268e-07
 Reference value :  2.36583e-07
 Reference value :  2.36928e-07
 Reference value :  2.37323e-07
 Reference value :  2.37733e-07
 Reference value :  2.38083e-07
 Reference value :  2.38363e-07
 Reference value :  2.38718e-07
 Reference value :  2.39068e-07
 Reference value :  2.39358e-07
 Reference value :  2.39738e-07
 Reference value :  2.40083e-07
 Reference value :  2.40463e-07
 Reference value :  2.40778e-07
 Reference value :  2.41088e-07
 Reference value :  2.41448e-07
 Reference value :  2.41783e-07
 Reference value :  2.42103e-07
 Reference value :  2.42498e-07
 Reference value :  2.42898e-07
 Reference value :  2.43213e-07
 Reference value :  2.43563e-07
 Reference value :  2.43898e-07
 Reference value :  2.44253e-07
 Reference value :  2.44593e-07
 Reference value :  2.44958e-07
 Reference value :  2.45343e-07
 Reference value :  2.45673e-07
 Reference value :  2.46018e-07
 Reference value :  2.46308e-07
 Reference value :  2.46623e-07
 Reference value :  2.46978e-07
 Reference value :  2.47303e-07
 Reference value :  2.47628e-07
 Reference value :  2.47918e-07
 Reference value :  2.48243e-07
 Reference value :  2.48523e-07
 Reference value :  2.48753e-07
 Reference value :  2.48998e-07
 Reference value :  2.49273e-07
 Reference value :  2.49588e-07
 Reference value :  2.49948e-07
 Reference value :  2.50243e-07
 Reference value :  2.50573e-07
 Reference value :  2.50963e-07
 Reference value :  2.51323e-07
 Reference value :  2.51663e-07
 Reference value :  2.51968e-07
 Reference value :  2.52278e-07
 Reference value :  2.52588e-07
 Reference value :  2.52873e-07
 Reference value :  2.53223e-07
 Reference value :  2.53543e-07
 Reference value :  2.53928e-07
 Reference value :  2.54328e-07
 Reference value :  2.54643e-07
 Reference value :  2.54953e-07
 Reference value :  2.55263e-07
 Reference value :  2.55548e-07
 Reference value :  2.55858e-07
 Reference value :  2.56143e-07
 Reference value :  2.56453e-07
 Reference value :  2.56858e-07
 Reference value :  2.57193e-07
 Reference value :  2.57503e-07
 Reference value :  2.57778e-07
 Reference value :  2.58038e-07
 Reference value :  2.58338e-07
 Reference value :  2.58638e-07
 Reference value :  2.58953e-07
 Reference value :  2.59313e-07
 Reference value :  2.59683e-07
 Reference value :  2.59993e-07
 Reference value :  2.60293e-07
 Reference value :  2.60633e-07
 Reference value :  2.60938e-07
 Reference value :  2.61218e-07
 Reference value :  2.61518e-07
 Reference value :  2.61883e-07
 Reference value :  2.62208e-07
 Reference value :  2.62518e-07
 Reference value :  2.62788e-07
 Reference value :  2.63063e-07
 Reference value :  2.63348e-07
 Reference value :  2.63633e-07
 Reference value :  2.63928e-07
 Reference value :  2.64283e-07
 Reference value :  2.64643e-07
 Reference value :  2.64913e-07
 Reference value :  2.65223e-07
 Reference value :  2.65508e-07
 Reference value :  2.65783e-07
 Reference value :  2.66053e-07
 Reference value :  2.66293e-07
 Reference value :  2.66583e-07
 Reference value :  2.66883e-07
 Reference value :  2.67218e-07
 Reference value :  2.67533e-07
 Reference value :  2.67833e-07
 Reference value :  2.68123e-07
 Reference value :  2.68413e-07
 Reference value :  2.68693e-07
 Reference value :  2.68978e-07
 Reference value :  2.69313e-07
 Reference value :  2.69653e-07
 Reference value :  2.69963e-07
 Reference value :  2.70288e-07
 Reference value :  2.70598e-07
 Reference value :  2.70958e-07
 Reference value :  2.71353e-07
 Reference value :  2.71668e-07
 Reference value :  2.71983e-07
 Reference value :  2.72268e-07
 Reference value :  2.72548e-07
 Reference value :  2.72858e-07
 Reference value :  2.73193e-07
 Reference value :  2.73528e-07
 Reference value :  2.73923e-07
 Reference value :  2.74258e-07
 Reference value :  2.74543e-07
 Reference value :  2.74908e-07
 Reference value :  2.75208e-07
 Reference value :  2.75523e-07
 Reference value :  2.75893e-07
 Reference value :  2.76208e-07
 Reference value :  2.76458e-07
 Reference value :  2.76718e-07
 Reference value :  2.76998e-07
 Reference value :  2.77288e-07
 Reference value :  2.77628e-07
 Reference value :  2.77998e-07
 Reference value :  2.78348e-07
 Reference value :  2.78718e-07
 Reference value :  2.79023e-07
 Reference value :  2.79318e-07
 Reference value :  2.79698e-07
 Reference value :  2.80033e-07
 Reference value :  2.80388e-07
 Reference value :  2.80728e-07
 Reference value :  2.81088e-07
 Reference value :  2.81463e-07
 Reference value :  2.81788e-07
 Reference value :  2.82138e-07
 Reference value :  2.82488e-07
 Reference value :  2.82818e-07
 Reference value :  2.83228e-07
 Reference value :  2.83643e-07
 Reference value :  2.83993e-07
 Reference value :  2.84308e-07
 Reference value :  2.84643e-07
 Reference value :  2.84983e-07
 Reference value :  2.85278e-07
 Reference value :  2.85627e-07
 Reference value :  2.86032e-07
 Reference value :  2.86442e-07
 Reference value :  2.86762e-07
 Reference value :  2.87097e-07
 Reference value :  2.87447e-07
 Reference value :  2.87782e-07
 Reference value :  2.88102e-07
 Reference value :  2.88492e-07
 Reference value :  2.88887e-07
 Reference value :  2.89207e-07
 Reference value :  2.89567e-07
 Reference value :  2.89912e-07
 Reference value :  2.90262e-07
 Reference value :  2.90567e-07
 Reference value :  2.90922e-07
 Reference value :  2.91302e-07
 Reference value :  2.91622e-07
 Reference value :  2.91957e-07
 Reference value :  2.92262e-07
 Reference value :  2.92597e-07
 Reference value :  2.92972e-07
 Reference value :  2.93302e-07
 Reference value :  2.93642e-07
 Reference value :  2.93977e-07
 Reference value :  2.94287e-07
 Reference value :  2.94642e-07
 Reference value :  2.94952e-07
 Reference value :  2.95302e-07
 Reference value :  2.95627e-07
 Reference value :  2.95962e-07
 Reference value :  2.96267e-07
 Reference value :  2.96537e-07
 Reference value :  2.96847e-07
 Reference value :  2.97122e-07
 Reference value :  2.97447e-07
 Reference value :  2.97727e-07
 Reference value :  2.97987e-07
 Reference value :  2.98237e-07
 Reference value :  2.98522e-07
 Reference value :  2.98792e-07
 Reference value :  2.99122e-07
 Reference value :  2.99422e-07
 Reference value :  2.99777e-07
 Reference value :  3.00118e-07
 Reference value :  3.00437e-07
 Reference value :  3.00727e-07
 Reference value :  3.01022e-07
 Reference value :  3.01322e-07
 Reference value :  3.01607e-07
 Reference value :  3.01907e-07
 Reference value :  3.02197e-07
 Reference value :  3.02502e-07
 Reference value :  3.02872e-07
 Reference value :  3.03197e-07
 Reference value :  3.03497e-07
 Reference value :  3.03787e-07
 Reference value :  3.04067e-07
 Reference value :  3.04342e-07
 Reference value :  3.04632e-07
 Reference value :  3.04942e-07
 Reference value :  3.05232e-07
 Reference value :  3.05612e-07
 Reference value :  3.05907e-07
 Reference value :  3.06192e-07
 Reference value :  3.06477e-07
 Reference value :  3.06777e-07
 Reference value :  3.07057e-07
 Reference value :  3.07372e-07
 Reference value :  3.07677e-07
 Reference value :  3.07977e-07
 Reference value :  3.08262e-07
 Reference value :  3.08557e-07
 Reference value :  3.08842e-07
 Reference value :  3.09127e-07
 Reference value :  3.09422e-07
 Reference value :  3.09707e-07
 Reference value :  3.10017e-07
 Reference value :  3.10332e-07
 Reference value :  3.10672e-07
 Reference value :  3.10962e-07
 Reference value :  3.11252e-07
 Reference value :  3.11527e-07
 Reference value :  3.11822e-07
 Reference value :  3.12112e-07
 Reference value :  3.12412e-07
 Reference value :  3.12712e-07
 Reference value :  3.13022e-07
 Reference value :  3.13312e-07
 Reference value :  3.13602e-07
 Reference value :  3.13912e-07
 Reference value :  3.14207e-07
 Reference value :  3.14487e-07
 Reference value :  3.14727e-07
 Reference value :  3.14967e-07
 Reference value :  3.15242e-07
 Reference value :  3.15502e-07
 Reference value :  3.15742e-07
 Reference value :  3.16032e-07
 Reference value :  3.16332e-07
 Reference value :  3.16617e-07
 Reference value :  3.16912e-07
 Reference value :  3.17197e-07
 Reference value :  3.17492e-07
 Reference value :  3.17797e-07
 Reference value :  3.18097e-07
 Reference value :  3.18392e-07
 Reference value :  3.18687e-07
 Reference value :  3.18997e-07
 Reference value :  3.19297e-07
 Reference value :  3.19592e-07
 Reference value :  3.19877e-07
 Reference value :  3.20137e-07
 Reference value :  3.20427e-07
 Reference value :  3.20697e-07
 Reference value :  3.20982e-07
 Reference value :  3.21267e-07
 Reference value :  3.21522e-07
 Reference value :  3.21722e-07
 Reference value :  3.21922e-07
 Reference value :  3.22127e-07
 Reference value :  3.22332e-07
 Reference value :  3.22537e-07
 Reference value :  3.22742e-07
 Reference value :  3.22947e-07
 Reference value :  3.23152e-07
 Reference value :  3.23357e-07
 Reference value :  3.23572e-07
 Reference value :  3.23847e-07
 Reference value :  3.24162e-07
 Reference value :  3.24502e-07
 Reference value :  3.24802e-07
 Reference value :  3.25117e-07
 Reference value :  3.25457e-07
 Reference value :  3.25777e-07
 Reference value :  3.26102e-07
 Reference value :  3.26462e-07
 Reference value :  3.26812e-07
 Reference value :  3.27142e-07
 Reference value :  3.27467e-07
 Reference value :  3.27757e-07
 Reference value :  3.28047e-07
 Reference value :  3.28372e-07
 Reference value :  3.28672e-07
 Reference value :  3.28997e-07
 Reference value :  3.29342e-07
 Reference value :  3.29697e-07
 Reference value :  3.30017e-07
 Reference value :  3.30317e-07
 Reference value :  3.30627e-07
 Reference value :  3.30917e-07
 Reference value :  3.31197e-07
 Reference value :  3.31517e-07
 Reference value :  3.31902e-07
 Reference value :  3.32272e-07
 Reference value :  3.32557e-07
 Reference value :  3.32842e-07
 Reference value :  3.33142e-07
 Reference value :  3.33407e-07
 Reference value :  3.33647e-07
 Reference value :  3.33872e-07
 Reference value :  3.34197e-07
 Reference value :  3.34542e-07
 Reference value :  3.34887e-07
 Reference value :  3.35187e-07
 Reference value :  3.35472e-07
 Reference value :  3.35772e-07
 Reference value :  3.36057e-07
 Reference value :  3.36417e-07
 Reference value :  3.36732e-07
 Reference value :  3.37077e-07
 Reference value :  3.37432e-07
 Reference value :  3.37732e-07
 Reference value :  3.38047e-07
 Reference value :  3.38342e-07
 Reference value :  3.38677e-07
 Reference value :  3.39042e-07
 Reference value :  3.39377e-07
 Reference value :  3.39712e-07
 Reference value :  3.40057e-07
 Reference value :  3.40447e-07
 Reference value :  3.40732e-07
 Reference value :  3.41037e-07
 Reference value :  3.41357e-07
 Reference value :  3.41677e-07
 Reference value :  3.42017e-07
 Reference value :  3.42317e-07
 Reference value :  3.42612e-07
 Reference value :  3.42902e-07
 Reference value :  3.43237e-07
 Reference value :  3.43592e-07
 Reference value :  3.43922e-07
 Reference value :  3.44222e-07
 Reference value :  3.44592e-07
 Reference value :  3.44877e-07
 Reference value :  3.45162e-07
 Reference value :  3.45492e-07
 Reference value :  3.45842e-07
 Reference value :  3.46217e-07
 Reference value :  3.46512e-07
 Reference value :  3.46807e-07
 Reference value :  3.47102e-07
 Reference value :  3.47392e-07
 Reference value :  3.47672e-07
 Reference value :  3.47992e-07
 Reference value :  3.48267e-07
 Reference value :  3.48607e-07
 Reference value :  3.48997e-07
 Reference value :  3.49277e-07
 Reference value :  3.49532e-07
 Reference value :  3.49807e-07
 Reference value :  3.50092e-07
 Reference value :  3.50367e-07
 Reference value :  3.50652e-07
 Reference value :  3.50952e-07
 Reference value :  3.51332e-07
 Reference value :  3.51722e-07
 Reference value :  3.52012e-07
 Reference value :  3.52297e-07
 Reference value :  3.52642e-07
 Reference value :  3.52922e-07
 Reference value :  3.53192e-07
 Reference value :  3.53477e-07
 Reference value :  3.53777e-07
 Reference value :  3.54087e-07
 Reference value :  3.54422e-07
 Reference value :  3.54687e-07
 Reference value :  3.54917e-07
 Reference value :  3.55147e-07
 Reference value :  3.55412e-07
 Reference value :  3.55717e-07
 Reference value :  3.56032e-07
 Reference value :  3.56372e-07
 Reference value :  3.56712e-07
 Reference value :  3.56992e-07
 Reference value :  3.57277e-07
 Reference value :  3.57567e-07
 Reference value :  3.57847e-07
 Reference value :  3.58122e-07
 Reference value :  3.58382e-07
 Reference value :  3.58662e-07
 Reference value :  3.59052e-07
 Reference value :  3.59377e-07
 Reference value :  3.59667e-07
 Reference value :  3.60007e-07
 Reference value :  3.60292e-07
 Reference value :  3.60577e-07
 Reference value :  3.60852e-07
 Reference value :  3.61127e-07
 Reference value :  3.61412e-07
 Reference value :  3.61722e-07
 Reference value :  3.61997e-07
 Reference value :  3.62282e-07
 Reference value :  3.62577e-07
 Reference value :  3.62837e-07
 Reference value :  3.63092e-07
 Reference value :  3.63427e-07
 Reference value :  3.63727e-07
 Reference value :  3.64082e-07
 Reference value :  3.64397e-07
 Reference value :  3.64727e-07
 Reference value :  3.65042e-07
 Reference value :  3.65357e-07
 Reference value :  3.65677e-07
 Reference value :  3.65967e-07
 Reference value :  3.66272e-07
 Reference value :  3.66547e-07
 Reference value :  3.66857e-07
 Reference value :  3.67167e-07
 Reference value :  3.67457e-07
 Reference value :  3.67817e-07
 Reference value :  3.68157e-07
 Reference value :  3.68427e-07
 Reference value :  3.68777e-07
 Reference value :  3.69057e-07
 Reference value :  3.69372e-07
 Reference value :  3.69682e-07
 Reference value :  3.69967e-07
 Reference value :  3.70252e-07
 Reference value :  3.70612e-07
 Reference value :  3.70927e-07
 Reference value :  3.71197e-07
 Reference value :  3.71482e-07
 Reference value :  3.71812e-07
 Reference value :  3.72122e-07
 Reference value :  3.72432e-07
 Reference value :  3.72817e-07
 Reference value :  3.73122e-07
 Reference value :  3.73507e-07
 Reference value :  3.73847e-07
 Reference value :  3.74132e-07
 Reference value :  3.74382e-07
 Reference value :  3.74657e-07
 Reference value :  3.74957e-07
 Reference value :  3.75237e-07
 Reference value :  3.75612e-07
 Reference value :  3.75967e-07
 Reference value :  3.76317e-07
 Reference value :  3.76667e-07
 Reference value :  3.77002e-07
 Reference value :  3.77317e-07
 Reference value :  3.77682e-07
 Reference value :  3.78042e-07
 Reference value :  3.78417e-07
 Reference value :  3.78782e-07
 Reference value :  3.79117e-07
 Reference value :  3.79512e-07
 Reference value :  3.79862e-07
 Reference value :  3.80227e-07
 Reference value :  3.80612e-07
 Reference value :  3.81052e-07
 Reference value :  3.81407e-07
 Reference value :  3.81722e-07
 Reference value :  3.82082e-07
 Reference value :  3.82392e-07
 Reference value :  3.82722e-07
 Reference value :  3.83077e-07
 Reference value :  3.83417e-07
 Reference value :  3.83717e-07
 Reference value :  3.84017e-07
 Reference value :  3.84362e-07
 Reference value :  3.84687e-07
 Reference value :  3.85052e-07
 Reference value :  3.85392e-07
 Reference value :  3.85707e-07
 Reference value :  3.86027e-07
 Reference value :  3.86372e-07
 Reference value :  3.86732e-07
 Reference value :  3.87067e-07
 Reference value :  3.87427e-07
 Reference value :  3.87782e-07
 Reference value :  3.88132e-07
 Reference value :  3.88472e-07
 Reference value :  3.88792e-07
 Reference value :  3.89132e-07
 Reference value :  3.89497e-07
 Reference value :  3.89852e-07
 Reference value :  3.90202e-07
 Reference value :  3.90542e-07
 Reference value :  3.90902e-07
 Reference value :  3.91222e-07
 Reference value :  3.91557e-07
 Reference value :  3.91872e-07
 Reference value :  3.92182e-07
 Reference value :  3.92502e-07
 Reference value :  3.92817e-07
 Reference value :  3.93107e-07
 Reference value :  3.93407e-07
 Reference value :  3.93697e-07
 Reference value :  3.94017e-07
 Reference value :  3.94312e-07
 Reference value :  3.94647e-07
 Reference value :  3.94947e-07
 Reference value :  3.95272e-07
 Reference value :  3.95557e-07
 Reference value :  3.95822e-07
 Reference value :  3.96062e-07
 Reference value :  3.96342e-07
 Reference value :  3.96622e-07
 Reference value :  3.96887e-07
 Reference value :  3.97187e-07
 Reference value :  3.97492e-07
 Reference value :  3.97822e-07
 Reference value :  3.98097e-07
 Reference value :  3.98382e-07
 Reference value :  3.98657e-07
 Reference value :  3.98937e-07
 Reference value :  3.99237e-07
 Reference value :  3.99487e-07
 Reference value :  3.99782e-07
 Reference value :  4.00087e-07
 Reference value :  4.00412e-07
 Reference value :  4.00702e-07
 Reference value :  4.00992e-07
 Reference value :  4.01272e-07
 Reference value :  4.01552e-07
 Reference value :  4.01847e-07
 Reference value :  4.02127e-07
 Reference value :  4.02422e-07
 Reference value :  4.02722e-07
 Reference value :  4.03007e-07
 Reference value :  4.03292e-07
 Reference value :  4.03577e-07
 Reference value :  4.03862e-07
 Reference value :  4.04147e-07
 Reference value :  4.04432e-07
 Reference value :  4.04727e-07
 Reference value :  4.05012e-07
 Reference value :  4.05332e-07
 Reference value :  4.05617e-07
 Reference value :  4.05902e-07
 Reference value :  4.06207e-07
 Reference value :  4.06492e-07
 Reference value :  4.06777e-07
 Reference value :  4.07062e-07
 Reference value :  4.07352e-07
 Reference value :  4.07657e-07
 Reference value :  4.07942e-07
 Reference value :  4.08237e-07
 Reference value :  4.08542e-07
 Reference value :  4.08837e-07
 Reference value :  4.09137e-07
 Reference value :  4.09437e-07
 Reference value :  4.09767e-07
 Reference value :  4.10077e-07
 Reference value :  4.10387e-07
 Reference value :  4.10667e-07
 Reference value :  4.10962e-07
 Reference value :  4.11247e-07
 Reference value :  4.11542e-07
 Reference value :  4.11827e-07
 Reference value :  4.12117e-07
 Reference value :  4.12432e-07
 Reference value :  4.12727e-07
 Reference value :  4.13012e-07
 Reference value :  4.13302e-07
 Reference value :  4.13587e-07
 Reference value :  4.13887e-07
 Reference value :  4.14197e-07
 Reference value :  4.14492e-07
 Reference value :  4.14772e-07
 Reference value :  4.15062e-07
 Reference value :  4.15347e-07
 Reference value :  4.15637e-07
 Reference value :  4.15917e-07
 Reference value :  4.16212e-07
 Reference value :  4.16522e-07
 Reference value :  4.16837e-07
 Reference value :  4.17127e-07
 Reference value :  4.17432e-07
 Reference value :  4.17752e-07
 Reference value :  4.18047e-07
 Reference value :  4.18347e-07
 Reference value :  4.18632e-07
 Reference value :  4.18917e-07
 Reference value :  4.19237e-07
 Reference value :  4.19577e-07
 Reference value :  4.19872e-07
 Reference value :  4.20127e-07
 Reference value :  4.20432e-07
 Reference value :  4.20737e-07
 Reference value :  4.21037e-07
 Reference value :  4.21367e-07
 Reference value :  4.21672e-07
 Reference value :  4.21992e-07
 Reference value :  4.22292e-07
 Reference value :  4.22587e-07
 Reference value :  4.22902e-07
 Reference value :  4.23222e-07
 Reference value :  4.23547e-07
 Reference value :  4.23837e-07
 Reference value :  4.24147e-07
 Reference value :  4.24487e-07
 Reference value :  4.24802e-07
 Reference value :  4.25102e-07
 Reference value :  4.25467e-07
 Reference value :  4.25752e-07
 Reference value :  4.26057e-07
 Reference value :  4.26372e-07
 Reference value :  4.26657e-07
 Reference value :  4.26997e-07
 Reference value :  4.27312e-07
 Reference value :  4.27637e-07
 Reference value :  4.27957e-07
 Reference value :  4.28257e-07
 Reference value :  4.28582e-07
 Reference value :  4.28882e-07
 Reference value :  4.29172e-07
 Reference value :  4.29512e-07
 Reference value :  4.29852e-07
 Reference value :  4.30192e-07
 Reference value :  4.30482e-07
 Reference value :  4.30787e-07
 Reference value :  4.31142e-07
 Reference value :  4.31432e-07
 Reference value :  4.31727e-07
 Reference value :  4.32047e-07
 Reference value :  4.32337e-07
 Reference value :  4.32662e-07
 Reference value :  4.32952e-07
 Reference value :  4.33262e-07
 Reference value :  4.33637e-07
 Reference value :  4.33932e-07
 Reference value :  4.34247e-07
 Reference value :  4.34542e-07
 Reference value :  4.34822e-07
 Reference value :  4.35137e-07
 Reference value :  4.35417e-07
 Reference value :  4.35762e-07
 Reference value :  4.36047e-07
 Reference value :  4.36382e-07
 Reference value :  4.36702e-07
 Reference value :  4.36992e-07
 Reference value :  4.37342e-07
 Reference value :  4.37707e-07
 Reference value :  4.38092e-07
 Reference value :  4.38457e-07
 Reference value :  4.38777e-07
 Reference value :  4.39092e-07
 Reference value :  4.39387e-07
 Reference value :  4.39682e-07
 Reference value :  4.40017e-07
 Reference value :  4.40362e-07
 Reference value :  4.40737e-07
 Reference value :  4.41107e-07
 Reference value :  4.41412e-07
 Reference value :  4.41707e-07
 Reference value :  4.42007e-07
 Reference value :  4.42292e-07
 Reference value :  4.42602e-07
 Reference value :  4.42897e-07
 Reference value :  4.43212e-07
 Reference value :  4.43587e-07
 Reference value :  4.43917e-07
 Reference value :  4.44257e-07
 Reference value :  4.44562e-07
 Reference value :  4.44862e-07
 Reference value :  4.45147e-07
 Reference value :  4.45432e-07
 Reference value :  4.45727e-07
 Reference value :  4.46112e-07
 Reference value :  4.46467e-07
 Reference value :  4.46752e-07
 Reference value :  4.47087e-07
 Reference value :  4.47422e-07
 Reference value :  4.47717e-07
 Reference value :  4.48042e-07
 Reference value :  4.48357e-07
 Reference value :  4.48682e-07
 Reference value :  4.49012e-07
 Reference value :  4.49302e-07
 Reference value :  4.49617e-07
 Reference value :  4.49907e-07
 Reference value :  4.50207e-07
 Reference value :  4.50507e-07
 Reference value :  4.50812e-07
 Reference value :  4.51182e-07
 Reference value :  4.51507e-07
 Reference value :  4.51817e-07
 Reference value :  4.52107e-07
 Reference value :  4.52397e-07
 Reference value :  4.52682e-07
 Reference value :  4.53017e-07
 Reference value :  4.53327e-07
 Reference value :  4.53712e-07
 Reference value :  4.54042e-07
 Reference value :  4.54352e-07
 Reference value :  4.54702e-07
 Reference value :  4.54997e-07
 Reference value :  4.55282e-07
 Reference value :  4.55597e-07
 Reference value :  4.55907e-07
 Reference value :  4.56217e-07
 Reference value :  4.56522e-07
 Reference value :  4.56842e-07
 Reference value :  4.57147e-07
 Reference value :  4.57442e-07
 Reference value :  4.57757e-07
 Reference value :  4.58152e-07
 Reference value :  4.58477e-07
 Reference value :  4.58777e-07
 Reference value :  4.59087e-07
 Reference value :  4.59432e-07
 Reference value :  4.59722e-07
 Reference value :  4.60077e-07
 Reference value :  4.60402e-07
 Reference value :  4.60667e-07
 Reference value :  4.60962e-07
 Reference value :  4.61247e-07
 Reference value :  4.61587e-07
 Reference value :  4.61927e-07
 Reference value :  4.62282e-07
 Reference value :  4.62677e-07
 Reference value :  4.63002e-07
 Reference value :  4.63357e-07
 Reference value :  4.63712e-07
 Reference value :  4.64017e-07
 Reference value :  4.64342e-07
 Reference value :  4.64652e-07
 Reference value :  4.64967e-07
 Reference value :  4.65377e-07
 Reference value :  4.65712e-07
 Reference value :  4.66002e-07
 Reference value :  4.66337e-07
 Reference value :  4.66657e-07
 Reference value :  4.66977e-07
 Reference value :  4.67292e-07
 Reference value :  4.67622e-07
 Reference value :  4.67977e-07
 Reference value :  4.68332e-07
 Reference value :  4.68612e-07
 Reference value :  4.68897e-07
 Reference value :  4.69267e-07
 Reference value :  4.69552e-07
 Reference value :  4.69867e-07
 Reference value :  4.70137e-07
 Reference value :  4.70462e-07
 Reference value :  4.70737e-07
 Reference value :  4.71012e-07
 Reference value :  4.71282e-07
 Reference value :  4.71552e-07
 Reference value :  4.71837e-07
 Reference value :  4.72137e-07
 Reference value :  4.72432e-07
 Reference value :  4.72717e-07
 Reference value :  4.73072e-07
 Reference value :  4.73387e-07
 Reference value :  4.73652e-07
 Reference value :  4.73897e-07
 Reference value :  4.74152e-07
 Reference value :  4.74397e-07
 Reference value :  4.74682e-07
 Reference value :  4.74977e-07
 Reference value :  4.75262e-07
 Reference value :  4.75532e-07
 Reference value :  4.75807e-07
 Reference value :  4.76082e-07
 Reference value :  4.76372e-07
 Reference value :  4.76647e-07
 Reference value :  4.76927e-07
 Reference value :  4.77252e-07
 Reference value :  4.77527e-07
 Reference value :  4.77802e-07
 Reference value :  4.78072e-07
 Reference value :  4.78357e-07
 Reference value :  4.78632e-07
 Reference value :  4.78932e-07
 Reference value :  4.79207e-07
 Reference value :  4.79497e-07
 Reference value :  4.79777e-07
 Reference value :  4.80062e-07
 Reference value :  4.80337e-07
 Reference value :  4.80607e-07
 Reference value :  4.80882e-07
 Reference value :  4.81152e-07
 Reference value :  4.81448e-07
 Reference value :  4.81753e-07
 Reference value :  4.82038e-07
 Reference value :  4.82318e-07
 Reference value :  4.82598e-07
 Reference value :  4.82883e-07
 Reference value :  4.83168e-07
 Reference value :  4.83438e-07
 Reference value :  4.83743e-07
 Reference value :  4.84028e-07
 Reference value :  4.84373e-07
 Reference value :  4.84673e-07
 Reference value :  4.84958e-07
 Reference value :  4.85248e-07
 Reference value :  4.85543e-07
 Reference value :  4.85833e-07
 Reference value :  4.86118e-07
 Reference value :  4.86418e-07
 Reference value :  4.86708e-07
 Reference value :  4.87038e-07
 Reference value :  4.87363e-07
 Reference value :  4.87638e-07
 Reference value :  4.87918e-07
 Reference value :  4.88213e-07
 Reference value :  4.88498e-07
 Reference value :  4.88798e-07
 Reference value :  4.89093e-07
 Reference value :  4.89383e-07
 Reference value :  4.89668e-07
 Reference value :  4.89968e-07
 Reference value :  4.90258e-07
 Reference value :  4.90553e-07
 Reference value :  4.90838e-07
 Reference value :  4.91128e-07
 Reference value :  4.91423e-07
 Reference value :  4.91698e-07
 Reference value :  4.92013e-07
 Reference value :  4.92358e-07
 Reference value :  4.92678e-07
 Reference value :  4.92963e-07
 Reference value :  4.93268e-07
 Reference value :  4.93553e-07
 Reference value :  4.93833e-07
 Reference value :  4.94118e-07
 Reference value :  4.94418e-07
 Reference value :  4.94708e-07
 Reference value :  4.95003e-07
 Reference value :  4.95273e-07
 Reference value :  4.95553e-07
 Reference value :  4.95853e-07
 Reference value :  4.96143e-07
 Reference value :  4.96438e-07
 Reference value :  4.96738e-07
 Reference value :  4.97043e-07
 Reference value :  4.97348e-07
 Reference value :  4.97638e-07
 Reference value :  4.97928e-07
 Reference value :  4.98218e-07
 Reference value :  4.98518e-07
 Reference value :  4.98803e-07
 Reference value :  4.99088e-07
 Reference value :  4.99383e-07
 Reference value :  4.99668e-07
 Reference value :  4.99973e-07
 Reference value :  5.00263e-07
 Reference value :  5.00548e-07
 Reference value :  5.00843e-07
 Reference value :  5.01133e-07
 Reference value :  5.01418e-07
 Reference value :  5.01703e-07
 Reference value :  5.02003e-07
 Reference value :  5.02303e-07
 Reference value :  5.02593e-07
 Reference value :  5.02878e-07
 Reference value :  5.03173e-07
 Reference value :  5.03468e-07
 Reference value :  5.03763e-07
 Reference value :  5.04103e-07
 Reference value :  5.04448e-07
 Reference value :  5.04738e-07
 Reference value :  5.05028e-07
 Reference value :  5.05313e-07
 Reference value :  5.05608e-07
 Reference value :  5.05928e-07
 Reference value :  5.06218e-07
 Reference value :  5.06503e-07
 Reference value :  5.06788e-07
 Reference value :  5.07103e-07
 Reference value :  5.07383e-07
 Reference value :  5.07658e-07
 Reference value :  5.07938e-07
 Reference value :  5.08218e-07
 Reference value :  5.08508e-07
 Reference value :  5.08848e-07
 Reference value :  5.09163e-07
 Reference value :  5.09453e-07
 Reference value :  5.09753e-07
 Reference value :  5.10048e-07
 Reference value :  5.10358e-07
 Reference value :  5.10638e-07
 Reference value :  5.10923e-07
 Reference value :  5.11258e-07
 Reference value :  5.11573e-07
 Reference value :  5.11848e-07
 Reference value :  5.12118e-07
 Reference value :  5.12413e-07
 Reference value :  5.12688e-07
 Reference value :  5.12958e-07
 Reference value :  5.13233e-07
 Reference value :  5.13493e-07
 Reference value :  5.13773e-07
 Reference value :  5.14053e-07
 Reference value :  5.14333e-07
 Reference value :  5.14628e-07
 Reference value :  5.14968e-07
 Reference value :  5.15343e-07
 Reference value :  5.15698e-07
 Reference value :  5.16068e-07
 Reference value :  5.16458e-07
 Reference value :  5.16798e-07
 Reference value :  5.17138e-07
 Reference value :  5.17478e-07
 Reference value :  5.17793e-07
 Reference value :  5.18128e-07
 Reference value :  5.18473e-07
 Reference value :  5.18868e-07
 Reference value :  5.19273e-07
 Reference value :  5.19618e-07
 Reference value :  5.19953e-07
 Reference value :  5.20268e-07
 Reference value :  5.20618e-07
 Reference value :  5.20913e-07
 Reference value :  5.21198e-07
 Reference value :  5.21483e-07
 Reference value :  5.21768e-07
 Reference value :  5.22058e-07
 Reference value :  5.22363e-07
 Reference value :  5.22648e-07
 Reference value :  5.22958e-07
 Reference value :  5.23253e-07
 Reference value :  5.23548e-07
 Reference value :  5.23853e-07
 Reference value :  5.24173e-07
 Reference value :  5.24558e-07
 Reference value :  5.24908e-07
 Reference value :  5.25198e-07
 Reference value :  5.25563e-07
 Reference value :  5.25918e-07
 Reference value :  5.26228e-07
 Reference value :  5.26533e-07
 Reference value :  5.26843e-07
 Reference value :  5.27128e-07
 Reference value :  5.27458e-07
 Reference value :  5.27818e-07
 Reference value :  5.28178e-07
 Reference value :  5.28498e-07
 Reference value :  5.28813e-07
 Reference value :  5.29108e-07
 Reference value :  5.29398e-07
 Reference value :  5.29728e-07
 Reference value :  5.30078e-07
 Reference value :  5.30453e-07
 Reference value :  5.30748e-07
 Reference value :  5.31053e-07
 Reference value :  5.31323e-07
 Reference value :  5.31608e-07
 Reference value :  5.31873e-07
 Reference value :  5.32183e-07
 Reference value :  5.32493e-07
 Reference value :  5.32828e-07
 Reference value :  5.33218e-07
 Reference value :  5.33543e-07
 Reference value :  5.33853e-07
 Reference value :  5.34233e-07
 Reference value :  5.34563e-07
 Reference value :  5.34863e-07
 Reference value :  5.35238e-07
 Reference value :  5.35628e-07
 Reference value :  5.35983e-07
 Reference value :  5.36303e-07
 Reference value :  5.36598e-07
 Reference value :  5.36888e-07
 Reference value :  5.37183e-07
 Reference value :  5.37478e-07
 Reference value :  5.37758e-07
 Reference value :  5.38093e-07
 Reference value :  5.38443e-07
 Reference value :  5.38723e-07
 Reference value :  5.38983e-07
 Reference value :  5.39298e-07
 Reference value :  5.39588e-07
 Reference value :  5.39873e-07
 Reference value :  5.40238e-07
 Reference value :  5.40523e-07
 Reference value :  5.40918e-07
 Reference value :  5.41248e-07
 Reference value :  5.41528e-07
 Reference value :  5.41783e-07
 Reference value :  5.42048e-07
 Reference value :  5.42343e-07
 Reference value :  5.42643e-07
 Reference value :  5.42968e-07
 Reference value :  5.43318e-07
 Reference value :  5.43613e-07
 Reference value :  5.43918e-07
 Reference value :  5.44213e-07
 Reference value :  5.44518e-07
 Reference value :  5.44793e-07
 Reference value :  5.45073e-07
 Reference value :  5.45393e-07
 Reference value :  5.45738e-07
 Reference value :  5.46083e-07
 Reference value :  5.46358e-07
 Reference value :  5.46608e-07
 Reference value :  5.46883e-07
 Reference value :  5.47163e-07
 Reference value :  5.47453e-07
 Reference value :  5.47803e-07
 Reference value :  5.48093e-07
 Reference value :  5.48383e-07
 Reference value :  5.48668e-07
 Reference value :  5.49018e-07
 Reference value :  5.49323e-07
 Reference value :  5.49618e-07
 Reference value :  5.49953e-07
 Reference value :  5.50303e-07
 Reference value :  5.50603e-07
 Reference value :  5.50908e-07
 Reference value :  5.51198e-07
 Reference value :  5.51468e-07
 Reference value :  5.51738e-07
 Reference value :  5.52013e-07
 Reference value :  5.52258e-07
 Reference value :  5.52538e-07
 Reference value :  5.52813e-07
 Reference value :  5.53113e-07
 Reference value :  5.53403e-07
 Reference value :  5.53728e-07
 Reference value :  5.53998e-07
 Reference value :  5.54278e-07
 Reference value :  5.54648e-07
 Reference value :  5.54988e-07
 Reference value :  5.55278e-07
 Reference value :  5.55563e-07
 Reference value :  5.55898e-07
 Reference value :  5.56213e-07
 Reference value :  5.56553e-07
 Reference value :  5.56868e-07
 Reference value :  5.57278e-07
 Reference value :  5.57653e-07
 Reference value :  5.57988e-07
 Reference value :  5.58283e-07
 Reference value :  5.58628e-07
 Reference value :  5.58913e-07
 Reference value :  5.59228e-07
 Reference value :  5.59563e-07
 Reference value :  5.59913e-07
 Reference value :  5.60303e-07
 Reference value :  5.60608e-07
 Reference value :  5.60918e-07
 Reference value :  5.61223e-07
 Reference value :  5.61463e-07
 Reference value :  5.61738e-07
 Reference value :  5.62058e-07
 Reference value :  5.62388e-07
 Reference value :  5.62723e-07
 Reference value :  5.63068e-07
 Reference value :  5.63393e-07
 Reference value :  5.63673e-07
 Reference value :  5.63993e-07
 Reference value :  5.64288e-07
 Reference value :  5.64568e-07
 Reference value :  5.64853e-07
 Reference value :  5.65183e-07
 Reference value :  5.65473e-07
 Reference value :  5.65783e-07
 Reference value :  5.66063e-07
 Reference value :  5.66388e-07
 Reference value :  5.66728e-07
 Reference value :  5.67003e-07
 Reference value :  5.67303e-07
 Reference value :  5.67588e-07
 Reference value :  5.67913e-07
 Reference value :  5.68198e-07
 Reference value :  5.68523e-07
 Reference value :  5.68803e-07
 Reference value :  5.69123e-07
 Reference value :  5.69423e-07
 Reference value :  5.69723e-07
 Reference value :  5.69996e-07
 Reference value :  5.70283e-07
 Reference value :  5.70573e-07
 Reference value :  5.70953e-07
 Reference value :  5.71263e-07
 Reference value :  5.71523e-07
 Reference value :  5.71763e-07
 Reference value :  5.72013e-07
 Reference value :  5.72253e-07
 Reference value :  5.72513e-07
 Reference value :  5.72738e-07
 Reference value :  5.72968e-07
 Reference value :  5.73208e-07
 Reference value :  5.73463e-07
 Reference value :  5.73698e-07
 Reference value :  5.73928e-07
 Reference value :  5.74153e-07
 Reference value :  5.74473e-07
 Reference value :  5.74778e-07
 Reference value :  5.75053e-07
 Reference value :  5.75333e-07
 Reference value :  5.75608e-07
 Reference value :  5.75843e-07
 Reference value :  5.76058e-07
 Reference value :  5.76328e-07
 Reference value :  5.76608e-07
 Reference value :  5.76873e-07
 Reference value :  5.77153e-07
 Reference value :  5.77393e-07
 Reference value :  5.77628e-07
 Reference value :  5.77883e-07
 Reference value :  5.78173e-07
 Reference value :  5.78428e-07
 Reference value :  5.78673e-07
 Reference value :  5.78963e-07
 Reference value :  5.79278e-07
 Reference value :  5.79593e-07
 Reference value :  5.79928e-07
 Reference value :  5.80268e-07
 Reference value :  5.80603e-07
 Reference value :  5.80948e-07
 Reference value :  5.81313e-07
 Reference value :  5.81668e-07
 Reference value :  5.82063e-07
 Reference value :  5.82418e-07
 Reference value :  5.82758e-07
 Reference value :  5.83103e-07
 Reference value :  5.83453e-07
 Reference value :  5.83803e-07
 Reference value :  5.84158e-07
 Reference value :  5.84513e-07
 Reference value :  5.84878e-07
 Reference value :  5.85173e-07
 Reference value :  5.85508e-07
 Reference value :  5.85853e-07
 Reference value :  5.86163e-07
 Reference value :  5.86513e-07
 Reference value :  5.86933e-07
 Reference value :  5.87323e-07
 Reference value :  5.87663e-07
 Reference value :  5.88008e-07
 Reference value :  5.88348e-07
 Reference value :  5.88698e-07
 Reference value :  5.89033e-07
 Reference value :  5.89368e-07
 Reference value :  5.89703e-07
 Reference value :  5.90033e-07
 Reference value :  5.90358e-07
 Reference value :  5.90693e-07
 Reference value :  5.91008e-07
 Reference value :  5.91333e-07
 Reference value :  5.91673e-07
 Reference value :  5.91973e-07
 Reference value :  5.92288e-07
 Reference value :  5.92638e-07
 Reference value :  5.92968e-07
 Reference value :  5.93268e-07
 Reference value :  5.93508e-07
 Reference value :  5.93768e-07
 Reference value :  5.94058e-07
 Reference value :  5.94353e-07
 Reference value :  5.94648e-07
 Reference value :  5.94928e-07
 Reference value :  5.95203e-07
 Reference value :  5.95493e-07
 Reference value :  5.95778e-07
 Reference value :  5.96083e-07
 Reference value :  5.96383e-07
 Reference value :  5.96683e-07
 Reference value :  5.96958e-07
 Reference value :  5.97218e-07
 Reference value :  5.97493e-07
 Reference value :  5.97788e-07
 Reference value :  5.98063e-07
 Reference value :  5.98313e-07
 Reference value :  5.98553e-07
 Reference value :  5.98793e-07
 Reference value :  5.99028e-07
 Reference value :  5.99283e-07
 Reference value :  5.99578e-07
 Reference value :  5.99873e-07
 Reference value :  6.00193e-07
 Reference value :  6.00503e-07
 Reference value :  6.00768e-07
 Reference value :  6.01013e-07
 Reference value :  6.01283e-07
 Reference value :  6.01658e-07
 Reference value :  6.01968e-07
 Reference value :  6.02258e-07
 Reference value :  6.02543e-07
 Reference value :  6.02823e-07
 Reference value :  6.03158e-07
 Reference value :  6.03463e-07
 Reference value :  6.03773e-07
 Reference value :  6.04088e-07
 Reference value :  6.04343e-07
 Reference value :  6.04603e-07
 Reference value :  6.04858e-07
 Reference value :  6.05108e-07
 Reference value :  6.05403e-07
 Reference value :  6.05698e-07
 Reference value :  6.06038e-07
 Reference value :  6.06328e-07
 Reference value :  6.06608e-07
 Reference value :  6.06903e-07
 Reference value :  6.07193e-07
 Reference value :  6.07493e-07
 Reference value :  6.07768e-07
 Reference value :  6.08053e-07
 Reference value :  6.08353e-07
 Reference value :  6.08628e-07
 Reference value :  6.08973e-07
 Reference value :  6.09258e-07
 Reference value :  6.09538e-07
 Reference value :  6.09828e-07
 Reference value :  6.10113e-07
 Reference value :  6.10418e-07
 Reference value :  6.10668e-07
 Reference value :  6.10978e-07
 Reference value :  6.11278e-07
 Reference value :  6.11558e-07
 Reference value :  6.11833e-07
 Reference value :  6.12098e-07
 Reference value :  6.12383e-07
 Reference value :  6.12678e-07
 Reference value :  6.12963e-07
 Reference value :  6.13243e-07
 Reference value :  6.13528e-07
 Reference value :  6.13823e-07
 Reference value :  6.14113e-07
 Reference value :  6.14388e-07
 Reference value :  6.14663e-07
 Reference value :  6.14943e-07
 Reference value :  6.15223e-07
 Reference value :  6.15518e-07
 Reference value :  6.15823e-07
 Reference value :  6.16113e-07
 Reference value :  6.16398e-07
 Reference value :  6.16668e-07
 Reference value :  6.16943e-07
 Reference value :  6.17218e-07
 Reference value :  6.17503e-07
 Reference value :  6.17853e-07
 Reference value :  6.18143e-07
 Reference value :  6.18428e-07
 Reference value :  6.18718e-07
 Reference value :  6.19008e-07
 Reference value :  6.19293e-07
 Reference value :  6.19618e-07
 Reference value :  6.19908e-07
 Reference value :  6.20153e-07
 Reference value :  6.20443e-07
 Reference value :  6.20728e-07
 Reference value :  6.21008e-07
 Reference value :  6.21288e-07
 Reference value :  6.21573e-07
 Reference value :  6.21863e-07
 Reference value :  6.22143e-07
 Reference value :  6.22413e-07
 Reference value :  6.22683e-07
 Reference value :  6.22948e-07
 Reference value :  6.23243e-07
 Reference value :  6.23513e-07
 Reference value :  6.23783e-07
 Reference value :  6.24063e-07
 Reference value :  6.24398e-07
 Reference value :  6.24728e-07
 Reference value :  6.25068e-07
 Reference value :  6.25403e-07
 Reference value :  6.25673e-07
 Reference value :  6.25943e-07
 Reference value :  6.26288e-07
 Reference value :  6.26593e-07
 Reference value :  6.26943e-07
 Reference value :  6.27273e-07
 Reference value :  6.27563e-07
 Reference value :  6.27873e-07
 Reference value :  6.28183e-07
 Reference value :  6.28488e-07
 Reference value :  6.28838e-07
 Reference value :  6.29173e-07
 Reference value :  6.29468e-07
 Reference value :  6.29788e-07
 Reference value :  6.30128e-07
 Reference value :  6.30543e-07
 Reference value :  6.30868e-07
 Reference value :  6.31208e-07
 Reference value :  6.31563e-07
 Reference value :  6.31863e-07
 Reference value :  6.32163e-07
 Reference value :  6.32468e-07
 Reference value :  6.32788e-07
 Reference value :  6.33113e-07
 Reference value :  6.33423e-07
 Reference value :  6.33743e-07
 Reference value :  6.34093e-07
 Reference value :  6.34413e-07
 Reference value :  6.34723e-07
 Reference value :  6.35083e-07
 Reference value :  6.35408e-07
 Reference value :  6.35753e-07
 Reference value :  6.36048e-07
 Reference value :  6.36363e-07
 Reference value :  6.36693e-07
 Reference value :  6.37023e-07
 Reference value :  6.37308e-07
 Reference value :  6.37623e-07
 Reference value :  6.37978e-07
 Reference value :  6.38278e-07
 Reference value :  6.38633e-07
 Reference value :  6.38938e-07
 Reference value :  6.39233e-07
 Reference value :  6.39513e-07
 Reference value :  6.39798e-07
 Reference value :  6.40068e-07
 Reference value :  6.40363e-07
 Reference value :  6.40663e-07
 Reference value :  6.40968e-07
 Reference value :  6.41268e-07
 Reference value :  6.41563e-07
 Reference value :  6.41858e-07
 Reference value :  6.42138e-07
 Reference value :  6.42458e-07
 Reference value :  6.42758e-07
 Reference value :  6.43043e-07
 Reference value :  6.43398e-07
 Reference value :  6.43738e-07
 Reference value :  6.44033e-07
 Reference value :  6.44348e-07
 Reference value :  6.44623e-07
 Reference value :  6.44898e-07
 Reference value :  6.45223e-07
 Reference value :  6.45523e-07
 Reference value :  6.45918e-07
 Reference value :  6.46268e-07
 Reference value :  6.46618e-07
 Reference value :  6.46908e-07
 Reference value :  6.47203e-07
 Reference value :  6.47478e-07
 Reference value :  6.47763e-07
 Reference value :  6.48068e-07
 Reference value :  6.48388e-07
 Reference value :  6.48683e-07
 Reference value :  6.49008e-07
 Reference value :  6.49393e-07
 Reference value :  6.49733e-07
 Reference value :  6.50023e-07
 Reference value :  6.50298e-07
 Reference value :  6.50588e-07
 Reference value :  6.50883e-07
 Reference value :  6.51188e-07
 Reference value :  6.51473e-07
 Reference value :  6.51848e-07
 Reference value :  6.52168e-07
 Reference value :  6.52488e-07
 Reference value :  6.52793e-07
 Reference value :  6.53113e-07
 Reference value :  6.53463e-07
 Reference value :  6.53703e-07
 Reference value :  6.53953e-07
 Reference value :  6.54178e-07
 Reference value :  6.54428e-07
 Reference value :  6.54743e-07
 Reference value :  6.55038e-07
 Reference value :  6.55273e-07
 Reference value :  6.55503e-07
 Reference value :  6.55733e-07
 Reference value :  6.55998e-07
 Reference value :  6.56228e-07
 Reference value :  6.56498e-07
 Reference value :  6.56788e-07
 Reference value :  6.57138e-07
 Reference value :  6.57483e-07
 Reference value :  6.57773e-07
 Reference value :  6.58068e-07
 Reference value :  6.58363e-07
 Reference value :  6.58648e-07
 Reference value :  6.58958e-07
 Reference value :  6.59253e-07
 Reference value :  6.59648e-07
 Reference value :  6.60008e-07
 Reference value :  6.60308e-07
 Reference value :  6.60613e-07
 Reference value :  6.60908e-07
 Reference value :  6.61203e-07
 Reference value :  6.61543e-07
 Reference value :  6.61838e-07
 Reference value :  6.62218e-07
 Reference value :  6.62533e-07
 Reference value :  6.62853e-07
 Reference value :  6.63188e-07
 Reference value :  6.63473e-07
 Reference value :  6.63788e-07
 Reference value :  6.64068e-07
 Reference value :  6.64338e-07
 Reference value :  6.64693e-07
 Reference value :  6.65018e-07
 Reference value :  6.65313e-07
 Reference value :  6.65618e-07
 Reference value :  6.65923e-07
 Reference value :  6.66273e-07
 Reference value :  6.66683e-07
 Reference value :  6.66993e-07
 Reference value :  6.67338e-07
 Reference value :  6.67628e-07
 Reference value :  6.67913e-07
 Reference value :  6.68258e-07
 Reference value :  6.68618e-07
 Reference value :  6.69023e-07
 Reference value :  6.69383e-07
 Reference value :  6.69698e-07
 Reference value :  6.69968e-07
 Reference value :  6.70233e-07
 Reference value :  6.70528e-07
 Reference value :  6.70818e-07
 Reference value :  6.71108e-07
 Reference value :  6.71393e-07
 Reference value :  6.71643e-07
 Reference value :  6.71933e-07
 Reference value :  6.72218e-07
 Reference value :  6.72503e-07
 Reference value :  6.72793e-07
 Reference value :  6.73108e-07
 Reference value :  6.73393e-07
 Reference value :  6.73688e-07
 Reference value :  6.73988e-07
 Reference value :  6.74308e-07
 Reference value :  6.74583e-07
 Reference value :  6.74858e-07
 Reference value :  6.75138e-07
 Reference value :  6.75433e-07
 Reference value :  6.75748e-07
 Reference value :  6.76098e-07
 Reference value :  6.76393e-07
 Reference value :  6.76728e-07
 Reference value :  6.77018e-07
 Reference value :  6.77308e-07
 Reference value :  6.77593e-07
 Reference value :  6.77873e-07
 Reference value :  6.78173e-07
 Reference value :  6.78463e-07
 Reference value :  6.78748e-07
 Reference value :  6.79033e-07
 Reference value :  6.79313e-07
 Reference value :  6.79603e-07
 Reference value :  6.79883e-07
 Reference value :  6.80168e-07
 Reference value :  6.80453e-07
 Reference value :  6.80743e-07
 Reference value :  6.81038e-07
 Reference value :  6.81338e-07
 Reference value :  6.81683e-07
 Reference value :  6.81983e-07
 Reference value :  6.82263e-07
 Reference value :  6.82538e-07
 Reference value :  6.82808e-07
 Reference value :  6.83093e-07
 Reference value :  6.83368e-07
 Reference value :  6.83648e-07
 Reference value :  6.83938e-07
 Reference value :  6.84213e-07
 Reference value :  6.84488e-07
 Reference value :  6.84768e-07
 Reference value :  6.85028e-07
 Reference value :  6.85303e-07
 Reference value :  6.85613e-07
 Reference value :  6.85923e-07
 Reference value :  6.86208e-07
 Reference value :  6.86493e-07
 Reference value :  6.86783e-07
 Reference value :  6.87063e-07
 Reference value :  6.87343e-07
 Reference value :  6.87618e-07
 Reference value :  6.87903e-07
 Reference value :  6.88178e-07
 Reference value :  6.88443e-07
 Reference value :  6.88723e-07
 Reference value :  6.88998e-07
 Reference value :  6.89278e-07
 Reference value :  6.89563e-07
 Reference value :  6.89863e-07
 Reference value :  6.90153e-07
 Reference value :  6.90448e-07
 Reference value :  6.90743e-07
 Reference value :  6.91058e-07
 Reference value :  6.91393e-07
 Reference value :  6.91688e-07
 Reference value :  6.91978e-07
 Reference value :  6.92308e-07
 Reference value :  6.92618e-07
 Reference value :  6.92923e-07
 Reference value :  6.93218e-07
 Reference value :  6.93508e-07
 Reference value :  6.93823e-07
 Reference value :  6.94133e-07
 Reference value :  6.94428e-07
 Reference value :  6.94723e-07
 Reference value :  6.95023e-07
 Reference value :  6.95353e-07
 Reference value :  6.95643e-07
 Reference value :  6.95958e-07
 Reference value :  6.96268e-07
 Reference value :  6.96573e-07
 Reference value :  6.96873e-07
 Reference value :  6.97168e-07
 Reference value :  6.97458e-07
 Reference value :  6.97748e-07
 Reference value :  6.98038e-07
 Reference value :  6.98333e-07
 Reference value :  6.98638e-07
 Reference value :  6.98943e-07
 Reference value :  6.99238e-07
 Reference value :  6.99513e-07
 Reference value :  6.99798e-07
 Reference value :  7.00078e-07
 Reference value :  7.00363e-07
 Reference value :  7.00668e-07
 Reference value :  7.01028e-07
 Reference value :  7.01338e-07
 Reference value :  7.01638e-07
 Reference value :  7.01928e-07
 Reference value :  7.02208e-07
 Reference value :  7.02518e-07
 Reference value :  7.02818e-07
 Reference value :  7.03133e-07
 Reference value :  7.03418e-07
 Reference value :  7.03748e-07
 Reference value :  7.04033e-07
 Reference value :  7.04318e-07
 Reference value :  7.04603e-07
 Reference value :  7.04898e-07
 Reference value :  7.05193e-07
 Reference value :  7.05493e-07
 Reference value :  7.05793e-07
 Reference value :  7.06103e-07
 Reference value :  7.06418e-07
 Reference value :  7.06723e-07
 Reference value :  7.07008e-07
 Reference value :  7.07318e-07
 Reference value :  7.07623e-07
 Reference value :  7.07938e-07
 Reference value :  7.08323e-07
 Reference value :  7.08658e-07
 Reference value :  7.08958e-07
 Reference value :  7.09268e-07
 Reference value :  7.09573e-07
 Reference value :  7.09873e-07
 Reference value :  7.10178e-07
 Reference value :  7.10513e-07
 Reference value :  7.10818e-07
 Reference value :  7.11088e-07
 Reference value :  7.11383e-07
 Reference value :  7.11728e-07
 Reference value :  7.12033e-07
 Reference value :  7.12328e-07
 Reference value :  7.12678e-07
 Reference value :  7.12973e-07
 Reference value :  7.13248e-07
 Reference value :  7.13543e-07
 Reference value :  7.13868e-07
 Reference value :  7.14203e-07
 Reference value :  7.14538e-07
 Reference value :  7.14858e-07
 Reference value :  7.15248e-07
 Reference value :  7.15553e-07
 Reference value :  7.15853e-07
 Reference value :  7.16138e-07
 Reference value :  7.16448e-07
 Reference value :  7.16768e-07
 Reference value :  7.17078e-07
 Reference value :  7.17383e-07
 Reference value :  7.17733e-07
 Reference value :  7.18058e-07
 Reference value :  7.18353e-07
 Reference value :  7.18658e-07
 Reference value :  7.18993e-07
 Reference value :  7.19273e-07
 Reference value :  7.19578e-07
 Reference value :  7.19873e-07
 Reference value :  7.20163e-07
 Reference value :  7.20453e-07
 Reference value :  7.20738e-07
 Reference value :  7.21028e-07
 Reference value :  7.21313e-07
 Reference value :  7.21603e-07
 Reference value :  7.21868e-07
 Reference value :  7.22158e-07
 Reference value :  7.22523e-07
 Reference value :  7.22833e-07
 Reference value :  7.23103e-07
 Reference value :  7.23383e-07
 Reference value :  7.23643e-07
 Reference value :  7.23898e-07
 Reference value :  7.24188e-07
 Reference value :  7.24518e-07
 Reference value :  7.24853e-07
 Reference value :  7.25188e-07
 Reference value :  7.25513e-07
 Reference value :  7.25798e-07
 Reference value :  7.26138e-07
 Reference value :  7.26463e-07
 Reference value :  7.26773e-07
 Reference value :  7.27123e-07
 Reference value :  7.27453e-07
 Reference value :  7.27793e-07
 Reference value :  7.28098e-07
 Reference value :  7.28383e-07
 Reference value :  7.28703e-07
 Reference value :  7.29018e-07
 Reference value :  7.29313e-07
 Reference value :  7.29643e-07
 Reference value :  7.29948e-07
 Reference value :  7.30278e-07
 Reference value :  7.30598e-07
 Reference value :  7.30863e-07
 Reference value :  7.31178e-07
 Reference value :  7.31468e-07
 Reference value :  7.31813e-07
 Reference value :  7.32088e-07
 Reference value :  7.32403e-07
 Reference value :  7.32753e-07
 Reference value :  7.33053e-07
 Reference value :  7.33343e-07
 Reference value :  7.33638e-07
 Reference value :  7.34018e-07
 Reference value :  7.34403e-07
 Reference value :  7.34718e-07
 Reference value :  7.35018e-07
 Reference value :  7.35338e-07
 Reference value :  7.35698e-07
 Reference value :  7.36008e-07
 Reference value :  7.36358e-07
 Reference value :  7.36698e-07
 Reference value :  7.37068e-07
 Reference value :  7.37398e-07
 Reference value :  7.37733e-07
 Reference value :  7.38078e-07
 Reference value :  7.38413e-07
 Reference value :  7.38703e-07
 Reference value :  7.39043e-07
 Reference value :  7.39333e-07
 Reference value :  7.39618e-07
 Reference value :  7.39943e-07
 Reference value :  7.40268e-07
 Reference value :  7.40653e-07
 Reference value :  7.40933e-07
 Reference value :  7.41283e-07
 Reference value :  7.41608e-07
 Reference value :  7.41903e-07
 Reference value :  7.42183e-07
 Reference value :  7.42463e-07
 Reference value :  7.42753e-07
 Reference value :  7.43078e-07
 Reference value :  7.43393e-07
 Reference value :  7.43688e-07
 Reference value :  7.44018e-07
 Reference value :  7.44318e-07
 Reference value :  7.44613e-07
 Reference value :  7.44948e-07
 Reference value :  7.45288e-07
 Reference value :  7.45668e-07
 Reference value :  7.46038e-07
 Reference value :  7.46393e-07
 Reference value :  7.46843e-07
 Reference value :  7.47228e-07
 Reference value :  7.47593e-07
 Reference value :  7.47988e-07
 Reference value :  7.48343e-07
 Reference value :  7.48693e-07
 Reference value :  7.49003e-07
 Reference value :  7.49338e-07
 Reference value :  7.49708e-07
 Reference value :  7.49988e-07
 Reference value :  7.50273e-07
 Reference value :  7.50588e-07
 Reference value :  7.50888e-07
 Reference value :  7.51203e-07
 Reference value :  7.51518e-07
 Reference value :  7.51848e-07
 Reference value :  7.52153e-07
 Reference value :  7.52498e-07
 Reference value :  7.52793e-07
 Reference value :  7.53078e-07
 Reference value :  7.53368e-07
 Reference value :  7.53688e-07
 Reference value :  7.53958e-07
 Reference value :  7.54308e-07
 Reference value :  7.54633e-07
 Reference value :  7.54913e-07
 Reference value :  7.55198e-07
 Reference value :  7.55488e-07
 Reference value :  7.55763e-07
 Reference value :  7.56028e-07
 Reference value :  7.56348e-07
 Reference value :  7.56638e-07
 Reference value :  7.56963e-07
 Reference value :  7.57258e-07
 Reference value :  7.57528e-07
 Reference value :  7.57798e-07
 Reference value :  7.58063e-07
 Reference value :  7.58393e-07
 Reference value :  7.58728e-07
 Reference value :  7.59003e-07
 Reference value :  7.59303e-07
 Reference value :  7.59603e-07
 Reference value :  7.59868e-07
 Reference value :  7.60173e-07
 Reference value :  7.60473e-07
 Reference value :  7.60728e-07
 Reference value :  7.61048e-07
 Reference value :  7.61428e-07
 Reference value :  7.61723e-07
 Reference value :  7.62013e-07
 Reference value :  7.62378e-07
 Reference value :  7.62738e-07
 Reference value :  7.63023e-07
 Reference value :  7.63343e-07
 Reference value :  7.63678e-07
 Reference value :  7.64038e-07
 Reference value :  7.64373e-07
 Reference value :  7.64653e-07
 Reference value :  7.64973e-07
 Reference value :  7.65298e-07
 Reference value :  7.65628e-07
 Reference value :  7.65933e-07
 Reference value :  7.66273e-07
 Reference value :  7.66628e-07
 Reference value :  7.66948e-07
 Reference value :  7.67228e-07
 Reference value :  7.67553e-07
 Reference value :  7.67833e-07
 Reference value :  7.68183e-07
 Reference value :  7.68468e-07
 Reference value :  7.68818e-07
 Reference value :  7.69113e-07
 Reference value :  7.69413e-07
 Reference value :  7.69763e-07
 Reference value :  7.70028e-07
 Reference value :  7.70308e-07
 Reference value :  7.70598e-07
 Reference value :  7.70908e-07
 Reference value :  7.71188e-07
 Reference value :  7.71518e-07
 Reference value :  7.71798e-07
 Reference value :  7.72083e-07
 Reference value :  7.72363e-07
 Reference value :  7.72658e-07
 Reference value :  7.72938e-07
 Reference value :  7.73223e-07
 Reference value :  7.73513e-07
 Reference value :  7.73788e-07
 Reference value :  7.74108e-07
 Reference value :  7.74393e-07
 Reference value :  7.74678e-07
 Reference value :  7.74988e-07
 Reference value :  7.75313e-07
 Reference value :  7.75608e-07
 Reference value :  7.75923e-07
 Reference value :  7.76233e-07
 Reference value :  7.76528e-07
 Reference value :  7.76823e-07
 Reference value :  7.77108e-07
 Reference value :  7.77403e-07
 Reference value :  7.77683e-07
 Reference value :  7.77973e-07
 Reference value :  7.78258e-07
 Reference value :  7.78553e-07
 Reference value :  7.78838e-07
 Reference value :  7.79118e-07
 Reference value :  7.79398e-07
 Reference value :  7.79683e-07
 Reference value :  7.79958e-07
 Reference value :  7.80233e-07
 Reference value :  7.80508e-07
 Reference value :  7.80778e-07
 Reference value :  7.81033e-07
 Reference value :  7.81303e-07
 Reference value :  7.81588e-07
 Reference value :  7.81858e-07
 Reference value :  7.82148e-07
 Reference value :  7.82423e-07
 Reference value :  7.82698e-07
 Reference value :  7.83013e-07
 Reference value :  7.83308e-07
 Reference value :  7.83578e-07
 Reference value :  7.83863e-07
 Reference value :  7.84143e-07
 Reference value :  7.84423e-07
 Reference value :  7.84708e-07
 Reference value :  7.84993e-07
 Reference value :  7.85288e-07
 Reference value :  7.85563e-07
 Reference value :  7.85848e-07
 Reference value :  7.86148e-07
 Reference value :  7.86418e-07
 Reference value :  7.86668e-07
 Reference value :  7.86938e-07
 Reference value :  7.87213e-07
 Reference value :  7.87518e-07
 Reference value :  7.87803e-07
 Reference value :  7.88088e-07
 Reference value :  7.88363e-07
 Reference value :  7.88638e-07
 Reference value :  7.88913e-07
 Reference value :  7.89193e-07
 Reference value :  7.89463e-07
 Reference value :  7.89738e-07
 Reference value :  7.90088e-07
 Reference value :  7.90368e-07
 Reference value :  7.90648e-07
 Reference value :  7.90943e-07
 Reference value :  7.91233e-07
 Reference value :  7.91508e-07
 Reference value :  7.91783e-07
 Reference value :  7.92068e-07
 Reference value :  7.92358e-07
 Reference value :  7.92643e-07
 Reference value :  7.92928e-07
 Reference value :  7.93208e-07
 Reference value :  7.93478e-07
 Reference value :  7.93763e-07
 Reference value :  7.94053e-07
 Reference value :  7.94328e-07
 Reference value :  7.94633e-07
 Reference value :  7.94908e-07
 Reference value :  7.95178e-07
 Reference value :  7.95468e-07
 Reference value :  7.95783e-07
 Reference value :  7.96068e-07
 Reference value :  7.96358e-07
 Reference value :  7.96633e-07
 Reference value :  7.96918e-07
 Reference value :  7.97193e-07
 Reference value :  7.97483e-07
 Reference value :  7.97788e-07
 Reference value :  7.98063e-07
 Reference value :  7.98333e-07
 Reference value :  7.98623e-07
 Reference value :  7.98903e-07
 Reference value :  7.99178e-07
 Reference value :  7.99468e-07
 Reference value :  7.99758e-07
No. of Data Rows : 160090
pt1a                =  1.50446e-08
pt1b                =  8.13697e-08
pt2a                =  1.46686e-08
pt2b                =  7.80250e-08
pt3a                =  1.43817e-08
pt3b                =  7.51526e-08
pt4a                =  1.39903e-08
pt4b                =  7.27044e-08
pvxo_max            =  1.84159e+00 at=  7.47503e-07
pvxo_min            =  -3.75381e-02 at=  7.55648e-07
ptxo_a              =  1.93654e-08
ptxo_b              =  1.54790e-07
pvxo_avg            =  8.71925e-01 from=  1.00000e-07 to=  8.00000e-07
p_vrst_bit          =  5.04756e-06 at=  1.24128e-07
p_vrst_valid        =  6.31160e-07 at=  2.49628e-07
p_vrst_r1           =  9.98058e-07 at=  2.34023e-07
p_vrst_r2           =  1.00496e-06 at=  1.98553e-07
p_vrst_r3           =  9.80278e-07 at=  1.05653e-07
p_vrst_r4           =  3.57756e-06 at=  1.60418e-07
p_bit_400n          =  1.79999e+00
p_bit_500n          =  1.80000e+00
p_bit_600n          =  1.80002e+00
p_bit_700n          =  4.74512e-07
p_bit_800n          =  6.05135e-07
p_valid_400n        =  1.80000e+00
p_r1_400n           =  2.15212e-07
p_r2_400n           =  1.80000e+00
p_r3_400n           =  1.80000e+00
p_r4_400n           =  1.79997e+00
pi1_rst             =  -9.48749e-06 from=  5.00000e-08 to=  2.50003e-07
pi2_rst             =  -9.87955e-06 from=  5.00000e-08 to=  2.50003e-07
pi3_rst             =  -1.02629e-05 from=  5.00000e-08 to=  2.50003e-07
pi4_rst             =  -1.06217e-05 from=  5.00000e-08 to=  2.50003e-07
pib_rst             =  -1.09614e-04 from=  5.00000e-08 to=  2.50003e-07
pi1_act             =  -9.48420e-06 from=  4.00000e-07 to=  8.00000e-07
pi2_act             =  -9.87097e-06 from=  4.00000e-07 to=  8.00000e-07
pi3_act             =  -1.02614e-05 from=  4.00000e-07 to=  8.00000e-07
pi4_act             =  -1.06220e-05 from=  4.00000e-07 to=  8.00000e-07
pib_act             =  -1.18500e-04 from=  4.00000e-07 to=  8.00000e-07
t1a                 =  1.24463e-08
t1b                 =  4.11288e-08
t2a                 =  1.20545e-08
t2b                 =  3.90893e-08
t3a                 =  1.16852e-08
t3b                 =  3.72617e-08
t4a                 =  1.13601e-08
t4b                 =  3.55684e-08
vxo_max             =  1.95593e+00 at=  6.66883e-07
vxo_min             =  -1.86019e-01 at=  6.63273e-07
txo_a               =  7.52405e-11
txo_b               =  6.30239e-08
vxo_avg             =  9.57281e-01 from=  1.00000e-07 to=  8.00000e-07
vrst_bit            =  1.25065e-04 at=  1.74498e-07
vrst_valid          =  6.71196e-07 at=  2.49263e-07
vrst_r1             =  9.10122e-06 at=  1.17528e-07
vrst_r2             =  9.15435e-06 at=  2.12153e-07
vrst_r3             =  9.68164e-06 at=  6.70775e-08
vrst_r4             =  9.20781e-06 at=  1.59078e-07
bit_400n            =  1.80001e+00
bit_500n            =  6.80013e-05
bit_600n            =  -6.07643e-06
bit_700n            =  1.79993e+00
bit_800n            =  1.79989e+00
valid_400n          =  1.80000e+00
r1_400n             =  1.80000e+00
r2_400n             =  5.49360e-07
r3_400n             =  6.73358e-07
r4_400n             =  1.80000e+00
i1_rst              =  -1.10545e-05 from=  5.00000e-08 to=  2.50003e-07
i2_rst              =  -1.15694e-05 from=  5.00000e-08 to=  2.50003e-07
i3_rst              =  -1.20839e-05 from=  5.00000e-08 to=  2.50003e-07
i4_rst              =  -1.26013e-05 from=  5.00000e-08 to=  2.50003e-07
ib_rst              =  -8.54005e-05 from=  5.00000e-08 to=  2.50003e-07
i1_act              =  -1.10425e-05 from=  4.00000e-07 to=  8.00000e-07
i2_act              =  -1.15582e-05 from=  4.00000e-07 to=  8.00000e-07
i3_act              =  -1.20731e-05 from=  4.00000e-07 to=  8.00000e-07
i4_act              =  -1.25899e-05 from=  4.00000e-07 to=  8.00000e-07
ib_act              =  -9.39158e-05 from=  4.00000e-07 to=  8.00000e-07
p_tr1 = 6.632513e-09
p_tr2 = 6.335639e-09
p_tr3 = 6.077094e-09
p_tr4 = 5.871413e-09
p_f_ideal = 6.434788e+08
p_f_xo = 3.544416e+08
p_edge_retention = 5.508210e-01
p_bias_xo = 4.844029e-01
p_swing_frac_xo = 1.043957e+00
p_vrst_bit = 5.047560e-06
p_vrst_valid = 6.311601e-07
p_vrst_r1 = 9.980578e-07
p_vrst_r2 = 1.004963e-06
p_vrst_r3 = 9.802783e-07
p_vrst_r4 = 3.577561e-06
p_bit_400n = 1.799988e+00
p_bit_500n = 1.799999e+00
p_bit_600n = 1.800016e+00
p_bit_700n = 4.745123e-07
p_bit_800n = 6.051346e-07
p_valid_400n = 1.800000e+00
p_r1_400n = 2.152116e-07
p_r2_400n = 1.800000e+00
p_r3_400n = 1.800000e+00
p_r4_400n = 1.799968e+00
p_i_rings_rst = 4.025163e-05
p_i_block_rst = 1.096137e-04
p_i_total_rst = 1.498653e-04
p_i_rings_act = 4.023854e-05
p_i_block_act = 1.185003e-04
p_i_total_act = 1.587388e-04
tr1 = 2.868253e-09
tr2 = 2.703477e-09
tr3 = 2.557649e-09
tr4 = 2.420827e-09
f_ideal = 1.522604e+09
f_xo = 7.625267e+08
edge_retention = 5.008042e-01
bias_xo = 5.318230e-01
swing_frac_xo = 1.189971e+00
vrst_bit = 1.250651e-04
vrst_valid = 6.711962e-07
vrst_r1 = 9.101223e-06
vrst_r2 = 9.154347e-06
vrst_r3 = 9.681639e-06
vrst_r4 = 9.207809e-06
bit_400n = 1.800011e+00
bit_500n = 6.800127e-05
bit_600n = -6.07643e-06
bit_700n = 1.799927e+00
bit_800n = 1.799894e+00
valid_400n = 1.800000e+00
r1_400n = 1.800003e+00
r2_400n = 5.493601e-07
r3_400n = 6.733575e-07
r4_400n = 1.799999e+00
i_rings_rst = 4.730903e-05
i_block_rst = 8.540050e-05
i_total_rst = 1.327095e-04
i_rings_act = 4.726365e-05
i_block_act = 9.391581e-05
i_total_act = 1.411795e-04
slowdown_r1 = 2.312388e+00
slowdown_r2 = 2.343515e+00
slowdown_r3 = 2.376047e+00
slowdown_r4 = 2.425375e+00
i_total_act_ratio = 1.124376e+00
i_total_rst_ratio = 1.129273e+00
Note: Simulation executed from .control section 

----- stderr -----

