|* ro_ring11 transient-noise jitter accumulation -- issue #10 headline points
|*
|* Purpose: issue #10 acceptance criterion 2, second configuration. Same
|* measurement as tb_ro_ring5_jitter.spice (period T0 = `tbar`, jitter
|* accumulation sigma_1/sigma_2/sigma_4, ring swing vmax_ss/vmin_ss/
|* swing_frac), run on design/xschem/ro_ring11.sch -- the 11-stage ring
|* design/xschem/ro_array_core.sch actually instantiates, and whose stage
|* count design/README.md's "Provisional, not sized" table flags as carried
|* over from gf180-trng rather than measured on sky130.
|*
|* Why this ring is NOT the 27-point flagship: it is ~2.2x the devices AND
|* ~2.2x the period of ro_ring5, so ~5x the wall clock per measured period
|* (~9 min per corner point at this deck's settings, vs ~3.5 min for
|* ro_ring5). Per spec/porting-plan.md Sec 2.2 / DR-0006's reduced-grid
|* methodology, the non-flagship configuration runs the 3 headline points
|* only: nominal (tt / 27 degC / 1.8 V), fast-cold-high-supply
|* (ff / -40 degC / 1.98 V), slow-hot-low-supply (ss / 125 degC / 1.62 V --
|* DR-0001's named risk corner).
|*
|* The comparison this configuration exists to make: the array sizing law
|* (spec/porting-plan.md Sec 1.1) is Q = sigma_1^2 * T_s / T0^3 per ring, so
|* stage count enters twice and in opposite directions. For a ring of n
|* nominally identical stages each contributing an independent per-transition
|* timing perturbation, sigma_1^2 grows ~n while T0 grows ~n, giving
|* Q ~ 1/n^2: FEWER stages should be strictly better for entropy per sample
|* at a fixed sample period T_s. That is an analytic expectation, not a
|* measurement, and issue #10's acceptance criteria explicitly forbid
|* carrying a stage-count claim on "left as-is". This deck is the
|* measurement that tests it on sky130 devices: ro_ring5 and ro_ring11 are
|* run at the same three headline points, with the same injected noise
|* level, the same seed, and the same estimator, so their Q ratio is
|* directly readable.
|*
|* Method, injection topology, trnoise() calibration, and every caveat are
|* identical to tb_ro_ring5_jitter.spice -- see that file's header for the
|* full statement (in particular: the injected level is anchored once to
|* sim/ro-stage-noise-mechanism-check's measured near-band output-noise
|* density and is NOT re-measured per corner, so every sigma figure here is
|* good to roughly 1.5-2x, and Q -- which goes as sigma^2 -- to roughly
|* 2-4x). The per-stage series trnoise() sources are wired the same way
|* around the loop: ro -> gA -> ro_nand2 -> n1 -> gB -> stage1 -> n2 -> ...
|* -> n10 -> gK -> stage10 -> ro.
|*
|* STAGE COUNT, stated explicitly because getting it wrong is silent: this
|* ring is ONE ro_nand2 plus TEN ro_stage cells = ELEVEN inverting stages,
|* matching design/ro_array_core.spice's `ro_ring11` subcircuit instance for
|* instance (`xg`, `x1`..`x10`). An even inversion count does not oscillate
|* at all -- it latches -- and ngspice reports that only as a `meas ... when
|* ... rise=N` failure buried in the log, not as an error. A twelve-stage
|* draft of this deck did exactly that during development (measured swing
|* 9.0e-04 x Vdd, i.e. a dead ring), which is why the count is spelled out
|* here and why the runner's own not-flat/finite-measurement checks are not
|* sufficient on their own: the swing_frac measurement below is the guard
|* that makes a latched ring visible in the record itself.
|*
|* Two settings differ from the ro_ring5 deck, both cost-driven and both
|* stated rather than silent:
|*
|*   - 8 periods (9 rising crossings, rise=2..10) instead of 20. The
|*     sigma_1 estimator therefore carries ~25% (1-sigma) statistical error
|*     here instead of ~16%, i.e. ~50% on Q. That is tolerable for the
|*     comparison this deck is for (a predicted ~(11/5)^2 = 4.8x Q ratio
|*     against ro_ring5), and it is NOT good enough to read a corner-to-
|*     corner minimum off ro_ring11 alone -- which is why the
|*     entropy-binding-corner search runs on the ro_ring5 flagship grid.
|*     Note a noisy sigma_1 does NOT blur the corner search on the flagship
|*     grid either: Q goes as sigma_1^2/T_0^3, T_0 is measured to ~0.2%,
|*     and T_0 ranges 2.4x across the grid (14x in T_0^3) while sigma_1^2
|*     ranges under ~2x -- so the grid's Q ordering is dominated by the
|*     precisely-measured term.
|*   - sigma_8 is dropped (only 1 independent 8-period lag exists in 8
|*     periods); sigma_1/sigma_2/sigma_4 are reported.
|*
|* tstop = 130 ns is sized from this ring's own measured nominal period
|* (6.43 ns at tt / 27 degC / 1.8 V, measured directly during this deck's
|* bring-up) scaled by the ro_ring5 grid's measured worst-corner slowdown
|* (4.82 ns vs 2.42 ns at nominal, i.e. 2.0x, driven almost entirely by the
|* 1.62 V supply edge): ~12.9 ns/period worst case, so 9 rising crossings
|* need <= 13 + 8 x 12.9 = 116 ns, and 130 ns carries the margin.
|*
|* Transient max timestep: this deck takes it from 20p rather than
|* hard-coding it, and the campaign runs it at the coarsest step
|* sim/ro-ring-timestep-convergence/ shows to be converged. See that slug's
|* record: at this ring's own edge rates a 5 ps step is far finer than the
|* jitter estimator needs, and the transient step count is the single
|* dominant cost term for a 27-point grid.
|*
|* This file is a TEMPLATE: sim/bin/corner-run.py substitutes /home/ubuntu/.volare/volare/sky130/versions/c6d73a35f524070e85faff4a6a9eef49553ebc2b/sky130A/libs.tech/combined/sky130.lib.spice,
|* tt (process axis), /home/ubuntu/GitHub/sky130-trng/.loom/worktrees/issue-10/design/ro_array_core.spice, 27.0/1.8 (the other two
|* PVT axes), 20p and 1 (this run's `.option seed=`). NOTE: this deck
|* needs ro_nand2/ro_stage from design/ro_array_core.spice (the netlist that
|* carries ro_ring11), NOT from design/ro_ring5.spice, so every invocation
|* must pass `--ro-ring5 design/ro_array_core.spice`. As committed here
|* this is not a runnable deck.
|
|.option scale=1u
|.lib "/home/ubuntu/.volare/volare/sky130/versions/c6d73a35f524070e85faff4a6a9eef49553ebc2b/sky130A/libs.tech/combined/sky130.lib.spice" tt
|
|.include "/home/ubuntu/GitHub/sky130-trng/.loom/worktrees/issue-10/design/ro_array_core.spice"
|
|.temp 27.0
|.option seed=1
|
|Vddr vddr 0 dc 1.8
|Ven en 0 dc 1.8
|
|xg gA en n1 vddr 0 ro_nand2
|VnA gA ro dc 0 trnoise(2.0e-3 2e-10 0 0)
|x1 gB n2 vddr 0 ro_stage
|VnB gB n1 dc 0 trnoise(2.0e-3 2e-10 0 0)
|x2 gC n3 vddr 0 ro_stage
|VnC gC n2 dc 0 trnoise(2.0e-3 2e-10 0 0)
|x3 gD n4 vddr 0 ro_stage
|VnD gD n3 dc 0 trnoise(2.0e-3 2e-10 0 0)
|x4 gE n5 vddr 0 ro_stage
|VnE gE n4 dc 0 trnoise(2.0e-3 2e-10 0 0)
|x5 gF n6 vddr 0 ro_stage
|VnF gF n5 dc 0 trnoise(2.0e-3 2e-10 0 0)
|x6 gG n7 vddr 0 ro_stage
|VnG gG n6 dc 0 trnoise(2.0e-3 2e-10 0 0)
|x7 gH n8 vddr 0 ro_stage
|VnH gH n7 dc 0 trnoise(2.0e-3 2e-10 0 0)
|x8 gI n9 vddr 0 ro_stage
|VnI gI n8 dc 0 trnoise(2.0e-3 2e-10 0 0)
|x9 gJ n10 vddr 0 ro_stage
|VnJ gJ n9 dc 0 trnoise(2.0e-3 2e-10 0 0)
|x10 gK ro vddr 0 ro_stage
|VnK gK n10 dc 0 trnoise(2.0e-3 2e-10 0 0)
|
|.ic v(ro)=0 v(n1)=1.8 v(n2)=0 v(n3)=1.8 v(n4)=0 v(n5)=1.8
|+ v(n6)=0 v(n7)=1.8 v(n8)=0 v(n9)=1.8 v(n10)=0
|
|.tran 20p 130n uic
|
|.control
|run
|meas tran vmax_ss MAX v(ro) from=25n to=130n
|meas tran vmin_ss MIN v(ro) from=25n to=165n
|let swing_frac = (vmax_ss - vmin_ss) / 1.8
|let k = 2
|let tc = vector(9)
|while k <= 10
|  meas tran tk when v(ro)=0.5*1.8 rise=$&k
|  let tc[k-2] = tk
|  let k = k + 1
|end
|let tbar = (tc[8] - tc[0])/8
|let r1 = (tc[1,8] - tc[0,7]) - 1*tbar
|let r2 = (tc[2,8] - tc[0,6]) - 2*tbar
|let r4 = (tc[4,8] - tc[0,4]) - 4*tbar
|let sigma_1 = sqrt(mean(r1*r1)/(1 - 1/8))
|let sigma_2 = sqrt(mean(r2*r2)/(1 - 2/8))
|let sigma_4 = sqrt(mean(r4*r4)/(1 - 4/8))
|print vmax_ss
|print vmin_ss
|print swing_frac
|print tbar
|print sigma_1
|print sigma_2
|print sigma_4
|.endc
|.end
|

----- stdout -----

Note: No compatibility mode selected!


Circuit: * ro_ring11 transient-noise jitter accumulation -- issue #10 headline points

Doing analysis at TEMP = 27.000000 and TNOM = 27.000000

Using SPARSE 1.3 as Direct Linear Solver
Operating point simulation skipped by 'uic',
  now using transient initial conditions.
 Reference value :  2.00000e-13
 Reference value :  2.25071e-13
 Reference value :  3.75494e-13
 Reference value :  8.38937e-13
 Reference value :  2.41620e-12
 Reference value :  7.32548e-12
 Reference value :  1.56205e-11
 Reference value :  2.26277e-11
 Reference value :  3.31385e-11
 Reference value :  6.71528e-11
 Reference value :  1.07153e-10
 Reference value :  1.47153e-10
 Reference value :  1.83576e-10
 Reference value :  2.06000e-10
 Reference value :  2.30000e-10
 Reference value :  2.70000e-10
 Reference value :  3.30000e-10
 Reference value :  3.85000e-10
 Reference value :  4.06000e-10
 Reference value :  4.50000e-10
 Reference value :  5.10000e-10
 Reference value :  5.50000e-10
 Reference value :  5.85000e-10
 Reference value :  6.06000e-10
 Reference value :  6.50000e-10
 Reference value :  7.10000e-10
 Reference value :  7.70000e-10
 Reference value :  8.02000e-10
 Reference value :  8.30000e-10
 Reference value :  8.70000e-10
 Reference value :  9.10000e-10
 Reference value :  9.70000e-10
 Reference value :  1.00000e-09
 Reference value :  1.01400e-09
 Reference value :  1.05000e-09
 Reference value :  1.09000e-09
 Reference value :  1.15000e-09
 Reference value :  1.20000e-09
 Reference value :  1.21400e-09
 Reference value :  1.25000e-09
 Reference value :  1.29000e-09
 Reference value :  1.35000e-09
 Reference value :  1.38500e-09
 Reference value :  1.40600e-09
 Reference value :  1.45000e-09
 Reference value :  1.49000e-09
 Reference value :  1.55000e-09
 Reference value :  1.58500e-09
 Reference value :  1.60600e-09
 Reference value :  1.65000e-09
 Reference value :  1.69000e-09
 Reference value :  1.73000e-09
 Reference value :  1.77000e-09
 Reference value :  1.80000e-09
 Reference value :  1.81400e-09
 Reference value :  1.85000e-09
 Reference value :  1.91000e-09
 Reference value :  1.95000e-09
 Reference value :  1.98500e-09
 Reference value :  2.00600e-09
 Reference value :  2.03000e-09
 Reference value :  2.09000e-09
 Reference value :  2.13000e-09
 Reference value :  2.17000e-09
 Reference value :  2.20000e-09
 Reference value :  2.21400e-09
 Reference value :  2.25000e-09
 Reference value :  2.29000e-09
 Reference value :  2.33000e-09
 Reference value :  2.37000e-09
 Reference value :  2.40600e-09
 Reference value :  2.47000e-09
 Reference value :  2.51000e-09
 Reference value :  2.55000e-09
 Reference value :  2.58500e-09
 Reference value :  2.60200e-09
 Reference value :  2.63000e-09
 Reference value :  2.67000e-09
 Reference value :  2.71000e-09
 Reference value :  2.75000e-09
 Reference value :  2.80000e-09
 Reference value :  2.81400e-09
 Reference value :  2.87000e-09
 Reference value :  2.91000e-09
 Reference value :  2.97000e-09
 Reference value :  3.00200e-09
 Reference value :  3.03000e-09
 Reference value :  3.07000e-09
 Reference value :  3.13000e-09
 Reference value :  3.17000e-09
 Reference value :  3.20000e-09
 Reference value :  3.21400e-09
 Reference value :  3.25000e-09
 Reference value :  3.29000e-09
 Reference value :  3.33000e-09
 Reference value :  3.37000e-09
 Reference value :  3.40200e-09
 Reference value :  3.43000e-09
 Reference value :  3.47000e-09
 Reference value :  3.51000e-09
 Reference value :  3.57000e-09
 Reference value :  3.60200e-09
 Reference value :  3.63000e-09
 Reference value :  3.69000e-09
 Reference value :  3.73000e-09
 Reference value :  3.77000e-09
 Reference value :  3.80000e-09
 Reference value :  3.81400e-09
 Reference value :  3.85000e-09
 Reference value :  3.89000e-09
 Reference value :  3.95000e-09
 Reference value :  3.98500e-09
 Reference value :  4.00600e-09
 Reference value :  4.05000e-09
 Reference value :  4.09000e-09
 Reference value :  4.15000e-09
 Reference value :  4.18500e-09
 Reference value :  4.20600e-09
 Reference value :  4.23000e-09
 Reference value :  4.27000e-09
 Reference value :  4.33000e-09
 Reference value :  4.37000e-09
 Reference value :  4.40000e-09
 Reference value :  4.41400e-09
 Reference value :  4.45000e-09
 Reference value :  4.49000e-09
 Reference value :  4.53000e-09
 Reference value :  4.57000e-09
 Reference value :  4.60000e-09
 Reference value :  4.61400e-09
 Reference value :  4.65000e-09
 Reference value :  4.69000e-09
 Reference value :  4.75000e-09
 Reference value :  4.78500e-09
 Reference value :  4.80600e-09
 Reference value :  4.87000e-09
 Reference value :  4.93000e-09
 Reference value :  4.98500e-09
 Reference value :  5.00600e-09
 Reference value :  5.03000e-09
 Reference value :  5.07000e-09
 Reference value :  5.13000e-09
 Reference value :  5.18500e-09
 Reference value :  5.20600e-09
 Reference value :  5.25000e-09
 Reference value :  5.29000e-09
 Reference value :  5.33000e-09
 Reference value :  5.37000e-09
 Reference value :  5.40000e-09
 Reference value :  5.41400e-09
 Reference value :  5.47000e-09
 Reference value :  5.51000e-09
 Reference value :  5.55000e-09
 Reference value :  5.58500e-09
 Reference value :  5.60600e-09
 Reference value :  5.65000e-09
 Reference value :  5.69000e-09
 Reference value :  5.73000e-09
 Reference value :  5.77000e-09
 Reference value :  5.80000e-09
 Reference value :  5.81400e-09
 Reference value :  5.85000e-09
 Reference value :  5.89000e-09
 Reference value :  5.93000e-09
 Reference value :  5.98500e-09
 Reference value :  6.00600e-09
 Reference value :  6.05000e-09
 Reference value :  6.09000e-09
 Reference value :  6.15000e-09
 Reference value :  6.18500e-09
 Reference value :  6.20600e-09
 Reference value :  6.23000e-09
 Reference value :  6.27000e-09
 Reference value :  6.31000e-09
 Reference value :  6.35000e-09
 Reference value :  6.38500e-09
 Reference value :  6.40600e-09
 Reference value :  6.45000e-09
 Reference value :  6.49000e-09
 Reference value :  6.55000e-09
 Reference value :  6.60200e-09
 Reference value :  6.63000e-09
 Reference value :  6.67000e-09
 Reference value :  6.73000e-09
 Reference value :  6.77000e-09
 Reference value :  6.80000e-09
 Reference value :  6.81400e-09
 Reference value :  6.85000e-09
 Reference value :  6.89000e-09
 Reference value :  6.93000e-09
 Reference value :  6.97000e-09
 Reference value :  7.00200e-09
 Reference value :  7.03000e-09
 Reference value :  7.07000e-09
 Reference value :  7.11000e-09
 Reference value :  7.17000e-09
 Reference value :  7.20200e-09
 Reference value :  7.23000e-09
 Reference value :  7.27000e-09
 Reference value :  7.33000e-09
 Reference value :  7.37000e-09
 Reference value :  7.40000e-09
 Reference value :  7.41400e-09
 Reference value :  7.45000e-09
 Reference value :  7.49000e-09
 Reference value :  7.53000e-09
 Reference value :  7.57000e-09
 Reference value :  7.60200e-09
 Reference value :  7.63000e-09
 Reference value :  7.69000e-09
 Reference value :  7.75000e-09
 Reference value :  7.80000e-09
 Reference value :  7.81400e-09
 Reference value :  7.89000e-09
 Reference value :  7.93000e-09
 Reference value :  7.98500e-09
 Reference value :  8.00600e-09
 Reference value :  8.05000e-09
 Reference value :  8.09000e-09
 Reference value :  8.13000e-09
 Reference value :  8.18500e-09
 Reference value :  8.20600e-09
 Reference value :  8.25000e-09
 Reference value :  8.31000e-09
 Reference value :  8.37000e-09
 Reference value :  8.40000e-09
 Reference value :  8.41400e-09
 Reference value :  8.45000e-09
 Reference value :  8.49000e-09
 Reference value :  8.53000e-09
 Reference value :  8.57000e-09
 Reference value :  8.60000e-09
 Reference value :  8.61400e-09
 Reference value :  8.65000e-09
 Reference value :  8.69000e-09
 Reference value :  8.73000e-09
 Reference value :  8.77000e-09
 Reference value :  8.80000e-09
 Reference value :  8.83000e-09
 Reference value :  8.89000e-09
 Reference value :  8.95000e-09
 Reference value :  8.98500e-09
 Reference value :  9.00600e-09
 Reference value :  9.03000e-09
 Reference value :  9.07000e-09
 Reference value :  9.11000e-09
 Reference value :  9.15000e-09
 Reference value :  9.18500e-09
 Reference value :  9.20600e-09
 Reference value :  9.25000e-09
 Reference value :  9.31000e-09
 Reference value :  9.35000e-09
 Reference value :  9.40000e-09
 Reference value :  9.41400e-09
 Reference value :  9.47000e-09
 Reference value :  9.51000e-09
 Reference value :  9.55000e-09
 Reference value :  9.58500e-09
 Reference value :  9.60600e-09
 Reference value :  9.65000e-09
 Reference value :  9.69000e-09
 Reference value :  9.73000e-09
 Reference value :  9.77000e-09
 Reference value :  9.80000e-09
 Reference value :  9.81400e-09
 Reference value :  9.85000e-09
 Reference value :  9.89000e-09
 Reference value :  9.93000e-09
 Reference value :  9.98500e-09
 Reference value :  1.00140e-08
 Reference value :  1.00900e-08
 Reference value :  1.01300e-08
 Reference value :  1.01700e-08
 Reference value :  1.02000e-08
 Reference value :  1.02140e-08
 Reference value :  1.02500e-08
 Reference value :  1.02900e-08
 Reference value :  1.03300e-08
 Reference value :  1.03700e-08
 Reference value :  1.04020e-08
 Reference value :  1.04140e-08
 Reference value :  1.04500e-08
 Reference value :  1.04900e-08
 Reference value :  1.05500e-08
 Reference value :  1.06020e-08
 Reference value :  1.06300e-08
 Reference value :  1.06700e-08
 Reference value :  1.07300e-08
 Reference value :  1.07850e-08
 Reference value :  1.08060e-08
 Reference value :  1.08500e-08
 Reference value :  1.09100e-08
 Reference value :  1.09500e-08
 Reference value :  1.10000e-08
 Reference value :  1.10140e-08
 Reference value :  1.10500e-08
 Reference value :  1.10900e-08
 Reference value :  1.11300e-08
 Reference value :  1.11700e-08
 Reference value :  1.12000e-08
 Reference value :  1.12140e-08
 Reference value :  1.12500e-08
 Reference value :  1.12900e-08
 Reference value :  1.13500e-08
 Reference value :  1.14000e-08
 Reference value :  1.14300e-08
 Reference value :  1.14700e-08
 Reference value :  1.15100e-08
 Reference value :  1.15500e-08
 Reference value :  1.15850e-08
 Reference value :  1.16020e-08
 Reference value :  1.16300e-08
 Reference value :  1.16700e-08
 Reference value :  1.17100e-08
 Reference value :  1.17700e-08
 Reference value :  1.18020e-08
 Reference value :  1.18300e-08
 Reference value :  1.18900e-08
 Reference value :  1.19500e-08
 Reference value :  1.19850e-08
 Reference value :  1.20060e-08
 Reference value :  1.20500e-08
 Reference value :  1.21100e-08
 Reference value :  1.21700e-08
 Reference value :  1.22020e-08
 Reference value :  1.22300e-08
 Reference value :  1.22700e-08
 Reference value :  1.23300e-08
 Reference value :  1.23850e-08
 Reference value :  1.24060e-08
 Reference value :  1.24500e-08
 Reference value :  1.25100e-08
 Reference value :  1.25700e-08
 Reference value :  1.26020e-08
 Reference value :  1.26300e-08
 Reference value :  1.26700e-08
 Reference value :  1.27100e-08
 Reference value :  1.27500e-08
 Reference value :  1.27850e-08
 Reference value :  1.28020e-08
 Reference value :  1.28300e-08
 Reference value :  1.28700e-08
 Reference value :  1.29100e-08
 Reference value :  1.29500e-08
 Reference value :  1.30000e-08
 Reference value :  1.30140e-08
 Reference value :  1.30700e-08
 Reference value :  1.31300e-08
 Reference value :  1.31700e-08
 Reference value :  1.32000e-08
 Reference value :  1.32140e-08
 Reference value :  1.32500e-08
 Reference value :  1.33100e-08
 Reference value :  1.33700e-08
 Reference value :  1.34020e-08
 Reference value :  1.34300e-08
 Reference value :  1.34900e-08
 Reference value :  1.35300e-08
 Reference value :  1.35850e-08
 Reference value :  1.36060e-08
 Reference value :  1.36500e-08
 Reference value :  1.36900e-08
 Reference value :  1.37300e-08
 Reference value :  1.37700e-08
 Reference value :  1.38020e-08
 Reference value :  1.38300e-08
 Reference value :  1.38700e-08
 Reference value :  1.39100e-08
 Reference value :  1.39500e-08
 Reference value :  1.39850e-08
 Reference value :  1.40060e-08
 Reference value :  1.40500e-08
 Reference value :  1.40900e-08
 Reference value :  1.41300e-08
 Reference value :  1.41850e-08
 Reference value :  1.42060e-08
 Reference value :  1.42300e-08
 Reference value :  1.42900e-08
 Reference value :  1.43300e-08
 Reference value :  1.43700e-08
 Reference value :  1.44020e-08
 Reference value :  1.44300e-08
 Reference value :  1.44700e-08
 Reference value :  1.45100e-08
 Reference value :  1.45500e-08
 Reference value :  1.46000e-08
 Reference value :  1.46140e-08
 Reference value :  1.46500e-08
 Reference value :  1.46900e-08
 Reference value :  1.47500e-08
 Reference value :  1.48000e-08
 Reference value :  1.48140e-08
 Reference value :  1.48700e-08
 Reference value :  1.49100e-08
 Reference value :  1.49500e-08
 Reference value :  1.49850e-08
 Reference value :  1.50060e-08
 Reference value :  1.50500e-08
 Reference value :  1.50900e-08
 Reference value :  1.51300e-08
 Reference value :  1.51700e-08
 Reference value :  1.52000e-08
 Reference value :  1.52140e-08
 Reference value :  1.52700e-08
 Reference value :  1.53300e-08
 Reference value :  1.53700e-08
 Reference value :  1.54000e-08
 Reference value :  1.54140e-08
 Reference value :  1.54500e-08
 Reference value :  1.54900e-08
 Reference value :  1.55300e-08
 Reference value :  1.55700e-08
 Reference value :  1.56000e-08
 Reference value :  1.56300e-08
 Reference value :  1.56700e-08
 Reference value :  1.57300e-08
 Reference value :  1.57700e-08
 Reference value :  1.58000e-08
 Reference value :  1.58140e-08
 Reference value :  1.58700e-08
 Reference value :  1.59300e-08
 Reference value :  1.59700e-08
 Reference value :  1.60020e-08
 Reference value :  1.60300e-08
 Reference value :  1.60700e-08
 Reference value :  1.61100e-08
 Reference value :  1.61500e-08
 Reference value :  1.61850e-08
 Reference value :  1.62060e-08
 Reference value :  1.62500e-08
 Reference value :  1.62900e-08
 Reference value :  1.63300e-08
 Reference value :  1.63700e-08
 Reference value :  1.64020e-08
 Reference value :  1.64300e-08
 Reference value :  1.64900e-08
 Reference value :  1.65300e-08
 Reference value :  1.65850e-08
 Reference value :  1.66060e-08
 Reference value :  1.66500e-08
 Reference value :  1.67100e-08
 Reference value :  1.67700e-08
 Reference value :  1.68020e-08
 Reference value :  1.68300e-08
 Reference value :  1.68700e-08
 Reference value :  1.69100e-08
 Reference value :  1.69700e-08
 Reference value :  1.70020e-08
 Reference value :  1.70300e-08
 Reference value :  1.70700e-08
 Reference value :  1.71300e-08
 Reference value :  1.71850e-08
 Reference value :  1.72060e-08
 Reference value :  1.72300e-08
 Reference value :  1.72700e-08
 Reference value :  1.73100e-08
 Reference value :  1.73700e-08
 Reference value :  1.74020e-08
 Reference value :  1.74300e-08
 Reference value :  1.74700e-08
 Reference value :  1.75100e-08
 Reference value :  1.75700e-08
 Reference value :  1.76060e-08
 Reference value :  1.76300e-08
 Reference value :  1.76900e-08
 Reference value :  1.77700e-08
 Reference value :  1.78000e-08
 Reference value :  1.78140e-08
 Reference value :  1.78500e-08
 Reference value :  1.78900e-08
 Reference value :  1.79500e-08
 Reference value :  1.79850e-08
 Reference value :  1.80060e-08
 Reference value :  1.80300e-08
 Reference value :  1.80700e-08
 Reference value :  1.81100e-08
 Reference value :  1.81500e-08
 Reference value :  1.81850e-08
 Reference value :  1.82060e-08
 Reference value :  1.82500e-08
 Reference value :  1.83100e-08
 Reference value :  1.83700e-08
 Reference value :  1.84000e-08
 Reference value :  1.84300e-08
 Reference value :  1.84700e-08
 Reference value :  1.85100e-08
 Reference value :  1.85500e-08
 Reference value :  1.85850e-08
 Reference value :  1.86060e-08
 Reference value :  1.86500e-08
 Reference value :  1.86900e-08
 Reference value :  1.87300e-08
 Reference value :  1.87850e-08
 Reference value :  1.88020e-08
 Reference value :  1.88300e-08
 Reference value :  1.89100e-08
 Reference value :  1.89500e-08
 Reference value :  1.89850e-08
 Reference value :  1.90060e-08
 Reference value :  1.90300e-08
 Reference value :  1.90900e-08
 Reference value :  1.91300e-08
 Reference value :  1.91700e-08
 Reference value :  1.92000e-08
 Reference value :  1.92300e-08
 Reference value :  1.92900e-08
 Reference value :  1.93300e-08
 Reference value :  1.93850e-08
 Reference value :  1.94060e-08
 Reference value :  1.94500e-08
 Reference value :  1.94900e-08
 Reference value :  1.95300e-08
 Reference value :  1.95700e-08
 Reference value :  1.96000e-08
 Reference value :  1.96300e-08
 Reference value :  1.96700e-08
 Reference value :  1.97300e-08
 Reference value :  1.97700e-08
 Reference value :  1.98000e-08
 Reference value :  1.98140e-08
 Reference value :  1.98500e-08
 Reference value :  1.98900e-08
 Reference value :  1.99300e-08
 Reference value :  1.99850e-08
 Reference value :  2.00140e-08
 Reference value :  2.00700e-08
 Reference value :  2.01100e-08
 Reference value :  2.01500e-08
 Reference value :  2.01850e-08
 Reference value :  2.02020e-08
 Reference value :  2.02300e-08
 Reference value :  2.02700e-08
 Reference value :  2.03300e-08
 Reference value :  2.03850e-08
 Reference value :  2.04060e-08
 Reference value :  2.04500e-08
 Reference value :  2.05100e-08
 Reference value :  2.05500e-08
 Reference value :  2.06000e-08
 Reference value :  2.06140e-08
 Reference value :  2.06700e-08
 Reference value :  2.07100e-08
 Reference value :  2.07500e-08
 Reference value :  2.07850e-08
 Reference value :  2.08060e-08
 Reference value :  2.08500e-08
 Reference value :  2.08900e-08
 Reference value :  2.09300e-08
 Reference value :  2.09700e-08
 Reference value :  2.10000e-08
 Reference value :  2.10140e-08
 Reference value :  2.10700e-08
 Reference value :  2.11100e-08
 Reference value :  2.11700e-08
 Reference value :  2.12020e-08
 Reference value :  2.12300e-08
 Reference value :  2.12700e-08
 Reference value :  2.13100e-08
 Reference value :  2.13500e-08
 Reference value :  2.13850e-08
 Reference value :  2.14060e-08
 Reference value :  2.14500e-08
 Reference value :  2.14900e-08
 Reference value :  2.15300e-08
 Reference value :  2.15700e-08
 Reference value :  2.16000e-08
 Reference value :  2.16140e-08
 Reference value :  2.16500e-08
 Reference value :  2.16900e-08
 Reference value :  2.17500e-08
 Reference value :  2.18000e-08
 Reference value :  2.18140e-08
 Reference value :  2.18500e-08
 Reference value :  2.18900e-08
 Reference value :  2.19300e-08
 Reference value :  2.19700e-08
 Reference value :  2.20020e-08
 Reference value :  2.20300e-08
 Reference value :  2.20900e-08
 Reference value :  2.21300e-08
 Reference value :  2.21850e-08
 Reference value :  2.22020e-08
 Reference value :  2.22300e-08
 Reference value :  2.22900e-08
 Reference value :  2.23500e-08
 Reference value :  2.23850e-08
 Reference value :  2.24060e-08
 Reference value :  2.24300e-08
 Reference value :  2.24700e-08
 Reference value :  2.25300e-08
 Reference value :  2.25850e-08
 Reference value :  2.26060e-08
 Reference value :  2.26500e-08
 Reference value :  2.26900e-08
 Reference value :  2.27300e-08
 Reference value :  2.27700e-08
 Reference value :  2.28000e-08
 Reference value :  2.28140e-08
 Reference value :  2.28900e-08
 Reference value :  2.29500e-08
 Reference value :  2.30000e-08
 Reference value :  2.30300e-08
 Reference value :  2.30700e-08
 Reference value :  2.31300e-08
 Reference value :  2.31700e-08
 Reference value :  2.32000e-08
 Reference value :  2.32140e-08
 Reference value :  2.32700e-08
 Reference value :  2.33300e-08
 Reference value :  2.33700e-08
 Reference value :  2.34020e-08
 Reference value :  2.34300e-08
 Reference value :  2.34900e-08
 Reference value :  2.35300e-08
 Reference value :  2.35850e-08
 Reference value :  2.36060e-08
 Reference value :  2.36500e-08
 Reference value :  2.36900e-08
 Reference value :  2.37300e-08
 Reference value :  2.37850e-08
 Reference value :  2.38060e-08
 Reference value :  2.38500e-08
 Reference value :  2.38900e-08
 Reference value :  2.39300e-08
 Reference value :  2.39700e-08
 Reference value :  2.40000e-08
 Reference value :  2.40140e-08
 Reference value :  2.40500e-08
 Reference value :  2.40900e-08
 Reference value :  2.41300e-08
 Reference value :  2.41850e-08
 Reference value :  2.42060e-08
 Reference value :  2.42500e-08
 Reference value :  2.43100e-08
 Reference value :  2.43500e-08
 Reference value :  2.44000e-08
 Reference value :  2.44140e-08
 Reference value :  2.44500e-08
 Reference value :  2.44900e-08
 Reference value :  2.45300e-08
 Reference value :  2.45700e-08
 Reference value :  2.46060e-08
 Reference value :  2.46500e-08
 Reference value :  2.47100e-08
 Reference value :  2.47700e-08
 Reference value :  2.48020e-08
 Reference value :  2.48300e-08
 Reference value :  2.48700e-08
 Reference value :  2.49100e-08
 Reference value :  2.49500e-08
 Reference value :  2.50000e-08
 Reference value :  2.50140e-08
 Reference value :  2.50500e-08
 Reference value :  2.50900e-08
 Reference value :  2.51300e-08
 Reference value :  2.51700e-08
 Reference value :  2.52000e-08
 Reference value :  2.52060e-08
 Reference value :  2.52500e-08
 Reference value :  2.52900e-08
 Reference value :  2.53300e-08
 Reference value :  2.53700e-08
 Reference value :  2.54000e-08
 Reference value :  2.54140e-08
 Reference value :  2.54700e-08
 Reference value :  2.55100e-08
 Reference value :  2.55700e-08
 Reference value :  2.56000e-08
 Reference value :  2.56140e-08
 Reference value :  2.56500e-08
 Reference value :  2.57100e-08
 Reference value :  2.57500e-08
 Reference value :  2.57850e-08
 Reference value :  2.58060e-08
 Reference value :  2.58500e-08
 Reference value :  2.59100e-08
 Reference value :  2.59700e-08
 Reference value :  2.60020e-08
 Reference value :  2.60300e-08
 Reference value :  2.60900e-08
 Reference value :  2.61300e-08
 Reference value :  2.61700e-08
 Reference value :  2.62000e-08
 Reference value :  2.62140e-08
 Reference value :  2.62500e-08
 Reference value :  2.63100e-08
 Reference value :  2.63500e-08
 Reference value :  2.64000e-08
 Reference value :  2.64140e-08
 Reference value :  2.64700e-08
 Reference value :  2.65300e-08
 Reference value :  2.65700e-08
 Reference value :  2.66000e-08
 Reference value :  2.66140e-08
 Reference value :  2.66700e-08
 Reference value :  2.67100e-08
 Reference value :  2.67500e-08
 Reference value :  2.67850e-08
 Reference value :  2.68060e-08
 Reference value :  2.68500e-08
 Reference value :  2.68900e-08
 Reference value :  2.69300e-08
 Reference value :  2.69700e-08
 Reference value :  2.70020e-08
 Reference value :  2.70300e-08
 Reference value :  2.70900e-08
 Reference value :  2.71500e-08
 Reference value :  2.71850e-08
 Reference value :  2.72020e-08
 Reference value :  2.72300e-08
 Reference value :  2.72700e-08
 Reference value :  2.73100e-08
 Reference value :  2.73500e-08
 Reference value :  2.73850e-08
 Reference value :  2.74060e-08
 Reference value :  2.74500e-08
 Reference value :  2.74900e-08
 Reference value :  2.75300e-08
 Reference value :  2.75850e-08
 Reference value :  2.76060e-08
 Reference value :  2.76500e-08
 Reference value :  2.76900e-08
 Reference value :  2.77300e-08
 Reference value :  2.77700e-08
 Reference value :  2.78000e-08
 Reference value :  2.78140e-08
 Reference value :  2.78700e-08
 Reference value :  2.79100e-08
 Reference value :  2.79500e-08
 Reference value :  2.80000e-08
 Reference value :  2.80300e-08
 Reference value :  2.80700e-08
 Reference value :  2.81100e-08
 Reference value :  2.81850e-08
 Reference value :  2.82060e-08
 Reference value :  2.82500e-08
 Reference value :  2.82900e-08
 Reference value :  2.83300e-08
 Reference value :  2.83700e-08
 Reference value :  2.84000e-08
 Reference value :  2.84140e-08
 Reference value :  2.84500e-08
 Reference value :  2.84900e-08
 Reference value :  2.85300e-08
 Reference value :  2.85700e-08
 Reference value :  2.86020e-08
 Reference value :  2.86300e-08
 Reference value :  2.86700e-08
 Reference value :  2.87300e-08
 Reference value :  2.87850e-08
 Reference value :  2.88060e-08
 Reference value :  2.88500e-08
 Reference value :  2.88900e-08
 Reference value :  2.89300e-08
 Reference value :  2.89700e-08
 Reference value :  2.90020e-08
 Reference value :  2.90300e-08
 Reference value :  2.90700e-08
 Reference value :  2.91100e-08
 Reference value :  2.91500e-08
 Reference value :  2.91850e-08
 Reference value :  2.92060e-08
 Reference value :  2.92700e-08
 Reference value :  2.93500e-08
 Reference value :  2.94000e-08
 Reference value :  2.94300e-08
 Reference value :  2.94700e-08
 Reference value :  2.95300e-08
 Reference value :  2.95850e-08
 Reference value :  2.96060e-08
 Reference value :  2.96500e-08
 Reference value :  2.96900e-08
 Reference value :  2.97300e-08
 Reference value :  2.97700e-08
 Reference value :  2.98020e-08
 Reference value :  2.98300e-08
 Reference value :  2.98900e-08
 Reference value :  2.99300e-08
 Reference value :  2.99850e-08
 Reference value :  3.00060e-08
 Reference value :  3.00500e-08
 Reference value :  3.00900e-08
 Reference value :  3.01300e-08
 Reference value :  3.01700e-08
 Reference value :  3.02000e-08
 Reference value :  3.02140e-08
 Reference value :  3.02700e-08
 Reference value :  3.03100e-08
 Reference value :  3.03700e-08
 Reference value :  3.04000e-08
 Reference value :  3.04140e-08
 Reference value :  3.04700e-08
 Reference value :  3.05100e-08
 Reference value :  3.05700e-08
 Reference value :  3.06020e-08
 Reference value :  3.06300e-08
 Reference value :  3.06700e-08
 Reference value :  3.07100e-08
 Reference value :  3.07500e-08
 Reference value :  3.07850e-08
 Reference value :  3.08060e-08
 Reference value :  3.08500e-08
 Reference value :  3.08900e-08
 Reference value :  3.09300e-08
 Reference value :  3.09700e-08
 Reference value :  3.10020e-08
 Reference value :  3.10300e-08
 Reference value :  3.10700e-08
 Reference value :  3.11100e-08
 Reference value :  3.11700e-08
 Reference value :  3.12020e-08
 Reference value :  3.12300e-08
 Reference value :  3.12700e-08
 Reference value :  3.13100e-08
 Reference value :  3.13500e-08
 Reference value :  3.14000e-08
 Reference value :  3.14140e-08
 Reference value :  3.14500e-08
 Reference value :  3.14900e-08
 Reference value :  3.15500e-08
 Reference value :  3.16000e-08
 Reference value :  3.16140e-08
 Reference value :  3.16500e-08
 Reference value :  3.17100e-08
 Reference value :  3.17700e-08
 Reference value :  3.18020e-08
 Reference value :  3.18300e-08
 Reference value :  3.18700e-08
 Reference value :  3.19100e-08
 Reference value :  3.19500e-08
 Reference value :  3.19850e-08
 Reference value :  3.20060e-08
 Reference value :  3.20500e-08
 Reference value :  3.21100e-08
 Reference value :  3.21700e-08
 Reference value :  3.22020e-08
 Reference value :  3.22300e-08
 Reference value :  3.23100e-08
 Reference value :  3.23700e-08
 Reference value :  3.24000e-08
 Reference value :  3.24140e-08
 Reference value :  3.24500e-08
 Reference value :  3.24900e-08
 Reference value :  3.25300e-08
 Reference value :  3.25700e-08
 Reference value :  3.26020e-08
 Reference value :  3.26300e-08
 Reference value :  3.26700e-08
 Reference value :  3.27100e-08
 Reference value :  3.27500e-08
 Reference value :  3.28000e-08
 Reference value :  3.28140e-08
 Reference value :  3.28500e-08
 Reference value :  3.29100e-08
 Reference value :  3.29500e-08
 Reference value :  3.30000e-08
 Reference value :  3.30140e-08
 Reference value :  3.30700e-08
 Reference value :  3.31100e-08
 Reference value :  3.31500e-08
 Reference value :  3.32000e-08
 Reference value :  3.32140e-08
 Reference value :  3.32500e-08
 Reference value :  3.32900e-08
 Reference value :  3.33500e-08
 Reference value :  3.33850e-08
 Reference value :  3.34020e-08
 Reference value :  3.34300e-08
 Reference value :  3.34900e-08
 Reference value :  3.35300e-08
 Reference value :  3.35700e-08
 Reference value :  3.36000e-08
 Reference value :  3.36140e-08
 Reference value :  3.36700e-08
 Reference value :  3.37300e-08
 Reference value :  3.37850e-08
 Reference value :  3.38060e-08
 Reference value :  3.38500e-08
 Reference value :  3.38900e-08
 Reference value :  3.39300e-08
 Reference value :  3.39700e-08
 Reference value :  3.40000e-08
 Reference value :  3.40140e-08
 Reference value :  3.40700e-08
 Reference value :  3.41100e-08
 Reference value :  3.41700e-08
 Reference value :  3.42020e-08
 Reference value :  3.42300e-08
 Reference value :  3.42700e-08
 Reference value :  3.43100e-08
 Reference value :  3.43500e-08
 Reference value :  3.43850e-08
 Reference value :  3.44020e-08
 Reference value :  3.44300e-08
 Reference value :  3.44700e-08
 Reference value :  3.45100e-08
 Reference value :  3.45500e-08
 Reference value :  3.46000e-08
 Reference value :  3.46140e-08
 Reference value :  3.46700e-08
 Reference value :  3.47100e-08
 Reference value :  3.47500e-08
 Reference value :  3.47850e-08
 Reference value :  3.48060e-08
 Reference value :  3.48300e-08
 Reference value :  3.48700e-08
 Reference value :  3.49100e-08
 Reference value :  3.49500e-08
 Reference value :  3.49850e-08
 Reference value :  3.50060e-08
 Reference value :  3.50500e-08
 Reference value :  3.50900e-08
 Reference value :  3.51500e-08
 Reference value :  3.52000e-08
 Reference value :  3.52140e-08
 Reference value :  3.52500e-08
 Reference value :  3.52900e-08
 Reference value :  3.53300e-08
 Reference value :  3.53700e-08
 Reference value :  3.54000e-08
 Reference value :  3.54140e-08
 Reference value :  3.54500e-08
 Reference value :  3.54900e-08
 Reference value :  3.55300e-08
 Reference value :  3.55700e-08
 Reference value :  3.56020e-08
 Reference value :  3.56300e-08
 Reference value :  3.56900e-08
 Reference value :  3.57500e-08
 Reference value :  3.58000e-08
 Reference value :  3.58140e-08
 Reference value :  3.58700e-08
 Reference value :  3.59300e-08
 Reference value :  3.59700e-08
 Reference value :  3.60020e-08
 Reference value :  3.60300e-08
 Reference value :  3.60700e-08
 Reference value :  3.61100e-08
 Reference value :  3.61500e-08
 Reference value :  3.61850e-08
 Reference value :  3.62060e-08
 Reference value :  3.62500e-08
 Reference value :  3.63100e-08
 Reference value :  3.63500e-08
 Reference value :  3.63850e-08
 Reference value :  3.64060e-08
 Reference value :  3.64500e-08
 Reference value :  3.65100e-08
 Reference value :  3.65500e-08
 Reference value :  3.66000e-08
 Reference value :  3.66140e-08
 Reference value :  3.66500e-08
 Reference value :  3.66900e-08
 Reference value :  3.67300e-08
 Reference value :  3.67700e-08
 Reference value :  3.68000e-08
 Reference value :  3.68140e-08
 Reference value :  3.68500e-08
 Reference value :  3.68900e-08
 Reference value :  3.69300e-08
 Reference value :  3.69700e-08
 Reference value :  3.70020e-08
 Reference value :  3.70300e-08
 Reference value :  3.70700e-08
 Reference value :  3.71100e-08
 Reference value :  3.71700e-08
 Reference value :  3.72000e-08
 Reference value :  3.72300e-08
 Reference value :  3.72900e-08
 Reference value :  3.73300e-08
 Reference value :  3.73700e-08
 Reference value :  3.74000e-08
 Reference value :  3.74140e-08
 Reference value :  3.74700e-08
 Reference value :  3.75100e-08
 Reference value :  3.75500e-08
 Reference value :  3.76000e-08
 Reference value :  3.76140e-08
 Reference value :  3.76500e-08
 Reference value :  3.76900e-08
 Reference value :  3.77300e-08
 Reference value :  3.77700e-08
 Reference value :  3.78000e-08
 Reference value :  3.78300e-08
 Reference value :  3.78900e-08
 Reference value :  3.79500e-08
 Reference value :  3.79850e-08
 Reference value :  3.80060e-08
 Reference value :  3.80500e-08
 Reference value :  3.81100e-08
 Reference value :  3.81850e-08
 Reference value :  3.82060e-08
 Reference value :  3.82500e-08
 Reference value :  3.82900e-08
 Reference value :  3.83300e-08
 Reference value :  3.83700e-08
 Reference value :  3.84000e-08
 Reference value :  3.84300e-08
 Reference value :  3.84700e-08
 Reference value :  3.85100e-08
 Reference value :  3.85500e-08
 Reference value :  3.85850e-08
 Reference value :  3.86060e-08
 Reference value :  3.86500e-08
 Reference value :  3.87100e-08
 Reference value :  3.87700e-08
 Reference value :  3.88000e-08
 Reference value :  3.88140e-08
 Reference value :  3.88500e-08
 Reference value :  3.89100e-08
 Reference value :  3.89500e-08
 Reference value :  3.89850e-08
 Reference value :  3.90060e-08
 Reference value :  3.90500e-08
 Reference value :  3.90900e-08
 Reference value :  3.91300e-08
 Reference value :  3.91700e-08
 Reference value :  3.92020e-08
 Reference value :  3.92300e-08
 Reference value :  3.92700e-08
 Reference value :  3.93300e-08
 Reference value :  3.93850e-08
 Reference value :  3.94060e-08
 Reference value :  3.94300e-08
 Reference value :  3.94700e-08
 Reference value :  3.95100e-08
 Reference value :  3.95500e-08
 Reference value :  3.95850e-08
 Reference value :  3.96060e-08
 Reference value :  3.96500e-08
 Reference value :  3.96900e-08
 Reference value :  3.97300e-08
 Reference value :  3.97700e-08
 Reference value :  3.98000e-08
 Reference value :  3.98140e-08
 Reference value :  3.98500e-08
 Reference value :  3.98900e-08
 Reference value :  3.99500e-08
 Reference value :  3.99850e-08
 Reference value :  4.00020e-08
 Reference value :  4.00300e-08
 Reference value :  4.00700e-08
 Reference value :  4.01100e-08
 Reference value :  4.01500e-08
 Reference value :  4.01850e-08
 Reference value :  4.02060e-08
 Reference value :  4.02300e-08
 Reference value :  4.02700e-08
 Reference value :  4.03100e-08
 Reference value :  4.03500e-08
 Reference value :  4.03850e-08
 Reference value :  4.04020e-08
 Reference value :  4.04300e-08
 Reference value :  4.04900e-08
 Reference value :  4.05500e-08
 Reference value :  4.06000e-08
 Reference value :  4.06140e-08
 Reference value :  4.06500e-08
 Reference value :  4.06900e-08
 Reference value :  4.07300e-08
 Reference value :  4.07850e-08
 Reference value :  4.08060e-08
 Reference value :  4.08300e-08
 Reference value :  4.08700e-08
 Reference value :  4.09100e-08
 Reference value :  4.09500e-08
 Reference value :  4.10000e-08
 Reference value :  4.10140e-08
 Reference value :  4.10700e-08
 Reference value :  4.11100e-08
 Reference value :  4.11500e-08
 Reference value :  4.11850e-08
 Reference value :  4.12140e-08
 Reference value :  4.12500e-08
 Reference value :  4.12900e-08
 Reference value :  4.13300e-08
 Reference value :  4.13700e-08
 Reference value :  4.14000e-08
 Reference value :  4.14300e-08
 Reference value :  4.14900e-08
 Reference value :  4.15500e-08
 Reference value :  4.16000e-08
 Reference value :  4.16140e-08
 Reference value :  4.16700e-08
 Reference value :  4.17100e-08
 Reference value :  4.17700e-08
 Reference value :  4.18020e-08
 Reference value :  4.18300e-08
 Reference value :  4.18700e-08
 Reference value :  4.19100e-08
 Reference value :  4.19500e-08
 Reference value :  4.19850e-08
 Reference value :  4.20020e-08
 Reference value :  4.20300e-08
 Reference value :  4.20700e-08
 Reference value :  4.21100e-08
 Reference value :  4.21700e-08
 Reference value :  4.22020e-08
 Reference value :  4.22300e-08
 Reference value :  4.22700e-08
 Reference value :  4.23300e-08
 Reference value :  4.23700e-08
 Reference value :  4.24000e-08
 Reference value :  4.24140e-08
 Reference value :  4.24500e-08
 Reference value :  4.25100e-08
 Reference value :  4.25700e-08
 Reference value :  4.26000e-08
 Reference value :  4.26140e-08
 Reference value :  4.26700e-08
 Reference value :  4.27300e-08
 Reference value :  4.27850e-08
 Reference value :  4.28060e-08
 Reference value :  4.28500e-08
 Reference value :  4.29100e-08
 Reference value :  4.29700e-08
 Reference value :  4.30000e-08
 Reference value :  4.30140e-08
 Reference value :  4.30500e-08
 Reference value :  4.30900e-08
 Reference value :  4.31300e-08
 Reference value :  4.31700e-08
 Reference value :  4.32000e-08
 Reference value :  4.32140e-08
 Reference value :  4.32700e-08
 Reference value :  4.33100e-08
 Reference value :  4.33700e-08
 Reference value :  4.34000e-08
 Reference value :  4.34300e-08
 Reference value :  4.34900e-08
 Reference value :  4.35300e-08
 Reference value :  4.35850e-08
 Reference value :  4.36060e-08
 Reference value :  4.36300e-08
 Reference value :  4.36700e-08
 Reference value :  4.37100e-08
 Reference value :  4.37500e-08
 Reference value :  4.37850e-08
 Reference value :  4.38060e-08
 Reference value :  4.38300e-08
 Reference value :  4.38700e-08
 Reference value :  4.39100e-08
 Reference value :  4.39500e-08
 Reference value :  4.39850e-08
 Reference value :  4.40060e-08
 Reference value :  4.40500e-08
 Reference value :  4.40900e-08
 Reference value :  4.41300e-08
 Reference value :  4.41700e-08
 Reference value :  4.42000e-08
 Reference value :  4.42140e-08
 Reference value :  4.42500e-08
 Reference value :  4.42900e-08
 Reference value :  4.43300e-08
 Reference value :  4.43700e-08
 Reference value :  4.44000e-08
 Reference value :  4.44140e-08
 Reference value :  4.44500e-08
 Reference value :  4.44900e-08
 Reference value :  4.45300e-08
 Reference value :  4.45850e-08
 Reference value :  4.46140e-08
 Reference value :  4.46700e-08
 Reference value :  4.47100e-08
 Reference value :  4.47700e-08
 Reference value :  4.48020e-08
 Reference value :  4.48300e-08
 Reference value :  4.48900e-08
 Reference value :  4.49500e-08
 Reference value :  4.50000e-08
 Reference value :  4.50300e-08
 Reference value :  4.50900e-08
 Reference value :  4.51500e-08
 Reference value :  4.52000e-08
 Reference value :  4.52300e-08
 Reference value :  4.52900e-08
 Reference value :  4.53500e-08
 Reference value :  4.54000e-08
 Reference value :  4.54140e-08
 Reference value :  4.54500e-08
 Reference value :  4.54900e-08
 Reference value :  4.55300e-08
 Reference value :  4.55700e-08
 Reference value :  4.56020e-08
 Reference value :  4.56300e-08
 Reference value :  4.56700e-08
 Reference value :  4.57100e-08
 Reference value :  4.57700e-08
 Reference value :  4.58000e-08
 Reference value :  4.58140e-08
 Reference value :  4.58500e-08
 Reference value :  4.58900e-08
 Reference value :  4.59300e-08
 Reference value :  4.59700e-08
 Reference value :  4.60000e-08
 Reference value :  4.60140e-08
 Reference value :  4.60500e-08
 Reference value :  4.61100e-08
 Reference value :  4.61500e-08
 Reference value :  4.61850e-08
 Reference value :  4.62060e-08
 Reference value :  4.62300e-08
 Reference value :  4.62700e-08
 Reference value :  4.63300e-08
 Reference value :  4.63850e-08
 Reference value :  4.64020e-08
 Reference value :  4.64300e-08
 Reference value :  4.64900e-08
 Reference value :  4.65300e-08
 Reference value :  4.65700e-08
 Reference value :  4.66020e-08
 Reference value :  4.66300e-08
 Reference value :  4.66700e-08
 Reference value :  4.67100e-08
 Reference value :  4.67500e-08
 Reference value :  4.67850e-08
 Reference value :  4.68060e-08
 Reference value :  4.68500e-08
 Reference value :  4.69100e-08
 Reference value :  4.69500e-08
 Reference value :  4.69850e-08
 Reference value :  4.70060e-08
 Reference value :  4.70500e-08
 Reference value :  4.70900e-08
 Reference value :  4.71500e-08
 Reference value :  4.72000e-08
 Reference value :  4.72140e-08
 Reference value :  4.72700e-08
 Reference value :  4.73100e-08
 Reference value :  4.73700e-08
 Reference value :  4.74020e-08
 Reference value :  4.74500e-08
 Reference value :  4.75100e-08
 Reference value :  4.75500e-08
 Reference value :  4.75850e-08
 Reference value :  4.76060e-08
 Reference value :  4.76500e-08
 Reference value :  4.76900e-08
 Reference value :  4.77300e-08
 Reference value :  4.77700e-08
 Reference value :  4.78000e-08
 Reference value :  4.78300e-08
 Reference value :  4.78900e-08
 Reference value :  4.79500e-08
 Reference value :  4.80000e-08
 Reference value :  4.80140e-08
 Reference value :  4.80700e-08
 Reference value :  4.81100e-08
 Reference value :  4.81500e-08
 Reference value :  4.81850e-08
 Reference value :  4.82060e-08
 Reference value :  4.82500e-08
 Reference value :  4.83100e-08
 Reference value :  4.83700e-08
 Reference value :  4.84020e-08
 Reference value :  4.84300e-08
 Reference value :  4.84700e-08
 Reference value :  4.85100e-08
 Reference value :  4.85700e-08
 Reference value :  4.86020e-08
 Reference value :  4.86300e-08
 Reference value :  4.86900e-08
 Reference value :  4.87300e-08
 Reference value :  4.87700e-08
 Reference value :  4.88000e-08
 Reference value :  4.88140e-08
 Reference value :  4.88700e-08
 Reference value :  4.89300e-08
 Reference value :  4.89700e-08
 Reference value :  4.90000e-08
 Reference value :  4.90140e-08
 Reference value :  4.90500e-08
 Reference value :  4.90900e-08
 Reference value :  4.91500e-08
 Reference value :  4.92000e-08
 Reference value :  4.92140e-08
 Reference value :  4.92500e-08
 Reference value :  4.92900e-08
 Reference value :  4.93500e-08
 Reference value :  4.93850e-08
 Reference value :  4.94060e-08
 Reference value :  4.94500e-08
 Reference value :  4.94900e-08
 Reference value :  4.95300e-08
 Reference value :  4.95700e-08
 Reference value :  4.96000e-08
 Reference value :  4.96140e-08
 Reference value :  4.96500e-08
 Reference value :  4.97100e-08
 Reference value :  4.97500e-08
 Reference value :  4.97850e-08
 Reference value :  4.98060e-08
 Reference value :  4.98500e-08
 Reference value :  4.99100e-08
 Reference value :  4.99700e-08
 Reference value :  5.00000e-08
 Reference value :  5.00140e-08
 Reference value :  5.00700e-08
 Reference value :  5.01100e-08
 Reference value :  5.01500e-08
 Reference value :  5.01850e-08
 Reference value :  5.02060e-08
 Reference value :  5.02300e-08
 Reference value :  5.02900e-08
 Reference value :  5.03300e-08
 Reference value :  5.03700e-08
 Reference value :  5.04020e-08
 Reference value :  5.04300e-08
 Reference value :  5.04900e-08
 Reference value :  5.05300e-08
 Reference value :  5.05700e-08
 Reference value :  5.06000e-08
 Reference value :  5.06140e-08
 Reference value :  5.06500e-08
 Reference value :  5.06900e-08
 Reference value :  5.07300e-08
 Reference value :  5.07850e-08
 Reference value :  5.08060e-08
 Reference value :  5.08500e-08
 Reference value :  5.09100e-08
 Reference value :  5.09500e-08
 Reference value :  5.09850e-08
 Reference value :  5.10060e-08
 Reference value :  5.10700e-08
 Reference value :  5.11300e-08
 Reference value :  5.11700e-08
 Reference value :  5.12000e-08
 Reference value :  5.12300e-08
 Reference value :  5.12700e-08
 Reference value :  5.13100e-08
 Reference value :  5.13500e-08
 Reference value :  5.13850e-08
 Reference value :  5.14060e-08
 Reference value :  5.14500e-08
 Reference value :  5.14900e-08
 Reference value :  5.15500e-08
 Reference value :  5.16000e-08
 Reference value :  5.16300e-08
 Reference value :  5.16700e-08
 Reference value :  5.17100e-08
 Reference value :  5.17500e-08
 Reference value :  5.17850e-08
 Reference value :  5.18060e-08
 Reference value :  5.18500e-08
 Reference value :  5.18900e-08
 Reference value :  5.19300e-08
 Reference value :  5.19700e-08
 Reference value :  5.20020e-08
 Reference value :  5.20300e-08
 Reference value :  5.20700e-08
 Reference value :  5.21100e-08
 Reference value :  5.21500e-08
 Reference value :  5.22000e-08
 Reference value :  5.22300e-08
 Reference value :  5.22700e-08
 Reference value :  5.23100e-08
 Reference value :  5.23500e-08
 Reference value :  5.23850e-08
 Reference value :  5.24060e-08
 Reference value :  5.24300e-08
 Reference value :  5.24700e-08
 Reference value :  5.25100e-08
 Reference value :  5.25500e-08
 Reference value :  5.25850e-08
 Reference value :  5.26140e-08
 Reference value :  5.26700e-08
 Reference value :  5.27100e-08
 Reference value :  5.27700e-08
 Reference value :  5.28060e-08
 Reference value :  5.28500e-08
 Reference value :  5.29100e-08
 Reference value :  5.29500e-08
 Reference value :  5.29850e-08
 Reference value :  5.30060e-08
 Reference value :  5.30500e-08
 Reference value :  5.31100e-08
 Reference value :  5.31500e-08
 Reference value :  5.31850e-08
 Reference value :  5.32060e-08
 Reference value :  5.32500e-08
 Reference value :  5.33100e-08
 Reference value :  5.33700e-08
 Reference value :  5.34000e-08
 Reference value :  5.34300e-08
 Reference value :  5.34900e-08
 Reference value :  5.35300e-08
 Reference value :  5.35700e-08
 Reference value :  5.36020e-08
 Reference value :  5.36300e-08
 Reference value :  5.36700e-08
 Reference value :  5.37100e-08
 Reference value :  5.37500e-08
 Reference value :  5.37850e-08
 Reference value :  5.38060e-08
 Reference value :  5.38500e-08
 Reference value :  5.39100e-08
 Reference value :  5.39700e-08
 Reference value :  5.40000e-08
 Reference value :  5.40140e-08
 Reference value :  5.40500e-08
 Reference value :  5.41100e-08
 Reference value :  5.41500e-08
 Reference value :  5.42000e-08
 Reference value :  5.42300e-08
 Reference value :  5.42700e-08
 Reference value :  5.43300e-08
 Reference value :  5.43850e-08
 Reference value :  5.44140e-08
 Reference value :  5.44900e-08
 Reference value :  5.45500e-08
 Reference value :  5.46000e-08
 Reference value :  5.46140e-08
 Reference value :  5.46700e-08
 Reference value :  5.47100e-08
 Reference value :  5.47500e-08
 Reference value :  5.48000e-08
 Reference value :  5.48140e-08
 Reference value :  5.48700e-08
 Reference value :  5.49100e-08
 Reference value :  5.49500e-08
 Reference value :  5.50000e-08
 Reference value :  5.50140e-08
 Reference value :  5.50700e-08
 Reference value :  5.51300e-08
 Reference value :  5.51850e-08
 Reference value :  5.52060e-08
 Reference value :  5.52500e-08
 Reference value :  5.53100e-08
 Reference value :  5.53700e-08
 Reference value :  5.54060e-08
 Reference value :  5.54500e-08
 Reference value :  5.54900e-08
 Reference value :  5.55300e-08
 Reference value :  5.55850e-08
 Reference value :  5.56140e-08
 Reference value :  5.56700e-08
 Reference value :  5.57300e-08
 Reference value :  5.57850e-08
 Reference value :  5.58020e-08
 Reference value :  5.58300e-08
 Reference value :  5.58900e-08
 Reference value :  5.59300e-08
 Reference value :  5.59700e-08
 Reference value :  5.60020e-08
 Reference value :  5.60300e-08
 Reference value :  5.60900e-08
 Reference value :  5.61500e-08
 Reference value :  5.62000e-08
 Reference value :  5.62140e-08
 Reference value :  5.62500e-08
 Reference value :  5.62900e-08
 Reference value :  5.63500e-08
 Reference value :  5.64000e-08
 Reference value :  5.64140e-08
 Reference value :  5.64700e-08
 Reference value :  5.65300e-08
 Reference value :  5.65700e-08
 Reference value :  5.66020e-08
 Reference value :  5.66300e-08
 Reference value :  5.66900e-08
 Reference value :  5.67300e-08
 Reference value :  5.67700e-08
 Reference value :  5.68000e-08
 Reference value :  5.68140e-08
 Reference value :  5.68500e-08
 Reference value :  5.69100e-08
 Reference value :  5.69700e-08
 Reference value :  5.70000e-08
 Reference value :  5.70140e-08
 Reference value :  5.70700e-08
 Reference value :  5.71300e-08
 Reference value :  5.71700e-08
 Reference value :  5.72000e-08
 Reference value :  5.72140e-08
 Reference value :  5.72500e-08
 Reference value :  5.73100e-08
 Reference value :  5.73700e-08
 Reference value :  5.74000e-08
 Reference value :  5.74140e-08
 Reference value :  5.74700e-08
 Reference value :  5.75100e-08
 Reference value :  5.75500e-08
 Reference value :  5.75850e-08
 Reference value :  5.76060e-08
 Reference value :  5.76300e-08
 Reference value :  5.76700e-08
 Reference value :  5.77100e-08
 Reference value :  5.77500e-08
 Reference value :  5.77850e-08
 Reference value :  5.78020e-08
 Reference value :  5.78300e-08
 Reference value :  5.78700e-08
 Reference value :  5.79100e-08
 Reference value :  5.79500e-08
 Reference value :  5.80000e-08
 Reference value :  5.80140e-08
 Reference value :  5.80700e-08
 Reference value :  5.81100e-08
 Reference value :  5.81500e-08
 Reference value :  5.81850e-08
 Reference value :  5.82060e-08
 Reference value :  5.82500e-08
 Reference value :  5.82900e-08
 Reference value :  5.83300e-08
 Reference value :  5.83850e-08
 Reference value :  5.84060e-08
 Reference value :  5.84500e-08
 Reference value :  5.84900e-08
 Reference value :  5.85300e-08
 Reference value :  5.85700e-08
 Reference value :  5.86020e-08
 Reference value :  5.86300e-08
 Reference value :  5.86900e-08
 Reference value :  5.87300e-08
 Reference value :  5.87700e-08
 Reference value :  5.88020e-08
 Reference value :  5.88300e-08
 Reference value :  5.88700e-08
 Reference value :  5.89100e-08
 Reference value :  5.89500e-08
 Reference value :  5.89850e-08
 Reference value :  5.90060e-08
 Reference value :  5.90500e-08
 Reference value :  5.90900e-08
 Reference value :  5.91300e-08
 Reference value :  5.91700e-08
 Reference value :  5.92060e-08
 Reference value :  5.92500e-08
 Reference value :  5.93100e-08
 Reference value :  5.93700e-08
 Reference value :  5.94000e-08
 Reference value :  5.94140e-08
 Reference value :  5.94500e-08
 Reference value :  5.94900e-08
 Reference value :  5.95300e-08
 Reference value :  5.95700e-08
 Reference value :  5.96020e-08
 Reference value :  5.96300e-08
 Reference value :  5.96900e-08
 Reference value :  5.97500e-08
 Reference value :  5.98000e-08
 Reference value :  5.98300e-08
 Reference value :  5.98700e-08
 Reference value :  5.99300e-08
 Reference value :  5.99700e-08
 Reference value :  6.00000e-08
 Reference value :  6.00140e-08
 Reference value :  6.00500e-08
 Reference value :  6.01100e-08
 Reference value :  6.01700e-08
 Reference value :  6.02000e-08
 Reference value :  6.02300e-08
 Reference value :  6.02700e-08
 Reference value :  6.03300e-08
 Reference value :  6.03850e-08
 Reference value :  6.04060e-08
 Reference value :  6.04500e-08
 Reference value :  6.04900e-08
 Reference value :  6.05500e-08
 Reference value :  6.06000e-08
 Reference value :  6.06140e-08
 Reference value :  6.06500e-08
 Reference value :  6.07100e-08
 Reference value :  6.07700e-08
 Reference value :  6.08020e-08
 Reference value :  6.08500e-08
 Reference value :  6.09100e-08
 Reference value :  6.09500e-08
 Reference value :  6.09850e-08
 Reference value :  6.10060e-08
 Reference value :  6.10300e-08
 Reference value :  6.10700e-08
 Reference value :  6.11100e-08
 Reference value :  6.11500e-08
 Reference value :  6.11850e-08
 Reference value :  6.12020e-08
 Reference value :  6.12300e-08
 Reference value :  6.12700e-08
 Reference value :  6.13100e-08
 Reference value :  6.13500e-08
 Reference value :  6.14000e-08
 Reference value :  6.14140e-08
 Reference value :  6.14700e-08
 Reference value :  6.15300e-08
 Reference value :  6.15700e-08
 Reference value :  6.16000e-08
 Reference value :  6.16140e-08
 Reference value :  6.16500e-08
 Reference value :  6.16900e-08
 Reference value :  6.17300e-08
 Reference value :  6.17700e-08
 Reference value :  6.18020e-08
 Reference value :  6.18300e-08
 Reference value :  6.18700e-08
 Reference value :  6.19100e-08
 Reference value :  6.19700e-08
 Reference value :  6.20000e-08
 Reference value :  6.20140e-08
 Reference value :  6.20700e-08
 Reference value :  6.21100e-08
 Reference value :  6.21500e-08
 Reference value :  6.22000e-08
 Reference value :  6.22140e-08
 Reference value :  6.22500e-08
 Reference value :  6.22900e-08
 Reference value :  6.23300e-08
 Reference value :  6.23850e-08
 Reference value :  6.24060e-08
 Reference value :  6.24500e-08
 Reference value :  6.24900e-08
 Reference value :  6.25300e-08
 Reference value :  6.25700e-08
 Reference value :  6.26020e-08
 Reference value :  6.26300e-08
 Reference value :  6.26900e-08
 Reference value :  6.27500e-08
 Reference value :  6.28020e-08
 Reference value :  6.28300e-08
 Reference value :  6.28900e-08
 Reference value :  6.29300e-08
 Reference value :  6.29850e-08
 Reference value :  6.30060e-08
 Reference value :  6.30300e-08
 Reference value :  6.30700e-08
 Reference value :  6.31100e-08
 Reference value :  6.31500e-08
 Reference value :  6.31850e-08
 Reference value :  6.32020e-08
 Reference value :  6.32300e-08
 Reference value :  6.32700e-08
 Reference value :  6.33300e-08
 Reference value :  6.33850e-08
 Reference value :  6.34060e-08
 Reference value :  6.34500e-08
 Reference value :  6.35100e-08
 Reference value :  6.35700e-08
 Reference value :  6.36020e-08
 Reference value :  6.36300e-08
 Reference value :  6.36700e-08
 Reference value :  6.37100e-08
 Reference value :  6.37500e-08
 Reference value :  6.37850e-08
 Reference value :  6.38060e-08
 Reference value :  6.38300e-08
 Reference value :  6.38900e-08
 Reference value :  6.39500e-08
 Reference value :  6.39850e-08
 Reference value :  6.40060e-08
 Reference value :  6.40500e-08
 Reference value :  6.40900e-08
 Reference value :  6.41300e-08
 Reference value :  6.41700e-08
 Reference value :  6.42000e-08
 Reference value :  6.42140e-08
 Reference value :  6.42500e-08
 Reference value :  6.42900e-08
 Reference value :  6.43300e-08
 Reference value :  6.43700e-08
 Reference value :  6.44020e-08
 Reference value :  6.44300e-08
 Reference value :  6.44900e-08
 Reference value :  6.45300e-08
 Reference value :  6.45700e-08
 Reference value :  6.46000e-08
 Reference value :  6.46140e-08
 Reference value :  6.46500e-08
 Reference value :  6.46900e-08
 Reference value :  6.47300e-08
 Reference value :  6.47700e-08
 Reference value :  6.48000e-08
 Reference value :  6.48140e-08
 Reference value :  6.48500e-08
 Reference value :  6.48900e-08
 Reference value :  6.49300e-08
 Reference value :  6.49850e-08
 Reference value :  6.50060e-08
 Reference value :  6.50700e-08
 Reference value :  6.51300e-08
 Reference value :  6.51700e-08
 Reference value :  6.52020e-08
 Reference value :  6.52300e-08
 Reference value :  6.52700e-08
 Reference value :  6.53100e-08
 Reference value :  6.53500e-08
 Reference value :  6.54000e-08
 Reference value :  6.54300e-08
 Reference value :  6.54900e-08
 Reference value :  6.55500e-08
 Reference value :  6.55850e-08
 Reference value :  6.56060e-08
 Reference value :  6.56500e-08
 Reference value :  6.57100e-08
 Reference value :  6.57700e-08
 Reference value :  6.58000e-08
 Reference value :  6.58140e-08
 Reference value :  6.58500e-08
 Reference value :  6.58900e-08
 Reference value :  6.59300e-08
 Reference value :  6.59700e-08
 Reference value :  6.60000e-08
 Reference value :  6.60300e-08
 Reference value :  6.60700e-08
 Reference value :  6.61100e-08
 Reference value :  6.61500e-08
 Reference value :  6.62000e-08
 Reference value :  6.62140e-08
 Reference value :  6.62700e-08
 Reference value :  6.63100e-08
 Reference value :  6.63500e-08
 Reference value :  6.64000e-08
 Reference value :  6.64140e-08
 Reference value :  6.64500e-08
 Reference value :  6.64900e-08
 Reference value :  6.65500e-08
 Reference value :  6.65850e-08
 Reference value :  6.66060e-08
 Reference value :  6.66500e-08
 Reference value :  6.67100e-08
 Reference value :  6.67700e-08
 Reference value :  6.68000e-08
 Reference value :  6.68140e-08
 Reference value :  6.68500e-08
 Reference value :  6.68900e-08
 Reference value :  6.69300e-08
 Reference value :  6.69700e-08
 Reference value :  6.70000e-08
 Reference value :  6.70300e-08
 Reference value :  6.70700e-08
 Reference value :  6.71100e-08
 Reference value :  6.71500e-08
 Reference value :  6.72000e-08
 Reference value :  6.72140e-08
 Reference value :  6.72500e-08
 Reference value :  6.73100e-08
 Reference value :  6.73700e-08
 Reference value :  6.74000e-08
 Reference value :  6.74140e-08
 Reference value :  6.74500e-08
 Reference value :  6.74900e-08
 Reference value :  6.75300e-08
 Reference value :  6.75700e-08
 Reference value :  6.76020e-08
 Reference value :  6.76300e-08
 Reference value :  6.76700e-08
 Reference value :  6.77100e-08
 Reference value :  6.77700e-08
 Reference value :  6.78000e-08
 Reference value :  6.78140e-08
 Reference value :  6.78700e-08
 Reference value :  6.79300e-08
 Reference value :  6.79700e-08
 Reference value :  6.80000e-08
 Reference value :  6.80140e-08
 Reference value :  6.80500e-08
 Reference value :  6.80900e-08
 Reference value :  6.81300e-08
 Reference value :  6.81700e-08
 Reference value :  6.82000e-08
 Reference value :  6.82140e-08
 Reference value :  6.82700e-08
 Reference value :  6.83300e-08
 Reference value :  6.83700e-08
 Reference value :  6.84060e-08
 Reference value :  6.84500e-08
 Reference value :  6.84900e-08
 Reference value :  6.85500e-08
 Reference value :  6.86020e-08
 Reference value :  6.86500e-08
 Reference value :  6.87100e-08
 Reference value :  6.87500e-08
 Reference value :  6.87850e-08
 Reference value :  6.88060e-08
 Reference value :  6.88500e-08
 Reference value :  6.88900e-08
 Reference value :  6.89300e-08
 Reference value :  6.89700e-08
 Reference value :  6.90020e-08
 Reference value :  6.90300e-08
 Reference value :  6.90700e-08
 Reference value :  6.91300e-08
 Reference value :  6.91850e-08
 Reference value :  6.92060e-08
 Reference value :  6.92500e-08
 Reference value :  6.93100e-08
 Reference value :  6.93700e-08
 Reference value :  6.94020e-08
 Reference value :  6.94140e-08
 Reference value :  6.94500e-08
 Reference value :  6.94900e-08
 Reference value :  6.95300e-08
 Reference value :  6.95700e-08
 Reference value :  6.96020e-08
 Reference value :  6.96140e-08
 Reference value :  6.96500e-08
 Reference value :  6.96900e-08
 Reference value :  6.97500e-08
 Reference value :  6.97850e-08
 Reference value :  6.98060e-08
 Reference value :  6.98300e-08
 Reference value :  6.98700e-08
 Reference value :  6.99100e-08
 Reference value :  6.99500e-08
 Reference value :  6.99850e-08
 Reference value :  7.00060e-08
 Reference value :  7.00500e-08
 Reference value :  7.00900e-08
 Reference value :  7.01300e-08
 Reference value :  7.01700e-08
 Reference value :  7.02000e-08
 Reference value :  7.02140e-08
 Reference value :  7.02500e-08
 Reference value :  7.03100e-08
 Reference value :  7.03700e-08
 Reference value :  7.04000e-08
 Reference value :  7.04140e-08
 Reference value :  7.04500e-08
 Reference value :  7.05100e-08
 Reference value :  7.05700e-08
 Reference value :  7.06020e-08
 Reference value :  7.06300e-08
 Reference value :  7.06700e-08
 Reference value :  7.07100e-08
 Reference value :  7.07500e-08
 Reference value :  7.08000e-08
 Reference value :  7.08300e-08
 Reference value :  7.08900e-08
 Reference value :  7.09500e-08
 Reference value :  7.10000e-08
 Reference value :  7.10140e-08
 Reference value :  7.10500e-08
 Reference value :  7.11100e-08
 Reference value :  7.11500e-08
 Reference value :  7.11850e-08
 Reference value :  7.12060e-08
 Reference value :  7.12500e-08
 Reference value :  7.12900e-08
 Reference value :  7.13300e-08
 Reference value :  7.13700e-08
 Reference value :  7.14000e-08
 Reference value :  7.14140e-08
 Reference value :  7.14700e-08
 Reference value :  7.15300e-08
 Reference value :  7.15850e-08
 Reference value :  7.16060e-08
 Reference value :  7.16300e-08
 Reference value :  7.16700e-08
 Reference value :  7.17100e-08
 Reference value :  7.17500e-08
 Reference value :  7.17850e-08
 Reference value :  7.18020e-08
 Reference value :  7.18300e-08
 Reference value :  7.18700e-08
 Reference value :  7.19300e-08
 Reference value :  7.19850e-08
 Reference value :  7.20060e-08
 Reference value :  7.20500e-08
 Reference value :  7.21100e-08
 Reference value :  7.21500e-08
 Reference value :  7.22000e-08
 Reference value :  7.22140e-08
 Reference value :  7.22700e-08
 Reference value :  7.23100e-08
 Reference value :  7.23500e-08
 Reference value :  7.23850e-08
 Reference value :  7.24020e-08
 Reference value :  7.24500e-08
 Reference value :  7.24900e-08
 Reference value :  7.25500e-08
 Reference value :  7.26000e-08
 Reference value :  7.26140e-08
 Reference value :  7.26700e-08
 Reference value :  7.27100e-08
 Reference value :  7.27500e-08
 Reference value :  7.27850e-08
 Reference value :  7.28020e-08
 Reference value :  7.28300e-08
 Reference value :  7.28900e-08
 Reference value :  7.29300e-08
 Reference value :  7.29700e-08
 Reference value :  7.30000e-08
 Reference value :  7.30140e-08
 Reference value :  7.30700e-08
 Reference value :  7.31100e-08
 Reference value :  7.31700e-08
 Reference value :  7.32020e-08
 Reference value :  7.32300e-08
 Reference value :  7.32700e-08
 Reference value :  7.33100e-08
 Reference value :  7.33500e-08
 Reference value :  7.33850e-08
 Reference value :  7.34060e-08
 Reference value :  7.34500e-08
 Reference value :  7.34900e-08
 Reference value :  7.35300e-08
 Reference value :  7.35700e-08
 Reference value :  7.36020e-08
 Reference value :  7.36300e-08
 Reference value :  7.36700e-08
 Reference value :  7.37500e-08
 Reference value :  7.38000e-08
 Reference value :  7.38140e-08
 Reference value :  7.38500e-08
 Reference value :  7.38900e-08
 Reference value :  7.39500e-08
 Reference value :  7.40000e-08
 Reference value :  7.40300e-08
 Reference value :  7.40700e-08
 Reference value :  7.41300e-08
 Reference value :  7.41850e-08
 Reference value :  7.42060e-08
 Reference value :  7.42500e-08
 Reference value :  7.43100e-08
 Reference value :  7.43500e-08
 Reference value :  7.44000e-08
 Reference value :  7.44140e-08
 Reference value :  7.44500e-08
 Reference value :  7.44900e-08
 Reference value :  7.45300e-08
 Reference value :  7.45700e-08
 Reference value :  7.46000e-08
 Reference value :  7.46140e-08
 Reference value :  7.46700e-08
 Reference value :  7.47100e-08
 Reference value :  7.47500e-08
 Reference value :  7.47850e-08
 Reference value :  7.48140e-08
 Reference value :  7.48700e-08
 Reference value :  7.49300e-08
 Reference value :  7.49850e-08
 Reference value :  7.50060e-08
 Reference value :  7.50500e-08
 Reference value :  7.51100e-08
 Reference value :  7.51500e-08
 Reference value :  7.51850e-08
 Reference value :  7.52060e-08
 Reference value :  7.52500e-08
 Reference value :  7.52900e-08
 Reference value :  7.53300e-08
 Reference value :  7.53700e-08
 Reference value :  7.54020e-08
 Reference value :  7.54300e-08
 Reference value :  7.54900e-08
 Reference value :  7.55500e-08
 Reference value :  7.56000e-08
 Reference value :  7.56140e-08
 Reference value :  7.56700e-08
 Reference value :  7.57100e-08
 Reference value :  7.57500e-08
 Reference value :  7.58000e-08
 Reference value :  7.58140e-08
 Reference value :  7.58500e-08
 Reference value :  7.59100e-08
 Reference value :  7.59500e-08
 Reference value :  7.60000e-08
 Reference value :  7.60300e-08
 Reference value :  7.60700e-08
 Reference value :  7.61300e-08
 Reference value :  7.62000e-08
 Reference value :  7.62300e-08
 Reference value :  7.62900e-08
 Reference value :  7.63300e-08
 Reference value :  7.63700e-08
 Reference value :  7.64000e-08
 Reference value :  7.64140e-08
 Reference value :  7.64500e-08
 Reference value :  7.65100e-08
 Reference value :  7.65500e-08
 Reference value :  7.65850e-08
 Reference value :  7.66020e-08
 Reference value :  7.66300e-08
 Reference value :  7.66700e-08
 Reference value :  7.67100e-08
 Reference value :  7.67500e-08
 Reference value :  7.68000e-08
 Reference value :  7.68140e-08
 Reference value :  7.68500e-08
 Reference value :  7.69100e-08
 Reference value :  7.69500e-08
 Reference value :  7.69850e-08
 Reference value :  7.70060e-08
 Reference value :  7.70500e-08
 Reference value :  7.70900e-08
 Reference value :  7.71300e-08
 Reference value :  7.71700e-08
 Reference value :  7.72000e-08
 Reference value :  7.72140e-08
 Reference value :  7.72700e-08
 Reference value :  7.73500e-08
 Reference value :  7.74000e-08
 Reference value :  7.74140e-08
 Reference value :  7.74500e-08
 Reference value :  7.75100e-08
 Reference value :  7.75500e-08
 Reference value :  7.76000e-08
 Reference value :  7.76300e-08
 Reference value :  7.76700e-08
 Reference value :  7.77300e-08
 Reference value :  7.77700e-08
 Reference value :  7.78000e-08
 Reference value :  7.78140e-08
 Reference value :  7.78500e-08
 Reference value :  7.79100e-08
 Reference value :  7.79700e-08
 Reference value :  7.80000e-08
 Reference value :  7.80300e-08
 Reference value :  7.80900e-08
 Reference value :  7.81500e-08
 Reference value :  7.81850e-08
 Reference value :  7.82060e-08
 Reference value :  7.82500e-08
 Reference value :  7.82900e-08
 Reference value :  7.83300e-08
 Reference value :  7.83700e-08
 Reference value :  7.84000e-08
 Reference value :  7.84140e-08
 Reference value :  7.84500e-08
 Reference value :  7.84900e-08
 Reference value :  7.85500e-08
 Reference value :  7.85850e-08
 Reference value :  7.86060e-08
 Reference value :  7.86500e-08
 Reference value :  7.86900e-08
 Reference value :  7.87500e-08
 Reference value :  7.87850e-08
 Reference value :  7.88060e-08
 Reference value :  7.88500e-08
 Reference value :  7.88900e-08
 Reference value :  7.89500e-08
 Reference value :  7.90000e-08
 Reference value :  7.90140e-08
 Reference value :  7.90700e-08
 Reference value :  7.91100e-08
 Reference value :  7.91500e-08
 Reference value :  7.91850e-08
 Reference value :  7.92020e-08
 Reference value :  7.92300e-08
 Reference value :  7.92700e-08
 Reference value :  7.93300e-08
 Reference value :  7.93700e-08
 Reference value :  7.94000e-08
 Reference value :  7.94300e-08
 Reference value :  7.94900e-08
 Reference value :  7.95300e-08
 Reference value :  7.95850e-08
 Reference value :  7.96060e-08
 Reference value :  7.96500e-08
 Reference value :  7.96900e-08
 Reference value :  7.97300e-08
 Reference value :  7.97850e-08
 Reference value :  7.98060e-08
 Reference value :  7.98500e-08
 Reference value :  7.98900e-08
 Reference value :  7.99300e-08
 Reference value :  7.99700e-08
 Reference value :  8.00020e-08
 Reference value :  8.00300e-08
 Reference value :  8.00900e-08
 Reference value :  8.01500e-08
 Reference value :  8.02000e-08
 Reference value :  8.02140e-08
 Reference value :  8.02500e-08
 Reference value :  8.03100e-08
 Reference value :  8.03500e-08
 Reference value :  8.03850e-08
 Reference value :  8.04060e-08
 Reference value :  8.04300e-08
 Reference value :  8.04900e-08
 Reference value :  8.05300e-08
 Reference value :  8.05850e-08
 Reference value :  8.06060e-08
 Reference value :  8.06500e-08
 Reference value :  8.07100e-08
 Reference value :  8.07700e-08
 Reference value :  8.08020e-08
 Reference value :  8.08300e-08
 Reference value :  8.08700e-08
 Reference value :  8.09100e-08
 Reference value :  8.09500e-08
 Reference value :  8.09850e-08
 Reference value :  8.10060e-08
 Reference value :  8.10500e-08
 Reference value :  8.10900e-08
 Reference value :  8.11500e-08
 Reference value :  8.12000e-08
 Reference value :  8.12140e-08
 Reference value :  8.12700e-08
 Reference value :  8.13300e-08
 Reference value :  8.13700e-08
 Reference value :  8.14000e-08
 Reference value :  8.14140e-08
 Reference value :  8.14500e-08
 Reference value :  8.15300e-08
 Reference value :  8.15700e-08
 Reference value :  8.16000e-08
 Reference value :  8.16140e-08
 Reference value :  8.16500e-08
 Reference value :  8.16900e-08
 Reference value :  8.17300e-08
 Reference value :  8.17850e-08
 Reference value :  8.18060e-08
 Reference value :  8.18500e-08
 Reference value :  8.18900e-08
 Reference value :  8.19500e-08
 Reference value :  8.19850e-08
 Reference value :  8.20060e-08
 Reference value :  8.20500e-08
 Reference value :  8.20900e-08
 Reference value :  8.21300e-08
 Reference value :  8.21700e-08
 Reference value :  8.22000e-08
 Reference value :  8.22140e-08
 Reference value :  8.22700e-08
 Reference value :  8.23300e-08
 Reference value :  8.23850e-08
 Reference value :  8.24060e-08
 Reference value :  8.24500e-08
 Reference value :  8.25100e-08
 Reference value :  8.25500e-08
 Reference value :  8.26000e-08
 Reference value :  8.26140e-08
 Reference value :  8.26700e-08
 Reference value :  8.27100e-08
 Reference value :  8.27700e-08
 Reference value :  8.28020e-08
 Reference value :  8.28300e-08
 Reference value :  8.28900e-08
 Reference value :  8.29300e-08
 Reference value :  8.29700e-08
 Reference value :  8.30020e-08
 Reference value :  8.30300e-08
 Reference value :  8.30700e-08
 Reference value :  8.31100e-08
 Reference value :  8.31700e-08
 Reference value :  8.32020e-08
 Reference value :  8.32300e-08
 Reference value :  8.32700e-08
 Reference value :  8.33300e-08
 Reference value :  8.33700e-08
 Reference value :  8.34000e-08
 Reference value :  8.34140e-08
 Reference value :  8.34700e-08
 Reference value :  8.35100e-08
 Reference value :  8.35700e-08
 Reference value :  8.36000e-08
 Reference value :  8.36140e-08
 Reference value :  8.36500e-08
 Reference value :  8.36900e-08
 Reference value :  8.37500e-08
 Reference value :  8.38000e-08
 Reference value :  8.38140e-08
 Reference value :  8.38500e-08
 Reference value :  8.38900e-08
 Reference value :  8.39500e-08
 Reference value :  8.39850e-08
 Reference value :  8.40060e-08
 Reference value :  8.40500e-08
 Reference value :  8.40900e-08
 Reference value :  8.41300e-08
 Reference value :  8.41700e-08
 Reference value :  8.42020e-08
 Reference value :  8.42300e-08
 Reference value :  8.42900e-08
 Reference value :  8.43700e-08
 Reference value :  8.44020e-08
 Reference value :  8.44300e-08
 Reference value :  8.44700e-08
 Reference value :  8.45100e-08
 Reference value :  8.45500e-08
 Reference value :  8.45850e-08
 Reference value :  8.46020e-08
 Reference value :  8.46300e-08
 Reference value :  8.46700e-08
 Reference value :  8.47100e-08
 Reference value :  8.47500e-08
 Reference value :  8.48000e-08
 Reference value :  8.48140e-08
 Reference value :  8.48500e-08
 Reference value :  8.48900e-08
 Reference value :  8.49500e-08
 Reference value :  8.49850e-08
 Reference value :  8.50060e-08
 Reference value :  8.50500e-08
 Reference value :  8.51100e-08
 Reference value :  8.51700e-08
 Reference value :  8.52020e-08
 Reference value :  8.52300e-08
 Reference value :  8.52900e-08
 Reference value :  8.53300e-08
 Reference value :  8.53700e-08
 Reference value :  8.54020e-08
 Reference value :  8.54300e-08
 Reference value :  8.54900e-08
 Reference value :  8.55500e-08
 Reference value :  8.55850e-08
 Reference value :  8.56060e-08
 Reference value :  8.56500e-08
 Reference value :  8.57100e-08
 Reference value :  8.57500e-08
 Reference value :  8.57850e-08
 Reference value :  8.58020e-08
 Reference value :  8.58300e-08
 Reference value :  8.58700e-08
 Reference value :  8.59100e-08
 Reference value :  8.59500e-08
 Reference value :  8.60000e-08
 Reference value :  8.60300e-08
 Reference value :  8.60900e-08
 Reference value :  8.61300e-08
 Reference value :  8.61700e-08
 Reference value :  8.62000e-08
 Reference value :  8.62140e-08
 Reference value :  8.62700e-08
 Reference value :  8.63100e-08
 Reference value :  8.63500e-08
 Reference value :  8.63850e-08
 Reference value :  8.64060e-08
 Reference value :  8.64500e-08
 Reference value :  8.64900e-08
 Reference value :  8.65300e-08
 Reference value :  8.65850e-08
 Reference value :  8.66060e-08
 Reference value :  8.66700e-08
 Reference value :  8.67100e-08
 Reference value :  8.67500e-08
 Reference value :  8.68000e-08
 Reference value :  8.68140e-08
 Reference value :  8.68500e-08
 Reference value :  8.68900e-08
 Reference value :  8.69500e-08
 Reference value :  8.70000e-08
 Reference value :  8.70140e-08
 Reference value :  8.70500e-08
 Reference value :  8.70900e-08
 Reference value :  8.71500e-08
 Reference value :  8.72000e-08
 Reference value :  8.72140e-08
 Reference value :  8.72700e-08
 Reference value :  8.73100e-08
 Reference value :  8.73500e-08
 Reference value :  8.73850e-08
 Reference value :  8.74060e-08
 Reference value :  8.74500e-08
 Reference value :  8.74900e-08
 Reference value :  8.75300e-08
 Reference value :  8.75700e-08
 Reference value :  8.76000e-08
 Reference value :  8.76140e-08
 Reference value :  8.76500e-08
 Reference value :  8.76900e-08
 Reference value :  8.77500e-08
 Reference value :  8.78000e-08
 Reference value :  8.78140e-08
 Reference value :  8.78500e-08
 Reference value :  8.78900e-08
 Reference value :  8.79500e-08
 Reference value :  8.79850e-08
 Reference value :  8.80060e-08
 Reference value :  8.80300e-08
 Reference value :  8.80900e-08
 Reference value :  8.81300e-08
 Reference value :  8.81700e-08
 Reference value :  8.82020e-08
 Reference value :  8.82300e-08
 Reference value :  8.82700e-08
 Reference value :  8.83300e-08
 Reference value :  8.83850e-08
 Reference value :  8.84060e-08
 Reference value :  8.84500e-08
 Reference value :  8.85100e-08
 Reference value :  8.85500e-08
 Reference value :  8.85850e-08
 Reference value :  8.86020e-08
 Reference value :  8.86300e-08
 Reference value :  8.86700e-08
 Reference value :  8.87100e-08
 Reference value :  8.87500e-08
 Reference value :  8.87850e-08
 Reference value :  8.88060e-08
 Reference value :  8.88500e-08
 Reference value :  8.88900e-08
 Reference value :  8.89300e-08
 Reference value :  8.89700e-08
 Reference value :  8.90020e-08
 Reference value :  8.90300e-08
 Reference value :  8.90900e-08
 Reference value :  8.91300e-08
 Reference value :  8.91700e-08
 Reference value :  8.92000e-08
 Reference value :  8.92140e-08
 Reference value :  8.92700e-08
 Reference value :  8.93100e-08
 Reference value :  8.93500e-08
 Reference value :  8.93850e-08
 Reference value :  8.94060e-08
 Reference value :  8.94500e-08
 Reference value :  8.95100e-08
 Reference value :  8.95500e-08
 Reference value :  8.96000e-08
 Reference value :  8.96140e-08
 Reference value :  8.96500e-08
 Reference value :  8.96900e-08
 Reference value :  8.97500e-08
 Reference value :  8.98000e-08
 Reference value :  8.98140e-08
 Reference value :  8.98500e-08
 Reference value :  8.99100e-08
 Reference value :  8.99500e-08
 Reference value :  8.99850e-08
 Reference value :  9.00060e-08
 Reference value :  9.00500e-08
 Reference value :  9.00900e-08
 Reference value :  9.01500e-08
 Reference value :  9.02000e-08
 Reference value :  9.02140e-08
 Reference value :  9.02500e-08
 Reference value :  9.02900e-08
 Reference value :  9.03300e-08
 Reference value :  9.03700e-08
 Reference value :  9.04020e-08
 Reference value :  9.04300e-08
 Reference value :  9.04900e-08
 Reference value :  9.05300e-08
 Reference value :  9.05700e-08
 Reference value :  9.06020e-08
 Reference value :  9.06500e-08
 Reference value :  9.06900e-08
 Reference value :  9.07500e-08
 Reference value :  9.08000e-08
 Reference value :  9.08140e-08
 Reference value :  9.08500e-08
 Reference value :  9.08900e-08
 Reference value :  9.09300e-08
 Reference value :  9.09700e-08
 Reference value :  9.10000e-08
 Reference value :  9.10140e-08
 Reference value :  9.10500e-08
 Reference value :  9.11100e-08
 Reference value :  9.11700e-08
 Reference value :  9.12060e-08
 Reference value :  9.12500e-08
 Reference value :  9.12900e-08
 Reference value :  9.13500e-08
 Reference value :  9.14000e-08
 Reference value :  9.14140e-08
 Reference value :  9.14700e-08
 Reference value :  9.15100e-08
 Reference value :  9.15500e-08
 Reference value :  9.15850e-08
 Reference value :  9.16060e-08
 Reference value :  9.16500e-08
 Reference value :  9.17100e-08
 Reference value :  9.17500e-08
 Reference value :  9.18000e-08
 Reference value :  9.18300e-08
 Reference value :  9.18700e-08
 Reference value :  9.19300e-08
 Reference value :  9.19700e-08
 Reference value :  9.20000e-08
 Reference value :  9.20300e-08
 Reference value :  9.20900e-08
 Reference value :  9.21500e-08
 Reference value :  9.21850e-08
 Reference value :  9.22020e-08
 Reference value :  9.22300e-08
 Reference value :  9.22700e-08
 Reference value :  9.23100e-08
 Reference value :  9.23500e-08
 Reference value :  9.23850e-08
 Reference value :  9.24060e-08
 Reference value :  9.24500e-08
 Reference value :  9.24900e-08
 Reference value :  9.25500e-08
 Reference value :  9.25850e-08
 Reference value :  9.26060e-08
 Reference value :  9.26500e-08
 Reference value :  9.26900e-08
 Reference value :  9.27300e-08
 Reference value :  9.27700e-08
 Reference value :  9.28000e-08
 Reference value :  9.28140e-08
 Reference value :  9.28500e-08
 Reference value :  9.29100e-08
 Reference value :  9.29500e-08
 Reference value :  9.30000e-08
 Reference value :  9.30140e-08
 Reference value :  9.30700e-08
 Reference value :  9.31100e-08
 Reference value :  9.31500e-08
 Reference value :  9.32000e-08
 Reference value :  9.32300e-08
 Reference value :  9.32700e-08
 Reference value :  9.33300e-08
 Reference value :  9.33700e-08
 Reference value :  9.34000e-08
 Reference value :  9.34300e-08
 Reference value :  9.34700e-08
 Reference value :  9.35100e-08
 Reference value :  9.35500e-08
 Reference value :  9.36020e-08
 Reference value :  9.36300e-08
 Reference value :  9.36900e-08
 Reference value :  9.37300e-08
 Reference value :  9.37700e-08
 Reference value :  9.38020e-08
 Reference value :  9.38300e-08
 Reference value :  9.38900e-08
 Reference value :  9.39300e-08
 Reference value :  9.39700e-08
 Reference value :  9.40020e-08
 Reference value :  9.40300e-08
 Reference value :  9.40700e-08
 Reference value :  9.41100e-08
 Reference value :  9.41700e-08
 Reference value :  9.42020e-08
 Reference value :  9.42300e-08
 Reference value :  9.42700e-08
 Reference value :  9.43300e-08
 Reference value :  9.43850e-08
 Reference value :  9.44060e-08
 Reference value :  9.44500e-08
 Reference value :  9.45100e-08
 Reference value :  9.45700e-08
 Reference value :  9.46020e-08
 Reference value :  9.46300e-08
 Reference value :  9.46900e-08
 Reference value :  9.47300e-08
 Reference value :  9.47700e-08
 Reference value :  9.48020e-08
 Reference value :  9.48300e-08
 Reference value :  9.48700e-08
 Reference value :  9.49500e-08
 Reference value :  9.49850e-08
 Reference value :  9.50060e-08
 Reference value :  9.50300e-08
 Reference value :  9.50700e-08
 Reference value :  9.51100e-08
 Reference value :  9.51500e-08
 Reference value :  9.51850e-08
 Reference value :  9.52060e-08
 Reference value :  9.52500e-08
 Reference value :  9.52900e-08
 Reference value :  9.53300e-08
 Reference value :  9.53700e-08
 Reference value :  9.54000e-08
 Reference value :  9.54140e-08
 Reference value :  9.54700e-08
 Reference value :  9.55300e-08
 Reference value :  9.55700e-08
 Reference value :  9.56000e-08
 Reference value :  9.56140e-08
 Reference value :  9.56500e-08
 Reference value :  9.57100e-08
 Reference value :  9.57500e-08
 Reference value :  9.57850e-08
 Reference value :  9.58060e-08
 Reference value :  9.58500e-08
 Reference value :  9.58900e-08
 Reference value :  9.59300e-08
 Reference value :  9.59700e-08
 Reference value :  9.60020e-08
 Reference value :  9.60300e-08
 Reference value :  9.60900e-08
 Reference value :  9.61500e-08
 Reference value :  9.61850e-08
 Reference value :  9.62060e-08
 Reference value :  9.62500e-08
 Reference value :  9.63100e-08
 Reference value :  9.63700e-08
 Reference value :  9.64000e-08
 Reference value :  9.64140e-08
 Reference value :  9.64700e-08
 Reference value :  9.65100e-08
 Reference value :  9.65700e-08
 Reference value :  9.66060e-08
 Reference value :  9.66500e-08
 Reference value :  9.66900e-08
 Reference value :  9.67500e-08
 Reference value :  9.67850e-08
 Reference value :  9.68060e-08
 Reference value :  9.68500e-08
 Reference value :  9.68900e-08
 Reference value :  9.69300e-08
 Reference value :  9.69700e-08
 Reference value :  9.70000e-08
 Reference value :  9.70300e-08
 Reference value :  9.70900e-08
 Reference value :  9.71500e-08
 Reference value :  9.72000e-08
 Reference value :  9.72140e-08
 Reference value :  9.72700e-08
 Reference value :  9.73300e-08
 Reference value :  9.73700e-08
 Reference value :  9.74000e-08
 Reference value :  9.74140e-08
 Reference value :  9.74700e-08
 Reference value :  9.75100e-08
 Reference value :  9.75500e-08
 Reference value :  9.75850e-08
 Reference value :  9.76060e-08
 Reference value :  9.76500e-08
 Reference value :  9.76900e-08
 Reference value :  9.77300e-08
 Reference value :  9.77850e-08
 Reference value :  9.78060e-08
 Reference value :  9.78500e-08
 Reference value :  9.79100e-08
 Reference value :  9.79700e-08
 Reference value :  9.80000e-08
 Reference value :  9.80140e-08
 Reference value :  9.80500e-08
 Reference value :  9.81100e-08
 Reference value :  9.81500e-08
 Reference value :  9.81850e-08
 Reference value :  9.82060e-08
 Reference value :  9.82500e-08
 Reference value :  9.83100e-08
 Reference value :  9.83700e-08
 Reference value :  9.84020e-08
 Reference value :  9.84300e-08
 Reference value :  9.84900e-08
 Reference value :  9.85500e-08
 Reference value :  9.86000e-08
 Reference value :  9.86140e-08
 Reference value :  9.86700e-08
 Reference value :  9.87100e-08
 Reference value :  9.87500e-08
 Reference value :  9.87850e-08
 Reference value :  9.88060e-08
 Reference value :  9.88500e-08
 Reference value :  9.88900e-08
 Reference value :  9.89500e-08
 Reference value :  9.90000e-08
 Reference value :  9.90300e-08
 Reference value :  9.90900e-08
 Reference value :  9.91300e-08
 Reference value :  9.91850e-08
 Reference value :  9.92060e-08
 Reference value :  9.92300e-08
 Reference value :  9.92700e-08
 Reference value :  9.93100e-08
 Reference value :  9.93700e-08
 Reference value :  9.94020e-08
 Reference value :  9.94300e-08
 Reference value :  9.94900e-08
 Reference value :  9.95500e-08
 Reference value :  9.96000e-08
 Reference value :  9.96140e-08
 Reference value :  9.96700e-08
 Reference value :  9.97300e-08
 Reference value :  9.97850e-08
 Reference value :  9.98060e-08
 Reference value :  9.98500e-08
 Reference value :  9.99100e-08
 Reference value :  9.99850e-08
 Reference value :  1.00030e-07
 Reference value :  1.00110e-07
 Reference value :  1.00170e-07
 Reference value :  1.00206e-07
 Reference value :  1.00270e-07
 Reference value :  1.00330e-07
 Reference value :  1.00385e-07
 Reference value :  1.00406e-07
 Reference value :  1.00450e-07
 Reference value :  1.00510e-07
 Reference value :  1.00570e-07
 Reference value :  1.00602e-07
 Reference value :  1.00630e-07
 Reference value :  1.00690e-07
 Reference value :  1.00750e-07
 Reference value :  1.00800e-07
 Reference value :  1.00830e-07
 Reference value :  1.00870e-07
 Reference value :  1.00930e-07
 Reference value :  1.00985e-07
 Reference value :  1.01006e-07
 Reference value :  1.01030e-07
 Reference value :  1.01070e-07
 Reference value :  1.01130e-07
 Reference value :  1.01170e-07
 Reference value :  1.01202e-07
 Reference value :  1.01250e-07
 Reference value :  1.01310e-07
 Reference value :  1.01370e-07
 Reference value :  1.01402e-07
 Reference value :  1.01430e-07
 Reference value :  1.01490e-07
 Reference value :  1.01530e-07
 Reference value :  1.01570e-07
 Reference value :  1.01600e-07
 Reference value :  1.01630e-07
 Reference value :  1.01690e-07
 Reference value :  1.01730e-07
 Reference value :  1.01785e-07
 Reference value :  1.01806e-07
 Reference value :  1.01850e-07
 Reference value :  1.01910e-07
 Reference value :  1.01970e-07
 Reference value :  1.02002e-07
 Reference value :  1.02030e-07
 Reference value :  1.02090e-07
 Reference value :  1.02150e-07
 Reference value :  1.02200e-07
 Reference value :  1.02214e-07
 Reference value :  1.02270e-07
 Reference value :  1.02330e-07
 Reference value :  1.02385e-07
 Reference value :  1.02406e-07
 Reference value :  1.02470e-07
 Reference value :  1.02530e-07
 Reference value :  1.02570e-07
 Reference value :  1.02600e-07
 Reference value :  1.02614e-07
 Reference value :  1.02670e-07
 Reference value :  1.02730e-07
 Reference value :  1.02785e-07
 Reference value :  1.02806e-07
 Reference value :  1.02850e-07
 Reference value :  1.02910e-07
 Reference value :  1.02970e-07
 Reference value :  1.03002e-07
 Reference value :  1.03030e-07
 Reference value :  1.03070e-07
 Reference value :  1.03110e-07
 Reference value :  1.03170e-07
 Reference value :  1.03202e-07
 Reference value :  1.03250e-07
 Reference value :  1.03290e-07
 Reference value :  1.03350e-07
 Reference value :  1.03400e-07
 Reference value :  1.03414e-07
 Reference value :  1.03470e-07
 Reference value :  1.03510e-07
 Reference value :  1.03570e-07
 Reference value :  1.03602e-07
 Reference value :  1.03630e-07
 Reference value :  1.03690e-07
 Reference value :  1.03730e-07
 Reference value :  1.03770e-07
 Reference value :  1.03800e-07
 Reference value :  1.03814e-07
 Reference value :  1.03850e-07
 Reference value :  1.03890e-07
 Reference value :  1.03950e-07
 Reference value :  1.03985e-07
 Reference value :  1.04002e-07
 Reference value :  1.04030e-07
 Reference value :  1.04070e-07
 Reference value :  1.04110e-07
 Reference value :  1.04170e-07
 Reference value :  1.04206e-07
 Reference value :  1.04270e-07
 Reference value :  1.04310e-07
 Reference value :  1.04370e-07
 Reference value :  1.04400e-07
 Reference value :  1.04430e-07
 Reference value :  1.04470e-07
 Reference value :  1.04530e-07
 Reference value :  1.04570e-07
 Reference value :  1.04600e-07
 Reference value :  1.04614e-07
 Reference value :  1.04670e-07
 Reference value :  1.04710e-07
 Reference value :  1.04770e-07
 Reference value :  1.04802e-07
 Reference value :  1.04830e-07
 Reference value :  1.04890e-07
 Reference value :  1.04930e-07
 Reference value :  1.04970e-07
 Reference value :  1.05002e-07
 Reference value :  1.05030e-07
 Reference value :  1.05070e-07
 Reference value :  1.05110e-07
 Reference value :  1.05150e-07
 Reference value :  1.05200e-07
 Reference value :  1.05214e-07
 Reference value :  1.05250e-07
 Reference value :  1.05290e-07
 Reference value :  1.05350e-07
 Reference value :  1.05400e-07
 Reference value :  1.05414e-07
 Reference value :  1.05450e-07
 Reference value :  1.05490e-07
 Reference value :  1.05530e-07
 Reference value :  1.05570e-07
 Reference value :  1.05600e-07
 Reference value :  1.05614e-07
 Reference value :  1.05670e-07
 Reference value :  1.05730e-07
 Reference value :  1.05770e-07
 Reference value :  1.05802e-07
 Reference value :  1.05830e-07
 Reference value :  1.05890e-07
 Reference value :  1.05950e-07
 Reference value :  1.05985e-07
 Reference value :  1.06006e-07
 Reference value :  1.06050e-07
 Reference value :  1.06090e-07
 Reference value :  1.06130e-07
 Reference value :  1.06170e-07
 Reference value :  1.06200e-07
 Reference value :  1.06214e-07
 Reference value :  1.06250e-07
 Reference value :  1.06290e-07
 Reference value :  1.06330e-07
 Reference value :  1.06385e-07
 Reference value :  1.06406e-07
 Reference value :  1.06450e-07
 Reference value :  1.06510e-07
 Reference value :  1.06570e-07
 Reference value :  1.06602e-07
 Reference value :  1.06630e-07
 Reference value :  1.06670e-07
 Reference value :  1.06710e-07
 Reference value :  1.06750e-07
 Reference value :  1.06785e-07
 Reference value :  1.06806e-07
 Reference value :  1.06850e-07
 Reference value :  1.06910e-07
 Reference value :  1.06970e-07
 Reference value :  1.07006e-07
 Reference value :  1.07070e-07
 Reference value :  1.07130e-07
 Reference value :  1.07170e-07
 Reference value :  1.07206e-07
 Reference value :  1.07250e-07
 Reference value :  1.07290e-07
 Reference value :  1.07350e-07
 Reference value :  1.07400e-07
 Reference value :  1.07414e-07
 Reference value :  1.07450e-07
 Reference value :  1.07510e-07
 Reference value :  1.07550e-07
 Reference value :  1.07585e-07
 Reference value :  1.07606e-07
 Reference value :  1.07650e-07
 Reference value :  1.07710e-07
 Reference value :  1.07770e-07
 Reference value :  1.07806e-07
 Reference value :  1.07850e-07
 Reference value :  1.07890e-07
 Reference value :  1.07930e-07
 Reference value :  1.07970e-07
 Reference value :  1.08000e-07
 Reference value :  1.08030e-07
 Reference value :  1.08070e-07
 Reference value :  1.08110e-07
 Reference value :  1.08150e-07
 Reference value :  1.08200e-07
 Reference value :  1.08214e-07
 Reference value :  1.08250e-07
 Reference value :  1.08290e-07
 Reference value :  1.08350e-07
 Reference value :  1.08400e-07
 Reference value :  1.08414e-07
 Reference value :  1.08450e-07
 Reference value :  1.08490e-07
 Reference value :  1.08530e-07
 Reference value :  1.08570e-07
 Reference value :  1.08600e-07
 Reference value :  1.08630e-07
 Reference value :  1.08670e-07
 Reference value :  1.08710e-07
 Reference value :  1.08750e-07
 Reference value :  1.08800e-07
 Reference value :  1.08814e-07
 Reference value :  1.08870e-07
 Reference value :  1.08930e-07
 Reference value :  1.08970e-07
 Reference value :  1.09000e-07
 Reference value :  1.09014e-07
 Reference value :  1.09050e-07
 Reference value :  1.09110e-07
 Reference value :  1.09150e-07
 Reference value :  1.09185e-07
 Reference value :  1.09202e-07
 Reference value :  1.09230e-07
 Reference value :  1.09290e-07
 Reference value :  1.09330e-07
 Reference value :  1.09385e-07
 Reference value :  1.09406e-07
 Reference value :  1.09450e-07
 Reference value :  1.09510e-07
 Reference value :  1.09550e-07
 Reference value :  1.09585e-07
 Reference value :  1.09606e-07
 Reference value :  1.09630e-07
 Reference value :  1.09670e-07
 Reference value :  1.09710e-07
 Reference value :  1.09750e-07
 Reference value :  1.09785e-07
 Reference value :  1.09806e-07
 Reference value :  1.09850e-07
 Reference value :  1.09890e-07
 Reference value :  1.09930e-07
 Reference value :  1.09970e-07
 Reference value :  1.10000e-07
 Reference value :  1.10014e-07
 Reference value :  1.10070e-07
 Reference value :  1.10130e-07
 Reference value :  1.10170e-07
 Reference value :  1.10200e-07
 Reference value :  1.10214e-07
 Reference value :  1.10250e-07
 Reference value :  1.10290e-07
 Reference value :  1.10330e-07
 Reference value :  1.10370e-07
 Reference value :  1.10400e-07
 Reference value :  1.10414e-07
 Reference value :  1.10450e-07
 Reference value :  1.10490e-07
 Reference value :  1.10530e-07
 Reference value :  1.10570e-07
 Reference value :  1.10602e-07
 Reference value :  1.10630e-07
 Reference value :  1.10690e-07
 Reference value :  1.10750e-07
 Reference value :  1.10800e-07
 Reference value :  1.10814e-07
 Reference value :  1.10850e-07
 Reference value :  1.10910e-07
 Reference value :  1.10950e-07
 Reference value :  1.10985e-07
 Reference value :  1.11006e-07
 Reference value :  1.11050e-07
 Reference value :  1.11090e-07
 Reference value :  1.11130e-07
 Reference value :  1.11185e-07
 Reference value :  1.11206e-07
 Reference value :  1.11250e-07
 Reference value :  1.11310e-07
 Reference value :  1.11350e-07
 Reference value :  1.11385e-07
 Reference value :  1.11406e-07
 Reference value :  1.11450e-07
 Reference value :  1.11490e-07
 Reference value :  1.11530e-07
 Reference value :  1.11585e-07
 Reference value :  1.11614e-07
 Reference value :  1.11670e-07
 Reference value :  1.11710e-07
 Reference value :  1.11750e-07
 Reference value :  1.11800e-07
 Reference value :  1.11814e-07
 Reference value :  1.11850e-07
 Reference value :  1.11890e-07
 Reference value :  1.11930e-07
 Reference value :  1.11970e-07
 Reference value :  1.12000e-07
 Reference value :  1.12014e-07
 Reference value :  1.12070e-07
 Reference value :  1.12130e-07
 Reference value :  1.12185e-07
 Reference value :  1.12206e-07
 Reference value :  1.12250e-07
 Reference value :  1.12310e-07
 Reference value :  1.12370e-07
 Reference value :  1.12402e-07
 Reference value :  1.12430e-07
 Reference value :  1.12490e-07
 Reference value :  1.12550e-07
 Reference value :  1.12585e-07
 Reference value :  1.12606e-07
 Reference value :  1.12650e-07
 Reference value :  1.12690e-07
 Reference value :  1.12730e-07
 Reference value :  1.12770e-07
 Reference value :  1.12800e-07
 Reference value :  1.12830e-07
 Reference value :  1.12890e-07
 Reference value :  1.12930e-07
 Reference value :  1.12985e-07
 Reference value :  1.13006e-07
 Reference value :  1.13050e-07
 Reference value :  1.13090e-07
 Reference value :  1.13150e-07
 Reference value :  1.13200e-07
 Reference value :  1.13214e-07
 Reference value :  1.13270e-07
 Reference value :  1.13330e-07
 Reference value :  1.13370e-07
 Reference value :  1.13402e-07
 Reference value :  1.13430e-07
 Reference value :  1.13490e-07
 Reference value :  1.13530e-07
 Reference value :  1.13570e-07
 Reference value :  1.13602e-07
 Reference value :  1.13650e-07
 Reference value :  1.13710e-07
 Reference value :  1.13770e-07
 Reference value :  1.13802e-07
 Reference value :  1.13830e-07
 Reference value :  1.13870e-07
 Reference value :  1.13910e-07
 Reference value :  1.13950e-07
 Reference value :  1.13985e-07
 Reference value :  1.14006e-07
 Reference value :  1.14050e-07
 Reference value :  1.14090e-07
 Reference value :  1.14130e-07
 Reference value :  1.14185e-07
 Reference value :  1.14214e-07
 Reference value :  1.14270e-07
 Reference value :  1.14310e-07
 Reference value :  1.14350e-07
 Reference value :  1.14385e-07
 Reference value :  1.14406e-07
 Reference value :  1.14450e-07
 Reference value :  1.14490e-07
 Reference value :  1.14550e-07
 Reference value :  1.14600e-07
 Reference value :  1.14614e-07
 Reference value :  1.14650e-07
 Reference value :  1.14690e-07
 Reference value :  1.14750e-07
 Reference value :  1.14800e-07
 Reference value :  1.14814e-07
 Reference value :  1.14850e-07
 Reference value :  1.14890e-07
 Reference value :  1.14930e-07
 Reference value :  1.14985e-07
 Reference value :  1.15006e-07
 Reference value :  1.15050e-07
 Reference value :  1.15090e-07
 Reference value :  1.15130e-07
 Reference value :  1.15170e-07
 Reference value :  1.15200e-07
 Reference value :  1.15214e-07
 Reference value :  1.15250e-07
 Reference value :  1.15310e-07
 Reference value :  1.15370e-07
 Reference value :  1.15400e-07
 Reference value :  1.15414e-07
 Reference value :  1.15450e-07
 Reference value :  1.15510e-07
 Reference value :  1.15570e-07
 Reference value :  1.15600e-07
 Reference value :  1.15614e-07
 Reference value :  1.15650e-07
 Reference value :  1.15710e-07
 Reference value :  1.15770e-07
 Reference value :  1.15800e-07
 Reference value :  1.15814e-07
 Reference value :  1.15870e-07
 Reference value :  1.15930e-07
 Reference value :  1.15970e-07
 Reference value :  1.16000e-07
 Reference value :  1.16014e-07
 Reference value :  1.16050e-07
 Reference value :  1.16090e-07
 Reference value :  1.16150e-07
 Reference value :  1.16200e-07
 Reference value :  1.16214e-07
 Reference value :  1.16250e-07
 Reference value :  1.16310e-07
 Reference value :  1.16370e-07
 Reference value :  1.16400e-07
 Reference value :  1.16430e-07
 Reference value :  1.16490e-07
 Reference value :  1.16550e-07
 Reference value :  1.16600e-07
 Reference value :  1.16614e-07
 Reference value :  1.16650e-07
 Reference value :  1.16710e-07
 Reference value :  1.16750e-07
 Reference value :  1.16800e-07
 Reference value :  1.16814e-07
 Reference value :  1.16850e-07
 Reference value :  1.16910e-07
 Reference value :  1.16950e-07
 Reference value :  1.16985e-07
 Reference value :  1.17006e-07
 Reference value :  1.17070e-07
 Reference value :  1.17130e-07
 Reference value :  1.17170e-07
 Reference value :  1.17202e-07
 Reference value :  1.17230e-07
 Reference value :  1.17290e-07
 Reference value :  1.17330e-07
 Reference value :  1.17370e-07
 Reference value :  1.17400e-07
 Reference value :  1.17414e-07
 Reference value :  1.17450e-07
 Reference value :  1.17510e-07
 Reference value :  1.17570e-07
 Reference value :  1.17602e-07
 Reference value :  1.17630e-07
 Reference value :  1.17690e-07
 Reference value :  1.17750e-07
 Reference value :  1.17785e-07
 Reference value :  1.17806e-07
 Reference value :  1.17850e-07
 Reference value :  1.17890e-07
 Reference value :  1.17930e-07
 Reference value :  1.17970e-07
 Reference value :  1.18002e-07
 Reference value :  1.18030e-07
 Reference value :  1.18070e-07
 Reference value :  1.18110e-07
 Reference value :  1.18150e-07
 Reference value :  1.18185e-07
 Reference value :  1.18206e-07
 Reference value :  1.18250e-07
 Reference value :  1.18290e-07
 Reference value :  1.18350e-07
 Reference value :  1.18385e-07
 Reference value :  1.18406e-07
 Reference value :  1.18450e-07
 Reference value :  1.18490e-07
 Reference value :  1.18530e-07
 Reference value :  1.18570e-07
 Reference value :  1.18602e-07
 Reference value :  1.18630e-07
 Reference value :  1.18690e-07
 Reference value :  1.18770e-07
 Reference value :  1.18802e-07
 Reference value :  1.18830e-07
 Reference value :  1.18890e-07
 Reference value :  1.18950e-07
 Reference value :  1.18985e-07
 Reference value :  1.19006e-07
 Reference value :  1.19030e-07
 Reference value :  1.19070e-07
 Reference value :  1.19110e-07
 Reference value :  1.19150e-07
 Reference value :  1.19200e-07
 Reference value :  1.19230e-07
 Reference value :  1.19290e-07
 Reference value :  1.19350e-07
 Reference value :  1.19400e-07
 Reference value :  1.19414e-07
 Reference value :  1.19450e-07
 Reference value :  1.19490e-07
 Reference value :  1.19530e-07
 Reference value :  1.19570e-07
 Reference value :  1.19602e-07
 Reference value :  1.19630e-07
 Reference value :  1.19670e-07
 Reference value :  1.19710e-07
 Reference value :  1.19770e-07
 Reference value :  1.19802e-07
 Reference value :  1.19850e-07
 Reference value :  1.19910e-07
 Reference value :  1.19950e-07
 Reference value :  1.20000e-07
 Reference value :  1.20014e-07
 Reference value :  1.20070e-07
 Reference value :  1.20130e-07
 Reference value :  1.20170e-07
 Reference value :  1.20200e-07
 Reference value :  1.20214e-07
 Reference value :  1.20250e-07
 Reference value :  1.20310e-07
 Reference value :  1.20350e-07
 Reference value :  1.20385e-07
 Reference value :  1.20406e-07
 Reference value :  1.20450e-07
 Reference value :  1.20490e-07
 Reference value :  1.20550e-07
 Reference value :  1.20600e-07
 Reference value :  1.20614e-07
 Reference value :  1.20670e-07
 Reference value :  1.20730e-07
 Reference value :  1.20785e-07
 Reference value :  1.20806e-07
 Reference value :  1.20850e-07
 Reference value :  1.20890e-07
 Reference value :  1.20950e-07
 Reference value :  1.21000e-07
 Reference value :  1.21014e-07
 Reference value :  1.21070e-07
 Reference value :  1.21110e-07
 Reference value :  1.21170e-07
 Reference value :  1.21202e-07
 Reference value :  1.21230e-07
 Reference value :  1.21270e-07
 Reference value :  1.21310e-07
 Reference value :  1.21350e-07
 Reference value :  1.21400e-07
 Reference value :  1.21414e-07
 Reference value :  1.21470e-07
 Reference value :  1.21510e-07
 Reference value :  1.21550e-07
 Reference value :  1.21585e-07
 Reference value :  1.21606e-07
 Reference value :  1.21650e-07
 Reference value :  1.21710e-07
 Reference value :  1.21770e-07
 Reference value :  1.21802e-07
 Reference value :  1.21830e-07
 Reference value :  1.21870e-07
 Reference value :  1.21910e-07
 Reference value :  1.21970e-07
 Reference value :  1.22000e-07
 Reference value :  1.22014e-07
 Reference value :  1.22050e-07
 Reference value :  1.22090e-07
 Reference value :  1.22150e-07
 Reference value :  1.22185e-07
 Reference value :  1.22206e-07
 Reference value :  1.22250e-07
 Reference value :  1.22290e-07
 Reference value :  1.22350e-07
 Reference value :  1.22385e-07
 Reference value :  1.22406e-07
 Reference value :  1.22450e-07
 Reference value :  1.22490e-07
 Reference value :  1.22530e-07
 Reference value :  1.22570e-07
 Reference value :  1.22600e-07
 Reference value :  1.22614e-07
 Reference value :  1.22650e-07
 Reference value :  1.22690e-07
 Reference value :  1.22730e-07
 Reference value :  1.22770e-07
 Reference value :  1.22802e-07
 Reference value :  1.22830e-07
 Reference value :  1.22870e-07
 Reference value :  1.22910e-07
 Reference value :  1.22970e-07
 Reference value :  1.23000e-07
 Reference value :  1.23014e-07
 Reference value :  1.23050e-07
 Reference value :  1.23090e-07
 Reference value :  1.23150e-07
 Reference value :  1.23185e-07
 Reference value :  1.23206e-07
 Reference value :  1.23250e-07
 Reference value :  1.23310e-07
 Reference value :  1.23350e-07
 Reference value :  1.23385e-07
 Reference value :  1.23406e-07
 Reference value :  1.23430e-07
 Reference value :  1.23490e-07
 Reference value :  1.23550e-07
 Reference value :  1.23600e-07
 Reference value :  1.23614e-07
 Reference value :  1.23650e-07
 Reference value :  1.23710e-07
 Reference value :  1.23750e-07
 Reference value :  1.23785e-07
 Reference value :  1.23806e-07
 Reference value :  1.23830e-07
 Reference value :  1.23870e-07
 Reference value :  1.23930e-07
 Reference value :  1.23970e-07
 Reference value :  1.24000e-07
 Reference value :  1.24014e-07
 Reference value :  1.24070e-07
 Reference value :  1.24130e-07
 Reference value :  1.24170e-07
 Reference value :  1.24202e-07
 Reference value :  1.24230e-07
 Reference value :  1.24290e-07
 Reference value :  1.24330e-07
 Reference value :  1.24370e-07
 Reference value :  1.24400e-07
 Reference value :  1.24414e-07
 Reference value :  1.24470e-07
 Reference value :  1.24530e-07
 Reference value :  1.24570e-07
 Reference value :  1.24602e-07
 Reference value :  1.24630e-07
 Reference value :  1.24670e-07
 Reference value :  1.24730e-07
 Reference value :  1.24785e-07
 Reference value :  1.24806e-07
 Reference value :  1.24850e-07
 Reference value :  1.24910e-07
 Reference value :  1.24970e-07
 Reference value :  1.25000e-07
 Reference value :  1.25030e-07
 Reference value :  1.25090e-07
 Reference value :  1.25130e-07
 Reference value :  1.25185e-07
 Reference value :  1.25206e-07
 Reference value :  1.25250e-07
 Reference value :  1.25310e-07
 Reference value :  1.25370e-07
 Reference value :  1.25402e-07
 Reference value :  1.25430e-07
 Reference value :  1.25470e-07
 Reference value :  1.25530e-07
 Reference value :  1.25570e-07
 Reference value :  1.25602e-07
 Reference value :  1.25630e-07
 Reference value :  1.25670e-07
 Reference value :  1.25730e-07
 Reference value :  1.25785e-07
 Reference value :  1.25806e-07
 Reference value :  1.25850e-07
 Reference value :  1.25890e-07
 Reference value :  1.25950e-07
 Reference value :  1.25985e-07
 Reference value :  1.26006e-07
 Reference value :  1.26050e-07
 Reference value :  1.26110e-07
 Reference value :  1.26150e-07
 Reference value :  1.26185e-07
 Reference value :  1.26206e-07
 Reference value :  1.26250e-07
 Reference value :  1.26310e-07
 Reference value :  1.26350e-07
 Reference value :  1.26385e-07
 Reference value :  1.26406e-07
 Reference value :  1.26450e-07
 Reference value :  1.26510e-07
 Reference value :  1.26550e-07
 Reference value :  1.26585e-07
 Reference value :  1.26606e-07
 Reference value :  1.26650e-07
 Reference value :  1.26690e-07
 Reference value :  1.26750e-07
 Reference value :  1.26785e-07
 Reference value :  1.26806e-07
 Reference value :  1.26850e-07
 Reference value :  1.26890e-07
 Reference value :  1.26950e-07
 Reference value :  1.27000e-07
 Reference value :  1.27030e-07
 Reference value :  1.27090e-07
 Reference value :  1.27150e-07
 Reference value :  1.27200e-07
 Reference value :  1.27214e-07
 Reference value :  1.27250e-07
 Reference value :  1.27290e-07
 Reference value :  1.27330e-07
 Reference value :  1.27370e-07
 Reference value :  1.27402e-07
 Reference value :  1.27430e-07
 Reference value :  1.27470e-07
 Reference value :  1.27530e-07
 Reference value :  1.27570e-07
 Reference value :  1.27602e-07
 Reference value :  1.27630e-07
 Reference value :  1.27690e-07
 Reference value :  1.27750e-07
 Reference value :  1.27800e-07
 Reference value :  1.27814e-07
 Reference value :  1.27870e-07
 Reference value :  1.27910e-07
 Reference value :  1.27950e-07
 Reference value :  1.27985e-07
 Reference value :  1.28006e-07
 Reference value :  1.28050e-07
 Reference value :  1.28110e-07
 Reference value :  1.28170e-07
 Reference value :  1.28202e-07
 Reference value :  1.28250e-07
 Reference value :  1.28290e-07
 Reference value :  1.28350e-07
 Reference value :  1.28400e-07
 Reference value :  1.28430e-07
 Reference value :  1.28490e-07
 Reference value :  1.28530e-07
 Reference value :  1.28585e-07
 Reference value :  1.28606e-07
 Reference value :  1.28650e-07
 Reference value :  1.28690e-07
 Reference value :  1.28750e-07
 Reference value :  1.28800e-07
 Reference value :  1.28830e-07
 Reference value :  1.28870e-07
 Reference value :  1.28910e-07
 Reference value :  1.28950e-07
 Reference value :  1.28985e-07
 Reference value :  1.29006e-07
 Reference value :  1.29050e-07
 Reference value :  1.29090e-07
 Reference value :  1.29130e-07
 Reference value :  1.29185e-07
 Reference value :  1.29206e-07
 Reference value :  1.29250e-07
 Reference value :  1.29290e-07
 Reference value :  1.29350e-07
 Reference value :  1.29400e-07
 Reference value :  1.29414e-07
 Reference value :  1.29450e-07
 Reference value :  1.29510e-07
 Reference value :  1.29570e-07
 Reference value :  1.29600e-07
 Reference value :  1.29614e-07
 Reference value :  1.29650e-07
 Reference value :  1.29690e-07
 Reference value :  1.29730e-07
 Reference value :  1.29785e-07
 Reference value :  1.29806e-07
 Reference value :  1.29850e-07
 Reference value :  1.29890e-07
 Reference value :  1.29950e-07
 Reference value :  1.29985e-07
 Reference value :  1.30000e-07
No. of Data Rows : 8467
vmax_ss             =  1.87796e+00 at=  9.33500e-08
vmin_ss             =  -4.15409e-02 at=  4.52020e-08
tk                  =  7.02664e-09
tk                  =  1.34558e-08
tk                  =  1.98870e-08
tk                  =  2.63214e-08
tk                  =  3.27496e-08
tk                  =  3.91849e-08
tk                  =  4.56171e-08
tk                  =  5.20474e-08
tk                  =  5.84785e-08
vmax_ss = 1.877955e+00
vmin_ss = -4.15409e-02
swing_frac = 1.066387e+00
tbar = 6.431480e-09
sigma_1 = 2.417974e-12
sigma_2 = 2.678190e-12
sigma_4 = 4.257170e-12
Note: Simulation executed from .control section 

----- stderr -----

