OpenROAD 26Q3-1510-g6cb3f2b704 
Features included (+) or not (-): +GPU +GUI +Python
This program is licensed under the BSD-3 license. See the LICENSE file for details.
Components of this program may be licensed under more restrictive licenses which must be honored.
===KLT_SPEF_NET_CHECK_BEGIN===
2336 8012
2336 2336
===KLT_SPEF_NET_CHECK_END===
[WARNING STA-1650] /home/ubuntu/GitHub/sky130-trng/.loom/worktrees/issue-236/sim/digital-electrical-repair/requests/.klt/place-and-route/trng_digital_route.spef line 131, net $1000 not found.
[WARNING STA-1650] /home/ubuntu/GitHub/sky130-trng/.loom/worktrees/issue-236/sim/digital-electrical-repair/requests/.klt/place-and-route/trng_digital_route.spef line 142, net $10000 not found.
[WARNING STA-1650] /home/ubuntu/GitHub/sky130-trng/.loom/worktrees/issue-236/sim/digital-electrical-repair/requests/.klt/place-and-route/trng_digital_route.spef line 152, net $10001 not found.
[WARNING STA-1650] /home/ubuntu/GitHub/sky130-trng/.loom/worktrees/issue-236/sim/digital-electrical-repair/requests/.klt/place-and-route/trng_digital_route.spef line 160, net $10002 not found.
[WARNING STA-1650] /home/ubuntu/GitHub/sky130-trng/.loom/worktrees/issue-236/sim/digital-electrical-repair/requests/.klt/place-and-route/trng_digital_route.spef line 168, net $10003 not found.
[WARNING STA-1650] /home/ubuntu/GitHub/sky130-trng/.loom/worktrees/issue-236/sim/digital-electrical-repair/requests/.klt/place-and-route/trng_digital_route.spef line 177, net $10004 not found.
[WARNING STA-1650] /home/ubuntu/GitHub/sky130-trng/.loom/worktrees/issue-236/sim/digital-electrical-repair/requests/.klt/place-and-route/trng_digital_route.spef line 187, net $10005 not found.
[WARNING STA-1650] /home/ubuntu/GitHub/sky130-trng/.loom/worktrees/issue-236/sim/digital-electrical-repair/requests/.klt/place-and-route/trng_digital_route.spef line 196, net $10006 not found.
[WARNING STA-1650] /home/ubuntu/GitHub/sky130-trng/.loom/worktrees/issue-236/sim/digital-electrical-repair/requests/.klt/place-and-route/trng_digital_route.spef line 205, net $10007 not found.
[WARNING STA-1650] /home/ubuntu/GitHub/sky130-trng/.loom/worktrees/issue-236/sim/digital-electrical-repair/requests/.klt/place-and-route/trng_digital_route.spef line 214, net $10008 not found.
[WARNING STA-1650] /home/ubuntu/GitHub/sky130-trng/.loom/worktrees/issue-236/sim/digital-electrical-repair/requests/.klt/place-and-route/trng_digital_route.spef line 222, net $1001 not found.
[WARNING STA-1650] /home/ubuntu/GitHub/sky130-trng/.loom/worktrees/issue-236/sim/digital-electrical-repair/requests/.klt/place-and-route/trng_digital_route.spef line 238, net $1002 not found.
[WARNING STA-1650] /home/ubuntu/GitHub/sky130-trng/.loom/worktrees/issue-236/sim/digital-electrical-repair/requests/.klt/place-and-route/trng_digital_route.spef line 252, net $1003 not found.
[WARNING STA-1650] /home/ubuntu/GitHub/sky130-trng/.loom/worktrees/issue-236/sim/digital-electrical-repair/requests/.klt/place-and-route/trng_digital_route.spef line 267, net $1004 not found.
[WARNING STA-1650] /home/ubuntu/GitHub/sky130-trng/.loom/worktrees/issue-236/sim/digital-electrical-repair/requests/.klt/place-and-route/trng_digital_route.spef line 277, net $10050 not found.
[WARNING STA-1650] /home/ubuntu/GitHub/sky130-trng/.loom/worktrees/issue-236/sim/digital-electrical-repair/requests/.klt/place-and-route/trng_digital_route.spef line 286, net $10051 not found.
[WARNING STA-1650] /home/ubuntu/GitHub/sky130-trng/.loom/worktrees/issue-236/sim/digital-electrical-repair/requests/.klt/place-and-route/trng_digital_route.spef line 294, net $10052 not found.
[WARNING STA-1650] /home/ubuntu/GitHub/sky130-trng/.loom/worktrees/issue-236/sim/digital-electrical-repair/requests/.klt/place-and-route/trng_digital_route.spef line 305, net $10053 not found.
[WARNING STA-1650] /home/ubuntu/GitHub/sky130-trng/.loom/worktrees/issue-236/sim/digital-electrical-repair/requests/.klt/place-and-route/trng_digital_route.spef line 313, net $10054 not found.
[WARNING STA-1650] /home/ubuntu/GitHub/sky130-trng/.loom/worktrees/issue-236/sim/digital-electrical-repair/requests/.klt/place-and-route/trng_digital_route.spef line 321, net $10055 not found.
[WARNING STA-1650] /home/ubuntu/GitHub/sky130-trng/.loom/worktrees/issue-236/sim/digital-electrical-repair/requests/.klt/place-and-route/trng_digital_route.spef line 332, net $10056 not found.
[WARNING STA-1650] /home/ubuntu/GitHub/sky130-trng/.loom/worktrees/issue-236/sim/digital-electrical-repair/requests/.klt/place-and-route/trng_digital_route.spef line 357, net $10057 not found.
[WARNING STA-1650] /home/ubuntu/GitHub/sky130-trng/.loom/worktrees/issue-236/sim/digital-electrical-repair/requests/.klt/place-and-route/trng_digital_route.spef line 379, net $10058 not found.
[WARNING STA-1650] /home/ubuntu/GitHub/sky130-trng/.loom/worktrees/issue-236/sim/digital-electrical-repair/requests/.klt/place-and-route/trng_digital_route.spef line 390, net $10059 not found.
[WARNING STA-1650] /home/ubuntu/GitHub/sky130-trng/.loom/worktrees/issue-236/sim/digital-electrical-repair/requests/.klt/place-and-route/trng_digital_route.spef line 405, net $1006 not found.
[WARNING STA-1650] /home/ubuntu/GitHub/sky130-trng/.loom/worktrees/issue-236/sim/digital-electrical-repair/requests/.klt/place-and-route/trng_digital_route.spef line 414, net $10060 not found.
[WARNING STA-1650] /home/ubuntu/GitHub/sky130-trng/.loom/worktrees/issue-236/sim/digital-electrical-repair/requests/.klt/place-and-route/trng_digital_route.spef line 427, net $10061 not found.
[WARNING STA-1650] /home/ubuntu/GitHub/sky130-trng/.loom/worktrees/issue-236/sim/digital-electrical-repair/requests/.klt/place-and-route/trng_digital_route.spef line 444, net $10062 not found.
[WARNING STA-1650] /home/ubuntu/GitHub/sky130-trng/.loom/worktrees/issue-236/sim/digital-electrical-repair/requests/.klt/place-and-route/trng_digital_route.spef line 455, net $10063 not found.
[WARNING STA-1650] /home/ubuntu/GitHub/sky130-trng/.loom/worktrees/issue-236/sim/digital-electrical-repair/requests/.klt/place-and-route/trng_digital_route.spef line 465, net $10064 not found.
[WARNING STA-1650] /home/ubuntu/GitHub/sky130-trng/.loom/worktrees/issue-236/sim/digital-electrical-repair/requests/.klt/place-and-route/trng_digital_route.spef line 474, net $10066 not found.
[WARNING STA-1650] /home/ubuntu/GitHub/sky130-trng/.loom/worktrees/issue-236/sim/digital-electrical-repair/requests/.klt/place-and-route/trng_digital_route.spef line 483, net $10067 not found.
[WARNING STA-1650] /home/ubuntu/GitHub/sky130-trng/.loom/worktrees/issue-236/sim/digital-electrical-repair/requests/.klt/place-and-route/trng_digital_route.spef line 494, net $10069 not found.
[WARNING STA-1650] /home/ubuntu/GitHub/sky130-trng/.loom/worktrees/issue-236/sim/digital-electrical-repair/requests/.klt/place-and-route/trng_digital_route.spef line 505, net $10071 not found.
[WARNING STA-1650] /home/ubuntu/GitHub/sky130-trng/.loom/worktrees/issue-236/sim/digital-electrical-repair/requests/.klt/place-and-route/trng_digital_route.spef line 514, net $10072 not found.
[WARNING STA-1650] /home/ubuntu/GitHub/sky130-trng/.loom/worktrees/issue-236/sim/digital-electrical-repair/requests/.klt/place-and-route/trng_digital_route.spef line 523, net $10073 not found.
[WARNING STA-1650] /home/ubuntu/GitHub/sky130-trng/.loom/worktrees/issue-236/sim/digital-electrical-repair/requests/.klt/place-and-route/trng_digital_route.spef line 535, net $10074 not found.
[WARNING STA-1650] /home/ubuntu/GitHub/sky130-trng/.loom/worktrees/issue-236/sim/digital-electrical-repair/requests/.klt/place-and-route/trng_digital_route.spef line 544, net $10076 not found.
[WARNING STA-1650] /home/ubuntu/GitHub/sky130-trng/.loom/worktrees/issue-236/sim/digital-electrical-repair/requests/.klt/place-and-route/trng_digital_route.spef line 552, net $10077 not found.
[WARNING STA-1650] /home/ubuntu/GitHub/sky130-trng/.loom/worktrees/issue-236/sim/digital-electrical-repair/requests/.klt/place-and-route/trng_digital_route.spef line 565, net $10078 not found.
[WARNING STA-1650] /home/ubuntu/GitHub/sky130-trng/.loom/worktrees/issue-236/sim/digital-electrical-repair/requests/.klt/place-and-route/trng_digital_route.spef line 577, net $10080 not found.
[WARNING STA-1650] /home/ubuntu/GitHub/sky130-trng/.loom/worktrees/issue-236/sim/digital-electrical-repair/requests/.klt/place-and-route/trng_digital_route.spef line 587, net $10081 not found.
[WARNING STA-1650] /home/ubuntu/GitHub/sky130-trng/.loom/worktrees/issue-236/sim/digital-electrical-repair/requests/.klt/place-and-route/trng_digital_route.spef line 609, net $10082 not found.
[WARNING STA-1650] /home/ubuntu/GitHub/sky130-trng/.loom/worktrees/issue-236/sim/digital-electrical-repair/requests/.klt/place-and-route/trng_digital_route.spef line 629, net $10084 not found.
[WARNING STA-1650] /home/ubuntu/GitHub/sky130-trng/.loom/worktrees/issue-236/sim/digital-electrical-repair/requests/.klt/place-and-route/trng_digital_route.spef line 640, net $10085 not found.
[WARNING STA-1650] /home/ubuntu/GitHub/sky130-trng/.loom/worktrees/issue-236/sim/digital-electrical-repair/requests/.klt/place-and-route/trng_digital_route.spef line 653, net $10086 not found.
[WARNING STA-1650] /home/ubuntu/GitHub/sky130-trng/.loom/worktrees/issue-236/sim/digital-electrical-repair/requests/.klt/place-and-route/trng_digital_route.spef line 667, net $10087 not found.
[WARNING STA-1650] /home/ubuntu/GitHub/sky130-trng/.loom/worktrees/issue-236/sim/digital-electrical-repair/requests/.klt/place-and-route/trng_digital_route.spef line 682, net $10088 not found.
[WARNING STA-1650] /home/ubuntu/GitHub/sky130-trng/.loom/worktrees/issue-236/sim/digital-electrical-repair/requests/.klt/place-and-route/trng_digital_route.spef line 697, net $10089 not found.
[WARNING STA-1650] /home/ubuntu/GitHub/sky130-trng/.loom/worktrees/issue-236/sim/digital-electrical-repair/requests/.klt/place-and-route/trng_digital_route.spef line 724, net $10090 not found.
[WARNING STA-1650] /home/ubuntu/GitHub/sky130-trng/.loom/worktrees/issue-236/sim/digital-electrical-repair/requests/.klt/place-and-route/trng_digital_route.spef line 748, net $10091 not found.
[WARNING STA-1650] /home/ubuntu/GitHub/sky130-trng/.loom/worktrees/issue-236/sim/digital-electrical-repair/requests/.klt/place-and-route/trng_digital_route.spef line 760, net $10092 not found.
[WARNING STA-1650] /home/ubuntu/GitHub/sky130-trng/.loom/worktrees/issue-236/sim/digital-electrical-repair/requests/.klt/place-and-route/trng_digital_route.spef line 774, net $10093 not found.
[WARNING STA-1650] /home/ubuntu/GitHub/sky130-trng/.loom/worktrees/issue-236/sim/digital-electrical-repair/requests/.klt/place-and-route/trng_digital_route.spef line 789, net $10094 not found.
[WARNING STA-1650] /home/ubuntu/GitHub/sky130-trng/.loom/worktrees/issue-236/sim/digital-electrical-repair/requests/.klt/place-and-route/trng_digital_route.spef line 804, net $10095 not found.
[WARNING STA-1650] /home/ubuntu/GitHub/sky130-trng/.loom/worktrees/issue-236/sim/digital-electrical-repair/requests/.klt/place-and-route/trng_digital_route.spef line 819, net $10097 not found.
[WARNING STA-1650] /home/ubuntu/GitHub/sky130-trng/.loom/worktrees/issue-236/sim/digital-electrical-repair/requests/.klt/place-and-route/trng_digital_route.spef line 843, net $10098 not found.
[WARNING STA-1650] /home/ubuntu/GitHub/sky130-trng/.loom/worktrees/issue-236/sim/digital-electrical-repair/requests/.klt/place-and-route/trng_digital_route.spef line 864, net $10099 not found.
[WARNING STA-1650] /home/ubuntu/GitHub/sky130-trng/.loom/worktrees/issue-236/sim/digital-electrical-repair/requests/.klt/place-and-route/trng_digital_route.spef line 874, net $10100 not found.
[WARNING STA-1650] /home/ubuntu/GitHub/sky130-trng/.loom/worktrees/issue-236/sim/digital-electrical-repair/requests/.klt/place-and-route/trng_digital_route.spef line 886, net $10101 not found.
[WARNING STA-1650] /home/ubuntu/GitHub/sky130-trng/.loom/worktrees/issue-236/sim/digital-electrical-repair/requests/.klt/place-and-route/trng_digital_route.spef line 899, net $10102 not found.
[WARNING STA-1650] /home/ubuntu/GitHub/sky130-trng/.loom/worktrees/issue-236/sim/digital-electrical-repair/requests/.klt/place-and-route/trng_digital_route.spef line 912, net $10103 not found.
[WARNING STA-1650] /home/ubuntu/GitHub/sky130-trng/.loom/worktrees/issue-236/sim/digital-electrical-repair/requests/.klt/place-and-route/trng_digital_route.spef line 926, net $10106 not found.
[WARNING STA-1650] /home/ubuntu/GitHub/sky130-trng/.loom/worktrees/issue-236/sim/digital-electrical-repair/requests/.klt/place-and-route/trng_digital_route.spef line 938, net $10109 not found.
[WARNING STA-1650] /home/ubuntu/GitHub/sky130-trng/.loom/worktrees/issue-236/sim/digital-electrical-repair/requests/.klt/place-and-route/trng_digital_route.spef line 964, net $10110 not found.
[WARNING STA-1650] /home/ubuntu/GitHub/sky130-trng/.loom/worktrees/issue-236/sim/digital-electrical-repair/requests/.klt/place-and-route/trng_digital_route.spef line 986, net $10111 not found.
[WARNING STA-1650] /home/ubuntu/GitHub/sky130-trng/.loom/worktrees/issue-236/sim/digital-electrical-repair/requests/.klt/place-and-route/trng_digital_route.spef line 999, net $10112 not found.
[WARNING STA-1650] /home/ubuntu/GitHub/sky130-trng/.loom/worktrees/issue-236/sim/digital-electrical-repair/requests/.klt/place-and-route/trng_digital_route.spef line 1016, net $10113 not found.
[WARNING STA-1650] /home/ubuntu/GitHub/sky130-trng/.loom/worktrees/issue-236/sim/digital-electrical-repair/requests/.klt/place-and-route/trng_digital_route.spef line 1030, net $10114 not found.
[WARNING STA-1650] /home/ubuntu/GitHub/sky130-trng/.loom/worktrees/issue-236/sim/digital-electrical-repair/requests/.klt/place-and-route/trng_digital_route.spef line 1049, net $10115 not found.
[WARNING STA-1650] /home/ubuntu/GitHub/sky130-trng/.loom/worktrees/issue-236/sim/digital-electrical-repair/requests/.klt/place-and-route/trng_digital_route.spef line 1063, net $10116 not found.
[WARNING STA-1650] /home/ubuntu/GitHub/sky130-trng/.loom/worktrees/issue-236/sim/digital-electrical-repair/requests/.klt/place-and-route/trng_digital_route.spef line 1077, net $10120 not found.
[WARNING STA-1650] /home/ubuntu/GitHub/sky130-trng/.loom/worktrees/issue-236/sim/digital-electrical-repair/requests/.klt/place-and-route/trng_digital_route.spef line 1094, net $10121 not found.
[WARNING STA-1650] /home/ubuntu/GitHub/sky130-trng/.loom/worktrees/issue-236/sim/digital-electrical-repair/requests/.klt/place-and-route/trng_digital_route.spef line 1117, net $10122 not found.
[WARNING STA-1650] /home/ubuntu/GitHub/sky130-trng/.loom/worktrees/issue-236/sim/digital-electrical-repair/requests/.klt/place-and-route/trng_digital_route.spef line 1138, net $10123 not found.
[WARNING STA-1650] /home/ubuntu/GitHub/sky130-trng/.loom/worktrees/issue-236/sim/digital-electrical-repair/requests/.klt/place-and-route/trng_digital_route.spef line 1150, net $10124 not found.
[WARNING STA-1650] /home/ubuntu/GitHub/sky130-trng/.loom/worktrees/issue-236/sim/digital-electrical-repair/requests/.klt/place-and-route/trng_digital_route.spef line 1163, net $10125 not found.
[WARNING STA-1650] /home/ubuntu/GitHub/sky130-trng/.loom/worktrees/issue-236/sim/digital-electrical-repair/requests/.klt/place-and-route/trng_digital_route.spef line 1177, net $10126 not found.
[WARNING STA-1650] /home/ubuntu/GitHub/sky130-trng/.loom/worktrees/issue-236/sim/digital-electrical-repair/requests/.klt/place-and-route/trng_digital_route.spef line 1191, net $10127 not found.
[WARNING STA-1650] /home/ubuntu/GitHub/sky130-trng/.loom/worktrees/issue-236/sim/digital-electrical-repair/requests/.klt/place-and-route/trng_digital_route.spef line 1206, net $10128 not found.
[WARNING STA-1650] /home/ubuntu/GitHub/sky130-trng/.loom/worktrees/issue-236/sim/digital-electrical-repair/requests/.klt/place-and-route/trng_digital_route.spef line 1222, net $10129 not found.
[WARNING STA-1650] /home/ubuntu/GitHub/sky130-trng/.loom/worktrees/issue-236/sim/digital-electrical-repair/requests/.klt/place-and-route/trng_digital_route.spef line 1240, net $10131 not found.
[WARNING STA-1650] /home/ubuntu/GitHub/sky130-trng/.loom/worktrees/issue-236/sim/digital-electrical-repair/requests/.klt/place-and-route/trng_digital_route.spef line 1256, net $10169 not found.
[WARNING STA-1650] /home/ubuntu/GitHub/sky130-trng/.loom/worktrees/issue-236/sim/digital-electrical-repair/requests/.klt/place-and-route/trng_digital_route.spef line 1264, net $10171 not found.
[WARNING STA-1650] /home/ubuntu/GitHub/sky130-trng/.loom/worktrees/issue-236/sim/digital-electrical-repair/requests/.klt/place-and-route/trng_digital_route.spef line 1272, net $10172 not found.
[WARNING STA-1650] /home/ubuntu/GitHub/sky130-trng/.loom/worktrees/issue-236/sim/digital-electrical-repair/requests/.klt/place-and-route/trng_digital_route.spef line 1281, net $10174 not found.
[WARNING STA-1650] /home/ubuntu/GitHub/sky130-trng/.loom/worktrees/issue-236/sim/digital-electrical-repair/requests/.klt/place-and-route/trng_digital_route.spef line 1289, net $10176 not found.
[WARNING STA-1650] /home/ubuntu/GitHub/sky130-trng/.loom/worktrees/issue-236/sim/digital-electrical-repair/requests/.klt/place-and-route/trng_digital_route.spef line 1301, net $10177 not found.
[WARNING STA-1650] /home/ubuntu/GitHub/sky130-trng/.loom/worktrees/issue-236/sim/digital-electrical-repair/requests/.klt/place-and-route/trng_digital_route.spef line 1310, net $10178 not found.
[WARNING STA-1650] /home/ubuntu/GitHub/sky130-trng/.loom/worktrees/issue-236/sim/digital-electrical-repair/requests/.klt/place-and-route/trng_digital_route.spef line 1319, net $10179 not found.
[WARNING STA-1650] /home/ubuntu/GitHub/sky130-trng/.loom/worktrees/issue-236/sim/digital-electrical-repair/requests/.klt/place-and-route/trng_digital_route.spef line 1328, net $10180 not found.
[WARNING STA-1650] /home/ubuntu/GitHub/sky130-trng/.loom/worktrees/issue-236/sim/digital-electrical-repair/requests/.klt/place-and-route/trng_digital_route.spef line 1338, net $10181 not found.
[WARNING STA-1650] /home/ubuntu/GitHub/sky130-trng/.loom/worktrees/issue-236/sim/digital-electrical-repair/requests/.klt/place-and-route/trng_digital_route.spef line 1347, net $10211 not found.
[WARNING STA-1650] /home/ubuntu/GitHub/sky130-trng/.loom/worktrees/issue-236/sim/digital-electrical-repair/requests/.klt/place-and-route/trng_digital_route.spef line 1356, net $10212 not found.
[WARNING STA-1650] /home/ubuntu/GitHub/sky130-trng/.loom/worktrees/issue-236/sim/digital-electrical-repair/requests/.klt/place-and-route/trng_digital_route.spef line 1366, net $10214 not found.
[WARNING STA-1650] /home/ubuntu/GitHub/sky130-trng/.loom/worktrees/issue-236/sim/digital-electrical-repair/requests/.klt/place-and-route/trng_digital_route.spef line 1391, net $10215 not found.
[WARNING STA-1650] /home/ubuntu/GitHub/sky130-trng/.loom/worktrees/issue-236/sim/digital-electrical-repair/requests/.klt/place-and-route/trng_digital_route.spef line 1414, net $10217 not found.
[WARNING STA-1650] /home/ubuntu/GitHub/sky130-trng/.loom/worktrees/issue-236/sim/digital-electrical-repair/requests/.klt/place-and-route/trng_digital_route.spef line 1424, net $10218 not found.
[WARNING STA-1650] /home/ubuntu/GitHub/sky130-trng/.loom/worktrees/issue-236/sim/digital-electrical-repair/requests/.klt/place-and-route/trng_digital_route.spef line 1436, net $10219 not found.
[WARNING STA-1650] /home/ubuntu/GitHub/sky130-trng/.loom/worktrees/issue-236/sim/digital-electrical-repair/requests/.klt/place-and-route/trng_digital_route.spef line 1445, net $10220 not found.
[WARNING STA-1650] /home/ubuntu/GitHub/sky130-trng/.loom/worktrees/issue-236/sim/digital-electrical-repair/requests/.klt/place-and-route/trng_digital_route.spef line 1458, net $10221 not found.
[WARNING STA-1650] /home/ubuntu/GitHub/sky130-trng/.loom/worktrees/issue-236/sim/digital-electrical-repair/requests/.klt/place-and-route/trng_digital_route.spef line 1472, net $10222 not found.
[WARNING STA-1650] /home/ubuntu/GitHub/sky130-trng/.loom/worktrees/issue-236/sim/digital-electrical-repair/requests/.klt/place-and-route/trng_digital_route.spef line 1487, net $10226 not found.
[WARNING STA-1650] /home/ubuntu/GitHub/sky130-trng/.loom/worktrees/issue-236/sim/digital-electrical-repair/requests/.klt/place-and-route/trng_digital_route.spef line 1503, net $10228 not found.
[WARNING STA-1650] /home/ubuntu/GitHub/sky130-trng/.loom/worktrees/issue-236/sim/digital-electrical-repair/requests/.klt/place-and-route/trng_digital_route.spef line 1513, net $10229 not found.
[WARNING STA-1650] /home/ubuntu/GitHub/sky130-trng/.loom/worktrees/issue-236/sim/digital-electrical-repair/requests/.klt/place-and-route/trng_digital_route.spef line 1523, net $10232 not found.
[WARNING STA-1650] /home/ubuntu/GitHub/sky130-trng/.loom/worktrees/issue-236/sim/digital-electrical-repair/requests/.klt/place-and-route/trng_digital_route.spef line 1541, net $10233 not found.
[WARNING STA-1650] /home/ubuntu/GitHub/sky130-trng/.loom/worktrees/issue-236/sim/digital-electrical-repair/requests/.klt/place-and-route/trng_digital_route.spef line 1551, net $10234 not found.
[WARNING STA-1650] /home/ubuntu/GitHub/sky130-trng/.loom/worktrees/issue-236/sim/digital-electrical-repair/requests/.klt/place-and-route/trng_digital_route.spef line 1561, net $10235 not found.
[WARNING STA-1650] /home/ubuntu/GitHub/sky130-trng/.loom/worktrees/issue-236/sim/digital-electrical-repair/requests/.klt/place-and-route/trng_digital_route.spef line 1572, net $10237 not found.
[WARNING STA-1650] /home/ubuntu/GitHub/sky130-trng/.loom/worktrees/issue-236/sim/digital-electrical-repair/requests/.klt/place-and-route/trng_digital_route.spef line 1591, net $10238 not found.
[WARNING STA-1650] /home/ubuntu/GitHub/sky130-trng/.loom/worktrees/issue-236/sim/digital-electrical-repair/requests/.klt/place-and-route/trng_digital_route.spef line 1605, net $10239 not found.
[WARNING STA-1650] /home/ubuntu/GitHub/sky130-trng/.loom/worktrees/issue-236/sim/digital-electrical-repair/requests/.klt/place-and-route/trng_digital_route.spef line 1632, net $10240 not found.
[WARNING STA-1650] /home/ubuntu/GitHub/sky130-trng/.loom/worktrees/issue-236/sim/digital-electrical-repair/requests/.klt/place-and-route/trng_digital_route.spef line 1653, net $10241 not found.
[WARNING STA-1650] /home/ubuntu/GitHub/sky130-trng/.loom/worktrees/issue-236/sim/digital-electrical-repair/requests/.klt/place-and-route/trng_digital_route.spef line 1665, net $10242 not found.
[WARNING STA-1650] /home/ubuntu/GitHub/sky130-trng/.loom/worktrees/issue-236/sim/digital-electrical-repair/requests/.klt/place-and-route/trng_digital_route.spef line 1682, net $10243 not found.
[WARNING STA-1650] /home/ubuntu/GitHub/sky130-trng/.loom/worktrees/issue-236/sim/digital-electrical-repair/requests/.klt/place-and-route/trng_digital_route.spef line 1696, net $10244 not found.
[WARNING STA-1650] /home/ubuntu/GitHub/sky130-trng/.loom/worktrees/issue-236/sim/digital-electrical-repair/requests/.klt/place-and-route/trng_digital_route.spef line 1713, net $10245 not found.
[WARNING STA-1650] /home/ubuntu/GitHub/sky130-trng/.loom/worktrees/issue-236/sim/digital-electrical-repair/requests/.klt/place-and-route/trng_digital_route.spef line 1725, net $10246 not found.
[WARNING STA-1650] /home/ubuntu/GitHub/sky130-trng/.loom/worktrees/issue-236/sim/digital-electrical-repair/requests/.klt/place-and-route/trng_digital_route.spef line 1737, net $10248 not found.
[WARNING STA-1650] /home/ubuntu/GitHub/sky130-trng/.loom/worktrees/issue-236/sim/digital-electrical-repair/requests/.klt/place-and-route/trng_digital_route.spef line 1758, net $10249 not found.
[WARNING STA-1650] /home/ubuntu/GitHub/sky130-trng/.loom/worktrees/issue-236/sim/digital-electrical-repair/requests/.klt/place-and-route/trng_digital_route.spef line 1777, net $10251 not found.
[WARNING STA-1650] /home/ubuntu/GitHub/sky130-trng/.loom/worktrees/issue-236/sim/digital-electrical-repair/requests/.klt/place-and-route/trng_digital_route.spef line 1788, net $10252 not found.
[WARNING STA-1650] /home/ubuntu/GitHub/sky130-trng/.loom/worktrees/issue-236/sim/digital-electrical-repair/requests/.klt/place-and-route/trng_digital_route.spef line 1801, net $10253 not found.
[WARNING STA-1650] /home/ubuntu/GitHub/sky130-trng/.loom/worktrees/issue-236/sim/digital-electrical-repair/requests/.klt/place-and-route/trng_digital_route.spef line 1810, net $10254 not found.
[WARNING STA-1650] /home/ubuntu/GitHub/sky130-trng/.loom/worktrees/issue-236/sim/digital-electrical-repair/requests/.klt/place-and-route/trng_digital_route.spef line 1824, net $10255 not found.
[WARNING STA-1650] /home/ubuntu/GitHub/sky130-trng/.loom/worktrees/issue-236/sim/digital-electrical-repair/requests/.klt/place-and-route/trng_digital_route.spef line 1838, net $10256 not found.
[WARNING STA-1650] /home/ubuntu/GitHub/sky130-trng/.loom/worktrees/issue-236/sim/digital-electrical-repair/requests/.klt/place-and-route/trng_digital_route.spef line 1853, net $10258 not found.
[WARNING STA-1650] /home/ubuntu/GitHub/sky130-trng/.loom/worktrees/issue-236/sim/digital-electrical-repair/requests/.klt/place-and-route/trng_digital_route.spef line 1869, net $10261 not found.
[WARNING STA-1650] /home/ubuntu/GitHub/sky130-trng/.loom/worktrees/issue-236/sim/digital-electrical-repair/requests/.klt/place-and-route/trng_digital_route.spef line 1880, net $10262 not found.
[WARNING STA-1650] /home/ubuntu/GitHub/sky130-trng/.loom/worktrees/issue-236/sim/digital-electrical-repair/requests/.klt/place-and-route/trng_digital_route.spef line 1893, net $10264 not found.
[WARNING STA-1650] /home/ubuntu/GitHub/sky130-trng/.loom/worktrees/issue-236/sim/digital-electrical-repair/requests/.klt/place-and-route/trng_digital_route.spef line 1919, net $10265 not found.
[WARNING STA-1650] /home/ubuntu/GitHub/sky130-trng/.loom/worktrees/issue-236/sim/digital-electrical-repair/requests/.klt/place-and-route/trng_digital_route.spef line 1943, net $10266 not found.
[WARNING STA-1650] /home/ubuntu/GitHub/sky130-trng/.loom/worktrees/issue-236/sim/digital-electrical-repair/requests/.klt/place-and-route/trng_digital_route.spef line 1954, net $10267 not found.
[WARNING STA-1650] /home/ubuntu/GitHub/sky130-trng/.loom/worktrees/issue-236/sim/digital-electrical-repair/requests/.klt/place-and-route/trng_digital_route.spef line 1967, net $10268 not found.
[WARNING STA-1650] /home/ubuntu/GitHub/sky130-trng/.loom/worktrees/issue-236/sim/digital-electrical-repair/requests/.klt/place-and-route/trng_digital_route.spef line 1976, net $10269 not found.
[WARNING STA-1650] /home/ubuntu/GitHub/sky130-trng/.loom/worktrees/issue-236/sim/digital-electrical-repair/requests/.klt/place-and-route/trng_digital_route.spef line 1989, net $10270 not found.
[WARNING STA-1650] /home/ubuntu/GitHub/sky130-trng/.loom/worktrees/issue-236/sim/digital-electrical-repair/requests/.klt/place-and-route/trng_digital_route.spef line 2002, net $10271 not found.
[WARNING STA-1650] /home/ubuntu/GitHub/sky130-trng/.loom/worktrees/issue-236/sim/digital-electrical-repair/requests/.klt/place-and-route/trng_digital_route.spef line 2016, net $10272 not found.
[WARNING STA-1650] /home/ubuntu/GitHub/sky130-trng/.loom/worktrees/issue-236/sim/digital-electrical-repair/requests/.klt/place-and-route/trng_digital_route.spef line 2041, net $10273 not found.
[WARNING STA-1650] /home/ubuntu/GitHub/sky130-trng/.loom/worktrees/issue-236/sim/digital-electrical-repair/requests/.klt/place-and-route/trng_digital_route.spef line 2064, net $10274 not found.
[WARNING STA-1650] /home/ubuntu/GitHub/sky130-trng/.loom/worktrees/issue-236/sim/digital-electrical-repair/requests/.klt/place-and-route/trng_digital_route.spef line 2076, net $10275 not found.
[WARNING STA-1650] /home/ubuntu/GitHub/sky130-trng/.loom/worktrees/issue-236/sim/digital-electrical-repair/requests/.klt/place-and-route/trng_digital_route.spef line 2090, net $10276 not found.
[WARNING STA-1650] /home/ubuntu/GitHub/sky130-trng/.loom/worktrees/issue-236/sim/digital-electrical-repair/requests/.klt/place-and-route/trng_digital_route.spef line 2100, net $10277 not found.
[WARNING STA-1650] /home/ubuntu/GitHub/sky130-trng/.loom/worktrees/issue-236/sim/digital-electrical-repair/requests/.klt/place-and-route/trng_digital_route.spef line 2114, net $10278 not found.
[WARNING STA-1650] /home/ubuntu/GitHub/sky130-trng/.loom/worktrees/issue-236/sim/digital-electrical-repair/requests/.klt/place-and-route/trng_digital_route.spef line 2129, net $10279 not found.
[WARNING STA-1650] /home/ubuntu/GitHub/sky130-trng/.loom/worktrees/issue-236/sim/digital-electrical-repair/requests/.klt/place-and-route/trng_digital_route.spef line 2145, net $10280 not found.
[WARNING STA-1650] /home/ubuntu/GitHub/sky130-trng/.loom/worktrees/issue-236/sim/digital-electrical-repair/requests/.klt/place-and-route/trng_digital_route.spef line 2172, net $10281 not found.
[WARNING STA-1650] /home/ubuntu/GitHub/sky130-trng/.loom/worktrees/issue-236/sim/digital-electrical-repair/requests/.klt/place-and-route/trng_digital_route.spef line 2197, net $10282 not found.
[WARNING STA-1650] /home/ubuntu/GitHub/sky130-trng/.loom/worktrees/issue-236/sim/digital-electrical-repair/requests/.klt/place-and-route/trng_digital_route.spef line 2208, net $10283 not found.
[WARNING STA-1650] /home/ubuntu/GitHub/sky130-trng/.loom/worktrees/issue-236/sim/digital-electrical-repair/requests/.klt/place-and-route/trng_digital_route.spef line 2222, net $10284 not found.
[WARNING STA-1650] /home/ubuntu/GitHub/sky130-trng/.loom/worktrees/issue-236/sim/digital-electrical-repair/requests/.klt/place-and-route/trng_digital_route.spef line 2232, net $10285 not found.
[WARNING STA-1650] /home/ubuntu/GitHub/sky130-trng/.loom/worktrees/issue-236/sim/digital-electrical-repair/requests/.klt/place-and-route/trng_digital_route.spef line 2246, net $10286 not found.
[WARNING STA-1650] /home/ubuntu/GitHub/sky130-trng/.loom/worktrees/issue-236/sim/digital-electrical-repair/requests/.klt/place-and-route/trng_digital_route.spef line 2260, net $10287 not found.
[WARNING STA-1650] /home/ubuntu/GitHub/sky130-trng/.loom/worktrees/issue-236/sim/digital-electrical-repair/requests/.klt/place-and-route/trng_digital_route.spef line 2275, net $10298 not found.
[WARNING STA-1650] /home/ubuntu/GitHub/sky130-trng/.loom/worktrees/issue-236/sim/digital-electrical-repair/requests/.klt/place-and-route/trng_digital_route.spef line 2287, net $10299 not found.
[WARNING STA-1650] /home/ubuntu/GitHub/sky130-trng/.loom/worktrees/issue-236/sim/digital-electrical-repair/requests/.klt/place-and-route/trng_digital_route.spef line 2298, net $10300 not found.
[WARNING STA-1650] /home/ubuntu/GitHub/sky130-trng/.loom/worktrees/issue-236/sim/digital-electrical-repair/requests/.klt/place-and-route/trng_digital_route.spef line 2312, net $10302 not found.
[WARNING STA-1650] /home/ubuntu/GitHub/sky130-trng/.loom/worktrees/issue-236/sim/digital-electrical-repair/requests/.klt/place-and-route/trng_digital_route.spef line 2324, net $10303 not found.
[WARNING STA-1650] /home/ubuntu/GitHub/sky130-trng/.loom/worktrees/issue-236/sim/digital-electrical-repair/requests/.klt/place-and-route/trng_digital_route.spef line 2338, net $10305 not found.
[WARNING STA-1650] /home/ubuntu/GitHub/sky130-trng/.loom/worktrees/issue-236/sim/digital-electrical-repair/requests/.klt/place-and-route/trng_digital_route.spef line 2351, net $10306 not found.
[WARNING STA-1650] /home/ubuntu/GitHub/sky130-trng/.loom/worktrees/issue-236/sim/digital-electrical-repair/requests/.klt/place-and-route/trng_digital_route.spef line 2365, net $10322 not found.
[WARNING STA-1650] /home/ubuntu/GitHub/sky130-trng/.loom/worktrees/issue-236/sim/digital-electrical-repair/requests/.klt/place-and-route/trng_digital_route.spef line 2374, net $10323 not found.
[WARNING STA-1650] /home/ubuntu/GitHub/sky130-trng/.loom/worktrees/issue-236/sim/digital-electrical-repair/requests/.klt/place-and-route/trng_digital_route.spef line 2382, net $10324 not found.
[WARNING STA-1650] /home/ubuntu/GitHub/sky130-trng/.loom/worktrees/issue-236/sim/digital-electrical-repair/requests/.klt/place-and-route/trng_digital_route.spef line 2391, net $10325 not found.
[WARNING STA-1650] /home/ubuntu/GitHub/sky130-trng/.loom/worktrees/issue-236/sim/digital-electrical-repair/requests/.klt/place-and-route/trng_digital_route.spef line 2399, net $10326 not found.
[WARNING STA-1650] /home/ubuntu/GitHub/sky130-trng/.loom/worktrees/issue-236/sim/digital-electrical-repair/requests/.klt/place-and-route/trng_digital_route.spef line 2408, net $10328 not found.
[WARNING STA-1650] /home/ubuntu/GitHub/sky130-trng/.loom/worktrees/issue-236/sim/digital-electrical-repair/requests/.klt/place-and-route/trng_digital_route.spef line 2419, net $10329 not found.
[WARNING STA-1650] /home/ubuntu/GitHub/sky130-trng/.loom/worktrees/issue-236/sim/digital-electrical-repair/requests/.klt/place-and-route/trng_digital_route.spef line 2428, net $10330 not found.
[WARNING STA-1650] /home/ubuntu/GitHub/sky130-trng/.loom/worktrees/issue-236/sim/digital-electrical-repair/requests/.klt/place-and-route/trng_digital_route.spef line 2438, net $10331 not found.
[WARNING STA-1650] /home/ubuntu/GitHub/sky130-trng/.loom/worktrees/issue-236/sim/digital-electrical-repair/requests/.klt/place-and-route/trng_digital_route.spef line 2447, net $10332 not found.
[WARNING STA-1650] /home/ubuntu/GitHub/sky130-trng/.loom/worktrees/issue-236/sim/digital-electrical-repair/requests/.klt/place-and-route/trng_digital_route.spef line 2455, net $10333 not found.
[WARNING STA-1650] /home/ubuntu/GitHub/sky130-trng/.loom/worktrees/issue-236/sim/digital-electrical-repair/requests/.klt/place-and-route/trng_digital_route.spef line 2465, net $10334 not found.
[WARNING STA-1650] /home/ubuntu/GitHub/sky130-trng/.loom/worktrees/issue-236/sim/digital-electrical-repair/requests/.klt/place-and-route/trng_digital_route.spef line 2475, net $10335 not found.
[WARNING STA-1650] /home/ubuntu/GitHub/sky130-trng/.loom/worktrees/issue-236/sim/digital-electrical-repair/requests/.klt/place-and-route/trng_digital_route.spef line 2485, net $10336 not found.
[WARNING STA-1650] /home/ubuntu/GitHub/sky130-trng/.loom/worktrees/issue-236/sim/digital-electrical-repair/requests/.klt/place-and-route/trng_digital_route.spef line 2494, net $10337 not found.
[WARNING STA-1650] /home/ubuntu/GitHub/sky130-trng/.loom/worktrees/issue-236/sim/digital-electrical-repair/requests/.klt/place-and-route/trng_digital_route.spef line 2504, net $10338 not found.
[WARNING STA-1650] /home/ubuntu/GitHub/sky130-trng/.loom/worktrees/issue-236/sim/digital-electrical-repair/requests/.klt/place-and-route/trng_digital_route.spef line 2513, net $10339 not found.
[WARNING STA-1650] /home/ubuntu/GitHub/sky130-trng/.loom/worktrees/issue-236/sim/digital-electrical-repair/requests/.klt/place-and-route/trng_digital_route.spef line 2524, net $10374 not found.
[WARNING STA-1650] /home/ubuntu/GitHub/sky130-trng/.loom/worktrees/issue-236/sim/digital-electrical-repair/requests/.klt/place-and-route/trng_digital_route.spef line 2548, net $10375 not found.
[WARNING STA-1650] /home/ubuntu/GitHub/sky130-trng/.loom/worktrees/issue-236/sim/digital-electrical-repair/requests/.klt/place-and-route/trng_digital_route.spef line 2569, net $10376 not found.
[WARNING STA-1650] /home/ubuntu/GitHub/sky130-trng/.loom/worktrees/issue-236/sim/digital-electrical-repair/requests/.klt/place-and-route/trng_digital_route.spef line 2580, net $10377 not found.
[WARNING STA-1650] /home/ubuntu/GitHub/sky130-trng/.loom/worktrees/issue-236/sim/digital-electrical-repair/requests/.klt/place-and-route/trng_digital_route.spef line 2593, net $10378 not found.
[WARNING STA-1650] /home/ubuntu/GitHub/sky130-trng/.loom/worktrees/issue-236/sim/digital-electrical-repair/requests/.klt/place-and-route/trng_digital_route.spef line 2607, net $10379 not found.
[WARNING STA-1650] /home/ubuntu/GitHub/sky130-trng/.loom/worktrees/issue-236/sim/digital-electrical-repair/requests/.klt/place-and-route/trng_digital_route.spef line 2621, net $1038 not found.
[WARNING STA-1650] /home/ubuntu/GitHub/sky130-trng/.loom/worktrees/issue-236/sim/digital-electrical-repair/requests/.klt/place-and-route/trng_digital_route.spef line 2630, net $10380 not found.
[WARNING STA-1650] /home/ubuntu/GitHub/sky130-trng/.loom/worktrees/issue-236/sim/digital-electrical-repair/requests/.klt/place-and-route/trng_digital_route.spef line 2645, net $10381 not found.
[WARNING STA-1650] /home/ubuntu/GitHub/sky130-trng/.loom/worktrees/issue-236/sim/digital-electrical-repair/requests/.klt/place-and-route/trng_digital_route.spef line 2662, net $10383 not found.
[WARNING STA-1650] /home/ubuntu/GitHub/sky130-trng/.loom/worktrees/issue-236/sim/digital-electrical-repair/requests/.klt/place-and-route/trng_digital_route.spef line 2672, net $10384 not found.
[WARNING STA-1650] /home/ubuntu/GitHub/sky130-trng/.loom/worktrees/issue-236/sim/digital-electrical-repair/requests/.klt/place-and-route/trng_digital_route.spef line 2682, net $10385 not found.
[WARNING STA-1650] /home/ubuntu/GitHub/sky130-trng/.loom/worktrees/issue-236/sim/digital-electrical-repair/requests/.klt/place-and-route/trng_digital_route.spef line 2695, net $10386 not found.
[WARNING STA-1650] /home/ubuntu/GitHub/sky130-trng/.loom/worktrees/issue-236/sim/digital-electrical-repair/requests/.klt/place-and-route/trng_digital_route.spef line 2704, net $10387 not found.
[WARNING STA-1650] /home/ubuntu/GitHub/sky130-trng/.loom/worktrees/issue-236/sim/digital-electrical-repair/requests/.klt/place-and-route/trng_digital_route.spef line 2714, net $10388 not found.
[WARNING STA-1650] /home/ubuntu/GitHub/sky130-trng/.loom/worktrees/issue-236/sim/digital-electrical-repair/requests/.klt/place-and-route/trng_digital_route.spef line 2726, net $1039 not found.
[WARNING STA-1650] /home/ubuntu/GitHub/sky130-trng/.loom/worktrees/issue-236/sim/digital-electrical-repair/requests/.klt/place-and-route/trng_digital_route.spef line 2734, net $10390 not found.
[WARNING STA-1650] /home/ubuntu/GitHub/sky130-trng/.loom/worktrees/issue-236/sim/digital-electrical-repair/requests/.klt/place-and-route/trng_digital_route.spef line 2744, net $10392 not found.
[WARNING STA-1650] /home/ubuntu/GitHub/sky130-trng/.loom/worktrees/issue-236/sim/digital-electrical-repair/requests/.klt/place-and-route/trng_digital_route.spef line 2752, net $10393 not found.
[WARNING STA-1650] /home/ubuntu/GitHub/sky130-trng/.loom/worktrees/issue-236/sim/digital-electrical-repair/requests/.klt/place-and-route/trng_digital_route.spef line 2762, net $10394 not found.
[WARNING STA-1650] /home/ubuntu/GitHub/sky130-trng/.loom/worktrees/issue-236/sim/digital-electrical-repair/requests/.klt/place-and-route/trng_digital_route.spef line 2786, net $10395 not found.
[WARNING STA-1650] /home/ubuntu/GitHub/sky130-trng/.loom/worktrees/issue-236/sim/digital-electrical-repair/requests/.klt/place-and-route/trng_digital_route.spef line 2808, net $10396 not found.
[WARNING STA-1650] /home/ubuntu/GitHub/sky130-trng/.loom/worktrees/issue-236/sim/digital-electrical-repair/requests/.klt/place-and-route/trng_digital_route.spef line 2819, net $10397 not found.
[WARNING STA-1650] /home/ubuntu/GitHub/sky130-trng/.loom/worktrees/issue-236/sim/digital-electrical-repair/requests/.klt/place-and-route/trng_digital_route.spef line 2834, net $10398 not found.
[WARNING STA-1650] /home/ubuntu/GitHub/sky130-trng/.loom/worktrees/issue-236/sim/digital-electrical-repair/requests/.klt/place-and-route/trng_digital_route.spef line 2847, net $10399 not found.
[WARNING STA-1650] /home/ubuntu/GitHub/sky130-trng/.loom/worktrees/issue-236/sim/digital-electrical-repair/requests/.klt/place-and-route/trng_digital_route.spef line 2864, net $10400 not found.
[WARNING STA-1650] /home/ubuntu/GitHub/sky130-trng/.loom/worktrees/issue-236/sim/digital-electrical-repair/requests/.klt/place-and-route/trng_digital_route.spef line 2876, net $10401 not found.
[WARNING STA-1650] /home/ubuntu/GitHub/sky130-trng/.loom/worktrees/issue-236/sim/digital-electrical-repair/requests/.klt/place-and-route/trng_digital_route.spef line 2889, net $10402 not found.
[WARNING STA-1650] /home/ubuntu/GitHub/sky130-trng/.loom/worktrees/issue-236/sim/digital-electrical-repair/requests/.klt/place-and-route/trng_digital_route.spef line 2910, net $10403 not found.
[WARNING STA-1650] /home/ubuntu/GitHub/sky130-trng/.loom/worktrees/issue-236/sim/digital-electrical-repair/requests/.klt/place-and-route/trng_digital_route.spef line 2929, net $10404 not found.
[WARNING STA-1650] /home/ubuntu/GitHub/sky130-trng/.loom/worktrees/issue-236/sim/digital-electrical-repair/requests/.klt/place-and-route/trng_digital_route.spef line 2940, net $10405 not found.
[WARNING STA-1650] /home/ubuntu/GitHub/sky130-trng/.loom/worktrees/issue-236/sim/digital-electrical-repair/requests/.klt/place-and-route/trng_digital_route.spef line 2954, net $10406 not found.
[WARNING STA-1650] /home/ubuntu/GitHub/sky130-trng/.loom/worktrees/issue-236/sim/digital-electrical-repair/requests/.klt/place-and-route/trng_digital_route.spef line 2968, net $10407 not found.
[WARNING STA-1650] /home/ubuntu/GitHub/sky130-trng/.loom/worktrees/issue-236/sim/digital-electrical-repair/requests/.klt/place-and-route/trng_digital_route.spef line 2983, net $10408 not found.
[WARNING STA-1650] /home/ubuntu/GitHub/sky130-trng/.loom/worktrees/issue-236/sim/digital-electrical-repair/requests/.klt/place-and-route/trng_digital_route.spef line 2999, net $1041 not found.
[WARNING STA-1650] /home/ubuntu/GitHub/sky130-trng/.loom/worktrees/issue-236/sim/digital-electrical-repair/requests/.klt/place-and-route/trng_digital_route.spef line 3010, net $10410 not found.
[WARNING STA-1650] /home/ubuntu/GitHub/sky130-trng/.loom/worktrees/issue-236/sim/digital-electrical-repair/requests/.klt/place-and-route/trng_digital_route.spef line 3020, net $10412 not found.
[WARNING STA-1650] /home/ubuntu/GitHub/sky130-trng/.loom/worktrees/issue-236/sim/digital-electrical-repair/requests/.klt/place-and-route/trng_digital_route.spef line 3030, net $10413 not found.
[WARNING STA-1650] /home/ubuntu/GitHub/sky130-trng/.loom/worktrees/issue-236/sim/digital-electrical-repair/requests/.klt/place-and-route/trng_digital_route.spef line 3044, net $10415 not found.
[WARNING STA-1650] /home/ubuntu/GitHub/sky130-trng/.loom/worktrees/issue-236/sim/digital-electrical-repair/requests/.klt/place-and-route/trng_digital_route.spef line 3054, net $10416 not found.
[WARNING STA-1650] /home/ubuntu/GitHub/sky130-trng/.loom/worktrees/issue-236/sim/digital-electrical-repair/requests/.klt/place-and-route/trng_digital_route.spef line 3063, net $10417 not found.
[WARNING STA-1650] /home/ubuntu/GitHub/sky130-trng/.loom/worktrees/issue-236/sim/digital-electrical-repair/requests/.klt/place-and-route/trng_digital_route.spef line 3077, net $10418 not found.
[WARNING STA-1650] /home/ubuntu/GitHub/sky130-trng/.loom/worktrees/issue-236/sim/digital-electrical-repair/requests/.klt/place-and-route/trng_digital_route.spef line 3099, net $10419 not found.
[WARNING STA-1650] /home/ubuntu/GitHub/sky130-trng/.loom/worktrees/issue-236/sim/digital-electrical-repair/requests/.klt/place-and-route/trng_digital_route.spef line 3118, net $1042 not found.
[WARNING STA-1650] /home/ubuntu/GitHub/sky130-trng/.loom/worktrees/issue-236/sim/digital-electrical-repair/requests/.klt/place-and-route/trng_digital_route.spef line 3128, net $10420 not found.
[WARNING STA-1650] /home/ubuntu/GitHub/sky130-trng/.loom/worktrees/issue-236/sim/digital-electrical-repair/requests/.klt/place-and-route/trng_digital_route.spef line 3139, net $10421 not found.
[WARNING STA-1650] /home/ubuntu/GitHub/sky130-trng/.loom/worktrees/issue-236/sim/digital-electrical-repair/requests/.klt/place-and-route/trng_digital_route.spef line 3155, net $10422 not found.
[WARNING STA-1650] /home/ubuntu/GitHub/sky130-trng/.loom/worktrees/issue-236/sim/digital-electrical-repair/requests/.klt/place-and-route/trng_digital_route.spef line 3169, net $10423 not found.
[WARNING STA-1650] /home/ubuntu/GitHub/sky130-trng/.loom/worktrees/issue-236/sim/digital-electrical-repair/requests/.klt/place-and-route/trng_digital_route.spef line 3187, net $10424 not found.
[WARNING STA-1650] /home/ubuntu/GitHub/sky130-trng/.loom/worktrees/issue-236/sim/digital-electrical-repair/requests/.klt/place-and-route/trng_digital_route.spef line 3199, net $10425 not found.
[WARNING STA-1650] /home/ubuntu/GitHub/sky130-trng/.loom/worktrees/issue-236/sim/digital-electrical-repair/requests/.klt/place-and-route/trng_digital_route.spef line 3211, net $10429 not found.
[WARNING STA-1650] /home/ubuntu/GitHub/sky130-trng/.loom/worktrees/issue-236/sim/digital-electrical-repair/requests/.klt/place-and-route/trng_digital_route.spef line 3234, net $1043 not found.
[WARNING STA-1650] /home/ubuntu/GitHub/sky130-trng/.loom/worktrees/issue-236/sim/digital-electrical-repair/requests/.klt/place-and-route/trng_digital_route.spef line 3243, net $10430 not found.
[WARNING STA-1650] /home/ubuntu/GitHub/sky130-trng/.loom/worktrees/issue-236/sim/digital-electrical-repair/requests/.klt/place-and-route/trng_digital_route.spef line 3264, net $10431 not found.
[WARNING STA-1650] /home/ubuntu/GitHub/sky130-trng/.loom/worktrees/issue-236/sim/digital-electrical-repair/requests/.klt/place-and-route/trng_digital_route.spef line 3276, net $10432 not found.
[WARNING STA-1650] /home/ubuntu/GitHub/sky130-trng/.loom/worktrees/issue-236/sim/digital-electrical-repair/requests/.klt/place-and-route/trng_digital_route.spef line 3290, net $10433 not found.
[WARNING STA-1650] /home/ubuntu/GitHub/sky130-trng/.loom/worktrees/issue-236/sim/digital-electrical-repair/requests/.klt/place-and-route/trng_digital_route.spef line 3304, net $10434 not found.
[WARNING STA-1650] /home/ubuntu/GitHub/sky130-trng/.loom/worktrees/issue-236/sim/digital-electrical-repair/requests/.klt/place-and-route/trng_digital_route.spef line 3318, net $10435 not found.
[WARNING STA-1650] /home/ubuntu/GitHub/sky130-trng/.loom/worktrees/issue-236/sim/digital-electrical-repair/requests/.klt/place-and-route/trng_digital_route.spef line 3334, net $10436 not found.
[WARNING STA-1650] /home/ubuntu/GitHub/sky130-trng/.loom/worktrees/issue-236/sim/digital-electrical-repair/requests/.klt/place-and-route/trng_digital_route.spef line 3352, net $1044 not found.
[WARNING STA-1650] /home/ubuntu/GitHub/sky130-trng/.loom/worktrees/issue-236/sim/digital-electrical-repair/requests/.klt/place-and-route/trng_digital_route.spef line 3363, net $10443 not found.
[WARNING STA-1650] /home/ubuntu/GitHub/sky130-trng/.loom/worktrees/issue-236/sim/digital-electrical-repair/requests/.klt/place-and-route/trng_digital_route.spef line 3376, net $1045 not found.
[WARNING STA-1650] /home/ubuntu/GitHub/sky130-trng/.loom/worktrees/issue-236/sim/digital-electrical-repair/requests/.klt/place-and-route/trng_digital_route.spef line 3388, net $10482 not found.
[WARNING STA-1650] /home/ubuntu/GitHub/sky130-trng/.loom/worktrees/issue-236/sim/digital-electrical-repair/requests/.klt/place-and-route/trng_digital_route.spef line 3397, net $10484 not found.
[WARNING STA-1650] /home/ubuntu/GitHub/sky130-trng/.loom/worktrees/issue-236/sim/digital-electrical-repair/requests/.klt/place-and-route/trng_digital_route.spef line 3407, net $10485 not found.
[WARNING STA-1650] /home/ubuntu/GitHub/sky130-trng/.loom/worktrees/issue-236/sim/digital-electrical-repair/requests/.klt/place-and-route/trng_digital_route.spef line 3416, net $10486 not found.
[WARNING STA-1650] /home/ubuntu/GitHub/sky130-trng/.loom/worktrees/issue-236/sim/digital-electrical-repair/requests/.klt/place-and-route/trng_digital_route.spef line 3426, net $10487 not found.
[WARNING STA-1650] /home/ubuntu/GitHub/sky130-trng/.loom/worktrees/issue-236/sim/digital-electrical-repair/requests/.klt/place-and-route/trng_digital_route.spef line 3434, net $10488 not found.
[WARNING STA-1650] /home/ubuntu/GitHub/sky130-trng/.loom/worktrees/issue-236/sim/digital-electrical-repair/requests/.klt/place-and-route/trng_digital_route.spef line 3444, net $10490 not found.
[WARNING STA-1650] /home/ubuntu/GitHub/sky130-trng/.loom/worktrees/issue-236/sim/digital-electrical-repair/requests/.klt/place-and-route/trng_digital_route.spef line 3455, net $10491 not found.
[WARNING STA-1650] /home/ubuntu/GitHub/sky130-trng/.loom/worktrees/issue-236/sim/digital-electrical-repair/requests/.klt/place-and-route/trng_digital_route.spef line 3465, net $10492 not found.
[WARNING STA-1650] /home/ubuntu/GitHub/sky130-trng/.loom/worktrees/issue-236/sim/digital-electrical-repair/requests/.klt/place-and-route/trng_digital_route.spef line 3474, net $10495 not found.
[WARNING STA-1650] /home/ubuntu/GitHub/sky130-trng/.loom/worktrees/issue-236/sim/digital-electrical-repair/requests/.klt/place-and-route/trng_digital_route.spef line 3484, net $10496 not found.
[WARNING STA-1650] /home/ubuntu/GitHub/sky130-trng/.loom/worktrees/issue-236/sim/digital-electrical-repair/requests/.klt/place-and-route/trng_digital_route.spef line 3494, net $10497 not found.
[WARNING STA-1650] /home/ubuntu/GitHub/sky130-trng/.loom/worktrees/issue-236/sim/digital-electrical-repair/requests/.klt/place-and-route/trng_digital_route.spef line 3503, net $10498 not found.
[WARNING STA-1650] /home/ubuntu/GitHub/sky130-trng/.loom/worktrees/issue-236/sim/digital-electrical-repair/requests/.klt/place-and-route/trng_digital_route.spef line 3514, net $10499 not found.
[WARNING STA-1650] /home/ubuntu/GitHub/sky130-trng/.loom/worktrees/issue-236/sim/digital-electrical-repair/requests/.klt/place-and-route/trng_digital_route.spef line 3524, net $105 not found.
[WARNING STA-1650] /home/ubuntu/GitHub/sky130-trng/.loom/worktrees/issue-236/sim/digital-electrical-repair/requests/.klt/place-and-route/trng_digital_route.spef line 3539, net $10523 not found.
[WARNING STA-1650] /home/ubuntu/GitHub/sky130-trng/.loom/worktrees/issue-236/sim/digital-electrical-repair/requests/.klt/place-and-route/trng_digital_route.spef line 3561, net $10524 not found.
[WARNING STA-1650] /home/ubuntu/GitHub/sky130-trng/.loom/worktrees/issue-236/sim/digital-electrical-repair/requests/.klt/place-and-route/trng_digital_route.spef line 3581, net $10525 not found.
[WARNING STA-1650] /home/ubuntu/GitHub/sky130-trng/.loom/worktrees/issue-236/sim/digital-electrical-repair/requests/.klt/place-and-route/trng_digital_route.spef line 3591, net $10526 not found.
[WARNING STA-1650] /home/ubuntu/GitHub/sky130-trng/.loom/worktrees/issue-236/sim/digital-electrical-repair/requests/.klt/place-and-route/trng_digital_route.spef line 3603, net $10527 not found.
[WARNING STA-1650] /home/ubuntu/GitHub/sky130-trng/.loom/worktrees/issue-236/sim/digital-electrical-repair/requests/.klt/place-and-route/trng_digital_route.spef line 3612, net $10528 not found.
[WARNING STA-1650] /home/ubuntu/GitHub/sky130-trng/.loom/worktrees/issue-236/sim/digital-electrical-repair/requests/.klt/place-and-route/trng_digital_route.spef line 3625, net $10529 not found.
[WARNING STA-1650] /home/ubuntu/GitHub/sky130-trng/.loom/worktrees/issue-236/sim/digital-electrical-repair/requests/.klt/place-and-route/trng_digital_route.spef line 3639, net $10530 not found.
[WARNING STA-1650] /home/ubuntu/GitHub/sky130-trng/.loom/worktrees/issue-236/sim/digital-electrical-repair/requests/.klt/place-and-route/trng_digital_route.spef line 3655, net $10531 not found.
[WARNING STA-1650] /home/ubuntu/GitHub/sky130-trng/.loom/worktrees/issue-236/sim/digital-electrical-repair/requests/.klt/place-and-route/trng_digital_route.spef line 3666, net $10532 not found.
[WARNING STA-1650] /home/ubuntu/GitHub/sky130-trng/.loom/worktrees/issue-236/sim/digital-electrical-repair/requests/.klt/place-and-route/trng_digital_route.spef line 3691, net $10533 not found.
[WARNING STA-1650] /home/ubuntu/GitHub/sky130-trng/.loom/worktrees/issue-236/sim/digital-electrical-repair/requests/.klt/place-and-route/trng_digital_route.spef line 3713, net $10535 not found.
[WARNING STA-1650] /home/ubuntu/GitHub/sky130-trng/.loom/worktrees/issue-236/sim/digital-electrical-repair/requests/.klt/place-and-route/trng_digital_route.spef line 3725, net $10536 not found.
[WARNING STA-1650] /home/ubuntu/GitHub/sky130-trng/.loom/worktrees/issue-236/sim/digital-electrical-repair/requests/.klt/place-and-route/trng_digital_route.spef line 3739, net $10537 not found.
[WARNING STA-1650] /home/ubuntu/GitHub/sky130-trng/.loom/worktrees/issue-236/sim/digital-electrical-repair/requests/.klt/place-and-route/trng_digital_route.spef line 3749, net $10538 not found.
[WARNING STA-1650] /home/ubuntu/GitHub/sky130-trng/.loom/worktrees/issue-236/sim/digital-electrical-repair/requests/.klt/place-and-route/trng_digital_route.spef line 3763, net $10539 not found.
[WARNING STA-1650] /home/ubuntu/GitHub/sky130-trng/.loom/worktrees/issue-236/sim/digital-electrical-repair/requests/.klt/place-and-route/trng_digital_route.spef line 3777, net $10540 not found.
[WARNING STA-1650] /home/ubuntu/GitHub/sky130-trng/.loom/worktrees/issue-236/sim/digital-electrical-repair/requests/.klt/place-and-route/trng_digital_route.spef line 3793, net $10543 not found.
[WARNING STA-1650] /home/ubuntu/GitHub/sky130-trng/.loom/worktrees/issue-236/sim/digital-electrical-repair/requests/.klt/place-and-route/trng_digital_route.spef line 3817, net $10544 not found.
[WARNING STA-1650] /home/ubuntu/GitHub/sky130-trng/.loom/worktrees/issue-236/sim/digital-electrical-repair/requests/.klt/place-and-route/trng_digital_route.spef line 3839, net $10546 not found.
[WARNING STA-1650] /home/ubuntu/GitHub/sky130-trng/.loom/worktrees/issue-236/sim/digital-electrical-repair/requests/.klt/place-and-route/trng_digital_route.spef line 3849, net $10547 not found.
[WARNING STA-1650] /home/ubuntu/GitHub/sky130-trng/.loom/worktrees/issue-236/sim/digital-electrical-repair/requests/.klt/place-and-route/trng_digital_route.spef line 3861, net $10548 not found.
[WARNING STA-1650] /home/ubuntu/GitHub/sky130-trng/.loom/worktrees/issue-236/sim/digital-electrical-repair/requests/.klt/place-and-route/trng_digital_route.spef line 3870, net $10549 not found.
[WARNING STA-1650] /home/ubuntu/GitHub/sky130-trng/.loom/worktrees/issue-236/sim/digital-electrical-repair/requests/.klt/place-and-route/trng_digital_route.spef line 3883, net $10550 not found.
[WARNING STA-1650] /home/ubuntu/GitHub/sky130-trng/.loom/worktrees/issue-236/sim/digital-electrical-repair/requests/.klt/place-and-route/trng_digital_route.spef line 3897, net $10551 not found.
[WARNING STA-1650] /home/ubuntu/GitHub/sky130-trng/.loom/worktrees/issue-236/sim/digital-electrical-repair/requests/.klt/place-and-route/trng_digital_route.spef line 3912, net $10553 not found.
[WARNING STA-1650] /home/ubuntu/GitHub/sky130-trng/.loom/worktrees/issue-236/sim/digital-electrical-repair/requests/.klt/place-and-route/trng_digital_route.spef line 3937, net $10554 not found.
[WARNING STA-1650] /home/ubuntu/GitHub/sky130-trng/.loom/worktrees/issue-236/sim/digital-electrical-repair/requests/.klt/place-and-route/trng_digital_route.spef line 3959, net $10556 not found.
[WARNING STA-1650] /home/ubuntu/GitHub/sky130-trng/.loom/worktrees/issue-236/sim/digital-electrical-repair/requests/.klt/place-and-route/trng_digital_route.spef line 3970, net $10557 not found.
[WARNING STA-1650] /home/ubuntu/GitHub/sky130-trng/.loom/worktrees/issue-236/sim/digital-electrical-repair/requests/.klt/place-and-route/trng_digital_route.spef line 3983, net $10558 not found.
[WARNING STA-1650] /home/ubuntu/GitHub/sky130-trng/.loom/worktrees/issue-236/sim/digital-electrical-repair/requests/.klt/place-and-route/trng_digital_route.spef line 3992, net $10559 not found.
[WARNING STA-1650] /home/ubuntu/GitHub/sky130-trng/.loom/worktrees/issue-236/sim/digital-electrical-repair/requests/.klt/place-and-route/trng_digital_route.spef line 4005, net $10560 not found.
[WARNING STA-1650] /home/ubuntu/GitHub/sky130-trng/.loom/worktrees/issue-236/sim/digital-electrical-repair/requests/.klt/place-and-route/trng_digital_route.spef line 4018, net $10561 not found.
[WARNING STA-1650] /home/ubuntu/GitHub/sky130-trng/.loom/worktrees/issue-236/sim/digital-electrical-repair/requests/.klt/place-and-route/trng_digital_route.spef line 4033, net $10563 not found.
[WARNING STA-1650] /home/ubuntu/GitHub/sky130-trng/.loom/worktrees/issue-236/sim/digital-electrical-repair/requests/.klt/place-and-route/trng_digital_route.spef line 4057, net $10564 not found.
[WARNING STA-1650] /home/ubuntu/GitHub/sky130-trng/.loom/worktrees/issue-236/sim/digital-electrical-repair/requests/.klt/place-and-route/trng_digital_route.spef line 4079, net $10565 not found.
[WARNING STA-1650] /home/ubuntu/GitHub/sky130-trng/.loom/worktrees/issue-236/sim/digital-electrical-repair/requests/.klt/place-and-route/trng_digital_route.spef line 4090, net $10566 not found.
[WARNING STA-1650] /home/ubuntu/GitHub/sky130-trng/.loom/worktrees/issue-236/sim/digital-electrical-repair/requests/.klt/place-and-route/trng_digital_route.spef line 4103, net $10567 not found.
[WARNING STA-1650] /home/ubuntu/GitHub/sky130-trng/.loom/worktrees/issue-236/sim/digital-electrical-repair/requests/.klt/place-and-route/trng_digital_route.spef line 4112, net $10568 not found.
[WARNING STA-1650] /home/ubuntu/GitHub/sky130-trng/.loom/worktrees/issue-236/sim/digital-electrical-repair/requests/.klt/place-and-route/trng_digital_route.spef line 4125, net $10569 not found.
[WARNING STA-1650] /home/ubuntu/GitHub/sky130-trng/.loom/worktrees/issue-236/sim/digital-electrical-repair/requests/.klt/place-and-route/trng_digital_route.spef line 4139, net $10570 not found.
[WARNING STA-1650] /home/ubuntu/GitHub/sky130-trng/.loom/worktrees/issue-236/sim/digital-electrical-repair/requests/.klt/place-and-route/trng_digital_route.spef line 4154, net $10571 not found.
[WARNING STA-1650] /home/ubuntu/GitHub/sky130-trng/.loom/worktrees/issue-236/sim/digital-electrical-repair/requests/.klt/place-and-route/trng_digital_route.spef line 4177, net $10572 not found.
[WARNING STA-1650] /home/ubuntu/GitHub/sky130-trng/.loom/worktrees/issue-236/sim/digital-electrical-repair/requests/.klt/place-and-route/trng_digital_route.spef line 4198, net $10573 not found.
[WARNING STA-1650] /home/ubuntu/GitHub/sky130-trng/.loom/worktrees/issue-236/sim/digital-electrical-repair/requests/.klt/place-and-route/trng_digital_route.spef line 4209, net $10574 not found.
[WARNING STA-1650] /home/ubuntu/GitHub/sky130-trng/.loom/worktrees/issue-236/sim/digital-electrical-repair/requests/.klt/place-and-route/trng_digital_route.spef line 4222, net $10575 not found.
[WARNING STA-1650] /home/ubuntu/GitHub/sky130-trng/.loom/worktrees/issue-236/sim/digital-electrical-repair/requests/.klt/place-and-route/trng_digital_route.spef line 4232, net $10576 not found.
[WARNING STA-1650] /home/ubuntu/GitHub/sky130-trng/.loom/worktrees/issue-236/sim/digital-electrical-repair/requests/.klt/place-and-route/trng_digital_route.spef line 4246, net $10577 not found.
[WARNING STA-1650] /home/ubuntu/GitHub/sky130-trng/.loom/worktrees/issue-236/sim/digital-electrical-repair/requests/.klt/place-and-route/trng_digital_route.spef line 4261, net $10578 not found.
[WARNING STA-1650] /home/ubuntu/GitHub/sky130-trng/.loom/worktrees/issue-236/sim/digital-electrical-repair/requests/.klt/place-and-route/trng_digital_route.spef line 4277, net $10579 not found.
[WARNING STA-1650] /home/ubuntu/GitHub/sky130-trng/.loom/worktrees/issue-236/sim/digital-electrical-repair/requests/.klt/place-and-route/trng_digital_route.spef line 4305, net $10580 not found.
[WARNING STA-1650] /home/ubuntu/GitHub/sky130-trng/.loom/worktrees/issue-236/sim/digital-electrical-repair/requests/.klt/place-and-route/trng_digital_route.spef line 4330, net $10582 not found.
[WARNING STA-1650] /home/ubuntu/GitHub/sky130-trng/.loom/worktrees/issue-236/sim/digital-electrical-repair/requests/.klt/place-and-route/trng_digital_route.spef line 4342, net $10583 not found.
[WARNING STA-1650] /home/ubuntu/GitHub/sky130-trng/.loom/worktrees/issue-236/sim/digital-electrical-repair/requests/.klt/place-and-route/trng_digital_route.spef line 4356, net $10584 not found.
[WARNING STA-1650] /home/ubuntu/GitHub/sky130-trng/.loom/worktrees/issue-236/sim/digital-electrical-repair/requests/.klt/place-and-route/trng_digital_route.spef line 4365, net $10585 not found.
[WARNING STA-1650] /home/ubuntu/GitHub/sky130-trng/.loom/worktrees/issue-236/sim/digital-electrical-repair/requests/.klt/place-and-route/trng_digital_route.spef line 4380, net $10586 not found.
[WARNING STA-1650] /home/ubuntu/GitHub/sky130-trng/.loom/worktrees/issue-236/sim/digital-electrical-repair/requests/.klt/place-and-route/trng_digital_route.spef line 4394, net $10587 not found.
[WARNING STA-1650] /home/ubuntu/GitHub/sky130-trng/.loom/worktrees/issue-236/sim/digital-electrical-repair/requests/.klt/place-and-route/trng_digital_route.spef line 4409, net $10589 not found.
[WARNING STA-1650] /home/ubuntu/GitHub/sky130-trng/.loom/worktrees/issue-236/sim/digital-electrical-repair/requests/.klt/place-and-route/trng_digital_route.spef line 4419, net $10592 not found.
[WARNING STA-1650] /home/ubuntu/GitHub/sky130-trng/.loom/worktrees/issue-236/sim/digital-electrical-repair/requests/.klt/place-and-route/trng_digital_route.spef line 4435, net $10593 not found.
[WARNING STA-1650] /home/ubuntu/GitHub/sky130-trng/.loom/worktrees/issue-236/sim/digital-electrical-repair/requests/.klt/place-and-route/trng_digital_route.spef line 4455, net $10594 not found.
[WARNING STA-1650] /home/ubuntu/GitHub/sky130-trng/.loom/worktrees/issue-236/sim/digital-electrical-repair/requests/.klt/place-and-route/trng_digital_route.spef line 4473, net $10596 not found.
[WARNING STA-1650] /home/ubuntu/GitHub/sky130-trng/.loom/worktrees/issue-236/sim/digital-electrical-repair/requests/.klt/place-and-route/trng_digital_route.spef line 4494, net $10597 not found.
[WARNING STA-1650] /home/ubuntu/GitHub/sky130-trng/.loom/worktrees/issue-236/sim/digital-electrical-repair/requests/.klt/place-and-route/trng_digital_route.spef line 4512, net $10598 not found.
[WARNING STA-1650] /home/ubuntu/GitHub/sky130-trng/.loom/worktrees/issue-236/sim/digital-electrical-repair/requests/.klt/place-and-route/trng_digital_route.spef line 4522, net $10599 not found.
[WARNING STA-1650] /home/ubuntu/GitHub/sky130-trng/.loom/worktrees/issue-236/sim/digital-electrical-repair/requests/.klt/place-and-route/trng_digital_route.spef line 4534, net $10600 not found.
[WARNING STA-1650] /home/ubuntu/GitHub/sky130-trng/.loom/worktrees/issue-236/sim/digital-electrical-repair/requests/.klt/place-and-route/trng_digital_route.spef line 4543, net $10601 not found.
[WARNING STA-1650] /home/ubuntu/GitHub/sky130-trng/.loom/worktrees/issue-236/sim/digital-electrical-repair/requests/.klt/place-and-route/trng_digital_route.spef line 4556, net $10602 not found.
[WARNING STA-1650] /home/ubuntu/GitHub/sky130-trng/.loom/worktrees/issue-236/sim/digital-electrical-repair/requests/.klt/place-and-route/trng_digital_route.spef line 4569, net $10603 not found.
[WARNING STA-1650] /home/ubuntu/GitHub/sky130-trng/.loom/worktrees/issue-236/sim/digital-electrical-repair/requests/.klt/place-and-route/trng_digital_route.spef line 4583, net $10604 not found.
[WARNING STA-1650] /home/ubuntu/GitHub/sky130-trng/.loom/worktrees/issue-236/sim/digital-electrical-repair/requests/.klt/place-and-route/trng_digital_route.spef line 4597, net $10607 not found.
[WARNING STA-1650] /home/ubuntu/GitHub/sky130-trng/.loom/worktrees/issue-236/sim/digital-electrical-repair/requests/.klt/place-and-route/trng_digital_route.spef line 4607, net $10608 not found.
[WARNING STA-1650] /home/ubuntu/GitHub/sky130-trng/.loom/worktrees/issue-236/sim/digital-electrical-repair/requests/.klt/place-and-route/trng_digital_route.spef line 4618, net $10609 not found.
[WARNING STA-1650] /home/ubuntu/GitHub/sky130-trng/.loom/worktrees/issue-236/sim/digital-electrical-repair/requests/.klt/place-and-route/trng_digital_route.spef line 4629, net $10610 not found.
[WARNING STA-1650] /home/ubuntu/GitHub/sky130-trng/.loom/worktrees/issue-236/sim/digital-electrical-repair/requests/.klt/place-and-route/trng_digital_route.spef line 4650, net $10611 not found.
[WARNING STA-1650] /home/ubuntu/GitHub/sky130-trng/.loom/worktrees/issue-236/sim/digital-electrical-repair/requests/.klt/place-and-route/trng_digital_route.spef line 4669, net $10612 not found.
[WARNING STA-1650] /home/ubuntu/GitHub/sky130-trng/.loom/worktrees/issue-236/sim/digital-electrical-repair/requests/.klt/place-and-route/trng_digital_route.spef line 4680, net $10613 not found.
[WARNING STA-1650] /home/ubuntu/GitHub/sky130-trng/.loom/worktrees/issue-236/sim/digital-electrical-repair/requests/.klt/place-and-route/trng_digital_route.spef line 4693, net $10614 not found.
[WARNING STA-1650] /home/ubuntu/GitHub/sky130-trng/.loom/worktrees/issue-236/sim/digital-electrical-repair/requests/.klt/place-and-route/trng_digital_route.spef line 4703, net $10615 not found.
[WARNING STA-1650] /home/ubuntu/GitHub/sky130-trng/.loom/worktrees/issue-236/sim/digital-electrical-repair/requests/.klt/place-and-route/trng_digital_route.spef line 4716, net $10616 not found.
[WARNING STA-1650] /home/ubuntu/GitHub/sky130-trng/.loom/worktrees/issue-236/sim/digital-electrical-repair/requests/.klt/place-and-route/trng_digital_route.spef line 4729, net $10617 not found.
[WARNING STA-1650] /home/ubuntu/GitHub/sky130-trng/.loom/worktrees/issue-236/sim/digital-electrical-repair/requests/.klt/place-and-route/trng_digital_route.spef line 4743, net $10618 not found.
[WARNING STA-1650] /home/ubuntu/GitHub/sky130-trng/.loom/worktrees/issue-236/sim/digital-electrical-repair/requests/.klt/place-and-route/trng_digital_route.spef line 4753, net $10630 not found.
[WARNING STA-1650] /home/ubuntu/GitHub/sky130-trng/.loom/worktrees/issue-236/sim/digital-electrical-repair/requests/.klt/place-and-route/trng_digital_route.spef line 4765, net $10631 not found.
[WARNING STA-1650] /home/ubuntu/GitHub/sky130-trng/.loom/worktrees/issue-236/sim/digital-electrical-repair/requests/.klt/place-and-route/trng_digital_route.spef line 4778, net $10637 not found.
[WARNING STA-1650] /home/ubuntu/GitHub/sky130-trng/.loom/worktrees/issue-236/sim/digital-electrical-repair/requests/.klt/place-and-route/trng_digital_route.spef line 4786, net $10638 not found.
[WARNING STA-1650] /home/ubuntu/GitHub/sky130-trng/.loom/worktrees/issue-236/sim/digital-electrical-repair/requests/.klt/place-and-route/trng_digital_route.spef line 4794, net $10640 not found.
[WARNING STA-1650] /home/ubuntu/GitHub/sky130-trng/.loom/worktrees/issue-236/sim/digital-electrical-repair/requests/.klt/place-and-route/trng_digital_route.spef line 4803, net $10641 not found.
[WARNING STA-1650] /home/ubuntu/GitHub/sky130-trng/.loom/worktrees/issue-236/sim/digital-electrical-repair/requests/.klt/place-and-route/trng_digital_route.spef line 4812, net $10642 not found.
[WARNING STA-1650] /home/ubuntu/GitHub/sky130-trng/.loom/worktrees/issue-236/sim/digital-electrical-repair/requests/.klt/place-and-route/trng_digital_route.spef line 4822, net $10643 not found.
[WARNING STA-1650] /home/ubuntu/GitHub/sky130-trng/.loom/worktrees/issue-236/sim/digital-electrical-repair/requests/.klt/place-and-route/trng_digital_route.spef line 4832, net $1069 not found.
[WARNING STA-1650] /home/ubuntu/GitHub/sky130-trng/.loom/worktrees/issue-236/sim/digital-electrical-repair/requests/.klt/place-and-route/trng_digital_route.spef line 4858, net $10690 not found.
[WARNING STA-1650] /home/ubuntu/GitHub/sky130-trng/.loom/worktrees/issue-236/sim/digital-electrical-repair/requests/.klt/place-and-route/trng_digital_route.spef line 4880, net $10691 not found.
[WARNING STA-1650] /home/ubuntu/GitHub/sky130-trng/.loom/worktrees/issue-236/sim/digital-electrical-repair/requests/.klt/place-and-route/trng_digital_route.spef line 4891, net $10692 not found.
[WARNING STA-1650] /home/ubuntu/GitHub/sky130-trng/.loom/worktrees/issue-236/sim/digital-electrical-repair/requests/.klt/place-and-route/trng_digital_route.spef line 4904, net $10693 not found.
[WARNING STA-1650] /home/ubuntu/GitHub/sky130-trng/.loom/worktrees/issue-236/sim/digital-electrical-repair/requests/.klt/place-and-route/trng_digital_route.spef line 4917, net $10694 not found.
[WARNING STA-1650] /home/ubuntu/GitHub/sky130-trng/.loom/worktrees/issue-236/sim/digital-electrical-repair/requests/.klt/place-and-route/trng_digital_route.spef line 4931, net $10695 not found.
[WARNING STA-1650] /home/ubuntu/GitHub/sky130-trng/.loom/worktrees/issue-236/sim/digital-electrical-repair/requests/.klt/place-and-route/trng_digital_route.spef line 4941, net $10697 not found.
[WARNING STA-1650] /home/ubuntu/GitHub/sky130-trng/.loom/worktrees/issue-236/sim/digital-electrical-repair/requests/.klt/place-and-route/trng_digital_route.spef line 4951, net $10698 not found.
[WARNING STA-1650] /home/ubuntu/GitHub/sky130-trng/.loom/worktrees/issue-236/sim/digital-electrical-repair/requests/.klt/place-and-route/trng_digital_route.spef line 4964, net $10699 not found.
[WARNING STA-1650] /home/ubuntu/GitHub/sky130-trng/.loom/worktrees/issue-236/sim/digital-electrical-repair/requests/.klt/place-and-route/trng_digital_route.spef line 4974, net $107 not found.
[WARNING STA-1650] /home/ubuntu/GitHub/sky130-trng/.loom/worktrees/issue-236/sim/digital-electrical-repair/requests/.klt/place-and-route/trng_digital_route.spef line 4990, net $1070 not found.
[WARNING STA-1650] /home/ubuntu/GitHub/sky130-trng/.loom/worktrees/issue-236/sim/digital-electrical-repair/requests/.klt/place-and-route/trng_digital_route.spef line 5014, net $10700 not found.
[WARNING STA-1650] /home/ubuntu/GitHub/sky130-trng/.loom/worktrees/issue-236/sim/digital-electrical-repair/requests/.klt/place-and-route/trng_digital_route.spef line 5023, net $10701 not found.
[WARNING STA-1650] /home/ubuntu/GitHub/sky130-trng/.loom/worktrees/issue-236/sim/digital-electrical-repair/requests/.klt/place-and-route/trng_digital_route.spef line 5036, net $10703 not found.
[WARNING STA-1650] /home/ubuntu/GitHub/sky130-trng/.loom/worktrees/issue-236/sim/digital-electrical-repair/requests/.klt/place-and-route/trng_digital_route.spef line 5046, net $10705 not found.
[WARNING STA-1650] /home/ubuntu/GitHub/sky130-trng/.loom/worktrees/issue-236/sim/digital-electrical-repair/requests/.klt/place-and-route/trng_digital_route.spef line 5055, net $10706 not found.
[WARNING STA-1650] /home/ubuntu/GitHub/sky130-trng/.loom/worktrees/issue-236/sim/digital-electrical-repair/requests/.klt/place-and-route/trng_digital_route.spef line 5068, net $10707 not found.
[WARNING STA-1650] /home/ubuntu/GitHub/sky130-trng/.loom/worktrees/issue-236/sim/digital-electrical-repair/requests/.klt/place-and-route/trng_digital_route.spef line 5076, net $10709 not found.
[WARNING STA-1650] /home/ubuntu/GitHub/sky130-trng/.loom/worktrees/issue-236/sim/digital-electrical-repair/requests/.klt/place-and-route/trng_digital_route.spef line 5084, net $1071 not found.
[WARNING STA-1650] /home/ubuntu/GitHub/sky130-trng/.loom/worktrees/issue-236/sim/digital-electrical-repair/requests/.klt/place-and-route/trng_digital_route.spef line 5096, net $10710 not found.
[WARNING STA-1650] /home/ubuntu/GitHub/sky130-trng/.loom/worktrees/issue-236/sim/digital-electrical-repair/requests/.klt/place-and-route/trng_digital_route.spef line 5108, net $10711 not found.
[WARNING STA-1650] /home/ubuntu/GitHub/sky130-trng/.loom/worktrees/issue-236/sim/digital-electrical-repair/requests/.klt/place-and-route/trng_digital_route.spef line 5126, net $10712 not found.
[WARNING STA-1650] /home/ubuntu/GitHub/sky130-trng/.loom/worktrees/issue-236/sim/digital-electrical-repair/requests/.klt/place-and-route/trng_digital_route.spef line 5150, net $10713 not found.
[WARNING STA-1650] /home/ubuntu/GitHub/sky130-trng/.loom/worktrees/issue-236/sim/digital-electrical-repair/requests/.klt/place-and-route/trng_digital_route.spef line 5172, net $10714 not found.
[WARNING STA-1650] /home/ubuntu/GitHub/sky130-trng/.loom/worktrees/issue-236/sim/digital-electrical-repair/requests/.klt/place-and-route/trng_digital_route.spef line 5183, net $10715 not found.
[WARNING STA-1650] /home/ubuntu/GitHub/sky130-trng/.loom/worktrees/issue-236/sim/digital-electrical-repair/requests/.klt/place-and-route/trng_digital_route.spef line 5196, net $10716 not found.
[WARNING STA-1650] /home/ubuntu/GitHub/sky130-trng/.loom/worktrees/issue-236/sim/digital-electrical-repair/requests/.klt/place-and-route/trng_digital_route.spef line 5210, net $10717 not found.
[WARNING STA-1650] /home/ubuntu/GitHub/sky130-trng/.loom/worktrees/issue-236/sim/digital-electrical-repair/requests/.klt/place-and-route/trng_digital_route.spef line 5225, net $10718 not found.
[WARNING STA-1650] /home/ubuntu/GitHub/sky130-trng/.loom/worktrees/issue-236/sim/digital-electrical-repair/requests/.klt/place-and-route/trng_digital_route.spef line 5248, net $10719 not found.
[WARNING STA-1650] /home/ubuntu/GitHub/sky130-trng/.loom/worktrees/issue-236/sim/digital-electrical-repair/requests/.klt/place-and-route/trng_digital_route.spef line 5259, net $1072 not found.
[WARNING STA-1650] /home/ubuntu/GitHub/sky130-trng/.loom/worktrees/issue-236/sim/digital-electrical-repair/requests/.klt/place-and-route/trng_digital_route.spef line 5274, net $10720 not found.
[WARNING STA-1650] /home/ubuntu/GitHub/sky130-trng/.loom/worktrees/issue-236/sim/digital-electrical-repair/requests/.klt/place-and-route/trng_digital_route.spef line 5287, net $10721 not found.
[WARNING STA-1650] /home/ubuntu/GitHub/sky130-trng/.loom/worktrees/issue-236/sim/digital-electrical-repair/requests/.klt/place-and-route/trng_digital_route.spef line 5301, net $10722 not found.
[WARNING STA-1650] /home/ubuntu/GitHub/sky130-trng/.loom/worktrees/issue-236/sim/digital-electrical-repair/requests/.klt/place-and-route/trng_digital_route.spef line 5316, net $10726 not found.
[WARNING STA-1650] /home/ubuntu/GitHub/sky130-trng/.loom/worktrees/issue-236/sim/digital-electrical-repair/requests/.klt/place-and-route/trng_digital_route.spef line 5326, net $10728 not found.
[WARNING STA-1650] /home/ubuntu/GitHub/sky130-trng/.loom/worktrees/issue-236/sim/digital-electrical-repair/requests/.klt/place-and-route/trng_digital_route.spef line 5334, net $1073 not found.
[WARNING STA-1650] /home/ubuntu/GitHub/sky130-trng/.loom/worktrees/issue-236/sim/digital-electrical-repair/requests/.klt/place-and-route/trng_digital_route.spef line 5349, net $10730 not found.
[WARNING STA-1650] /home/ubuntu/GitHub/sky130-trng/.loom/worktrees/issue-236/sim/digital-electrical-repair/requests/.klt/place-and-route/trng_digital_route.spef line 5357, net $10731 not found.
[WARNING STA-1650] /home/ubuntu/GitHub/sky130-trng/.loom/worktrees/issue-236/sim/digital-electrical-repair/requests/.klt/place-and-route/trng_digital_route.spef line 5369, net $10734 not found.
[WARNING STA-1650] /home/ubuntu/GitHub/sky130-trng/.loom/worktrees/issue-236/sim/digital-electrical-repair/requests/.klt/place-and-route/trng_digital_route.spef line 5378, net $10736 not found.
[WARNING STA-1650] /home/ubuntu/GitHub/sky130-trng/.loom/worktrees/issue-236/sim/digital-electrical-repair/requests/.klt/place-and-route/trng_digital_route.spef line 5387, net $10737 not found.
[WARNING STA-1650] /home/ubuntu/GitHub/sky130-trng/.loom/worktrees/issue-236/sim/digital-electrical-repair/requests/.klt/place-and-route/trng_digital_route.spef line 5400, net $10739 not found.
[WARNING STA-1650] /home/ubuntu/GitHub/sky130-trng/.loom/worktrees/issue-236/sim/digital-electrical-repair/requests/.klt/place-and-route/trng_digital_route.spef line 5410, net $1074 not found.
[WARNING STA-1650] /home/ubuntu/GitHub/sky130-trng/.loom/worktrees/issue-236/sim/digital-electrical-repair/requests/.klt/place-and-route/trng_digital_route.spef line 5426, net $10740 not found.
[WARNING STA-1650] /home/ubuntu/GitHub/sky130-trng/.loom/worktrees/issue-236/sim/digital-electrical-repair/requests/.klt/place-and-route/trng_digital_route.spef line 5436, net $10741 not found.
[WARNING STA-1650] /home/ubuntu/GitHub/sky130-trng/.loom/worktrees/issue-236/sim/digital-electrical-repair/requests/.klt/place-and-route/trng_digital_route.spef line 5448, net $10744 not found.
[WARNING STA-1650] /home/ubuntu/GitHub/sky130-trng/.loom/worktrees/issue-236/sim/digital-electrical-repair/requests/.klt/place-and-route/trng_digital_route.spef line 5462, net $10745 not found.
[WARNING STA-1650] /home/ubuntu/GitHub/sky130-trng/.loom/worktrees/issue-236/sim/digital-electrical-repair/requests/.klt/place-and-route/trng_digital_route.spef line 5487, net $10746 not found.
[WARNING STA-1650] /home/ubuntu/GitHub/sky130-trng/.loom/worktrees/issue-236/sim/digital-electrical-repair/requests/.klt/place-and-route/trng_digital_route.spef line 5509, net $10747 not found.
[WARNING STA-1650] /home/ubuntu/GitHub/sky130-trng/.loom/worktrees/issue-236/sim/digital-electrical-repair/requests/.klt/place-and-route/trng_digital_route.spef line 5520, net $10748 not found.
[WARNING STA-1650] /home/ubuntu/GitHub/sky130-trng/.loom/worktrees/issue-236/sim/digital-electrical-repair/requests/.klt/place-and-route/trng_digital_route.spef line 5534, net $10749 not found.
[WARNING STA-1650] /home/ubuntu/GitHub/sky130-trng/.loom/worktrees/issue-236/sim/digital-electrical-repair/requests/.klt/place-and-route/trng_digital_route.spef line 5548, net $10750 not found.
[WARNING STA-1650] /home/ubuntu/GitHub/sky130-trng/.loom/worktrees/issue-236/sim/digital-electrical-repair/requests/.klt/place-and-route/trng_digital_route.spef line 5563, net $10772 not found.
[WARNING STA-1650] /home/ubuntu/GitHub/sky130-trng/.loom/worktrees/issue-236/sim/digital-electrical-repair/requests/.klt/place-and-route/trng_digital_route.spef line 5581, net $10774 not found.
[WARNING STA-1650] /home/ubuntu/GitHub/sky130-trng/.loom/worktrees/issue-236/sim/digital-electrical-repair/requests/.klt/place-and-route/trng_digital_route.spef line 5594, net $10775 not found.
[WARNING STA-1650] /home/ubuntu/GitHub/sky130-trng/.loom/worktrees/issue-236/sim/digital-electrical-repair/requests/.klt/place-and-route/trng_digital_route.spef line 5604, net $10776 not found.
[WARNING STA-1650] /home/ubuntu/GitHub/sky130-trng/.loom/worktrees/issue-236/sim/digital-electrical-repair/requests/.klt/place-and-route/trng_digital_route.spef line 5613, net $10778 not found.
[WARNING STA-1650] /home/ubuntu/GitHub/sky130-trng/.loom/worktrees/issue-236/sim/digital-electrical-repair/requests/.klt/place-and-route/trng_digital_route.spef line 5623, net $10779 not found.
[WARNING STA-1650] /home/ubuntu/GitHub/sky130-trng/.loom/worktrees/issue-236/sim/digital-electrical-repair/requests/.klt/place-and-route/trng_digital_route.spef line 5633, net $1078 not found.
[WARNING STA-1650] /home/ubuntu/GitHub/sky130-trng/.loom/worktrees/issue-236/sim/digital-electrical-repair/requests/.klt/place-and-route/trng_digital_route.spef line 5654, net $10780 not found.
[WARNING STA-1650] /home/ubuntu/GitHub/sky130-trng/.loom/worktrees/issue-236/sim/digital-electrical-repair/requests/.klt/place-and-route/trng_digital_route.spef line 5664, net $10781 not found.
[WARNING STA-1650] /home/ubuntu/GitHub/sky130-trng/.loom/worktrees/issue-236/sim/digital-electrical-repair/requests/.klt/place-and-route/trng_digital_route.spef line 5678, net $10782 not found.
[WARNING STA-1650] /home/ubuntu/GitHub/sky130-trng/.loom/worktrees/issue-236/sim/digital-electrical-repair/requests/.klt/place-and-route/trng_digital_route.spef line 5697, net $10784 not found.
[WARNING STA-1650] /home/ubuntu/GitHub/sky130-trng/.loom/worktrees/issue-236/sim/digital-electrical-repair/requests/.klt/place-and-route/trng_digital_route.spef line 5710, net $10785 not found.
[WARNING STA-1650] /home/ubuntu/GitHub/sky130-trng/.loom/worktrees/issue-236/sim/digital-electrical-repair/requests/.klt/place-and-route/trng_digital_route.spef line 5721, net $10786 not found.
[WARNING STA-1650] /home/ubuntu/GitHub/sky130-trng/.loom/worktrees/issue-236/sim/digital-electrical-repair/requests/.klt/place-and-route/trng_digital_route.spef line 5731, net $10787 not found.
[WARNING STA-1650] /home/ubuntu/GitHub/sky130-trng/.loom/worktrees/issue-236/sim/digital-electrical-repair/requests/.klt/place-and-route/trng_digital_route.spef line 5741, net $10788 not found.
[WARNING STA-1650] /home/ubuntu/GitHub/sky130-trng/.loom/worktrees/issue-236/sim/digital-electrical-repair/requests/.klt/place-and-route/trng_digital_route.spef line 5750, net $10789 not found.
[WARNING STA-1650] /home/ubuntu/GitHub/sky130-trng/.loom/worktrees/issue-236/sim/digital-electrical-repair/requests/.klt/place-and-route/trng_digital_route.spef line 5760, net $1079 not found.
[WARNING STA-1650] /home/ubuntu/GitHub/sky130-trng/.loom/worktrees/issue-236/sim/digital-electrical-repair/requests/.klt/place-and-route/trng_digital_route.spef line 5779, net $10790 not found.
[WARNING STA-1650] /home/ubuntu/GitHub/sky130-trng/.loom/worktrees/issue-236/sim/digital-electrical-repair/requests/.klt/place-and-route/trng_digital_route.spef line 5793, net $10791 not found.
[WARNING STA-1650] /home/ubuntu/GitHub/sky130-trng/.loom/worktrees/issue-236/sim/digital-electrical-repair/requests/.klt/place-and-route/trng_digital_route.spef line 5802, net $10793 not found.
[WARNING STA-1650] /home/ubuntu/GitHub/sky130-trng/.loom/worktrees/issue-236/sim/digital-electrical-repair/requests/.klt/place-and-route/trng_digital_route.spef line 5811, net $10794 not found.
[WARNING STA-1650] /home/ubuntu/GitHub/sky130-trng/.loom/worktrees/issue-236/sim/digital-electrical-repair/requests/.klt/place-and-route/trng_digital_route.spef line 5820, net $10796 not found.
[WARNING STA-1650] /home/ubuntu/GitHub/sky130-trng/.loom/worktrees/issue-236/sim/digital-electrical-repair/requests/.klt/place-and-route/trng_digital_route.spef line 5830, net $10797 not found.
[WARNING STA-1650] /home/ubuntu/GitHub/sky130-trng/.loom/worktrees/issue-236/sim/digital-electrical-repair/requests/.klt/place-and-route/trng_digital_route.spef line 5839, net $1080 not found.
[WARNING STA-1650] /home/ubuntu/GitHub/sky130-trng/.loom/worktrees/issue-236/sim/digital-electrical-repair/requests/.klt/place-and-route/trng_digital_route.spef line 5852, net $1081 not found.
[WARNING STA-1650] /home/ubuntu/GitHub/sky130-trng/.loom/worktrees/issue-236/sim/digital-electrical-repair/requests/.klt/place-and-route/trng_digital_route.spef line 5866, net $10814 not found.
[WARNING STA-1650] /home/ubuntu/GitHub/sky130-trng/.loom/worktrees/issue-236/sim/digital-electrical-repair/requests/.klt/place-and-route/trng_digital_route.spef line 5877, net $10816 not found.
[WARNING STA-1650] /home/ubuntu/GitHub/sky130-trng/.loom/worktrees/issue-236/sim/digital-electrical-repair/requests/.klt/place-and-route/trng_digital_route.spef line 5890, net $10817 not found.
[WARNING STA-1650] /home/ubuntu/GitHub/sky130-trng/.loom/worktrees/issue-236/sim/digital-electrical-repair/requests/.klt/place-and-route/trng_digital_route.spef line 5901, net $10818 not found.
[WARNING STA-1650] /home/ubuntu/GitHub/sky130-trng/.loom/worktrees/issue-236/sim/digital-electrical-repair/requests/.klt/place-and-route/trng_digital_route.spef line 5913, net $10819 not found.
[WARNING STA-1650] /home/ubuntu/GitHub/sky130-trng/.loom/worktrees/issue-236/sim/digital-electrical-repair/requests/.klt/place-and-route/trng_digital_route.spef line 5923, net $1082 not found.
[WARNING STA-1650] /home/ubuntu/GitHub/sky130-trng/.loom/worktrees/issue-236/sim/digital-electrical-repair/requests/.klt/place-and-route/trng_digital_route.spef line 5937, net $10820 not found.
[WARNING STA-1650] /home/ubuntu/GitHub/sky130-trng/.loom/worktrees/issue-236/sim/digital-electrical-repair/requests/.klt/place-and-route/trng_digital_route.spef line 5950, net $10821 not found.
[WARNING STA-1650] /home/ubuntu/GitHub/sky130-trng/.loom/worktrees/issue-236/sim/digital-electrical-repair/requests/.klt/place-and-route/trng_digital_route.spef line 5959, net $10822 not found.
[WARNING STA-1650] /home/ubuntu/GitHub/sky130-trng/.loom/worktrees/issue-236/sim/digital-electrical-repair/requests/.klt/place-and-route/trng_digital_route.spef line 5972, net $10826 not found.
[WARNING STA-1650] /home/ubuntu/GitHub/sky130-trng/.loom/worktrees/issue-236/sim/digital-electrical-repair/requests/.klt/place-and-route/trng_digital_route.spef line 5982, net $10827 not found.
[WARNING STA-1650] /home/ubuntu/GitHub/sky130-trng/.loom/worktrees/issue-236/sim/digital-electrical-repair/requests/.klt/place-and-route/trng_digital_route.spef line 5994, net $10828 not found.
[WARNING STA-1650] /home/ubuntu/GitHub/sky130-trng/.loom/worktrees/issue-236/sim/digital-electrical-repair/requests/.klt/place-and-route/trng_digital_route.spef line 6003, net $1083 not found.
[WARNING STA-1650] /home/ubuntu/GitHub/sky130-trng/.loom/worktrees/issue-236/sim/digital-electrical-repair/requests/.klt/place-and-route/trng_digital_route.spef line 6018, net $10831 not found.
[WARNING STA-1650] /home/ubuntu/GitHub/sky130-trng/.loom/worktrees/issue-236/sim/digital-electrical-repair/requests/.klt/place-and-route/trng_digital_route.spef line 6030, net $10833 not found.
[WARNING STA-1650] /home/ubuntu/GitHub/sky130-trng/.loom/worktrees/issue-236/sim/digital-electrical-repair/requests/.klt/place-and-route/trng_digital_route.spef line 6053, net $10834 not found.
[WARNING STA-1650] /home/ubuntu/GitHub/sky130-trng/.loom/worktrees/issue-236/sim/digital-electrical-repair/requests/.klt/place-and-route/trng_digital_route.spef line 6073, net $10835 not found.
[WARNING STA-1650] /home/ubuntu/GitHub/sky130-trng/.loom/worktrees/issue-236/sim/digital-electrical-repair/requests/.klt/place-and-route/trng_digital_route.spef line 6083, net $10837 not found.
[WARNING STA-1650] /home/ubuntu/GitHub/sky130-trng/.loom/worktrees/issue-236/sim/digital-electrical-repair/requests/.klt/place-and-route/trng_digital_route.spef line 6098, net $10838 not found.
[WARNING STA-1650] /home/ubuntu/GitHub/sky130-trng/.loom/worktrees/issue-236/sim/digital-electrical-repair/requests/.klt/place-and-route/trng_digital_route.spef line 6111, net $10839 not found.
[WARNING STA-1650] /home/ubuntu/GitHub/sky130-trng/.loom/worktrees/issue-236/sim/digital-electrical-repair/requests/.klt/place-and-route/trng_digital_route.spef line 6128, net $10840 not found.
[WARNING STA-1650] /home/ubuntu/GitHub/sky130-trng/.loom/worktrees/issue-236/sim/digital-electrical-repair/requests/.klt/place-and-route/trng_digital_route.spef line 6138, net $10841 not found.
[WARNING STA-1650] /home/ubuntu/GitHub/sky130-trng/.loom/worktrees/issue-236/sim/digital-electrical-repair/requests/.klt/place-and-route/trng_digital_route.spef line 6148, net $10842 not found.
[WARNING STA-1650] /home/ubuntu/GitHub/sky130-trng/.loom/worktrees/issue-236/sim/digital-electrical-repair/requests/.klt/place-and-route/trng_digital_route.spef line 6159, net $10844 not found.
[WARNING STA-1650] /home/ubuntu/GitHub/sky130-trng/.loom/worktrees/issue-236/sim/digital-electrical-repair/requests/.klt/place-and-route/trng_digital_route.spef line 6172, net $10845 not found.
[WARNING STA-1650] /home/ubuntu/GitHub/sky130-trng/.loom/worktrees/issue-236/sim/digital-electrical-repair/requests/.klt/place-and-route/trng_digital_route.spef line 6182, net $10846 not found.
[WARNING STA-1650] /home/ubuntu/GitHub/sky130-trng/.loom/worktrees/issue-236/sim/digital-electrical-repair/requests/.klt/place-and-route/trng_digital_route.spef line 6194, net $10847 not found.
[WARNING STA-1650] /home/ubuntu/GitHub/sky130-trng/.loom/worktrees/issue-236/sim/digital-electrical-repair/requests/.klt/place-and-route/trng_digital_route.spef line 6219, net $10848 not found.
[WARNING STA-1650] /home/ubuntu/GitHub/sky130-trng/.loom/worktrees/issue-236/sim/digital-electrical-repair/requests/.klt/place-and-route/trng_digital_route.spef line 6239, net $10849 not found.
[WARNING STA-1650] /home/ubuntu/GitHub/sky130-trng/.loom/worktrees/issue-236/sim/digital-electrical-repair/requests/.klt/place-and-route/trng_digital_route.spef line 6251, net $10850 not found.
[WARNING STA-1650] /home/ubuntu/GitHub/sky130-trng/.loom/worktrees/issue-236/sim/digital-electrical-repair/requests/.klt/place-and-route/trng_digital_route.spef line 6267, net $10851 not found.
[WARNING STA-1650] /home/ubuntu/GitHub/sky130-trng/.loom/worktrees/issue-236/sim/digital-electrical-repair/requests/.klt/place-and-route/trng_digital_route.spef line 6280, net $10852 not found.
[WARNING STA-1650] /home/ubuntu/GitHub/sky130-trng/.loom/worktrees/issue-236/sim/digital-electrical-repair/requests/.klt/place-and-route/trng_digital_route.spef line 6298, net $10853 not found.
[WARNING STA-1650] /home/ubuntu/GitHub/sky130-trng/.loom/worktrees/issue-236/sim/digital-electrical-repair/requests/.klt/place-and-route/trng_digital_route.spef line 6309, net $10854 not found.
[WARNING STA-1650] /home/ubuntu/GitHub/sky130-trng/.loom/worktrees/issue-236/sim/digital-electrical-repair/requests/.klt/place-and-route/trng_digital_route.spef line 6320, net $10855 not found.
[WARNING STA-1650] /home/ubuntu/GitHub/sky130-trng/.loom/worktrees/issue-236/sim/digital-electrical-repair/requests/.klt/place-and-route/trng_digital_route.spef line 6331, net $10856 not found.
[WARNING STA-1650] /home/ubuntu/GitHub/sky130-trng/.loom/worktrees/issue-236/sim/digital-electrical-repair/requests/.klt/place-and-route/trng_digital_route.spef line 6343, net $10857 not found.
[WARNING STA-1650] /home/ubuntu/GitHub/sky130-trng/.loom/worktrees/issue-236/sim/digital-electrical-repair/requests/.klt/place-and-route/trng_digital_route.spef line 6365, net $10858 not found.
[WARNING STA-1650] /home/ubuntu/GitHub/sky130-trng/.loom/worktrees/issue-236/sim/digital-electrical-repair/requests/.klt/place-and-route/trng_digital_route.spef line 6385, net $10859 not found.
[WARNING STA-1650] /home/ubuntu/GitHub/sky130-trng/.loom/worktrees/issue-236/sim/digital-electrical-repair/requests/.klt/place-and-route/trng_digital_route.spef line 6396, net $1086 not found.
[WARNING STA-1650] /home/ubuntu/GitHub/sky130-trng/.loom/worktrees/issue-236/sim/digital-electrical-repair/requests/.klt/place-and-route/trng_digital_route.spef line 6407, net $10860 not found.
[WARNING STA-1650] /home/ubuntu/GitHub/sky130-trng/.loom/worktrees/issue-236/sim/digital-electrical-repair/requests/.klt/place-and-route/trng_digital_route.spef line 6420, net $10861 not found.
[WARNING STA-1650] /home/ubuntu/GitHub/sky130-trng/.loom/worktrees/issue-236/sim/digital-electrical-repair/requests/.klt/place-and-route/trng_digital_route.spef line 6429, net $10862 not found.
[WARNING STA-1650] /home/ubuntu/GitHub/sky130-trng/.loom/worktrees/issue-236/sim/digital-electrical-repair/requests/.klt/place-and-route/trng_digital_route.spef line 6444, net $10863 not found.
[WARNING STA-1650] /home/ubuntu/GitHub/sky130-trng/.loom/worktrees/issue-236/sim/digital-electrical-repair/requests/.klt/place-and-route/trng_digital_route.spef line 6458, net $10864 not found.
[WARNING STA-1650] /home/ubuntu/GitHub/sky130-trng/.loom/worktrees/issue-236/sim/digital-electrical-repair/requests/.klt/place-and-route/trng_digital_route.spef line 6473, net $10866 not found.
[WARNING STA-1650] /home/ubuntu/GitHub/sky130-trng/.loom/worktrees/issue-236/sim/digital-electrical-repair/requests/.klt/place-and-route/trng_digital_route.spef line 6483, net $10868 not found.
[WARNING STA-1650] /home/ubuntu/GitHub/sky130-trng/.loom/worktrees/issue-236/sim/digital-electrical-repair/requests/.klt/place-and-route/trng_digital_route.spef line 6496, net $10872 not found.
[WARNING STA-1650] /home/ubuntu/GitHub/sky130-trng/.loom/worktrees/issue-236/sim/digital-electrical-repair/requests/.klt/place-and-route/trng_digital_route.spef line 6505, net $10873 not found.
[WARNING STA-1650] /home/ubuntu/GitHub/sky130-trng/.loom/worktrees/issue-236/sim/digital-electrical-repair/requests/.klt/place-and-route/trng_digital_route.spef line 6521, net $10874 not found.
[WARNING STA-1650] /home/ubuntu/GitHub/sky130-trng/.loom/worktrees/issue-236/sim/digital-electrical-repair/requests/.klt/place-and-route/trng_digital_route.spef line 6544, net $10875 not found.
[WARNING STA-1650] /home/ubuntu/GitHub/sky130-trng/.loom/worktrees/issue-236/sim/digital-electrical-repair/requests/.klt/place-and-route/trng_digital_route.spef line 6564, net $10876 not found.
[WARNING STA-1650] /home/ubuntu/GitHub/sky130-trng/.loom/worktrees/issue-236/sim/digital-electrical-repair/requests/.klt/place-and-route/trng_digital_route.spef line 6575, net $10877 not found.
[WARNING STA-1650] /home/ubuntu/GitHub/sky130-trng/.loom/worktrees/issue-236/sim/digital-electrical-repair/requests/.klt/place-and-route/trng_digital_route.spef line 6588, net $10878 not found.
[WARNING STA-1650] /home/ubuntu/GitHub/sky130-trng/.loom/worktrees/issue-236/sim/digital-electrical-repair/requests/.klt/place-and-route/trng_digital_route.spef line 6597, net $10879 not found.
[WARNING STA-1650] /home/ubuntu/GitHub/sky130-trng/.loom/worktrees/issue-236/sim/digital-electrical-repair/requests/.klt/place-and-route/trng_digital_route.spef line 6611, net $10880 not found.
[WARNING STA-1650] /home/ubuntu/GitHub/sky130-trng/.loom/worktrees/issue-236/sim/digital-electrical-repair/requests/.klt/place-and-route/trng_digital_route.spef line 6625, net $10881 not found.
[WARNING STA-1650] /home/ubuntu/GitHub/sky130-trng/.loom/worktrees/issue-236/sim/digital-electrical-repair/requests/.klt/place-and-route/trng_digital_route.spef line 6640, net $1089 not found.
[WARNING STA-1650] /home/ubuntu/GitHub/sky130-trng/.loom/worktrees/issue-236/sim/digital-electrical-repair/requests/.klt/place-and-route/trng_digital_route.spef line 6665, net $109 not found.
[WARNING STA-1650] /home/ubuntu/GitHub/sky130-trng/.loom/worktrees/issue-236/sim/digital-electrical-repair/requests/.klt/place-and-route/trng_digital_route.spef line 6680, net $1090 not found.
[WARNING STA-1650] /home/ubuntu/GitHub/sky130-trng/.loom/worktrees/issue-236/sim/digital-electrical-repair/requests/.klt/place-and-route/trng_digital_route.spef line 6702, net $10906 not found.
[WARNING STA-1650] /home/ubuntu/GitHub/sky130-trng/.loom/worktrees/issue-236/sim/digital-electrical-repair/requests/.klt/place-and-route/trng_digital_route.spef line 6710, net $10907 not found.
[WARNING STA-1650] /home/ubuntu/GitHub/sky130-trng/.loom/worktrees/issue-236/sim/digital-electrical-repair/requests/.klt/place-and-route/trng_digital_route.spef line 6718, net $10908 not found.
[WARNING STA-1650] /home/ubuntu/GitHub/sky130-trng/.loom/worktrees/issue-236/sim/digital-electrical-repair/requests/.klt/place-and-route/trng_digital_route.spef line 6727, net $10909 not found.
[WARNING STA-1650] /home/ubuntu/GitHub/sky130-trng/.loom/worktrees/issue-236/sim/digital-electrical-repair/requests/.klt/place-and-route/trng_digital_route.spef line 6736, net $1091 not found.
[WARNING STA-1650] /home/ubuntu/GitHub/sky130-trng/.loom/worktrees/issue-236/sim/digital-electrical-repair/requests/.klt/place-and-route/trng_digital_route.spef line 6748, net $10910 not found.
[WARNING STA-1650] /home/ubuntu/GitHub/sky130-trng/.loom/worktrees/issue-236/sim/digital-electrical-repair/requests/.klt/place-and-route/trng_digital_route.spef line 6758, net $10911 not found.
[WARNING STA-1650] /home/ubuntu/GitHub/sky130-trng/.loom/worktrees/issue-236/sim/digital-electrical-repair/requests/.klt/place-and-route/trng_digital_route.spef line 6768, net $10912 not found.
[WARNING STA-1650] /home/ubuntu/GitHub/sky130-trng/.loom/worktrees/issue-236/sim/digital-electrical-repair/requests/.klt/place-and-route/trng_digital_route.spef line 6778, net $10913 not found.
[WARNING STA-1650] /home/ubuntu/GitHub/sky130-trng/.loom/worktrees/issue-236/sim/digital-electrical-repair/requests/.klt/place-and-route/trng_digital_route.spef line 6787, net $10914 not found.
[WARNING STA-1650] /home/ubuntu/GitHub/sky130-trng/.loom/worktrees/issue-236/sim/digital-electrical-repair/requests/.klt/place-and-route/trng_digital_route.spef line 6799, net $10915 not found.
[WARNING STA-1650] /home/ubuntu/GitHub/sky130-trng/.loom/worktrees/issue-236/sim/digital-electrical-repair/requests/.klt/place-and-route/trng_digital_route.spef line 6808, net $10916 not found.
[WARNING STA-1650] /home/ubuntu/GitHub/sky130-trng/.loom/worktrees/issue-236/sim/digital-electrical-repair/requests/.klt/place-and-route/trng_digital_route.spef line 6817, net $10917 not found.
[WARNING STA-1650] /home/ubuntu/GitHub/sky130-trng/.loom/worktrees/issue-236/sim/digital-electrical-repair/requests/.klt/place-and-route/trng_digital_route.spef line 6826, net $10918 not found.
[WARNING STA-1650] /home/ubuntu/GitHub/sky130-trng/.loom/worktrees/issue-236/sim/digital-electrical-repair/requests/.klt/place-and-route/trng_digital_route.spef line 6835, net $10919 not found.
[WARNING STA-1650] /home/ubuntu/GitHub/sky130-trng/.loom/worktrees/issue-236/sim/digital-electrical-repair/requests/.klt/place-and-route/trng_digital_route.spef line 6844, net $1092 not found.
[WARNING STA-1650] /home/ubuntu/GitHub/sky130-trng/.loom/worktrees/issue-236/sim/digital-electrical-repair/requests/.klt/place-and-route/trng_digital_route.spef line 6858, net $10920 not found.
[WARNING STA-1650] /home/ubuntu/GitHub/sky130-trng/.loom/worktrees/issue-236/sim/digital-electrical-repair/requests/.klt/place-and-route/trng_digital_route.spef line 6867, net $10921 not found.
[WARNING STA-1650] /home/ubuntu/GitHub/sky130-trng/.loom/worktrees/issue-236/sim/digital-electrical-repair/requests/.klt/place-and-route/trng_digital_route.spef line 6875, net $10922 not found.
[WARNING STA-1650] /home/ubuntu/GitHub/sky130-trng/.loom/worktrees/issue-236/sim/digital-electrical-repair/requests/.klt/place-and-route/trng_digital_route.spef line 6883, net $10923 not found.
[WARNING STA-1650] /home/ubuntu/GitHub/sky130-trng/.loom/worktrees/issue-236/sim/digital-electrical-repair/requests/.klt/place-and-route/trng_digital_route.spef line 6891, net $10924 not found.
[WARNING STA-1650] /home/ubuntu/GitHub/sky130-trng/.loom/worktrees/issue-236/sim/digital-electrical-repair/requests/.klt/place-and-route/trng_digital_route.spef line 6899, net $10925 not found.
[WARNING STA-1650] /home/ubuntu/GitHub/sky130-trng/.loom/worktrees/issue-236/sim/digital-electrical-repair/requests/.klt/place-and-route/trng_digital_route.spef line 6908, net $1093 not found.
[WARNING STA-1650] /home/ubuntu/GitHub/sky130-trng/.loom/worktrees/issue-236/sim/digital-electrical-repair/requests/.klt/place-and-route/trng_digital_route.spef line 6922, net $1094 not found.
[WARNING STA-1650] /home/ubuntu/GitHub/sky130-trng/.loom/worktrees/issue-236/sim/digital-electrical-repair/requests/.klt/place-and-route/trng_digital_route.spef line 6937, net $10947 not found.
[WARNING STA-1650] /home/ubuntu/GitHub/sky130-trng/.loom/worktrees/issue-236/sim/digital-electrical-repair/requests/.klt/place-and-route/trng_digital_route.spef line 6961, net $10948 not found.
[WARNING STA-1650] /home/ubuntu/GitHub/sky130-trng/.loom/worktrees/issue-236/sim/digital-electrical-repair/requests/.klt/place-and-route/trng_digital_route.spef line 6983, net $10949 not found.
[WARNING STA-1650] /home/ubuntu/GitHub/sky130-trng/.loom/worktrees/issue-236/sim/digital-electrical-repair/requests/.klt/place-and-route/trng_digital_route.spef line 6993, net $10950 not found.
[WARNING STA-1650] /home/ubuntu/GitHub/sky130-trng/.loom/worktrees/issue-236/sim/digital-electrical-repair/requests/.klt/place-and-route/trng_digital_route.spef line 7005, net $10951 not found.
[WARNING STA-1650] /home/ubuntu/GitHub/sky130-trng/.loom/worktrees/issue-236/sim/digital-electrical-repair/requests/.klt/place-and-route/trng_digital_route.spef line 7018, net $10952 not found.
[WARNING STA-1650] /home/ubuntu/GitHub/sky130-trng/.loom/worktrees/issue-236/sim/digital-electrical-repair/requests/.klt/place-and-route/trng_digital_route.spef line 7033, net $10953 not found.
[WARNING STA-1650] /home/ubuntu/GitHub/sky130-trng/.loom/worktrees/issue-236/sim/digital-electrical-repair/requests/.klt/place-and-route/trng_digital_route.spef line 7056, net $10954 not found.
[WARNING STA-1650] /home/ubuntu/GitHub/sky130-trng/.loom/worktrees/issue-236/sim/digital-electrical-repair/requests/.klt/place-and-route/trng_digital_route.spef line 7068, net $10955 not found.
[WARNING STA-1650] /home/ubuntu/GitHub/sky130-trng/.loom/worktrees/issue-236/sim/digital-electrical-repair/requests/.klt/place-and-route/trng_digital_route.spef line 7082, net $10956 not found.
[WARNING STA-1650] /home/ubuntu/GitHub/sky130-trng/.loom/worktrees/issue-236/sim/digital-electrical-repair/requests/.klt/place-and-route/trng_digital_route.spef line 7095, net $10957 not found.
[WARNING STA-1650] /home/ubuntu/GitHub/sky130-trng/.loom/worktrees/issue-236/sim/digital-electrical-repair/requests/.klt/place-and-route/trng_digital_route.spef line 7109, net $10959 not found.
[WARNING STA-1650] /home/ubuntu/GitHub/sky130-trng/.loom/worktrees/issue-236/sim/digital-electrical-repair/requests/.klt/place-and-route/trng_digital_route.spef line 7123, net $10961 not found.
[WARNING STA-1650] /home/ubuntu/GitHub/sky130-trng/.loom/worktrees/issue-236/sim/digital-electrical-repair/requests/.klt/place-and-route/trng_digital_route.spef line 7133, net $10963 not found.
[WARNING STA-1650] /home/ubuntu/GitHub/sky130-trng/.loom/worktrees/issue-236/sim/digital-electrical-repair/requests/.klt/place-and-route/trng_digital_route.spef line 7161, net $10964 not found.
[WARNING STA-1650] /home/ubuntu/GitHub/sky130-trng/.loom/worktrees/issue-236/sim/digital-electrical-repair/requests/.klt/place-and-route/trng_digital_route.spef line 7187, net $10965 not found.
[WARNING STA-1650] /home/ubuntu/GitHub/sky130-trng/.loom/worktrees/issue-236/sim/digital-electrical-repair/requests/.klt/place-and-route/trng_digital_route.spef line 7199, net $10966 not found.
[WARNING STA-1650] /home/ubuntu/GitHub/sky130-trng/.loom/worktrees/issue-236/sim/digital-electrical-repair/requests/.klt/place-and-route/trng_digital_route.spef line 7213, net $10967 not found.
[WARNING STA-1650] /home/ubuntu/GitHub/sky130-trng/.loom/worktrees/issue-236/sim/digital-electrical-repair/requests/.klt/place-and-route/trng_digital_route.spef line 7227, net $10968 not found.
[WARNING STA-1650] /home/ubuntu/GitHub/sky130-trng/.loom/worktrees/issue-236/sim/digital-electrical-repair/requests/.klt/place-and-route/trng_digital_route.spef line 7243, net $10972 not found.
[WARNING STA-1650] /home/ubuntu/GitHub/sky130-trng/.loom/worktrees/issue-236/sim/digital-electrical-repair/requests/.klt/place-and-route/trng_digital_route.spef line 7257, net $10974 not found.
[WARNING STA-1650] /home/ubuntu/GitHub/sky130-trng/.loom/worktrees/issue-236/sim/digital-electrical-repair/requests/.klt/place-and-route/trng_digital_route.spef line 7266, net $10977 not found.
[WARNING STA-1650] /home/ubuntu/GitHub/sky130-trng/.loom/worktrees/issue-236/sim/digital-electrical-repair/requests/.klt/place-and-route/trng_digital_route.spef line 7276, net $10978 not found.
[WARNING STA-1650] /home/ubuntu/GitHub/sky130-trng/.loom/worktrees/issue-236/sim/digital-electrical-repair/requests/.klt/place-and-route/trng_digital_route.spef line 7288, net $1098 not found.
[WARNING STA-1650] /home/ubuntu/GitHub/sky130-trng/.loom/worktrees/issue-236/sim/digital-electrical-repair/requests/.klt/place-and-route/trng_digital_route.spef line 7298, net $10980 not found.
[WARNING STA-1650] /home/ubuntu/GitHub/sky130-trng/.loom/worktrees/issue-236/sim/digital-electrical-repair/requests/.klt/place-and-route/trng_digital_route.spef line 7308, net $10983 not found.
[WARNING STA-1650] /home/ubuntu/GitHub/sky130-trng/.loom/worktrees/issue-236/sim/digital-electrical-repair/requests/.klt/place-and-route/trng_digital_route.spef line 7317, net $10985 not found.
[WARNING STA-1650] /home/ubuntu/GitHub/sky130-trng/.loom/worktrees/issue-236/sim/digital-electrical-repair/requests/.klt/place-and-route/trng_digital_route.spef line 7325, net $10986 not found.
[WARNING STA-1650] /home/ubuntu/GitHub/sky130-trng/.loom/worktrees/issue-236/sim/digital-electrical-repair/requests/.klt/place-and-route/trng_digital_route.spef line 7336, net $10987 not found.
[WARNING STA-1650] /home/ubuntu/GitHub/sky130-trng/.loom/worktrees/issue-236/sim/digital-electrical-repair/requests/.klt/place-and-route/trng_digital_route.spef line 7358, net $10988 not found.
[WARNING STA-1650] /home/ubuntu/GitHub/sky130-trng/.loom/worktrees/issue-236/sim/digital-electrical-repair/requests/.klt/place-and-route/trng_digital_route.spef line 7370, net $10989 not found.
[WARNING STA-1650] /home/ubuntu/GitHub/sky130-trng/.loom/worktrees/issue-236/sim/digital-electrical-repair/requests/.klt/place-and-route/trng_digital_route.spef line 7383, net $10990 not found.
[WARNING STA-1650] /home/ubuntu/GitHub/sky130-trng/.loom/worktrees/issue-236/sim/digital-electrical-repair/requests/.klt/place-and-route/trng_digital_route.spef line 7396, net $10991 not found.
[WARNING STA-1650] /home/ubuntu/GitHub/sky130-trng/.loom/worktrees/issue-236/sim/digital-electrical-repair/requests/.klt/place-and-route/trng_digital_route.spef line 7410, net $10993 not found.
[WARNING STA-1650] /home/ubuntu/GitHub/sky130-trng/.loom/worktrees/issue-236/sim/digital-electrical-repair/requests/.klt/place-and-route/trng_digital_route.spef line 7434, net $10994 not found.
[WARNING STA-1650] /home/ubuntu/GitHub/sky130-trng/.loom/worktrees/issue-236/sim/digital-electrical-repair/requests/.klt/place-and-route/trng_digital_route.spef line 7456, net $10995 not found.
[WARNING STA-1650] /home/ubuntu/GitHub/sky130-trng/.loom/worktrees/issue-236/sim/digital-electrical-repair/requests/.klt/place-and-route/trng_digital_route.spef line 7467, net $10996 not found.
[WARNING STA-1650] /home/ubuntu/GitHub/sky130-trng/.loom/worktrees/issue-236/sim/digital-electrical-repair/requests/.klt/place-and-route/trng_digital_route.spef line 7479, net $10997 not found.
[WARNING STA-1650] /home/ubuntu/GitHub/sky130-trng/.loom/worktrees/issue-236/sim/digital-electrical-repair/requests/.klt/place-and-route/trng_digital_route.spef line 7492, net $10998 not found.
[WARNING STA-1650] /home/ubuntu/GitHub/sky130-trng/.loom/worktrees/issue-236/sim/digital-electrical-repair/requests/.klt/place-and-route/trng_digital_route.spef line 7506, net $11000 not found.
[WARNING STA-1650] /home/ubuntu/GitHub/sky130-trng/.loom/worktrees/issue-236/sim/digital-electrical-repair/requests/.klt/place-and-route/trng_digital_route.spef line 7515, net $11001 not found.
[WARNING STA-1650] /home/ubuntu/GitHub/sky130-trng/.loom/worktrees/issue-236/sim/digital-electrical-repair/requests/.klt/place-and-route/trng_digital_route.spef line 7524, net $11002 not found.
[WARNING STA-1650] /home/ubuntu/GitHub/sky130-trng/.loom/worktrees/issue-236/sim/digital-electrical-repair/requests/.klt/place-and-route/trng_digital_route.spef line 7537, net $11003 not found.
[WARNING STA-1650] /home/ubuntu/GitHub/sky130-trng/.loom/worktrees/issue-236/sim/digital-electrical-repair/requests/.klt/place-and-route/trng_digital_route.spef line 7563, net $11004 not found.
[WARNING STA-1650] /home/ubuntu/GitHub/sky130-trng/.loom/worktrees/issue-236/sim/digital-electrical-repair/requests/.klt/place-and-route/trng_digital_route.spef line 7586, net $11005 not found.
[WARNING STA-1650] /home/ubuntu/GitHub/sky130-trng/.loom/worktrees/issue-236/sim/digital-electrical-repair/requests/.klt/place-and-route/trng_digital_route.spef line 7597, net $11006 not found.
[WARNING STA-1650] /home/ubuntu/GitHub/sky130-trng/.loom/worktrees/issue-236/sim/digital-electrical-repair/requests/.klt/place-and-route/trng_digital_route.spef line 7610, net $11007 not found.
[WARNING STA-1650] /home/ubuntu/GitHub/sky130-trng/.loom/worktrees/issue-236/sim/digital-electrical-repair/requests/.klt/place-and-route/trng_digital_route.spef line 7624, net $11008 not found.
[WARNING STA-1650] /home/ubuntu/GitHub/sky130-trng/.loom/worktrees/issue-236/sim/digital-electrical-repair/requests/.klt/place-and-route/trng_digital_route.spef line 7639, net $1103 not found.
[WARNING STA-1650] /home/ubuntu/GitHub/sky130-trng/.loom/worktrees/issue-236/sim/digital-electrical-repair/requests/.klt/place-and-route/trng_digital_route.spef line 7648, net $1104 not found.
[WARNING STA-1650] /home/ubuntu/GitHub/sky130-trng/.loom/worktrees/issue-236/sim/digital-electrical-repair/requests/.klt/place-and-route/trng_digital_route.spef line 7656, net $11044 not found.
[WARNING STA-1650] /home/ubuntu/GitHub/sky130-trng/.loom/worktrees/issue-236/sim/digital-electrical-repair/requests/.klt/place-and-route/trng_digital_route.spef line 7669, net $11045 not found.
[WARNING STA-1650] /home/ubuntu/GitHub/sky130-trng/.loom/worktrees/issue-236/sim/digital-electrical-repair/requests/.klt/place-and-route/trng_digital_route.spef line 7688, net $11047 not found.
[WARNING STA-1650] /home/ubuntu/GitHub/sky130-trng/.loom/worktrees/issue-236/sim/digital-electrical-repair/requests/.klt/place-and-route/trng_digital_route.spef line 7701, net $11049 not found.
[WARNING STA-1650] /home/ubuntu/GitHub/sky130-trng/.loom/worktrees/issue-236/sim/digital-electrical-repair/requests/.klt/place-and-route/trng_digital_route.spef line 7715, net $1105 not found.
[WARNING STA-1650] /home/ubuntu/GitHub/sky130-trng/.loom/worktrees/issue-236/sim/digital-electrical-repair/requests/.klt/place-and-route/trng_digital_route.spef line 7726, net $11051 not found.
[WARNING STA-1650] /home/ubuntu/GitHub/sky130-trng/.loom/worktrees/issue-236/sim/digital-electrical-repair/requests/.klt/place-and-route/trng_digital_route.spef line 7735, net $11052 not found.
[WARNING STA-1650] /home/ubuntu/GitHub/sky130-trng/.loom/worktrees/issue-236/sim/digital-electrical-repair/requests/.klt/place-and-route/trng_digital_route.spef line 7752, net $11054 not found.
[WARNING STA-1650] /home/ubuntu/GitHub/sky130-trng/.loom/worktrees/issue-236/sim/digital-electrical-repair/requests/.klt/place-and-route/trng_digital_route.spef line 7765, net $11055 not found.
[WARNING STA-1650] /home/ubuntu/GitHub/sky130-trng/.loom/worktrees/issue-236/sim/digital-electrical-repair/requests/.klt/place-and-route/trng_digital_route.spef line 7775, net $11057 not found.
[WARNING STA-1650] /home/ubuntu/GitHub/sky130-trng/.loom/worktrees/issue-236/sim/digital-electrical-repair/requests/.klt/place-and-route/trng_digital_route.spef line 7788, net $11058 not found.
[WARNING STA-1650] /home/ubuntu/GitHub/sky130-trng/.loom/worktrees/issue-236/sim/digital-electrical-repair/requests/.klt/place-and-route/trng_digital_route.spef line 7797, net $11059 not found.
[WARNING STA-1650] /home/ubuntu/GitHub/sky130-trng/.loom/worktrees/issue-236/sim/digital-electrical-repair/requests/.klt/place-and-route/trng_digital_route.spef line 7811, net $11060 not found.
[WARNING STA-1650] /home/ubuntu/GitHub/sky130-trng/.loom/worktrees/issue-236/sim/digital-electrical-repair/requests/.klt/place-and-route/trng_digital_route.spef line 7820, net $11061 not found.
[WARNING STA-1650] /home/ubuntu/GitHub/sky130-trng/.loom/worktrees/issue-236/sim/digital-electrical-repair/requests/.klt/place-and-route/trng_digital_route.spef line 7829, net $11062 not found.
[WARNING STA-1650] /home/ubuntu/GitHub/sky130-trng/.loom/worktrees/issue-236/sim/digital-electrical-repair/requests/.klt/place-and-route/trng_digital_route.spef line 7838, net $11063 not found.
[WARNING STA-1650] /home/ubuntu/GitHub/sky130-trng/.loom/worktrees/issue-236/sim/digital-electrical-repair/requests/.klt/place-and-route/trng_digital_route.spef line 7847, net $11064 not found.
[WARNING STA-1650] /home/ubuntu/GitHub/sky130-trng/.loom/worktrees/issue-236/sim/digital-electrical-repair/requests/.klt/place-and-route/trng_digital_route.spef line 7856, net $11065 not found.
[WARNING STA-1650] /home/ubuntu/GitHub/sky130-trng/.loom/worktrees/issue-236/sim/digital-electrical-repair/requests/.klt/place-and-route/trng_digital_route.spef line 7865, net $1107 not found.
[WARNING STA-1650] /home/ubuntu/GitHub/sky130-trng/.loom/worktrees/issue-236/sim/digital-electrical-repair/requests/.klt/place-and-route/trng_digital_route.spef line 7878, net $1108 not found.
[WARNING STA-1650] /home/ubuntu/GitHub/sky130-trng/.loom/worktrees/issue-236/sim/digital-electrical-repair/requests/.klt/place-and-route/trng_digital_route.spef line 7888, net $11082 not found.
[WARNING STA-1650] /home/ubuntu/GitHub/sky130-trng/.loom/worktrees/issue-236/sim/digital-electrical-repair/requests/.klt/place-and-route/trng_digital_route.spef line 7897, net $11084 not found.
[WARNING STA-1650] /home/ubuntu/GitHub/sky130-trng/.loom/worktrees/issue-236/sim/digital-electrical-repair/requests/.klt/place-and-route/trng_digital_route.spef line 7910, net $11085 not found.
[WARNING STA-1650] /home/ubuntu/GitHub/sky130-trng/.loom/worktrees/issue-236/sim/digital-electrical-repair/requests/.klt/place-and-route/trng_digital_route.spef line 7919, net $11087 not found.
[WARNING STA-1650] /home/ubuntu/GitHub/sky130-trng/.loom/worktrees/issue-236/sim/digital-electrical-repair/requests/.klt/place-and-route/trng_digital_route.spef line 7929, net $11088 not found.
[WARNING STA-1650] /home/ubuntu/GitHub/sky130-trng/.loom/worktrees/issue-236/sim/digital-electrical-repair/requests/.klt/place-and-route/trng_digital_route.spef line 7950, net $11089 not found.
[WARNING STA-1650] /home/ubuntu/GitHub/sky130-trng/.loom/worktrees/issue-236/sim/digital-electrical-repair/requests/.klt/place-and-route/trng_digital_route.spef line 7969, net $11091 not found.
[WARNING STA-1650] /home/ubuntu/GitHub/sky130-trng/.loom/worktrees/issue-236/sim/digital-electrical-repair/requests/.klt/place-and-route/trng_digital_route.spef line 7979, net $11092 not found.
[WARNING STA-1650] /home/ubuntu/GitHub/sky130-trng/.loom/worktrees/issue-236/sim/digital-electrical-repair/requests/.klt/place-and-route/trng_digital_route.spef line 7993, net $11093 not found.
[WARNING STA-1650] /home/ubuntu/GitHub/sky130-trng/.loom/worktrees/issue-236/sim/digital-electrical-repair/requests/.klt/place-and-route/trng_digital_route.spef line 8005, net $11094 not found.
[WARNING STA-1650] /home/ubuntu/GitHub/sky130-trng/.loom/worktrees/issue-236/sim/digital-electrical-repair/requests/.klt/place-and-route/trng_digital_route.spef line 8021, net $11095 not found.
[WARNING STA-1650] /home/ubuntu/GitHub/sky130-trng/.loom/worktrees/issue-236/sim/digital-electrical-repair/requests/.klt/place-and-route/trng_digital_route.spef line 8032, net $11096 not found.
[WARNING STA-1650] /home/ubuntu/GitHub/sky130-trng/.loom/worktrees/issue-236/sim/digital-electrical-repair/requests/.klt/place-and-route/trng_digital_route.spef line 8043, net $11097 not found.
[WARNING STA-1650] /home/ubuntu/GitHub/sky130-trng/.loom/worktrees/issue-236/sim/digital-electrical-repair/requests/.klt/place-and-route/trng_digital_route.spef line 8066, net $11098 not found.
[WARNING STA-1650] /home/ubuntu/GitHub/sky130-trng/.loom/worktrees/issue-236/sim/digital-electrical-repair/requests/.klt/place-and-route/trng_digital_route.spef line 8086, net $111 not found.
[WARNING STA-1650] /home/ubuntu/GitHub/sky130-trng/.loom/worktrees/issue-236/sim/digital-electrical-repair/requests/.klt/place-and-route/trng_digital_route.spef line 8101, net $1110 not found.
[WARNING STA-1650] /home/ubuntu/GitHub/sky130-trng/.loom/worktrees/issue-236/sim/digital-electrical-repair/requests/.klt/place-and-route/trng_digital_route.spef line 8117, net $11100 not found.
[WARNING STA-1650] /home/ubuntu/GitHub/sky130-trng/.loom/worktrees/issue-236/sim/digital-electrical-repair/requests/.klt/place-and-route/trng_digital_route.spef line 8129, net $11101 not found.
[WARNING STA-1650] /home/ubuntu/GitHub/sky130-trng/.loom/worktrees/issue-236/sim/digital-electrical-repair/requests/.klt/place-and-route/trng_digital_route.spef line 8142, net $11102 not found.
[WARNING STA-1650] /home/ubuntu/GitHub/sky130-trng/.loom/worktrees/issue-236/sim/digital-electrical-repair/requests/.klt/place-and-route/trng_digital_route.spef line 8151, net $11103 not found.
[WARNING STA-1650] /home/ubuntu/GitHub/sky130-trng/.loom/worktrees/issue-236/sim/digital-electrical-repair/requests/.klt/place-and-route/trng_digital_route.spef line 8164, net $11104 not found.
[WARNING STA-1650] /home/ubuntu/GitHub/sky130-trng/.loom/worktrees/issue-236/sim/digital-electrical-repair/requests/.klt/place-and-route/trng_digital_route.spef line 8177, net $11105 not found.
[WARNING STA-1650] /home/ubuntu/GitHub/sky130-trng/.loom/worktrees/issue-236/sim/digital-electrical-repair/requests/.klt/place-and-route/trng_digital_route.spef line 8191, net $11106 not found.
[WARNING STA-1650] /home/ubuntu/GitHub/sky130-trng/.loom/worktrees/issue-236/sim/digital-electrical-repair/requests/.klt/place-and-route/trng_digital_route.spef line 8210, net $11107 not found.
[WARNING STA-1650] /home/ubuntu/GitHub/sky130-trng/.loom/worktrees/issue-236/sim/digital-electrical-repair/requests/.klt/place-and-route/trng_digital_route.spef line 8237, net $11108 not found.
[WARNING STA-1650] /home/ubuntu/GitHub/sky130-trng/.loom/worktrees/issue-236/sim/digital-electrical-repair/requests/.klt/place-and-route/trng_digital_route.spef line 8262, net $11110 not found.
[WARNING STA-1650] /home/ubuntu/GitHub/sky130-trng/.loom/worktrees/issue-236/sim/digital-electrical-repair/requests/.klt/place-and-route/trng_digital_route.spef line 8276, net $11111 not found.
[WARNING STA-1650] /home/ubuntu/GitHub/sky130-trng/.loom/worktrees/issue-236/sim/digital-electrical-repair/requests/.klt/place-and-route/trng_digital_route.spef line 8291, net $11112 not found.
[WARNING STA-1650] /home/ubuntu/GitHub/sky130-trng/.loom/worktrees/issue-236/sim/digital-electrical-repair/requests/.klt/place-and-route/trng_digital_route.spef line 8301, net $11113 not found.
[WARNING STA-1650] /home/ubuntu/GitHub/sky130-trng/.loom/worktrees/issue-236/sim/digital-electrical-repair/requests/.klt/place-and-route/trng_digital_route.spef line 8316, net $11114 not found.
[WARNING STA-1650] /home/ubuntu/GitHub/sky130-trng/.loom/worktrees/issue-236/sim/digital-electrical-repair/requests/.klt/place-and-route/trng_digital_route.spef line 8332, net $11115 not found.
[WARNING STA-1650] /home/ubuntu/GitHub/sky130-trng/.loom/worktrees/issue-236/sim/digital-electrical-repair/requests/.klt/place-and-route/trng_digital_route.spef line 8349, net $11117 not found.
[WARNING STA-1650] /home/ubuntu/GitHub/sky130-trng/.loom/worktrees/issue-236/sim/digital-electrical-repair/requests/.klt/place-and-route/trng_digital_route.spef line 8359, net $11119 not found.
[WARNING STA-1650] /home/ubuntu/GitHub/sky130-trng/.loom/worktrees/issue-236/sim/digital-electrical-repair/requests/.klt/place-and-route/trng_digital_route.spef line 8381, net $11120 not found.
[WARNING STA-1650] /home/ubuntu/GitHub/sky130-trng/.loom/worktrees/issue-236/sim/digital-electrical-repair/requests/.klt/place-and-route/trng_digital_route.spef line 8401, net $11121 not found.
[WARNING STA-1650] /home/ubuntu/GitHub/sky130-trng/.loom/worktrees/issue-236/sim/digital-electrical-repair/requests/.klt/place-and-route/trng_digital_route.spef line 8414, net $11122 not found.
[WARNING STA-1650] /home/ubuntu/GitHub/sky130-trng/.loom/worktrees/issue-236/sim/digital-electrical-repair/requests/.klt/place-and-route/trng_digital_route.spef line 8429, net $11123 not found.
[WARNING STA-1650] /home/ubuntu/GitHub/sky130-trng/.loom/worktrees/issue-236/sim/digital-electrical-repair/requests/.klt/place-and-route/trng_digital_route.spef line 8439, net $11124 not found.
[WARNING STA-1650] /home/ubuntu/GitHub/sky130-trng/.loom/worktrees/issue-236/sim/digital-electrical-repair/requests/.klt/place-and-route/trng_digital_route.spef line 8454, net $11125 not found.
[WARNING STA-1650] /home/ubuntu/GitHub/sky130-trng/.loom/worktrees/issue-236/sim/digital-electrical-repair/requests/.klt/place-and-route/trng_digital_route.spef line 8469, net $11126 not found.
[WARNING STA-1650] /home/ubuntu/GitHub/sky130-trng/.loom/worktrees/issue-236/sim/digital-electrical-repair/requests/.klt/place-and-route/trng_digital_route.spef line 8485, net $11127 not found.
[WARNING STA-1650] /home/ubuntu/GitHub/sky130-trng/.loom/worktrees/issue-236/sim/digital-electrical-repair/requests/.klt/place-and-route/trng_digital_route.spef line 8497, net $11129 not found.
[WARNING STA-1650] /home/ubuntu/GitHub/sky130-trng/.loom/worktrees/issue-236/sim/digital-electrical-repair/requests/.klt/place-and-route/trng_digital_route.spef line 8521, net $1113 not found.
[WARNING STA-1650] /home/ubuntu/GitHub/sky130-trng/.loom/worktrees/issue-236/sim/digital-electrical-repair/requests/.klt/place-and-route/trng_digital_route.spef line 8534, net $11130 not found.
[WARNING STA-1650] /home/ubuntu/GitHub/sky130-trng/.loom/worktrees/issue-236/sim/digital-electrical-repair/requests/.klt/place-and-route/trng_digital_route.spef line 8555, net $11131 not found.
[WARNING STA-1650] /home/ubuntu/GitHub/sky130-trng/.loom/worktrees/issue-236/sim/digital-electrical-repair/requests/.klt/place-and-route/trng_digital_route.spef line 8566, net $11132 not found.
[WARNING STA-1650] /home/ubuntu/GitHub/sky130-trng/.loom/worktrees/issue-236/sim/digital-electrical-repair/requests/.klt/place-and-route/trng_digital_route.spef line 8578, net $11133 not found.
[WARNING STA-1650] /home/ubuntu/GitHub/sky130-trng/.loom/worktrees/issue-236/sim/digital-electrical-repair/requests/.klt/place-and-route/trng_digital_route.spef line 8587, net $11134 not found.
[WARNING STA-1650] /home/ubuntu/GitHub/sky130-trng/.loom/worktrees/issue-236/sim/digital-electrical-repair/requests/.klt/place-and-route/trng_digital_route.spef line 8601, net $11135 not found.
[WARNING STA-1650] /home/ubuntu/GitHub/sky130-trng/.loom/worktrees/issue-236/sim/digital-electrical-repair/requests/.klt/place-and-route/trng_digital_route.spef line 8616, net $11136 not found.
[WARNING STA-1650] /home/ubuntu/GitHub/sky130-trng/.loom/worktrees/issue-236/sim/digital-electrical-repair/requests/.klt/place-and-route/trng_digital_route.spef line 8632, net $1114 not found.
[WARNING STA-1650] /home/ubuntu/GitHub/sky130-trng/.loom/worktrees/issue-236/sim/digital-electrical-repair/requests/.klt/place-and-route/trng_digital_route.spef line 8641, net $11140 not found.
[WARNING STA-1650] /home/ubuntu/GitHub/sky130-trng/.loom/worktrees/issue-236/sim/digital-electrical-repair/requests/.klt/place-and-route/trng_digital_route.spef line 8651, net $11142 not found.
[WARNING STA-1650] /home/ubuntu/GitHub/sky130-trng/.loom/worktrees/issue-236/sim/digital-electrical-repair/requests/.klt/place-and-route/trng_digital_route.spef line 8664, net $11143 not found.
[WARNING STA-1650] /home/ubuntu/GitHub/sky130-trng/.loom/worktrees/issue-236/sim/digital-electrical-repair/requests/.klt/place-and-route/trng_digital_route.spef line 8673, net $11145 not found.
[WARNING STA-1650] /home/ubuntu/GitHub/sky130-trng/.loom/worktrees/issue-236/sim/digital-electrical-repair/requests/.klt/place-and-route/trng_digital_route.spef line 8686, net $11147 not found.
[WARNING STA-1650] /home/ubuntu/GitHub/sky130-trng/.loom/worktrees/issue-236/sim/digital-electrical-repair/requests/.klt/place-and-route/trng_digital_route.spef line 8709, net $11148 not found.
[WARNING STA-1650] /home/ubuntu/GitHub/sky130-trng/.loom/worktrees/issue-236/sim/digital-electrical-repair/requests/.klt/place-and-route/trng_digital_route.spef line 8729, net $11149 not found.
[WARNING STA-1650] /home/ubuntu/GitHub/sky130-trng/.loom/worktrees/issue-236/sim/digital-electrical-repair/requests/.klt/place-and-route/trng_digital_route.spef line 8739, net $11150 not found.
[WARNING STA-1650] /home/ubuntu/GitHub/sky130-trng/.loom/worktrees/issue-236/sim/digital-electrical-repair/requests/.klt/place-and-route/trng_digital_route.spef line 8751, net $11151 not found.
[WARNING STA-1650] /home/ubuntu/GitHub/sky130-trng/.loom/worktrees/issue-236/sim/digital-electrical-repair/requests/.klt/place-and-route/trng_digital_route.spef line 8760, net $11152 not found.
[WARNING STA-1650] /home/ubuntu/GitHub/sky130-trng/.loom/worktrees/issue-236/sim/digital-electrical-repair/requests/.klt/place-and-route/trng_digital_route.spef line 8773, net $11153 not found.
[WARNING STA-1650] /home/ubuntu/GitHub/sky130-trng/.loom/worktrees/issue-236/sim/digital-electrical-repair/requests/.klt/place-and-route/trng_digital_route.spef line 8786, net $11154 not found.
[WARNING STA-1650] /home/ubuntu/GitHub/sky130-trng/.loom/worktrees/issue-236/sim/digital-electrical-repair/requests/.klt/place-and-route/trng_digital_route.spef line 8800, net $11156 not found.
[WARNING STA-1650] /home/ubuntu/GitHub/sky130-trng/.loom/worktrees/issue-236/sim/digital-electrical-repair/requests/.klt/place-and-route/trng_digital_route.spef line 8810, net $11157 not found.
[WARNING STA-1650] /home/ubuntu/GitHub/sky130-trng/.loom/worktrees/issue-236/sim/digital-electrical-repair/requests/.klt/place-and-route/trng_digital_route.spef line 8831, net $11158 not found.
[WARNING STA-1650] /home/ubuntu/GitHub/sky130-trng/.loom/worktrees/issue-236/sim/digital-electrical-repair/requests/.klt/place-and-route/trng_digital_route.spef line 8850, net $11159 not found.
[WARNING STA-1650] /home/ubuntu/GitHub/sky130-trng/.loom/worktrees/issue-236/sim/digital-electrical-repair/requests/.klt/place-and-route/trng_digital_route.spef line 8861, net $11160 not found.
[WARNING STA-1650] /home/ubuntu/GitHub/sky130-trng/.loom/worktrees/issue-236/sim/digital-electrical-repair/requests/.klt/place-and-route/trng_digital_route.spef line 8874, net $11161 not found.
[WARNING STA-1650] /home/ubuntu/GitHub/sky130-trng/.loom/worktrees/issue-236/sim/digital-electrical-repair/requests/.klt/place-and-route/trng_digital_route.spef line 8883, net $11162 not found.
[WARNING STA-1650] /home/ubuntu/GitHub/sky130-trng/.loom/worktrees/issue-236/sim/digital-electrical-repair/requests/.klt/place-and-route/trng_digital_route.spef line 8897, net $11163 not found.
[WARNING STA-1650] /home/ubuntu/GitHub/sky130-trng/.loom/worktrees/issue-236/sim/digital-electrical-repair/requests/.klt/place-and-route/trng_digital_route.spef line 8911, net $11164 not found.
[WARNING STA-1650] /home/ubuntu/GitHub/sky130-trng/.loom/worktrees/issue-236/sim/digital-electrical-repair/requests/.klt/place-and-route/trng_digital_route.spef line 8926, net $11188 not found.
[WARNING STA-1650] /home/ubuntu/GitHub/sky130-trng/.loom/worktrees/issue-236/sim/digital-electrical-repair/requests/.klt/place-and-route/trng_digital_route.spef line 8934, net $11189 not found.
[WARNING STA-1650] /home/ubuntu/GitHub/sky130-trng/.loom/worktrees/issue-236/sim/digital-electrical-repair/requests/.klt/place-and-route/trng_digital_route.spef line 8943, net $11190 not found.
[WARNING STA-1650] /home/ubuntu/GitHub/sky130-trng/.loom/worktrees/issue-236/sim/digital-electrical-repair/requests/.klt/place-and-route/trng_digital_route.spef line 8952, net $11191 not found.
[WARNING STA-1650] /home/ubuntu/GitHub/sky130-trng/.loom/worktrees/issue-236/sim/digital-electrical-repair/requests/.klt/place-and-route/trng_digital_route.spef line 8960, net $11192 not found.
[WARNING STA-1650] /home/ubuntu/GitHub/sky130-trng/.loom/worktrees/issue-236/sim/digital-electrical-repair/requests/.klt/place-and-route/trng_digital_route.spef line 8971, net $11193 not found.
[WARNING STA-1650] /home/ubuntu/GitHub/sky130-trng/.loom/worktrees/issue-236/sim/digital-electrical-repair/requests/.klt/place-and-route/trng_digital_route.spef line 8981, net $11194 not found.
[WARNING STA-1650] /home/ubuntu/GitHub/sky130-trng/.loom/worktrees/issue-236/sim/digital-electrical-repair/requests/.klt/place-and-route/trng_digital_route.spef line 8990, net $11195 not found.
[WARNING STA-1650] /home/ubuntu/GitHub/sky130-trng/.loom/worktrees/issue-236/sim/digital-electrical-repair/requests/.klt/place-and-route/trng_digital_route.spef line 8999, net $11196 not found.
[WARNING STA-1650] /home/ubuntu/GitHub/sky130-trng/.loom/worktrees/issue-236/sim/digital-electrical-repair/requests/.klt/place-and-route/trng_digital_route.spef line 9009, net $11197 not found.
[WARNING STA-1650] /home/ubuntu/GitHub/sky130-trng/.loom/worktrees/issue-236/sim/digital-electrical-repair/requests/.klt/place-and-route/trng_digital_route.spef line 9019, net $11198 not found.
[WARNING STA-1650] /home/ubuntu/GitHub/sky130-trng/.loom/worktrees/issue-236/sim/digital-electrical-repair/requests/.klt/place-and-route/trng_digital_route.spef line 9029, net $112 not found.
[WARNING STA-1650] /home/ubuntu/GitHub/sky130-trng/.loom/worktrees/issue-236/sim/digital-electrical-repair/requests/.klt/place-and-route/trng_digital_route.spef line 9044, net $11233 not found.
[WARNING STA-1650] /home/ubuntu/GitHub/sky130-trng/.loom/worktrees/issue-236/sim/digital-electrical-repair/requests/.klt/place-and-route/trng_digital_route.spef line 9069, net $11234 not found.
[WARNING STA-1650] /home/ubuntu/GitHub/sky130-trng/.loom/worktrees/issue-236/sim/digital-electrical-repair/requests/.klt/place-and-route/trng_digital_route.spef line 9091, net $11235 not found.
[WARNING STA-1650] /home/ubuntu/GitHub/sky130-trng/.loom/worktrees/issue-236/sim/digital-electrical-repair/requests/.klt/place-and-route/trng_digital_route.spef line 9101, net $11236 not found.
[WARNING STA-1650] /home/ubuntu/GitHub/sky130-trng/.loom/worktrees/issue-236/sim/digital-electrical-repair/requests/.klt/place-and-route/trng_digital_route.spef line 9113, net $11237 not found.
[WARNING STA-1650] /home/ubuntu/GitHub/sky130-trng/.loom/worktrees/issue-236/sim/digital-electrical-repair/requests/.klt/place-and-route/trng_digital_route.spef line 9126, net $11238 not found.
[WARNING STA-1650] /home/ubuntu/GitHub/sky130-trng/.loom/worktrees/issue-236/sim/digital-electrical-repair/requests/.klt/place-and-route/trng_digital_route.spef line 9141, net $11239 not found.
[WARNING STA-1650] /home/ubuntu/GitHub/sky130-trng/.loom/worktrees/issue-236/sim/digital-electrical-repair/requests/.klt/place-and-route/trng_digital_route.spef line 9163, net $11240 not found.
[WARNING STA-1650] /home/ubuntu/GitHub/sky130-trng/.loom/worktrees/issue-236/sim/digital-electrical-repair/requests/.klt/place-and-route/trng_digital_route.spef line 9183, net $11241 not found.
[WARNING STA-1650] /home/ubuntu/GitHub/sky130-trng/.loom/worktrees/issue-236/sim/digital-electrical-repair/requests/.klt/place-and-route/trng_digital_route.spef line 9193, net $11242 not found.
[WARNING STA-1650] /home/ubuntu/GitHub/sky130-trng/.loom/worktrees/issue-236/sim/digital-electrical-repair/requests/.klt/place-and-route/trng_digital_route.spef line 9207, net $11243 not found.
[WARNING STA-1650] /home/ubuntu/GitHub/sky130-trng/.loom/worktrees/issue-236/sim/digital-electrical-repair/requests/.klt/place-and-route/trng_digital_route.spef line 9220, net $11244 not found.
[WARNING STA-1650] /home/ubuntu/GitHub/sky130-trng/.loom/worktrees/issue-236/sim/digital-electrical-repair/requests/.klt/place-and-route/trng_digital_route.spef line 9238, net $11245 not found.
[WARNING STA-1650] /home/ubuntu/GitHub/sky130-trng/.loom/worktrees/issue-236/sim/digital-electrical-repair/requests/.klt/place-and-route/trng_digital_route.spef line 9250, net $11246 not found.
[WARNING STA-1650] /home/ubuntu/GitHub/sky130-trng/.loom/worktrees/issue-236/sim/digital-electrical-repair/requests/.klt/place-and-route/trng_digital_route.spef line 9262, net $11248 not found.
[WARNING STA-1650] /home/ubuntu/GitHub/sky130-trng/.loom/worktrees/issue-236/sim/digital-electrical-repair/requests/.klt/place-and-route/trng_digital_route.spef line 9272, net $11249 not found.
[WARNING STA-1650] /home/ubuntu/GitHub/sky130-trng/.loom/worktrees/issue-236/sim/digital-electrical-repair/requests/.klt/place-and-route/trng_digital_route.spef line 9286, net $11251 not found.
[WARNING STA-1650] /home/ubuntu/GitHub/sky130-trng/.loom/worktrees/issue-236/sim/digital-electrical-repair/requests/.klt/place-and-route/trng_digital_route.spef line 9304, net $11252 not found.
[WARNING STA-1650] /home/ubuntu/GitHub/sky130-trng/.loom/worktrees/issue-236/sim/digital-electrical-repair/requests/.klt/place-and-route/trng_digital_route.spef line 9327, net $11253 not found.
[WARNING STA-1650] /home/ubuntu/GitHub/sky130-trng/.loom/worktrees/issue-236/sim/digital-electrical-repair/requests/.klt/place-and-route/trng_digital_route.spef line 9348, net $11254 not found.
[WARNING STA-1650] /home/ubuntu/GitHub/sky130-trng/.loom/worktrees/issue-236/sim/digital-electrical-repair/requests/.klt/place-and-route/trng_digital_route.spef line 9360, net $11255 not found.
[WARNING STA-1650] /home/ubuntu/GitHub/sky130-trng/.loom/worktrees/issue-236/sim/digital-electrical-repair/requests/.klt/place-and-route/trng_digital_route.spef line 9374, net $11256 not found.
[WARNING STA-1650] /home/ubuntu/GitHub/sky130-trng/.loom/worktrees/issue-236/sim/digital-electrical-repair/requests/.klt/place-and-route/trng_digital_route.spef line 9389, net $11257 not found.
[WARNING STA-1650] /home/ubuntu/GitHub/sky130-trng/.loom/worktrees/issue-236/sim/digital-electrical-repair/requests/.klt/place-and-route/trng_digital_route.spef line 9405, net $11261 not found.
[WARNING STA-1650] /home/ubuntu/GitHub/sky130-trng/.loom/worktrees/issue-236/sim/digital-electrical-repair/requests/.klt/place-and-route/trng_digital_route.spef line 9430, net $11262 not found.
[WARNING STA-1650] /home/ubuntu/GitHub/sky130-trng/.loom/worktrees/issue-236/sim/digital-electrical-repair/requests/.klt/place-and-route/trng_digital_route.spef line 9450, net $11264 not found.
[WARNING STA-1650] /home/ubuntu/GitHub/sky130-trng/.loom/worktrees/issue-236/sim/digital-electrical-repair/requests/.klt/place-and-route/trng_digital_route.spef line 9462, net $11265 not found.
[WARNING STA-1650] /home/ubuntu/GitHub/sky130-trng/.loom/worktrees/issue-236/sim/digital-electrical-repair/requests/.klt/place-and-route/trng_digital_route.spef line 9477, net $11266 not found.
[WARNING STA-1650] /home/ubuntu/GitHub/sky130-trng/.loom/worktrees/issue-236/sim/digital-electrical-repair/requests/.klt/place-and-route/trng_digital_route.spef line 9490, net $11267 not found.
[WARNING STA-1650] /home/ubuntu/GitHub/sky130-trng/.loom/worktrees/issue-236/sim/digital-electrical-repair/requests/.klt/place-and-route/trng_digital_route.spef line 9507, net $11268 not found.
[WARNING STA-1650] /home/ubuntu/GitHub/sky130-trng/.loom/worktrees/issue-236/sim/digital-electrical-repair/requests/.klt/place-and-route/trng_digital_route.spef line 9519, net $11269 not found.
[WARNING STA-1650] /home/ubuntu/GitHub/sky130-trng/.loom/worktrees/issue-236/sim/digital-electrical-repair/requests/.klt/place-and-route/trng_digital_route.spef line 9531, net $11272 not found.
[WARNING STA-1650] /home/ubuntu/GitHub/sky130-trng/.loom/worktrees/issue-236/sim/digital-electrical-repair/requests/.klt/place-and-route/trng_digital_route.spef line 9554, net $11273 not found.
[WARNING STA-1650] /home/ubuntu/GitHub/sky130-trng/.loom/worktrees/issue-236/sim/digital-electrical-repair/requests/.klt/place-and-route/trng_digital_route.spef line 9573, net $11274 not found.
[WARNING STA-1650] /home/ubuntu/GitHub/sky130-trng/.loom/worktrees/issue-236/sim/digital-electrical-repair/requests/.klt/place-and-route/trng_digital_route.spef line 9585, net $11275 not found.
[WARNING STA-1650] /home/ubuntu/GitHub/sky130-trng/.loom/worktrees/issue-236/sim/digital-electrical-repair/requests/.klt/place-and-route/trng_digital_route.spef line 9601, net $11276 not found.
[WARNING STA-1650] /home/ubuntu/GitHub/sky130-trng/.loom/worktrees/issue-236/sim/digital-electrical-repair/requests/.klt/place-and-route/trng_digital_route.spef line 9615, net $11277 not found.
[WARNING STA-1650] /home/ubuntu/GitHub/sky130-trng/.loom/worktrees/issue-236/sim/digital-electrical-repair/requests/.klt/place-and-route/trng_digital_route.spef line 9633, net $11278 not found.
[WARNING STA-1650] /home/ubuntu/GitHub/sky130-trng/.loom/worktrees/issue-236/sim/digital-electrical-repair/requests/.klt/place-and-route/trng_digital_route.spef line 9646, net $11279 not found.
[WARNING STA-1650] /home/ubuntu/GitHub/sky130-trng/.loom/worktrees/issue-236/sim/digital-electrical-repair/requests/.klt/place-and-route/trng_digital_route.spef line 9658, net $11280 not found.
[WARNING STA-1650] /home/ubuntu/GitHub/sky130-trng/.loom/worktrees/issue-236/sim/digital-electrical-repair/requests/.klt/place-and-route/trng_digital_route.spef line 9684, net $11281 not found.
[WARNING STA-1650] /home/ubuntu/GitHub/sky130-trng/.loom/worktrees/issue-236/sim/digital-electrical-repair/requests/.klt/place-and-route/trng_digital_route.spef line 9708, net $11282 not found.
[WARNING STA-1650] /home/ubuntu/GitHub/sky130-trng/.loom/worktrees/issue-236/sim/digital-electrical-repair/requests/.klt/place-and-route/trng_digital_route.spef line 9721, net $11283 not found.
[WARNING STA-1650] /home/ubuntu/GitHub/sky130-trng/.loom/worktrees/issue-236/sim/digital-electrical-repair/requests/.klt/place-and-route/trng_digital_route.spef line 9737, net $11284 not found.
[WARNING STA-1650] /home/ubuntu/GitHub/sky130-trng/.loom/worktrees/issue-236/sim/digital-electrical-repair/requests/.klt/place-and-route/trng_digital_route.spef line 9751, net $11285 not found.
[WARNING STA-1650] /home/ubuntu/GitHub/sky130-trng/.loom/worktrees/issue-236/sim/digital-electrical-repair/requests/.klt/place-and-route/trng_digital_route.spef line 9765, net $11288 not found.
[WARNING STA-1650] /home/ubuntu/GitHub/sky130-trng/.loom/worktrees/issue-236/sim/digital-electrical-repair/requests/.klt/place-and-route/trng_digital_route.spef line 9775, net $11289 not found.
[WARNING STA-1650] /home/ubuntu/GitHub/sky130-trng/.loom/worktrees/issue-236/sim/digital-electrical-repair/requests/.klt/place-and-route/trng_digital_route.spef line 9788, net $11293 not found.
[WARNING STA-1650] /home/ubuntu/GitHub/sky130-trng/.loom/worktrees/issue-236/sim/digital-electrical-repair/requests/.klt/place-and-route/trng_digital_route.spef line 9813, net $11294 not found.
[WARNING STA-1650] /home/ubuntu/GitHub/sky130-trng/.loom/worktrees/issue-236/sim/digital-electrical-repair/requests/.klt/place-and-route/trng_digital_route.spef line 9836, net $11295 not found.
[WARNING STA-1650] /home/ubuntu/GitHub/sky130-trng/.loom/worktrees/issue-236/sim/digital-electrical-repair/requests/.klt/place-and-route/trng_digital_route.spef line 9848, net $11296 not found.
[WARNING STA-1650] /home/ubuntu/GitHub/sky130-trng/.loom/worktrees/issue-236/sim/digital-electrical-repair/requests/.klt/place-and-route/trng_digital_route.spef line 9862, net $11297 not found.
[WARNING STA-1650] /home/ubuntu/GitHub/sky130-trng/.loom/worktrees/issue-236/sim/digital-electrical-repair/requests/.klt/place-and-route/trng_digital_route.spef line 9877, net $11298 not found.
[WARNING STA-1650] /home/ubuntu/GitHub/sky130-trng/.loom/worktrees/issue-236/sim/digital-electrical-repair/requests/.klt/place-and-route/trng_digital_route.spef line 9893, net $11336 not found.
[WARNING STA-1650] /home/ubuntu/GitHub/sky130-trng/.loom/worktrees/issue-236/sim/digital-electrical-repair/requests/.klt/place-and-route/trng_digital_route.spef line 9906, net $11338 not found.
[WARNING STA-1650] /home/ubuntu/GitHub/sky130-trng/.loom/worktrees/issue-236/sim/digital-electrical-repair/requests/.klt/place-and-route/trng_digital_route.spef line 9921, net $11339 not found.
[WARNING STA-1650] /home/ubuntu/GitHub/sky130-trng/.loom/worktrees/issue-236/sim/digital-electrical-repair/requests/.klt/place-and-route/trng_digital_route.spef line 9930, net $11341 not found.
[WARNING STA-1650] /home/ubuntu/GitHub/sky130-trng/.loom/worktrees/issue-236/sim/digital-electrical-repair/requests/.klt/place-and-route/trng_digital_route.spef line 9946, net $11342 not found.
[WARNING STA-1650] /home/ubuntu/GitHub/sky130-trng/.loom/worktrees/issue-236/sim/digital-electrical-repair/requests/.klt/place-and-route/trng_digital_route.spef line 9961, net $11343 not found.
[WARNING STA-1650] /home/ubuntu/GitHub/sky130-trng/.loom/worktrees/issue-236/sim/digital-electrical-repair/requests/.klt/place-and-route/trng_digital_route.spef line 9970, net $11345 not found.
[WARNING STA-1650] /home/ubuntu/GitHub/sky130-trng/.loom/worktrees/issue-236/sim/digital-electrical-repair/requests/.klt/place-and-route/trng_digital_route.spef line 9979, net $11346 not found.
[WARNING STA-1650] /home/ubuntu/GitHub/sky130-trng/.loom/worktrees/issue-236/sim/digital-electrical-repair/requests/.klt/place-and-route/trng_digital_route.spef line 9989, net $11347 not found.
[WARNING STA-1650] /home/ubuntu/GitHub/sky130-trng/.loom/worktrees/issue-236/sim/digital-electrical-repair/requests/.klt/place-and-route/trng_digital_route.spef line 9998, net $11367 not found.
[WARNING STA-1650] /home/ubuntu/GitHub/sky130-trng/.loom/worktrees/issue-236/sim/digital-electrical-repair/requests/.klt/place-and-route/trng_digital_route.spef line 10008, net $11368 not found.
[WARNING STA-1650] /home/ubuntu/GitHub/sky130-trng/.loom/worktrees/issue-236/sim/digital-electrical-repair/requests/.klt/place-and-route/trng_digital_route.spef line 10021, net $11370 not found.
[WARNING STA-1650] /home/ubuntu/GitHub/sky130-trng/.loom/worktrees/issue-236/sim/digital-electrical-repair/requests/.klt/place-and-route/trng_digital_route.spef line 10044, net $11371 not found.
[WARNING STA-1650] /home/ubuntu/GitHub/sky130-trng/.loom/worktrees/issue-236/sim/digital-electrical-repair/requests/.klt/place-and-route/trng_digital_route.spef line 10065, net $11373 not found.
[WARNING STA-1650] /home/ubuntu/GitHub/sky130-trng/.loom/worktrees/issue-236/sim/digital-electrical-repair/requests/.klt/place-and-route/trng_digital_route.spef line 10076, net $11374 not found.
[WARNING STA-1650] /home/ubuntu/GitHub/sky130-trng/.loom/worktrees/issue-236/sim/digital-electrical-repair/requests/.klt/place-and-route/trng_digital_route.spef line 10089, net $11375 not found.
[WARNING STA-1650] /home/ubuntu/GitHub/sky130-trng/.loom/worktrees/issue-236/sim/digital-electrical-repair/requests/.klt/place-and-route/trng_digital_route.spef line 10098, net $11376 not found.
[WARNING STA-1650] /home/ubuntu/GitHub/sky130-trng/.loom/worktrees/issue-236/sim/digital-electrical-repair/requests/.klt/place-and-route/trng_digital_route.spef line 10112, net $11377 not found.
[WARNING STA-1650] /home/ubuntu/GitHub/sky130-trng/.loom/worktrees/issue-236/sim/digital-electrical-repair/requests/.klt/place-and-route/trng_digital_route.spef line 10127, net $11378 not found.
[WARNING STA-1650] /home/ubuntu/GitHub/sky130-trng/.loom/worktrees/issue-236/sim/digital-electrical-repair/requests/.klt/place-and-route/trng_digital_route.spef line 10143, net $11379 not found.
[WARNING STA-1650] /home/ubuntu/GitHub/sky130-trng/.loom/worktrees/issue-236/sim/digital-electrical-repair/requests/.klt/place-and-route/trng_digital_route.spef line 10167, net $11380 not found.
[WARNING STA-1650] /home/ubuntu/GitHub/sky130-trng/.loom/worktrees/issue-236/sim/digital-electrical-repair/requests/.klt/place-and-route/trng_digital_route.spef line 10187, net $11382 not found.
[WARNING STA-1650] /home/ubuntu/GitHub/sky130-trng/.loom/worktrees/issue-236/sim/digital-electrical-repair/requests/.klt/place-and-route/trng_digital_route.spef line 10199, net $11383 not found.
[WARNING STA-1650] /home/ubuntu/GitHub/sky130-trng/.loom/worktrees/issue-236/sim/digital-electrical-repair/requests/.klt/place-and-route/trng_digital_route.spef line 10215, net $11384 not found.
[WARNING STA-1650] /home/ubuntu/GitHub/sky130-trng/.loom/worktrees/issue-236/sim/digital-electrical-repair/requests/.klt/place-and-route/trng_digital_route.spef line 10228, net $11385 not found.
[WARNING STA-1650] /home/ubuntu/GitHub/sky130-trng/.loom/worktrees/issue-236/sim/digital-electrical-repair/requests/.klt/place-and-route/trng_digital_route.spef line 10245, net $11386 not found.
[WARNING STA-1650] /home/ubuntu/GitHub/sky130-trng/.loom/worktrees/issue-236/sim/digital-electrical-repair/requests/.klt/place-and-route/trng_digital_route.spef line 10256, net $11387 not found.
[WARNING STA-1650] /home/ubuntu/GitHub/sky130-trng/.loom/worktrees/issue-236/sim/digital-electrical-repair/requests/.klt/place-and-route/trng_digital_route.spef line 10267, net $11388 not found.
[WARNING STA-1650] /home/ubuntu/GitHub/sky130-trng/.loom/worktrees/issue-236/sim/digital-electrical-repair/requests/.klt/place-and-route/trng_digital_route.spef line 10278, net $11390 not found.
[WARNING STA-1650] /home/ubuntu/GitHub/sky130-trng/.loom/worktrees/issue-236/sim/digital-electrical-repair/requests/.klt/place-and-route/trng_digital_route.spef line 10290, net $11391 not found.
[WARNING STA-1650] /home/ubuntu/GitHub/sky130-trng/.loom/worktrees/issue-236/sim/digital-electrical-repair/requests/.klt/place-and-route/trng_digital_route.spef line 10299, net $11392 not found.
[WARNING STA-1650] /home/ubuntu/GitHub/sky130-trng/.loom/worktrees/issue-236/sim/digital-electrical-repair/requests/.klt/place-and-route/trng_digital_route.spef line 10311, net $11393 not found.
[WARNING STA-1650] /home/ubuntu/GitHub/sky130-trng/.loom/worktrees/issue-236/sim/digital-electrical-repair/requests/.klt/place-and-route/trng_digital_route.spef line 10336, net $11394 not found.
[WARNING STA-1650] /home/ubuntu/GitHub/sky130-trng/.loom/worktrees/issue-236/sim/digital-electrical-repair/requests/.klt/place-and-route/trng_digital_route.spef line 10359, net $11396 not found.
[WARNING STA-1650] /home/ubuntu/GitHub/sky130-trng/.loom/worktrees/issue-236/sim/digital-electrical-repair/requests/.klt/place-and-route/trng_digital_route.spef line 10370, net $11397 not found.
[WARNING STA-1650] /home/ubuntu/GitHub/sky130-trng/.loom/worktrees/issue-236/sim/digital-electrical-repair/requests/.klt/place-and-route/trng_digital_route.spef line 10383, net $11398 not found.
[WARNING STA-1650] /home/ubuntu/GitHub/sky130-trng/.loom/worktrees/issue-236/sim/digital-electrical-repair/requests/.klt/place-and-route/trng_digital_route.spef line 10392, net $11399 not found.
[WARNING STA-1650] /home/ubuntu/GitHub/sky130-trng/.loom/worktrees/issue-236/sim/digital-electrical-repair/requests/.klt/place-and-route/trng_digital_route.spef line 10406, net $114 not found.
[WARNING STA-1650] /home/ubuntu/GitHub/sky130-trng/.loom/worktrees/issue-236/sim/digital-electrical-repair/requests/.klt/place-and-route/trng_digital_route.spef line 10421, net $11400 not found.
[WARNING STA-1650] /home/ubuntu/GitHub/sky130-trng/.loom/worktrees/issue-236/sim/digital-electrical-repair/requests/.klt/place-and-route/trng_digital_route.spef line 10436, net $11401 not found.
[WARNING STA-1650] /home/ubuntu/GitHub/sky130-trng/.loom/worktrees/issue-236/sim/digital-electrical-repair/requests/.klt/place-and-route/trng_digital_route.spef line 10453, net $11402 not found.
[WARNING STA-1650] /home/ubuntu/GitHub/sky130-trng/.loom/worktrees/issue-236/sim/digital-electrical-repair/requests/.klt/place-and-route/trng_digital_route.spef line 10465, net $11403 not found.
[WARNING STA-1650] /home/ubuntu/GitHub/sky130-trng/.loom/worktrees/issue-236/sim/digital-electrical-repair/requests/.klt/place-and-route/trng_digital_route.spef line 10479, net $11404 not found.
[WARNING STA-1650] /home/ubuntu/GitHub/sky130-trng/.loom/worktrees/issue-236/sim/digital-electrical-repair/requests/.klt/place-and-route/trng_digital_route.spef line 10502, net $11405 not found.
[WARNING STA-1650] /home/ubuntu/GitHub/sky130-trng/.loom/worktrees/issue-236/sim/digital-electrical-repair/requests/.klt/place-and-route/trng_digital_route.spef line 10523, net $11407 not found.
[WARNING STA-1650] /home/ubuntu/GitHub/sky130-trng/.loom/worktrees/issue-236/sim/digital-electrical-repair/requests/.klt/place-and-route/trng_digital_route.spef line 10536, net $11408 not found.
[WARNING STA-1650] /home/ubuntu/GitHub/sky130-trng/.loom/worktrees/issue-236/sim/digital-electrical-repair/requests/.klt/place-and-route/trng_digital_route.spef line 10553, net $11409 not found.
[WARNING STA-1650] /home/ubuntu/GitHub/sky130-trng/.loom/worktrees/issue-236/sim/digital-electrical-repair/requests/.klt/place-and-route/trng_digital_route.spef line 10567, net $1141 not found.
[WARNING STA-1650] /home/ubuntu/GitHub/sky130-trng/.loom/worktrees/issue-236/sim/digital-electrical-repair/requests/.klt/place-and-route/trng_digital_route.spef line 10581, net $11410 not found.
[WARNING STA-1650] /home/ubuntu/GitHub/sky130-trng/.loom/worktrees/issue-236/sim/digital-electrical-repair/requests/.klt/place-and-route/trng_digital_route.spef line 10599, net $11411 not found.
[WARNING STA-1650] /home/ubuntu/GitHub/sky130-trng/.loom/worktrees/issue-236/sim/digital-electrical-repair/requests/.klt/place-and-route/trng_digital_route.spef line 10612, net $11412 not found.
[WARNING STA-1650] /home/ubuntu/GitHub/sky130-trng/.loom/worktrees/issue-236/sim/digital-electrical-repair/requests/.klt/place-and-route/trng_digital_route.spef line 10625, net $11413 not found.
[WARNING STA-1650] /home/ubuntu/GitHub/sky130-trng/.loom/worktrees/issue-236/sim/digital-electrical-repair/requests/.klt/place-and-route/trng_digital_route.spef line 10635, net $11414 not found.
[WARNING STA-1650] /home/ubuntu/GitHub/sky130-trng/.loom/worktrees/issue-236/sim/digital-electrical-repair/requests/.klt/place-and-route/trng_digital_route.spef line 10647, net $11415 not found.
[WARNING STA-1650] /home/ubuntu/GitHub/sky130-trng/.loom/worktrees/issue-236/sim/digital-electrical-repair/requests/.klt/place-and-route/trng_digital_route.spef line 10670, net $11416 not found.
[WARNING STA-1650] /home/ubuntu/GitHub/sky130-trng/.loom/worktrees/issue-236/sim/digital-electrical-repair/requests/.klt/place-and-route/trng_digital_route.spef line 10691, net $11418 not found.
[WARNING STA-1650] /home/ubuntu/GitHub/sky130-trng/.loom/worktrees/issue-236/sim/digital-electrical-repair/requests/.klt/place-and-route/trng_digital_route.spef line 10703, net $11419 not found.
[WARNING STA-1650] /home/ubuntu/GitHub/sky130-trng/.loom/worktrees/issue-236/sim/digital-electrical-repair/requests/.klt/place-and-route/trng_digital_route.spef line 10717, net $1142 not found.
[WARNING STA-1650] /home/ubuntu/GitHub/sky130-trng/.loom/worktrees/issue-236/sim/digital-electrical-repair/requests/.klt/place-and-route/trng_digital_route.spef line 10727, net $11420 not found.
[WARNING STA-1650] /home/ubuntu/GitHub/sky130-trng/.loom/worktrees/issue-236/sim/digital-electrical-repair/requests/.klt/place-and-route/trng_digital_route.spef line 10736, net $11421 not found.
[WARNING STA-1650] /home/ubuntu/GitHub/sky130-trng/.loom/worktrees/issue-236/sim/digital-electrical-repair/requests/.klt/place-and-route/trng_digital_route.spef line 10750, net $11422 not found.
[WARNING STA-1650] /home/ubuntu/GitHub/sky130-trng/.loom/worktrees/issue-236/sim/digital-electrical-repair/requests/.klt/place-and-route/trng_digital_route.spef line 10765, net $11423 not found.
[WARNING STA-1650] /home/ubuntu/GitHub/sky130-trng/.loom/worktrees/issue-236/sim/digital-electrical-repair/requests/.klt/place-and-route/trng_digital_route.spef line 10781, net $11425 not found.
[WARNING STA-1650] /home/ubuntu/GitHub/sky130-trng/.loom/worktrees/issue-236/sim/digital-electrical-repair/requests/.klt/place-and-route/trng_digital_route.spef line 10791, net $11427 not found.
[WARNING STA-1650] /home/ubuntu/GitHub/sky130-trng/.loom/worktrees/issue-236/sim/digital-electrical-repair/requests/.klt/place-and-route/trng_digital_route.spef line 10802, net $11428 not found.
[WARNING STA-1650] /home/ubuntu/GitHub/sky130-trng/.loom/worktrees/issue-236/sim/digital-electrical-repair/requests/.klt/place-and-route/trng_digital_route.spef line 10813, net $1143 not found.
[WARNING STA-1650] /home/ubuntu/GitHub/sky130-trng/.loom/worktrees/issue-236/sim/digital-electrical-repair/requests/.klt/place-and-route/trng_digital_route.spef line 10827, net $11430 not found.
[WARNING STA-1650] /home/ubuntu/GitHub/sky130-trng/.loom/worktrees/issue-236/sim/digital-electrical-repair/requests/.klt/place-and-route/trng_digital_route.spef line 10842, net $11432 not found.
[WARNING STA-1650] /home/ubuntu/GitHub/sky130-trng/.loom/worktrees/issue-236/sim/digital-electrical-repair/requests/.klt/place-and-route/trng_digital_route.spef line 10869, net $11433 not found.
[WARNING STA-1650] /home/ubuntu/GitHub/sky130-trng/.loom/worktrees/issue-236/sim/digital-electrical-repair/requests/.klt/place-and-route/trng_digital_route.spef line 10891, net $11434 not found.
[WARNING STA-1650] /home/ubuntu/GitHub/sky130-trng/.loom/worktrees/issue-236/sim/digital-electrical-repair/requests/.klt/place-and-route/trng_digital_route.spef line 10902, net $11435 not found.
[WARNING STA-1650] /home/ubuntu/GitHub/sky130-trng/.loom/worktrees/issue-236/sim/digital-electrical-repair/requests/.klt/place-and-route/trng_digital_route.spef line 10917, net $11436 not found.
[WARNING STA-1650] /home/ubuntu/GitHub/sky130-trng/.loom/worktrees/issue-236/sim/digital-electrical-repair/requests/.klt/place-and-route/trng_digital_route.spef line 10931, net $11437 not found.
[WARNING STA-1650] /home/ubuntu/GitHub/sky130-trng/.loom/worktrees/issue-236/sim/digital-electrical-repair/requests/.klt/place-and-route/trng_digital_route.spef line 10949, net $11438 not found.
[WARNING STA-1650] /home/ubuntu/GitHub/sky130-trng/.loom/worktrees/issue-236/sim/digital-electrical-repair/requests/.klt/place-and-route/trng_digital_route.spef line 10962, net $11439 not found.
[WARNING STA-1650] /home/ubuntu/GitHub/sky130-trng/.loom/worktrees/issue-236/sim/digital-electrical-repair/requests/.klt/place-and-route/trng_digital_route.spef line 10975, net $1144 not found.
[WARNING STA-1650] /home/ubuntu/GitHub/sky130-trng/.loom/worktrees/issue-236/sim/digital-electrical-repair/requests/.klt/place-and-route/trng_digital_route.spef line 10986, net $1146 not found.
[WARNING STA-1650] /home/ubuntu/GitHub/sky130-trng/.loom/worktrees/issue-236/sim/digital-electrical-repair/requests/.klt/place-and-route/trng_digital_route.spef line 11000, net $11468 not found.
[WARNING STA-1650] /home/ubuntu/GitHub/sky130-trng/.loom/worktrees/issue-236/sim/digital-electrical-repair/requests/.klt/place-and-route/trng_digital_route.spef line 11009, net $11469 not found.
[WARNING STA-1650] /home/ubuntu/GitHub/sky130-trng/.loom/worktrees/issue-236/sim/digital-electrical-repair/requests/.klt/place-and-route/trng_digital_route.spef line 11018, net $1147 not found.
[WARNING STA-1650] /home/ubuntu/GitHub/sky130-trng/.loom/worktrees/issue-236/sim/digital-electrical-repair/requests/.klt/place-and-route/trng_digital_route.spef line 11029, net $11472 not found.
[WARNING STA-1650] /home/ubuntu/GitHub/sky130-trng/.loom/worktrees/issue-236/sim/digital-electrical-repair/requests/.klt/place-and-route/trng_digital_route.spef line 11038, net $11473 not found.
[WARNING STA-1650] /home/ubuntu/GitHub/sky130-trng/.loom/worktrees/issue-236/sim/digital-electrical-repair/requests/.klt/place-and-route/trng_digital_route.spef line 11047, net $11474 not found.
[WARNING STA-1650] /home/ubuntu/GitHub/sky130-trng/.loom/worktrees/issue-236/sim/digital-electrical-repair/requests/.klt/place-and-route/trng_digital_route.spef line 11056, net $11475 not found.
[WARNING STA-1650] /home/ubuntu/GitHub/sky130-trng/.loom/worktrees/issue-236/sim/digital-electrical-repair/requests/.klt/place-and-route/trng_digital_route.spef line 11064, net $11476 not found.
[WARNING STA-1650] /home/ubuntu/GitHub/sky130-trng/.loom/worktrees/issue-236/sim/digital-electrical-repair/requests/.klt/place-and-route/trng_digital_route.spef line 11073, net $11477 not found.
[WARNING STA-1650] /home/ubuntu/GitHub/sky130-trng/.loom/worktrees/issue-236/sim/digital-electrical-repair/requests/.klt/place-and-route/trng_digital_route.spef line 11083, net $11478 not found.
[WARNING STA-1650] /home/ubuntu/GitHub/sky130-trng/.loom/worktrees/issue-236/sim/digital-electrical-repair/requests/.klt/place-and-route/trng_digital_route.spef line 11091, net $11479 not found.
[WARNING STA-1650] /home/ubuntu/GitHub/sky130-trng/.loom/worktrees/issue-236/sim/digital-electrical-repair/requests/.klt/place-and-route/trng_digital_route.spef line 11099, net $1148 not found.
[WARNING STA-1650] /home/ubuntu/GitHub/sky130-trng/.loom/worktrees/issue-236/sim/digital-electrical-repair/requests/.klt/place-and-route/trng_digital_route.spef line 11110, net $11480 not found.
[WARNING STA-1650] /home/ubuntu/GitHub/sky130-trng/.loom/worktrees/issue-236/sim/digital-electrical-repair/requests/.klt/place-and-route/trng_digital_route.spef line 11118, net $11481 not found.
[WARNING STA-1650] /home/ubuntu/GitHub/sky130-trng/.loom/worktrees/issue-236/sim/digital-electrical-repair/requests/.klt/place-and-route/trng_digital_route.spef line 11126, net $11482 not found.
[WARNING STA-1650] /home/ubuntu/GitHub/sky130-trng/.loom/worktrees/issue-236/sim/digital-electrical-repair/requests/.klt/place-and-route/trng_digital_route.spef line 11137, net $11483 not found.
[WARNING STA-1650] /home/ubuntu/GitHub/sky130-trng/.loom/worktrees/issue-236/sim/digital-electrical-repair/requests/.klt/place-and-route/trng_digital_route.spef line 11147, net $1149 not found.
[WARNING STA-1650] /home/ubuntu/GitHub/sky130-trng/.loom/worktrees/issue-236/sim/digital-electrical-repair/requests/.klt/place-and-route/trng_digital_route.spef line 11156, net $1151 not found.
[WARNING STA-1650] /home/ubuntu/GitHub/sky130-trng/.loom/worktrees/issue-236/sim/digital-electrical-repair/requests/.klt/place-and-route/trng_digital_route.spef line 11167, net $11513 not found.
[WARNING STA-1650] /home/ubuntu/GitHub/sky130-trng/.loom/worktrees/issue-236/sim/digital-electrical-repair/requests/.klt/place-and-route/trng_digital_route.spef line 11191, net $11514 not found.
[WARNING STA-1650] /home/ubuntu/GitHub/sky130-trng/.loom/worktrees/issue-236/sim/digital-electrical-repair/requests/.klt/place-and-route/trng_digital_route.spef line 11213, net $11515 not found.
[WARNING STA-1650] /home/ubuntu/GitHub/sky130-trng/.loom/worktrees/issue-236/sim/digital-electrical-repair/requests/.klt/place-and-route/trng_digital_route.spef line 11223, net $11516 not found.
[WARNING STA-1650] /home/ubuntu/GitHub/sky130-trng/.loom/worktrees/issue-236/sim/digital-electrical-repair/requests/.klt/place-and-route/trng_digital_route.spef line 11235, net $11517 not found.
[WARNING STA-1650] /home/ubuntu/GitHub/sky130-trng/.loom/worktrees/issue-236/sim/digital-electrical-repair/requests/.klt/place-and-route/trng_digital_route.spef line 11248, net $11518 not found.
[WARNING STA-1650] /home/ubuntu/GitHub/sky130-trng/.loom/worktrees/issue-236/sim/digital-electrical-repair/requests/.klt/place-and-route/trng_digital_route.spef line 11263, net $1152 not found.
[WARNING STA-1650] /home/ubuntu/GitHub/sky130-trng/.loom/worktrees/issue-236/sim/digital-electrical-repair/requests/.klt/place-and-route/trng_digital_route.spef line 11273, net $11520 not found.
[WARNING STA-1650] /home/ubuntu/GitHub/sky130-trng/.loom/worktrees/issue-236/sim/digital-electrical-repair/requests/.klt/place-and-route/trng_digital_route.spef line 11291, net $11521 not found.
[WARNING STA-1650] /home/ubuntu/GitHub/sky130-trng/.loom/worktrees/issue-236/sim/digital-electrical-repair/requests/.klt/place-and-route/trng_digital_route.spef line 11299, net $11522 not found.
[WARNING STA-1650] /home/ubuntu/GitHub/sky130-trng/.loom/worktrees/issue-236/sim/digital-electrical-repair/requests/.klt/place-and-route/trng_digital_route.spef line 11307, net $11523 not found.
[WARNING STA-1650] /home/ubuntu/GitHub/sky130-trng/.loom/worktrees/issue-236/sim/digital-electrical-repair/requests/.klt/place-and-route/trng_digital_route.spef line 11319, net $11526 not found.
[WARNING STA-1650] /home/ubuntu/GitHub/sky130-trng/.loom/worktrees/issue-236/sim/digital-electrical-repair/requests/.klt/place-and-route/trng_digital_route.spef line 11329, net $11527 not found.
[WARNING STA-1650] /home/ubuntu/GitHub/sky130-trng/.loom/worktrees/issue-236/sim/digital-electrical-repair/requests/.klt/place-and-route/trng_digital_route.spef line 11352, net $11528 not found.
[WARNING STA-1650] /home/ubuntu/GitHub/sky130-trng/.loom/worktrees/issue-236/sim/digital-electrical-repair/requests/.klt/place-and-route/trng_digital_route.spef line 11373, net $11529 not found.
[WARNING STA-1650] /home/ubuntu/GitHub/sky130-trng/.loom/worktrees/issue-236/sim/digital-electrical-repair/requests/.klt/place-and-route/trng_digital_route.spef line 11386, net $1153 not found.
[WARNING STA-1650] /home/ubuntu/GitHub/sky130-trng/.loom/worktrees/issue-236/sim/digital-electrical-repair/requests/.klt/place-and-route/trng_digital_route.spef line 11396, net $11530 not found.
[WARNING STA-1650] /home/ubuntu/GitHub/sky130-trng/.loom/worktrees/issue-236/sim/digital-electrical-repair/requests/.klt/place-and-route/trng_digital_route.spef line 11410, net $11531 not found.
[WARNING STA-1650] /home/ubuntu/GitHub/sky130-trng/.loom/worktrees/issue-236/sim/digital-electrical-repair/requests/.klt/place-and-route/trng_digital_route.spef line 11424, net $11532 not found.
[WARNING STA-1650] /home/ubuntu/GitHub/sky130-trng/.loom/worktrees/issue-236/sim/digital-electrical-repair/requests/.klt/place-and-route/trng_digital_route.spef line 11439, net $11536 not found.
[WARNING STA-1650] /home/ubuntu/GitHub/sky130-trng/.loom/worktrees/issue-236/sim/digital-electrical-repair/requests/.klt/place-and-route/trng_digital_route.spef line 11463, net $11537 not found.
[WARNING STA-1650] /home/ubuntu/GitHub/sky130-trng/.loom/worktrees/issue-236/sim/digital-electrical-repair/requests/.klt/place-and-route/trng_digital_route.spef line 11484, net $11538 not found.
[WARNING STA-1650] /home/ubuntu/GitHub/sky130-trng/.loom/worktrees/issue-236/sim/digital-electrical-repair/requests/.klt/place-and-route/trng_digital_route.spef line 11494, net $11539 not found.
[WARNING STA-1650] /home/ubuntu/GitHub/sky130-trng/.loom/worktrees/issue-236/sim/digital-electrical-repair/requests/.klt/place-and-route/trng_digital_route.spef line 11508, net $1154 not found.
[WARNING STA-1650] /home/ubuntu/GitHub/sky130-trng/.loom/worktrees/issue-236/sim/digital-electrical-repair/requests/.klt/place-and-route/trng_digital_route.spef line 11517, net $11540 not found.
[WARNING STA-1650] /home/ubuntu/GitHub/sky130-trng/.loom/worktrees/issue-236/sim/digital-electrical-repair/requests/.klt/place-and-route/trng_digital_route.spef line 11531, net $11541 not found.
[WARNING STA-1650] /home/ubuntu/GitHub/sky130-trng/.loom/worktrees/issue-236/sim/digital-electrical-repair/requests/.klt/place-and-route/trng_digital_route.spef line 11546, net $11542 not found.
[WARNING STA-1650] /home/ubuntu/GitHub/sky130-trng/.loom/worktrees/issue-236/sim/digital-electrical-repair/requests/.klt/place-and-route/trng_digital_route.spef line 11556, net $11544 not found.
[WARNING STA-1650] /home/ubuntu/GitHub/sky130-trng/.loom/worktrees/issue-236/sim/digital-electrical-repair/requests/.klt/place-and-route/trng_digital_route.spef line 11565, net $11545 not found.
[WARNING STA-1650] /home/ubuntu/GitHub/sky130-trng/.loom/worktrees/issue-236/sim/digital-electrical-repair/requests/.klt/place-and-route/trng_digital_route.spef line 11576, net $11546 not found.
[WARNING STA-1650] /home/ubuntu/GitHub/sky130-trng/.loom/worktrees/issue-236/sim/digital-electrical-repair/requests/.klt/place-and-route/trng_digital_route.spef line 11594, net $11547 not found.
[WARNING STA-1650] /home/ubuntu/GitHub/sky130-trng/.loom/worktrees/issue-236/sim/digital-electrical-repair/requests/.klt/place-and-route/trng_digital_route.spef line 11605, net $11549 not found.
[WARNING STA-1650] /home/ubuntu/GitHub/sky130-trng/.loom/worktrees/issue-236/sim/digital-electrical-repair/requests/.klt/place-and-route/trng_digital_route.spef line 11614, net $11551 not found.
[WARNING STA-1650] /home/ubuntu/GitHub/sky130-trng/.loom/worktrees/issue-236/sim/digital-electrical-repair/requests/.klt/place-and-route/trng_digital_route.spef line 11623, net $11552 not found.
[WARNING STA-1650] /home/ubuntu/GitHub/sky130-trng/.loom/worktrees/issue-236/sim/digital-electrical-repair/requests/.klt/place-and-route/trng_digital_route.spef line 11635, net $11553 not found.
[WARNING STA-1650] /home/ubuntu/GitHub/sky130-trng/.loom/worktrees/issue-236/sim/digital-electrical-repair/requests/.klt/place-and-route/trng_digital_route.spef line 11661, net $11554 not found.
[WARNING STA-1650] /home/ubuntu/GitHub/sky130-trng/.loom/worktrees/issue-236/sim/digital-electrical-repair/requests/.klt/place-and-route/trng_digital_route.spef line 11685, net $11555 not found.
[WARNING STA-1650] /home/ubuntu/GitHub/sky130-trng/.loom/worktrees/issue-236/sim/digital-electrical-repair/requests/.klt/place-and-route/trng_digital_route.spef line 11698, net $11556 not found.
[WARNING STA-1650] /home/ubuntu/GitHub/sky130-trng/.loom/worktrees/issue-236/sim/digital-electrical-repair/requests/.klt/place-and-route/trng_digital_route.spef line 11713, net $11557 not found.
[WARNING STA-1650] /home/ubuntu/GitHub/sky130-trng/.loom/worktrees/issue-236/sim/digital-electrical-repair/requests/.klt/place-and-route/trng_digital_route.spef line 11729, net $11558 not found.
[WARNING STA-1650] /home/ubuntu/GitHub/sky130-trng/.loom/worktrees/issue-236/sim/digital-electrical-repair/requests/.klt/place-and-route/trng_digital_route.spef line 11746, net $11559 not found.
[WARNING STA-1650] /home/ubuntu/GitHub/sky130-trng/.loom/worktrees/issue-236/sim/digital-electrical-repair/requests/.klt/place-and-route/trng_digital_route.spef line 11756, net $1156 not found.
[WARNING STA-1650] /home/ubuntu/GitHub/sky130-trng/.loom/worktrees/issue-236/sim/digital-electrical-repair/requests/.klt/place-and-route/trng_digital_route.spef line 11766, net $11560 not found.
[WARNING STA-1650] /home/ubuntu/GitHub/sky130-trng/.loom/worktrees/issue-236/sim/digital-electrical-repair/requests/.klt/place-and-route/trng_digital_route.spef line 11776, net $11561 not found.
[WARNING STA-1650] /home/ubuntu/GitHub/sky130-trng/.loom/worktrees/issue-236/sim/digital-electrical-repair/requests/.klt/place-and-route/trng_digital_route.spef line 11789, net $11562 not found.
[WARNING STA-1650] /home/ubuntu/GitHub/sky130-trng/.loom/worktrees/issue-236/sim/digital-electrical-repair/requests/.klt/place-and-route/trng_digital_route.spef line 11813, net $11563 not found.
[WARNING STA-1650] /home/ubuntu/GitHub/sky130-trng/.loom/worktrees/issue-236/sim/digital-electrical-repair/requests/.klt/place-and-route/trng_digital_route.spef line 11834, net $11564 not found.
[WARNING STA-1650] /home/ubuntu/GitHub/sky130-trng/.loom/worktrees/issue-236/sim/digital-electrical-repair/requests/.klt/place-and-route/trng_digital_route.spef line 11846, net $11565 not found.
[WARNING STA-1650] /home/ubuntu/GitHub/sky130-trng/.loom/worktrees/issue-236/sim/digital-electrical-repair/requests/.klt/place-and-route/trng_digital_route.spef line 11860, net $11566 not found.
[WARNING STA-1650] /home/ubuntu/GitHub/sky130-trng/.loom/worktrees/issue-236/sim/digital-electrical-repair/requests/.klt/place-and-route/trng_digital_route.spef line 11874, net $11567 not found.
[WARNING STA-1650] /home/ubuntu/GitHub/sky130-trng/.loom/worktrees/issue-236/sim/digital-electrical-repair/requests/.klt/place-and-route/trng_digital_route.spef line 11889, net $11568 not found.
[WARNING STA-1650] /home/ubuntu/GitHub/sky130-trng/.loom/worktrees/issue-236/sim/digital-electrical-repair/requests/.klt/place-and-route/trng_digital_route.spef line 11897, net $11569 not found.
[WARNING STA-1650] /home/ubuntu/GitHub/sky130-trng/.loom/worktrees/issue-236/sim/digital-electrical-repair/requests/.klt/place-and-route/trng_digital_route.spef line 11906, net $11570 not found.
[WARNING STA-1650] /home/ubuntu/GitHub/sky130-trng/.loom/worktrees/issue-236/sim/digital-electrical-repair/requests/.klt/place-and-route/trng_digital_route.spef line 11918, net $11571 not found.
[WARNING STA-1650] /home/ubuntu/GitHub/sky130-trng/.loom/worktrees/issue-236/sim/digital-electrical-repair/requests/.klt/place-and-route/trng_digital_route.spef line 11943, net $11572 not found.
[WARNING STA-1650] /home/ubuntu/GitHub/sky130-trng/.loom/worktrees/issue-236/sim/digital-electrical-repair/requests/.klt/place-and-route/trng_digital_route.spef line 11966, net $11573 not found.
[WARNING STA-1650] /home/ubuntu/GitHub/sky130-trng/.loom/worktrees/issue-236/sim/digital-electrical-repair/requests/.klt/place-and-route/trng_digital_route.spef line 11977, net $11574 not found.
[WARNING STA-1650] /home/ubuntu/GitHub/sky130-trng/.loom/worktrees/issue-236/sim/digital-electrical-repair/requests/.klt/place-and-route/trng_digital_route.spef line 11989, net $11575 not found.
[WARNING STA-1650] /home/ubuntu/GitHub/sky130-trng/.loom/worktrees/issue-236/sim/digital-electrical-repair/requests/.klt/place-and-route/trng_digital_route.spef line 12003, net $11576 not found.
[WARNING STA-1650] /home/ubuntu/GitHub/sky130-trng/.loom/worktrees/issue-236/sim/digital-electrical-repair/requests/.klt/place-and-route/trng_digital_route.spef line 12018, net $11577 not found.
[WARNING STA-1650] /home/ubuntu/GitHub/sky130-trng/.loom/worktrees/issue-236/sim/digital-electrical-repair/requests/.klt/place-and-route/trng_digital_route.spef line 12039, net $11578 not found.
[WARNING STA-1650] /home/ubuntu/GitHub/sky130-trng/.loom/worktrees/issue-236/sim/digital-electrical-repair/requests/.klt/place-and-route/trng_digital_route.spef line 12057, net $11579 not found.
[WARNING STA-1650] /home/ubuntu/GitHub/sky130-trng/.loom/worktrees/issue-236/sim/digital-electrical-repair/requests/.klt/place-and-route/trng_digital_route.spef line 12067, net $11580 not found.
[WARNING STA-1650] /home/ubuntu/GitHub/sky130-trng/.loom/worktrees/issue-236/sim/digital-electrical-repair/requests/.klt/place-and-route/trng_digital_route.spef line 12079, net $11581 not found.
[WARNING STA-1650] /home/ubuntu/GitHub/sky130-trng/.loom/worktrees/issue-236/sim/digital-electrical-repair/requests/.klt/place-and-route/trng_digital_route.spef line 12093, net $11582 not found.
[WARNING STA-1650] /home/ubuntu/GitHub/sky130-trng/.loom/worktrees/issue-236/sim/digital-electrical-repair/requests/.klt/place-and-route/trng_digital_route.spef line 12108, net $116 not found.
[WARNING STA-1650] /home/ubuntu/GitHub/sky130-trng/.loom/worktrees/issue-236/sim/digital-electrical-repair/requests/.klt/place-and-route/trng_digital_route.spef line 12118, net $11611 not found.
[WARNING STA-1650] /home/ubuntu/GitHub/sky130-trng/.loom/worktrees/issue-236/sim/digital-electrical-repair/requests/.klt/place-and-route/trng_digital_route.spef line 12131, net $11612 not found.
[WARNING STA-1650] /home/ubuntu/GitHub/sky130-trng/.loom/worktrees/issue-236/sim/digital-electrical-repair/requests/.klt/place-and-route/trng_digital_route.spef line 12142, net $11613 not found.
[WARNING STA-1650] /home/ubuntu/GitHub/sky130-trng/.loom/worktrees/issue-236/sim/digital-electrical-repair/requests/.klt/place-and-route/trng_digital_route.spef line 12156, net $11614 not found.
[WARNING STA-1650] /home/ubuntu/GitHub/sky130-trng/.loom/worktrees/issue-236/sim/digital-electrical-repair/requests/.klt/place-and-route/trng_digital_route.spef line 12170, net $11615 not found.
[WARNING STA-1650] /home/ubuntu/GitHub/sky130-trng/.loom/worktrees/issue-236/sim/digital-electrical-repair/requests/.klt/place-and-route/trng_digital_route.spef line 12180, net $11617 not found.
[WARNING STA-1650] /home/ubuntu/GitHub/sky130-trng/.loom/worktrees/issue-236/sim/digital-electrical-repair/requests/.klt/place-and-route/trng_digital_route.spef line 12189, net $11619 not found.
[WARNING STA-1650] /home/ubuntu/GitHub/sky130-trng/.loom/worktrees/issue-236/sim/digital-electrical-repair/requests/.klt/place-and-route/trng_digital_route.spef line 12205, net $11620 not found.
[WARNING STA-1650] /home/ubuntu/GitHub/sky130-trng/.loom/worktrees/issue-236/sim/digital-electrical-repair/requests/.klt/place-and-route/trng_digital_route.spef line 12215, net $11622 not found.
[WARNING STA-1650] /home/ubuntu/GitHub/sky130-trng/.loom/worktrees/issue-236/sim/digital-electrical-repair/requests/.klt/place-and-route/trng_digital_route.spef line 12229, net $11623 not found.
[WARNING STA-1650] /home/ubuntu/GitHub/sky130-trng/.loom/worktrees/issue-236/sim/digital-electrical-repair/requests/.klt/place-and-route/trng_digital_route.spef line 12238, net $11624 not found.
[WARNING STA-1650] /home/ubuntu/GitHub/sky130-trng/.loom/worktrees/issue-236/sim/digital-electrical-repair/requests/.klt/place-and-route/trng_digital_route.spef line 12251, net $11625 not found.
[WARNING STA-1650] /home/ubuntu/GitHub/sky130-trng/.loom/worktrees/issue-236/sim/digital-electrical-repair/requests/.klt/place-and-route/trng_digital_route.spef line 12265, net $11626 not found.
[WARNING STA-1650] /home/ubuntu/GitHub/sky130-trng/.loom/worktrees/issue-236/sim/digital-electrical-repair/requests/.klt/place-and-route/trng_digital_route.spef line 12274, net $11627 not found.
[WARNING STA-1650] /home/ubuntu/GitHub/sky130-trng/.loom/worktrees/issue-236/sim/digital-electrical-repair/requests/.klt/place-and-route/trng_digital_route.spef line 12284, net $11628 not found.
[WARNING STA-1650] /home/ubuntu/GitHub/sky130-trng/.loom/worktrees/issue-236/sim/digital-electrical-repair/requests/.klt/place-and-route/trng_digital_route.spef line 12293, net $11629 not found.
[WARNING STA-1650] /home/ubuntu/GitHub/sky130-trng/.loom/worktrees/issue-236/sim/digital-electrical-repair/requests/.klt/place-and-route/trng_digital_route.spef line 12303, net $11630 not found.
[WARNING STA-1650] /home/ubuntu/GitHub/sky130-trng/.loom/worktrees/issue-236/sim/digital-electrical-repair/requests/.klt/place-and-route/trng_digital_route.spef line 12313, net $11631 not found.
[WARNING STA-1650] /home/ubuntu/GitHub/sky130-trng/.loom/worktrees/issue-236/sim/digital-electrical-repair/requests/.klt/place-and-route/trng_digital_route.spef line 12322, net $11632 not found.
[WARNING STA-1650] /home/ubuntu/GitHub/sky130-trng/.loom/worktrees/issue-236/sim/digital-electrical-repair/requests/.klt/place-and-route/trng_digital_route.spef line 12331, net $11653 not found.
[WARNING STA-1650] /home/ubuntu/GitHub/sky130-trng/.loom/worktrees/issue-236/sim/digital-electrical-repair/requests/.klt/place-and-route/trng_digital_route.spef line 12342, net $11655 not found.
[WARNING STA-1650] /home/ubuntu/GitHub/sky130-trng/.loom/worktrees/issue-236/sim/digital-electrical-repair/requests/.klt/place-and-route/trng_digital_route.spef line 12355, net $11657 not found.
[WARNING STA-1650] /home/ubuntu/GitHub/sky130-trng/.loom/worktrees/issue-236/sim/digital-electrical-repair/requests/.klt/place-and-route/trng_digital_route.spef line 12365, net $11658 not found.
[WARNING STA-1650] /home/ubuntu/GitHub/sky130-trng/.loom/worktrees/issue-236/sim/digital-electrical-repair/requests/.klt/place-and-route/trng_digital_route.spef line 12376, net $11659 not found.
[WARNING STA-1650] /home/ubuntu/GitHub/sky130-trng/.loom/worktrees/issue-236/sim/digital-electrical-repair/requests/.klt/place-and-route/trng_digital_route.spef line 12386, net $11661 not found.
[WARNING STA-1650] /home/ubuntu/GitHub/sky130-trng/.loom/worktrees/issue-236/sim/digital-electrical-repair/requests/.klt/place-and-route/trng_digital_route.spef line 12397, net $11668 not found.
[WARNING STA-1650] /home/ubuntu/GitHub/sky130-trng/.loom/worktrees/issue-236/sim/digital-electrical-repair/requests/.klt/place-and-route/trng_digital_route.spef line 12409, net $11669 not found.
[WARNING STA-1650] /home/ubuntu/GitHub/sky130-trng/.loom/worktrees/issue-236/sim/digital-electrical-repair/requests/.klt/place-and-route/trng_digital_route.spef line 12423, net $11673 not found.
[WARNING STA-1650] /home/ubuntu/GitHub/sky130-trng/.loom/worktrees/issue-236/sim/digital-electrical-repair/requests/.klt/place-and-route/trng_digital_route.spef line 12441, net $11674 not found.
[WARNING STA-1650] /home/ubuntu/GitHub/sky130-trng/.loom/worktrees/issue-236/sim/digital-electrical-repair/requests/.klt/place-and-route/trng_digital_route.spef line 12451, net $11677 not found.
[WARNING STA-1650] /home/ubuntu/GitHub/sky130-trng/.loom/worktrees/issue-236/sim/digital-electrical-repair/requests/.klt/place-and-route/trng_digital_route.spef line 12464, net $11678 not found.
[WARNING STA-1650] /home/ubuntu/GitHub/sky130-trng/.loom/worktrees/issue-236/sim/digital-electrical-repair/requests/.klt/place-and-route/trng_digital_route.spef line 12474, net $11679 not found.
[WARNING STA-1650] /home/ubuntu/GitHub/sky130-trng/.loom/worktrees/issue-236/sim/digital-electrical-repair/requests/.klt/place-and-route/trng_digital_route.spef line 12488, net $11680 not found.
[WARNING STA-1650] /home/ubuntu/GitHub/sky130-trng/.loom/worktrees/issue-236/sim/digital-electrical-repair/requests/.klt/place-and-route/trng_digital_route.spef line 12498, net $11687 not found.
[WARNING STA-1650] /home/ubuntu/GitHub/sky130-trng/.loom/worktrees/issue-236/sim/digital-electrical-repair/requests/.klt/place-and-route/trng_digital_route.spef line 12523, net $11688 not found.
[WARNING STA-1650] /home/ubuntu/GitHub/sky130-trng/.loom/worktrees/issue-236/sim/digital-electrical-repair/requests/.klt/place-and-route/trng_digital_route.spef line 12545, net $11690 not found.
[WARNING STA-1650] /home/ubuntu/GitHub/sky130-trng/.loom/worktrees/issue-236/sim/digital-electrical-repair/requests/.klt/place-and-route/trng_digital_route.spef line 12557, net $11691 not found.
[WARNING STA-1650] /home/ubuntu/GitHub/sky130-trng/.loom/worktrees/issue-236/sim/digital-electrical-repair/requests/.klt/place-and-route/trng_digital_route.spef line 12572, net $11692 not found.
[WARNING STA-1650] /home/ubuntu/GitHub/sky130-trng/.loom/worktrees/issue-236/sim/digital-electrical-repair/requests/.klt/place-and-route/trng_digital_route.spef line 12582, net $11693 not found.
[WARNING STA-1650] /home/ubuntu/GitHub/sky130-trng/.loom/worktrees/issue-236/sim/digital-electrical-repair/requests/.klt/place-and-route/trng_digital_route.spef line 12598, net $11694 not found.
[WARNING STA-1650] /home/ubuntu/GitHub/sky130-trng/.loom/worktrees/issue-236/sim/digital-electrical-repair/requests/.klt/place-and-route/trng_digital_route.spef line 12614, net $11695 not found.
[WARNING STA-1650] /home/ubuntu/GitHub/sky130-trng/.loom/worktrees/issue-236/sim/digital-electrical-repair/requests/.klt/place-and-route/trng_digital_route.spef line 12632, net $11699 not found.
[WARNING STA-1650] /home/ubuntu/GitHub/sky130-trng/.loom/worktrees/issue-236/sim/digital-electrical-repair/requests/.klt/place-and-route/trng_digital_route.spef line 12641, net $117 not found.
[WARNING STA-1650] /home/ubuntu/GitHub/sky130-trng/.loom/worktrees/issue-236/sim/digital-electrical-repair/requests/.klt/place-and-route/trng_digital_route.spef line 12651, net $11701 not found.
[WARNING STA-1650] /home/ubuntu/GitHub/sky130-trng/.loom/worktrees/issue-236/sim/digital-electrical-repair/requests/.klt/place-and-route/trng_digital_route.spef line 12664, net $11731 not found.
[WARNING STA-1650] /home/ubuntu/GitHub/sky130-trng/.loom/worktrees/issue-236/sim/digital-electrical-repair/requests/.klt/place-and-route/trng_digital_route.spef line 12672, net $11732 not found.
[WARNING STA-1650] /home/ubuntu/GitHub/sky130-trng/.loom/worktrees/issue-236/sim/digital-electrical-repair/requests/.klt/place-and-route/trng_digital_route.spef line 12680, net $11733 not found.
[WARNING STA-1650] /home/ubuntu/GitHub/sky130-trng/.loom/worktrees/issue-236/sim/digital-electrical-repair/requests/.klt/place-and-route/trng_digital_route.spef line 12688, net $11734 not found.
[WARNING STA-1650] /home/ubuntu/GitHub/sky130-trng/.loom/worktrees/issue-236/sim/digital-electrical-repair/requests/.klt/place-and-route/trng_digital_route.spef line 12696, net $11735 not found.
[WARNING STA-1650] /home/ubuntu/GitHub/sky130-trng/.loom/worktrees/issue-236/sim/digital-electrical-repair/requests/.klt/place-and-route/trng_digital_route.spef line 12705, net $11736 not found.
[WARNING STA-1650] /home/ubuntu/GitHub/sky130-trng/.loom/worktrees/issue-236/sim/digital-electrical-repair/requests/.klt/place-and-route/trng_digital_route.spef line 12714, net $11738 not found.
[WARNING STA-1650] /home/ubuntu/GitHub/sky130-trng/.loom/worktrees/issue-236/sim/digital-electrical-repair/requests/.klt/place-and-route/trng_digital_route.spef line 12724, net $11739 not found.
[WARNING STA-1650] /home/ubuntu/GitHub/sky130-trng/.loom/worktrees/issue-236/sim/digital-electrical-repair/requests/.klt/place-and-route/trng_digital_route.spef line 12732, net $11740 not found.
[WARNING STA-1650] /home/ubuntu/GitHub/sky130-trng/.loom/worktrees/issue-236/sim/digital-electrical-repair/requests/.klt/place-and-route/trng_digital_route.spef line 12742, net $11741 not found.
[WARNING STA-1650] /home/ubuntu/GitHub/sky130-trng/.loom/worktrees/issue-236/sim/digital-electrical-repair/requests/.klt/place-and-route/trng_digital_route.spef line 12751, net $11742 not found.
[WARNING STA-1650] /home/ubuntu/GitHub/sky130-trng/.loom/worktrees/issue-236/sim/digital-electrical-repair/requests/.klt/place-and-route/trng_digital_route.spef line 12761, net $11743 not found.
[WARNING STA-1650] /home/ubuntu/GitHub/sky130-trng/.loom/worktrees/issue-236/sim/digital-electrical-repair/requests/.klt/place-and-route/trng_digital_route.spef line 12771, net $11744 not found.
[WARNING STA-1650] /home/ubuntu/GitHub/sky130-trng/.loom/worktrees/issue-236/sim/digital-electrical-repair/requests/.klt/place-and-route/trng_digital_route.spef line 12781, net $11746 not found.
[WARNING STA-1650] /home/ubuntu/GitHub/sky130-trng/.loom/worktrees/issue-236/sim/digital-electrical-repair/requests/.klt/place-and-route/trng_digital_route.spef line 12791, net $11747 not found.
[WARNING STA-1650] /home/ubuntu/GitHub/sky130-trng/.loom/worktrees/issue-236/sim/digital-electrical-repair/requests/.klt/place-and-route/trng_digital_route.spef line 12801, net $11749 not found.
[WARNING STA-1650] /home/ubuntu/GitHub/sky130-trng/.loom/worktrees/issue-236/sim/digital-electrical-repair/requests/.klt/place-and-route/trng_digital_route.spef line 12812, net $11750 not found.
[WARNING STA-1650] /home/ubuntu/GitHub/sky130-trng/.loom/worktrees/issue-236/sim/digital-electrical-repair/requests/.klt/place-and-route/trng_digital_route.spef line 12823, net $11751 not found.
[WARNING STA-1650] /home/ubuntu/GitHub/sky130-trng/.loom/worktrees/issue-236/sim/digital-electrical-repair/requests/.klt/place-and-route/trng_digital_route.spef line 12833, net $11752 not found.
[WARNING STA-1650] /home/ubuntu/GitHub/sky130-trng/.loom/worktrees/issue-236/sim/digital-electrical-repair/requests/.klt/place-and-route/trng_digital_route.spef line 12843, net $11753 not found.
[WARNING STA-1650] /home/ubuntu/GitHub/sky130-trng/.loom/worktrees/issue-236/sim/digital-electrical-repair/requests/.klt/place-and-route/trng_digital_route.spef line 12854, net $11754 not found.
[WARNING STA-1650] /home/ubuntu/GitHub/sky130-trng/.loom/worktrees/issue-236/sim/digital-electrical-repair/requests/.klt/place-and-route/trng_digital_route.spef line 12865, net $11761 not found.
[WARNING STA-1650] /home/ubuntu/GitHub/sky130-trng/.loom/worktrees/issue-236/sim/digital-electrical-repair/requests/.klt/place-and-route/trng_digital_route.spef line 12888, net $11762 not found.
[WARNING STA-1650] /home/ubuntu/GitHub/sky130-trng/.loom/worktrees/issue-236/sim/digital-electrical-repair/requests/.klt/place-and-route/trng_digital_route.spef line 12909, net $11763 not found.
[WARNING STA-1650] /home/ubuntu/GitHub/sky130-trng/.loom/worktrees/issue-236/sim/digital-electrical-repair/requests/.klt/place-and-route/trng_digital_route.spef line 12920, net $11764 not found.
[WARNING STA-1650] /home/ubuntu/GitHub/sky130-trng/.loom/worktrees/issue-236/sim/digital-electrical-repair/requests/.klt/place-and-route/trng_digital_route.spef line 12932, net $11765 not found.
[WARNING STA-1650] /home/ubuntu/GitHub/sky130-trng/.loom/worktrees/issue-236/sim/digital-electrical-repair/requests/.klt/place-and-route/trng_digital_route.spef line 12946, net $11766 not found.
[WARNING STA-1650] /home/ubuntu/GitHub/sky130-trng/.loom/worktrees/issue-236/sim/digital-electrical-repair/requests/.klt/place-and-route/trng_digital_route.spef line 12961, net $11767 not found.
[WARNING STA-1650] /home/ubuntu/GitHub/sky130-trng/.loom/worktrees/issue-236/sim/digital-electrical-repair/requests/.klt/place-and-route/trng_digital_route.spef line 12970, net $11770 not found.
[WARNING STA-1650] /home/ubuntu/GitHub/sky130-trng/.loom/worktrees/issue-236/sim/digital-electrical-repair/requests/.klt/place-and-route/trng_digital_route.spef line 12979, net $11771 not found.
[WARNING STA-1650] /home/ubuntu/GitHub/sky130-trng/.loom/worktrees/issue-236/sim/digital-electrical-repair/requests/.klt/place-and-route/trng_digital_route.spef line 12992, net $11772 not found.
[WARNING STA-1650] /home/ubuntu/GitHub/sky130-trng/.loom/worktrees/issue-236/sim/digital-electrical-repair/requests/.klt/place-and-route/trng_digital_route.spef line 13002, net $11773 not found.
[WARNING STA-1650] /home/ubuntu/GitHub/sky130-trng/.loom/worktrees/issue-236/sim/digital-electrical-repair/requests/.klt/place-and-route/trng_digital_route.spef line 13026, net $11774 not found.
[WARNING STA-1650] /home/ubuntu/GitHub/sky130-trng/.loom/worktrees/issue-236/sim/digital-electrical-repair/requests/.klt/place-and-route/trng_digital_route.spef line 13046, net $11775 not found.
[WARNING STA-1650] /home/ubuntu/GitHub/sky130-trng/.loom/worktrees/issue-236/sim/digital-electrical-repair/requests/.klt/place-and-route/trng_digital_route.spef line 13059, net $11776 not found.
[WARNING STA-1650] /home/ubuntu/GitHub/sky130-trng/.loom/worktrees/issue-236/sim/digital-electrical-repair/requests/.klt/place-and-route/trng_digital_route.spef line 13076, net $11777 not found.
[WARNING STA-1650] /home/ubuntu/GitHub/sky130-trng/.loom/worktrees/issue-236/sim/digital-electrical-repair/requests/.klt/place-and-route/trng_digital_route.spef line 13090, net $11778 not found.
[WARNING STA-1650] /home/ubuntu/GitHub/sky130-trng/.loom/worktrees/issue-236/sim/digital-electrical-repair/requests/.klt/place-and-route/trng_digital_route.spef line 13109, net $11779 not found.
[WARNING STA-1650] /home/ubuntu/GitHub/sky130-trng/.loom/worktrees/issue-236/sim/digital-electrical-repair/requests/.klt/place-and-route/trng_digital_route.spef line 13122, net $11780 not found.
[WARNING STA-1650] /home/ubuntu/GitHub/sky130-trng/.loom/worktrees/issue-236/sim/digital-electrical-repair/requests/.klt/place-and-route/trng_digital_route.spef line 13135, net $11782 not found.
[WARNING STA-1650] /home/ubuntu/GitHub/sky130-trng/.loom/worktrees/issue-236/sim/digital-electrical-repair/requests/.klt/place-and-route/trng_digital_route.spef line 13160, net $11783 not found.
[WARNING STA-1650] /home/ubuntu/GitHub/sky130-trng/.loom/worktrees/issue-236/sim/digital-electrical-repair/requests/.klt/place-and-route/trng_digital_route.spef line 13182, net $11784 not found.
[WARNING STA-1650] /home/ubuntu/GitHub/sky130-trng/.loom/worktrees/issue-236/sim/digital-electrical-repair/requests/.klt/place-and-route/trng_digital_route.spef line 13193, net $11785 not found.
[WARNING STA-1650] /home/ubuntu/GitHub/sky130-trng/.loom/worktrees/issue-236/sim/digital-electrical-repair/requests/.klt/place-and-route/trng_digital_route.spef line 13206, net $11786 not found.
[WARNING STA-1650] /home/ubuntu/GitHub/sky130-trng/.loom/worktrees/issue-236/sim/digital-electrical-repair/requests/.klt/place-and-route/trng_digital_route.spef line 13220, net $11787 not found.
[WARNING STA-1650] /home/ubuntu/GitHub/sky130-trng/.loom/worktrees/issue-236/sim/digital-electrical-repair/requests/.klt/place-and-route/trng_digital_route.spef line 13236, net $11789 not found.
[WARNING STA-1650] /home/ubuntu/GitHub/sky130-trng/.loom/worktrees/issue-236/sim/digital-electrical-repair/requests/.klt/place-and-route/trng_digital_route.spef line 13245, net $11791 not found.
[WARNING STA-1650] /home/ubuntu/GitHub/sky130-trng/.loom/worktrees/issue-236/sim/digital-electrical-repair/requests/.klt/place-and-route/trng_digital_route.spef line 13254, net $11792 not found.
[WARNING STA-1650] /home/ubuntu/GitHub/sky130-trng/.loom/worktrees/issue-236/sim/digital-electrical-repair/requests/.klt/place-and-route/trng_digital_route.spef line 13267, net $11793 not found.
[WARNING STA-1650] /home/ubuntu/GitHub/sky130-trng/.loom/worktrees/issue-236/sim/digital-electrical-repair/requests/.klt/place-and-route/trng_digital_route.spef line 13276, net $11795 not found.
[WARNING STA-1650] /home/ubuntu/GitHub/sky130-trng/.loom/worktrees/issue-236/sim/digital-electrical-repair/requests/.klt/place-and-route/trng_digital_route.spef line 13285, net $11796 not found.
[WARNING STA-1650] /home/ubuntu/GitHub/sky130-trng/.loom/worktrees/issue-236/sim/digital-electrical-repair/requests/.klt/place-and-route/trng_digital_route.spef line 13297, net $11797 not found.
[WARNING STA-1650] /home/ubuntu/GitHub/sky130-trng/.loom/worktrees/issue-236/sim/digital-electrical-repair/requests/.klt/place-and-route/trng_digital_route.spef line 13320, net $11798 not found.
[WARNING STA-1650] /home/ubuntu/GitHub/sky130-trng/.loom/worktrees/issue-236/sim/digital-electrical-repair/requests/.klt/place-and-route/trng_digital_route.spef line 13339, net $11799 not found.
[WARNING STA-1650] /home/ubuntu/GitHub/sky130-trng/.loom/worktrees/issue-236/sim/digital-electrical-repair/requests/.klt/place-and-route/trng_digital_route.spef line 13351, net $118 not found.
[WARNING STA-1650] /home/ubuntu/GitHub/sky130-trng/.loom/worktrees/issue-236/sim/digital-electrical-repair/requests/.klt/place-and-route/trng_digital_route.spef line 13361, net $11800 not found.
[WARNING STA-1650] /home/ubuntu/GitHub/sky130-trng/.loom/worktrees/issue-236/sim/digital-electrical-repair/requests/.klt/place-and-route/trng_digital_route.spef line 13377, net $11801 not found.
[WARNING STA-1650] /home/ubuntu/GitHub/sky130-trng/.loom/worktrees/issue-236/sim/digital-electrical-repair/requests/.klt/place-and-route/trng_digital_route.spef line 13391, net $11802 not found.
[WARNING STA-1650] /home/ubuntu/GitHub/sky130-trng/.loom/worktrees/issue-236/sim/digital-electrical-repair/requests/.klt/place-and-route/trng_digital_route.spef line 13409, net $11803 not found.
[WARNING STA-1650] /home/ubuntu/GitHub/sky130-trng/.loom/worktrees/issue-236/sim/digital-electrical-repair/requests/.klt/place-and-route/trng_digital_route.spef line 13421, net $11804 not found.
[WARNING STA-1650] /home/ubuntu/GitHub/sky130-trng/.loom/worktrees/issue-236/sim/digital-electrical-repair/requests/.klt/place-and-route/trng_digital_route.spef line 13433, net $11806 not found.
[WARNING STA-1650] /home/ubuntu/GitHub/sky130-trng/.loom/worktrees/issue-236/sim/digital-electrical-repair/requests/.klt/place-and-route/trng_digital_route.spef line 13442, net $11809 not found.
[WARNING STA-1650] /home/ubuntu/GitHub/sky130-trng/.loom/worktrees/issue-236/sim/digital-electrical-repair/requests/.klt/place-and-route/trng_digital_route.spef line 13452, net $1181 not found.
[WARNING STA-1650] /home/ubuntu/GitHub/sky130-trng/.loom/worktrees/issue-236/sim/digital-electrical-repair/requests/.klt/place-and-route/trng_digital_route.spef line 13468, net $11811 not found.
[WARNING STA-1650] /home/ubuntu/GitHub/sky130-trng/.loom/worktrees/issue-236/sim/digital-electrical-repair/requests/.klt/place-and-route/trng_digital_route.spef line 13477, net $11812 not found.
[WARNING STA-1650] /home/ubuntu/GitHub/sky130-trng/.loom/worktrees/issue-236/sim/digital-electrical-repair/requests/.klt/place-and-route/trng_digital_route.spef line 13488, net $11814 not found.
[WARNING STA-1650] /home/ubuntu/GitHub/sky130-trng/.loom/worktrees/issue-236/sim/digital-electrical-repair/requests/.klt/place-and-route/trng_digital_route.spef line 13515, net $11815 not found.
[WARNING STA-1650] /home/ubuntu/GitHub/sky130-trng/.loom/worktrees/issue-236/sim/digital-electrical-repair/requests/.klt/place-and-route/trng_digital_route.spef line 13537, net $11816 not found.
[WARNING STA-1650] /home/ubuntu/GitHub/sky130-trng/.loom/worktrees/issue-236/sim/digital-electrical-repair/requests/.klt/place-and-route/trng_digital_route.spef line 13550, net $11817 not found.
[WARNING STA-1650] /home/ubuntu/GitHub/sky130-trng/.loom/worktrees/issue-236/sim/digital-electrical-repair/requests/.klt/place-and-route/trng_digital_route.spef line 13567, net $11818 not found.
[WARNING STA-1650] /home/ubuntu/GitHub/sky130-trng/.loom/worktrees/issue-236/sim/digital-electrical-repair/requests/.klt/place-and-route/trng_digital_route.spef line 13582, net $1182 not found.
[WARNING STA-1650] /home/ubuntu/GitHub/sky130-trng/.loom/worktrees/issue-236/sim/digital-electrical-repair/requests/.klt/place-and-route/trng_digital_route.spef line 13606, net $11820 not found.
[WARNING STA-1650] /home/ubuntu/GitHub/sky130-trng/.loom/worktrees/issue-236/sim/digital-electrical-repair/requests/.klt/place-and-route/trng_digital_route.spef line 13625, net $11821 not found.
[WARNING STA-1650] /home/ubuntu/GitHub/sky130-trng/.loom/worktrees/issue-236/sim/digital-electrical-repair/requests/.klt/place-and-route/trng_digital_route.spef line 13638, net $11822 not found.
[WARNING STA-1650] /home/ubuntu/GitHub/sky130-trng/.loom/worktrees/issue-236/sim/digital-electrical-repair/requests/.klt/place-and-route/trng_digital_route.spef line 13651, net $11824 not found.
[WARNING STA-1650] /home/ubuntu/GitHub/sky130-trng/.loom/worktrees/issue-236/sim/digital-electrical-repair/requests/.klt/place-and-route/trng_digital_route.spef line 13660, net $11825 not found.
[WARNING STA-1650] /home/ubuntu/GitHub/sky130-trng/.loom/worktrees/issue-236/sim/digital-electrical-repair/requests/.klt/place-and-route/trng_digital_route.spef line 13668, net $11826 not found.
[WARNING STA-1650] /home/ubuntu/GitHub/sky130-trng/.loom/worktrees/issue-236/sim/digital-electrical-repair/requests/.klt/place-and-route/trng_digital_route.spef line 13682, net $11827 not found.
[WARNING STA-1650] /home/ubuntu/GitHub/sky130-trng/.loom/worktrees/issue-236/sim/digital-electrical-repair/requests/.klt/place-and-route/trng_digital_route.spef line 13692, net $11828 not found.
[WARNING STA-1650] /home/ubuntu/GitHub/sky130-trng/.loom/worktrees/issue-236/sim/digital-electrical-repair/requests/.klt/place-and-route/trng_digital_route.spef line 13707, net $1183 not found.
[WARNING STA-1650] /home/ubuntu/GitHub/sky130-trng/.loom/worktrees/issue-236/sim/digital-electrical-repair/requests/.klt/place-and-route/trng_digital_route.spef line 13729, net $1184 not found.
[WARNING STA-1650] message limit (1000) reached. This message will no longer print.
[WARNING STA-1656] /home/ubuntu/GitHub/sky130-trng/.loom/worktrees/issue-236/sim/digital-electrical-repair/requests/.klt/place-and-route/trng_digital_route.spef line 81793, pin bus_rdata_r[0] not found.
[WARNING STA-1656] /home/ubuntu/GitHub/sky130-trng/.loom/worktrees/issue-236/sim/digital-electrical-repair/requests/.klt/place-and-route/trng_digital_route.spef line 81794, pin bus_rdata_r[10] not found.
[WARNING STA-1656] /home/ubuntu/GitHub/sky130-trng/.loom/worktrees/issue-236/sim/digital-electrical-repair/requests/.klt/place-and-route/trng_digital_route.spef line 81795, pin bus_rdata_r[11] not found.
[WARNING STA-1656] /home/ubuntu/GitHub/sky130-trng/.loom/worktrees/issue-236/sim/digital-electrical-repair/requests/.klt/place-and-route/trng_digital_route.spef line 81796, pin bus_rdata_r[12] not found.
[WARNING STA-1656] /home/ubuntu/GitHub/sky130-trng/.loom/worktrees/issue-236/sim/digital-electrical-repair/requests/.klt/place-and-route/trng_digital_route.spef line 81797, pin bus_rdata_r[13] not found.
[WARNING STA-1656] /home/ubuntu/GitHub/sky130-trng/.loom/worktrees/issue-236/sim/digital-electrical-repair/requests/.klt/place-and-route/trng_digital_route.spef line 81798, pin bus_rdata_r[14] not found.
[WARNING STA-1656] /home/ubuntu/GitHub/sky130-trng/.loom/worktrees/issue-236/sim/digital-electrical-repair/requests/.klt/place-and-route/trng_digital_route.spef line 81799, pin bus_rdata_r[15] not found.
[WARNING STA-1656] /home/ubuntu/GitHub/sky130-trng/.loom/worktrees/issue-236/sim/digital-electrical-repair/requests/.klt/place-and-route/trng_digital_route.spef line 81800, pin bus_rdata_r[16] not found.
[WARNING STA-1656] /home/ubuntu/GitHub/sky130-trng/.loom/worktrees/issue-236/sim/digital-electrical-repair/requests/.klt/place-and-route/trng_digital_route.spef line 81801, pin bus_rdata_r[17] not found.
[WARNING STA-1656] /home/ubuntu/GitHub/sky130-trng/.loom/worktrees/issue-236/sim/digital-electrical-repair/requests/.klt/place-and-route/trng_digital_route.spef line 81802, pin bus_rdata_r[18] not found.
[WARNING STA-1656] /home/ubuntu/GitHub/sky130-trng/.loom/worktrees/issue-236/sim/digital-electrical-repair/requests/.klt/place-and-route/trng_digital_route.spef line 81803, pin bus_rdata_r[19] not found.
[WARNING STA-1656] /home/ubuntu/GitHub/sky130-trng/.loom/worktrees/issue-236/sim/digital-electrical-repair/requests/.klt/place-and-route/trng_digital_route.spef line 81804, pin bus_rdata_r[1] not found.
[WARNING STA-1656] /home/ubuntu/GitHub/sky130-trng/.loom/worktrees/issue-236/sim/digital-electrical-repair/requests/.klt/place-and-route/trng_digital_route.spef line 81805, pin bus_rdata_r[20] not found.
[WARNING STA-1656] /home/ubuntu/GitHub/sky130-trng/.loom/worktrees/issue-236/sim/digital-electrical-repair/requests/.klt/place-and-route/trng_digital_route.spef line 81806, pin bus_rdata_r[21] not found.
[WARNING STA-1656] /home/ubuntu/GitHub/sky130-trng/.loom/worktrees/issue-236/sim/digital-electrical-repair/requests/.klt/place-and-route/trng_digital_route.spef line 81807, pin bus_rdata_r[22] not found.
[WARNING STA-1656] /home/ubuntu/GitHub/sky130-trng/.loom/worktrees/issue-236/sim/digital-electrical-repair/requests/.klt/place-and-route/trng_digital_route.spef line 81808, pin bus_rdata_r[23] not found.
[WARNING STA-1656] /home/ubuntu/GitHub/sky130-trng/.loom/worktrees/issue-236/sim/digital-electrical-repair/requests/.klt/place-and-route/trng_digital_route.spef line 81809, pin bus_rdata_r[24] not found.
[WARNING STA-1656] /home/ubuntu/GitHub/sky130-trng/.loom/worktrees/issue-236/sim/digital-electrical-repair/requests/.klt/place-and-route/trng_digital_route.spef line 81810, pin bus_rdata_r[25] not found.
[WARNING STA-1656] /home/ubuntu/GitHub/sky130-trng/.loom/worktrees/issue-236/sim/digital-electrical-repair/requests/.klt/place-and-route/trng_digital_route.spef line 81811, pin bus_rdata_r[26] not found.
[WARNING STA-1656] /home/ubuntu/GitHub/sky130-trng/.loom/worktrees/issue-236/sim/digital-electrical-repair/requests/.klt/place-and-route/trng_digital_route.spef line 81812, pin bus_rdata_r[27] not found.
[WARNING STA-1656] /home/ubuntu/GitHub/sky130-trng/.loom/worktrees/issue-236/sim/digital-electrical-repair/requests/.klt/place-and-route/trng_digital_route.spef line 81813, pin bus_rdata_r[28] not found.
[WARNING STA-1656] /home/ubuntu/GitHub/sky130-trng/.loom/worktrees/issue-236/sim/digital-electrical-repair/requests/.klt/place-and-route/trng_digital_route.spef line 81814, pin bus_rdata_r[29] not found.
[WARNING STA-1656] /home/ubuntu/GitHub/sky130-trng/.loom/worktrees/issue-236/sim/digital-electrical-repair/requests/.klt/place-and-route/trng_digital_route.spef line 81815, pin bus_rdata_r[2] not found.
[WARNING STA-1656] /home/ubuntu/GitHub/sky130-trng/.loom/worktrees/issue-236/sim/digital-electrical-repair/requests/.klt/place-and-route/trng_digital_route.spef line 81816, pin bus_rdata_r[30] not found.
[WARNING STA-1656] /home/ubuntu/GitHub/sky130-trng/.loom/worktrees/issue-236/sim/digital-electrical-repair/requests/.klt/place-and-route/trng_digital_route.spef line 81817, pin bus_rdata_r[31] not found.
[WARNING STA-1656] /home/ubuntu/GitHub/sky130-trng/.loom/worktrees/issue-236/sim/digital-electrical-repair/requests/.klt/place-and-route/trng_digital_route.spef line 81818, pin bus_rdata_r[3] not found.
[WARNING STA-1656] /home/ubuntu/GitHub/sky130-trng/.loom/worktrees/issue-236/sim/digital-electrical-repair/requests/.klt/place-and-route/trng_digital_route.spef line 81819, pin bus_rdata_r[4] not found.
[WARNING STA-1656] /home/ubuntu/GitHub/sky130-trng/.loom/worktrees/issue-236/sim/digital-electrical-repair/requests/.klt/place-and-route/trng_digital_route.spef line 81820, pin bus_rdata_r[5] not found.
[WARNING STA-1656] /home/ubuntu/GitHub/sky130-trng/.loom/worktrees/issue-236/sim/digital-electrical-repair/requests/.klt/place-and-route/trng_digital_route.spef line 81821, pin bus_rdata_r[6] not found.
[WARNING STA-1656] /home/ubuntu/GitHub/sky130-trng/.loom/worktrees/issue-236/sim/digital-electrical-repair/requests/.klt/place-and-route/trng_digital_route.spef line 81822, pin bus_rdata_r[7] not found.
[WARNING STA-1656] /home/ubuntu/GitHub/sky130-trng/.loom/worktrees/issue-236/sim/digital-electrical-repair/requests/.klt/place-and-route/trng_digital_route.spef line 81823, pin bus_rdata_r[8] not found.
[WARNING STA-1656] /home/ubuntu/GitHub/sky130-trng/.loom/worktrees/issue-236/sim/digital-electrical-repair/requests/.klt/place-and-route/trng_digital_route.spef line 81824, pin bus_rdata_r[9] not found.
[WARNING STA-1656] /home/ubuntu/GitHub/sky130-trng/.loom/worktrees/issue-236/sim/digital-electrical-repair/requests/.klt/place-and-route/trng_digital_route.spef line 82312, pin startup_done89 not found.
[WARNING STA-1656] /home/ubuntu/GitHub/sky130-trng/.loom/worktrees/issue-236/sim/digital-electrical-repair/requests/.klt/place-and-route/trng_digital_route.spef line 104556, pin bus_rdata_r[0] not found.
[WARNING STA-1656] /home/ubuntu/GitHub/sky130-trng/.loom/worktrees/issue-236/sim/digital-electrical-repair/requests/.klt/place-and-route/trng_digital_route.spef line 104557, pin bus_rdata_r[10] not found.
[WARNING STA-1656] /home/ubuntu/GitHub/sky130-trng/.loom/worktrees/issue-236/sim/digital-electrical-repair/requests/.klt/place-and-route/trng_digital_route.spef line 104558, pin bus_rdata_r[11] not found.
[WARNING STA-1656] /home/ubuntu/GitHub/sky130-trng/.loom/worktrees/issue-236/sim/digital-electrical-repair/requests/.klt/place-and-route/trng_digital_route.spef line 104559, pin bus_rdata_r[12] not found.
[WARNING STA-1656] /home/ubuntu/GitHub/sky130-trng/.loom/worktrees/issue-236/sim/digital-electrical-repair/requests/.klt/place-and-route/trng_digital_route.spef line 104560, pin bus_rdata_r[13] not found.
[WARNING STA-1656] /home/ubuntu/GitHub/sky130-trng/.loom/worktrees/issue-236/sim/digital-electrical-repair/requests/.klt/place-and-route/trng_digital_route.spef line 104561, pin bus_rdata_r[14] not found.
[WARNING STA-1656] /home/ubuntu/GitHub/sky130-trng/.loom/worktrees/issue-236/sim/digital-electrical-repair/requests/.klt/place-and-route/trng_digital_route.spef line 104562, pin bus_rdata_r[15] not found.
[WARNING STA-1656] /home/ubuntu/GitHub/sky130-trng/.loom/worktrees/issue-236/sim/digital-electrical-repair/requests/.klt/place-and-route/trng_digital_route.spef line 104563, pin bus_rdata_r[16] not found.
[WARNING STA-1656] /home/ubuntu/GitHub/sky130-trng/.loom/worktrees/issue-236/sim/digital-electrical-repair/requests/.klt/place-and-route/trng_digital_route.spef line 104564, pin bus_rdata_r[17] not found.
[WARNING STA-1656] /home/ubuntu/GitHub/sky130-trng/.loom/worktrees/issue-236/sim/digital-electrical-repair/requests/.klt/place-and-route/trng_digital_route.spef line 104565, pin bus_rdata_r[18] not found.
[WARNING STA-1656] /home/ubuntu/GitHub/sky130-trng/.loom/worktrees/issue-236/sim/digital-electrical-repair/requests/.klt/place-and-route/trng_digital_route.spef line 104566, pin bus_rdata_r[19] not found.
[WARNING STA-1656] /home/ubuntu/GitHub/sky130-trng/.loom/worktrees/issue-236/sim/digital-electrical-repair/requests/.klt/place-and-route/trng_digital_route.spef line 104567, pin bus_rdata_r[1] not found.
[WARNING STA-1656] /home/ubuntu/GitHub/sky130-trng/.loom/worktrees/issue-236/sim/digital-electrical-repair/requests/.klt/place-and-route/trng_digital_route.spef line 104568, pin bus_rdata_r[20] not found.
[WARNING STA-1656] /home/ubuntu/GitHub/sky130-trng/.loom/worktrees/issue-236/sim/digital-electrical-repair/requests/.klt/place-and-route/trng_digital_route.spef line 104569, pin bus_rdata_r[21] not found.
[WARNING STA-1656] /home/ubuntu/GitHub/sky130-trng/.loom/worktrees/issue-236/sim/digital-electrical-repair/requests/.klt/place-and-route/trng_digital_route.spef line 104570, pin bus_rdata_r[22] not found.
[WARNING STA-1656] /home/ubuntu/GitHub/sky130-trng/.loom/worktrees/issue-236/sim/digital-electrical-repair/requests/.klt/place-and-route/trng_digital_route.spef line 104571, pin bus_rdata_r[23] not found.
[WARNING STA-1656] /home/ubuntu/GitHub/sky130-trng/.loom/worktrees/issue-236/sim/digital-electrical-repair/requests/.klt/place-and-route/trng_digital_route.spef line 104572, pin bus_rdata_r[25] not found.
[WARNING STA-1656] /home/ubuntu/GitHub/sky130-trng/.loom/worktrees/issue-236/sim/digital-electrical-repair/requests/.klt/place-and-route/trng_digital_route.spef line 104573, pin bus_rdata_r[26] not found.
[WARNING STA-1656] /home/ubuntu/GitHub/sky130-trng/.loom/worktrees/issue-236/sim/digital-electrical-repair/requests/.klt/place-and-route/trng_digital_route.spef line 104574, pin bus_rdata_r[27] not found.
[WARNING STA-1656] /home/ubuntu/GitHub/sky130-trng/.loom/worktrees/issue-236/sim/digital-electrical-repair/requests/.klt/place-and-route/trng_digital_route.spef line 104575, pin bus_rdata_r[28] not found.
[WARNING STA-1656] /home/ubuntu/GitHub/sky130-trng/.loom/worktrees/issue-236/sim/digital-electrical-repair/requests/.klt/place-and-route/trng_digital_route.spef line 104576, pin bus_rdata_r[29] not found.
[WARNING STA-1656] /home/ubuntu/GitHub/sky130-trng/.loom/worktrees/issue-236/sim/digital-electrical-repair/requests/.klt/place-and-route/trng_digital_route.spef line 104577, pin bus_rdata_r[2] not found.
[WARNING STA-1656] /home/ubuntu/GitHub/sky130-trng/.loom/worktrees/issue-236/sim/digital-electrical-repair/requests/.klt/place-and-route/trng_digital_route.spef line 104578, pin bus_rdata_r[30] not found.
[WARNING STA-1656] /home/ubuntu/GitHub/sky130-trng/.loom/worktrees/issue-236/sim/digital-electrical-repair/requests/.klt/place-and-route/trng_digital_route.spef line 104579, pin bus_rdata_r[31] not found.
[WARNING STA-1656] /home/ubuntu/GitHub/sky130-trng/.loom/worktrees/issue-236/sim/digital-electrical-repair/requests/.klt/place-and-route/trng_digital_route.spef line 104580, pin bus_rdata_r[3] not found.
[WARNING STA-1656] /home/ubuntu/GitHub/sky130-trng/.loom/worktrees/issue-236/sim/digital-electrical-repair/requests/.klt/place-and-route/trng_digital_route.spef line 104581, pin bus_rdata_r[4] not found.
[WARNING STA-1656] /home/ubuntu/GitHub/sky130-trng/.loom/worktrees/issue-236/sim/digital-electrical-repair/requests/.klt/place-and-route/trng_digital_route.spef line 104582, pin bus_rdata_r[5] not found.
[WARNING STA-1656] /home/ubuntu/GitHub/sky130-trng/.loom/worktrees/issue-236/sim/digital-electrical-repair/requests/.klt/place-and-route/trng_digital_route.spef line 104583, pin bus_rdata_r[6] not found.
[WARNING STA-1656] /home/ubuntu/GitHub/sky130-trng/.loom/worktrees/issue-236/sim/digital-electrical-repair/requests/.klt/place-and-route/trng_digital_route.spef line 104584, pin bus_rdata_r[7] not found.
[WARNING STA-1656] /home/ubuntu/GitHub/sky130-trng/.loom/worktrees/issue-236/sim/digital-electrical-repair/requests/.klt/place-and-route/trng_digital_route.spef line 104585, pin bus_rdata_r[8] not found.
[WARNING STA-1656] /home/ubuntu/GitHub/sky130-trng/.loom/worktrees/issue-236/sim/digital-electrical-repair/requests/.klt/place-and-route/trng_digital_route.spef line 104586, pin bus_rdata_r[9] not found.
[WARNING STA-1656] /home/ubuntu/GitHub/sky130-trng/.loom/worktrees/issue-236/sim/digital-electrical-repair/requests/.klt/place-and-route/trng_digital_route.spef line 105075, pin startup_done89 not found.
[WARNING STA-1656] /home/ubuntu/GitHub/sky130-trng/.loom/worktrees/issue-236/sim/digital-electrical-repair/requests/.klt/place-and-route/trng_digital_route.spef line 132195, pin bus_rdata_r[4] not found.
[WARNING STA-1656] /home/ubuntu/GitHub/sky130-trng/.loom/worktrees/issue-236/sim/digital-electrical-repair/requests/.klt/place-and-route/trng_digital_route.spef line 133788, pin bus_rdata_r[12] not found.
[WARNING STA-1656] /home/ubuntu/GitHub/sky130-trng/.loom/worktrees/issue-236/sim/digital-electrical-repair/requests/.klt/place-and-route/trng_digital_route.spef line 133789, pin bus_rdata_r[14] not found.
[WARNING STA-1656] /home/ubuntu/GitHub/sky130-trng/.loom/worktrees/issue-236/sim/digital-electrical-repair/requests/.klt/place-and-route/trng_digital_route.spef line 133790, pin bus_rdata_r[18] not found.
[WARNING STA-1656] /home/ubuntu/GitHub/sky130-trng/.loom/worktrees/issue-236/sim/digital-electrical-repair/requests/.klt/place-and-route/trng_digital_route.spef line 133791, pin bus_rdata_r[27] not found.
[WARNING STA-1656] /home/ubuntu/GitHub/sky130-trng/.loom/worktrees/issue-236/sim/digital-electrical-repair/requests/.klt/place-and-route/trng_digital_route.spef line 133792, pin bus_rdata_r[9] not found.
[WARNING STA-1656] /home/ubuntu/GitHub/sky130-trng/.loom/worktrees/issue-236/sim/digital-electrical-repair/requests/.klt/place-and-route/trng_digital_route.spef line 133821, pin bus_rdata_r[15] not found.
[WARNING STA-1656] /home/ubuntu/GitHub/sky130-trng/.loom/worktrees/issue-236/sim/digital-electrical-repair/requests/.klt/place-and-route/trng_digital_route.spef line 133896, pin bus_rdata_r[12] not found.
[WARNING STA-1656] /home/ubuntu/GitHub/sky130-trng/.loom/worktrees/issue-236/sim/digital-electrical-repair/requests/.klt/place-and-route/trng_digital_route.spef line 133897, pin bus_rdata_r[13] not found.
[WARNING STA-1656] /home/ubuntu/GitHub/sky130-trng/.loom/worktrees/issue-236/sim/digital-electrical-repair/requests/.klt/place-and-route/trng_digital_route.spef line 133898, pin bus_rdata_r[14] not found.
[WARNING STA-1656] /home/ubuntu/GitHub/sky130-trng/.loom/worktrees/issue-236/sim/digital-electrical-repair/requests/.klt/place-and-route/trng_digital_route.spef line 133899, pin bus_rdata_r[9] not found.
[WARNING STA-1656] /home/ubuntu/GitHub/sky130-trng/.loom/worktrees/issue-236/sim/digital-electrical-repair/requests/.klt/place-and-route/trng_digital_route.spef line 134015, pin bus_rdata_r[14] not found.
[WARNING STA-1656] /home/ubuntu/GitHub/sky130-trng/.loom/worktrees/issue-236/sim/digital-electrical-repair/requests/.klt/place-and-route/trng_digital_route.spef line 134016, pin bus_rdata_r[9] not found.
[WARNING STA-1656] /home/ubuntu/GitHub/sky130-trng/.loom/worktrees/issue-236/sim/digital-electrical-repair/requests/.klt/place-and-route/trng_digital_route.spef line 134039, pin bus_rdata_r[5] not found.
[WARNING STA-1656] /home/ubuntu/GitHub/sky130-trng/.loom/worktrees/issue-236/sim/digital-electrical-repair/requests/.klt/place-and-route/trng_digital_route.spef line 134112, pin bus_rdata_r[13] not found.
[WARNING STA-1656] /home/ubuntu/GitHub/sky130-trng/.loom/worktrees/issue-236/sim/digital-electrical-repair/requests/.klt/place-and-route/trng_digital_route.spef line 134113, pin bus_rdata_r[15] not found.
[WARNING STA-1656] /home/ubuntu/GitHub/sky130-trng/.loom/worktrees/issue-236/sim/digital-electrical-repair/requests/.klt/place-and-route/trng_digital_route.spef line 134570, pin bus_rdata_r[21] not found.
[WARNING STA-1656] /home/ubuntu/GitHub/sky130-trng/.loom/worktrees/issue-236/sim/digital-electrical-repair/requests/.klt/place-and-route/trng_digital_route.spef line 134571, pin bus_rdata_r[23] not found.
[WARNING STA-1656] /home/ubuntu/GitHub/sky130-trng/.loom/worktrees/issue-236/sim/digital-electrical-repair/requests/.klt/place-and-route/trng_digital_route.spef line 134597, pin bus_rdata_r[15] not found.
[WARNING STA-1656] /home/ubuntu/GitHub/sky130-trng/.loom/worktrees/issue-236/sim/digital-electrical-repair/requests/.klt/place-and-route/trng_digital_route.spef line 134628, pin bus_rdata_r[5] not found.
[WARNING STA-1656] /home/ubuntu/GitHub/sky130-trng/.loom/worktrees/issue-236/sim/digital-electrical-repair/requests/.klt/place-and-route/trng_digital_route.spef line 134679, pin bus_rdata_r[18] not found.
[WARNING STA-1656] /home/ubuntu/GitHub/sky130-trng/.loom/worktrees/issue-236/sim/digital-electrical-repair/requests/.klt/place-and-route/trng_digital_route.spef line 134680, pin bus_rdata_r[21] not found.
[WARNING STA-1656] /home/ubuntu/GitHub/sky130-trng/.loom/worktrees/issue-236/sim/digital-electrical-repair/requests/.klt/place-and-route/trng_digital_route.spef line 134681, pin bus_rdata_r[23] not found.
[WARNING STA-1656] /home/ubuntu/GitHub/sky130-trng/.loom/worktrees/issue-236/sim/digital-electrical-repair/requests/.klt/place-and-route/trng_digital_route.spef line 134854, pin bus_rdata_r[21] not found.
[WARNING STA-1656] /home/ubuntu/GitHub/sky130-trng/.loom/worktrees/issue-236/sim/digital-electrical-repair/requests/.klt/place-and-route/trng_digital_route.spef line 134855, pin bus_rdata_r[23] not found.
[WARNING STA-1656] /home/ubuntu/GitHub/sky130-trng/.loom/worktrees/issue-236/sim/digital-electrical-repair/requests/.klt/place-and-route/trng_digital_route.spef line 134881, pin bus_rdata_r[1] not found.
[WARNING STA-1656] /home/ubuntu/GitHub/sky130-trng/.loom/worktrees/issue-236/sim/digital-electrical-repair/requests/.klt/place-and-route/trng_digital_route.spef line 135339, pin bus_rdata_r[12] not found.
[WARNING STA-1656] /home/ubuntu/GitHub/sky130-trng/.loom/worktrees/issue-236/sim/digital-electrical-repair/requests/.klt/place-and-route/trng_digital_route.spef line 135641, pin bus_rdata_r[1] not found.
[WARNING STA-1656] /home/ubuntu/GitHub/sky130-trng/.loom/worktrees/issue-236/sim/digital-electrical-repair/requests/.klt/place-and-route/trng_digital_route.spef line 135642, pin bus_rdata_r[9] not found.
[WARNING STA-1656] /home/ubuntu/GitHub/sky130-trng/.loom/worktrees/issue-236/sim/digital-electrical-repair/requests/.klt/place-and-route/trng_digital_route.spef line 136059, pin bus_rdata_r[18] not found.
[WARNING STA-1656] /home/ubuntu/GitHub/sky130-trng/.loom/worktrees/issue-236/sim/digital-electrical-repair/requests/.klt/place-and-route/trng_digital_route.spef line 136060, pin bus_rdata_r[28] not found.
[WARNING STA-1656] /home/ubuntu/GitHub/sky130-trng/.loom/worktrees/issue-236/sim/digital-electrical-repair/requests/.klt/place-and-route/trng_digital_route.spef line 136061, pin bus_rdata_r[9] not found.
[WARNING STA-1656] /home/ubuntu/GitHub/sky130-trng/.loom/worktrees/issue-236/sim/digital-electrical-repair/requests/.klt/place-and-route/trng_digital_route.spef line 136235, pin bus_rdata_r[23] not found.
[WARNING STA-1656] /home/ubuntu/GitHub/sky130-trng/.loom/worktrees/issue-236/sim/digital-electrical-repair/requests/.klt/place-and-route/trng_digital_route.spef line 137154, pin startup_done89 not found.
[WARNING STA-1656] /home/ubuntu/GitHub/sky130-trng/.loom/worktrees/issue-236/sim/digital-electrical-repair/requests/.klt/place-and-route/trng_digital_route.spef line 137215, pin startup_done89 not found.
[WARNING STA-1656] /home/ubuntu/GitHub/sky130-trng/.loom/worktrees/issue-236/sim/digital-electrical-repair/requests/.klt/place-and-route/trng_digital_route.spef line 137581, pin startup_done89 not found.
[WARNING STA-1656] /home/ubuntu/GitHub/sky130-trng/.loom/worktrees/issue-236/sim/digital-electrical-repair/requests/.klt/place-and-route/trng_digital_route.spef line 137602, pin startup_done89 not found.
[WARNING STA-1656] /home/ubuntu/GitHub/sky130-trng/.loom/worktrees/issue-236/sim/digital-electrical-repair/requests/.klt/place-and-route/trng_digital_route.spef line 137629, pin bus_rdata_r[15] not found.
[WARNING STA-1656] /home/ubuntu/GitHub/sky130-trng/.loom/worktrees/issue-236/sim/digital-electrical-repair/requests/.klt/place-and-route/trng_digital_route.spef line 137657, pin bus_rdata_r[30] not found.
[WARNING STA-1656] /home/ubuntu/GitHub/sky130-trng/.loom/worktrees/issue-236/sim/digital-electrical-repair/requests/.klt/place-and-route/trng_digital_route.spef line 137712, pin bus_rdata_r[14] not found.
[WARNING STA-1656] /home/ubuntu/GitHub/sky130-trng/.loom/worktrees/issue-236/sim/digital-electrical-repair/requests/.klt/place-and-route/trng_digital_route.spef line 137885, pin bus_rdata_r[17] not found.
[WARNING STA-1656] /home/ubuntu/GitHub/sky130-trng/.loom/worktrees/issue-236/sim/digital-electrical-repair/requests/.klt/place-and-route/trng_digital_route.spef line 137886, pin bus_rdata_r[30] not found.
[WARNING STA-1656] /home/ubuntu/GitHub/sky130-trng/.loom/worktrees/issue-236/sim/digital-electrical-repair/requests/.klt/place-and-route/trng_digital_route.spef line 137935, pin bus_rdata_r[6] not found.
[WARNING STA-1656] /home/ubuntu/GitHub/sky130-trng/.loom/worktrees/issue-236/sim/digital-electrical-repair/requests/.klt/place-and-route/trng_digital_route.spef line 138074, pin bus_rdata_r[6] not found.
[WARNING STA-1656] /home/ubuntu/GitHub/sky130-trng/.loom/worktrees/issue-236/sim/digital-electrical-repair/requests/.klt/place-and-route/trng_digital_route.spef line 138360, pin startup_done89 not found.
[WARNING STA-1656] /home/ubuntu/GitHub/sky130-trng/.loom/worktrees/issue-236/sim/digital-electrical-repair/requests/.klt/place-and-route/trng_digital_route.spef line 138823, pin startup_done89 not found.
[WARNING STA-1656] /home/ubuntu/GitHub/sky130-trng/.loom/worktrees/issue-236/sim/digital-electrical-repair/requests/.klt/place-and-route/trng_digital_route.spef line 139337, pin startup_done89 not found.
[WARNING STA-1656] /home/ubuntu/GitHub/sky130-trng/.loom/worktrees/issue-236/sim/digital-electrical-repair/requests/.klt/place-and-route/trng_digital_route.spef line 139540, pin bus_rdata_r[17] not found.
[WARNING STA-1656] /home/ubuntu/GitHub/sky130-trng/.loom/worktrees/issue-236/sim/digital-electrical-repair/requests/.klt/place-and-route/trng_digital_route.spef line 139541, pin bus_rdata_r[2] not found.
[WARNING STA-1656] /home/ubuntu/GitHub/sky130-trng/.loom/worktrees/issue-236/sim/digital-electrical-repair/requests/.klt/place-and-route/trng_digital_route.spef line 139542, pin bus_rdata_r[30] not found.
[WARNING STA-1656] /home/ubuntu/GitHub/sky130-trng/.loom/worktrees/issue-236/sim/digital-electrical-repair/requests/.klt/place-and-route/trng_digital_route.spef line 139549, pin startup_done89 not found.
[WARNING STA-1656] /home/ubuntu/GitHub/sky130-trng/.loom/worktrees/issue-236/sim/digital-electrical-repair/requests/.klt/place-and-route/trng_digital_route.spef line 142065, pin bus_rdata_r[21] not found.
[WARNING STA-1656] /home/ubuntu/GitHub/sky130-trng/.loom/worktrees/issue-236/sim/digital-electrical-repair/requests/.klt/place-and-route/trng_digital_route.spef line 142066, pin bus_rdata_r[23] not found.
[WARNING STA-1656] /home/ubuntu/GitHub/sky130-trng/.loom/worktrees/issue-236/sim/digital-electrical-repair/requests/.klt/place-and-route/trng_digital_route.spef line 142067, pin bus_rdata_r[31] not found.
[WARNING STA-1656] /home/ubuntu/GitHub/sky130-trng/.loom/worktrees/issue-236/sim/digital-electrical-repair/requests/.klt/place-and-route/trng_digital_route.spef line 142090, pin bus_rdata_r[30] not found.
[WARNING STA-1656] /home/ubuntu/GitHub/sky130-trng/.loom/worktrees/issue-236/sim/digital-electrical-repair/requests/.klt/place-and-route/trng_digital_route.spef line 142114, pin bus_rdata_r[28] not found.
[WARNING STA-1656] /home/ubuntu/GitHub/sky130-trng/.loom/worktrees/issue-236/sim/digital-electrical-repair/requests/.klt/place-and-route/trng_digital_route.spef line 142115, pin bus_rdata_r[29] not found.
[WARNING STA-1656] /home/ubuntu/GitHub/sky130-trng/.loom/worktrees/issue-236/sim/digital-electrical-repair/requests/.klt/place-and-route/trng_digital_route.spef line 142145, pin bus_rdata_r[10] not found.
[WARNING STA-1656] /home/ubuntu/GitHub/sky130-trng/.loom/worktrees/issue-236/sim/digital-electrical-repair/requests/.klt/place-and-route/trng_digital_route.spef line 142146, pin bus_rdata_r[22] not found.
[WARNING STA-1656] /home/ubuntu/GitHub/sky130-trng/.loom/worktrees/issue-236/sim/digital-electrical-repair/requests/.klt/place-and-route/trng_digital_route.spef line 142147, pin bus_rdata_r[26] not found.
[WARNING STA-1656] /home/ubuntu/GitHub/sky130-trng/.loom/worktrees/issue-236/sim/digital-electrical-repair/requests/.klt/place-and-route/trng_digital_route.spef line 142148, pin bus_rdata_r[28] not found.
[WARNING STA-1656] /home/ubuntu/GitHub/sky130-trng/.loom/worktrees/issue-236/sim/digital-electrical-repair/requests/.klt/place-and-route/trng_digital_route.spef line 142149, pin bus_rdata_r[4] not found.
[WARNING STA-1656] /home/ubuntu/GitHub/sky130-trng/.loom/worktrees/issue-236/sim/digital-electrical-repair/requests/.klt/place-and-route/trng_digital_route.spef line 142150, pin bus_rdata_r[8] not found.
[WARNING STA-1656] /home/ubuntu/GitHub/sky130-trng/.loom/worktrees/issue-236/sim/digital-electrical-repair/requests/.klt/place-and-route/trng_digital_route.spef line 142175, pin bus_rdata_r[14] not found.
[WARNING STA-1656] /home/ubuntu/GitHub/sky130-trng/.loom/worktrees/issue-236/sim/digital-electrical-repair/requests/.klt/place-and-route/trng_digital_route.spef line 142176, pin bus_rdata_r[27] not found.
[WARNING STA-1656] /home/ubuntu/GitHub/sky130-trng/.loom/worktrees/issue-236/sim/digital-electrical-repair/requests/.klt/place-and-route/trng_digital_route.spef line 142208, pin bus_rdata_r[26] not found.
[WARNING STA-1656] /home/ubuntu/GitHub/sky130-trng/.loom/worktrees/issue-236/sim/digital-electrical-repair/requests/.klt/place-and-route/trng_digital_route.spef line 142209, pin bus_rdata_r[3] not found.
[WARNING STA-1656] /home/ubuntu/GitHub/sky130-trng/.loom/worktrees/issue-236/sim/digital-electrical-repair/requests/.klt/place-and-route/trng_digital_route.spef line 142210, pin bus_rdata_r[7] not found.
[WARNING STA-1656] /home/ubuntu/GitHub/sky130-trng/.loom/worktrees/issue-236/sim/digital-electrical-repair/requests/.klt/place-and-route/trng_digital_route.spef line 142245, pin bus_rdata_r[11] not found.
[WARNING STA-1656] /home/ubuntu/GitHub/sky130-trng/.loom/worktrees/issue-236/sim/digital-electrical-repair/requests/.klt/place-and-route/trng_digital_route.spef line 142246, pin bus_rdata_r[20] not found.
[WARNING STA-1656] /home/ubuntu/GitHub/sky130-trng/.loom/worktrees/issue-236/sim/digital-electrical-repair/requests/.klt/place-and-route/trng_digital_route.spef line 142247, pin bus_rdata_r[25] not found.
[WARNING STA-1656] /home/ubuntu/GitHub/sky130-trng/.loom/worktrees/issue-236/sim/digital-electrical-repair/requests/.klt/place-and-route/trng_digital_route.spef line 142276, pin bus_rdata_r[23] not found.
[WARNING STA-1656] /home/ubuntu/GitHub/sky130-trng/.loom/worktrees/issue-236/sim/digital-electrical-repair/requests/.klt/place-and-route/trng_digital_route.spef line 142277, pin bus_rdata_r[24] not found.
[WARNING STA-1656] /home/ubuntu/GitHub/sky130-trng/.loom/worktrees/issue-236/sim/digital-electrical-repair/requests/.klt/place-and-route/trng_digital_route.spef line 142278, pin bus_rdata_r[28] not found.
[WARNING STA-1656] /home/ubuntu/GitHub/sky130-trng/.loom/worktrees/issue-236/sim/digital-electrical-repair/requests/.klt/place-and-route/trng_digital_route.spef line 142279, pin bus_rdata_r[31] not found.
[WARNING STA-1656] /home/ubuntu/GitHub/sky130-trng/.loom/worktrees/issue-236/sim/digital-electrical-repair/requests/.klt/place-and-route/trng_digital_route.spef line 142307, pin bus_rdata_r[21] not found.
[WARNING STA-1656] /home/ubuntu/GitHub/sky130-trng/.loom/worktrees/issue-236/sim/digital-electrical-repair/requests/.klt/place-and-route/trng_digital_route.spef line 142308, pin bus_rdata_r[23] not found.
[WARNING STA-1656] /home/ubuntu/GitHub/sky130-trng/.loom/worktrees/issue-236/sim/digital-electrical-repair/requests/.klt/place-and-route/trng_digital_route.spef line 142335, pin bus_rdata_r[10] not found.
[WARNING STA-1656] /home/ubuntu/GitHub/sky130-trng/.loom/worktrees/issue-236/sim/digital-electrical-repair/requests/.klt/place-and-route/trng_digital_route.spef line 142336, pin bus_rdata_r[22] not found.
[WARNING STA-1656] /home/ubuntu/GitHub/sky130-trng/.loom/worktrees/issue-236/sim/digital-electrical-repair/requests/.klt/place-and-route/trng_digital_route.spef line 142337, pin bus_rdata_r[4] not found.
[WARNING STA-1656] /home/ubuntu/GitHub/sky130-trng/.loom/worktrees/issue-236/sim/digital-electrical-repair/requests/.klt/place-and-route/trng_digital_route.spef line 142359, pin bus_rdata_r[21] not found.
[WARNING STA-1656] /home/ubuntu/GitHub/sky130-trng/.loom/worktrees/issue-236/sim/digital-electrical-repair/requests/.klt/place-and-route/trng_digital_route.spef line 142360, pin bus_rdata_r[23] not found.
[WARNING STA-1656] /home/ubuntu/GitHub/sky130-trng/.loom/worktrees/issue-236/sim/digital-electrical-repair/requests/.klt/place-and-route/trng_digital_route.spef line 142382, pin bus_rdata_r[20] not found.
[WARNING STA-1656] /home/ubuntu/GitHub/sky130-trng/.loom/worktrees/issue-236/sim/digital-electrical-repair/requests/.klt/place-and-route/trng_digital_route.spef line 142407, pin bus_rdata_r[19] not found.
[WARNING STA-1656] /home/ubuntu/GitHub/sky130-trng/.loom/worktrees/issue-236/sim/digital-electrical-repair/requests/.klt/place-and-route/trng_digital_route.spef line 142408, pin bus_rdata_r[20] not found.
[WARNING STA-1656] /home/ubuntu/GitHub/sky130-trng/.loom/worktrees/issue-236/sim/digital-electrical-repair/requests/.klt/place-and-route/trng_digital_route.spef line 142409, pin bus_rdata_r[25] not found.
[WARNING STA-1656] /home/ubuntu/GitHub/sky130-trng/.loom/worktrees/issue-236/sim/digital-electrical-repair/requests/.klt/place-and-route/trng_digital_route.spef line 142432, pin bus_rdata_r[14] not found.
[WARNING STA-1656] /home/ubuntu/GitHub/sky130-trng/.loom/worktrees/issue-236/sim/digital-electrical-repair/requests/.klt/place-and-route/trng_digital_route.spef line 142458, pin bus_rdata_r[26] not found.
[WARNING STA-1656] /home/ubuntu/GitHub/sky130-trng/.loom/worktrees/issue-236/sim/digital-electrical-repair/requests/.klt/place-and-route/trng_digital_route.spef line 142459, pin bus_rdata_r[7] not found.
[WARNING STA-1656] /home/ubuntu/GitHub/sky130-trng/.loom/worktrees/issue-236/sim/digital-electrical-repair/requests/.klt/place-and-route/trng_digital_route.spef line 142488, pin bus_rdata_r[16] not found.
[WARNING STA-1656] /home/ubuntu/GitHub/sky130-trng/.loom/worktrees/issue-236/sim/digital-electrical-repair/requests/.klt/place-and-route/trng_digital_route.spef line 142489, pin bus_rdata_r[17] not found.
[WARNING STA-1656] /home/ubuntu/GitHub/sky130-trng/.loom/worktrees/issue-236/sim/digital-electrical-repair/requests/.klt/place-and-route/trng_digital_route.spef line 142490, pin bus_rdata_r[26] not found.
[WARNING STA-1656] /home/ubuntu/GitHub/sky130-trng/.loom/worktrees/issue-236/sim/digital-electrical-repair/requests/.klt/place-and-route/trng_digital_route.spef line 142491, pin bus_rdata_r[3] not found.
[WARNING STA-1656] /home/ubuntu/GitHub/sky130-trng/.loom/worktrees/issue-236/sim/digital-electrical-repair/requests/.klt/place-and-route/trng_digital_route.spef line 142563, pin bus_rdata_r[12] not found.
[WARNING STA-1656] /home/ubuntu/GitHub/sky130-trng/.loom/worktrees/issue-236/sim/digital-electrical-repair/requests/.klt/place-and-route/trng_digital_route.spef line 142564, pin bus_rdata_r[14] not found.
[WARNING STA-1656] /home/ubuntu/GitHub/sky130-trng/.loom/worktrees/issue-236/sim/digital-electrical-repair/requests/.klt/place-and-route/trng_digital_route.spef line 142565, pin bus_rdata_r[9] not found.
[WARNING STA-1656] /home/ubuntu/GitHub/sky130-trng/.loom/worktrees/issue-236/sim/digital-electrical-repair/requests/.klt/place-and-route/trng_digital_route.spef line 142589, pin bus_rdata_r[14] not found.
[WARNING STA-1656] /home/ubuntu/GitHub/sky130-trng/.loom/worktrees/issue-236/sim/digital-electrical-repair/requests/.klt/place-and-route/trng_digital_route.spef line 142590, pin bus_rdata_r[1] not found.
[WARNING STA-1656] /home/ubuntu/GitHub/sky130-trng/.loom/worktrees/issue-236/sim/digital-electrical-repair/requests/.klt/place-and-route/trng_digital_route.spef line 142614, pin bus_rdata_r[10] not found.
[WARNING STA-1656] /home/ubuntu/GitHub/sky130-trng/.loom/worktrees/issue-236/sim/digital-electrical-repair/requests/.klt/place-and-route/trng_digital_route.spef line 142615, pin bus_rdata_r[11] not found.
[WARNING STA-1656] /home/ubuntu/GitHub/sky130-trng/.loom/worktrees/issue-236/sim/digital-electrical-repair/requests/.klt/place-and-route/trng_digital_route.spef line 142616, pin bus_rdata_r[3] not found.
[WARNING STA-1656] /home/ubuntu/GitHub/sky130-trng/.loom/worktrees/issue-236/sim/digital-electrical-repair/requests/.klt/place-and-route/trng_digital_route.spef line 142639, pin bus_rdata_r[10] not found.
[WARNING STA-1656] /home/ubuntu/GitHub/sky130-trng/.loom/worktrees/issue-236/sim/digital-electrical-repair/requests/.klt/place-and-route/trng_digital_route.spef line 142640, pin bus_rdata_r[7] not found.
[WARNING STA-1656] /home/ubuntu/GitHub/sky130-trng/.loom/worktrees/issue-236/sim/digital-electrical-repair/requests/.klt/place-and-route/trng_digital_route.spef line 142723, pin bus_rdata_r[4] not found.
[WARNING STA-1656] /home/ubuntu/GitHub/sky130-trng/.loom/worktrees/issue-236/sim/digital-electrical-repair/requests/.klt/place-and-route/trng_digital_route.spef line 142724, pin bus_rdata_r[7] not found.
[WARNING STA-1656] /home/ubuntu/GitHub/sky130-trng/.loom/worktrees/issue-236/sim/digital-electrical-repair/requests/.klt/place-and-route/trng_digital_route.spef line 142725, pin bus_rdata_r[8] not found.
[WARNING STA-1656] /home/ubuntu/GitHub/sky130-trng/.loom/worktrees/issue-236/sim/digital-electrical-repair/requests/.klt/place-and-route/trng_digital_route.spef line 142772, pin startup_done89 not found.
[WARNING STA-1656] /home/ubuntu/GitHub/sky130-trng/.loom/worktrees/issue-236/sim/digital-electrical-repair/requests/.klt/place-and-route/trng_digital_route.spef line 142794, pin bus_rdata_r[5] not found.
[WARNING STA-1656] /home/ubuntu/GitHub/sky130-trng/.loom/worktrees/issue-236/sim/digital-electrical-repair/requests/.klt/place-and-route/trng_digital_route.spef line 142814, pin bus_rdata_r[13] not found.
[WARNING STA-1656] /home/ubuntu/GitHub/sky130-trng/.loom/worktrees/issue-236/sim/digital-electrical-repair/requests/.klt/place-and-route/trng_digital_route.spef line 142926, pin bus_rdata_r[0] not found.
[WARNING STA-1656] /home/ubuntu/GitHub/sky130-trng/.loom/worktrees/issue-236/sim/digital-electrical-repair/requests/.klt/place-and-route/trng_digital_route.spef line 142927, pin bus_rdata_r[10] not found.
[WARNING STA-1656] /home/ubuntu/GitHub/sky130-trng/.loom/worktrees/issue-236/sim/digital-electrical-repair/requests/.klt/place-and-route/trng_digital_route.spef line 142928, pin bus_rdata_r[28] not found.
[WARNING STA-1656] /home/ubuntu/GitHub/sky130-trng/.loom/worktrees/issue-236/sim/digital-electrical-repair/requests/.klt/place-and-route/trng_digital_route.spef line 143861, pin bus_rdata_r[2] not found.
[WARNING STA-1656] /home/ubuntu/GitHub/sky130-trng/.loom/worktrees/issue-236/sim/digital-electrical-repair/requests/.klt/place-and-route/trng_digital_route.spef line 143862, pin bus_rdata_r[6] not found.
[WARNING STA-1656] /home/ubuntu/GitHub/sky130-trng/.loom/worktrees/issue-236/sim/digital-electrical-repair/requests/.klt/place-and-route/trng_digital_route.spef line 143897, pin startup_done89 not found.
[WARNING STA-1656] /home/ubuntu/GitHub/sky130-trng/.loom/worktrees/issue-236/sim/digital-electrical-repair/requests/.klt/place-and-route/trng_digital_route.spef line 144309, pin bus_rdata_r[17] not found.
[WARNING STA-1656] /home/ubuntu/GitHub/sky130-trng/.loom/worktrees/issue-236/sim/digital-electrical-repair/requests/.klt/place-and-route/trng_digital_route.spef line 144310, pin bus_rdata_r[2] not found.
[WARNING STA-1656] /home/ubuntu/GitHub/sky130-trng/.loom/worktrees/issue-236/sim/digital-electrical-repair/requests/.klt/place-and-route/trng_digital_route.spef line 144311, pin bus_rdata_r[30] not found.
[WARNING STA-1656] /home/ubuntu/GitHub/sky130-trng/.loom/worktrees/issue-236/sim/digital-electrical-repair/requests/.klt/place-and-route/trng_digital_route.spef line 144341, pin startup_done89 not found.
[WARNING STA-1656] /home/ubuntu/GitHub/sky130-trng/.loom/worktrees/issue-236/sim/digital-electrical-repair/requests/.klt/place-and-route/trng_digital_route.spef line 144696, pin startup_done89 not found.
[WARNING STA-1656] /home/ubuntu/GitHub/sky130-trng/.loom/worktrees/issue-236/sim/digital-electrical-repair/requests/.klt/place-and-route/trng_digital_route.spef line 144938, pin startup_done89 not found.
[WARNING STA-1656] /home/ubuntu/GitHub/sky130-trng/.loom/worktrees/issue-236/sim/digital-electrical-repair/requests/.klt/place-and-route/trng_digital_route.spef line 145118, pin startup_done89 not found.
[WARNING STA-1656] /home/ubuntu/GitHub/sky130-trng/.loom/worktrees/issue-236/sim/digital-electrical-repair/requests/.klt/place-and-route/trng_digital_route.spef line 145658, pin startup_done89 not found.
[WARNING STA-1656] /home/ubuntu/GitHub/sky130-trng/.loom/worktrees/issue-236/sim/digital-electrical-repair/requests/.klt/place-and-route/trng_digital_route.spef line 145934, pin bus_rdata_r[2] not found.
[WARNING STA-1656] /home/ubuntu/GitHub/sky130-trng/.loom/worktrees/issue-236/sim/digital-electrical-repair/requests/.klt/place-and-route/trng_digital_route.spef line 146177, pin startup_done89 not found.
[WARNING STA-1656] /home/ubuntu/GitHub/sky130-trng/.loom/worktrees/issue-236/sim/digital-electrical-repair/requests/.klt/place-and-route/trng_digital_route.spef line 148039, pin bus_rdata_r[2] not found.
[WARNING STA-1656] /home/ubuntu/GitHub/sky130-trng/.loom/worktrees/issue-236/sim/digital-electrical-repair/requests/.klt/place-and-route/trng_digital_route.spef line 148040, pin bus_rdata_r[3] not found.
[WARNING STA-1656] /home/ubuntu/GitHub/sky130-trng/.loom/worktrees/issue-236/sim/digital-electrical-repair/requests/.klt/place-and-route/trng_digital_route.spef line 148041, pin bus_rdata_r[6] not found.
[WARNING STA-1656] /home/ubuntu/GitHub/sky130-trng/.loom/worktrees/issue-236/sim/digital-electrical-repair/requests/.klt/place-and-route/trng_digital_route.spef line 148093, pin startup_done89 not found.
[WARNING STA-1656] /home/ubuntu/GitHub/sky130-trng/.loom/worktrees/issue-236/sim/digital-electrical-repair/requests/.klt/place-and-route/trng_digital_route.spef line 148177, pin startup_done89 not found.
[WARNING STA-1656] /home/ubuntu/GitHub/sky130-trng/.loom/worktrees/issue-236/sim/digital-electrical-repair/requests/.klt/place-and-route/trng_digital_route.spef line 148851, pin bus_rdata_r[23] not found.
[WARNING STA-1656] /home/ubuntu/GitHub/sky130-trng/.loom/worktrees/issue-236/sim/digital-electrical-repair/requests/.klt/place-and-route/trng_digital_route.spef line 148958, pin bus_rdata_r[5] not found.
[WARNING STA-1656] /home/ubuntu/GitHub/sky130-trng/.loom/worktrees/issue-236/sim/digital-electrical-repair/requests/.klt/place-and-route/trng_digital_route.spef line 149021, pin bus_rdata_r[14] not found.
[WARNING STA-1656] /home/ubuntu/GitHub/sky130-trng/.loom/worktrees/issue-236/sim/digital-electrical-repair/requests/.klt/place-and-route/trng_digital_route.spef line 150290, pin bus_rdata_r[21] not found.
[WARNING STA-1656] /home/ubuntu/GitHub/sky130-trng/.loom/worktrees/issue-236/sim/digital-electrical-repair/requests/.klt/place-and-route/trng_digital_route.spef line 150291, pin bus_rdata_r[23] not found.
[WARNING STA-1656] /home/ubuntu/GitHub/sky130-trng/.loom/worktrees/issue-236/sim/digital-electrical-repair/requests/.klt/place-and-route/trng_digital_route.spef line 150794, pin bus_rdata_r[12] not found.
[WARNING STA-1656] /home/ubuntu/GitHub/sky130-trng/.loom/worktrees/issue-236/sim/digital-electrical-repair/requests/.klt/place-and-route/trng_digital_route.spef line 150795, pin bus_rdata_r[13] not found.
[WARNING STA-1656] /home/ubuntu/GitHub/sky130-trng/.loom/worktrees/issue-236/sim/digital-electrical-repair/requests/.klt/place-and-route/trng_digital_route.spef line 150796, pin bus_rdata_r[14] not found.
[WARNING STA-1656] /home/ubuntu/GitHub/sky130-trng/.loom/worktrees/issue-236/sim/digital-electrical-repair/requests/.klt/place-and-route/trng_digital_route.spef line 150797, pin bus_rdata_r[1] not found.
[WARNING STA-1656] /home/ubuntu/GitHub/sky130-trng/.loom/worktrees/issue-236/sim/digital-electrical-repair/requests/.klt/place-and-route/trng_digital_route.spef line 150798, pin bus_rdata_r[21] not found.
[WARNING STA-1656] /home/ubuntu/GitHub/sky130-trng/.loom/worktrees/issue-236/sim/digital-electrical-repair/requests/.klt/place-and-route/trng_digital_route.spef line 150799, pin bus_rdata_r[23] not found.
[WARNING STA-1656] /home/ubuntu/GitHub/sky130-trng/.loom/worktrees/issue-236/sim/digital-electrical-repair/requests/.klt/place-and-route/trng_digital_route.spef line 150800, pin bus_rdata_r[9] not found.
[WARNING STA-1656] /home/ubuntu/GitHub/sky130-trng/.loom/worktrees/issue-236/sim/digital-electrical-repair/requests/.klt/place-and-route/trng_digital_route.spef line 150837, pin bus_rdata_r[21] not found.
[WARNING STA-1656] /home/ubuntu/GitHub/sky130-trng/.loom/worktrees/issue-236/sim/digital-electrical-repair/requests/.klt/place-and-route/trng_digital_route.spef line 150838, pin bus_rdata_r[23] not found.
[WARNING STA-1656] /home/ubuntu/GitHub/sky130-trng/.loom/worktrees/issue-236/sim/digital-electrical-repair/requests/.klt/place-and-route/trng_digital_route.spef line 150866, pin bus_rdata_r[1] not found.
[WARNING STA-1656] /home/ubuntu/GitHub/sky130-trng/.loom/worktrees/issue-236/sim/digital-electrical-repair/requests/.klt/place-and-route/trng_digital_route.spef line 150867, pin bus_rdata_r[21] not found.
[WARNING STA-1656] /home/ubuntu/GitHub/sky130-trng/.loom/worktrees/issue-236/sim/digital-electrical-repair/requests/.klt/place-and-route/trng_digital_route.spef line 150868, pin bus_rdata_r[9] not found.
[WARNING STA-1656] /home/ubuntu/GitHub/sky130-trng/.loom/worktrees/issue-236/sim/digital-electrical-repair/requests/.klt/place-and-route/trng_digital_route.spef line 150904, pin bus_rdata_r[3] not found.
[WARNING STA-1656] /home/ubuntu/GitHub/sky130-trng/.loom/worktrees/issue-236/sim/digital-electrical-repair/requests/.klt/place-and-route/trng_digital_route.spef line 151044, pin startup_done89 not found.
[WARNING STA-1656] /home/ubuntu/GitHub/sky130-trng/.loom/worktrees/issue-236/sim/digital-electrical-repair/requests/.klt/place-and-route/trng_digital_route.spef line 151179, pin startup_done89 not found.
[WARNING STA-1656] /home/ubuntu/GitHub/sky130-trng/.loom/worktrees/issue-236/sim/digital-electrical-repair/requests/.klt/place-and-route/trng_digital_route.spef line 151244, pin bus_rdata_r[3] not found.
[WARNING STA-1656] /home/ubuntu/GitHub/sky130-trng/.loom/worktrees/issue-236/sim/digital-electrical-repair/requests/.klt/place-and-route/trng_digital_route.spef line 151306, pin bus_rdata_r[4] not found.
[WARNING STA-1656] /home/ubuntu/GitHub/sky130-trng/.loom/worktrees/issue-236/sim/digital-electrical-repair/requests/.klt/place-and-route/trng_digital_route.spef line 151528, pin startup_done89 not found.
[WARNING STA-1656] /home/ubuntu/GitHub/sky130-trng/.loom/worktrees/issue-236/sim/digital-electrical-repair/requests/.klt/place-and-route/trng_digital_route.spef line 151675, pin startup_done89 not found.
[WARNING STA-1656] /home/ubuntu/GitHub/sky130-trng/.loom/worktrees/issue-236/sim/digital-electrical-repair/requests/.klt/place-and-route/trng_digital_route.spef line 151996, pin startup_done89 not found.
[WARNING STA-1656] /home/ubuntu/GitHub/sky130-trng/.loom/worktrees/issue-236/sim/digital-electrical-repair/requests/.klt/place-and-route/trng_digital_route.spef line 154159, pin bus_rdata_r[15] not found.
[WARNING STA-1656] /home/ubuntu/GitHub/sky130-trng/.loom/worktrees/issue-236/sim/digital-electrical-repair/requests/.klt/place-and-route/trng_digital_route.spef line 154160, pin bus_rdata_r[9] not found.
[WARNING STA-1656] /home/ubuntu/GitHub/sky130-trng/.loom/worktrees/issue-236/sim/digital-electrical-repair/requests/.klt/place-and-route/trng_digital_route.spef line 154203, pin startup_done89 not found.
[WARNING STA-1656] /home/ubuntu/GitHub/sky130-trng/.loom/worktrees/issue-236/sim/digital-electrical-repair/requests/.klt/place-and-route/trng_digital_route.spef line 154253, pin startup_done89 not found.
[WARNING STA-1656] /home/ubuntu/GitHub/sky130-trng/.loom/worktrees/issue-236/sim/digital-electrical-repair/requests/.klt/place-and-route/trng_digital_route.spef line 155680, pin startup_done89 not found.
[WARNING STA-1656] /home/ubuntu/GitHub/sky130-trng/.loom/worktrees/issue-236/sim/digital-electrical-repair/requests/.klt/place-and-route/trng_digital_route.spef line 155713, pin startup_done89 not found.
[WARNING STA-1656] /home/ubuntu/GitHub/sky130-trng/.loom/worktrees/issue-236/sim/digital-electrical-repair/requests/.klt/place-and-route/trng_digital_route.spef line 155754, pin startup_done89 not found.
[WARNING STA-1656] /home/ubuntu/GitHub/sky130-trng/.loom/worktrees/issue-236/sim/digital-electrical-repair/requests/.klt/place-and-route/trng_digital_route.spef line 155830, pin startup_done89 not found.
[WARNING STA-1656] /home/ubuntu/GitHub/sky130-trng/.loom/worktrees/issue-236/sim/digital-electrical-repair/requests/.klt/place-and-route/trng_digital_route.spef line 155860, pin startup_done89 not found.
[WARNING STA-1656] /home/ubuntu/GitHub/sky130-trng/.loom/worktrees/issue-236/sim/digital-electrical-repair/requests/.klt/place-and-route/trng_digital_route.spef line 155902, pin startup_done89 not found.
[WARNING STA-1656] /home/ubuntu/GitHub/sky130-trng/.loom/worktrees/issue-236/sim/digital-electrical-repair/requests/.klt/place-and-route/trng_digital_route.spef line 155939, pin startup_done89 not found.
[WARNING STA-1656] /home/ubuntu/GitHub/sky130-trng/.loom/worktrees/issue-236/sim/digital-electrical-repair/requests/.klt/place-and-route/trng_digital_route.spef line 155974, pin startup_done89 not found.
[WARNING STA-1656] /home/ubuntu/GitHub/sky130-trng/.loom/worktrees/issue-236/sim/digital-electrical-repair/requests/.klt/place-and-route/trng_digital_route.spef line 156016, pin startup_done89 not found.
[WARNING STA-1656] /home/ubuntu/GitHub/sky130-trng/.loom/worktrees/issue-236/sim/digital-electrical-repair/requests/.klt/place-and-route/trng_digital_route.spef line 156088, pin startup_done89 not found.
[WARNING STA-1656] /home/ubuntu/GitHub/sky130-trng/.loom/worktrees/issue-236/sim/digital-electrical-repair/requests/.klt/place-and-route/trng_digital_route.spef line 156115, pin startup_done89 not found.
[WARNING STA-1656] /home/ubuntu/GitHub/sky130-trng/.loom/worktrees/issue-236/sim/digital-electrical-repair/requests/.klt/place-and-route/trng_digital_route.spef line 156141, pin startup_done89 not found.
[WARNING STA-1656] /home/ubuntu/GitHub/sky130-trng/.loom/worktrees/issue-236/sim/digital-electrical-repair/requests/.klt/place-and-route/trng_digital_route.spef line 156234, pin startup_done89 not found.
[WARNING STA-1656] /home/ubuntu/GitHub/sky130-trng/.loom/worktrees/issue-236/sim/digital-electrical-repair/requests/.klt/place-and-route/trng_digital_route.spef line 156260, pin startup_done89 not found.
[WARNING STA-1656] /home/ubuntu/GitHub/sky130-trng/.loom/worktrees/issue-236/sim/digital-electrical-repair/requests/.klt/place-and-route/trng_digital_route.spef line 156281, pin startup_done89 not found.
[WARNING STA-1656] /home/ubuntu/GitHub/sky130-trng/.loom/worktrees/issue-236/sim/digital-electrical-repair/requests/.klt/place-and-route/trng_digital_route.spef line 156322, pin startup_done89 not found.
[WARNING STA-1656] /home/ubuntu/GitHub/sky130-trng/.loom/worktrees/issue-236/sim/digital-electrical-repair/requests/.klt/place-and-route/trng_digital_route.spef line 156343, pin startup_done89 not found.
[WARNING STA-1656] /home/ubuntu/GitHub/sky130-trng/.loom/worktrees/issue-236/sim/digital-electrical-repair/requests/.klt/place-and-route/trng_digital_route.spef line 156363, pin startup_done89 not found.
[WARNING STA-1656] /home/ubuntu/GitHub/sky130-trng/.loom/worktrees/issue-236/sim/digital-electrical-repair/requests/.klt/place-and-route/trng_digital_route.spef line 156384, pin startup_done89 not found.
[WARNING STA-1656] /home/ubuntu/GitHub/sky130-trng/.loom/worktrees/issue-236/sim/digital-electrical-repair/requests/.klt/place-and-route/trng_digital_route.spef line 156407, pin startup_done89 not found.
[WARNING STA-1656] /home/ubuntu/GitHub/sky130-trng/.loom/worktrees/issue-236/sim/digital-electrical-repair/requests/.klt/place-and-route/trng_digital_route.spef line 156449, pin startup_done89 not found.
[WARNING STA-1656] /home/ubuntu/GitHub/sky130-trng/.loom/worktrees/issue-236/sim/digital-electrical-repair/requests/.klt/place-and-route/trng_digital_route.spef line 156507, pin startup_done89 not found.
[WARNING STA-1656] /home/ubuntu/GitHub/sky130-trng/.loom/worktrees/issue-236/sim/digital-electrical-repair/requests/.klt/place-and-route/trng_digital_route.spef line 156547, pin startup_done89 not found.
[WARNING STA-1656] /home/ubuntu/GitHub/sky130-trng/.loom/worktrees/issue-236/sim/digital-electrical-repair/requests/.klt/place-and-route/trng_digital_route.spef line 156584, pin startup_done89 not found.
[WARNING STA-1656] /home/ubuntu/GitHub/sky130-trng/.loom/worktrees/issue-236/sim/digital-electrical-repair/requests/.klt/place-and-route/trng_digital_route.spef line 160422, pin startup_done89 not found.
[WARNING STA-1656] /home/ubuntu/GitHub/sky130-trng/.loom/worktrees/issue-236/sim/digital-electrical-repair/requests/.klt/place-and-route/trng_digital_route.spef line 160944, pin bus_rdata_r[15] not found.
[WARNING STA-1656] /home/ubuntu/GitHub/sky130-trng/.loom/worktrees/issue-236/sim/digital-electrical-repair/requests/.klt/place-and-route/trng_digital_route.spef line 160947, pin startup_done89 not found.
[WARNING STA-1656] /home/ubuntu/GitHub/sky130-trng/.loom/worktrees/issue-236/sim/digital-electrical-repair/requests/.klt/place-and-route/trng_digital_route.spef line 160983, pin bus_rdata_r[3] not found.
[WARNING STA-1656] /home/ubuntu/GitHub/sky130-trng/.loom/worktrees/issue-236/sim/digital-electrical-repair/requests/.klt/place-and-route/trng_digital_route.spef line 161094, pin bus_rdata_r[3] not found.
[WARNING STA-1656] /home/ubuntu/GitHub/sky130-trng/.loom/worktrees/issue-236/sim/digital-electrical-repair/requests/.klt/place-and-route/trng_digital_route.spef line 161322, pin startup_done89 not found.
[WARNING STA-1656] /home/ubuntu/GitHub/sky130-trng/.loom/worktrees/issue-236/sim/digital-electrical-repair/requests/.klt/place-and-route/trng_digital_route.spef line 161344, pin startup_done89 not found.
[WARNING STA-1656] /home/ubuntu/GitHub/sky130-trng/.loom/worktrees/issue-236/sim/digital-electrical-repair/requests/.klt/place-and-route/trng_digital_route.spef line 161372, pin startup_done89 not found.
[WARNING STA-1656] /home/ubuntu/GitHub/sky130-trng/.loom/worktrees/issue-236/sim/digital-electrical-repair/requests/.klt/place-and-route/trng_digital_route.spef line 161395, pin startup_done89 not found.
[WARNING STA-1656] /home/ubuntu/GitHub/sky130-trng/.loom/worktrees/issue-236/sim/digital-electrical-repair/requests/.klt/place-and-route/trng_digital_route.spef line 161424, pin startup_done89 not found.
[WARNING STA-1656] /home/ubuntu/GitHub/sky130-trng/.loom/worktrees/issue-236/sim/digital-electrical-repair/requests/.klt/place-and-route/trng_digital_route.spef line 161446, pin startup_done89 not found.
[WARNING STA-1656] /home/ubuntu/GitHub/sky130-trng/.loom/worktrees/issue-236/sim/digital-electrical-repair/requests/.klt/place-and-route/trng_digital_route.spef line 161506, pin bus_rdata_r[4] not found.
[WARNING STA-1656] /home/ubuntu/GitHub/sky130-trng/.loom/worktrees/issue-236/sim/digital-electrical-repair/requests/.klt/place-and-route/trng_digital_route.spef line 161543, pin startup_done89 not found.
[WARNING STA-1656] /home/ubuntu/GitHub/sky130-trng/.loom/worktrees/issue-236/sim/digital-electrical-repair/requests/.klt/place-and-route/trng_digital_route.spef line 161642, pin startup_done89 not found.
[WARNING STA-1656] /home/ubuntu/GitHub/sky130-trng/.loom/worktrees/issue-236/sim/digital-electrical-repair/requests/.klt/place-and-route/trng_digital_route.spef line 161727, pin startup_done89 not found.
[WARNING STA-1656] /home/ubuntu/GitHub/sky130-trng/.loom/worktrees/issue-236/sim/digital-electrical-repair/requests/.klt/place-and-route/trng_digital_route.spef line 161805, pin bus_rdata_r[3] not found.
[WARNING STA-1656] /home/ubuntu/GitHub/sky130-trng/.loom/worktrees/issue-236/sim/digital-electrical-repair/requests/.klt/place-and-route/trng_digital_route.spef line 162052, pin bus_rdata_r[5] not found.
[WARNING STA-1656] /home/ubuntu/GitHub/sky130-trng/.loom/worktrees/issue-236/sim/digital-electrical-repair/requests/.klt/place-and-route/trng_digital_route.spef line 162095, pin bus_rdata_r[3] not found.
[WARNING STA-1656] /home/ubuntu/GitHub/sky130-trng/.loom/worktrees/issue-236/sim/digital-electrical-repair/requests/.klt/place-and-route/trng_digital_route.spef line 162187, pin startup_done89 not found.
[WARNING STA-1656] /home/ubuntu/GitHub/sky130-trng/.loom/worktrees/issue-236/sim/digital-electrical-repair/requests/.klt/place-and-route/trng_digital_route.spef line 162286, pin startup_done89 not found.
[WARNING STA-1656] /home/ubuntu/GitHub/sky130-trng/.loom/worktrees/issue-236/sim/digital-electrical-repair/requests/.klt/place-and-route/trng_digital_route.spef line 162354, pin bus_rdata_r[15] not found.
[WARNING STA-1656] /home/ubuntu/GitHub/sky130-trng/.loom/worktrees/issue-236/sim/digital-electrical-repair/requests/.klt/place-and-route/trng_digital_route.spef line 162355, pin bus_rdata_r[2] not found.
[WARNING STA-1656] /home/ubuntu/GitHub/sky130-trng/.loom/worktrees/issue-236/sim/digital-electrical-repair/requests/.klt/place-and-route/trng_digital_route.spef line 162356, pin bus_rdata_r[3] not found.
[WARNING STA-1656] /home/ubuntu/GitHub/sky130-trng/.loom/worktrees/issue-236/sim/digital-electrical-repair/requests/.klt/place-and-route/trng_digital_route.spef line 162384, pin startup_done89 not found.
[WARNING STA-1656] /home/ubuntu/GitHub/sky130-trng/.loom/worktrees/issue-236/sim/digital-electrical-repair/requests/.klt/place-and-route/trng_digital_route.spef line 162792, pin bus_rdata_r[15] not found.
[WARNING STA-1656] /home/ubuntu/GitHub/sky130-trng/.loom/worktrees/issue-236/sim/digital-electrical-repair/requests/.klt/place-and-route/trng_digital_route.spef line 162793, pin bus_rdata_r[9] not found.
[WARNING STA-1656] /home/ubuntu/GitHub/sky130-trng/.loom/worktrees/issue-236/sim/digital-electrical-repair/requests/.klt/place-and-route/trng_digital_route.spef line 162991, pin bus_rdata_r[14] not found.
[WARNING STA-1656] /home/ubuntu/GitHub/sky130-trng/.loom/worktrees/issue-236/sim/digital-electrical-repair/requests/.klt/place-and-route/trng_digital_route.spef line 162992, pin bus_rdata_r[15] not found.
[WARNING STA-1656] /home/ubuntu/GitHub/sky130-trng/.loom/worktrees/issue-236/sim/digital-electrical-repair/requests/.klt/place-and-route/trng_digital_route.spef line 162993, pin bus_rdata_r[9] not found.
[WARNING STA-1656] /home/ubuntu/GitHub/sky130-trng/.loom/worktrees/issue-236/sim/digital-electrical-repair/requests/.klt/place-and-route/trng_digital_route.spef line 163188, pin bus_rdata_r[15] not found.
[WARNING STA-1656] /home/ubuntu/GitHub/sky130-trng/.loom/worktrees/issue-236/sim/digital-electrical-repair/requests/.klt/place-and-route/trng_digital_route.spef line 163189, pin bus_rdata_r[9] not found.
[WARNING STA-1656] /home/ubuntu/GitHub/sky130-trng/.loom/worktrees/issue-236/sim/digital-electrical-repair/requests/.klt/place-and-route/trng_digital_route.spef line 163243, pin bus_rdata_r[4] not found.
[WARNING STA-1656] /home/ubuntu/GitHub/sky130-trng/.loom/worktrees/issue-236/sim/digital-electrical-repair/requests/.klt/place-and-route/trng_digital_route.spef line 163284, pin bus_rdata_r[3] not found.
[WARNING STA-1656] /home/ubuntu/GitHub/sky130-trng/.loom/worktrees/issue-236/sim/digital-electrical-repair/requests/.klt/place-and-route/trng_digital_route.spef line 163320, pin bus_rdata_r[4] not found.
[WARNING STA-1656] /home/ubuntu/GitHub/sky130-trng/.loom/worktrees/issue-236/sim/digital-electrical-repair/requests/.klt/place-and-route/trng_digital_route.spef line 163356, pin bus_rdata_r[4] not found.
[WARNING STA-1656] /home/ubuntu/GitHub/sky130-trng/.loom/worktrees/issue-236/sim/digital-electrical-repair/requests/.klt/place-and-route/trng_digital_route.spef line 163368, pin startup_done89 not found.
[WARNING STA-1656] /home/ubuntu/GitHub/sky130-trng/.loom/worktrees/issue-236/sim/digital-electrical-repair/requests/.klt/place-and-route/trng_digital_route.spef line 163688, pin bus_rdata_r[15] not found.
[WARNING STA-1656] /home/ubuntu/GitHub/sky130-trng/.loom/worktrees/issue-236/sim/digital-electrical-repair/requests/.klt/place-and-route/trng_digital_route.spef line 163689, pin bus_rdata_r[17] not found.
[WARNING STA-1656] /home/ubuntu/GitHub/sky130-trng/.loom/worktrees/issue-236/sim/digital-electrical-repair/requests/.klt/place-and-route/trng_digital_route.spef line 163690, pin bus_rdata_r[30] not found.
[WARNING STA-1656] /home/ubuntu/GitHub/sky130-trng/.loom/worktrees/issue-236/sim/digital-electrical-repair/requests/.klt/place-and-route/trng_digital_route.spef line 163691, pin bus_rdata_r[6] not found.
[WARNING STA-1656] /home/ubuntu/GitHub/sky130-trng/.loom/worktrees/issue-236/sim/digital-electrical-repair/requests/.klt/place-and-route/trng_digital_route.spef line 163732, pin startup_done89 not found.
[WARNING STA-1656] /home/ubuntu/GitHub/sky130-trng/.loom/worktrees/issue-236/sim/digital-electrical-repair/requests/.klt/place-and-route/trng_digital_route.spef line 163855, pin startup_done89 not found.
[WARNING STA-1656] /home/ubuntu/GitHub/sky130-trng/.loom/worktrees/issue-236/sim/digital-electrical-repair/requests/.klt/place-and-route/trng_digital_route.spef line 164016, pin startup_done89 not found.
[WARNING STA-1656] /home/ubuntu/GitHub/sky130-trng/.loom/worktrees/issue-236/sim/digital-electrical-repair/requests/.klt/place-and-route/trng_digital_route.spef line 164179, pin startup_done89 not found.
[WARNING STA-1656] /home/ubuntu/GitHub/sky130-trng/.loom/worktrees/issue-236/sim/digital-electrical-repair/requests/.klt/place-and-route/trng_digital_route.spef line 164358, pin bus_rdata_r[12] not found.
[WARNING STA-1656] /home/ubuntu/GitHub/sky130-trng/.loom/worktrees/issue-236/sim/digital-electrical-repair/requests/.klt/place-and-route/trng_digital_route.spef line 164359, pin bus_rdata_r[13] not found.
[WARNING STA-1656] /home/ubuntu/GitHub/sky130-trng/.loom/worktrees/issue-236/sim/digital-electrical-repair/requests/.klt/place-and-route/trng_digital_route.spef line 164360, pin bus_rdata_r[14] not found.
[WARNING STA-1656] /home/ubuntu/GitHub/sky130-trng/.loom/worktrees/issue-236/sim/digital-electrical-repair/requests/.klt/place-and-route/trng_digital_route.spef line 164361, pin bus_rdata_r[15] not found.
[WARNING STA-1656] /home/ubuntu/GitHub/sky130-trng/.loom/worktrees/issue-236/sim/digital-electrical-repair/requests/.klt/place-and-route/trng_digital_route.spef line 164362, pin bus_rdata_r[16] not found.
[WARNING STA-1656] /home/ubuntu/GitHub/sky130-trng/.loom/worktrees/issue-236/sim/digital-electrical-repair/requests/.klt/place-and-route/trng_digital_route.spef line 164363, pin bus_rdata_r[17] not found.
[WARNING STA-1656] /home/ubuntu/GitHub/sky130-trng/.loom/worktrees/issue-236/sim/digital-electrical-repair/requests/.klt/place-and-route/trng_digital_route.spef line 164364, pin bus_rdata_r[18] not found.
[WARNING STA-1656] /home/ubuntu/GitHub/sky130-trng/.loom/worktrees/issue-236/sim/digital-electrical-repair/requests/.klt/place-and-route/trng_digital_route.spef line 164365, pin bus_rdata_r[1] not found.
[WARNING STA-1656] /home/ubuntu/GitHub/sky130-trng/.loom/worktrees/issue-236/sim/digital-electrical-repair/requests/.klt/place-and-route/trng_digital_route.spef line 164366, pin bus_rdata_r[21] not found.
[WARNING STA-1656] /home/ubuntu/GitHub/sky130-trng/.loom/worktrees/issue-236/sim/digital-electrical-repair/requests/.klt/place-and-route/trng_digital_route.spef line 164367, pin bus_rdata_r[23] not found.
[WARNING STA-1656] /home/ubuntu/GitHub/sky130-trng/.loom/worktrees/issue-236/sim/digital-electrical-repair/requests/.klt/place-and-route/trng_digital_route.spef line 164368, pin bus_rdata_r[24] not found.
[WARNING STA-1656] /home/ubuntu/GitHub/sky130-trng/.loom/worktrees/issue-236/sim/digital-electrical-repair/requests/.klt/place-and-route/trng_digital_route.spef line 164369, pin bus_rdata_r[25] not found.
[WARNING STA-1656] /home/ubuntu/GitHub/sky130-trng/.loom/worktrees/issue-236/sim/digital-electrical-repair/requests/.klt/place-and-route/trng_digital_route.spef line 164370, pin bus_rdata_r[27] not found.
[WARNING STA-1656] /home/ubuntu/GitHub/sky130-trng/.loom/worktrees/issue-236/sim/digital-electrical-repair/requests/.klt/place-and-route/trng_digital_route.spef line 164371, pin bus_rdata_r[30] not found.
[WARNING STA-1656] /home/ubuntu/GitHub/sky130-trng/.loom/worktrees/issue-236/sim/digital-electrical-repair/requests/.klt/place-and-route/trng_digital_route.spef line 164372, pin bus_rdata_r[31] not found.
[WARNING STA-1656] /home/ubuntu/GitHub/sky130-trng/.loom/worktrees/issue-236/sim/digital-electrical-repair/requests/.klt/place-and-route/trng_digital_route.spef line 164373, pin bus_rdata_r[3] not found.
[WARNING STA-1656] /home/ubuntu/GitHub/sky130-trng/.loom/worktrees/issue-236/sim/digital-electrical-repair/requests/.klt/place-and-route/trng_digital_route.spef line 164374, pin bus_rdata_r[4] not found.
[WARNING STA-1656] /home/ubuntu/GitHub/sky130-trng/.loom/worktrees/issue-236/sim/digital-electrical-repair/requests/.klt/place-and-route/trng_digital_route.spef line 164375, pin bus_rdata_r[8] not found.
[WARNING STA-1656] /home/ubuntu/GitHub/sky130-trng/.loom/worktrees/issue-236/sim/digital-electrical-repair/requests/.klt/place-and-route/trng_digital_route.spef line 164376, pin bus_rdata_r[9] not found.
[WARNING STA-1656] /home/ubuntu/GitHub/sky130-trng/.loom/worktrees/issue-236/sim/digital-electrical-repair/requests/.klt/place-and-route/trng_digital_route.spef line 164440, pin startup_done89 not found.
[WARNING STA-1656] /home/ubuntu/GitHub/sky130-trng/.loom/worktrees/issue-236/sim/digital-electrical-repair/requests/.klt/place-and-route/trng_digital_route.spef line 164558, pin bus_rdata_r[0] not found.
[WARNING STA-1656] /home/ubuntu/GitHub/sky130-trng/.loom/worktrees/issue-236/sim/digital-electrical-repair/requests/.klt/place-and-route/trng_digital_route.spef line 164559, pin bus_rdata_r[10] not found.
[WARNING STA-1656] /home/ubuntu/GitHub/sky130-trng/.loom/worktrees/issue-236/sim/digital-electrical-repair/requests/.klt/place-and-route/trng_digital_route.spef line 164560, pin bus_rdata_r[11] not found.
[WARNING STA-1656] /home/ubuntu/GitHub/sky130-trng/.loom/worktrees/issue-236/sim/digital-electrical-repair/requests/.klt/place-and-route/trng_digital_route.spef line 164561, pin bus_rdata_r[12] not found.
[WARNING STA-1656] /home/ubuntu/GitHub/sky130-trng/.loom/worktrees/issue-236/sim/digital-electrical-repair/requests/.klt/place-and-route/trng_digital_route.spef line 164562, pin bus_rdata_r[13] not found.
[WARNING STA-1656] /home/ubuntu/GitHub/sky130-trng/.loom/worktrees/issue-236/sim/digital-electrical-repair/requests/.klt/place-and-route/trng_digital_route.spef line 164563, pin bus_rdata_r[14] not found.
[WARNING STA-1656] /home/ubuntu/GitHub/sky130-trng/.loom/worktrees/issue-236/sim/digital-electrical-repair/requests/.klt/place-and-route/trng_digital_route.spef line 164564, pin bus_rdata_r[15] not found.
[WARNING STA-1656] /home/ubuntu/GitHub/sky130-trng/.loom/worktrees/issue-236/sim/digital-electrical-repair/requests/.klt/place-and-route/trng_digital_route.spef line 164565, pin bus_rdata_r[16] not found.
[WARNING STA-1656] /home/ubuntu/GitHub/sky130-trng/.loom/worktrees/issue-236/sim/digital-electrical-repair/requests/.klt/place-and-route/trng_digital_route.spef line 164566, pin bus_rdata_r[17] not found.
[WARNING STA-1656] /home/ubuntu/GitHub/sky130-trng/.loom/worktrees/issue-236/sim/digital-electrical-repair/requests/.klt/place-and-route/trng_digital_route.spef line 164567, pin bus_rdata_r[18] not found.
[WARNING STA-1656] /home/ubuntu/GitHub/sky130-trng/.loom/worktrees/issue-236/sim/digital-electrical-repair/requests/.klt/place-and-route/trng_digital_route.spef line 164568, pin bus_rdata_r[19] not found.
[WARNING STA-1656] /home/ubuntu/GitHub/sky130-trng/.loom/worktrees/issue-236/sim/digital-electrical-repair/requests/.klt/place-and-route/trng_digital_route.spef line 164569, pin bus_rdata_r[1] not found.
[WARNING STA-1656] /home/ubuntu/GitHub/sky130-trng/.loom/worktrees/issue-236/sim/digital-electrical-repair/requests/.klt/place-and-route/trng_digital_route.spef line 164570, pin bus_rdata_r[20] not found.
[WARNING STA-1656] /home/ubuntu/GitHub/sky130-trng/.loom/worktrees/issue-236/sim/digital-electrical-repair/requests/.klt/place-and-route/trng_digital_route.spef line 164571, pin bus_rdata_r[21] not found.
[WARNING STA-1656] /home/ubuntu/GitHub/sky130-trng/.loom/worktrees/issue-236/sim/digital-electrical-repair/requests/.klt/place-and-route/trng_digital_route.spef line 164572, pin bus_rdata_r[22] not found.
[WARNING STA-1656] /home/ubuntu/GitHub/sky130-trng/.loom/worktrees/issue-236/sim/digital-electrical-repair/requests/.klt/place-and-route/trng_digital_route.spef line 164573, pin bus_rdata_r[23] not found.
[WARNING STA-1656] /home/ubuntu/GitHub/sky130-trng/.loom/worktrees/issue-236/sim/digital-electrical-repair/requests/.klt/place-and-route/trng_digital_route.spef line 164574, pin bus_rdata_r[24] not found.
[WARNING STA-1656] /home/ubuntu/GitHub/sky130-trng/.loom/worktrees/issue-236/sim/digital-electrical-repair/requests/.klt/place-and-route/trng_digital_route.spef line 164575, pin bus_rdata_r[25] not found.
[WARNING STA-1656] /home/ubuntu/GitHub/sky130-trng/.loom/worktrees/issue-236/sim/digital-electrical-repair/requests/.klt/place-and-route/trng_digital_route.spef line 164576, pin bus_rdata_r[26] not found.
[WARNING STA-1656] /home/ubuntu/GitHub/sky130-trng/.loom/worktrees/issue-236/sim/digital-electrical-repair/requests/.klt/place-and-route/trng_digital_route.spef line 164577, pin bus_rdata_r[28] not found.
[WARNING STA-1656] /home/ubuntu/GitHub/sky130-trng/.loom/worktrees/issue-236/sim/digital-electrical-repair/requests/.klt/place-and-route/trng_digital_route.spef line 164578, pin bus_rdata_r[2] not found.
[WARNING STA-1656] /home/ubuntu/GitHub/sky130-trng/.loom/worktrees/issue-236/sim/digital-electrical-repair/requests/.klt/place-and-route/trng_digital_route.spef line 164579, pin bus_rdata_r[30] not found.
[WARNING STA-1656] /home/ubuntu/GitHub/sky130-trng/.loom/worktrees/issue-236/sim/digital-electrical-repair/requests/.klt/place-and-route/trng_digital_route.spef line 164580, pin bus_rdata_r[31] not found.
[WARNING STA-1656] /home/ubuntu/GitHub/sky130-trng/.loom/worktrees/issue-236/sim/digital-electrical-repair/requests/.klt/place-and-route/trng_digital_route.spef line 164581, pin bus_rdata_r[3] not found.
[WARNING STA-1656] /home/ubuntu/GitHub/sky130-trng/.loom/worktrees/issue-236/sim/digital-electrical-repair/requests/.klt/place-and-route/trng_digital_route.spef line 164582, pin bus_rdata_r[4] not found.
[WARNING STA-1656] /home/ubuntu/GitHub/sky130-trng/.loom/worktrees/issue-236/sim/digital-electrical-repair/requests/.klt/place-and-route/trng_digital_route.spef line 164583, pin bus_rdata_r[6] not found.
[WARNING STA-1656] /home/ubuntu/GitHub/sky130-trng/.loom/worktrees/issue-236/sim/digital-electrical-repair/requests/.klt/place-and-route/trng_digital_route.spef line 164584, pin bus_rdata_r[7] not found.
[WARNING STA-1656] /home/ubuntu/GitHub/sky130-trng/.loom/worktrees/issue-236/sim/digital-electrical-repair/requests/.klt/place-and-route/trng_digital_route.spef line 164585, pin bus_rdata_r[8] not found.
[WARNING STA-1656] /home/ubuntu/GitHub/sky130-trng/.loom/worktrees/issue-236/sim/digital-electrical-repair/requests/.klt/place-and-route/trng_digital_route.spef line 164586, pin bus_rdata_r[9] not found.
[WARNING STA-1656] /home/ubuntu/GitHub/sky130-trng/.loom/worktrees/issue-236/sim/digital-electrical-repair/requests/.klt/place-and-route/trng_digital_route.spef line 164627, pin startup_done89 not found.
[WARNING STA-1656] /home/ubuntu/GitHub/sky130-trng/.loom/worktrees/issue-236/sim/digital-electrical-repair/requests/.klt/place-and-route/trng_digital_route.spef line 164740, pin bus_rdata_r[16] not found.
[WARNING STA-1656] /home/ubuntu/GitHub/sky130-trng/.loom/worktrees/issue-236/sim/digital-electrical-repair/requests/.klt/place-and-route/trng_digital_route.spef line 164741, pin bus_rdata_r[17] not found.
[WARNING STA-1656] /home/ubuntu/GitHub/sky130-trng/.loom/worktrees/issue-236/sim/digital-electrical-repair/requests/.klt/place-and-route/trng_digital_route.spef line 164742, pin bus_rdata_r[20] not found.
[WARNING STA-1656] /home/ubuntu/GitHub/sky130-trng/.loom/worktrees/issue-236/sim/digital-electrical-repair/requests/.klt/place-and-route/trng_digital_route.spef line 164743, pin bus_rdata_r[26] not found.
[WARNING STA-1656] /home/ubuntu/GitHub/sky130-trng/.loom/worktrees/issue-236/sim/digital-electrical-repair/requests/.klt/place-and-route/trng_digital_route.spef line 164744, pin bus_rdata_r[2] not found.
[WARNING STA-1656] /home/ubuntu/GitHub/sky130-trng/.loom/worktrees/issue-236/sim/digital-electrical-repair/requests/.klt/place-and-route/trng_digital_route.spef line 164745, pin bus_rdata_r[30] not found.
[WARNING STA-1656] /home/ubuntu/GitHub/sky130-trng/.loom/worktrees/issue-236/sim/digital-electrical-repair/requests/.klt/place-and-route/trng_digital_route.spef line 164746, pin bus_rdata_r[3] not found.
[WARNING STA-1656] /home/ubuntu/GitHub/sky130-trng/.loom/worktrees/issue-236/sim/digital-electrical-repair/requests/.klt/place-and-route/trng_digital_route.spef line 164747, pin bus_rdata_r[4] not found.
[WARNING STA-1656] /home/ubuntu/GitHub/sky130-trng/.loom/worktrees/issue-236/sim/digital-electrical-repair/requests/.klt/place-and-route/trng_digital_route.spef line 164748, pin bus_rdata_r[6] not found.
[WARNING STA-1656] /home/ubuntu/GitHub/sky130-trng/.loom/worktrees/issue-236/sim/digital-electrical-repair/requests/.klt/place-and-route/trng_digital_route.spef line 164749, pin bus_rdata_r[7] not found.
[WARNING STA-1656] /home/ubuntu/GitHub/sky130-trng/.loom/worktrees/issue-236/sim/digital-electrical-repair/requests/.klt/place-and-route/trng_digital_route.spef line 164750, pin bus_rdata_r[8] not found.
[WARNING STA-1656] /home/ubuntu/GitHub/sky130-trng/.loom/worktrees/issue-236/sim/digital-electrical-repair/requests/.klt/place-and-route/trng_digital_route.spef line 164776, pin startup_done89 not found.
[WARNING STA-1656] /home/ubuntu/GitHub/sky130-trng/.loom/worktrees/issue-236/sim/digital-electrical-repair/requests/.klt/place-and-route/trng_digital_route.spef line 164917, pin bus_rdata_r[12] not found.
[WARNING STA-1656] /home/ubuntu/GitHub/sky130-trng/.loom/worktrees/issue-236/sim/digital-electrical-repair/requests/.klt/place-and-route/trng_digital_route.spef line 164918, pin bus_rdata_r[13] not found.
[WARNING STA-1656] /home/ubuntu/GitHub/sky130-trng/.loom/worktrees/issue-236/sim/digital-electrical-repair/requests/.klt/place-and-route/trng_digital_route.spef line 164919, pin bus_rdata_r[14] not found.
[WARNING STA-1656] /home/ubuntu/GitHub/sky130-trng/.loom/worktrees/issue-236/sim/digital-electrical-repair/requests/.klt/place-and-route/trng_digital_route.spef line 164920, pin bus_rdata_r[15] not found.
[WARNING STA-1656] /home/ubuntu/GitHub/sky130-trng/.loom/worktrees/issue-236/sim/digital-electrical-repair/requests/.klt/place-and-route/trng_digital_route.spef line 164921, pin bus_rdata_r[16] not found.
[WARNING STA-1656] /home/ubuntu/GitHub/sky130-trng/.loom/worktrees/issue-236/sim/digital-electrical-repair/requests/.klt/place-and-route/trng_digital_route.spef line 164922, pin bus_rdata_r[17] not found.
[WARNING STA-1656] /home/ubuntu/GitHub/sky130-trng/.loom/worktrees/issue-236/sim/digital-electrical-repair/requests/.klt/place-and-route/trng_digital_route.spef line 164923, pin bus_rdata_r[26] not found.
[WARNING STA-1656] /home/ubuntu/GitHub/sky130-trng/.loom/worktrees/issue-236/sim/digital-electrical-repair/requests/.klt/place-and-route/trng_digital_route.spef line 164924, pin bus_rdata_r[27] not found.
[WARNING STA-1656] /home/ubuntu/GitHub/sky130-trng/.loom/worktrees/issue-236/sim/digital-electrical-repair/requests/.klt/place-and-route/trng_digital_route.spef line 164925, pin bus_rdata_r[3] not found.
[WARNING STA-1656] /home/ubuntu/GitHub/sky130-trng/.loom/worktrees/issue-236/sim/digital-electrical-repair/requests/.klt/place-and-route/trng_digital_route.spef line 164926, pin bus_rdata_r[4] not found.
[WARNING STA-1656] /home/ubuntu/GitHub/sky130-trng/.loom/worktrees/issue-236/sim/digital-electrical-repair/requests/.klt/place-and-route/trng_digital_route.spef line 164927, pin bus_rdata_r[7] not found.
[WARNING STA-1656] /home/ubuntu/GitHub/sky130-trng/.loom/worktrees/issue-236/sim/digital-electrical-repair/requests/.klt/place-and-route/trng_digital_route.spef line 164928, pin bus_rdata_r[8] not found.
[WARNING STA-1656] /home/ubuntu/GitHub/sky130-trng/.loom/worktrees/issue-236/sim/digital-electrical-repair/requests/.klt/place-and-route/trng_digital_route.spef line 164973, pin startup_done89 not found.
[WARNING STA-1656] /home/ubuntu/GitHub/sky130-trng/.loom/worktrees/issue-236/sim/digital-electrical-repair/requests/.klt/place-and-route/trng_digital_route.spef line 165039, pin bus_rdata_r[6] not found.
[WARNING STA-1656] /home/ubuntu/GitHub/sky130-trng/.loom/worktrees/issue-236/sim/digital-electrical-repair/requests/.klt/place-and-route/trng_digital_route.spef line 165081, pin bus_rdata_r[3] not found.
[WARNING STA-1656] /home/ubuntu/GitHub/sky130-trng/.loom/worktrees/issue-236/sim/digital-electrical-repair/requests/.klt/place-and-route/trng_digital_route.spef line 165082, pin bus_rdata_r[6] not found.
[WARNING STA-1656] /home/ubuntu/GitHub/sky130-trng/.loom/worktrees/issue-236/sim/digital-electrical-repair/requests/.klt/place-and-route/trng_digital_route.spef line 165083, pin bus_rdata_r[7] not found.
[WARNING STA-1656] /home/ubuntu/GitHub/sky130-trng/.loom/worktrees/issue-236/sim/digital-electrical-repair/requests/.klt/place-and-route/trng_digital_route.spef line 165200, pin bus_rdata_r[17] not found.
[WARNING STA-1656] /home/ubuntu/GitHub/sky130-trng/.loom/worktrees/issue-236/sim/digital-electrical-repair/requests/.klt/place-and-route/trng_digital_route.spef line 165201, pin bus_rdata_r[2] not found.
[WARNING STA-1656] /home/ubuntu/GitHub/sky130-trng/.loom/worktrees/issue-236/sim/digital-electrical-repair/requests/.klt/place-and-route/trng_digital_route.spef line 165202, pin bus_rdata_r[30] not found.
[WARNING STA-1656] /home/ubuntu/GitHub/sky130-trng/.loom/worktrees/issue-236/sim/digital-electrical-repair/requests/.klt/place-and-route/trng_digital_route.spef line 165203, pin bus_rdata_r[6] not found.
[WARNING STA-1656] /home/ubuntu/GitHub/sky130-trng/.loom/worktrees/issue-236/sim/digital-electrical-repair/requests/.klt/place-and-route/trng_digital_route.spef line 165217, pin startup_done89 not found.
[WARNING STA-1656] /home/ubuntu/GitHub/sky130-trng/.loom/worktrees/issue-236/sim/digital-electrical-repair/requests/.klt/place-and-route/trng_digital_route.spef line 165289, pin bus_rdata_r[17] not found.
[WARNING STA-1656] /home/ubuntu/GitHub/sky130-trng/.loom/worktrees/issue-236/sim/digital-electrical-repair/requests/.klt/place-and-route/trng_digital_route.spef line 165337, pin bus_rdata_r[0] not found.
[WARNING STA-1656] /home/ubuntu/GitHub/sky130-trng/.loom/worktrees/issue-236/sim/digital-electrical-repair/requests/.klt/place-and-route/trng_digital_route.spef line 165338, pin bus_rdata_r[10] not found.
[WARNING STA-1656] /home/ubuntu/GitHub/sky130-trng/.loom/worktrees/issue-236/sim/digital-electrical-repair/requests/.klt/place-and-route/trng_digital_route.spef line 165339, pin bus_rdata_r[11] not found.
[WARNING STA-1656] /home/ubuntu/GitHub/sky130-trng/.loom/worktrees/issue-236/sim/digital-electrical-repair/requests/.klt/place-and-route/trng_digital_route.spef line 165340, pin bus_rdata_r[12] not found.
[WARNING STA-1656] /home/ubuntu/GitHub/sky130-trng/.loom/worktrees/issue-236/sim/digital-electrical-repair/requests/.klt/place-and-route/trng_digital_route.spef line 165341, pin bus_rdata_r[13] not found.
[WARNING STA-1656] /home/ubuntu/GitHub/sky130-trng/.loom/worktrees/issue-236/sim/digital-electrical-repair/requests/.klt/place-and-route/trng_digital_route.spef line 165342, pin bus_rdata_r[14] not found.
[WARNING STA-1656] /home/ubuntu/GitHub/sky130-trng/.loom/worktrees/issue-236/sim/digital-electrical-repair/requests/.klt/place-and-route/trng_digital_route.spef line 165343, pin bus_rdata_r[15] not found.
[WARNING STA-1656] /home/ubuntu/GitHub/sky130-trng/.loom/worktrees/issue-236/sim/digital-electrical-repair/requests/.klt/place-and-route/trng_digital_route.spef line 165344, pin bus_rdata_r[16] not found.
[WARNING STA-1656] /home/ubuntu/GitHub/sky130-trng/.loom/worktrees/issue-236/sim/digital-electrical-repair/requests/.klt/place-and-route/trng_digital_route.spef line 165345, pin bus_rdata_r[18] not found.
[WARNING STA-1656] /home/ubuntu/GitHub/sky130-trng/.loom/worktrees/issue-236/sim/digital-electrical-repair/requests/.klt/place-and-route/trng_digital_route.spef line 165346, pin bus_rdata_r[19] not found.
[WARNING STA-1656] /home/ubuntu/GitHub/sky130-trng/.loom/worktrees/issue-236/sim/digital-electrical-repair/requests/.klt/place-and-route/trng_digital_route.spef line 165347, pin bus_rdata_r[1] not found.
[WARNING STA-1656] /home/ubuntu/GitHub/sky130-trng/.loom/worktrees/issue-236/sim/digital-electrical-repair/requests/.klt/place-and-route/trng_digital_route.spef line 165348, pin bus_rdata_r[20] not found.
[WARNING STA-1656] /home/ubuntu/GitHub/sky130-trng/.loom/worktrees/issue-236/sim/digital-electrical-repair/requests/.klt/place-and-route/trng_digital_route.spef line 165349, pin bus_rdata_r[22] not found.
[WARNING STA-1656] /home/ubuntu/GitHub/sky130-trng/.loom/worktrees/issue-236/sim/digital-electrical-repair/requests/.klt/place-and-route/trng_digital_route.spef line 165350, pin bus_rdata_r[25] not found.
[WARNING STA-1656] /home/ubuntu/GitHub/sky130-trng/.loom/worktrees/issue-236/sim/digital-electrical-repair/requests/.klt/place-and-route/trng_digital_route.spef line 165351, pin bus_rdata_r[26] not found.
[WARNING STA-1656] /home/ubuntu/GitHub/sky130-trng/.loom/worktrees/issue-236/sim/digital-electrical-repair/requests/.klt/place-and-route/trng_digital_route.spef line 165352, pin bus_rdata_r[28] not found.
[WARNING STA-1656] /home/ubuntu/GitHub/sky130-trng/.loom/worktrees/issue-236/sim/digital-electrical-repair/requests/.klt/place-and-route/trng_digital_route.spef line 165353, pin bus_rdata_r[3] not found.
[WARNING STA-1656] /home/ubuntu/GitHub/sky130-trng/.loom/worktrees/issue-236/sim/digital-electrical-repair/requests/.klt/place-and-route/trng_digital_route.spef line 165354, pin bus_rdata_r[4] not found.
[WARNING STA-1656] /home/ubuntu/GitHub/sky130-trng/.loom/worktrees/issue-236/sim/digital-electrical-repair/requests/.klt/place-and-route/trng_digital_route.spef line 165355, pin bus_rdata_r[6] not found.
[WARNING STA-1656] /home/ubuntu/GitHub/sky130-trng/.loom/worktrees/issue-236/sim/digital-electrical-repair/requests/.klt/place-and-route/trng_digital_route.spef line 165356, pin bus_rdata_r[7] not found.
[WARNING STA-1656] /home/ubuntu/GitHub/sky130-trng/.loom/worktrees/issue-236/sim/digital-electrical-repair/requests/.klt/place-and-route/trng_digital_route.spef line 165357, pin bus_rdata_r[8] not found.
[WARNING STA-1656] /home/ubuntu/GitHub/sky130-trng/.loom/worktrees/issue-236/sim/digital-electrical-repair/requests/.klt/place-and-route/trng_digital_route.spef line 165358, pin bus_rdata_r[9] not found.
[WARNING STA-1656] /home/ubuntu/GitHub/sky130-trng/.loom/worktrees/issue-236/sim/digital-electrical-repair/requests/.klt/place-and-route/trng_digital_route.spef line 165431, pin bus_rdata_r[17] not found.
[WARNING STA-1656] /home/ubuntu/GitHub/sky130-trng/.loom/worktrees/issue-236/sim/digital-electrical-repair/requests/.klt/place-and-route/trng_digital_route.spef line 165432, pin bus_rdata_r[2] not found.
[WARNING STA-1656] /home/ubuntu/GitHub/sky130-trng/.loom/worktrees/issue-236/sim/digital-electrical-repair/requests/.klt/place-and-route/trng_digital_route.spef line 165433, pin bus_rdata_r[30] not found.
[WARNING STA-1656] /home/ubuntu/GitHub/sky130-trng/.loom/worktrees/issue-236/sim/digital-electrical-repair/requests/.klt/place-and-route/trng_digital_route.spef line 165439, pin startup_done89 not found.
[WARNING STA-1656] /home/ubuntu/GitHub/sky130-trng/.loom/worktrees/issue-236/sim/digital-electrical-repair/requests/.klt/place-and-route/trng_digital_route.spef line 165921, pin bus_rdata_r[17] not found.
[WARNING STA-1656] /home/ubuntu/GitHub/sky130-trng/.loom/worktrees/issue-236/sim/digital-electrical-repair/requests/.klt/place-and-route/trng_digital_route.spef line 165922, pin bus_rdata_r[19] not found.
[WARNING STA-1656] /home/ubuntu/GitHub/sky130-trng/.loom/worktrees/issue-236/sim/digital-electrical-repair/requests/.klt/place-and-route/trng_digital_route.spef line 165923, pin bus_rdata_r[25] not found.
[WARNING STA-1656] /home/ubuntu/GitHub/sky130-trng/.loom/worktrees/issue-236/sim/digital-electrical-repair/requests/.klt/place-and-route/trng_digital_route.spef line 165924, pin bus_rdata_r[2] not found.
[WARNING STA-1656] /home/ubuntu/GitHub/sky130-trng/.loom/worktrees/issue-236/sim/digital-electrical-repair/requests/.klt/place-and-route/trng_digital_route.spef line 165925, pin bus_rdata_r[30] not found.
[WARNING STA-1656] /home/ubuntu/GitHub/sky130-trng/.loom/worktrees/issue-236/sim/digital-electrical-repair/requests/.klt/place-and-route/trng_digital_route.spef line 165926, pin bus_rdata_r[6] not found.
[WARNING STA-1656] /home/ubuntu/GitHub/sky130-trng/.loom/worktrees/issue-236/sim/digital-electrical-repair/requests/.klt/place-and-route/trng_digital_route.spef line 165937, pin startup_done89 not found.
[WARNING STA-1656] /home/ubuntu/GitHub/sky130-trng/.loom/worktrees/issue-236/sim/digital-electrical-repair/requests/.klt/place-and-route/trng_digital_route.spef line 166034, pin bus_rdata_r[14] not found.
[WARNING STA-1656] /home/ubuntu/GitHub/sky130-trng/.loom/worktrees/issue-236/sim/digital-electrical-repair/requests/.klt/place-and-route/trng_digital_route.spef line 166035, pin bus_rdata_r[15] not found.
[WARNING STA-1656] /home/ubuntu/GitHub/sky130-trng/.loom/worktrees/issue-236/sim/digital-electrical-repair/requests/.klt/place-and-route/trng_digital_route.spef line 166036, pin bus_rdata_r[18] not found.
[WARNING STA-1656] /home/ubuntu/GitHub/sky130-trng/.loom/worktrees/issue-236/sim/digital-electrical-repair/requests/.klt/place-and-route/trng_digital_route.spef line 166037, pin bus_rdata_r[1] not found.
[WARNING STA-1656] /home/ubuntu/GitHub/sky130-trng/.loom/worktrees/issue-236/sim/digital-electrical-repair/requests/.klt/place-and-route/trng_digital_route.spef line 166038, pin bus_rdata_r[9] not found.
[WARNING STA-1656] /home/ubuntu/GitHub/sky130-trng/.loom/worktrees/issue-236/sim/digital-electrical-repair/requests/.klt/place-and-route/trng_digital_route.spef line 166270, pin startup_done89 not found.
[WARNING STA-1656] /home/ubuntu/GitHub/sky130-trng/.loom/worktrees/issue-236/sim/digital-electrical-repair/requests/.klt/place-and-route/trng_digital_route.spef line 166303, pin bus_rdata_r[6] not found.
[WARNING STA-1656] /home/ubuntu/GitHub/sky130-trng/.loom/worktrees/issue-236/sim/digital-electrical-repair/requests/.klt/place-and-route/trng_digital_route.spef line 166332, pin bus_rdata_r[2] not found.
[WARNING STA-1656] /home/ubuntu/GitHub/sky130-trng/.loom/worktrees/issue-236/sim/digital-electrical-repair/requests/.klt/place-and-route/trng_digital_route.spef line 166353, pin bus_rdata_r[2] not found.
[WARNING STA-1656] /home/ubuntu/GitHub/sky130-trng/.loom/worktrees/issue-236/sim/digital-electrical-repair/requests/.klt/place-and-route/trng_digital_route.spef line 166357, pin startup_done89 not found.
[WARNING STA-1656] /home/ubuntu/GitHub/sky130-trng/.loom/worktrees/issue-236/sim/digital-electrical-repair/requests/.klt/place-and-route/trng_digital_route.spef line 166493, pin startup_done89 not found.
[WARNING STA-1656] /home/ubuntu/GitHub/sky130-trng/.loom/worktrees/issue-236/sim/digital-electrical-repair/requests/.klt/place-and-route/trng_digital_route.spef line 166583, pin startup_done89 not found.
[WARNING STA-1656] /home/ubuntu/GitHub/sky130-trng/.loom/worktrees/issue-236/sim/digital-electrical-repair/requests/.klt/place-and-route/trng_digital_route.spef line 166630, pin startup_done89 not found.
[WARNING STA-1656] /home/ubuntu/GitHub/sky130-trng/.loom/worktrees/issue-236/sim/digital-electrical-repair/requests/.klt/place-and-route/trng_digital_route.spef line 166697, pin bus_rdata_r[15] not found.
[WARNING STA-1656] /home/ubuntu/GitHub/sky130-trng/.loom/worktrees/issue-236/sim/digital-electrical-repair/requests/.klt/place-and-route/trng_digital_route.spef line 166698, pin bus_rdata_r[3] not found.
[WARNING STA-1656] /home/ubuntu/GitHub/sky130-trng/.loom/worktrees/issue-236/sim/digital-electrical-repair/requests/.klt/place-and-route/trng_digital_route.spef line 166727, pin startup_done89 not found.
[WARNING STA-1656] /home/ubuntu/GitHub/sky130-trng/.loom/worktrees/issue-236/sim/digital-electrical-repair/requests/.klt/place-and-route/trng_digital_route.spef line 166751, pin startup_done89 not found.
[WARNING STA-1656] /home/ubuntu/GitHub/sky130-trng/.loom/worktrees/issue-236/sim/digital-electrical-repair/requests/.klt/place-and-route/trng_digital_route.spef line 166863, pin bus_rdata_r[15] not found.
[WARNING STA-1656] /home/ubuntu/GitHub/sky130-trng/.loom/worktrees/issue-236/sim/digital-electrical-repair/requests/.klt/place-and-route/trng_digital_route.spef line 166864, pin bus_rdata_r[3] not found.
[WARNING STA-1656] /home/ubuntu/GitHub/sky130-trng/.loom/worktrees/issue-236/sim/digital-electrical-repair/requests/.klt/place-and-route/trng_digital_route.spef line 166897, pin startup_done89 not found.
[WARNING STA-1656] /home/ubuntu/GitHub/sky130-trng/.loom/worktrees/issue-236/sim/digital-electrical-repair/requests/.klt/place-and-route/trng_digital_route.spef line 167220, pin bus_rdata_r[15] not found.
[WARNING STA-1656] /home/ubuntu/GitHub/sky130-trng/.loom/worktrees/issue-236/sim/digital-electrical-repair/requests/.klt/place-and-route/trng_digital_route.spef line 167240, pin startup_done89 not found.
[WARNING STA-1656] /home/ubuntu/GitHub/sky130-trng/.loom/worktrees/issue-236/sim/digital-electrical-repair/requests/.klt/place-and-route/trng_digital_route.spef line 167309, pin bus_rdata_r[2] not found.
[WARNING STA-1656] /home/ubuntu/GitHub/sky130-trng/.loom/worktrees/issue-236/sim/digital-electrical-repair/requests/.klt/place-and-route/trng_digital_route.spef line 167310, pin bus_rdata_r[6] not found.
[WARNING STA-1656] /home/ubuntu/GitHub/sky130-trng/.loom/worktrees/issue-236/sim/digital-electrical-repair/requests/.klt/place-and-route/trng_digital_route.spef line 167330, pin startup_done89 not found.
[WARNING STA-1656] /home/ubuntu/GitHub/sky130-trng/.loom/worktrees/issue-236/sim/digital-electrical-repair/requests/.klt/place-and-route/trng_digital_route.spef line 167438, pin bus_rdata_r[2] not found.
[WARNING STA-1656] /home/ubuntu/GitHub/sky130-trng/.loom/worktrees/issue-236/sim/digital-electrical-repair/requests/.klt/place-and-route/trng_digital_route.spef line 167439, pin bus_rdata_r[3] not found.
[WARNING STA-1656] /home/ubuntu/GitHub/sky130-trng/.loom/worktrees/issue-236/sim/digital-electrical-repair/requests/.klt/place-and-route/trng_digital_route.spef line 167440, pin bus_rdata_r[6] not found.
[WARNING STA-1656] /home/ubuntu/GitHub/sky130-trng/.loom/worktrees/issue-236/sim/digital-electrical-repair/requests/.klt/place-and-route/trng_digital_route.spef line 167461, pin startup_done89 not found.
[WARNING STA-1656] /home/ubuntu/GitHub/sky130-trng/.loom/worktrees/issue-236/sim/digital-electrical-repair/requests/.klt/place-and-route/trng_digital_route.spef line 167676, pin bus_rdata_r[2] not found.
[WARNING STA-1656] /home/ubuntu/GitHub/sky130-trng/.loom/worktrees/issue-236/sim/digital-electrical-repair/requests/.klt/place-and-route/trng_digital_route.spef line 167691, pin startup_done89 not found.
[WARNING STA-1656] /home/ubuntu/GitHub/sky130-trng/.loom/worktrees/issue-236/sim/digital-electrical-repair/requests/.klt/place-and-route/trng_digital_route.spef line 167802, pin bus_rdata_r[2] not found.
[WARNING STA-1656] /home/ubuntu/GitHub/sky130-trng/.loom/worktrees/issue-236/sim/digital-electrical-repair/requests/.klt/place-and-route/trng_digital_route.spef line 167803, pin bus_rdata_r[6] not found.
[WARNING STA-1656] /home/ubuntu/GitHub/sky130-trng/.loom/worktrees/issue-236/sim/digital-electrical-repair/requests/.klt/place-and-route/trng_digital_route.spef line 167824, pin startup_done89 not found.
[WARNING STA-1656] /home/ubuntu/GitHub/sky130-trng/.loom/worktrees/issue-236/sim/digital-electrical-repair/requests/.klt/place-and-route/trng_digital_route.spef line 167930, pin bus_rdata_r[2] not found.
[WARNING STA-1656] /home/ubuntu/GitHub/sky130-trng/.loom/worktrees/issue-236/sim/digital-electrical-repair/requests/.klt/place-and-route/trng_digital_route.spef line 167951, pin startup_done89 not found.
[WARNING STA-1656] /home/ubuntu/GitHub/sky130-trng/.loom/worktrees/issue-236/sim/digital-electrical-repair/requests/.klt/place-and-route/trng_digital_route.spef line 168440, pin bus_rdata_r[2] not found.
[WARNING STA-1656] /home/ubuntu/GitHub/sky130-trng/.loom/worktrees/issue-236/sim/digital-electrical-repair/requests/.klt/place-and-route/trng_digital_route.spef line 168441, pin bus_rdata_r[6] not found.
[WARNING STA-1656] /home/ubuntu/GitHub/sky130-trng/.loom/worktrees/issue-236/sim/digital-electrical-repair/requests/.klt/place-and-route/trng_digital_route.spef line 168448, pin startup_done89 not found.
[WARNING STA-1656] /home/ubuntu/GitHub/sky130-trng/.loom/worktrees/issue-236/sim/digital-electrical-repair/requests/.klt/place-and-route/trng_digital_route.spef line 168744, pin bus_rdata_r[2] not found.
[WARNING STA-1656] /home/ubuntu/GitHub/sky130-trng/.loom/worktrees/issue-236/sim/digital-electrical-repair/requests/.klt/place-and-route/trng_digital_route.spef line 168751, pin startup_done89 not found.
[WARNING STA-1656] /home/ubuntu/GitHub/sky130-trng/.loom/worktrees/issue-236/sim/digital-electrical-repair/requests/.klt/place-and-route/trng_digital_route.spef line 170415, pin startup_done89 not found.
[WARNING STA-1656] /home/ubuntu/GitHub/sky130-trng/.loom/worktrees/issue-236/sim/digital-electrical-repair/requests/.klt/place-and-route/trng_digital_route.spef line 170630, pin startup_done89 not found.
[WARNING STA-1656] /home/ubuntu/GitHub/sky130-trng/.loom/worktrees/issue-236/sim/digital-electrical-repair/requests/.klt/place-and-route/trng_digital_route.spef line 170696, pin bus_rdata_r[12] not found.
[WARNING STA-1656] /home/ubuntu/GitHub/sky130-trng/.loom/worktrees/issue-236/sim/digital-electrical-repair/requests/.klt/place-and-route/trng_digital_route.spef line 170697, pin bus_rdata_r[13] not found.
[WARNING STA-1656] /home/ubuntu/GitHub/sky130-trng/.loom/worktrees/issue-236/sim/digital-electrical-repair/requests/.klt/place-and-route/trng_digital_route.spef line 170698, pin bus_rdata_r[14] not found.
[WARNING STA-1656] /home/ubuntu/GitHub/sky130-trng/.loom/worktrees/issue-236/sim/digital-electrical-repair/requests/.klt/place-and-route/trng_digital_route.spef line 170699, pin bus_rdata_r[15] not found.
[WARNING STA-1656] /home/ubuntu/GitHub/sky130-trng/.loom/worktrees/issue-236/sim/digital-electrical-repair/requests/.klt/place-and-route/trng_digital_route.spef line 170700, pin bus_rdata_r[16] not found.
[WARNING STA-1656] /home/ubuntu/GitHub/sky130-trng/.loom/worktrees/issue-236/sim/digital-electrical-repair/requests/.klt/place-and-route/trng_digital_route.spef line 170701, pin bus_rdata_r[18] not found.
[WARNING STA-1656] /home/ubuntu/GitHub/sky130-trng/.loom/worktrees/issue-236/sim/digital-electrical-repair/requests/.klt/place-and-route/trng_digital_route.spef line 170702, pin bus_rdata_r[3] not found.
[WARNING STA-1656] /home/ubuntu/GitHub/sky130-trng/.loom/worktrees/issue-236/sim/digital-electrical-repair/requests/.klt/place-and-route/trng_digital_route.spef line 170703, pin bus_rdata_r[4] not found.
[WARNING STA-1656] /home/ubuntu/GitHub/sky130-trng/.loom/worktrees/issue-236/sim/digital-electrical-repair/requests/.klt/place-and-route/trng_digital_route.spef line 170704, pin bus_rdata_r[7] not found.
[WARNING STA-1656] /home/ubuntu/GitHub/sky130-trng/.loom/worktrees/issue-236/sim/digital-electrical-repair/requests/.klt/place-and-route/trng_digital_route.spef line 170705, pin bus_rdata_r[8] not found.
[WARNING STA-1656] /home/ubuntu/GitHub/sky130-trng/.loom/worktrees/issue-236/sim/digital-electrical-repair/requests/.klt/place-and-route/trng_digital_route.spef line 170706, pin bus_rdata_r[9] not found.
[WARNING STA-1656] /home/ubuntu/GitHub/sky130-trng/.loom/worktrees/issue-236/sim/digital-electrical-repair/requests/.klt/place-and-route/trng_digital_route.spef line 170783, pin bus_rdata_r[18] not found.
[WARNING STA-1656] /home/ubuntu/GitHub/sky130-trng/.loom/worktrees/issue-236/sim/digital-electrical-repair/requests/.klt/place-and-route/trng_digital_route.spef line 170784, pin bus_rdata_r[1] not found.
[WARNING STA-1656] /home/ubuntu/GitHub/sky130-trng/.loom/worktrees/issue-236/sim/digital-electrical-repair/requests/.klt/place-and-route/trng_digital_route.spef line 170785, pin bus_rdata_r[21] not found.
[WARNING STA-1656] /home/ubuntu/GitHub/sky130-trng/.loom/worktrees/issue-236/sim/digital-electrical-repair/requests/.klt/place-and-route/trng_digital_route.spef line 170786, pin bus_rdata_r[23] not found.
[WARNING STA-1656] /home/ubuntu/GitHub/sky130-trng/.loom/worktrees/issue-236/sim/digital-electrical-repair/requests/.klt/place-and-route/trng_digital_route.spef line 170863, pin bus_rdata_r[27] not found.
[WARNING STA-1656] /home/ubuntu/GitHub/sky130-trng/.loom/worktrees/issue-236/sim/digital-electrical-repair/requests/.klt/place-and-route/trng_digital_route.spef line 170864, pin bus_rdata_r[29] not found.
[WARNING STA-1656] /home/ubuntu/GitHub/sky130-trng/.loom/worktrees/issue-236/sim/digital-electrical-repair/requests/.klt/place-and-route/trng_digital_route.spef line 170865, pin bus_rdata_r[5] not found.
[WARNING STA-1656] /home/ubuntu/GitHub/sky130-trng/.loom/worktrees/issue-236/sim/digital-electrical-repair/requests/.klt/place-and-route/trng_digital_route.spef line 170936, pin bus_rdata_r[15] not found.
[WARNING STA-1656] /home/ubuntu/GitHub/sky130-trng/.loom/worktrees/issue-236/sim/digital-electrical-repair/requests/.klt/place-and-route/trng_digital_route.spef line 170997, pin bus_rdata_r[18] not found.
[WARNING STA-1656] /home/ubuntu/GitHub/sky130-trng/.loom/worktrees/issue-236/sim/digital-electrical-repair/requests/.klt/place-and-route/trng_digital_route.spef line 171029, pin bus_rdata_r[1] not found.
[WARNING STA-1656] /home/ubuntu/GitHub/sky130-trng/.loom/worktrees/issue-236/sim/digital-electrical-repair/requests/.klt/place-and-route/trng_digital_route.spef line 171030, pin bus_rdata_r[21] not found.
[WARNING STA-1656] /home/ubuntu/GitHub/sky130-trng/.loom/worktrees/issue-236/sim/digital-electrical-repair/requests/.klt/place-and-route/trng_digital_route.spef line 171031, pin bus_rdata_r[23] not found.
[WARNING STA-1656] /home/ubuntu/GitHub/sky130-trng/.loom/worktrees/issue-236/sim/digital-electrical-repair/requests/.klt/place-and-route/trng_digital_route.spef line 171065, pin bus_rdata_r[15] not found.
[WARNING STA-1656] /home/ubuntu/GitHub/sky130-trng/.loom/worktrees/issue-236/sim/digital-electrical-repair/requests/.klt/place-and-route/trng_digital_route.spef line 171100, pin bus_rdata_r[15] not found.
[WARNING STA-1656] /home/ubuntu/GitHub/sky130-trng/.loom/worktrees/issue-236/sim/digital-electrical-repair/requests/.klt/place-and-route/trng_digital_route.spef line 171101, pin bus_rdata_r[4] not found.
[WARNING STA-1656] /home/ubuntu/GitHub/sky130-trng/.loom/worktrees/issue-236/sim/digital-electrical-repair/requests/.klt/place-and-route/trng_digital_route.spef line 171102, pin bus_rdata_r[7] not found.
[WARNING STA-1656] /home/ubuntu/GitHub/sky130-trng/.loom/worktrees/issue-236/sim/digital-electrical-repair/requests/.klt/place-and-route/trng_digital_route.spef line 171103, pin bus_rdata_r[8] not found.
[WARNING STA-1656] /home/ubuntu/GitHub/sky130-trng/.loom/worktrees/issue-236/sim/digital-electrical-repair/requests/.klt/place-and-route/trng_digital_route.spef line 171166, pin bus_rdata_r[12] not found.
[WARNING STA-1656] /home/ubuntu/GitHub/sky130-trng/.loom/worktrees/issue-236/sim/digital-electrical-repair/requests/.klt/place-and-route/trng_digital_route.spef line 171167, pin bus_rdata_r[13] not found.
[WARNING STA-1656] /home/ubuntu/GitHub/sky130-trng/.loom/worktrees/issue-236/sim/digital-electrical-repair/requests/.klt/place-and-route/trng_digital_route.spef line 171168, pin bus_rdata_r[14] not found.
[WARNING STA-1656] /home/ubuntu/GitHub/sky130-trng/.loom/worktrees/issue-236/sim/digital-electrical-repair/requests/.klt/place-and-route/trng_digital_route.spef line 171169, pin bus_rdata_r[18] not found.
[WARNING STA-1656] /home/ubuntu/GitHub/sky130-trng/.loom/worktrees/issue-236/sim/digital-electrical-repair/requests/.klt/place-and-route/trng_digital_route.spef line 171170, pin bus_rdata_r[1] not found.
[WARNING STA-1656] /home/ubuntu/GitHub/sky130-trng/.loom/worktrees/issue-236/sim/digital-electrical-repair/requests/.klt/place-and-route/trng_digital_route.spef line 171171, pin bus_rdata_r[21] not found.
[WARNING STA-1656] /home/ubuntu/GitHub/sky130-trng/.loom/worktrees/issue-236/sim/digital-electrical-repair/requests/.klt/place-and-route/trng_digital_route.spef line 171172, pin bus_rdata_r[23] not found.
[WARNING STA-1656] /home/ubuntu/GitHub/sky130-trng/.loom/worktrees/issue-236/sim/digital-electrical-repair/requests/.klt/place-and-route/trng_digital_route.spef line 171173, pin bus_rdata_r[5] not found.
[WARNING STA-1656] /home/ubuntu/GitHub/sky130-trng/.loom/worktrees/issue-236/sim/digital-electrical-repair/requests/.klt/place-and-route/trng_digital_route.spef line 171174, pin bus_rdata_r[9] not found.
[WARNING STA-1656] /home/ubuntu/GitHub/sky130-trng/.loom/worktrees/issue-236/sim/digital-electrical-repair/requests/.klt/place-and-route/trng_digital_route.spef line 171258, pin bus_rdata_r[10] not found.
[WARNING STA-1656] /home/ubuntu/GitHub/sky130-trng/.loom/worktrees/issue-236/sim/digital-electrical-repair/requests/.klt/place-and-route/trng_digital_route.spef line 171259, pin bus_rdata_r[12] not found.
[WARNING STA-1656] /home/ubuntu/GitHub/sky130-trng/.loom/worktrees/issue-236/sim/digital-electrical-repair/requests/.klt/place-and-route/trng_digital_route.spef line 171260, pin bus_rdata_r[13] not found.
[WARNING STA-1656] /home/ubuntu/GitHub/sky130-trng/.loom/worktrees/issue-236/sim/digital-electrical-repair/requests/.klt/place-and-route/trng_digital_route.spef line 171261, pin bus_rdata_r[14] not found.
[WARNING STA-1656] /home/ubuntu/GitHub/sky130-trng/.loom/worktrees/issue-236/sim/digital-electrical-repair/requests/.klt/place-and-route/trng_digital_route.spef line 171262, pin bus_rdata_r[15] not found.
[WARNING STA-1656] /home/ubuntu/GitHub/sky130-trng/.loom/worktrees/issue-236/sim/digital-electrical-repair/requests/.klt/place-and-route/trng_digital_route.spef line 171263, pin bus_rdata_r[16] not found.
[WARNING STA-1656] /home/ubuntu/GitHub/sky130-trng/.loom/worktrees/issue-236/sim/digital-electrical-repair/requests/.klt/place-and-route/trng_digital_route.spef line 171264, pin bus_rdata_r[18] not found.
[WARNING STA-1656] /home/ubuntu/GitHub/sky130-trng/.loom/worktrees/issue-236/sim/digital-electrical-repair/requests/.klt/place-and-route/trng_digital_route.spef line 171265, pin bus_rdata_r[1] not found.
[WARNING STA-1656] /home/ubuntu/GitHub/sky130-trng/.loom/worktrees/issue-236/sim/digital-electrical-repair/requests/.klt/place-and-route/trng_digital_route.spef line 171266, pin bus_rdata_r[20] not found.
[WARNING STA-1656] /home/ubuntu/GitHub/sky130-trng/.loom/worktrees/issue-236/sim/digital-electrical-repair/requests/.klt/place-and-route/trng_digital_route.spef line 171267, pin bus_rdata_r[21] not found.
[WARNING STA-1656] /home/ubuntu/GitHub/sky130-trng/.loom/worktrees/issue-236/sim/digital-electrical-repair/requests/.klt/place-and-route/trng_digital_route.spef line 171268, pin bus_rdata_r[23] not found.
[WARNING STA-1656] /home/ubuntu/GitHub/sky130-trng/.loom/worktrees/issue-236/sim/digital-electrical-repair/requests/.klt/place-and-route/trng_digital_route.spef line 171269, pin bus_rdata_r[26] not found.
[WARNING STA-1656] /home/ubuntu/GitHub/sky130-trng/.loom/worktrees/issue-236/sim/digital-electrical-repair/requests/.klt/place-and-route/trng_digital_route.spef line 171270, pin bus_rdata_r[27] not found.
[WARNING STA-1656] /home/ubuntu/GitHub/sky130-trng/.loom/worktrees/issue-236/sim/digital-electrical-repair/requests/.klt/place-and-route/trng_digital_route.spef line 171271, pin bus_rdata_r[28] not found.
[WARNING STA-1656] /home/ubuntu/GitHub/sky130-trng/.loom/worktrees/issue-236/sim/digital-electrical-repair/requests/.klt/place-and-route/trng_digital_route.spef line 171272, pin bus_rdata_r[31] not found.
[WARNING STA-1656] /home/ubuntu/GitHub/sky130-trng/.loom/worktrees/issue-236/sim/digital-electrical-repair/requests/.klt/place-and-route/trng_digital_route.spef line 171273, pin bus_rdata_r[3] not found.
[WARNING STA-1656] /home/ubuntu/GitHub/sky130-trng/.loom/worktrees/issue-236/sim/digital-electrical-repair/requests/.klt/place-and-route/trng_digital_route.spef line 171274, pin bus_rdata_r[4] not found.
[WARNING STA-1656] /home/ubuntu/GitHub/sky130-trng/.loom/worktrees/issue-236/sim/digital-electrical-repair/requests/.klt/place-and-route/trng_digital_route.spef line 171275, pin bus_rdata_r[5] not found.
[WARNING STA-1656] /home/ubuntu/GitHub/sky130-trng/.loom/worktrees/issue-236/sim/digital-electrical-repair/requests/.klt/place-and-route/trng_digital_route.spef line 171276, pin bus_rdata_r[7] not found.
[WARNING STA-1656] /home/ubuntu/GitHub/sky130-trng/.loom/worktrees/issue-236/sim/digital-electrical-repair/requests/.klt/place-and-route/trng_digital_route.spef line 171277, pin bus_rdata_r[8] not found.
[WARNING STA-1656] /home/ubuntu/GitHub/sky130-trng/.loom/worktrees/issue-236/sim/digital-electrical-repair/requests/.klt/place-and-route/trng_digital_route.spef line 171278, pin bus_rdata_r[9] not found.
[WARNING STA-1656] /home/ubuntu/GitHub/sky130-trng/.loom/worktrees/issue-236/sim/digital-electrical-repair/requests/.klt/place-and-route/trng_digital_route.spef line 171388, pin bus_rdata_r[21] not found.
[WARNING STA-1656] /home/ubuntu/GitHub/sky130-trng/.loom/worktrees/issue-236/sim/digital-electrical-repair/requests/.klt/place-and-route/trng_digital_route.spef line 171389, pin bus_rdata_r[23] not found.
[WARNING STA-1656] /home/ubuntu/GitHub/sky130-trng/.loom/worktrees/issue-236/sim/digital-electrical-repair/requests/.klt/place-and-route/trng_digital_route.spef line 171390, pin bus_rdata_r[24] not found.
[WARNING STA-1656] /home/ubuntu/GitHub/sky130-trng/.loom/worktrees/issue-236/sim/digital-electrical-repair/requests/.klt/place-and-route/trng_digital_route.spef line 171391, pin bus_rdata_r[27] not found.
[WARNING STA-1656] /home/ubuntu/GitHub/sky130-trng/.loom/worktrees/issue-236/sim/digital-electrical-repair/requests/.klt/place-and-route/trng_digital_route.spef line 171392, pin bus_rdata_r[29] not found.
[WARNING STA-1656] /home/ubuntu/GitHub/sky130-trng/.loom/worktrees/issue-236/sim/digital-electrical-repair/requests/.klt/place-and-route/trng_digital_route.spef line 171393, pin bus_rdata_r[31] not found.
[WARNING STA-1656] /home/ubuntu/GitHub/sky130-trng/.loom/worktrees/issue-236/sim/digital-electrical-repair/requests/.klt/place-and-route/trng_digital_route.spef line 171394, pin bus_rdata_r[5] not found.
[WARNING STA-1656] /home/ubuntu/GitHub/sky130-trng/.loom/worktrees/issue-236/sim/digital-electrical-repair/requests/.klt/place-and-route/trng_digital_route.spef line 171481, pin bus_rdata_r[21] not found.
[WARNING STA-1656] /home/ubuntu/GitHub/sky130-trng/.loom/worktrees/issue-236/sim/digital-electrical-repair/requests/.klt/place-and-route/trng_digital_route.spef line 171482, pin bus_rdata_r[23] not found.
[WARNING STA-1656] /home/ubuntu/GitHub/sky130-trng/.loom/worktrees/issue-236/sim/digital-electrical-repair/requests/.klt/place-and-route/trng_digital_route.spef line 171802, pin bus_rdata_r[21] not found.
[WARNING STA-1656] /home/ubuntu/GitHub/sky130-trng/.loom/worktrees/issue-236/sim/digital-electrical-repair/requests/.klt/place-and-route/trng_digital_route.spef line 171803, pin bus_rdata_r[23] not found.
[WARNING STA-1656] /home/ubuntu/GitHub/sky130-trng/.loom/worktrees/issue-236/sim/digital-electrical-repair/requests/.klt/place-and-route/trng_digital_route.spef line 171845, pin startup_done89 not found.
[WARNING STA-1656] /home/ubuntu/GitHub/sky130-trng/.loom/worktrees/issue-236/sim/digital-electrical-repair/requests/.klt/place-and-route/trng_digital_route.spef line 171920, pin bus_rdata_r[0] not found.
[WARNING STA-1656] /home/ubuntu/GitHub/sky130-trng/.loom/worktrees/issue-236/sim/digital-electrical-repair/requests/.klt/place-and-route/trng_digital_route.spef line 171921, pin bus_rdata_r[10] not found.
[WARNING STA-1656] /home/ubuntu/GitHub/sky130-trng/.loom/worktrees/issue-236/sim/digital-electrical-repair/requests/.klt/place-and-route/trng_digital_route.spef line 171922, pin bus_rdata_r[11] not found.
[WARNING STA-1656] /home/ubuntu/GitHub/sky130-trng/.loom/worktrees/issue-236/sim/digital-electrical-repair/requests/.klt/place-and-route/trng_digital_route.spef line 171923, pin bus_rdata_r[12] not found.
[WARNING STA-1656] /home/ubuntu/GitHub/sky130-trng/.loom/worktrees/issue-236/sim/digital-electrical-repair/requests/.klt/place-and-route/trng_digital_route.spef line 171924, pin bus_rdata_r[13] not found.
[WARNING STA-1656] /home/ubuntu/GitHub/sky130-trng/.loom/worktrees/issue-236/sim/digital-electrical-repair/requests/.klt/place-and-route/trng_digital_route.spef line 171925, pin bus_rdata_r[14] not found.
[WARNING STA-1656] /home/ubuntu/GitHub/sky130-trng/.loom/worktrees/issue-236/sim/digital-electrical-repair/requests/.klt/place-and-route/trng_digital_route.spef line 171926, pin bus_rdata_r[15] not found.
[WARNING STA-1656] /home/ubuntu/GitHub/sky130-trng/.loom/worktrees/issue-236/sim/digital-electrical-repair/requests/.klt/place-and-route/trng_digital_route.spef line 171927, pin bus_rdata_r[16] not found.
[WARNING STA-1656] /home/ubuntu/GitHub/sky130-trng/.loom/worktrees/issue-236/sim/digital-electrical-repair/requests/.klt/place-and-route/trng_digital_route.spef line 171928, pin bus_rdata_r[18] not found.
[WARNING STA-1656] /home/ubuntu/GitHub/sky130-trng/.loom/worktrees/issue-236/sim/digital-electrical-repair/requests/.klt/place-and-route/trng_digital_route.spef line 171929, pin bus_rdata_r[1] not found.
[WARNING STA-1656] /home/ubuntu/GitHub/sky130-trng/.loom/worktrees/issue-236/sim/digital-electrical-repair/requests/.klt/place-and-route/trng_digital_route.spef line 171930, pin bus_rdata_r[20] not found.
[WARNING STA-1656] /home/ubuntu/GitHub/sky130-trng/.loom/worktrees/issue-236/sim/digital-electrical-repair/requests/.klt/place-and-route/trng_digital_route.spef line 171931, pin bus_rdata_r[21] not found.
[WARNING STA-1656] /home/ubuntu/GitHub/sky130-trng/.loom/worktrees/issue-236/sim/digital-electrical-repair/requests/.klt/place-and-route/trng_digital_route.spef line 171932, pin bus_rdata_r[22] not found.
[WARNING STA-1656] /home/ubuntu/GitHub/sky130-trng/.loom/worktrees/issue-236/sim/digital-electrical-repair/requests/.klt/place-and-route/trng_digital_route.spef line 171933, pin bus_rdata_r[23] not found.
[WARNING STA-1656] /home/ubuntu/GitHub/sky130-trng/.loom/worktrees/issue-236/sim/digital-electrical-repair/requests/.klt/place-and-route/trng_digital_route.spef line 171934, pin bus_rdata_r[24] not found.
[WARNING STA-1656] /home/ubuntu/GitHub/sky130-trng/.loom/worktrees/issue-236/sim/digital-electrical-repair/requests/.klt/place-and-route/trng_digital_route.spef line 171935, pin bus_rdata_r[26] not found.
[WARNING STA-1656] /home/ubuntu/GitHub/sky130-trng/.loom/worktrees/issue-236/sim/digital-electrical-repair/requests/.klt/place-and-route/trng_digital_route.spef line 171936, pin bus_rdata_r[27] not found.
[WARNING STA-1656] /home/ubuntu/GitHub/sky130-trng/.loom/worktrees/issue-236/sim/digital-electrical-repair/requests/.klt/place-and-route/trng_digital_route.spef line 171937, pin bus_rdata_r[28] not found.
[WARNING STA-1656] /home/ubuntu/GitHub/sky130-trng/.loom/worktrees/issue-236/sim/digital-electrical-repair/requests/.klt/place-and-route/trng_digital_route.spef line 171938, pin bus_rdata_r[29] not found.
[WARNING STA-1656] /home/ubuntu/GitHub/sky130-trng/.loom/worktrees/issue-236/sim/digital-electrical-repair/requests/.klt/place-and-route/trng_digital_route.spef line 171939, pin bus_rdata_r[31] not found.
[WARNING STA-1656] /home/ubuntu/GitHub/sky130-trng/.loom/worktrees/issue-236/sim/digital-electrical-repair/requests/.klt/place-and-route/trng_digital_route.spef line 171940, pin bus_rdata_r[3] not found.
[WARNING STA-1656] /home/ubuntu/GitHub/sky130-trng/.loom/worktrees/issue-236/sim/digital-electrical-repair/requests/.klt/place-and-route/trng_digital_route.spef line 171941, pin bus_rdata_r[4] not found.
[WARNING STA-1656] /home/ubuntu/GitHub/sky130-trng/.loom/worktrees/issue-236/sim/digital-electrical-repair/requests/.klt/place-and-route/trng_digital_route.spef line 171942, pin bus_rdata_r[5] not found.
[WARNING STA-1656] /home/ubuntu/GitHub/sky130-trng/.loom/worktrees/issue-236/sim/digital-electrical-repair/requests/.klt/place-and-route/trng_digital_route.spef line 171943, pin bus_rdata_r[7] not found.
[WARNING STA-1656] /home/ubuntu/GitHub/sky130-trng/.loom/worktrees/issue-236/sim/digital-electrical-repair/requests/.klt/place-and-route/trng_digital_route.spef line 171944, pin bus_rdata_r[8] not found.
[WARNING STA-1656] /home/ubuntu/GitHub/sky130-trng/.loom/worktrees/issue-236/sim/digital-electrical-repair/requests/.klt/place-and-route/trng_digital_route.spef line 171945, pin bus_rdata_r[9] not found.
[WARNING STA-1656] /home/ubuntu/GitHub/sky130-trng/.loom/worktrees/issue-236/sim/digital-electrical-repair/requests/.klt/place-and-route/trng_digital_route.spef line 172052, pin bus_rdata_r[18] not found.
[WARNING STA-1656] /home/ubuntu/GitHub/sky130-trng/.loom/worktrees/issue-236/sim/digital-electrical-repair/requests/.klt/place-and-route/trng_digital_route.spef line 172053, pin bus_rdata_r[1] not found.
[WARNING STA-1656] /home/ubuntu/GitHub/sky130-trng/.loom/worktrees/issue-236/sim/digital-electrical-repair/requests/.klt/place-and-route/trng_digital_route.spef line 172054, pin bus_rdata_r[21] not found.
[WARNING STA-1656] /home/ubuntu/GitHub/sky130-trng/.loom/worktrees/issue-236/sim/digital-electrical-repair/requests/.klt/place-and-route/trng_digital_route.spef line 172055, pin bus_rdata_r[23] not found.
[WARNING STA-1656] /home/ubuntu/GitHub/sky130-trng/.loom/worktrees/issue-236/sim/digital-electrical-repair/requests/.klt/place-and-route/trng_digital_route.spef line 172056, pin bus_rdata_r[5] not found.
[WARNING STA-1656] /home/ubuntu/GitHub/sky130-trng/.loom/worktrees/issue-236/sim/digital-electrical-repair/requests/.klt/place-and-route/trng_digital_route.spef line 172163, pin bus_rdata_r[12] not found.
[WARNING STA-1656] /home/ubuntu/GitHub/sky130-trng/.loom/worktrees/issue-236/sim/digital-electrical-repair/requests/.klt/place-and-route/trng_digital_route.spef line 172164, pin bus_rdata_r[13] not found.
[WARNING STA-1656] /home/ubuntu/GitHub/sky130-trng/.loom/worktrees/issue-236/sim/digital-electrical-repair/requests/.klt/place-and-route/trng_digital_route.spef line 172165, pin bus_rdata_r[14] not found.
[WARNING STA-1656] /home/ubuntu/GitHub/sky130-trng/.loom/worktrees/issue-236/sim/digital-electrical-repair/requests/.klt/place-and-route/trng_digital_route.spef line 172166, pin bus_rdata_r[15] not found.
[WARNING STA-1656] /home/ubuntu/GitHub/sky130-trng/.loom/worktrees/issue-236/sim/digital-electrical-repair/requests/.klt/place-and-route/trng_digital_route.spef line 172167, pin bus_rdata_r[18] not found.
[WARNING STA-1656] /home/ubuntu/GitHub/sky130-trng/.loom/worktrees/issue-236/sim/digital-electrical-repair/requests/.klt/place-and-route/trng_digital_route.spef line 172168, pin bus_rdata_r[1] not found.
[WARNING STA-1656] /home/ubuntu/GitHub/sky130-trng/.loom/worktrees/issue-236/sim/digital-electrical-repair/requests/.klt/place-and-route/trng_digital_route.spef line 172169, pin bus_rdata_r[21] not found.
[WARNING STA-1656] /home/ubuntu/GitHub/sky130-trng/.loom/worktrees/issue-236/sim/digital-electrical-repair/requests/.klt/place-and-route/trng_digital_route.spef line 172170, pin bus_rdata_r[23] not found.
[WARNING STA-1656] /home/ubuntu/GitHub/sky130-trng/.loom/worktrees/issue-236/sim/digital-electrical-repair/requests/.klt/place-and-route/trng_digital_route.spef line 172171, pin bus_rdata_r[26] not found.
[WARNING STA-1656] /home/ubuntu/GitHub/sky130-trng/.loom/worktrees/issue-236/sim/digital-electrical-repair/requests/.klt/place-and-route/trng_digital_route.spef line 172172, pin bus_rdata_r[27] not found.
[WARNING STA-1656] /home/ubuntu/GitHub/sky130-trng/.loom/worktrees/issue-236/sim/digital-electrical-repair/requests/.klt/place-and-route/trng_digital_route.spef line 172173, pin bus_rdata_r[4] not found.
[WARNING STA-1656] /home/ubuntu/GitHub/sky130-trng/.loom/worktrees/issue-236/sim/digital-electrical-repair/requests/.klt/place-and-route/trng_digital_route.spef line 172174, pin bus_rdata_r[5] not found.
[WARNING STA-1656] /home/ubuntu/GitHub/sky130-trng/.loom/worktrees/issue-236/sim/digital-electrical-repair/requests/.klt/place-and-route/trng_digital_route.spef line 172175, pin bus_rdata_r[8] not found.
[WARNING STA-1656] /home/ubuntu/GitHub/sky130-trng/.loom/worktrees/issue-236/sim/digital-electrical-repair/requests/.klt/place-and-route/trng_digital_route.spef line 172176, pin bus_rdata_r[9] not found.
[WARNING STA-1656] /home/ubuntu/GitHub/sky130-trng/.loom/worktrees/issue-236/sim/digital-electrical-repair/requests/.klt/place-and-route/trng_digital_route.spef line 172308, pin bus_rdata_r[12] not found.
[WARNING STA-1656] /home/ubuntu/GitHub/sky130-trng/.loom/worktrees/issue-236/sim/digital-electrical-repair/requests/.klt/place-and-route/trng_digital_route.spef line 172309, pin bus_rdata_r[13] not found.
[WARNING STA-1656] /home/ubuntu/GitHub/sky130-trng/.loom/worktrees/issue-236/sim/digital-electrical-repair/requests/.klt/place-and-route/trng_digital_route.spef line 172310, pin bus_rdata_r[14] not found.
[WARNING STA-1656] /home/ubuntu/GitHub/sky130-trng/.loom/worktrees/issue-236/sim/digital-electrical-repair/requests/.klt/place-and-route/trng_digital_route.spef line 172311, pin bus_rdata_r[15] not found.
[WARNING STA-1656] /home/ubuntu/GitHub/sky130-trng/.loom/worktrees/issue-236/sim/digital-electrical-repair/requests/.klt/place-and-route/trng_digital_route.spef line 172312, pin bus_rdata_r[18] not found.
[WARNING STA-1656] /home/ubuntu/GitHub/sky130-trng/.loom/worktrees/issue-236/sim/digital-electrical-repair/requests/.klt/place-and-route/trng_digital_route.spef line 172313, pin bus_rdata_r[1] not found.
[WARNING STA-1656] /home/ubuntu/GitHub/sky130-trng/.loom/worktrees/issue-236/sim/digital-electrical-repair/requests/.klt/place-and-route/trng_digital_route.spef line 172314, pin bus_rdata_r[21] not found.
[WARNING STA-1656] /home/ubuntu/GitHub/sky130-trng/.loom/worktrees/issue-236/sim/digital-electrical-repair/requests/.klt/place-and-route/trng_digital_route.spef line 172315, pin bus_rdata_r[23] not found.
[WARNING STA-1656] /home/ubuntu/GitHub/sky130-trng/.loom/worktrees/issue-236/sim/digital-electrical-repair/requests/.klt/place-and-route/trng_digital_route.spef line 172316, pin bus_rdata_r[3] not found.
[WARNING STA-1656] /home/ubuntu/GitHub/sky130-trng/.loom/worktrees/issue-236/sim/digital-electrical-repair/requests/.klt/place-and-route/trng_digital_route.spef line 172317, pin bus_rdata_r[4] not found.
[WARNING STA-1656] /home/ubuntu/GitHub/sky130-trng/.loom/worktrees/issue-236/sim/digital-electrical-repair/requests/.klt/place-and-route/trng_digital_route.spef line 172318, pin bus_rdata_r[5] not found.
[WARNING STA-1656] /home/ubuntu/GitHub/sky130-trng/.loom/worktrees/issue-236/sim/digital-electrical-repair/requests/.klt/place-and-route/trng_digital_route.spef line 172319, pin bus_rdata_r[7] not found.
[WARNING STA-1656] /home/ubuntu/GitHub/sky130-trng/.loom/worktrees/issue-236/sim/digital-electrical-repair/requests/.klt/place-and-route/trng_digital_route.spef line 172320, pin bus_rdata_r[8] not found.
[WARNING STA-1656] /home/ubuntu/GitHub/sky130-trng/.loom/worktrees/issue-236/sim/digital-electrical-repair/requests/.klt/place-and-route/trng_digital_route.spef line 172321, pin bus_rdata_r[9] not found.
[WARNING STA-1656] /home/ubuntu/GitHub/sky130-trng/.loom/worktrees/issue-236/sim/digital-electrical-repair/requests/.klt/place-and-route/trng_digital_route.spef line 172449, pin bus_rdata_r[14] not found.
[WARNING STA-1656] /home/ubuntu/GitHub/sky130-trng/.loom/worktrees/issue-236/sim/digital-electrical-repair/requests/.klt/place-and-route/trng_digital_route.spef line 172450, pin bus_rdata_r[21] not found.
[WARNING STA-1656] /home/ubuntu/GitHub/sky130-trng/.loom/worktrees/issue-236/sim/digital-electrical-repair/requests/.klt/place-and-route/trng_digital_route.spef line 172451, pin bus_rdata_r[23] not found.
[WARNING STA-1656] /home/ubuntu/GitHub/sky130-trng/.loom/worktrees/issue-236/sim/digital-electrical-repair/requests/.klt/place-and-route/trng_digital_route.spef line 172538, pin bus_rdata_r[21] not found.
[WARNING STA-1656] /home/ubuntu/GitHub/sky130-trng/.loom/worktrees/issue-236/sim/digital-electrical-repair/requests/.klt/place-and-route/trng_digital_route.spef line 172539, pin bus_rdata_r[23] not found.
[WARNING STA-1656] /home/ubuntu/GitHub/sky130-trng/.loom/worktrees/issue-236/sim/digital-electrical-repair/requests/.klt/place-and-route/trng_digital_route.spef line 172630, pin bus_rdata_r[21] not found.
[WARNING STA-1656] /home/ubuntu/GitHub/sky130-trng/.loom/worktrees/issue-236/sim/digital-electrical-repair/requests/.klt/place-and-route/trng_digital_route.spef line 172631, pin bus_rdata_r[23] not found.
[WARNING STA-1656] /home/ubuntu/GitHub/sky130-trng/.loom/worktrees/issue-236/sim/digital-electrical-repair/requests/.klt/place-and-route/trng_digital_route.spef line 172745, pin bus_rdata_r[21] not found.
[WARNING STA-1656] /home/ubuntu/GitHub/sky130-trng/.loom/worktrees/issue-236/sim/digital-electrical-repair/requests/.klt/place-and-route/trng_digital_route.spef line 172746, pin bus_rdata_r[23] not found.
[WARNING STA-1656] /home/ubuntu/GitHub/sky130-trng/.loom/worktrees/issue-236/sim/digital-electrical-repair/requests/.klt/place-and-route/trng_digital_route.spef line 172871, pin bus_rdata_r[21] not found.
[WARNING STA-1656] /home/ubuntu/GitHub/sky130-trng/.loom/worktrees/issue-236/sim/digital-electrical-repair/requests/.klt/place-and-route/trng_digital_route.spef line 172872, pin bus_rdata_r[23] not found.
[WARNING STA-1656] /home/ubuntu/GitHub/sky130-trng/.loom/worktrees/issue-236/sim/digital-electrical-repair/requests/.klt/place-and-route/trng_digital_route.spef line 173027, pin startup_done89 not found.
[WARNING STA-1656] /home/ubuntu/GitHub/sky130-trng/.loom/worktrees/issue-236/sim/digital-electrical-repair/requests/.klt/place-and-route/trng_digital_route.spef line 173095, pin bus_rdata_r[21] not found.
[WARNING STA-1656] /home/ubuntu/GitHub/sky130-trng/.loom/worktrees/issue-236/sim/digital-electrical-repair/requests/.klt/place-and-route/trng_digital_route.spef line 173096, pin bus_rdata_r[23] not found.
[WARNING STA-1656] /home/ubuntu/GitHub/sky130-trng/.loom/worktrees/issue-236/sim/digital-electrical-repair/requests/.klt/place-and-route/trng_digital_route.spef line 173126, pin bus_rdata_r[21] not found.
[WARNING STA-1656] /home/ubuntu/GitHub/sky130-trng/.loom/worktrees/issue-236/sim/digital-electrical-repair/requests/.klt/place-and-route/trng_digital_route.spef line 173127, pin bus_rdata_r[23] not found.
[WARNING STA-1656] /home/ubuntu/GitHub/sky130-trng/.loom/worktrees/issue-236/sim/digital-electrical-repair/requests/.klt/place-and-route/trng_digital_route.spef line 173199, pin bus_rdata_r[12] not found.
[WARNING STA-1656] /home/ubuntu/GitHub/sky130-trng/.loom/worktrees/issue-236/sim/digital-electrical-repair/requests/.klt/place-and-route/trng_digital_route.spef line 173200, pin bus_rdata_r[13] not found.
[WARNING STA-1656] /home/ubuntu/GitHub/sky130-trng/.loom/worktrees/issue-236/sim/digital-electrical-repair/requests/.klt/place-and-route/trng_digital_route.spef line 173201, pin bus_rdata_r[14] not found.
[WARNING STA-1656] /home/ubuntu/GitHub/sky130-trng/.loom/worktrees/issue-236/sim/digital-electrical-repair/requests/.klt/place-and-route/trng_digital_route.spef line 173202, pin bus_rdata_r[15] not found.
[WARNING STA-1656] /home/ubuntu/GitHub/sky130-trng/.loom/worktrees/issue-236/sim/digital-electrical-repair/requests/.klt/place-and-route/trng_digital_route.spef line 173203, pin bus_rdata_r[1] not found.
[WARNING STA-1656] /home/ubuntu/GitHub/sky130-trng/.loom/worktrees/issue-236/sim/digital-electrical-repair/requests/.klt/place-and-route/trng_digital_route.spef line 173204, pin bus_rdata_r[21] not found.
[WARNING STA-1656] /home/ubuntu/GitHub/sky130-trng/.loom/worktrees/issue-236/sim/digital-electrical-repair/requests/.klt/place-and-route/trng_digital_route.spef line 173205, pin bus_rdata_r[23] not found.
[WARNING STA-1656] /home/ubuntu/GitHub/sky130-trng/.loom/worktrees/issue-236/sim/digital-electrical-repair/requests/.klt/place-and-route/trng_digital_route.spef line 173206, pin bus_rdata_r[4] not found.
[WARNING STA-1656] /home/ubuntu/GitHub/sky130-trng/.loom/worktrees/issue-236/sim/digital-electrical-repair/requests/.klt/place-and-route/trng_digital_route.spef line 173207, pin bus_rdata_r[5] not found.
[WARNING STA-1656] /home/ubuntu/GitHub/sky130-trng/.loom/worktrees/issue-236/sim/digital-electrical-repair/requests/.klt/place-and-route/trng_digital_route.spef line 173208, pin bus_rdata_r[8] not found.
[WARNING STA-1656] /home/ubuntu/GitHub/sky130-trng/.loom/worktrees/issue-236/sim/digital-electrical-repair/requests/.klt/place-and-route/trng_digital_route.spef line 173209, pin bus_rdata_r[9] not found.
[WARNING STA-1656] /home/ubuntu/GitHub/sky130-trng/.loom/worktrees/issue-236/sim/digital-electrical-repair/requests/.klt/place-and-route/trng_digital_route.spef line 173360, pin bus_rdata_r[12] not found.
[WARNING STA-1656] /home/ubuntu/GitHub/sky130-trng/.loom/worktrees/issue-236/sim/digital-electrical-repair/requests/.klt/place-and-route/trng_digital_route.spef line 173361, pin bus_rdata_r[13] not found.
[WARNING STA-1656] /home/ubuntu/GitHub/sky130-trng/.loom/worktrees/issue-236/sim/digital-electrical-repair/requests/.klt/place-and-route/trng_digital_route.spef line 173362, pin bus_rdata_r[14] not found.
[WARNING STA-1656] /home/ubuntu/GitHub/sky130-trng/.loom/worktrees/issue-236/sim/digital-electrical-repair/requests/.klt/place-and-route/trng_digital_route.spef line 173363, pin bus_rdata_r[15] not found.
[WARNING STA-1656] /home/ubuntu/GitHub/sky130-trng/.loom/worktrees/issue-236/sim/digital-electrical-repair/requests/.klt/place-and-route/trng_digital_route.spef line 173364, pin bus_rdata_r[1] not found.
[WARNING STA-1656] /home/ubuntu/GitHub/sky130-trng/.loom/worktrees/issue-236/sim/digital-electrical-repair/requests/.klt/place-and-route/trng_digital_route.spef line 173365, pin bus_rdata_r[21] not found.
[WARNING STA-1656] /home/ubuntu/GitHub/sky130-trng/.loom/worktrees/issue-236/sim/digital-electrical-repair/requests/.klt/place-and-route/trng_digital_route.spef line 173366, pin bus_rdata_r[23] not found.
[WARNING STA-1656] /home/ubuntu/GitHub/sky130-trng/.loom/worktrees/issue-236/sim/digital-electrical-repair/requests/.klt/place-and-route/trng_digital_route.spef line 173367, pin bus_rdata_r[4] not found.
[WARNING STA-1656] /home/ubuntu/GitHub/sky130-trng/.loom/worktrees/issue-236/sim/digital-electrical-repair/requests/.klt/place-and-route/trng_digital_route.spef line 173368, pin bus_rdata_r[9] not found.
[WARNING STA-1656] /home/ubuntu/GitHub/sky130-trng/.loom/worktrees/issue-236/sim/digital-electrical-repair/requests/.klt/place-and-route/trng_digital_route.spef line 173491, pin bus_rdata_r[12] not found.
[WARNING STA-1656] /home/ubuntu/GitHub/sky130-trng/.loom/worktrees/issue-236/sim/digital-electrical-repair/requests/.klt/place-and-route/trng_digital_route.spef line 173492, pin bus_rdata_r[13] not found.
[WARNING STA-1656] /home/ubuntu/GitHub/sky130-trng/.loom/worktrees/issue-236/sim/digital-electrical-repair/requests/.klt/place-and-route/trng_digital_route.spef line 173493, pin bus_rdata_r[14] not found.
[WARNING STA-1656] /home/ubuntu/GitHub/sky130-trng/.loom/worktrees/issue-236/sim/digital-electrical-repair/requests/.klt/place-and-route/trng_digital_route.spef line 173494, pin bus_rdata_r[15] not found.
[WARNING STA-1656] /home/ubuntu/GitHub/sky130-trng/.loom/worktrees/issue-236/sim/digital-electrical-repair/requests/.klt/place-and-route/trng_digital_route.spef line 173495, pin bus_rdata_r[1] not found.
[WARNING STA-1656] /home/ubuntu/GitHub/sky130-trng/.loom/worktrees/issue-236/sim/digital-electrical-repair/requests/.klt/place-and-route/trng_digital_route.spef line 173496, pin bus_rdata_r[3] not found.
[WARNING STA-1656] /home/ubuntu/GitHub/sky130-trng/.loom/worktrees/issue-236/sim/digital-electrical-repair/requests/.klt/place-and-route/trng_digital_route.spef line 173497, pin bus_rdata_r[4] not found.
[WARNING STA-1656] /home/ubuntu/GitHub/sky130-trng/.loom/worktrees/issue-236/sim/digital-electrical-repair/requests/.klt/place-and-route/trng_digital_route.spef line 173498, pin bus_rdata_r[6] not found.
[WARNING STA-1656] /home/ubuntu/GitHub/sky130-trng/.loom/worktrees/issue-236/sim/digital-electrical-repair/requests/.klt/place-and-route/trng_digital_route.spef line 173499, pin bus_rdata_r[9] not found.
[WARNING STA-1656] /home/ubuntu/GitHub/sky130-trng/.loom/worktrees/issue-236/sim/digital-electrical-repair/requests/.klt/place-and-route/trng_digital_route.spef line 173545, pin bus_rdata_r[1] not found.
[WARNING STA-1656] /home/ubuntu/GitHub/sky130-trng/.loom/worktrees/issue-236/sim/digital-electrical-repair/requests/.klt/place-and-route/trng_digital_route.spef line 173546, pin bus_rdata_r[21] not found.
[WARNING STA-1656] /home/ubuntu/GitHub/sky130-trng/.loom/worktrees/issue-236/sim/digital-electrical-repair/requests/.klt/place-and-route/trng_digital_route.spef line 173547, pin bus_rdata_r[23] not found.
[WARNING STA-1656] /home/ubuntu/GitHub/sky130-trng/.loom/worktrees/issue-236/sim/digital-electrical-repair/requests/.klt/place-and-route/trng_digital_route.spef line 173609, pin bus_rdata_r[5] not found.
[WARNING STA-1656] /home/ubuntu/GitHub/sky130-trng/.loom/worktrees/issue-236/sim/digital-electrical-repair/requests/.klt/place-and-route/trng_digital_route.spef line 173724, pin bus_rdata_r[12] not found.
[WARNING STA-1656] /home/ubuntu/GitHub/sky130-trng/.loom/worktrees/issue-236/sim/digital-electrical-repair/requests/.klt/place-and-route/trng_digital_route.spef line 173725, pin bus_rdata_r[13] not found.
[WARNING STA-1656] /home/ubuntu/GitHub/sky130-trng/.loom/worktrees/issue-236/sim/digital-electrical-repair/requests/.klt/place-and-route/trng_digital_route.spef line 173726, pin bus_rdata_r[14] not found.
[WARNING STA-1656] /home/ubuntu/GitHub/sky130-trng/.loom/worktrees/issue-236/sim/digital-electrical-repair/requests/.klt/place-and-route/trng_digital_route.spef line 173727, pin bus_rdata_r[1] not found.
[WARNING STA-1656] /home/ubuntu/GitHub/sky130-trng/.loom/worktrees/issue-236/sim/digital-electrical-repair/requests/.klt/place-and-route/trng_digital_route.spef line 173728, pin bus_rdata_r[21] not found.
[WARNING STA-1656] /home/ubuntu/GitHub/sky130-trng/.loom/worktrees/issue-236/sim/digital-electrical-repair/requests/.klt/place-and-route/trng_digital_route.spef line 173729, pin bus_rdata_r[23] not found.
[WARNING STA-1656] /home/ubuntu/GitHub/sky130-trng/.loom/worktrees/issue-236/sim/digital-electrical-repair/requests/.klt/place-and-route/trng_digital_route.spef line 173730, pin bus_rdata_r[4] not found.
[WARNING STA-1656] /home/ubuntu/GitHub/sky130-trng/.loom/worktrees/issue-236/sim/digital-electrical-repair/requests/.klt/place-and-route/trng_digital_route.spef line 173731, pin bus_rdata_r[9] not found.
[WARNING STA-1656] /home/ubuntu/GitHub/sky130-trng/.loom/worktrees/issue-236/sim/digital-electrical-repair/requests/.klt/place-and-route/trng_digital_route.spef line 173818, pin bus_rdata_r[14] not found.
[WARNING STA-1656] /home/ubuntu/GitHub/sky130-trng/.loom/worktrees/issue-236/sim/digital-electrical-repair/requests/.klt/place-and-route/trng_digital_route.spef line 173819, pin bus_rdata_r[15] not found.
[WARNING STA-1656] /home/ubuntu/GitHub/sky130-trng/.loom/worktrees/issue-236/sim/digital-electrical-repair/requests/.klt/place-and-route/trng_digital_route.spef line 173820, pin bus_rdata_r[21] not found.
[WARNING STA-1656] /home/ubuntu/GitHub/sky130-trng/.loom/worktrees/issue-236/sim/digital-electrical-repair/requests/.klt/place-and-route/trng_digital_route.spef line 173821, pin bus_rdata_r[23] not found.
[WARNING STA-1656] /home/ubuntu/GitHub/sky130-trng/.loom/worktrees/issue-236/sim/digital-electrical-repair/requests/.klt/place-and-route/trng_digital_route.spef line 173822, pin bus_rdata_r[9] not found.
[WARNING STA-1656] /home/ubuntu/GitHub/sky130-trng/.loom/worktrees/issue-236/sim/digital-electrical-repair/requests/.klt/place-and-route/trng_digital_route.spef line 173855, pin startup_done89 not found.
[WARNING STA-1656] /home/ubuntu/GitHub/sky130-trng/.loom/worktrees/issue-236/sim/digital-electrical-repair/requests/.klt/place-and-route/trng_digital_route.spef line 173947, pin bus_rdata_r[13] not found.
[WARNING STA-1656] /home/ubuntu/GitHub/sky130-trng/.loom/worktrees/issue-236/sim/digital-electrical-repair/requests/.klt/place-and-route/trng_digital_route.spef line 173948, pin bus_rdata_r[14] not found.
[WARNING STA-1656] /home/ubuntu/GitHub/sky130-trng/.loom/worktrees/issue-236/sim/digital-electrical-repair/requests/.klt/place-and-route/trng_digital_route.spef line 173949, pin bus_rdata_r[15] not found.
[WARNING STA-1656] /home/ubuntu/GitHub/sky130-trng/.loom/worktrees/issue-236/sim/digital-electrical-repair/requests/.klt/place-and-route/trng_digital_route.spef line 173950, pin bus_rdata_r[21] not found.
[WARNING STA-1656] /home/ubuntu/GitHub/sky130-trng/.loom/worktrees/issue-236/sim/digital-electrical-repair/requests/.klt/place-and-route/trng_digital_route.spef line 173951, pin bus_rdata_r[23] not found.
[WARNING STA-1656] /home/ubuntu/GitHub/sky130-trng/.loom/worktrees/issue-236/sim/digital-electrical-repair/requests/.klt/place-and-route/trng_digital_route.spef line 173952, pin bus_rdata_r[9] not found.
[WARNING STA-1656] /home/ubuntu/GitHub/sky130-trng/.loom/worktrees/issue-236/sim/digital-electrical-repair/requests/.klt/place-and-route/trng_digital_route.spef line 173976, pin startup_done89 not found.
[WARNING STA-1656] /home/ubuntu/GitHub/sky130-trng/.loom/worktrees/issue-236/sim/digital-electrical-repair/requests/.klt/place-and-route/trng_digital_route.spef line 174081, pin bus_rdata_r[15] not found.
[WARNING STA-1656] /home/ubuntu/GitHub/sky130-trng/.loom/worktrees/issue-236/sim/digital-electrical-repair/requests/.klt/place-and-route/trng_digital_route.spef line 174082, pin bus_rdata_r[9] not found.
[WARNING STA-1656] /home/ubuntu/GitHub/sky130-trng/.loom/worktrees/issue-236/sim/digital-electrical-repair/requests/.klt/place-and-route/trng_digital_route.spef line 174184, pin bus_rdata_r[12] not found.
[WARNING STA-1656] /home/ubuntu/GitHub/sky130-trng/.loom/worktrees/issue-236/sim/digital-electrical-repair/requests/.klt/place-and-route/trng_digital_route.spef line 174185, pin bus_rdata_r[13] not found.
[WARNING STA-1656] /home/ubuntu/GitHub/sky130-trng/.loom/worktrees/issue-236/sim/digital-electrical-repair/requests/.klt/place-and-route/trng_digital_route.spef line 174210, pin bus_rdata_r[12] not found.
[WARNING STA-1656] /home/ubuntu/GitHub/sky130-trng/.loom/worktrees/issue-236/sim/digital-electrical-repair/requests/.klt/place-and-route/trng_digital_route.spef line 174211, pin bus_rdata_r[13] not found.
[WARNING STA-1656] /home/ubuntu/GitHub/sky130-trng/.loom/worktrees/issue-236/sim/digital-electrical-repair/requests/.klt/place-and-route/trng_digital_route.spef line 174212, pin bus_rdata_r[15] not found.
[WARNING STA-1656] /home/ubuntu/GitHub/sky130-trng/.loom/worktrees/issue-236/sim/digital-electrical-repair/requests/.klt/place-and-route/trng_digital_route.spef line 174243, pin bus_rdata_r[12] not found.
[WARNING STA-1656] /home/ubuntu/GitHub/sky130-trng/.loom/worktrees/issue-236/sim/digital-electrical-repair/requests/.klt/place-and-route/trng_digital_route.spef line 174244, pin bus_rdata_r[13] not found.
[WARNING STA-1656] /home/ubuntu/GitHub/sky130-trng/.loom/worktrees/issue-236/sim/digital-electrical-repair/requests/.klt/place-and-route/trng_digital_route.spef line 174294, pin bus_rdata_r[21] not found.
[WARNING STA-1656] /home/ubuntu/GitHub/sky130-trng/.loom/worktrees/issue-236/sim/digital-electrical-repair/requests/.klt/place-and-route/trng_digital_route.spef line 174295, pin bus_rdata_r[23] not found.
[WARNING STA-1656] /home/ubuntu/GitHub/sky130-trng/.loom/worktrees/issue-236/sim/digital-electrical-repair/requests/.klt/place-and-route/trng_digital_route.spef line 174361, pin bus_rdata_r[12] not found.
[WARNING STA-1656] /home/ubuntu/GitHub/sky130-trng/.loom/worktrees/issue-236/sim/digital-electrical-repair/requests/.klt/place-and-route/trng_digital_route.spef line 174362, pin bus_rdata_r[13] not found.
[WARNING STA-1656] /home/ubuntu/GitHub/sky130-trng/.loom/worktrees/issue-236/sim/digital-electrical-repair/requests/.klt/place-and-route/trng_digital_route.spef line 175001, pin bus_rdata_r[21] not found.
[WARNING STA-1656] /home/ubuntu/GitHub/sky130-trng/.loom/worktrees/issue-236/sim/digital-electrical-repair/requests/.klt/place-and-route/trng_digital_route.spef line 175002, pin bus_rdata_r[23] not found.
[WARNING STA-1656] /home/ubuntu/GitHub/sky130-trng/.loom/worktrees/issue-236/sim/digital-electrical-repair/requests/.klt/place-and-route/trng_digital_route.spef line 175379, pin bus_rdata_r[14] not found.
[WARNING STA-1656] /home/ubuntu/GitHub/sky130-trng/.loom/worktrees/issue-236/sim/digital-electrical-repair/requests/.klt/place-and-route/trng_digital_route.spef line 175380, pin bus_rdata_r[9] not found.
[WARNING STA-1656] /home/ubuntu/GitHub/sky130-trng/.loom/worktrees/issue-236/sim/digital-electrical-repair/requests/.klt/place-and-route/trng_digital_route.spef line 175403, pin bus_rdata_r[12] not found.
[WARNING STA-1656] /home/ubuntu/GitHub/sky130-trng/.loom/worktrees/issue-236/sim/digital-electrical-repair/requests/.klt/place-and-route/trng_digital_route.spef line 175404, pin bus_rdata_r[13] not found.
[WARNING STA-1656] /home/ubuntu/GitHub/sky130-trng/.loom/worktrees/issue-236/sim/digital-electrical-repair/requests/.klt/place-and-route/trng_digital_route.spef line 175405, pin bus_rdata_r[14] not found.
[WARNING STA-1656] /home/ubuntu/GitHub/sky130-trng/.loom/worktrees/issue-236/sim/digital-electrical-repair/requests/.klt/place-and-route/trng_digital_route.spef line 175406, pin bus_rdata_r[9] not found.
[WARNING STA-1656] /home/ubuntu/GitHub/sky130-trng/.loom/worktrees/issue-236/sim/digital-electrical-repair/requests/.klt/place-and-route/trng_digital_route.spef line 175515, pin bus_rdata_r[0] not found.
[WARNING STA-1656] /home/ubuntu/GitHub/sky130-trng/.loom/worktrees/issue-236/sim/digital-electrical-repair/requests/.klt/place-and-route/trng_digital_route.spef line 175516, pin bus_rdata_r[10] not found.
[WARNING STA-1656] /home/ubuntu/GitHub/sky130-trng/.loom/worktrees/issue-236/sim/digital-electrical-repair/requests/.klt/place-and-route/trng_digital_route.spef line 175517, pin bus_rdata_r[11] not found.
[WARNING STA-1656] /home/ubuntu/GitHub/sky130-trng/.loom/worktrees/issue-236/sim/digital-electrical-repair/requests/.klt/place-and-route/trng_digital_route.spef line 175518, pin bus_rdata_r[12] not found.
[WARNING STA-1656] /home/ubuntu/GitHub/sky130-trng/.loom/worktrees/issue-236/sim/digital-electrical-repair/requests/.klt/place-and-route/trng_digital_route.spef line 175519, pin bus_rdata_r[13] not found.
[WARNING STA-1656] /home/ubuntu/GitHub/sky130-trng/.loom/worktrees/issue-236/sim/digital-electrical-repair/requests/.klt/place-and-route/trng_digital_route.spef line 175520, pin bus_rdata_r[14] not found.
[WARNING STA-1656] /home/ubuntu/GitHub/sky130-trng/.loom/worktrees/issue-236/sim/digital-electrical-repair/requests/.klt/place-and-route/trng_digital_route.spef line 175521, pin bus_rdata_r[15] not found.
[WARNING STA-1656] /home/ubuntu/GitHub/sky130-trng/.loom/worktrees/issue-236/sim/digital-electrical-repair/requests/.klt/place-and-route/trng_digital_route.spef line 175522, pin bus_rdata_r[16] not found.
[WARNING STA-1656] /home/ubuntu/GitHub/sky130-trng/.loom/worktrees/issue-236/sim/digital-electrical-repair/requests/.klt/place-and-route/trng_digital_route.spef line 175523, pin bus_rdata_r[17] not found.
[WARNING STA-1656] /home/ubuntu/GitHub/sky130-trng/.loom/worktrees/issue-236/sim/digital-electrical-repair/requests/.klt/place-and-route/trng_digital_route.spef line 175524, pin bus_rdata_r[18] not found.
[WARNING STA-1656] /home/ubuntu/GitHub/sky130-trng/.loom/worktrees/issue-236/sim/digital-electrical-repair/requests/.klt/place-and-route/trng_digital_route.spef line 175525, pin bus_rdata_r[19] not found.
[WARNING STA-1656] /home/ubuntu/GitHub/sky130-trng/.loom/worktrees/issue-236/sim/digital-electrical-repair/requests/.klt/place-and-route/trng_digital_route.spef line 175526, pin bus_rdata_r[1] not found.
[WARNING STA-1656] /home/ubuntu/GitHub/sky130-trng/.loom/worktrees/issue-236/sim/digital-electrical-repair/requests/.klt/place-and-route/trng_digital_route.spef line 175527, pin bus_rdata_r[20] not found.
[WARNING STA-1656] /home/ubuntu/GitHub/sky130-trng/.loom/worktrees/issue-236/sim/digital-electrical-repair/requests/.klt/place-and-route/trng_digital_route.spef line 175528, pin bus_rdata_r[21] not found.
[WARNING STA-1656] /home/ubuntu/GitHub/sky130-trng/.loom/worktrees/issue-236/sim/digital-electrical-repair/requests/.klt/place-and-route/trng_digital_route.spef line 175529, pin bus_rdata_r[22] not found.
[WARNING STA-1656] /home/ubuntu/GitHub/sky130-trng/.loom/worktrees/issue-236/sim/digital-electrical-repair/requests/.klt/place-and-route/trng_digital_route.spef line 175530, pin bus_rdata_r[23] not found.
[WARNING STA-1656] /home/ubuntu/GitHub/sky130-trng/.loom/worktrees/issue-236/sim/digital-electrical-repair/requests/.klt/place-and-route/trng_digital_route.spef line 175531, pin bus_rdata_r[24] not found.
[WARNING STA-1656] /home/ubuntu/GitHub/sky130-trng/.loom/worktrees/issue-236/sim/digital-electrical-repair/requests/.klt/place-and-route/trng_digital_route.spef line 175532, pin bus_rdata_r[25] not found.
[WARNING STA-1656] /home/ubuntu/GitHub/sky130-trng/.loom/worktrees/issue-236/sim/digital-electrical-repair/requests/.klt/place-and-route/trng_digital_route.spef line 175533, pin bus_rdata_r[26] not found.
[WARNING STA-1656] /home/ubuntu/GitHub/sky130-trng/.loom/worktrees/issue-236/sim/digital-electrical-repair/requests/.klt/place-and-route/trng_digital_route.spef line 175534, pin bus_rdata_r[27] not found.
[WARNING STA-1656] /home/ubuntu/GitHub/sky130-trng/.loom/worktrees/issue-236/sim/digital-electrical-repair/requests/.klt/place-and-route/trng_digital_route.spef line 175535, pin bus_rdata_r[28] not found.
[WARNING STA-1656] /home/ubuntu/GitHub/sky130-trng/.loom/worktrees/issue-236/sim/digital-electrical-repair/requests/.klt/place-and-route/trng_digital_route.spef line 175536, pin bus_rdata_r[29] not found.
[WARNING STA-1656] /home/ubuntu/GitHub/sky130-trng/.loom/worktrees/issue-236/sim/digital-electrical-repair/requests/.klt/place-and-route/trng_digital_route.spef line 175537, pin bus_rdata_r[31] not found.
[WARNING STA-1656] /home/ubuntu/GitHub/sky130-trng/.loom/worktrees/issue-236/sim/digital-electrical-repair/requests/.klt/place-and-route/trng_digital_route.spef line 175538, pin bus_rdata_r[3] not found.
[WARNING STA-1656] /home/ubuntu/GitHub/sky130-trng/.loom/worktrees/issue-236/sim/digital-electrical-repair/requests/.klt/place-and-route/trng_digital_route.spef line 175539, pin bus_rdata_r[4] not found.
[WARNING STA-1656] /home/ubuntu/GitHub/sky130-trng/.loom/worktrees/issue-236/sim/digital-electrical-repair/requests/.klt/place-and-route/trng_digital_route.spef line 175540, pin bus_rdata_r[5] not found.
[WARNING STA-1656] /home/ubuntu/GitHub/sky130-trng/.loom/worktrees/issue-236/sim/digital-electrical-repair/requests/.klt/place-and-route/trng_digital_route.spef line 175541, pin bus_rdata_r[6] not found.
[WARNING STA-1656] /home/ubuntu/GitHub/sky130-trng/.loom/worktrees/issue-236/sim/digital-electrical-repair/requests/.klt/place-and-route/trng_digital_route.spef line 175542, pin bus_rdata_r[7] not found.
[WARNING STA-1656] /home/ubuntu/GitHub/sky130-trng/.loom/worktrees/issue-236/sim/digital-electrical-repair/requests/.klt/place-and-route/trng_digital_route.spef line 175543, pin bus_rdata_r[8] not found.
[WARNING STA-1656] /home/ubuntu/GitHub/sky130-trng/.loom/worktrees/issue-236/sim/digital-electrical-repair/requests/.klt/place-and-route/trng_digital_route.spef line 175544, pin bus_rdata_r[9] not found.
[WARNING STA-1656] /home/ubuntu/GitHub/sky130-trng/.loom/worktrees/issue-236/sim/digital-electrical-repair/requests/.klt/place-and-route/trng_digital_route.spef line 175718, pin bus_rdata_r[17] not found.
[WARNING STA-1656] /home/ubuntu/GitHub/sky130-trng/.loom/worktrees/issue-236/sim/digital-electrical-repair/requests/.klt/place-and-route/trng_digital_route.spef line 175719, pin bus_rdata_r[30] not found.
[WARNING STA-1656] /home/ubuntu/GitHub/sky130-trng/.loom/worktrees/issue-236/sim/digital-electrical-repair/requests/.klt/place-and-route/trng_digital_route.spef line 175810, pin bus_rdata_r[10] not found.
[WARNING STA-1656] /home/ubuntu/GitHub/sky130-trng/.loom/worktrees/issue-236/sim/digital-electrical-repair/requests/.klt/place-and-route/trng_digital_route.spef line 175811, pin bus_rdata_r[17] not found.
[WARNING STA-1656] /home/ubuntu/GitHub/sky130-trng/.loom/worktrees/issue-236/sim/digital-electrical-repair/requests/.klt/place-and-route/trng_digital_route.spef line 175812, pin bus_rdata_r[26] not found.
[WARNING STA-1656] /home/ubuntu/GitHub/sky130-trng/.loom/worktrees/issue-236/sim/digital-electrical-repair/requests/.klt/place-and-route/trng_digital_route.spef line 175813, pin bus_rdata_r[3] not found.
[WARNING STA-1656] /home/ubuntu/GitHub/sky130-trng/.loom/worktrees/issue-236/sim/digital-electrical-repair/requests/.klt/place-and-route/trng_digital_route.spef line 175848, pin bus_rdata_r[7] not found.
[WARNING STA-1656] /home/ubuntu/GitHub/sky130-trng/.loom/worktrees/issue-236/sim/digital-electrical-repair/requests/.klt/place-and-route/trng_digital_route.spef line 175903, pin bus_rdata_r[10] not found.
[WARNING STA-1656] /home/ubuntu/GitHub/sky130-trng/.loom/worktrees/issue-236/sim/digital-electrical-repair/requests/.klt/place-and-route/trng_digital_route.spef line 175904, pin bus_rdata_r[28] not found.
[WARNING STA-1656] /home/ubuntu/GitHub/sky130-trng/.loom/worktrees/issue-236/sim/digital-electrical-repair/requests/.klt/place-and-route/trng_digital_route.spef line 175949, pin bus_rdata_r[10] not found.
[WARNING STA-1656] /home/ubuntu/GitHub/sky130-trng/.loom/worktrees/issue-236/sim/digital-electrical-repair/requests/.klt/place-and-route/trng_digital_route.spef line 175950, pin bus_rdata_r[17] not found.
[WARNING STA-1656] /home/ubuntu/GitHub/sky130-trng/.loom/worktrees/issue-236/sim/digital-electrical-repair/requests/.klt/place-and-route/trng_digital_route.spef line 175951, pin bus_rdata_r[26] not found.
[WARNING STA-1656] /home/ubuntu/GitHub/sky130-trng/.loom/worktrees/issue-236/sim/digital-electrical-repair/requests/.klt/place-and-route/trng_digital_route.spef line 175952, pin bus_rdata_r[7] not found.
[WARNING STA-1656] /home/ubuntu/GitHub/sky130-trng/.loom/worktrees/issue-236/sim/digital-electrical-repair/requests/.klt/place-and-route/trng_digital_route.spef line 175997, pin startup_done89 not found.
[WARNING STA-1656] /home/ubuntu/GitHub/sky130-trng/.loom/worktrees/issue-236/sim/digital-electrical-repair/requests/.klt/place-and-route/trng_digital_route.spef line 176214, pin bus_rdata_r[10] not found.
[WARNING STA-1656] /home/ubuntu/GitHub/sky130-trng/.loom/worktrees/issue-236/sim/digital-electrical-repair/requests/.klt/place-and-route/trng_digital_route.spef line 176215, pin bus_rdata_r[28] not found.
[WARNING STA-1656] /home/ubuntu/GitHub/sky130-trng/.loom/worktrees/issue-236/sim/digital-electrical-repair/requests/.klt/place-and-route/trng_digital_route.spef line 176322, pin bus_rdata_r[17] not found.
[WARNING STA-1656] /home/ubuntu/GitHub/sky130-trng/.loom/worktrees/issue-236/sim/digital-electrical-repair/requests/.klt/place-and-route/trng_digital_route.spef line 176323, pin bus_rdata_r[30] not found.
[WARNING STA-1656] /home/ubuntu/GitHub/sky130-trng/.loom/worktrees/issue-236/sim/digital-electrical-repair/requests/.klt/place-and-route/trng_digital_route.spef line 176360, pin bus_rdata_r[18] not found.
[WARNING STA-1656] /home/ubuntu/GitHub/sky130-trng/.loom/worktrees/issue-236/sim/digital-electrical-repair/requests/.klt/place-and-route/trng_digital_route.spef line 176361, pin bus_rdata_r[1] not found.
[WARNING STA-1656] /home/ubuntu/GitHub/sky130-trng/.loom/worktrees/issue-236/sim/digital-electrical-repair/requests/.klt/place-and-route/trng_digital_route.spef line 176362, pin bus_rdata_r[27] not found.
[WARNING STA-1656] /home/ubuntu/GitHub/sky130-trng/.loom/worktrees/issue-236/sim/digital-electrical-repair/requests/.klt/place-and-route/trng_digital_route.spef line 176423, pin bus_rdata_r[5] not found.
[WARNING STA-1656] /home/ubuntu/GitHub/sky130-trng/.loom/worktrees/issue-236/sim/digital-electrical-repair/requests/.klt/place-and-route/trng_digital_route.spef line 176485, pin bus_rdata_r[27] not found.
[WARNING STA-1656] /home/ubuntu/GitHub/sky130-trng/.loom/worktrees/issue-236/sim/digital-electrical-repair/requests/.klt/place-and-route/trng_digital_route.spef line 176486, pin bus_rdata_r[31] not found.
[WARNING STA-1656] /home/ubuntu/GitHub/sky130-trng/.loom/worktrees/issue-236/sim/digital-electrical-repair/requests/.klt/place-and-route/trng_digital_route.spef line 176555, pin bus_rdata_r[10] not found.
[WARNING STA-1656] /home/ubuntu/GitHub/sky130-trng/.loom/worktrees/issue-236/sim/digital-electrical-repair/requests/.klt/place-and-route/trng_digital_route.spef line 176556, pin bus_rdata_r[26] not found.
[WARNING STA-1656] /home/ubuntu/GitHub/sky130-trng/.loom/worktrees/issue-236/sim/digital-electrical-repair/requests/.klt/place-and-route/trng_digital_route.spef line 176557, pin bus_rdata_r[28] not found.
[WARNING STA-1656] /home/ubuntu/GitHub/sky130-trng/.loom/worktrees/issue-236/sim/digital-electrical-repair/requests/.klt/place-and-route/trng_digital_route.spef line 176558, pin bus_rdata_r[7] not found.
[WARNING STA-1656] /home/ubuntu/GitHub/sky130-trng/.loom/worktrees/issue-236/sim/digital-electrical-repair/requests/.klt/place-and-route/trng_digital_route.spef line 176559, pin bus_rdata_r[8] not found.
[WARNING STA-1656] /home/ubuntu/GitHub/sky130-trng/.loom/worktrees/issue-236/sim/digital-electrical-repair/requests/.klt/place-and-route/trng_digital_route.spef line 176605, pin bus_rdata_r[5] not found.
[WARNING STA-1656] /home/ubuntu/GitHub/sky130-trng/.loom/worktrees/issue-236/sim/digital-electrical-repair/requests/.klt/place-and-route/trng_digital_route.spef line 176677, pin bus_rdata_r[21] not found.
[WARNING STA-1656] /home/ubuntu/GitHub/sky130-trng/.loom/worktrees/issue-236/sim/digital-electrical-repair/requests/.klt/place-and-route/trng_digital_route.spef line 176678, pin bus_rdata_r[23] not found.
[WARNING STA-1656] /home/ubuntu/GitHub/sky130-trng/.loom/worktrees/issue-236/sim/digital-electrical-repair/requests/.klt/place-and-route/trng_digital_route.spef line 176679, pin bus_rdata_r[5] not found.
[WARNING STA-1656] /home/ubuntu/GitHub/sky130-trng/.loom/worktrees/issue-236/sim/digital-electrical-repair/requests/.klt/place-and-route/trng_digital_route.spef line 176768, pin bus_rdata_r[11] not found.
[WARNING STA-1656] /home/ubuntu/GitHub/sky130-trng/.loom/worktrees/issue-236/sim/digital-electrical-repair/requests/.klt/place-and-route/trng_digital_route.spef line 176769, pin bus_rdata_r[16] not found.
[WARNING STA-1656] /home/ubuntu/GitHub/sky130-trng/.loom/worktrees/issue-236/sim/digital-electrical-repair/requests/.klt/place-and-route/trng_digital_route.spef line 176770, pin bus_rdata_r[17] not found.
[WARNING STA-1656] /home/ubuntu/GitHub/sky130-trng/.loom/worktrees/issue-236/sim/digital-electrical-repair/requests/.klt/place-and-route/trng_digital_route.spef line 176771, pin bus_rdata_r[20] not found.
[WARNING STA-1656] /home/ubuntu/GitHub/sky130-trng/.loom/worktrees/issue-236/sim/digital-electrical-repair/requests/.klt/place-and-route/trng_digital_route.spef line 176772, pin bus_rdata_r[3] not found.
[WARNING STA-1656] /home/ubuntu/GitHub/sky130-trng/.loom/worktrees/issue-236/sim/digital-electrical-repair/requests/.klt/place-and-route/trng_digital_route.spef line 176803, pin startup_done89 not found.
[WARNING STA-1656] /home/ubuntu/GitHub/sky130-trng/.loom/worktrees/issue-236/sim/digital-electrical-repair/requests/.klt/place-and-route/trng_digital_route.spef line 176863, pin bus_rdata_r[10] not found.
[WARNING STA-1656] /home/ubuntu/GitHub/sky130-trng/.loom/worktrees/issue-236/sim/digital-electrical-repair/requests/.klt/place-and-route/trng_digital_route.spef line 176908, pin bus_rdata_r[17] not found.
[WARNING STA-1656] /home/ubuntu/GitHub/sky130-trng/.loom/worktrees/issue-236/sim/digital-electrical-repair/requests/.klt/place-and-route/trng_digital_route.spef line 176909, pin bus_rdata_r[2] not found.
[WARNING STA-1656] /home/ubuntu/GitHub/sky130-trng/.loom/worktrees/issue-236/sim/digital-electrical-repair/requests/.klt/place-and-route/trng_digital_route.spef line 176910, pin bus_rdata_r[30] not found.
[WARNING STA-1656] /home/ubuntu/GitHub/sky130-trng/.loom/worktrees/issue-236/sim/digital-electrical-repair/requests/.klt/place-and-route/trng_digital_route.spef line 176911, pin bus_rdata_r[6] not found.
[WARNING STA-1656] /home/ubuntu/GitHub/sky130-trng/.loom/worktrees/issue-236/sim/digital-electrical-repair/requests/.klt/place-and-route/trng_digital_route.spef line 176959, pin bus_rdata_r[11] not found.
[WARNING STA-1656] /home/ubuntu/GitHub/sky130-trng/.loom/worktrees/issue-236/sim/digital-electrical-repair/requests/.klt/place-and-route/trng_digital_route.spef line 176960, pin bus_rdata_r[16] not found.
[WARNING STA-1656] /home/ubuntu/GitHub/sky130-trng/.loom/worktrees/issue-236/sim/digital-electrical-repair/requests/.klt/place-and-route/trng_digital_route.spef line 176961, pin bus_rdata_r[17] not found.
[WARNING STA-1656] /home/ubuntu/GitHub/sky130-trng/.loom/worktrees/issue-236/sim/digital-electrical-repair/requests/.klt/place-and-route/trng_digital_route.spef line 176962, pin bus_rdata_r[20] not found.
[WARNING STA-1656] /home/ubuntu/GitHub/sky130-trng/.loom/worktrees/issue-236/sim/digital-electrical-repair/requests/.klt/place-and-route/trng_digital_route.spef line 176963, pin bus_rdata_r[26] not found.
[WARNING STA-1656] /home/ubuntu/GitHub/sky130-trng/.loom/worktrees/issue-236/sim/digital-electrical-repair/requests/.klt/place-and-route/trng_digital_route.spef line 177052, pin bus_rdata_r[5] not found.
[WARNING STA-1656] /home/ubuntu/GitHub/sky130-trng/.loom/worktrees/issue-236/sim/digital-electrical-repair/requests/.klt/place-and-route/trng_digital_route.spef line 177171, pin bus_rdata_r[17] not found.
[WARNING STA-1656] /home/ubuntu/GitHub/sky130-trng/.loom/worktrees/issue-236/sim/digital-electrical-repair/requests/.klt/place-and-route/trng_digital_route.spef line 177172, pin bus_rdata_r[2] not found.
[WARNING STA-1656] /home/ubuntu/GitHub/sky130-trng/.loom/worktrees/issue-236/sim/digital-electrical-repair/requests/.klt/place-and-route/trng_digital_route.spef line 177173, pin bus_rdata_r[30] not found.
[WARNING STA-1656] /home/ubuntu/GitHub/sky130-trng/.loom/worktrees/issue-236/sim/digital-electrical-repair/requests/.klt/place-and-route/trng_digital_route.spef line 177174, pin bus_rdata_r[6] not found.
[WARNING STA-1656] /home/ubuntu/GitHub/sky130-trng/.loom/worktrees/issue-236/sim/digital-electrical-repair/requests/.klt/place-and-route/trng_digital_route.spef line 177212, pin startup_done89 not found.
[WARNING STA-1656] /home/ubuntu/GitHub/sky130-trng/.loom/worktrees/issue-236/sim/digital-electrical-repair/requests/.klt/place-and-route/trng_digital_route.spef line 177233, pin bus_rdata_r[17] not found.
[WARNING STA-1656] /home/ubuntu/GitHub/sky130-trng/.loom/worktrees/issue-236/sim/digital-electrical-repair/requests/.klt/place-and-route/trng_digital_route.spef line 177234, pin bus_rdata_r[30] not found.
[WARNING STA-1656] /home/ubuntu/GitHub/sky130-trng/.loom/worktrees/issue-236/sim/digital-electrical-repair/requests/.klt/place-and-route/trng_digital_route.spef line 177465, pin startup_done89 not found.
[WARNING STA-1656] /home/ubuntu/GitHub/sky130-trng/.loom/worktrees/issue-236/sim/digital-electrical-repair/requests/.klt/place-and-route/trng_digital_route.spef line 177484, pin startup_done89 not found.
[WARNING STA-1656] /home/ubuntu/GitHub/sky130-trng/.loom/worktrees/issue-236/sim/digital-electrical-repair/requests/.klt/place-and-route/trng_digital_route.spef line 177508, pin startup_done89 not found.
[WARNING STA-1656] /home/ubuntu/GitHub/sky130-trng/.loom/worktrees/issue-236/sim/digital-electrical-repair/requests/.klt/place-and-route/trng_digital_route.spef line 177687, pin bus_rdata_r[17] not found.
[WARNING STA-1656] /home/ubuntu/GitHub/sky130-trng/.loom/worktrees/issue-236/sim/digital-electrical-repair/requests/.klt/place-and-route/trng_digital_route.spef line 177688, pin bus_rdata_r[2] not found.
[WARNING STA-1656] /home/ubuntu/GitHub/sky130-trng/.loom/worktrees/issue-236/sim/digital-electrical-repair/requests/.klt/place-and-route/trng_digital_route.spef line 177689, pin bus_rdata_r[30] not found.
[WARNING STA-1656] /home/ubuntu/GitHub/sky130-trng/.loom/worktrees/issue-236/sim/digital-electrical-repair/requests/.klt/place-and-route/trng_digital_route.spef line 177690, pin bus_rdata_r[6] not found.
[WARNING STA-1656] /home/ubuntu/GitHub/sky130-trng/.loom/worktrees/issue-236/sim/digital-electrical-repair/requests/.klt/place-and-route/trng_digital_route.spef line 177721, pin startup_done89 not found.
[WARNING STA-1656] /home/ubuntu/GitHub/sky130-trng/.loom/worktrees/issue-236/sim/digital-electrical-repair/requests/.klt/place-and-route/trng_digital_route.spef line 177838, pin bus_rdata_r[10] not found.
[WARNING STA-1656] /home/ubuntu/GitHub/sky130-trng/.loom/worktrees/issue-236/sim/digital-electrical-repair/requests/.klt/place-and-route/trng_digital_route.spef line 177839, pin bus_rdata_r[12] not found.
[WARNING STA-1656] /home/ubuntu/GitHub/sky130-trng/.loom/worktrees/issue-236/sim/digital-electrical-repair/requests/.klt/place-and-route/trng_digital_route.spef line 177840, pin bus_rdata_r[13] not found.
[WARNING STA-1656] /home/ubuntu/GitHub/sky130-trng/.loom/worktrees/issue-236/sim/digital-electrical-repair/requests/.klt/place-and-route/trng_digital_route.spef line 177841, pin bus_rdata_r[14] not found.
[WARNING STA-1656] /home/ubuntu/GitHub/sky130-trng/.loom/worktrees/issue-236/sim/digital-electrical-repair/requests/.klt/place-and-route/trng_digital_route.spef line 177842, pin bus_rdata_r[15] not found.
[WARNING STA-1656] /home/ubuntu/GitHub/sky130-trng/.loom/worktrees/issue-236/sim/digital-electrical-repair/requests/.klt/place-and-route/trng_digital_route.spef line 177843, pin bus_rdata_r[16] not found.
[WARNING STA-1656] /home/ubuntu/GitHub/sky130-trng/.loom/worktrees/issue-236/sim/digital-electrical-repair/requests/.klt/place-and-route/trng_digital_route.spef line 177844, pin bus_rdata_r[18] not found.
[WARNING STA-1656] /home/ubuntu/GitHub/sky130-trng/.loom/worktrees/issue-236/sim/digital-electrical-repair/requests/.klt/place-and-route/trng_digital_route.spef line 177845, pin bus_rdata_r[1] not found.
[WARNING STA-1656] /home/ubuntu/GitHub/sky130-trng/.loom/worktrees/issue-236/sim/digital-electrical-repair/requests/.klt/place-and-route/trng_digital_route.spef line 177846, pin bus_rdata_r[20] not found.
[WARNING STA-1656] /home/ubuntu/GitHub/sky130-trng/.loom/worktrees/issue-236/sim/digital-electrical-repair/requests/.klt/place-and-route/trng_digital_route.spef line 177847, pin bus_rdata_r[21] not found.
[WARNING STA-1656] /home/ubuntu/GitHub/sky130-trng/.loom/worktrees/issue-236/sim/digital-electrical-repair/requests/.klt/place-and-route/trng_digital_route.spef line 177848, pin bus_rdata_r[22] not found.
[WARNING STA-1656] /home/ubuntu/GitHub/sky130-trng/.loom/worktrees/issue-236/sim/digital-electrical-repair/requests/.klt/place-and-route/trng_digital_route.spef line 177849, pin bus_rdata_r[23] not found.
[WARNING STA-1656] /home/ubuntu/GitHub/sky130-trng/.loom/worktrees/issue-236/sim/digital-electrical-repair/requests/.klt/place-and-route/trng_digital_route.spef line 177850, pin bus_rdata_r[25] not found.
[WARNING STA-1656] /home/ubuntu/GitHub/sky130-trng/.loom/worktrees/issue-236/sim/digital-electrical-repair/requests/.klt/place-and-route/trng_digital_route.spef line 177851, pin bus_rdata_r[26] not found.
[WARNING STA-1656] /home/ubuntu/GitHub/sky130-trng/.loom/worktrees/issue-236/sim/digital-electrical-repair/requests/.klt/place-and-route/trng_digital_route.spef line 177852, pin bus_rdata_r[28] not found.
[WARNING STA-1656] /home/ubuntu/GitHub/sky130-trng/.loom/worktrees/issue-236/sim/digital-electrical-repair/requests/.klt/place-and-route/trng_digital_route.spef line 177853, pin bus_rdata_r[31] not found.
[WARNING STA-1656] /home/ubuntu/GitHub/sky130-trng/.loom/worktrees/issue-236/sim/digital-electrical-repair/requests/.klt/place-and-route/trng_digital_route.spef line 177854, pin bus_rdata_r[3] not found.
[WARNING STA-1656] /home/ubuntu/GitHub/sky130-trng/.loom/worktrees/issue-236/sim/digital-electrical-repair/requests/.klt/place-and-route/trng_digital_route.spef line 177855, pin bus_rdata_r[4] not found.
[WARNING STA-1656] /home/ubuntu/GitHub/sky130-trng/.loom/worktrees/issue-236/sim/digital-electrical-repair/requests/.klt/place-and-route/trng_digital_route.spef line 177856, pin bus_rdata_r[6] not found.
[WARNING STA-1656] /home/ubuntu/GitHub/sky130-trng/.loom/worktrees/issue-236/sim/digital-electrical-repair/requests/.klt/place-and-route/trng_digital_route.spef line 177857, pin bus_rdata_r[7] not found.
[WARNING STA-1656] /home/ubuntu/GitHub/sky130-trng/.loom/worktrees/issue-236/sim/digital-electrical-repair/requests/.klt/place-and-route/trng_digital_route.spef line 177858, pin bus_rdata_r[8] not found.
[WARNING STA-1656] /home/ubuntu/GitHub/sky130-trng/.loom/worktrees/issue-236/sim/digital-electrical-repair/requests/.klt/place-and-route/trng_digital_route.spef line 177859, pin bus_rdata_r[9] not found.
[WARNING STA-1656] /home/ubuntu/GitHub/sky130-trng/.loom/worktrees/issue-236/sim/digital-electrical-repair/requests/.klt/place-and-route/trng_digital_route.spef line 177926, pin bus_rdata_r[17] not found.
[WARNING STA-1656] /home/ubuntu/GitHub/sky130-trng/.loom/worktrees/issue-236/sim/digital-electrical-repair/requests/.klt/place-and-route/trng_digital_route.spef line 177927, pin bus_rdata_r[2] not found.
[WARNING STA-1656] /home/ubuntu/GitHub/sky130-trng/.loom/worktrees/issue-236/sim/digital-electrical-repair/requests/.klt/place-and-route/trng_digital_route.spef line 177928, pin bus_rdata_r[30] not found.
[WARNING STA-1656] /home/ubuntu/GitHub/sky130-trng/.loom/worktrees/issue-236/sim/digital-electrical-repair/requests/.klt/place-and-route/trng_digital_route.spef line 177929, pin bus_rdata_r[6] not found.
[WARNING STA-1656] /home/ubuntu/GitHub/sky130-trng/.loom/worktrees/issue-236/sim/digital-electrical-repair/requests/.klt/place-and-route/trng_digital_route.spef line 177937, pin startup_done89 not found.
[WARNING STA-1656] /home/ubuntu/GitHub/sky130-trng/.loom/worktrees/issue-236/sim/digital-electrical-repair/requests/.klt/place-and-route/trng_digital_route.spef line 177978, pin bus_rdata_r[2] not found.
[WARNING STA-1656] /home/ubuntu/GitHub/sky130-trng/.loom/worktrees/issue-236/sim/digital-electrical-repair/requests/.klt/place-and-route/trng_digital_route.spef line 178023, pin bus_rdata_r[27] not found.
[WARNING STA-1656] /home/ubuntu/GitHub/sky130-trng/.loom/worktrees/issue-236/sim/digital-electrical-repair/requests/.klt/place-and-route/trng_digital_route.spef line 178024, pin bus_rdata_r[5] not found.
[WARNING STA-1656] /home/ubuntu/GitHub/sky130-trng/.loom/worktrees/issue-236/sim/digital-electrical-repair/requests/.klt/place-and-route/trng_digital_route.spef line 178174, pin bus_rdata_r[27] not found.
[WARNING STA-1656] /home/ubuntu/GitHub/sky130-trng/.loom/worktrees/issue-236/sim/digital-electrical-repair/requests/.klt/place-and-route/trng_digital_route.spef line 178175, pin bus_rdata_r[31] not found.
[WARNING STA-1656] /home/ubuntu/GitHub/sky130-trng/.loom/worktrees/issue-236/sim/digital-electrical-repair/requests/.klt/place-and-route/trng_digital_route.spef line 178234, pin bus_rdata_r[26] not found.
[WARNING STA-1656] /home/ubuntu/GitHub/sky130-trng/.loom/worktrees/issue-236/sim/digital-electrical-repair/requests/.klt/place-and-route/trng_digital_route.spef line 178235, pin bus_rdata_r[3] not found.
[WARNING STA-1656] /home/ubuntu/GitHub/sky130-trng/.loom/worktrees/issue-236/sim/digital-electrical-repair/requests/.klt/place-and-route/trng_digital_route.spef line 178236, pin bus_rdata_r[4] not found.
[WARNING STA-1656] /home/ubuntu/GitHub/sky130-trng/.loom/worktrees/issue-236/sim/digital-electrical-repair/requests/.klt/place-and-route/trng_digital_route.spef line 178237, pin bus_rdata_r[7] not found.
[WARNING STA-1656] /home/ubuntu/GitHub/sky130-trng/.loom/worktrees/issue-236/sim/digital-electrical-repair/requests/.klt/place-and-route/trng_digital_route.spef line 178238, pin bus_rdata_r[8] not found.
[WARNING STA-1656] /home/ubuntu/GitHub/sky130-trng/.loom/worktrees/issue-236/sim/digital-electrical-repair/requests/.klt/place-and-route/trng_digital_route.spef line 178274, pin startup_done89 not found.
[WARNING STA-1656] /home/ubuntu/GitHub/sky130-trng/.loom/worktrees/issue-236/sim/digital-electrical-repair/requests/.klt/place-and-route/trng_digital_route.spef line 178359, pin bus_rdata_r[3] not found.
[WARNING STA-1656] /home/ubuntu/GitHub/sky130-trng/.loom/worktrees/issue-236/sim/digital-electrical-repair/requests/.klt/place-and-route/trng_digital_route.spef line 178360, pin bus_rdata_r[4] not found.
[WARNING STA-1656] /home/ubuntu/GitHub/sky130-trng/.loom/worktrees/issue-236/sim/digital-electrical-repair/requests/.klt/place-and-route/trng_digital_route.spef line 178361, pin bus_rdata_r[7] not found.
[WARNING STA-1656] /home/ubuntu/GitHub/sky130-trng/.loom/worktrees/issue-236/sim/digital-electrical-repair/requests/.klt/place-and-route/trng_digital_route.spef line 178362, pin bus_rdata_r[8] not found.
[WARNING STA-1656] /home/ubuntu/GitHub/sky130-trng/.loom/worktrees/issue-236/sim/digital-electrical-repair/requests/.klt/place-and-route/trng_digital_route.spef line 178401, pin startup_done89 not found.
[WARNING STA-1656] /home/ubuntu/GitHub/sky130-trng/.loom/worktrees/issue-236/sim/digital-electrical-repair/requests/.klt/place-and-route/trng_digital_route.spef line 178460, pin bus_rdata_r[3] not found.
[WARNING STA-1656] /home/ubuntu/GitHub/sky130-trng/.loom/worktrees/issue-236/sim/digital-electrical-repair/requests/.klt/place-and-route/trng_digital_route.spef line 178534, pin bus_rdata_r[16] not found.
[WARNING STA-1656] /home/ubuntu/GitHub/sky130-trng/.loom/worktrees/issue-236/sim/digital-electrical-repair/requests/.klt/place-and-route/trng_digital_route.spef line 178535, pin bus_rdata_r[26] not found.
[WARNING STA-1656] /home/ubuntu/GitHub/sky130-trng/.loom/worktrees/issue-236/sim/digital-electrical-repair/requests/.klt/place-and-route/trng_digital_route.spef line 178536, pin bus_rdata_r[3] not found.
[WARNING STA-1656] /home/ubuntu/GitHub/sky130-trng/.loom/worktrees/issue-236/sim/digital-electrical-repair/requests/.klt/place-and-route/trng_digital_route.spef line 178537, pin bus_rdata_r[4] not found.
[WARNING STA-1656] /home/ubuntu/GitHub/sky130-trng/.loom/worktrees/issue-236/sim/digital-electrical-repair/requests/.klt/place-and-route/trng_digital_route.spef line 178538, pin bus_rdata_r[7] not found.
[WARNING STA-1656] /home/ubuntu/GitHub/sky130-trng/.loom/worktrees/issue-236/sim/digital-electrical-repair/requests/.klt/place-and-route/trng_digital_route.spef line 178539, pin bus_rdata_r[8] not found.
[WARNING STA-1656] /home/ubuntu/GitHub/sky130-trng/.loom/worktrees/issue-236/sim/digital-electrical-repair/requests/.klt/place-and-route/trng_digital_route.spef line 178581, pin startup_done89 not found.
[WARNING STA-1656] /home/ubuntu/GitHub/sky130-trng/.loom/worktrees/issue-236/sim/digital-electrical-repair/requests/.klt/place-and-route/trng_digital_route.spef line 178632, pin bus_rdata_r[17] not found.
[WARNING STA-1656] /home/ubuntu/GitHub/sky130-trng/.loom/worktrees/issue-236/sim/digital-electrical-repair/requests/.klt/place-and-route/trng_digital_route.spef line 178633, pin bus_rdata_r[30] not found.
[WARNING STA-1656] /home/ubuntu/GitHub/sky130-trng/.loom/worktrees/issue-236/sim/digital-electrical-repair/requests/.klt/place-and-route/trng_digital_route.spef line 178652, pin bus_rdata_r[28] not found.
[WARNING STA-1656] /home/ubuntu/GitHub/sky130-trng/.loom/worktrees/issue-236/sim/digital-electrical-repair/requests/.klt/place-and-route/trng_digital_route.spef line 178653, pin bus_rdata_r[29] not found.
[WARNING STA-1656] /home/ubuntu/GitHub/sky130-trng/.loom/worktrees/issue-236/sim/digital-electrical-repair/requests/.klt/place-and-route/trng_digital_route.spef line 178674, pin bus_rdata_r[10] not found.
[WARNING STA-1656] /home/ubuntu/GitHub/sky130-trng/.loom/worktrees/issue-236/sim/digital-electrical-repair/requests/.klt/place-and-route/trng_digital_route.spef line 178675, pin bus_rdata_r[22] not found.
[WARNING STA-1656] /home/ubuntu/GitHub/sky130-trng/.loom/worktrees/issue-236/sim/digital-electrical-repair/requests/.klt/place-and-route/trng_digital_route.spef line 178676, pin bus_rdata_r[26] not found.
[WARNING STA-1656] /home/ubuntu/GitHub/sky130-trng/.loom/worktrees/issue-236/sim/digital-electrical-repair/requests/.klt/place-and-route/trng_digital_route.spef line 178677, pin bus_rdata_r[28] not found.
[WARNING STA-1656] /home/ubuntu/GitHub/sky130-trng/.loom/worktrees/issue-236/sim/digital-electrical-repair/requests/.klt/place-and-route/trng_digital_route.spef line 178702, pin bus_rdata_r[27] not found.
[WARNING STA-1656] /home/ubuntu/GitHub/sky130-trng/.loom/worktrees/issue-236/sim/digital-electrical-repair/requests/.klt/place-and-route/trng_digital_route.spef line 178725, pin bus_rdata_r[26] not found.
[WARNING STA-1656] /home/ubuntu/GitHub/sky130-trng/.loom/worktrees/issue-236/sim/digital-electrical-repair/requests/.klt/place-and-route/trng_digital_route.spef line 178726, pin bus_rdata_r[3] not found.
[WARNING STA-1656] /home/ubuntu/GitHub/sky130-trng/.loom/worktrees/issue-236/sim/digital-electrical-repair/requests/.klt/place-and-route/trng_digital_route.spef line 178727, pin bus_rdata_r[7] not found.
[WARNING STA-1656] /home/ubuntu/GitHub/sky130-trng/.loom/worktrees/issue-236/sim/digital-electrical-repair/requests/.klt/place-and-route/trng_digital_route.spef line 178728, pin bus_rdata_r[8] not found.
[WARNING STA-1656] /home/ubuntu/GitHub/sky130-trng/.loom/worktrees/issue-236/sim/digital-electrical-repair/requests/.klt/place-and-route/trng_digital_route.spef line 178755, pin bus_rdata_r[25] not found.
[WARNING STA-1656] /home/ubuntu/GitHub/sky130-trng/.loom/worktrees/issue-236/sim/digital-electrical-repair/requests/.klt/place-and-route/trng_digital_route.spef line 178773, pin bus_rdata_r[24] not found.
[WARNING STA-1656] /home/ubuntu/GitHub/sky130-trng/.loom/worktrees/issue-236/sim/digital-electrical-repair/requests/.klt/place-and-route/trng_digital_route.spef line 178774, pin bus_rdata_r[28] not found.
[WARNING STA-1656] /home/ubuntu/GitHub/sky130-trng/.loom/worktrees/issue-236/sim/digital-electrical-repair/requests/.klt/place-and-route/trng_digital_route.spef line 178795, pin bus_rdata_r[21] not found.
[WARNING STA-1656] /home/ubuntu/GitHub/sky130-trng/.loom/worktrees/issue-236/sim/digital-electrical-repair/requests/.klt/place-and-route/trng_digital_route.spef line 178796, pin bus_rdata_r[23] not found.
[WARNING STA-1656] /home/ubuntu/GitHub/sky130-trng/.loom/worktrees/issue-236/sim/digital-electrical-repair/requests/.klt/place-and-route/trng_digital_route.spef line 178827, pin bus_rdata_r[10] not found.
[WARNING STA-1656] /home/ubuntu/GitHub/sky130-trng/.loom/worktrees/issue-236/sim/digital-electrical-repair/requests/.klt/place-and-route/trng_digital_route.spef line 178828, pin bus_rdata_r[22] not found.
[WARNING STA-1656] /home/ubuntu/GitHub/sky130-trng/.loom/worktrees/issue-236/sim/digital-electrical-repair/requests/.klt/place-and-route/trng_digital_route.spef line 178829, pin bus_rdata_r[26] not found.
[WARNING STA-1656] /home/ubuntu/GitHub/sky130-trng/.loom/worktrees/issue-236/sim/digital-electrical-repair/requests/.klt/place-and-route/trng_digital_route.spef line 178830, pin bus_rdata_r[28] not found.
[WARNING STA-1656] /home/ubuntu/GitHub/sky130-trng/.loom/worktrees/issue-236/sim/digital-electrical-repair/requests/.klt/place-and-route/trng_digital_route.spef line 178831, pin bus_rdata_r[4] not found.
[WARNING STA-1656] /home/ubuntu/GitHub/sky130-trng/.loom/worktrees/issue-236/sim/digital-electrical-repair/requests/.klt/place-and-route/trng_digital_route.spef line 178832, pin bus_rdata_r[7] not found.
[WARNING STA-1656] /home/ubuntu/GitHub/sky130-trng/.loom/worktrees/issue-236/sim/digital-electrical-repair/requests/.klt/place-and-route/trng_digital_route.spef line 178833, pin bus_rdata_r[8] not found.
[WARNING STA-1656] /home/ubuntu/GitHub/sky130-trng/.loom/worktrees/issue-236/sim/digital-electrical-repair/requests/.klt/place-and-route/trng_digital_route.spef line 178864, pin startup_done89 not found.
[WARNING STA-1656] /home/ubuntu/GitHub/sky130-trng/.loom/worktrees/issue-236/sim/digital-electrical-repair/requests/.klt/place-and-route/trng_digital_route.spef line 178882, pin bus_rdata_r[21] not found.
[WARNING STA-1656] /home/ubuntu/GitHub/sky130-trng/.loom/worktrees/issue-236/sim/digital-electrical-repair/requests/.klt/place-and-route/trng_digital_route.spef line 178917, pin bus_rdata_r[16] not found.
[WARNING STA-1656] /home/ubuntu/GitHub/sky130-trng/.loom/worktrees/issue-236/sim/digital-electrical-repair/requests/.klt/place-and-route/trng_digital_route.spef line 178918, pin bus_rdata_r[17] not found.
[WARNING STA-1656] /home/ubuntu/GitHub/sky130-trng/.loom/worktrees/issue-236/sim/digital-electrical-repair/requests/.klt/place-and-route/trng_digital_route.spef line 178919, pin bus_rdata_r[20] not found.
[WARNING STA-1656] /home/ubuntu/GitHub/sky130-trng/.loom/worktrees/issue-236/sim/digital-electrical-repair/requests/.klt/place-and-route/trng_digital_route.spef line 178920, pin bus_rdata_r[3] not found.
[WARNING STA-1656] /home/ubuntu/GitHub/sky130-trng/.loom/worktrees/issue-236/sim/digital-electrical-repair/requests/.klt/place-and-route/trng_digital_route.spef line 178966, pin bus_rdata_r[19] not found.
[WARNING STA-1656] /home/ubuntu/GitHub/sky130-trng/.loom/worktrees/issue-236/sim/digital-electrical-repair/requests/.klt/place-and-route/trng_digital_route.spef line 178983, pin bus_rdata_r[18] not found.
[WARNING STA-1656] /home/ubuntu/GitHub/sky130-trng/.loom/worktrees/issue-236/sim/digital-electrical-repair/requests/.klt/place-and-route/trng_digital_route.spef line 178984, pin bus_rdata_r[1] not found.
[WARNING STA-1656] /home/ubuntu/GitHub/sky130-trng/.loom/worktrees/issue-236/sim/digital-electrical-repair/requests/.klt/place-and-route/trng_digital_route.spef line 179021, pin bus_rdata_r[3] not found.
[WARNING STA-1656] /home/ubuntu/GitHub/sky130-trng/.loom/worktrees/issue-236/sim/digital-electrical-repair/requests/.klt/place-and-route/trng_digital_route.spef line 179083, pin bus_rdata_r[3] not found.
[WARNING STA-1656] /home/ubuntu/GitHub/sky130-trng/.loom/worktrees/issue-236/sim/digital-electrical-repair/requests/.klt/place-and-route/trng_digital_route.spef line 179084, pin bus_rdata_r[4] not found.
[WARNING STA-1656] /home/ubuntu/GitHub/sky130-trng/.loom/worktrees/issue-236/sim/digital-electrical-repair/requests/.klt/place-and-route/trng_digital_route.spef line 179118, pin startup_done89 not found.
[WARNING STA-1656] /home/ubuntu/GitHub/sky130-trng/.loom/worktrees/issue-236/sim/digital-electrical-repair/requests/.klt/place-and-route/trng_digital_route.spef line 179196, pin bus_rdata_r[7] not found.
[WARNING STA-1656] /home/ubuntu/GitHub/sky130-trng/.loom/worktrees/issue-236/sim/digital-electrical-repair/requests/.klt/place-and-route/trng_digital_route.spef line 179197, pin bus_rdata_r[8] not found.
[WARNING STA-1656] /home/ubuntu/GitHub/sky130-trng/.loom/worktrees/issue-236/sim/digital-electrical-repair/requests/.klt/place-and-route/trng_digital_route.spef line 179288, pin bus_rdata_r[3] not found.
[WARNING STA-1656] /home/ubuntu/GitHub/sky130-trng/.loom/worktrees/issue-236/sim/digital-electrical-repair/requests/.klt/place-and-route/trng_digital_route.spef line 179326, pin bus_rdata_r[15] not found.
[WARNING STA-1656] /home/ubuntu/GitHub/sky130-trng/.loom/worktrees/issue-236/sim/digital-electrical-repair/requests/.klt/place-and-route/trng_digital_route.spef line 179327, pin bus_rdata_r[3] not found.
[WARNING STA-1656] /home/ubuntu/GitHub/sky130-trng/.loom/worktrees/issue-236/sim/digital-electrical-repair/requests/.klt/place-and-route/trng_digital_route.spef line 179348, pin startup_done89 not found.
[WARNING STA-1656] /home/ubuntu/GitHub/sky130-trng/.loom/worktrees/issue-236/sim/digital-electrical-repair/requests/.klt/place-and-route/trng_digital_route.spef line 179388, pin bus_rdata_r[16] not found.
[WARNING STA-1656] /home/ubuntu/GitHub/sky130-trng/.loom/worktrees/issue-236/sim/digital-electrical-repair/requests/.klt/place-and-route/trng_digital_route.spef line 179389, pin bus_rdata_r[17] not found.
[WARNING STA-1656] /home/ubuntu/GitHub/sky130-trng/.loom/worktrees/issue-236/sim/digital-electrical-repair/requests/.klt/place-and-route/trng_digital_route.spef line 179390, pin bus_rdata_r[3] not found.
[WARNING STA-1656] /home/ubuntu/GitHub/sky130-trng/.loom/worktrees/issue-236/sim/digital-electrical-repair/requests/.klt/place-and-route/trng_digital_route.spef line 179443, pin bus_rdata_r[14] not found.
[WARNING STA-1656] /home/ubuntu/GitHub/sky130-trng/.loom/worktrees/issue-236/sim/digital-electrical-repair/requests/.klt/place-and-route/trng_digital_route.spef line 179472, pin bus_rdata_r[14] not found.
[WARNING STA-1656] /home/ubuntu/GitHub/sky130-trng/.loom/worktrees/issue-236/sim/digital-electrical-repair/requests/.klt/place-and-route/trng_digital_route.spef line 179495, pin bus_rdata_r[12] not found.
[WARNING STA-1656] /home/ubuntu/GitHub/sky130-trng/.loom/worktrees/issue-236/sim/digital-electrical-repair/requests/.klt/place-and-route/trng_digital_route.spef line 179496, pin bus_rdata_r[13] not found.
[WARNING STA-1656] /home/ubuntu/GitHub/sky130-trng/.loom/worktrees/issue-236/sim/digital-electrical-repair/requests/.klt/place-and-route/trng_digital_route.spef line 179516, pin bus_rdata_r[9] not found.
[WARNING STA-1656] /home/ubuntu/GitHub/sky130-trng/.loom/worktrees/issue-236/sim/digital-electrical-repair/requests/.klt/place-and-route/trng_digital_route.spef line 179556, pin bus_rdata_r[12] not found.
[WARNING STA-1656] /home/ubuntu/GitHub/sky130-trng/.loom/worktrees/issue-236/sim/digital-electrical-repair/requests/.klt/place-and-route/trng_digital_route.spef line 179557, pin bus_rdata_r[13] not found.
[WARNING STA-1656] /home/ubuntu/GitHub/sky130-trng/.loom/worktrees/issue-236/sim/digital-electrical-repair/requests/.klt/place-and-route/trng_digital_route.spef line 179558, pin bus_rdata_r[14] not found.
[WARNING STA-1656] /home/ubuntu/GitHub/sky130-trng/.loom/worktrees/issue-236/sim/digital-electrical-repair/requests/.klt/place-and-route/trng_digital_route.spef line 179559, pin bus_rdata_r[9] not found.
[WARNING STA-1656] /home/ubuntu/GitHub/sky130-trng/.loom/worktrees/issue-236/sim/digital-electrical-repair/requests/.klt/place-and-route/trng_digital_route.spef line 179592, pin bus_rdata_r[10] not found.
[WARNING STA-1656] /home/ubuntu/GitHub/sky130-trng/.loom/worktrees/issue-236/sim/digital-electrical-repair/requests/.klt/place-and-route/trng_digital_route.spef line 179593, pin bus_rdata_r[17] not found.
[WARNING STA-1656] /home/ubuntu/GitHub/sky130-trng/.loom/worktrees/issue-236/sim/digital-electrical-repair/requests/.klt/place-and-route/trng_digital_route.spef line 179594, pin bus_rdata_r[26] not found.
[WARNING STA-1656] /home/ubuntu/GitHub/sky130-trng/.loom/worktrees/issue-236/sim/digital-electrical-repair/requests/.klt/place-and-route/trng_digital_route.spef line 179637, pin startup_done89 not found.
[WARNING STA-1656] /home/ubuntu/GitHub/sky130-trng/.loom/worktrees/issue-236/sim/digital-electrical-repair/requests/.klt/place-and-route/trng_digital_route.spef line 179693, pin bus_rdata_r[3] not found.
[WARNING STA-1656] /home/ubuntu/GitHub/sky130-trng/.loom/worktrees/issue-236/sim/digital-electrical-repair/requests/.klt/place-and-route/trng_digital_route.spef line 179739, pin bus_rdata_r[10] not found.
[WARNING STA-1656] /home/ubuntu/GitHub/sky130-trng/.loom/worktrees/issue-236/sim/digital-electrical-repair/requests/.klt/place-and-route/trng_digital_route.spef line 179740, pin bus_rdata_r[16] not found.
[WARNING STA-1656] /home/ubuntu/GitHub/sky130-trng/.loom/worktrees/issue-236/sim/digital-electrical-repair/requests/.klt/place-and-route/trng_digital_route.spef line 179741, pin bus_rdata_r[17] not found.
[WARNING STA-1656] /home/ubuntu/GitHub/sky130-trng/.loom/worktrees/issue-236/sim/digital-electrical-repair/requests/.klt/place-and-route/trng_digital_route.spef line 179742, pin bus_rdata_r[26] not found.
[WARNING STA-1656] /home/ubuntu/GitHub/sky130-trng/.loom/worktrees/issue-236/sim/digital-electrical-repair/requests/.klt/place-and-route/trng_digital_route.spef line 179779, pin startup_done89 not found.
[WARNING STA-1656] /home/ubuntu/GitHub/sky130-trng/.loom/worktrees/issue-236/sim/digital-electrical-repair/requests/.klt/place-and-route/trng_digital_route.spef line 179800, pin startup_done89 not found.
[WARNING STA-1656] /home/ubuntu/GitHub/sky130-trng/.loom/worktrees/issue-236/sim/digital-electrical-repair/requests/.klt/place-and-route/trng_digital_route.spef line 179832, pin bus_rdata_r[3] not found.
[WARNING STA-1656] /home/ubuntu/GitHub/sky130-trng/.loom/worktrees/issue-236/sim/digital-electrical-repair/requests/.klt/place-and-route/trng_digital_route.spef line 179860, pin startup_done89 not found.
[WARNING STA-1656] /home/ubuntu/GitHub/sky130-trng/.loom/worktrees/issue-236/sim/digital-electrical-repair/requests/.klt/place-and-route/trng_digital_route.spef line 179888, pin bus_rdata_r[15] not found.
[WARNING STA-1656] /home/ubuntu/GitHub/sky130-trng/.loom/worktrees/issue-236/sim/digital-electrical-repair/requests/.klt/place-and-route/trng_digital_route.spef line 179913, pin bus_rdata_r[15] not found.
[WARNING STA-1656] /home/ubuntu/GitHub/sky130-trng/.loom/worktrees/issue-236/sim/digital-electrical-repair/requests/.klt/place-and-route/trng_digital_route.spef line 179914, pin bus_rdata_r[9] not found.
[WARNING STA-1656] /home/ubuntu/GitHub/sky130-trng/.loom/worktrees/issue-236/sim/digital-electrical-repair/requests/.klt/place-and-route/trng_digital_route.spef line 179931, pin bus_rdata_r[13] not found.
[WARNING STA-1656] /home/ubuntu/GitHub/sky130-trng/.loom/worktrees/issue-236/sim/digital-electrical-repair/requests/.klt/place-and-route/trng_digital_route.spef line 179932, pin bus_rdata_r[14] not found.
[WARNING STA-1656] /home/ubuntu/GitHub/sky130-trng/.loom/worktrees/issue-236/sim/digital-electrical-repair/requests/.klt/place-and-route/trng_digital_route.spef line 179933, pin bus_rdata_r[9] not found.
[WARNING STA-1656] /home/ubuntu/GitHub/sky130-trng/.loom/worktrees/issue-236/sim/digital-electrical-repair/requests/.klt/place-and-route/trng_digital_route.spef line 180005, pin bus_rdata_r[3] not found.
[WARNING STA-1656] /home/ubuntu/GitHub/sky130-trng/.loom/worktrees/issue-236/sim/digital-electrical-repair/requests/.klt/place-and-route/trng_digital_route.spef line 180032, pin bus_rdata_r[8] not found.
[WARNING STA-1656] /home/ubuntu/GitHub/sky130-trng/.loom/worktrees/issue-236/sim/digital-electrical-repair/requests/.klt/place-and-route/trng_digital_route.spef line 180054, pin bus_rdata_r[7] not found.
[WARNING STA-1656] /home/ubuntu/GitHub/sky130-trng/.loom/worktrees/issue-236/sim/digital-electrical-repair/requests/.klt/place-and-route/trng_digital_route.spef line 180078, pin bus_rdata_r[3] not found.
[WARNING STA-1656] /home/ubuntu/GitHub/sky130-trng/.loom/worktrees/issue-236/sim/digital-electrical-repair/requests/.klt/place-and-route/trng_digital_route.spef line 180128, pin bus_rdata_r[6] not found.
[WARNING STA-1656] /home/ubuntu/GitHub/sky130-trng/.loom/worktrees/issue-236/sim/digital-electrical-repair/requests/.klt/place-and-route/trng_digital_route.spef line 180174, pin bus_rdata_r[3] not found.
[WARNING STA-1656] /home/ubuntu/GitHub/sky130-trng/.loom/worktrees/issue-236/sim/digital-electrical-repair/requests/.klt/place-and-route/trng_digital_route.spef line 180212, pin bus_rdata_r[12] not found.
[WARNING STA-1656] /home/ubuntu/GitHub/sky130-trng/.loom/worktrees/issue-236/sim/digital-electrical-repair/requests/.klt/place-and-route/trng_digital_route.spef line 180213, pin bus_rdata_r[13] not found.
[WARNING STA-1656] /home/ubuntu/GitHub/sky130-trng/.loom/worktrees/issue-236/sim/digital-electrical-repair/requests/.klt/place-and-route/trng_digital_route.spef line 180214, pin bus_rdata_r[14] not found.
[WARNING STA-1656] /home/ubuntu/GitHub/sky130-trng/.loom/worktrees/issue-236/sim/digital-electrical-repair/requests/.klt/place-and-route/trng_digital_route.spef line 180215, pin bus_rdata_r[15] not found.
[WARNING STA-1656] /home/ubuntu/GitHub/sky130-trng/.loom/worktrees/issue-236/sim/digital-electrical-repair/requests/.klt/place-and-route/trng_digital_route.spef line 180216, pin bus_rdata_r[1] not found.
[WARNING STA-1656] /home/ubuntu/GitHub/sky130-trng/.loom/worktrees/issue-236/sim/digital-electrical-repair/requests/.klt/place-and-route/trng_digital_route.spef line 180217, pin bus_rdata_r[21] not found.
[WARNING STA-1656] /home/ubuntu/GitHub/sky130-trng/.loom/worktrees/issue-236/sim/digital-electrical-repair/requests/.klt/place-and-route/trng_digital_route.spef line 180218, pin bus_rdata_r[23] not found.
[WARNING STA-1656] /home/ubuntu/GitHub/sky130-trng/.loom/worktrees/issue-236/sim/digital-electrical-repair/requests/.klt/place-and-route/trng_digital_route.spef line 180219, pin bus_rdata_r[4] not found.
[WARNING STA-1656] /home/ubuntu/GitHub/sky130-trng/.loom/worktrees/issue-236/sim/digital-electrical-repair/requests/.klt/place-and-route/trng_digital_route.spef line 180220, pin bus_rdata_r[9] not found.
[WARNING STA-1656] /home/ubuntu/GitHub/sky130-trng/.loom/worktrees/issue-236/sim/digital-electrical-repair/requests/.klt/place-and-route/trng_digital_route.spef line 180252, pin bus_rdata_r[5] not found.
[WARNING STA-1656] /home/ubuntu/GitHub/sky130-trng/.loom/worktrees/issue-236/sim/digital-electrical-repair/requests/.klt/place-and-route/trng_digital_route.spef line 180317, pin bus_rdata_r[15] not found.
[WARNING STA-1656] /home/ubuntu/GitHub/sky130-trng/.loom/worktrees/issue-236/sim/digital-electrical-repair/requests/.klt/place-and-route/trng_digital_route.spef line 180318, pin bus_rdata_r[3] not found.
[WARNING STA-1656] /home/ubuntu/GitHub/sky130-trng/.loom/worktrees/issue-236/sim/digital-electrical-repair/requests/.klt/place-and-route/trng_digital_route.spef line 180351, pin bus_rdata_r[4] not found.
[WARNING STA-1656] /home/ubuntu/GitHub/sky130-trng/.loom/worktrees/issue-236/sim/digital-electrical-repair/requests/.klt/place-and-route/trng_digital_route.spef line 180392, pin bus_rdata_r[3] not found.
[WARNING STA-1656] /home/ubuntu/GitHub/sky130-trng/.loom/worktrees/issue-236/sim/digital-electrical-repair/requests/.klt/place-and-route/trng_digital_route.spef line 180411, pin bus_rdata_r[3] not found.
[WARNING STA-1656] /home/ubuntu/GitHub/sky130-trng/.loom/worktrees/issue-236/sim/digital-electrical-repair/requests/.klt/place-and-route/trng_digital_route.spef line 180432, pin bus_rdata_r[3] not found.
[WARNING STA-1656] /home/ubuntu/GitHub/sky130-trng/.loom/worktrees/issue-236/sim/digital-electrical-repair/requests/.klt/place-and-route/trng_digital_route.spef line 180524, pin bus_rdata_r[15] not found.
[WARNING STA-1656] /home/ubuntu/GitHub/sky130-trng/.loom/worktrees/issue-236/sim/digital-electrical-repair/requests/.klt/place-and-route/trng_digital_route.spef line 180532, pin startup_done89 not found.
[WARNING STA-1656] /home/ubuntu/GitHub/sky130-trng/.loom/worktrees/issue-236/sim/digital-electrical-repair/requests/.klt/place-and-route/trng_digital_route.spef line 180604, pin bus_rdata_r[12] not found.
[WARNING STA-1656] /home/ubuntu/GitHub/sky130-trng/.loom/worktrees/issue-236/sim/digital-electrical-repair/requests/.klt/place-and-route/trng_digital_route.spef line 180605, pin bus_rdata_r[13] not found.
[WARNING STA-1656] /home/ubuntu/GitHub/sky130-trng/.loom/worktrees/issue-236/sim/digital-electrical-repair/requests/.klt/place-and-route/trng_digital_route.spef line 180606, pin bus_rdata_r[15] not found.
[WARNING STA-1656] /home/ubuntu/GitHub/sky130-trng/.loom/worktrees/issue-236/sim/digital-electrical-repair/requests/.klt/place-and-route/trng_digital_route.spef line 180616, pin startup_done89 not found.
[WARNING STA-1656] /home/ubuntu/GitHub/sky130-trng/.loom/worktrees/issue-236/sim/digital-electrical-repair/requests/.klt/place-and-route/trng_digital_route.spef line 180679, pin bus_rdata_r[3] not found.
[WARNING STA-1656] /home/ubuntu/GitHub/sky130-trng/.loom/worktrees/issue-236/sim/digital-electrical-repair/requests/.klt/place-and-route/trng_digital_route.spef line 180703, pin bus_rdata_r[3] not found.
[WARNING STA-1656] /home/ubuntu/GitHub/sky130-trng/.loom/worktrees/issue-236/sim/digital-electrical-repair/requests/.klt/place-and-route/trng_digital_route.spef line 180704, pin bus_rdata_r[4] not found.
[WARNING STA-1656] /home/ubuntu/GitHub/sky130-trng/.loom/worktrees/issue-236/sim/digital-electrical-repair/requests/.klt/place-and-route/trng_digital_route.spef line 180705, pin bus_rdata_r[8] not found.
[WARNING STA-1656] /home/ubuntu/GitHub/sky130-trng/.loom/worktrees/issue-236/sim/digital-electrical-repair/requests/.klt/place-and-route/trng_digital_route.spef line 180733, pin bus_rdata_r[0] not found.
[WARNING STA-1656] /home/ubuntu/GitHub/sky130-trng/.loom/worktrees/issue-236/sim/digital-electrical-repair/requests/.klt/place-and-route/trng_digital_route.spef line 180734, pin bus_rdata_r[10] not found.
[WARNING STA-1656] /home/ubuntu/GitHub/sky130-trng/.loom/worktrees/issue-236/sim/digital-electrical-repair/requests/.klt/place-and-route/trng_digital_route.spef line 180735, pin bus_rdata_r[15] not found.
[WARNING STA-1656] /home/ubuntu/GitHub/sky130-trng/.loom/worktrees/issue-236/sim/digital-electrical-repair/requests/.klt/place-and-route/trng_digital_route.spef line 180736, pin bus_rdata_r[7] not found.
[WARNING STA-1656] /home/ubuntu/GitHub/sky130-trng/.loom/worktrees/issue-236/sim/digital-electrical-repair/requests/.klt/place-and-route/trng_digital_route.spef line 181252, pin bus_rdata_r[2] not found.
[WARNING STA-1656] /home/ubuntu/GitHub/sky130-trng/.loom/worktrees/issue-236/sim/digital-electrical-repair/requests/.klt/place-and-route/trng_digital_route.spef line 181459, pin startup_done89 not found.
[WARNING STA-1656] /home/ubuntu/GitHub/sky130-trng/.loom/worktrees/issue-236/sim/digital-electrical-repair/requests/.klt/place-and-route/trng_digital_route.spef line 181528, pin bus_rdata_r[2] not found.
[WARNING STA-1656] /home/ubuntu/GitHub/sky130-trng/.loom/worktrees/issue-236/sim/digital-electrical-repair/requests/.klt/place-and-route/trng_digital_route.spef line 182738, pin bus_rdata_r[17] not found.
[WARNING STA-1656] /home/ubuntu/GitHub/sky130-trng/.loom/worktrees/issue-236/sim/digital-electrical-repair/requests/.klt/place-and-route/trng_digital_route.spef line 182739, pin bus_rdata_r[30] not found.
[WARNING STA-1656] /home/ubuntu/GitHub/sky130-trng/.loom/worktrees/issue-236/sim/digital-electrical-repair/requests/.klt/place-and-route/trng_digital_route.spef line 182740, pin bus_rdata_r[3] not found.
[WARNING STA-1656] /home/ubuntu/GitHub/sky130-trng/.loom/worktrees/issue-236/sim/digital-electrical-repair/requests/.klt/place-and-route/trng_digital_route.spef line 182741, pin bus_rdata_r[6] not found.
[WARNING STA-1656] /home/ubuntu/GitHub/sky130-trng/.loom/worktrees/issue-236/sim/digital-electrical-repair/requests/.klt/place-and-route/trng_digital_route.spef line 182805, pin bus_rdata_r[11] not found.
[WARNING STA-1656] /home/ubuntu/GitHub/sky130-trng/.loom/worktrees/issue-236/sim/digital-electrical-repair/requests/.klt/place-and-route/trng_digital_route.spef line 182806, pin bus_rdata_r[16] not found.
[WARNING STA-1656] /home/ubuntu/GitHub/sky130-trng/.loom/worktrees/issue-236/sim/digital-electrical-repair/requests/.klt/place-and-route/trng_digital_route.spef line 182807, pin bus_rdata_r[17] not found.
[WARNING STA-1656] /home/ubuntu/GitHub/sky130-trng/.loom/worktrees/issue-236/sim/digital-electrical-repair/requests/.klt/place-and-route/trng_digital_route.spef line 182808, pin bus_rdata_r[20] not found.
[WARNING STA-1656] /home/ubuntu/GitHub/sky130-trng/.loom/worktrees/issue-236/sim/digital-electrical-repair/requests/.klt/place-and-route/trng_digital_route.spef line 182809, pin bus_rdata_r[3] not found.
[WARNING STA-1656] /home/ubuntu/GitHub/sky130-trng/.loom/worktrees/issue-236/sim/digital-electrical-repair/requests/.klt/place-and-route/trng_digital_route.spef line 182871, pin bus_rdata_r[0] not found.
[WARNING STA-1656] /home/ubuntu/GitHub/sky130-trng/.loom/worktrees/issue-236/sim/digital-electrical-repair/requests/.klt/place-and-route/trng_digital_route.spef line 182872, pin bus_rdata_r[10] not found.
[WARNING STA-1656] /home/ubuntu/GitHub/sky130-trng/.loom/worktrees/issue-236/sim/digital-electrical-repair/requests/.klt/place-and-route/trng_digital_route.spef line 182873, pin bus_rdata_r[15] not found.
[WARNING STA-1656] /home/ubuntu/GitHub/sky130-trng/.loom/worktrees/issue-236/sim/digital-electrical-repair/requests/.klt/place-and-route/trng_digital_route.spef line 182874, pin bus_rdata_r[28] not found.
[WARNING STA-1656] /home/ubuntu/GitHub/sky130-trng/.loom/worktrees/issue-236/sim/digital-electrical-repair/requests/.klt/place-and-route/trng_digital_route.spef line 182875, pin bus_rdata_r[3] not found.
[WARNING STA-1656] /home/ubuntu/GitHub/sky130-trng/.loom/worktrees/issue-236/sim/digital-electrical-repair/requests/.klt/place-and-route/trng_digital_route.spef line 182876, pin bus_rdata_r[4] not found.
[WARNING STA-1656] /home/ubuntu/GitHub/sky130-trng/.loom/worktrees/issue-236/sim/digital-electrical-repair/requests/.klt/place-and-route/trng_digital_route.spef line 182954, pin bus_rdata_r[10] not found.
[WARNING STA-1656] /home/ubuntu/GitHub/sky130-trng/.loom/worktrees/issue-236/sim/digital-electrical-repair/requests/.klt/place-and-route/trng_digital_route.spef line 182955, pin bus_rdata_r[22] not found.
[WARNING STA-1656] /home/ubuntu/GitHub/sky130-trng/.loom/worktrees/issue-236/sim/digital-electrical-repair/requests/.klt/place-and-route/trng_digital_route.spef line 182956, pin bus_rdata_r[26] not found.
[WARNING STA-1656] /home/ubuntu/GitHub/sky130-trng/.loom/worktrees/issue-236/sim/digital-electrical-repair/requests/.klt/place-and-route/trng_digital_route.spef line 182957, pin bus_rdata_r[28] not found.
[WARNING STA-1656] /home/ubuntu/GitHub/sky130-trng/.loom/worktrees/issue-236/sim/digital-electrical-repair/requests/.klt/place-and-route/trng_digital_route.spef line 182958, pin bus_rdata_r[3] not found.
[WARNING STA-1656] /home/ubuntu/GitHub/sky130-trng/.loom/worktrees/issue-236/sim/digital-electrical-repair/requests/.klt/place-and-route/trng_digital_route.spef line 182959, pin bus_rdata_r[4] not found.
[WARNING STA-1656] /home/ubuntu/GitHub/sky130-trng/.loom/worktrees/issue-236/sim/digital-electrical-repair/requests/.klt/place-and-route/trng_digital_route.spef line 182960, pin bus_rdata_r[7] not found.
[WARNING STA-1656] /home/ubuntu/GitHub/sky130-trng/.loom/worktrees/issue-236/sim/digital-electrical-repair/requests/.klt/place-and-route/trng_digital_route.spef line 183029, pin bus_rdata_r[0] not found.
[WARNING STA-1656] /home/ubuntu/GitHub/sky130-trng/.loom/worktrees/issue-236/sim/digital-electrical-repair/requests/.klt/place-and-route/trng_digital_route.spef line 183030, pin bus_rdata_r[0] not found.
[WARNING STA-1656] /home/ubuntu/GitHub/sky130-trng/.loom/worktrees/issue-236/sim/digital-electrical-repair/requests/.klt/place-and-route/trng_digital_route.spef line 183030, pin bus_rdata_r[10] not found.
[WARNING STA-1656] /home/ubuntu/GitHub/sky130-trng/.loom/worktrees/issue-236/sim/digital-electrical-repair/requests/.klt/place-and-route/trng_digital_route.spef line 183031, pin bus_rdata_r[0] not found.
[WARNING STA-1656] /home/ubuntu/GitHub/sky130-trng/.loom/worktrees/issue-236/sim/digital-electrical-repair/requests/.klt/place-and-route/trng_digital_route.spef line 183031, pin bus_rdata_r[15] not found.
[WARNING STA-1656] /home/ubuntu/GitHub/sky130-trng/.loom/worktrees/issue-236/sim/digital-electrical-repair/requests/.klt/place-and-route/trng_digital_route.spef line 183032, pin bus_rdata_r[0] not found.
[WARNING STA-1656] /home/ubuntu/GitHub/sky130-trng/.loom/worktrees/issue-236/sim/digital-electrical-repair/requests/.klt/place-and-route/trng_digital_route.spef line 183032, pin bus_rdata_r[28] not found.
[WARNING STA-1656] /home/ubuntu/GitHub/sky130-trng/.loom/worktrees/issue-236/sim/digital-electrical-repair/requests/.klt/place-and-route/trng_digital_route.spef line 183033, pin bus_rdata_r[0] not found.
[WARNING STA-1656] /home/ubuntu/GitHub/sky130-trng/.loom/worktrees/issue-236/sim/digital-electrical-repair/requests/.klt/place-and-route/trng_digital_route.spef line 183034, pin bus_rdata_r[0] not found.
[WARNING STA-1656] /home/ubuntu/GitHub/sky130-trng/.loom/worktrees/issue-236/sim/digital-electrical-repair/requests/.klt/place-and-route/trng_digital_route.spef line 183035, pin bus_rdata_r[0] not found.
[WARNING STA-1656] /home/ubuntu/GitHub/sky130-trng/.loom/worktrees/issue-236/sim/digital-electrical-repair/requests/.klt/place-and-route/trng_digital_route.spef line 183036, pin bus_rdata_r[0] not found.
[WARNING STA-1656] /home/ubuntu/GitHub/sky130-trng/.loom/worktrees/issue-236/sim/digital-electrical-repair/requests/.klt/place-and-route/trng_digital_route.spef line 183037, pin bus_rdata_r[0] not found.
[WARNING STA-1656] /home/ubuntu/GitHub/sky130-trng/.loom/worktrees/issue-236/sim/digital-electrical-repair/requests/.klt/place-and-route/trng_digital_route.spef line 183038, pin bus_rdata_r[0] not found.
[WARNING STA-1656] /home/ubuntu/GitHub/sky130-trng/.loom/worktrees/issue-236/sim/digital-electrical-repair/requests/.klt/place-and-route/trng_digital_route.spef line 183039, pin bus_rdata_r[0] not found.
[WARNING STA-1656] /home/ubuntu/GitHub/sky130-trng/.loom/worktrees/issue-236/sim/digital-electrical-repair/requests/.klt/place-and-route/trng_digital_route.spef line 183040, pin bus_rdata_r[0] not found.
[WARNING STA-1656] /home/ubuntu/GitHub/sky130-trng/.loom/worktrees/issue-236/sim/digital-electrical-repair/requests/.klt/place-and-route/trng_digital_route.spef line 183041, pin bus_rdata_r[0] not found.
[WARNING STA-1656] /home/ubuntu/GitHub/sky130-trng/.loom/worktrees/issue-236/sim/digital-electrical-repair/requests/.klt/place-and-route/trng_digital_route.spef line 183042, pin bus_rdata_r[0] not found.
[WARNING STA-1656] /home/ubuntu/GitHub/sky130-trng/.loom/worktrees/issue-236/sim/digital-electrical-repair/requests/.klt/place-and-route/trng_digital_route.spef line 183043, pin bus_rdata_r[0] not found.
[WARNING STA-1656] /home/ubuntu/GitHub/sky130-trng/.loom/worktrees/issue-236/sim/digital-electrical-repair/requests/.klt/place-and-route/trng_digital_route.spef line 183045, pin bus_rdata_r[0] not found.
[WARNING STA-1656] /home/ubuntu/GitHub/sky130-trng/.loom/worktrees/issue-236/sim/digital-electrical-repair/requests/.klt/place-and-route/trng_digital_route.spef line 183046, pin bus_rdata_r[0] not found.
[WARNING STA-1656] /home/ubuntu/GitHub/sky130-trng/.loom/worktrees/issue-236/sim/digital-electrical-repair/requests/.klt/place-and-route/trng_digital_route.spef line 183047, pin bus_rdata_r[0] not found.
[WARNING STA-1656] /home/ubuntu/GitHub/sky130-trng/.loom/worktrees/issue-236/sim/digital-electrical-repair/requests/.klt/place-and-route/trng_digital_route.spef line 183048, pin bus_rdata_r[0] not found.
[WARNING STA-1656] /home/ubuntu/GitHub/sky130-trng/.loom/worktrees/issue-236/sim/digital-electrical-repair/requests/.klt/place-and-route/trng_digital_route.spef line 183049, pin bus_rdata_r[0] not found.
[WARNING STA-1656] /home/ubuntu/GitHub/sky130-trng/.loom/worktrees/issue-236/sim/digital-electrical-repair/requests/.klt/place-and-route/trng_digital_route.spef line 183050, pin bus_rdata_r[0] not found.
[WARNING STA-1656] /home/ubuntu/GitHub/sky130-trng/.loom/worktrees/issue-236/sim/digital-electrical-repair/requests/.klt/place-and-route/trng_digital_route.spef line 183059, pin bus_rdata_r[10] not found.
[WARNING STA-1656] /home/ubuntu/GitHub/sky130-trng/.loom/worktrees/issue-236/sim/digital-electrical-repair/requests/.klt/place-and-route/trng_digital_route.spef line 183060, pin bus_rdata_r[10] not found.
[WARNING STA-1656] /home/ubuntu/GitHub/sky130-trng/.loom/worktrees/issue-236/sim/digital-electrical-repair/requests/.klt/place-and-route/trng_digital_route.spef line 183060, pin bus_rdata_r[15] not found.
[WARNING STA-1656] /home/ubuntu/GitHub/sky130-trng/.loom/worktrees/issue-236/sim/digital-electrical-repair/requests/.klt/place-and-route/trng_digital_route.spef line 183061, pin bus_rdata_r[10] not found.
[WARNING STA-1656] /home/ubuntu/GitHub/sky130-trng/.loom/worktrees/issue-236/sim/digital-electrical-repair/requests/.klt/place-and-route/trng_digital_route.spef line 183061, pin bus_rdata_r[22] not found.
[WARNING STA-1656] /home/ubuntu/GitHub/sky130-trng/.loom/worktrees/issue-236/sim/digital-electrical-repair/requests/.klt/place-and-route/trng_digital_route.spef line 183062, pin bus_rdata_r[10] not found.
[WARNING STA-1656] /home/ubuntu/GitHub/sky130-trng/.loom/worktrees/issue-236/sim/digital-electrical-repair/requests/.klt/place-and-route/trng_digital_route.spef line 183062, pin bus_rdata_r[26] not found.
[WARNING STA-1656] /home/ubuntu/GitHub/sky130-trng/.loom/worktrees/issue-236/sim/digital-electrical-repair/requests/.klt/place-and-route/trng_digital_route.spef line 183063, pin bus_rdata_r[10] not found.
[WARNING STA-1656] /home/ubuntu/GitHub/sky130-trng/.loom/worktrees/issue-236/sim/digital-electrical-repair/requests/.klt/place-and-route/trng_digital_route.spef line 183063, pin bus_rdata_r[28] not found.
[WARNING STA-1656] /home/ubuntu/GitHub/sky130-trng/.loom/worktrees/issue-236/sim/digital-electrical-repair/requests/.klt/place-and-route/trng_digital_route.spef line 183064, pin bus_rdata_r[10] not found.
[WARNING STA-1656] /home/ubuntu/GitHub/sky130-trng/.loom/worktrees/issue-236/sim/digital-electrical-repair/requests/.klt/place-and-route/trng_digital_route.spef line 183064, pin bus_rdata_r[4] not found.
[WARNING STA-1656] /home/ubuntu/GitHub/sky130-trng/.loom/worktrees/issue-236/sim/digital-electrical-repair/requests/.klt/place-and-route/trng_digital_route.spef line 183065, pin bus_rdata_r[10] not found.
[WARNING STA-1656] /home/ubuntu/GitHub/sky130-trng/.loom/worktrees/issue-236/sim/digital-electrical-repair/requests/.klt/place-and-route/trng_digital_route.spef line 183065, pin bus_rdata_r[7] not found.
[WARNING STA-1656] /home/ubuntu/GitHub/sky130-trng/.loom/worktrees/issue-236/sim/digital-electrical-repair/requests/.klt/place-and-route/trng_digital_route.spef line 183066, pin bus_rdata_r[10] not found.
[WARNING STA-1656] /home/ubuntu/GitHub/sky130-trng/.loom/worktrees/issue-236/sim/digital-electrical-repair/requests/.klt/place-and-route/trng_digital_route.spef line 183066, pin bus_rdata_r[8] not found.
[WARNING STA-1656] /home/ubuntu/GitHub/sky130-trng/.loom/worktrees/issue-236/sim/digital-electrical-repair/requests/.klt/place-and-route/trng_digital_route.spef line 183067, pin bus_rdata_r[10] not found.
[WARNING STA-1656] /home/ubuntu/GitHub/sky130-trng/.loom/worktrees/issue-236/sim/digital-electrical-repair/requests/.klt/place-and-route/trng_digital_route.spef line 183068, pin bus_rdata_r[10] not found.
[WARNING STA-1656] /home/ubuntu/GitHub/sky130-trng/.loom/worktrees/issue-236/sim/digital-electrical-repair/requests/.klt/place-and-route/trng_digital_route.spef line 183069, pin bus_rdata_r[10] not found.
[WARNING STA-1656] /home/ubuntu/GitHub/sky130-trng/.loom/worktrees/issue-236/sim/digital-electrical-repair/requests/.klt/place-and-route/trng_digital_route.spef line 183070, pin bus_rdata_r[10] not found.
[WARNING STA-1656] /home/ubuntu/GitHub/sky130-trng/.loom/worktrees/issue-236/sim/digital-electrical-repair/requests/.klt/place-and-route/trng_digital_route.spef line 183071, pin bus_rdata_r[10] not found.
[WARNING STA-1656] /home/ubuntu/GitHub/sky130-trng/.loom/worktrees/issue-236/sim/digital-electrical-repair/requests/.klt/place-and-route/trng_digital_route.spef line 183072, pin bus_rdata_r[10] not found.
[WARNING STA-1656] message limit (1000) reached. This message will no longer print.
===KLT_SETUP_VIOLATIONS_BEGIN===
No paths found.

===KLT_SETUP_VIOLATIONS_END===
===KLT_HOLD_VIOLATIONS_BEGIN===
No paths found.

===KLT_HOLD_VIOLATIONS_END===
