|* ro_ring5 transient-noise jitter accumulation -- issue #10 flagship config
|*
|* Purpose: issue #10 acceptance criterion 2. Measures period T0 (`tbar`)
|* and jitter accumulation sigma_1/sigma_2/sigma_4/sigma_8 (`sigma_N`) for
|* design/ro_ring5.spice's 5-stage starved ring (1 ro_nand2 enable/stop
|* stage + 4 ro_stage delay cells -- design/README.md's "the cheap
|* transient-noise vehicle for the jitter characterization", explicitly
|* named in design/xschem/ for exactly this purpose), across the sky130
|* PVT grid.
|*
|* This is the campaign's FULL 27-point-grid flagship configuration (the
|* full {tt,ss,ff} x {-40,27,125 degC} x {nominal +/-10% supply} grid, per
|* spec/porting-plan.md Sec 3.1/DR-0006-style reduced-grid convention).
|* design/ro_ring11.sch (the actual 11-stage array ring) is the more
|* expensive config and is only run at the 3 PVT headline points -- see
|* tb_ro_ring11_jitter.spice's own header for why, and this ring's own
|* wall-clock-cost re-measurement below.
|*
|* Method (adapted from gf180-trng's sim/tb/ro-inv-05stage-jitter/, cited by
|* spec/porting-plan.md Sec 3.2 as "device-physics testbenches (re-run on
|* sky130 devices, not ported as evidence)"): ngspice's own .tran analysis
|* does not include intrinsic BSIM4 device noise (this is a general ngspice
|* architecture fact, not a PDK-specific one -- confirmed against this
|* checkout's own ngspice build during this campaign's development: a
|* purely deterministic .tran of this same ring, no injected sources at
|* all, converges to a bit-exact repeating period with zero run-to-run
|* seed sensitivity). So every stage's input carries an explicit trnoise()
|* voltage source, in series, exactly mirroring gf180-trng's per-stage
|* injection topology (ro -> gA -> nand2 -> n1 -> gB -> stage1 -> n2 -> ...
|* -> n4 -> gE -> stage4 -> ro).
|*
|* trnoise() calibration: NA=2.0e-3 (V rms), NT=2e-10 (s) -> one-sided
|* injected PSD S_inj = 2*NA^2*NT = 1.6e-15 V^2/Hz (4.0e-08 V/sqrt(Hz)),
|* anchored to sim/ro-stage-noise-mechanism-check/records/
|* 20260825-022446-d58d709.md's own measured onoise_spectrum density near
|* 1 GHz (~4.0e-08 V/sqrt(Hz) at tt, the closest sampled frequency to this
|* ring's own oscillation band) -- the same "anchor the fixed injection
|* level to the device's own measured near-oscillation-band noise density"
|* method gf180-trng's characterization-ro-delay-cell-jitter.md documents
|* (see its "Device .noise cross-check" section), simplified here to a
|* single anchor point rather than a full new per-corner device-.noise
|* sweep (out of this issue's budget -- see this record's caveats).
|* NT=2e-10 gives an implied noise bandwidth (~1/(2*NT) = 2.5 GHz) safely
|* above every oscillation frequency measured in this campaign's own grid.
|* CAVEAT: this is a single fixed injection level, not re-measured per
|* corner -- treat every sigma_N figure below as good to a factor of
|* roughly 1.5-2x, per gf180-trng's own precedent for the same method
|* (its characterization-ro-delay-cell-jitter.md's "Safe to size against"
|* item 5).
|*
|* Wall-clock cost, re-measured for sky130 (spec/porting-plan.md Sec 2.2
|* explicitly asks for this re-measurement rather than assuming gf180-trng's
|* own ~130-150s/run figure ports). Measured on this campaign's development
|* machine (8-core x86-64, ngspice-46, sky130A c6d73a35):
|*
|*   - ~1.9 s of wall clock per simulated ns for this 5-stage ring at
|*     `.tran 5p`, i.e. ~215 s per corner point at this deck's 115 ns tstop.
|*   - That cost is set by the transient step count, NOT by trnoise(): the
|*     same ring, same tstop, same max step, with the trnoise() sources
|*     replaced by plain `dc 0` sources, measured within a few percent of
|*     the same wall clock. (An earlier draft of this header asserted a
|*     ~475x trnoise penalty at NT=1e-11; that figure did not survive
|*     re-measurement at NT=2e-10 and has been struck.)
|*   - ro_ring11 is ~2.2x the devices AND ~2.2x the period, so it costs
|*     ~5x per measured period. That is why THIS ring, not ro_ring11, is
|*     the full-27-point-grid flagship and ro_ring11 runs only the 3
|*     headline points -- exactly the DR-0006 cost/coverage trade-off,
|*     re-measured on sky130 rather than inherited.
|*
|* tstop = 115 ns is sized from a deterministic (noise-free) period probe
|* run over the grid's extremes before this deck was fixed: the slowest
|* corner measured is 4.82 ns/period (ss / -40 degC / 1.62 V; the low-supply
|* edge dominates -- ss/1.98 V runs 2.02 ns/period, a 2.4x supply swing,
|* while -40 -> +125 degC at fixed supply moves it under 2%). 21 rising
|* crossings therefore need <= 5 + 20 x 4.82 = 101 ns, and 115 ns carries
|* the margin. A single uniform tstop across all 27 points (rather than a
|* per-corner one) keeps every record's measurement window identical.
|*
|* 20 periods measured (21 rising crossings, rise=2..22; the first rising
|* edge is discarded as `.ic` startup transient, per gf180-trng's own
|* convention), NOT gf180-trng's 128 -- a budget-driven reduction, made
|* deliberately per spec/porting-plan.md Sec 2.2's prompt to re-measure
|* DR-0006's cost/coverage trade-off rather than copy it: 128 periods at
|* this ring's worst-corner 4.82 ns period would need a ~620 ns tstop, ~20
|* min per corner point, ~9 h for the 27-point grid alone. CAVEAT: with 20
|* period samples the sigma_1 estimator itself carries ~16% (1-sigma)
|* statistical error, hence ~32% on sigma_1^2 and therefore on Q -- that is
|* the resolution floor for any corner-to-corner Q comparison read off this
|* grid, and the reduction in sim/ro-array-sizing/ states it as such.
|* sigma_1/sigma_2/sigma_4/sigma_8 only (no sigma_16/sigma_32 --
|* gf180-trng's own accumulated-jitter figures at N>=16 were themselves
|* flagged as "not yet resolvable trends" even at their much larger
|* period/seed count). CAVEAT: single seed per PVT point (gf180-trng used
|* >=4) -- seed-to-seed spread is NOT characterized by this campaign; a
|* documented gap, not a silent omission. The seed is deliberately held
|* CONSTANT across every point of the grid (common random numbers), so
|* corner-to-corner Q differences are not additionally confounded by
|* seed-to-seed variation.
|*
|* This file is a TEMPLATE: sim/bin/corner-run.py substitutes /home/ubuntu/.volare/volare/sky130/versions/c6d73a35f524070e85faff4a6a9eef49553ebc2b/sky130A/libs.tech/combined/sky130.lib.spice,
|* ss (process axis), /home/ubuntu/GitHub/sky130-trng/.loom/worktrees/issue-10/design/ro_ring5.spice (unused by this file -- the ring
|* is built in place from ro_nand2/ro_stage, both defined by
|* design/ro_ring5.spice, which /home/ubuntu/GitHub/sky130-trng/.loom/worktrees/issue-10/design/ro_ring5.spice still names, so --ro-ring5's
|* default is exactly the file this deck needs .include'd), 125.0/1.98
|* (the other two PVT axes) and 1 (this run's `.option seed=`). As
|* committed here this is not a runnable deck.
|
|.option scale=1u
|.lib "/home/ubuntu/.volare/volare/sky130/versions/c6d73a35f524070e85faff4a6a9eef49553ebc2b/sky130A/libs.tech/combined/sky130.lib.spice" ss
|
|.include "/home/ubuntu/GitHub/sky130-trng/.loom/worktrees/issue-10/design/ro_ring5.spice"
|
|.temp 125.0
|.option seed=1
|
|Vddr vddr 0 dc 1.98
|Ven en 0 dc 1.98
|
|xg gA en n1 vddr 0 ro_nand2
|VnA gA ro dc 0 trnoise(2.0e-3 2e-10 0 0)
|x1 gB n2 vddr 0 ro_stage
|VnB gB n1 dc 0 trnoise(2.0e-3 2e-10 0 0)
|x2 gC n3 vddr 0 ro_stage
|VnC gC n2 dc 0 trnoise(2.0e-3 2e-10 0 0)
|x3 gD n4 vddr 0 ro_stage
|VnD gD n3 dc 0 trnoise(2.0e-3 2e-10 0 0)
|x4 gE ro vddr 0 ro_stage
|VnE gE n4 dc 0 trnoise(2.0e-3 2e-10 0 0)
|
|.ic v(ro)=0 v(n1)=1.98 v(n2)=0 v(n3)=1.98 v(n4)=0
|
|.tran 20p 115n uic
|
|.control
|run
|meas tran vmax_ss MAX v(ro) from=20n to=115n
|meas tran vmin_ss MIN v(ro) from=20n to=115n
|let swing_frac = (vmax_ss - vmin_ss) / 1.98
|let k = 2
|let tc = vector(21)
|while k <= 22
|  meas tran tk when v(ro)=0.5*1.98 rise=$&k
|  let tc[k-2] = tk
|  let k = k + 1
|end
|let tbar = (tc[20] - tc[0])/20
|let r1 = (tc[1,20] - tc[0,19]) - 1*tbar
|let r2 = (tc[2,20] - tc[0,18]) - 2*tbar
|let r4 = (tc[4,20] - tc[0,16]) - 4*tbar
|let r8 = (tc[8,20] - tc[0,12]) - 8*tbar
|let sigma_1 = sqrt(mean(r1*r1)/(1 - 1/20))
|let sigma_2 = sqrt(mean(r2*r2)/(1 - 2/20))
|let sigma_4 = sqrt(mean(r4*r4)/(1 - 4/20))
|let sigma_8 = sqrt(mean(r8*r8)/(1 - 8/20))
|print vmax_ss
|print vmin_ss
|print swing_frac
|print tbar
|print sigma_1
|print sigma_2
|print sigma_4
|print sigma_8
|.endc
|.end
|

----- stdout -----

Note: No compatibility mode selected!


Circuit: * ro_ring5 transient-noise jitter accumulation -- issue #10 flagship config

Doing analysis at TEMP = 125.000000 and TNOM = 27.000000

Using SPARSE 1.3 as Direct Linear Solver
Operating point simulation skipped by 'uic',
  now using transient initial conditions.
 Reference value :  2.00000e-13
 Reference value :  2.22320e-13
 Reference value :  3.56241e-13
 Reference value :  7.65949e-13
 Reference value :  2.15283e-12
 Reference value :  6.67670e-12
 Reference value :  1.51007e-11
 Reference value :  2.09799e-11
 Reference value :  3.46978e-11
 Reference value :  7.03755e-11
 Reference value :  1.10376e-10
 Reference value :  1.50376e-10
 Reference value :  1.85188e-10
 Reference value :  2.06000e-10
 Reference value :  2.50000e-10
 Reference value :  2.90000e-10
 Reference value :  3.30000e-10
 Reference value :  3.70000e-10
 Reference value :  4.02000e-10
 Reference value :  4.30000e-10
 Reference value :  4.90000e-10
 Reference value :  5.50000e-10
 Reference value :  5.85000e-10
 Reference value :  6.06000e-10
 Reference value :  6.50000e-10
 Reference value :  7.10000e-10
 Reference value :  7.70000e-10
 Reference value :  8.02000e-10
 Reference value :  8.30000e-10
 Reference value :  8.70000e-10
 Reference value :  9.30000e-10
 Reference value :  9.70000e-10
 Reference value :  1.00000e-09
 Reference value :  1.01400e-09
 Reference value :  1.07000e-09
 Reference value :  1.13000e-09
 Reference value :  1.18500e-09
 Reference value :  1.20200e-09
 Reference value :  1.23000e-09
 Reference value :  1.27000e-09
 Reference value :  1.33000e-09
 Reference value :  1.37000e-09
 Reference value :  1.40600e-09
 Reference value :  1.47000e-09
 Reference value :  1.53000e-09
 Reference value :  1.57000e-09
 Reference value :  1.60200e-09
 Reference value :  1.63000e-09
 Reference value :  1.69000e-09
 Reference value :  1.75000e-09
 Reference value :  1.80000e-09
 Reference value :  1.81400e-09
 Reference value :  1.85000e-09
 Reference value :  1.89000e-09
 Reference value :  1.93000e-09
 Reference value :  1.97000e-09
 Reference value :  2.00200e-09
 Reference value :  2.03000e-09
 Reference value :  2.09000e-09
 Reference value :  2.13000e-09
 Reference value :  2.17000e-09
 Reference value :  2.20000e-09
 Reference value :  2.21400e-09
 Reference value :  2.25000e-09
 Reference value :  2.31000e-09
 Reference value :  2.35000e-09
 Reference value :  2.38500e-09
 Reference value :  2.41400e-09
 Reference value :  2.45000e-09
 Reference value :  2.49000e-09
 Reference value :  2.53000e-09
 Reference value :  2.57000e-09
 Reference value :  2.60000e-09
 Reference value :  2.61400e-09
 Reference value :  2.69000e-09
 Reference value :  2.75000e-09
 Reference value :  2.78500e-09
 Reference value :  2.80600e-09
 Reference value :  2.85000e-09
 Reference value :  2.89000e-09
 Reference value :  2.93000e-09
 Reference value :  3.00000e-09
 Reference value :  3.01400e-09
 Reference value :  3.05000e-09
 Reference value :  3.09000e-09
 Reference value :  3.15000e-09
 Reference value :  3.20000e-09
 Reference value :  3.23000e-09
 Reference value :  3.29000e-09
 Reference value :  3.33000e-09
 Reference value :  3.38500e-09
 Reference value :  3.41400e-09
 Reference value :  3.45000e-09
 Reference value :  3.49000e-09
 Reference value :  3.55000e-09
 Reference value :  3.58500e-09
 Reference value :  3.60600e-09
 Reference value :  3.63000e-09
 Reference value :  3.67000e-09
 Reference value :  3.71000e-09
 Reference value :  3.75000e-09
 Reference value :  3.80000e-09
 Reference value :  3.81400e-09
 Reference value :  3.85000e-09
 Reference value :  3.89000e-09
 Reference value :  3.93000e-09
 Reference value :  3.97000e-09
 Reference value :  4.00200e-09
 Reference value :  4.03000e-09
 Reference value :  4.09000e-09
 Reference value :  4.13000e-09
 Reference value :  4.18500e-09
 Reference value :  4.20600e-09
 Reference value :  4.25000e-09
 Reference value :  4.31000e-09
 Reference value :  4.35000e-09
 Reference value :  4.38500e-09
 Reference value :  4.40600e-09
 Reference value :  4.45000e-09
 Reference value :  4.51000e-09
 Reference value :  4.57000e-09
 Reference value :  4.60000e-09
 Reference value :  4.61400e-09
 Reference value :  4.67000e-09
 Reference value :  4.73000e-09
 Reference value :  4.78500e-09
 Reference value :  4.81400e-09
 Reference value :  4.87000e-09
 Reference value :  4.91000e-09
 Reference value :  4.95000e-09
 Reference value :  5.00000e-09
 Reference value :  5.01400e-09
 Reference value :  5.07000e-09
 Reference value :  5.11000e-09
 Reference value :  5.15000e-09
 Reference value :  5.20000e-09
 Reference value :  5.21400e-09
 Reference value :  5.27000e-09
 Reference value :  5.31000e-09
 Reference value :  5.35000e-09
 Reference value :  5.40000e-09
 Reference value :  5.41400e-09
 Reference value :  5.47000e-09
 Reference value :  5.51000e-09
 Reference value :  5.55000e-09
 Reference value :  5.58500e-09
 Reference value :  5.60600e-09
 Reference value :  5.65000e-09
 Reference value :  5.71000e-09
 Reference value :  5.77000e-09
 Reference value :  5.80200e-09
 Reference value :  5.83000e-09
 Reference value :  5.87000e-09
 Reference value :  5.91000e-09
 Reference value :  5.97000e-09
 Reference value :  6.00000e-09
 Reference value :  6.01400e-09
 Reference value :  6.07000e-09
 Reference value :  6.11000e-09
 Reference value :  6.15000e-09
 Reference value :  6.20000e-09
 Reference value :  6.21400e-09
 Reference value :  6.25000e-09
 Reference value :  6.29000e-09
 Reference value :  6.33000e-09
 Reference value :  6.37000e-09
 Reference value :  6.40200e-09
 Reference value :  6.43000e-09
 Reference value :  6.47000e-09
 Reference value :  6.53000e-09
 Reference value :  6.57000e-09
 Reference value :  6.60000e-09
 Reference value :  6.61400e-09
 Reference value :  6.67000e-09
 Reference value :  6.71000e-09
 Reference value :  6.75000e-09
 Reference value :  6.78500e-09
 Reference value :  6.80200e-09
 Reference value :  6.83000e-09
 Reference value :  6.87000e-09
 Reference value :  6.91000e-09
 Reference value :  6.95000e-09
 Reference value :  6.98500e-09
 Reference value :  7.00600e-09
 Reference value :  7.05000e-09
 Reference value :  7.09000e-09
 Reference value :  7.13000e-09
 Reference value :  7.18500e-09
 Reference value :  7.20600e-09
 Reference value :  7.25000e-09
 Reference value :  7.29000e-09
 Reference value :  7.33000e-09
 Reference value :  7.38500e-09
 Reference value :  7.41400e-09
 Reference value :  7.47000e-09
 Reference value :  7.51000e-09
 Reference value :  7.55000e-09
 Reference value :  7.58500e-09
 Reference value :  7.60600e-09
 Reference value :  7.65000e-09
 Reference value :  7.71000e-09
 Reference value :  7.75000e-09
 Reference value :  7.80000e-09
 Reference value :  7.81400e-09
 Reference value :  7.87000e-09
 Reference value :  7.91000e-09
 Reference value :  7.95000e-09
 Reference value :  7.98500e-09
 Reference value :  8.00600e-09
 Reference value :  8.05000e-09
 Reference value :  8.11000e-09
 Reference value :  8.15000e-09
 Reference value :  8.20000e-09
 Reference value :  8.23000e-09
 Reference value :  8.31000e-09
 Reference value :  8.37000e-09
 Reference value :  8.40200e-09
 Reference value :  8.43000e-09
 Reference value :  8.47000e-09
 Reference value :  8.51000e-09
 Reference value :  8.55000e-09
 Reference value :  8.60000e-09
 Reference value :  8.61400e-09
 Reference value :  8.67000e-09
 Reference value :  8.71000e-09
 Reference value :  8.75000e-09
 Reference value :  8.78500e-09
 Reference value :  8.80600e-09
 Reference value :  8.87000e-09
 Reference value :  8.91000e-09
 Reference value :  8.95000e-09
 Reference value :  8.98500e-09
 Reference value :  9.00600e-09
 Reference value :  9.05000e-09
 Reference value :  9.09000e-09
 Reference value :  9.13000e-09
 Reference value :  9.17000e-09
 Reference value :  9.20200e-09
 Reference value :  9.23000e-09
 Reference value :  9.29000e-09
 Reference value :  9.35000e-09
 Reference value :  9.38500e-09
 Reference value :  9.40600e-09
 Reference value :  9.43000e-09
 Reference value :  9.47000e-09
 Reference value :  9.51000e-09
 Reference value :  9.55000e-09
 Reference value :  9.60000e-09
 Reference value :  9.61400e-09
 Reference value :  9.67000e-09
 Reference value :  9.71000e-09
 Reference value :  9.75000e-09
 Reference value :  9.80000e-09
 Reference value :  9.81400e-09
 Reference value :  9.87000e-09
 Reference value :  9.91000e-09
 Reference value :  9.95000e-09
 Reference value :  9.98500e-09
 Reference value :  1.00020e-08
 Reference value :  1.00300e-08
 Reference value :  1.00900e-08
 Reference value :  1.01500e-08
 Reference value :  1.02000e-08
 Reference value :  1.02140e-08
 Reference value :  1.02500e-08
 Reference value :  1.03100e-08
 Reference value :  1.03700e-08
 Reference value :  1.04000e-08
 Reference value :  1.04140e-08
 Reference value :  1.04500e-08
 Reference value :  1.04900e-08
 Reference value :  1.05300e-08
 Reference value :  1.05700e-08
 Reference value :  1.06000e-08
 Reference value :  1.06140e-08
 Reference value :  1.06700e-08
 Reference value :  1.07300e-08
 Reference value :  1.07850e-08
 Reference value :  1.08060e-08
 Reference value :  1.08500e-08
 Reference value :  1.08900e-08
 Reference value :  1.09700e-08
 Reference value :  1.10000e-08
 Reference value :  1.10300e-08
 Reference value :  1.10900e-08
 Reference value :  1.11300e-08
 Reference value :  1.11850e-08
 Reference value :  1.12060e-08
 Reference value :  1.12500e-08
 Reference value :  1.12900e-08
 Reference value :  1.13300e-08
 Reference value :  1.13700e-08
 Reference value :  1.14000e-08
 Reference value :  1.14140e-08
 Reference value :  1.14900e-08
 Reference value :  1.15300e-08
 Reference value :  1.15850e-08
 Reference value :  1.16060e-08
 Reference value :  1.16500e-08
 Reference value :  1.16900e-08
 Reference value :  1.17300e-08
 Reference value :  1.17700e-08
 Reference value :  1.18000e-08
 Reference value :  1.18140e-08
 Reference value :  1.18700e-08
 Reference value :  1.19300e-08
 Reference value :  1.19850e-08
 Reference value :  1.20060e-08
 Reference value :  1.20500e-08
 Reference value :  1.21100e-08
 Reference value :  1.21500e-08
 Reference value :  1.22000e-08
 Reference value :  1.22140e-08
 Reference value :  1.22700e-08
 Reference value :  1.23100e-08
 Reference value :  1.23500e-08
 Reference value :  1.23850e-08
 Reference value :  1.24060e-08
 Reference value :  1.24500e-08
 Reference value :  1.25100e-08
 Reference value :  1.25500e-08
 Reference value :  1.25850e-08
 Reference value :  1.26020e-08
 Reference value :  1.26300e-08
 Reference value :  1.26700e-08
 Reference value :  1.27300e-08
 Reference value :  1.27850e-08
 Reference value :  1.28060e-08
 Reference value :  1.28300e-08
 Reference value :  1.28700e-08
 Reference value :  1.29100e-08
 Reference value :  1.29700e-08
 Reference value :  1.30000e-08
 Reference value :  1.30300e-08
 Reference value :  1.30700e-08
 Reference value :  1.31100e-08
 Reference value :  1.31500e-08
 Reference value :  1.31850e-08
 Reference value :  1.32060e-08
 Reference value :  1.32500e-08
 Reference value :  1.32900e-08
 Reference value :  1.33500e-08
 Reference value :  1.33850e-08
 Reference value :  1.34060e-08
 Reference value :  1.34500e-08
 Reference value :  1.34900e-08
 Reference value :  1.35500e-08
 Reference value :  1.36000e-08
 Reference value :  1.36140e-08
 Reference value :  1.36700e-08
 Reference value :  1.37300e-08
 Reference value :  1.37700e-08
 Reference value :  1.38020e-08
 Reference value :  1.38300e-08
 Reference value :  1.38900e-08
 Reference value :  1.39300e-08
 Reference value :  1.39700e-08
 Reference value :  1.40000e-08
 Reference value :  1.40140e-08
 Reference value :  1.40700e-08
 Reference value :  1.41100e-08
 Reference value :  1.41700e-08
 Reference value :  1.42000e-08
 Reference value :  1.42140e-08
 Reference value :  1.42500e-08
 Reference value :  1.42900e-08
 Reference value :  1.43300e-08
 Reference value :  1.43700e-08
 Reference value :  1.44020e-08
 Reference value :  1.44300e-08
 Reference value :  1.44900e-08
 Reference value :  1.45300e-08
 Reference value :  1.45850e-08
 Reference value :  1.46060e-08
 Reference value :  1.46500e-08
 Reference value :  1.46900e-08
 Reference value :  1.47300e-08
 Reference value :  1.47700e-08
 Reference value :  1.48020e-08
 Reference value :  1.48300e-08
 Reference value :  1.48700e-08
 Reference value :  1.49300e-08
 Reference value :  1.49700e-08
 Reference value :  1.50020e-08
 Reference value :  1.50300e-08
 Reference value :  1.50900e-08
 Reference value :  1.51500e-08
 Reference value :  1.51850e-08
 Reference value :  1.52060e-08
 Reference value :  1.52500e-08
 Reference value :  1.52900e-08
 Reference value :  1.53300e-08
 Reference value :  1.53850e-08
 Reference value :  1.54140e-08
 Reference value :  1.54700e-08
 Reference value :  1.55100e-08
 Reference value :  1.55700e-08
 Reference value :  1.56060e-08
 Reference value :  1.56500e-08
 Reference value :  1.57100e-08
 Reference value :  1.57700e-08
 Reference value :  1.58020e-08
 Reference value :  1.58300e-08
 Reference value :  1.58700e-08
 Reference value :  1.59100e-08
 Reference value :  1.59500e-08
 Reference value :  1.60000e-08
 Reference value :  1.60140e-08
 Reference value :  1.60700e-08
 Reference value :  1.61300e-08
 Reference value :  1.61850e-08
 Reference value :  1.62060e-08
 Reference value :  1.62700e-08
 Reference value :  1.63100e-08
 Reference value :  1.63500e-08
 Reference value :  1.63850e-08
 Reference value :  1.64060e-08
 Reference value :  1.64500e-08
 Reference value :  1.65100e-08
 Reference value :  1.65700e-08
 Reference value :  1.66000e-08
 Reference value :  1.66140e-08
 Reference value :  1.66700e-08
 Reference value :  1.67100e-08
 Reference value :  1.67500e-08
 Reference value :  1.68000e-08
 Reference value :  1.68140e-08
 Reference value :  1.68700e-08
 Reference value :  1.69100e-08
 Reference value :  1.69500e-08
 Reference value :  1.70000e-08
 Reference value :  1.70140e-08
 Reference value :  1.70700e-08
 Reference value :  1.71100e-08
 Reference value :  1.71500e-08
 Reference value :  1.71850e-08
 Reference value :  1.72060e-08
 Reference value :  1.72500e-08
 Reference value :  1.73100e-08
 Reference value :  1.73500e-08
 Reference value :  1.73850e-08
 Reference value :  1.74060e-08
 Reference value :  1.74500e-08
 Reference value :  1.74900e-08
 Reference value :  1.75500e-08
 Reference value :  1.76000e-08
 Reference value :  1.76140e-08
 Reference value :  1.76700e-08
 Reference value :  1.77100e-08
 Reference value :  1.77850e-08
 Reference value :  1.78060e-08
 Reference value :  1.78500e-08
 Reference value :  1.78900e-08
 Reference value :  1.79300e-08
 Reference value :  1.79700e-08
 Reference value :  1.80020e-08
 Reference value :  1.80300e-08
 Reference value :  1.80900e-08
 Reference value :  1.81500e-08
 Reference value :  1.82000e-08
 Reference value :  1.82300e-08
 Reference value :  1.82900e-08
 Reference value :  1.83300e-08
 Reference value :  1.83700e-08
 Reference value :  1.84020e-08
 Reference value :  1.84300e-08
 Reference value :  1.84700e-08
 Reference value :  1.85100e-08
 Reference value :  1.85500e-08
 Reference value :  1.85850e-08
 Reference value :  1.86060e-08
 Reference value :  1.86500e-08
 Reference value :  1.87100e-08
 Reference value :  1.87500e-08
 Reference value :  1.87850e-08
 Reference value :  1.88060e-08
 Reference value :  1.88700e-08
 Reference value :  1.89300e-08
 Reference value :  1.89700e-08
 Reference value :  1.90020e-08
 Reference value :  1.90300e-08
 Reference value :  1.90900e-08
 Reference value :  1.91300e-08
 Reference value :  1.91850e-08
 Reference value :  1.92060e-08
 Reference value :  1.92500e-08
 Reference value :  1.93100e-08
 Reference value :  1.93500e-08
 Reference value :  1.93850e-08
 Reference value :  1.94140e-08
 Reference value :  1.94700e-08
 Reference value :  1.95100e-08
 Reference value :  1.95500e-08
 Reference value :  1.95850e-08
 Reference value :  1.96060e-08
 Reference value :  1.96500e-08
 Reference value :  1.96900e-08
 Reference value :  1.97500e-08
 Reference value :  1.98000e-08
 Reference value :  1.98300e-08
 Reference value :  1.99100e-08
 Reference value :  1.99700e-08
 Reference value :  2.00020e-08
 Reference value :  2.00300e-08
 Reference value :  2.00700e-08
 Reference value :  2.01100e-08
 Reference value :  2.01500e-08
 Reference value :  2.02000e-08
 Reference value :  2.02140e-08
 Reference value :  2.02500e-08
 Reference value :  2.02900e-08
 Reference value :  2.03500e-08
 Reference value :  2.04000e-08
 Reference value :  2.04300e-08
 Reference value :  2.04900e-08
 Reference value :  2.05500e-08
 Reference value :  2.06000e-08
 Reference value :  2.06300e-08
 Reference value :  2.07100e-08
 Reference value :  2.07700e-08
 Reference value :  2.08020e-08
 Reference value :  2.08500e-08
 Reference value :  2.09100e-08
 Reference value :  2.09700e-08
 Reference value :  2.10020e-08
 Reference value :  2.10300e-08
 Reference value :  2.10900e-08
 Reference value :  2.11500e-08
 Reference value :  2.11850e-08
 Reference value :  2.12060e-08
 Reference value :  2.12500e-08
 Reference value :  2.13100e-08
 Reference value :  2.13500e-08
 Reference value :  2.13850e-08
 Reference value :  2.14060e-08
 Reference value :  2.14500e-08
 Reference value :  2.15100e-08
 Reference value :  2.15700e-08
 Reference value :  2.16020e-08
 Reference value :  2.16300e-08
 Reference value :  2.16900e-08
 Reference value :  2.17300e-08
 Reference value :  2.17700e-08
 Reference value :  2.18020e-08
 Reference value :  2.18300e-08
 Reference value :  2.18900e-08
 Reference value :  2.19300e-08
 Reference value :  2.19700e-08
 Reference value :  2.20000e-08
 Reference value :  2.20140e-08
 Reference value :  2.20700e-08
 Reference value :  2.21100e-08
 Reference value :  2.21500e-08
 Reference value :  2.22000e-08
 Reference value :  2.22140e-08
 Reference value :  2.22700e-08
 Reference value :  2.23300e-08
 Reference value :  2.23700e-08
 Reference value :  2.24000e-08
 Reference value :  2.24140e-08
 Reference value :  2.24700e-08
 Reference value :  2.25300e-08
 Reference value :  2.25850e-08
 Reference value :  2.26060e-08
 Reference value :  2.26300e-08
 Reference value :  2.26700e-08
 Reference value :  2.27100e-08
 Reference value :  2.27700e-08
 Reference value :  2.28020e-08
 Reference value :  2.28300e-08
 Reference value :  2.28700e-08
 Reference value :  2.29100e-08
 Reference value :  2.29500e-08
 Reference value :  2.29850e-08
 Reference value :  2.30140e-08
 Reference value :  2.30700e-08
 Reference value :  2.31100e-08
 Reference value :  2.31500e-08
 Reference value :  2.32000e-08
 Reference value :  2.32140e-08
 Reference value :  2.32700e-08
 Reference value :  2.33300e-08
 Reference value :  2.33850e-08
 Reference value :  2.34060e-08
 Reference value :  2.34500e-08
 Reference value :  2.35100e-08
 Reference value :  2.35700e-08
 Reference value :  2.36020e-08
 Reference value :  2.36300e-08
 Reference value :  2.36900e-08
 Reference value :  2.37300e-08
 Reference value :  2.37850e-08
 Reference value :  2.38060e-08
 Reference value :  2.38500e-08
 Reference value :  2.39100e-08
 Reference value :  2.39700e-08
 Reference value :  2.40020e-08
 Reference value :  2.40500e-08
 Reference value :  2.41100e-08
 Reference value :  2.41850e-08
 Reference value :  2.42140e-08
 Reference value :  2.42500e-08
 Reference value :  2.42900e-08
 Reference value :  2.43300e-08
 Reference value :  2.43700e-08
 Reference value :  2.44000e-08
 Reference value :  2.44140e-08
 Reference value :  2.44900e-08
 Reference value :  2.45500e-08
 Reference value :  2.46000e-08
 Reference value :  2.46140e-08
 Reference value :  2.46700e-08
 Reference value :  2.47300e-08
 Reference value :  2.47850e-08
 Reference value :  2.48060e-08
 Reference value :  2.48500e-08
 Reference value :  2.48900e-08
 Reference value :  2.49500e-08
 Reference value :  2.50000e-08
 Reference value :  2.50300e-08
 Reference value :  2.50700e-08
 Reference value :  2.51300e-08
 Reference value :  2.51850e-08
 Reference value :  2.52140e-08
 Reference value :  2.52500e-08
 Reference value :  2.52900e-08
 Reference value :  2.53300e-08
 Reference value :  2.53700e-08
 Reference value :  2.54020e-08
 Reference value :  2.54300e-08
 Reference value :  2.54900e-08
 Reference value :  2.55500e-08
 Reference value :  2.56000e-08
 Reference value :  2.56140e-08
 Reference value :  2.56700e-08
 Reference value :  2.57300e-08
 Reference value :  2.57850e-08
 Reference value :  2.58020e-08
 Reference value :  2.58500e-08
 Reference value :  2.58900e-08
 Reference value :  2.59300e-08
 Reference value :  2.60000e-08
 Reference value :  2.60140e-08
 Reference value :  2.60700e-08
 Reference value :  2.61300e-08
 Reference value :  2.61850e-08
 Reference value :  2.62060e-08
 Reference value :  2.62500e-08
 Reference value :  2.63100e-08
 Reference value :  2.63500e-08
 Reference value :  2.63850e-08
 Reference value :  2.64060e-08
 Reference value :  2.64500e-08
 Reference value :  2.64900e-08
 Reference value :  2.65300e-08
 Reference value :  2.66000e-08
 Reference value :  2.66140e-08
 Reference value :  2.66500e-08
 Reference value :  2.66900e-08
 Reference value :  2.67300e-08
 Reference value :  2.67850e-08
 Reference value :  2.68060e-08
 Reference value :  2.68700e-08
 Reference value :  2.69300e-08
 Reference value :  2.69700e-08
 Reference value :  2.70020e-08
 Reference value :  2.70300e-08
 Reference value :  2.70900e-08
 Reference value :  2.71500e-08
 Reference value :  2.72000e-08
 Reference value :  2.72300e-08
 Reference value :  2.72700e-08
 Reference value :  2.73100e-08
 Reference value :  2.73700e-08
 Reference value :  2.74000e-08
 Reference value :  2.74140e-08
 Reference value :  2.74500e-08
 Reference value :  2.74900e-08
 Reference value :  2.75300e-08
 Reference value :  2.75850e-08
 Reference value :  2.76140e-08
 Reference value :  2.76700e-08
 Reference value :  2.77100e-08
 Reference value :  2.77500e-08
 Reference value :  2.78000e-08
 Reference value :  2.78140e-08
 Reference value :  2.78700e-08
 Reference value :  2.79100e-08
 Reference value :  2.79500e-08
 Reference value :  2.79850e-08
 Reference value :  2.80060e-08
 Reference value :  2.80500e-08
 Reference value :  2.80900e-08
 Reference value :  2.81500e-08
 Reference value :  2.81850e-08
 Reference value :  2.82060e-08
 Reference value :  2.82300e-08
 Reference value :  2.82700e-08
 Reference value :  2.83300e-08
 Reference value :  2.83850e-08
 Reference value :  2.84060e-08
 Reference value :  2.84300e-08
 Reference value :  2.84700e-08
 Reference value :  2.85100e-08
 Reference value :  2.85500e-08
 Reference value :  2.86000e-08
 Reference value :  2.86140e-08
 Reference value :  2.86700e-08
 Reference value :  2.87100e-08
 Reference value :  2.87500e-08
 Reference value :  2.87850e-08
 Reference value :  2.88060e-08
 Reference value :  2.88500e-08
 Reference value :  2.88900e-08
 Reference value :  2.89300e-08
 Reference value :  2.89700e-08
 Reference value :  2.90000e-08
 Reference value :  2.90140e-08
 Reference value :  2.90700e-08
 Reference value :  2.91100e-08
 Reference value :  2.91500e-08
 Reference value :  2.92000e-08
 Reference value :  2.92300e-08
 Reference value :  2.92700e-08
 Reference value :  2.93100e-08
 Reference value :  2.93500e-08
 Reference value :  2.93850e-08
 Reference value :  2.94060e-08
 Reference value :  2.94700e-08
 Reference value :  2.95300e-08
 Reference value :  2.95700e-08
 Reference value :  2.96000e-08
 Reference value :  2.96140e-08
 Reference value :  2.96700e-08
 Reference value :  2.97300e-08
 Reference value :  2.97850e-08
 Reference value :  2.98060e-08
 Reference value :  2.98300e-08
 Reference value :  2.98700e-08
 Reference value :  2.99100e-08
 Reference value :  2.99700e-08
 Reference value :  3.00020e-08
 Reference value :  3.00300e-08
 Reference value :  3.00900e-08
 Reference value :  3.01300e-08
 Reference value :  3.01850e-08
 Reference value :  3.02060e-08
 Reference value :  3.02500e-08
 Reference value :  3.02900e-08
 Reference value :  3.03500e-08
 Reference value :  3.03850e-08
 Reference value :  3.04060e-08
 Reference value :  3.04500e-08
 Reference value :  3.05100e-08
 Reference value :  3.05500e-08
 Reference value :  3.05850e-08
 Reference value :  3.06060e-08
 Reference value :  3.06500e-08
 Reference value :  3.06900e-08
 Reference value :  3.07300e-08
 Reference value :  3.07850e-08
 Reference value :  3.08060e-08
 Reference value :  3.08500e-08
 Reference value :  3.09100e-08
 Reference value :  3.09850e-08
 Reference value :  3.10140e-08
 Reference value :  3.10700e-08
 Reference value :  3.11300e-08
 Reference value :  3.11850e-08
 Reference value :  3.12140e-08
 Reference value :  3.12900e-08
 Reference value :  3.13500e-08
 Reference value :  3.14000e-08
 Reference value :  3.14300e-08
 Reference value :  3.15100e-08
 Reference value :  3.15500e-08
 Reference value :  3.15850e-08
 Reference value :  3.16060e-08
 Reference value :  3.16500e-08
 Reference value :  3.16900e-08
 Reference value :  3.17300e-08
 Reference value :  3.17700e-08
 Reference value :  3.18000e-08
 Reference value :  3.18140e-08
 Reference value :  3.18700e-08
 Reference value :  3.19100e-08
 Reference value :  3.19500e-08
 Reference value :  3.20000e-08
 Reference value :  3.20300e-08
 Reference value :  3.20900e-08
 Reference value :  3.21500e-08
 Reference value :  3.21850e-08
 Reference value :  3.22020e-08
 Reference value :  3.22300e-08
 Reference value :  3.22700e-08
 Reference value :  3.23100e-08
 Reference value :  3.23500e-08
 Reference value :  3.24020e-08
 Reference value :  3.24300e-08
 Reference value :  3.24700e-08
 Reference value :  3.25100e-08
 Reference value :  3.25500e-08
 Reference value :  3.25850e-08
 Reference value :  3.26060e-08
 Reference value :  3.26500e-08
 Reference value :  3.27100e-08
 Reference value :  3.27500e-08
 Reference value :  3.27850e-08
 Reference value :  3.28060e-08
 Reference value :  3.28500e-08
 Reference value :  3.28900e-08
 Reference value :  3.29500e-08
 Reference value :  3.29850e-08
 Reference value :  3.30060e-08
 Reference value :  3.30500e-08
 Reference value :  3.31100e-08
 Reference value :  3.31700e-08
 Reference value :  3.32000e-08
 Reference value :  3.32140e-08
 Reference value :  3.32500e-08
 Reference value :  3.32900e-08
 Reference value :  3.33300e-08
 Reference value :  3.33850e-08
 Reference value :  3.34060e-08
 Reference value :  3.34500e-08
 Reference value :  3.34900e-08
 Reference value :  3.35300e-08
 Reference value :  3.35850e-08
 Reference value :  3.36060e-08
 Reference value :  3.36500e-08
 Reference value :  3.36900e-08
 Reference value :  3.37300e-08
 Reference value :  3.37700e-08
 Reference value :  3.38000e-08
 Reference value :  3.38140e-08
 Reference value :  3.38500e-08
 Reference value :  3.39100e-08
 Reference value :  3.39700e-08
 Reference value :  3.40000e-08
 Reference value :  3.40140e-08
 Reference value :  3.40500e-08
 Reference value :  3.40900e-08
 Reference value :  3.41500e-08
 Reference value :  3.41850e-08
 Reference value :  3.42060e-08
 Reference value :  3.42500e-08
 Reference value :  3.43100e-08
 Reference value :  3.43500e-08
 Reference value :  3.44000e-08
 Reference value :  3.44300e-08
 Reference value :  3.44900e-08
 Reference value :  3.45500e-08
 Reference value :  3.45850e-08
 Reference value :  3.46060e-08
 Reference value :  3.46500e-08
 Reference value :  3.46900e-08
 Reference value :  3.47700e-08
 Reference value :  3.48020e-08
 Reference value :  3.48300e-08
 Reference value :  3.48700e-08
 Reference value :  3.49100e-08
 Reference value :  3.49700e-08
 Reference value :  3.50060e-08
 Reference value :  3.50700e-08
 Reference value :  3.51100e-08
 Reference value :  3.51700e-08
 Reference value :  3.52020e-08
 Reference value :  3.52300e-08
 Reference value :  3.52700e-08
 Reference value :  3.53300e-08
 Reference value :  3.53700e-08
 Reference value :  3.54000e-08
 Reference value :  3.54140e-08
 Reference value :  3.54500e-08
 Reference value :  3.54900e-08
 Reference value :  3.55300e-08
 Reference value :  3.55700e-08
 Reference value :  3.56000e-08
 Reference value :  3.56300e-08
 Reference value :  3.56900e-08
 Reference value :  3.57500e-08
 Reference value :  3.58000e-08
 Reference value :  3.58140e-08
 Reference value :  3.58700e-08
 Reference value :  3.59100e-08
 Reference value :  3.59700e-08
 Reference value :  3.60020e-08
 Reference value :  3.60500e-08
 Reference value :  3.61100e-08
 Reference value :  3.61500e-08
 Reference value :  3.61850e-08
 Reference value :  3.62060e-08
 Reference value :  3.62500e-08
 Reference value :  3.63100e-08
 Reference value :  3.63500e-08
 Reference value :  3.63850e-08
 Reference value :  3.64060e-08
 Reference value :  3.64500e-08
 Reference value :  3.64900e-08
 Reference value :  3.65500e-08
 Reference value :  3.66000e-08
 Reference value :  3.66140e-08
 Reference value :  3.66500e-08
 Reference value :  3.66900e-08
 Reference value :  3.67300e-08
 Reference value :  3.67850e-08
 Reference value :  3.68060e-08
 Reference value :  3.68300e-08
 Reference value :  3.68700e-08
 Reference value :  3.69100e-08
 Reference value :  3.69500e-08
 Reference value :  3.70000e-08
 Reference value :  3.70140e-08
 Reference value :  3.70500e-08
 Reference value :  3.70900e-08
 Reference value :  3.71500e-08
 Reference value :  3.72000e-08
 Reference value :  3.72140e-08
 Reference value :  3.72500e-08
 Reference value :  3.72900e-08
 Reference value :  3.73300e-08
 Reference value :  3.73700e-08
 Reference value :  3.74020e-08
 Reference value :  3.74300e-08
 Reference value :  3.74700e-08
 Reference value :  3.75100e-08
 Reference value :  3.75500e-08
 Reference value :  3.76000e-08
 Reference value :  3.76300e-08
 Reference value :  3.77300e-08
 Reference value :  3.77850e-08
 Reference value :  3.78060e-08
 Reference value :  3.78500e-08
 Reference value :  3.78900e-08
 Reference value :  3.79500e-08
 Reference value :  3.79850e-08
 Reference value :  3.80060e-08
 Reference value :  3.80500e-08
 Reference value :  3.81100e-08
 Reference value :  3.81700e-08
 Reference value :  3.82020e-08
 Reference value :  3.82300e-08
 Reference value :  3.82900e-08
 Reference value :  3.83500e-08
 Reference value :  3.84000e-08
 Reference value :  3.84140e-08
 Reference value :  3.84700e-08
 Reference value :  3.85300e-08
 Reference value :  3.85850e-08
 Reference value :  3.86060e-08
 Reference value :  3.86500e-08
 Reference value :  3.86900e-08
 Reference value :  3.87500e-08
 Reference value :  3.87850e-08
 Reference value :  3.88060e-08
 Reference value :  3.88500e-08
 Reference value :  3.89100e-08
 Reference value :  3.89700e-08
 Reference value :  3.90020e-08
 Reference value :  3.90300e-08
 Reference value :  3.90700e-08
 Reference value :  3.91100e-08
 Reference value :  3.91500e-08
 Reference value :  3.92000e-08
 Reference value :  3.92140e-08
 Reference value :  3.92500e-08
 Reference value :  3.92900e-08
 Reference value :  3.93300e-08
 Reference value :  3.93700e-08
 Reference value :  3.94020e-08
 Reference value :  3.94300e-08
 Reference value :  3.94900e-08
 Reference value :  3.95300e-08
 Reference value :  3.95700e-08
 Reference value :  3.96000e-08
 Reference value :  3.96140e-08
 Reference value :  3.96700e-08
 Reference value :  3.97100e-08
 Reference value :  3.97500e-08
 Reference value :  3.98000e-08
 Reference value :  3.98300e-08
 Reference value :  3.98900e-08
 Reference value :  3.99300e-08
 Reference value :  3.99700e-08
 Reference value :  4.00020e-08
 Reference value :  4.00300e-08
 Reference value :  4.00900e-08
 Reference value :  4.01300e-08
 Reference value :  4.01700e-08
 Reference value :  4.02000e-08
 Reference value :  4.02300e-08
 Reference value :  4.02700e-08
 Reference value :  4.03300e-08
 Reference value :  4.03850e-08
 Reference value :  4.04060e-08
 Reference value :  4.04500e-08
 Reference value :  4.05100e-08
 Reference value :  4.05700e-08
 Reference value :  4.06020e-08
 Reference value :  4.06300e-08
 Reference value :  4.06700e-08
 Reference value :  4.07300e-08
 Reference value :  4.07700e-08
 Reference value :  4.08020e-08
 Reference value :  4.08300e-08
 Reference value :  4.08900e-08
 Reference value :  4.09300e-08
 Reference value :  4.09700e-08
 Reference value :  4.10000e-08
 Reference value :  4.10140e-08
 Reference value :  4.10700e-08
 Reference value :  4.11300e-08
 Reference value :  4.11700e-08
 Reference value :  4.12000e-08
 Reference value :  4.12300e-08
 Reference value :  4.12700e-08
 Reference value :  4.13100e-08
 Reference value :  4.13700e-08
 Reference value :  4.14000e-08
 Reference value :  4.14140e-08
 Reference value :  4.14500e-08
 Reference value :  4.14900e-08
 Reference value :  4.15500e-08
 Reference value :  4.16000e-08
 Reference value :  4.16140e-08
 Reference value :  4.16500e-08
 Reference value :  4.16900e-08
 Reference value :  4.17500e-08
 Reference value :  4.17850e-08
 Reference value :  4.18060e-08
 Reference value :  4.18500e-08
 Reference value :  4.19100e-08
 Reference value :  4.19500e-08
 Reference value :  4.20000e-08
 Reference value :  4.20140e-08
 Reference value :  4.20900e-08
 Reference value :  4.21300e-08
 Reference value :  4.21700e-08
 Reference value :  4.22000e-08
 Reference value :  4.22140e-08
 Reference value :  4.22500e-08
 Reference value :  4.22900e-08
 Reference value :  4.23500e-08
 Reference value :  4.24000e-08
 Reference value :  4.24140e-08
 Reference value :  4.24700e-08
 Reference value :  4.25300e-08
 Reference value :  4.25700e-08
 Reference value :  4.26020e-08
 Reference value :  4.26300e-08
 Reference value :  4.26900e-08
 Reference value :  4.27500e-08
 Reference value :  4.28000e-08
 Reference value :  4.28300e-08
 Reference value :  4.28900e-08
 Reference value :  4.29500e-08
 Reference value :  4.30000e-08
 Reference value :  4.30300e-08
 Reference value :  4.30900e-08
 Reference value :  4.31500e-08
 Reference value :  4.31850e-08
 Reference value :  4.32140e-08
 Reference value :  4.32700e-08
 Reference value :  4.33100e-08
 Reference value :  4.33700e-08
 Reference value :  4.34020e-08
 Reference value :  4.34300e-08
 Reference value :  4.34700e-08
 Reference value :  4.35300e-08
 Reference value :  4.35850e-08
 Reference value :  4.36060e-08
 Reference value :  4.36500e-08
 Reference value :  4.37100e-08
 Reference value :  4.37700e-08
 Reference value :  4.38020e-08
 Reference value :  4.38300e-08
 Reference value :  4.38700e-08
 Reference value :  4.39300e-08
 Reference value :  4.39700e-08
 Reference value :  4.40020e-08
 Reference value :  4.40500e-08
 Reference value :  4.40900e-08
 Reference value :  4.41300e-08
 Reference value :  4.41700e-08
 Reference value :  4.42020e-08
 Reference value :  4.42300e-08
 Reference value :  4.42700e-08
 Reference value :  4.43100e-08
 Reference value :  4.43700e-08
 Reference value :  4.44000e-08
 Reference value :  4.44140e-08
 Reference value :  4.44700e-08
 Reference value :  4.45300e-08
 Reference value :  4.45850e-08
 Reference value :  4.46060e-08
 Reference value :  4.46500e-08
 Reference value :  4.46900e-08
 Reference value :  4.47700e-08
 Reference value :  4.48000e-08
 Reference value :  4.48300e-08
 Reference value :  4.48700e-08
 Reference value :  4.49100e-08
 Reference value :  4.49500e-08
 Reference value :  4.49850e-08
 Reference value :  4.50060e-08
 Reference value :  4.50500e-08
 Reference value :  4.51100e-08
 Reference value :  4.51700e-08
 Reference value :  4.52000e-08
 Reference value :  4.52300e-08
 Reference value :  4.52700e-08
 Reference value :  4.53100e-08
 Reference value :  4.53700e-08
 Reference value :  4.54000e-08
 Reference value :  4.54140e-08
 Reference value :  4.54500e-08
 Reference value :  4.54900e-08
 Reference value :  4.55300e-08
 Reference value :  4.55700e-08
 Reference value :  4.56020e-08
 Reference value :  4.56300e-08
 Reference value :  4.56900e-08
 Reference value :  4.57500e-08
 Reference value :  4.58000e-08
 Reference value :  4.58300e-08
 Reference value :  4.58900e-08
 Reference value :  4.59500e-08
 Reference value :  4.59850e-08
 Reference value :  4.60020e-08
 Reference value :  4.60300e-08
 Reference value :  4.60700e-08
 Reference value :  4.61300e-08
 Reference value :  4.61850e-08
 Reference value :  4.62060e-08
 Reference value :  4.62500e-08
 Reference value :  4.63100e-08
 Reference value :  4.63850e-08
 Reference value :  4.64060e-08
 Reference value :  4.64300e-08
 Reference value :  4.64700e-08
 Reference value :  4.65100e-08
 Reference value :  4.65700e-08
 Reference value :  4.66020e-08
 Reference value :  4.66500e-08
 Reference value :  4.67100e-08
 Reference value :  4.67700e-08
 Reference value :  4.68020e-08
 Reference value :  4.68500e-08
 Reference value :  4.69100e-08
 Reference value :  4.69700e-08
 Reference value :  4.70000e-08
 Reference value :  4.70140e-08
 Reference value :  4.70700e-08
 Reference value :  4.71300e-08
 Reference value :  4.72000e-08
 Reference value :  4.72140e-08
 Reference value :  4.72500e-08
 Reference value :  4.72900e-08
 Reference value :  4.73300e-08
 Reference value :  4.74000e-08
 Reference value :  4.74140e-08
 Reference value :  4.74700e-08
 Reference value :  4.75100e-08
 Reference value :  4.75500e-08
 Reference value :  4.76000e-08
 Reference value :  4.76140e-08
 Reference value :  4.76700e-08
 Reference value :  4.77100e-08
 Reference value :  4.77850e-08
 Reference value :  4.78060e-08
 Reference value :  4.78500e-08
 Reference value :  4.79100e-08
 Reference value :  4.79500e-08
 Reference value :  4.80020e-08
 Reference value :  4.80300e-08
 Reference value :  4.80700e-08
 Reference value :  4.81100e-08
 Reference value :  4.81500e-08
 Reference value :  4.81850e-08
 Reference value :  4.82060e-08
 Reference value :  4.82500e-08
 Reference value :  4.83100e-08
 Reference value :  4.83500e-08
 Reference value :  4.83850e-08
 Reference value :  4.84060e-08
 Reference value :  4.84500e-08
 Reference value :  4.84900e-08
 Reference value :  4.85500e-08
 Reference value :  4.85850e-08
 Reference value :  4.86060e-08
 Reference value :  4.86500e-08
 Reference value :  4.86900e-08
 Reference value :  4.87500e-08
 Reference value :  4.88000e-08
 Reference value :  4.88140e-08
 Reference value :  4.88500e-08
 Reference value :  4.89100e-08
 Reference value :  4.89500e-08
 Reference value :  4.90000e-08
 Reference value :  4.90300e-08
 Reference value :  4.90700e-08
 Reference value :  4.91100e-08
 Reference value :  4.91500e-08
 Reference value :  4.91850e-08
 Reference value :  4.92060e-08
 Reference value :  4.92500e-08
 Reference value :  4.93100e-08
 Reference value :  4.93500e-08
 Reference value :  4.94000e-08
 Reference value :  4.94300e-08
 Reference value :  4.94900e-08
 Reference value :  4.95500e-08
 Reference value :  4.95850e-08
 Reference value :  4.96020e-08
 Reference value :  4.96300e-08
 Reference value :  4.96700e-08
 Reference value :  4.97300e-08
 Reference value :  4.97850e-08
 Reference value :  4.98140e-08
 Reference value :  4.98700e-08
 Reference value :  4.99100e-08
 Reference value :  4.99700e-08
 Reference value :  5.00020e-08
 Reference value :  5.00300e-08
 Reference value :  5.00700e-08
 Reference value :  5.01100e-08
 Reference value :  5.01500e-08
 Reference value :  5.01850e-08
 Reference value :  5.02060e-08
 Reference value :  5.02500e-08
 Reference value :  5.03100e-08
 Reference value :  5.03500e-08
 Reference value :  5.04000e-08
 Reference value :  5.04140e-08
 Reference value :  5.04700e-08
 Reference value :  5.05100e-08
 Reference value :  5.05500e-08
 Reference value :  5.05850e-08
 Reference value :  5.06060e-08
 Reference value :  5.06500e-08
 Reference value :  5.07100e-08
 Reference value :  5.07700e-08
 Reference value :  5.08020e-08
 Reference value :  5.08300e-08
 Reference value :  5.08700e-08
 Reference value :  5.09500e-08
 Reference value :  5.09850e-08
 Reference value :  5.10060e-08
 Reference value :  5.10500e-08
 Reference value :  5.11100e-08
 Reference value :  5.11500e-08
 Reference value :  5.12000e-08
 Reference value :  5.12140e-08
 Reference value :  5.12500e-08
 Reference value :  5.13100e-08
 Reference value :  5.13700e-08
 Reference value :  5.14060e-08
 Reference value :  5.14500e-08
 Reference value :  5.14900e-08
 Reference value :  5.15300e-08
 Reference value :  5.15700e-08
 Reference value :  5.16020e-08
 Reference value :  5.16300e-08
 Reference value :  5.16900e-08
 Reference value :  5.17300e-08
 Reference value :  5.17700e-08
 Reference value :  5.18000e-08
 Reference value :  5.18140e-08
 Reference value :  5.18700e-08
 Reference value :  5.19100e-08
 Reference value :  5.19700e-08
 Reference value :  5.20000e-08
 Reference value :  5.20140e-08
 Reference value :  5.20700e-08
 Reference value :  5.21300e-08
 Reference value :  5.21850e-08
 Reference value :  5.22060e-08
 Reference value :  5.22500e-08
 Reference value :  5.22900e-08
 Reference value :  5.23300e-08
 Reference value :  5.23700e-08
 Reference value :  5.24020e-08
 Reference value :  5.24300e-08
 Reference value :  5.24900e-08
 Reference value :  5.25300e-08
 Reference value :  5.25700e-08
 Reference value :  5.26000e-08
 Reference value :  5.26140e-08
 Reference value :  5.26700e-08
 Reference value :  5.27100e-08
 Reference value :  5.27500e-08
 Reference value :  5.27850e-08
 Reference value :  5.28060e-08
 Reference value :  5.28500e-08
 Reference value :  5.28900e-08
 Reference value :  5.29300e-08
 Reference value :  5.29700e-08
 Reference value :  5.30020e-08
 Reference value :  5.30300e-08
 Reference value :  5.30900e-08
 Reference value :  5.31300e-08
 Reference value :  5.31700e-08
 Reference value :  5.32000e-08
 Reference value :  5.32300e-08
 Reference value :  5.33100e-08
 Reference value :  5.33500e-08
 Reference value :  5.34000e-08
 Reference value :  5.34300e-08
 Reference value :  5.34900e-08
 Reference value :  5.35300e-08
 Reference value :  5.35850e-08
 Reference value :  5.36140e-08
 Reference value :  5.36500e-08
 Reference value :  5.36900e-08
 Reference value :  5.37300e-08
 Reference value :  5.37700e-08
 Reference value :  5.38000e-08
 Reference value :  5.38140e-08
 Reference value :  5.38700e-08
 Reference value :  5.39100e-08
 Reference value :  5.39500e-08
 Reference value :  5.39850e-08
 Reference value :  5.40060e-08
 Reference value :  5.40500e-08
 Reference value :  5.41100e-08
 Reference value :  5.41500e-08
 Reference value :  5.41850e-08
 Reference value :  5.42060e-08
 Reference value :  5.42500e-08
 Reference value :  5.43100e-08
 Reference value :  5.43700e-08
 Reference value :  5.44000e-08
 Reference value :  5.44140e-08
 Reference value :  5.44500e-08
 Reference value :  5.44900e-08
 Reference value :  5.45300e-08
 Reference value :  5.45700e-08
 Reference value :  5.46020e-08
 Reference value :  5.46300e-08
 Reference value :  5.46700e-08
 Reference value :  5.47300e-08
 Reference value :  5.47850e-08
 Reference value :  5.48060e-08
 Reference value :  5.48500e-08
 Reference value :  5.49100e-08
 Reference value :  5.49500e-08
 Reference value :  5.49850e-08
 Reference value :  5.50060e-08
 Reference value :  5.50700e-08
 Reference value :  5.51300e-08
 Reference value :  5.51850e-08
 Reference value :  5.52060e-08
 Reference value :  5.52500e-08
 Reference value :  5.53100e-08
 Reference value :  5.53700e-08
 Reference value :  5.54020e-08
 Reference value :  5.54300e-08
 Reference value :  5.54700e-08
 Reference value :  5.55100e-08
 Reference value :  5.55500e-08
 Reference value :  5.56000e-08
 Reference value :  5.56140e-08
 Reference value :  5.56700e-08
 Reference value :  5.57300e-08
 Reference value :  5.57700e-08
 Reference value :  5.58020e-08
 Reference value :  5.58300e-08
 Reference value :  5.58700e-08
 Reference value :  5.59300e-08
 Reference value :  5.59850e-08
 Reference value :  5.60060e-08
 Reference value :  5.60300e-08
 Reference value :  5.60700e-08
 Reference value :  5.61100e-08
 Reference value :  5.61500e-08
 Reference value :  5.62000e-08
 Reference value :  5.62140e-08
 Reference value :  5.62700e-08
 Reference value :  5.63300e-08
 Reference value :  5.63700e-08
 Reference value :  5.64020e-08
 Reference value :  5.64300e-08
 Reference value :  5.64900e-08
 Reference value :  5.65300e-08
 Reference value :  5.65700e-08
 Reference value :  5.66000e-08
 Reference value :  5.66140e-08
 Reference value :  5.66700e-08
 Reference value :  5.67100e-08
 Reference value :  5.67500e-08
 Reference value :  5.67850e-08
 Reference value :  5.68060e-08
 Reference value :  5.68500e-08
 Reference value :  5.68900e-08
 Reference value :  5.69500e-08
 Reference value :  5.70000e-08
 Reference value :  5.70140e-08
 Reference value :  5.70500e-08
 Reference value :  5.70900e-08
 Reference value :  5.71300e-08
 Reference value :  5.71700e-08
 Reference value :  5.72020e-08
 Reference value :  5.72300e-08
 Reference value :  5.72900e-08
 Reference value :  5.73300e-08
 Reference value :  5.73700e-08
 Reference value :  5.74000e-08
 Reference value :  5.74140e-08
 Reference value :  5.74700e-08
 Reference value :  5.75100e-08
 Reference value :  5.75500e-08
 Reference value :  5.76000e-08
 Reference value :  5.76140e-08
 Reference value :  5.76500e-08
 Reference value :  5.77100e-08
 Reference value :  5.77700e-08
 Reference value :  5.78020e-08
 Reference value :  5.78300e-08
 Reference value :  5.78900e-08
 Reference value :  5.79500e-08
 Reference value :  5.80000e-08
 Reference value :  5.80140e-08
 Reference value :  5.80700e-08
 Reference value :  5.81100e-08
 Reference value :  5.81500e-08
 Reference value :  5.82000e-08
 Reference value :  5.82300e-08
 Reference value :  5.82700e-08
 Reference value :  5.83300e-08
 Reference value :  5.83850e-08
 Reference value :  5.84060e-08
 Reference value :  5.84500e-08
 Reference value :  5.85100e-08
 Reference value :  5.85700e-08
 Reference value :  5.86060e-08
 Reference value :  5.86500e-08
 Reference value :  5.87100e-08
 Reference value :  5.87700e-08
 Reference value :  5.88020e-08
 Reference value :  5.88300e-08
 Reference value :  5.89100e-08
 Reference value :  5.89500e-08
 Reference value :  5.90000e-08
 Reference value :  5.90300e-08
 Reference value :  5.90900e-08
 Reference value :  5.91500e-08
 Reference value :  5.92000e-08
 Reference value :  5.92140e-08
 Reference value :  5.92500e-08
 Reference value :  5.93100e-08
 Reference value :  5.93500e-08
 Reference value :  5.94000e-08
 Reference value :  5.94300e-08
 Reference value :  5.94700e-08
 Reference value :  5.95100e-08
 Reference value :  5.95700e-08
 Reference value :  5.96060e-08
 Reference value :  5.96500e-08
 Reference value :  5.96900e-08
 Reference value :  5.97500e-08
 Reference value :  5.98000e-08
 Reference value :  5.98140e-08
 Reference value :  5.98700e-08
 Reference value :  5.99300e-08
 Reference value :  5.99700e-08
 Reference value :  6.00000e-08
 Reference value :  6.00140e-08
 Reference value :  6.00500e-08
 Reference value :  6.01100e-08
 Reference value :  6.01700e-08
 Reference value :  6.02000e-08
 Reference value :  6.02140e-08
 Reference value :  6.02500e-08
 Reference value :  6.02900e-08
 Reference value :  6.03300e-08
 Reference value :  6.03850e-08
 Reference value :  6.04060e-08
 Reference value :  6.04500e-08
 Reference value :  6.04900e-08
 Reference value :  6.05300e-08
 Reference value :  6.05700e-08
 Reference value :  6.06020e-08
 Reference value :  6.06300e-08
 Reference value :  6.06700e-08
 Reference value :  6.07100e-08
 Reference value :  6.07500e-08
 Reference value :  6.07850e-08
 Reference value :  6.08060e-08
 Reference value :  6.08500e-08
 Reference value :  6.09100e-08
 Reference value :  6.09500e-08
 Reference value :  6.10000e-08
 Reference value :  6.10140e-08
 Reference value :  6.10700e-08
 Reference value :  6.11100e-08
 Reference value :  6.11500e-08
 Reference value :  6.12000e-08
 Reference value :  6.12140e-08
 Reference value :  6.12700e-08
 Reference value :  6.13300e-08
 Reference value :  6.13700e-08
 Reference value :  6.14000e-08
 Reference value :  6.14140e-08
 Reference value :  6.14700e-08
 Reference value :  6.15300e-08
 Reference value :  6.15700e-08
 Reference value :  6.16000e-08
 Reference value :  6.16140e-08
 Reference value :  6.16700e-08
 Reference value :  6.17100e-08
 Reference value :  6.17500e-08
 Reference value :  6.18000e-08
 Reference value :  6.18140e-08
 Reference value :  6.18500e-08
 Reference value :  6.18900e-08
 Reference value :  6.19300e-08
 Reference value :  6.19850e-08
 Reference value :  6.20060e-08
 Reference value :  6.20500e-08
 Reference value :  6.20900e-08
 Reference value :  6.21300e-08
 Reference value :  6.21700e-08
 Reference value :  6.22020e-08
 Reference value :  6.22300e-08
 Reference value :  6.22900e-08
 Reference value :  6.23300e-08
 Reference value :  6.23700e-08
 Reference value :  6.24000e-08
 Reference value :  6.24140e-08
 Reference value :  6.24700e-08
 Reference value :  6.25100e-08
 Reference value :  6.25700e-08
 Reference value :  6.26000e-08
 Reference value :  6.26140e-08
 Reference value :  6.26700e-08
 Reference value :  6.27300e-08
 Reference value :  6.27850e-08
 Reference value :  6.28060e-08
 Reference value :  6.28500e-08
 Reference value :  6.29100e-08
 Reference value :  6.29500e-08
 Reference value :  6.30000e-08
 Reference value :  6.30140e-08
 Reference value :  6.30700e-08
 Reference value :  6.31100e-08
 Reference value :  6.31500e-08
 Reference value :  6.31850e-08
 Reference value :  6.32020e-08
 Reference value :  6.32300e-08
 Reference value :  6.32900e-08
 Reference value :  6.33500e-08
 Reference value :  6.34000e-08
 Reference value :  6.34140e-08
 Reference value :  6.34700e-08
 Reference value :  6.35100e-08
 Reference value :  6.35500e-08
 Reference value :  6.36000e-08
 Reference value :  6.36140e-08
 Reference value :  6.36700e-08
 Reference value :  6.37100e-08
 Reference value :  6.37500e-08
 Reference value :  6.37850e-08
 Reference value :  6.38060e-08
 Reference value :  6.38500e-08
 Reference value :  6.39100e-08
 Reference value :  6.39500e-08
 Reference value :  6.39850e-08
 Reference value :  6.40060e-08
 Reference value :  6.40500e-08
 Reference value :  6.40900e-08
 Reference value :  6.41500e-08
 Reference value :  6.42000e-08
 Reference value :  6.42300e-08
 Reference value :  6.42700e-08
 Reference value :  6.43100e-08
 Reference value :  6.43700e-08
 Reference value :  6.44020e-08
 Reference value :  6.44300e-08
 Reference value :  6.44700e-08
 Reference value :  6.45100e-08
 Reference value :  6.45500e-08
 Reference value :  6.46000e-08
 Reference value :  6.46300e-08
 Reference value :  6.46900e-08
 Reference value :  6.47300e-08
 Reference value :  6.47700e-08
 Reference value :  6.48000e-08
 Reference value :  6.48140e-08
 Reference value :  6.48700e-08
 Reference value :  6.49300e-08
 Reference value :  6.49700e-08
 Reference value :  6.50000e-08
 Reference value :  6.50140e-08
 Reference value :  6.50700e-08
 Reference value :  6.51100e-08
 Reference value :  6.51500e-08
 Reference value :  6.52000e-08
 Reference value :  6.52140e-08
 Reference value :  6.52500e-08
 Reference value :  6.52900e-08
 Reference value :  6.53300e-08
 Reference value :  6.53850e-08
 Reference value :  6.54060e-08
 Reference value :  6.54500e-08
 Reference value :  6.54900e-08
 Reference value :  6.55300e-08
 Reference value :  6.55700e-08
 Reference value :  6.56000e-08
 Reference value :  6.56140e-08
 Reference value :  6.56900e-08
 Reference value :  6.57300e-08
 Reference value :  6.57850e-08
 Reference value :  6.58060e-08
 Reference value :  6.58500e-08
 Reference value :  6.59100e-08
 Reference value :  6.59700e-08
 Reference value :  6.60020e-08
 Reference value :  6.60300e-08
 Reference value :  6.60700e-08
 Reference value :  6.61100e-08
 Reference value :  6.61500e-08
 Reference value :  6.61850e-08
 Reference value :  6.62020e-08
 Reference value :  6.62300e-08
 Reference value :  6.62900e-08
 Reference value :  6.63300e-08
 Reference value :  6.63700e-08
 Reference value :  6.64020e-08
 Reference value :  6.64300e-08
 Reference value :  6.64700e-08
 Reference value :  6.65300e-08
 Reference value :  6.65850e-08
 Reference value :  6.66060e-08
 Reference value :  6.66300e-08
 Reference value :  6.66700e-08
 Reference value :  6.67100e-08
 Reference value :  6.67500e-08
 Reference value :  6.68000e-08
 Reference value :  6.68140e-08
 Reference value :  6.68700e-08
 Reference value :  6.69300e-08
 Reference value :  6.69700e-08
 Reference value :  6.70000e-08
 Reference value :  6.70140e-08
 Reference value :  6.70700e-08
 Reference value :  6.71100e-08
 Reference value :  6.71500e-08
 Reference value :  6.71850e-08
 Reference value :  6.72060e-08
 Reference value :  6.72500e-08
 Reference value :  6.72900e-08
 Reference value :  6.73300e-08
 Reference value :  6.73850e-08
 Reference value :  6.74060e-08
 Reference value :  6.74500e-08
 Reference value :  6.75100e-08
 Reference value :  6.75700e-08
 Reference value :  6.76000e-08
 Reference value :  6.76140e-08
 Reference value :  6.76500e-08
 Reference value :  6.76900e-08
 Reference value :  6.77300e-08
 Reference value :  6.77700e-08
 Reference value :  6.78020e-08
 Reference value :  6.78300e-08
 Reference value :  6.78700e-08
 Reference value :  6.79100e-08
 Reference value :  6.79500e-08
 Reference value :  6.80000e-08
 Reference value :  6.80140e-08
 Reference value :  6.80700e-08
 Reference value :  6.81100e-08
 Reference value :  6.81500e-08
 Reference value :  6.81850e-08
 Reference value :  6.82060e-08
 Reference value :  6.82500e-08
 Reference value :  6.83100e-08
 Reference value :  6.83700e-08
 Reference value :  6.84020e-08
 Reference value :  6.84300e-08
 Reference value :  6.84700e-08
 Reference value :  6.85300e-08
 Reference value :  6.85850e-08
 Reference value :  6.86060e-08
 Reference value :  6.86500e-08
 Reference value :  6.86900e-08
 Reference value :  6.87300e-08
 Reference value :  6.87850e-08
 Reference value :  6.88060e-08
 Reference value :  6.88500e-08
 Reference value :  6.89100e-08
 Reference value :  6.89700e-08
 Reference value :  6.90000e-08
 Reference value :  6.90300e-08
 Reference value :  6.90700e-08
 Reference value :  6.91100e-08
 Reference value :  6.91850e-08
 Reference value :  6.92060e-08
 Reference value :  6.92500e-08
 Reference value :  6.92900e-08
 Reference value :  6.93300e-08
 Reference value :  6.93850e-08
 Reference value :  6.94060e-08
 Reference value :  6.94500e-08
 Reference value :  6.95100e-08
 Reference value :  6.95500e-08
 Reference value :  6.96000e-08
 Reference value :  6.96300e-08
 Reference value :  6.96700e-08
 Reference value :  6.97300e-08
 Reference value :  6.97700e-08
 Reference value :  6.98020e-08
 Reference value :  6.98300e-08
 Reference value :  6.98700e-08
 Reference value :  6.99300e-08
 Reference value :  6.99850e-08
 Reference value :  7.00060e-08
 Reference value :  7.00500e-08
 Reference value :  7.01100e-08
 Reference value :  7.01700e-08
 Reference value :  7.02020e-08
 Reference value :  7.02300e-08
 Reference value :  7.02900e-08
 Reference value :  7.03500e-08
 Reference value :  7.04000e-08
 Reference value :  7.04300e-08
 Reference value :  7.04900e-08
 Reference value :  7.05500e-08
 Reference value :  7.06000e-08
 Reference value :  7.06300e-08
 Reference value :  7.06900e-08
 Reference value :  7.07500e-08
 Reference value :  7.07850e-08
 Reference value :  7.08060e-08
 Reference value :  7.08500e-08
 Reference value :  7.08900e-08
 Reference value :  7.09300e-08
 Reference value :  7.09850e-08
 Reference value :  7.10140e-08
 Reference value :  7.10500e-08
 Reference value :  7.11100e-08
 Reference value :  7.11700e-08
 Reference value :  7.12060e-08
 Reference value :  7.12500e-08
 Reference value :  7.13100e-08
 Reference value :  7.13700e-08
 Reference value :  7.14020e-08
 Reference value :  7.14300e-08
 Reference value :  7.14900e-08
 Reference value :  7.15500e-08
 Reference value :  7.16020e-08
 Reference value :  7.16300e-08
 Reference value :  7.16900e-08
 Reference value :  7.17500e-08
 Reference value :  7.18000e-08
 Reference value :  7.18300e-08
 Reference value :  7.18900e-08
 Reference value :  7.19300e-08
 Reference value :  7.19700e-08
 Reference value :  7.20000e-08
 Reference value :  7.20140e-08
 Reference value :  7.20700e-08
 Reference value :  7.21500e-08
 Reference value :  7.22000e-08
 Reference value :  7.22300e-08
 Reference value :  7.22900e-08
 Reference value :  7.23500e-08
 Reference value :  7.24000e-08
 Reference value :  7.24140e-08
 Reference value :  7.24500e-08
 Reference value :  7.25100e-08
 Reference value :  7.25500e-08
 Reference value :  7.26000e-08
 Reference value :  7.26300e-08
 Reference value :  7.26900e-08
 Reference value :  7.27300e-08
 Reference value :  7.27700e-08
 Reference value :  7.28020e-08
 Reference value :  7.28300e-08
 Reference value :  7.28700e-08
 Reference value :  7.29100e-08
 Reference value :  7.29500e-08
 Reference value :  7.29850e-08
 Reference value :  7.30060e-08
 Reference value :  7.30500e-08
 Reference value :  7.31100e-08
 Reference value :  7.31500e-08
 Reference value :  7.31850e-08
 Reference value :  7.32060e-08
 Reference value :  7.32500e-08
 Reference value :  7.33100e-08
 Reference value :  7.33700e-08
 Reference value :  7.34000e-08
 Reference value :  7.34140e-08
 Reference value :  7.34500e-08
 Reference value :  7.34900e-08
 Reference value :  7.35300e-08
 Reference value :  7.35700e-08
 Reference value :  7.36060e-08
 Reference value :  7.36500e-08
 Reference value :  7.37100e-08
 Reference value :  7.37500e-08
 Reference value :  7.38000e-08
 Reference value :  7.38300e-08
 Reference value :  7.38900e-08
 Reference value :  7.39500e-08
 Reference value :  7.40000e-08
 Reference value :  7.40300e-08
 Reference value :  7.40700e-08
 Reference value :  7.41100e-08
 Reference value :  7.41700e-08
 Reference value :  7.42020e-08
 Reference value :  7.42300e-08
 Reference value :  7.42900e-08
 Reference value :  7.43500e-08
 Reference value :  7.43850e-08
 Reference value :  7.44060e-08
 Reference value :  7.44500e-08
 Reference value :  7.45100e-08
 Reference value :  7.45500e-08
 Reference value :  7.45850e-08
 Reference value :  7.46060e-08
 Reference value :  7.46500e-08
 Reference value :  7.47100e-08
 Reference value :  7.47850e-08
 Reference value :  7.48060e-08
 Reference value :  7.48500e-08
 Reference value :  7.49100e-08
 Reference value :  7.49500e-08
 Reference value :  7.50000e-08
 Reference value :  7.50140e-08
 Reference value :  7.50500e-08
 Reference value :  7.50900e-08
 Reference value :  7.51300e-08
 Reference value :  7.51700e-08
 Reference value :  7.52060e-08
 Reference value :  7.52500e-08
 Reference value :  7.52900e-08
 Reference value :  7.53300e-08
 Reference value :  7.53700e-08
 Reference value :  7.54000e-08
 Reference value :  7.54140e-08
 Reference value :  7.54700e-08
 Reference value :  7.55300e-08
 Reference value :  7.55850e-08
 Reference value :  7.56060e-08
 Reference value :  7.56500e-08
 Reference value :  7.56900e-08
 Reference value :  7.57300e-08
 Reference value :  7.57850e-08
 Reference value :  7.58060e-08
 Reference value :  7.58500e-08
 Reference value :  7.58900e-08
 Reference value :  7.59300e-08
 Reference value :  7.59850e-08
 Reference value :  7.60060e-08
 Reference value :  7.60300e-08
 Reference value :  7.60700e-08
 Reference value :  7.61100e-08
 Reference value :  7.61700e-08
 Reference value :  7.62060e-08
 Reference value :  7.62500e-08
 Reference value :  7.63100e-08
 Reference value :  7.63500e-08
 Reference value :  7.64000e-08
 Reference value :  7.64300e-08
 Reference value :  7.65100e-08
 Reference value :  7.65700e-08
 Reference value :  7.66000e-08
 Reference value :  7.66140e-08
 Reference value :  7.66500e-08
 Reference value :  7.66900e-08
 Reference value :  7.67500e-08
 Reference value :  7.67850e-08
 Reference value :  7.68060e-08
 Reference value :  7.68700e-08
 Reference value :  7.69300e-08
 Reference value :  7.69850e-08
 Reference value :  7.70060e-08
 Reference value :  7.70500e-08
 Reference value :  7.71100e-08
 Reference value :  7.71700e-08
 Reference value :  7.72020e-08
 Reference value :  7.72300e-08
 Reference value :  7.72700e-08
 Reference value :  7.73300e-08
 Reference value :  7.73850e-08
 Reference value :  7.74140e-08
 Reference value :  7.74700e-08
 Reference value :  7.75100e-08
 Reference value :  7.75700e-08
 Reference value :  7.76000e-08
 Reference value :  7.76140e-08
 Reference value :  7.76700e-08
 Reference value :  7.77300e-08
 Reference value :  7.77700e-08
 Reference value :  7.78000e-08
 Reference value :  7.78140e-08
 Reference value :  7.78700e-08
 Reference value :  7.79300e-08
 Reference value :  7.79850e-08
 Reference value :  7.80060e-08
 Reference value :  7.80500e-08
 Reference value :  7.81100e-08
 Reference value :  7.81700e-08
 Reference value :  7.82020e-08
 Reference value :  7.82300e-08
 Reference value :  7.82900e-08
 Reference value :  7.83300e-08
 Reference value :  7.83850e-08
 Reference value :  7.84140e-08
 Reference value :  7.84700e-08
 Reference value :  7.85300e-08
 Reference value :  7.85850e-08
 Reference value :  7.86060e-08
 Reference value :  7.86500e-08
 Reference value :  7.86900e-08
 Reference value :  7.87300e-08
 Reference value :  7.87700e-08
 Reference value :  7.88000e-08
 Reference value :  7.88140e-08
 Reference value :  7.88700e-08
 Reference value :  7.89300e-08
 Reference value :  7.89700e-08
 Reference value :  7.90000e-08
 Reference value :  7.90140e-08
 Reference value :  7.90500e-08
 Reference value :  7.91100e-08
 Reference value :  7.91700e-08
 Reference value :  7.92000e-08
 Reference value :  7.92140e-08
 Reference value :  7.92700e-08
 Reference value :  7.93100e-08
 Reference value :  7.93700e-08
 Reference value :  7.94020e-08
 Reference value :  7.94300e-08
 Reference value :  7.94900e-08
 Reference value :  7.95500e-08
 Reference value :  7.96000e-08
 Reference value :  7.96140e-08
 Reference value :  7.96700e-08
 Reference value :  7.97300e-08
 Reference value :  7.98000e-08
 Reference value :  7.98300e-08
 Reference value :  7.98900e-08
 Reference value :  7.99300e-08
 Reference value :  7.99850e-08
 Reference value :  8.00060e-08
 Reference value :  8.00500e-08
 Reference value :  8.01100e-08
 Reference value :  8.01500e-08
 Reference value :  8.01850e-08
 Reference value :  8.02060e-08
 Reference value :  8.02500e-08
 Reference value :  8.03100e-08
 Reference value :  8.03500e-08
 Reference value :  8.04000e-08
 Reference value :  8.04140e-08
 Reference value :  8.04500e-08
 Reference value :  8.05100e-08
 Reference value :  8.05500e-08
 Reference value :  8.06000e-08
 Reference value :  8.06140e-08
 Reference value :  8.06500e-08
 Reference value :  8.07100e-08
 Reference value :  8.07700e-08
 Reference value :  8.08020e-08
 Reference value :  8.08300e-08
 Reference value :  8.08700e-08
 Reference value :  8.09300e-08
 Reference value :  8.09700e-08
 Reference value :  8.10020e-08
 Reference value :  8.10500e-08
 Reference value :  8.11100e-08
 Reference value :  8.11700e-08
 Reference value :  8.12020e-08
 Reference value :  8.12300e-08
 Reference value :  8.12900e-08
 Reference value :  8.13500e-08
 Reference value :  8.14000e-08
 Reference value :  8.14140e-08
 Reference value :  8.14700e-08
 Reference value :  8.15100e-08
 Reference value :  8.15700e-08
 Reference value :  8.16020e-08
 Reference value :  8.16300e-08
 Reference value :  8.16700e-08
 Reference value :  8.17100e-08
 Reference value :  8.17500e-08
 Reference value :  8.18000e-08
 Reference value :  8.18300e-08
 Reference value :  8.18900e-08
 Reference value :  8.19300e-08
 Reference value :  8.19700e-08
 Reference value :  8.20020e-08
 Reference value :  8.20300e-08
 Reference value :  8.20700e-08
 Reference value :  8.21300e-08
 Reference value :  8.21850e-08
 Reference value :  8.22060e-08
 Reference value :  8.22500e-08
 Reference value :  8.22900e-08
 Reference value :  8.23300e-08
 Reference value :  8.23850e-08
 Reference value :  8.24060e-08
 Reference value :  8.24500e-08
 Reference value :  8.24900e-08
 Reference value :  8.25300e-08
 Reference value :  8.25700e-08
 Reference value :  8.26000e-08
 Reference value :  8.26140e-08
 Reference value :  8.26700e-08
 Reference value :  8.27300e-08
 Reference value :  8.27700e-08
 Reference value :  8.28020e-08
 Reference value :  8.28300e-08
 Reference value :  8.28700e-08
 Reference value :  8.29100e-08
 Reference value :  8.29700e-08
 Reference value :  8.30000e-08
 Reference value :  8.30140e-08
 Reference value :  8.30500e-08
 Reference value :  8.30900e-08
 Reference value :  8.31300e-08
 Reference value :  8.31700e-08
 Reference value :  8.32020e-08
 Reference value :  8.32300e-08
 Reference value :  8.32900e-08
 Reference value :  8.33500e-08
 Reference value :  8.34000e-08
 Reference value :  8.34300e-08
 Reference value :  8.34700e-08
 Reference value :  8.35100e-08
 Reference value :  8.35500e-08
 Reference value :  8.35850e-08
 Reference value :  8.36060e-08
 Reference value :  8.36500e-08
 Reference value :  8.37100e-08
 Reference value :  8.37700e-08
 Reference value :  8.38020e-08
 Reference value :  8.38300e-08
 Reference value :  8.38900e-08
 Reference value :  8.39500e-08
 Reference value :  8.39850e-08
 Reference value :  8.40020e-08
 Reference value :  8.40300e-08
 Reference value :  8.40700e-08
 Reference value :  8.41100e-08
 Reference value :  8.41500e-08
 Reference value :  8.42020e-08
 Reference value :  8.42300e-08
 Reference value :  8.42700e-08
 Reference value :  8.43100e-08
 Reference value :  8.43500e-08
 Reference value :  8.44000e-08
 Reference value :  8.44140e-08
 Reference value :  8.44500e-08
 Reference value :  8.44900e-08
 Reference value :  8.45300e-08
 Reference value :  8.45700e-08
 Reference value :  8.46000e-08
 Reference value :  8.46140e-08
 Reference value :  8.46700e-08
 Reference value :  8.47100e-08
 Reference value :  8.47500e-08
 Reference value :  8.48000e-08
 Reference value :  8.48140e-08
 Reference value :  8.48700e-08
 Reference value :  8.49300e-08
 Reference value :  8.49850e-08
 Reference value :  8.50140e-08
 Reference value :  8.50900e-08
 Reference value :  8.51300e-08
 Reference value :  8.51700e-08
 Reference value :  8.52020e-08
 Reference value :  8.52300e-08
 Reference value :  8.52700e-08
 Reference value :  8.53300e-08
 Reference value :  8.53850e-08
 Reference value :  8.54020e-08
 Reference value :  8.54300e-08
 Reference value :  8.54700e-08
 Reference value :  8.55300e-08
 Reference value :  8.55850e-08
 Reference value :  8.56060e-08
 Reference value :  8.56500e-08
 Reference value :  8.56900e-08
 Reference value :  8.57500e-08
 Reference value :  8.58000e-08
 Reference value :  8.58140e-08
 Reference value :  8.58700e-08
 Reference value :  8.59100e-08
 Reference value :  8.59500e-08
 Reference value :  8.59850e-08
 Reference value :  8.60060e-08
 Reference value :  8.60500e-08
 Reference value :  8.61100e-08
 Reference value :  8.61500e-08
 Reference value :  8.61850e-08
 Reference value :  8.62060e-08
 Reference value :  8.62500e-08
 Reference value :  8.63100e-08
 Reference value :  8.63500e-08
 Reference value :  8.63850e-08
 Reference value :  8.64060e-08
 Reference value :  8.64500e-08
 Reference value :  8.64900e-08
 Reference value :  8.65500e-08
 Reference value :  8.66000e-08
 Reference value :  8.66140e-08
 Reference value :  8.66500e-08
 Reference value :  8.66900e-08
 Reference value :  8.67300e-08
 Reference value :  8.67700e-08
 Reference value :  8.68020e-08
 Reference value :  8.68300e-08
 Reference value :  8.68900e-08
 Reference value :  8.69300e-08
 Reference value :  8.69700e-08
 Reference value :  8.70000e-08
 Reference value :  8.70140e-08
 Reference value :  8.70900e-08
 Reference value :  8.71300e-08
 Reference value :  8.71850e-08
 Reference value :  8.72020e-08
 Reference value :  8.72300e-08
 Reference value :  8.72900e-08
 Reference value :  8.73300e-08
 Reference value :  8.73700e-08
 Reference value :  8.74020e-08
 Reference value :  8.74500e-08
 Reference value :  8.74900e-08
 Reference value :  8.75500e-08
 Reference value :  8.76000e-08
 Reference value :  8.76140e-08
 Reference value :  8.76700e-08
 Reference value :  8.77300e-08
 Reference value :  8.77700e-08
 Reference value :  8.78000e-08
 Reference value :  8.78300e-08
 Reference value :  8.78900e-08
 Reference value :  8.79300e-08
 Reference value :  8.79850e-08
 Reference value :  8.80140e-08
 Reference value :  8.80500e-08
 Reference value :  8.80900e-08
 Reference value :  8.81500e-08
 Reference value :  8.81850e-08
 Reference value :  8.82060e-08
 Reference value :  8.82500e-08
 Reference value :  8.82900e-08
 Reference value :  8.83300e-08
 Reference value :  8.83700e-08
 Reference value :  8.84020e-08
 Reference value :  8.84300e-08
 Reference value :  8.84700e-08
 Reference value :  8.85100e-08
 Reference value :  8.85500e-08
 Reference value :  8.85850e-08
 Reference value :  8.86060e-08
 Reference value :  8.86500e-08
 Reference value :  8.87100e-08
 Reference value :  8.87700e-08
 Reference value :  8.88000e-08
 Reference value :  8.88140e-08
 Reference value :  8.88500e-08
 Reference value :  8.88900e-08
 Reference value :  8.89300e-08
 Reference value :  8.89700e-08
 Reference value :  8.90020e-08
 Reference value :  8.90300e-08
 Reference value :  8.90700e-08
 Reference value :  8.91100e-08
 Reference value :  8.91700e-08
 Reference value :  8.92020e-08
 Reference value :  8.92500e-08
 Reference value :  8.92900e-08
 Reference value :  8.93500e-08
 Reference value :  8.93850e-08
 Reference value :  8.94060e-08
 Reference value :  8.94500e-08
 Reference value :  8.95100e-08
 Reference value :  8.95500e-08
 Reference value :  8.95850e-08
 Reference value :  8.96060e-08
 Reference value :  8.96300e-08
 Reference value :  8.96900e-08
 Reference value :  8.97500e-08
 Reference value :  8.97850e-08
 Reference value :  8.98060e-08
 Reference value :  8.98500e-08
 Reference value :  8.98900e-08
 Reference value :  8.99300e-08
 Reference value :  8.99700e-08
 Reference value :  9.00000e-08
 Reference value :  9.00140e-08
 Reference value :  9.00700e-08
 Reference value :  9.01300e-08
 Reference value :  9.01700e-08
 Reference value :  9.02000e-08
 Reference value :  9.02140e-08
 Reference value :  9.02500e-08
 Reference value :  9.03100e-08
 Reference value :  9.03700e-08
 Reference value :  9.04020e-08
 Reference value :  9.04140e-08
 Reference value :  9.04500e-08
 Reference value :  9.04900e-08
 Reference value :  9.05300e-08
 Reference value :  9.05850e-08
 Reference value :  9.06060e-08
 Reference value :  9.06500e-08
 Reference value :  9.06900e-08
 Reference value :  9.07300e-08
 Reference value :  9.07700e-08
 Reference value :  9.08000e-08
 Reference value :  9.08300e-08
 Reference value :  9.08900e-08
 Reference value :  9.09300e-08
 Reference value :  9.09700e-08
 Reference value :  9.10000e-08
 Reference value :  9.10140e-08
 Reference value :  9.10700e-08
 Reference value :  9.11100e-08
 Reference value :  9.11500e-08
 Reference value :  9.11850e-08
 Reference value :  9.12060e-08
 Reference value :  9.12500e-08
 Reference value :  9.12900e-08
 Reference value :  9.13700e-08
 Reference value :  9.14000e-08
 Reference value :  9.14140e-08
 Reference value :  9.14500e-08
 Reference value :  9.14900e-08
 Reference value :  9.15300e-08
 Reference value :  9.15700e-08
 Reference value :  9.16020e-08
 Reference value :  9.16300e-08
 Reference value :  9.16700e-08
 Reference value :  9.17100e-08
 Reference value :  9.17500e-08
 Reference value :  9.17850e-08
 Reference value :  9.18140e-08
 Reference value :  9.18900e-08
 Reference value :  9.19300e-08
 Reference value :  9.19700e-08
 Reference value :  9.20020e-08
 Reference value :  9.20300e-08
 Reference value :  9.20900e-08
 Reference value :  9.21700e-08
 Reference value :  9.22000e-08
 Reference value :  9.22300e-08
 Reference value :  9.22700e-08
 Reference value :  9.23300e-08
 Reference value :  9.24000e-08
 Reference value :  9.24140e-08
 Reference value :  9.24700e-08
 Reference value :  9.25100e-08
 Reference value :  9.25700e-08
 Reference value :  9.26000e-08
 Reference value :  9.26140e-08
 Reference value :  9.26700e-08
 Reference value :  9.27300e-08
 Reference value :  9.27850e-08
 Reference value :  9.28060e-08
 Reference value :  9.28500e-08
 Reference value :  9.29100e-08
 Reference value :  9.29700e-08
 Reference value :  9.30020e-08
 Reference value :  9.30300e-08
 Reference value :  9.30700e-08
 Reference value :  9.31100e-08
 Reference value :  9.31500e-08
 Reference value :  9.31850e-08
 Reference value :  9.32060e-08
 Reference value :  9.32700e-08
 Reference value :  9.33300e-08
 Reference value :  9.33700e-08
 Reference value :  9.34000e-08
 Reference value :  9.34140e-08
 Reference value :  9.34500e-08
 Reference value :  9.35100e-08
 Reference value :  9.35700e-08
 Reference value :  9.36000e-08
 Reference value :  9.36140e-08
 Reference value :  9.36500e-08
 Reference value :  9.37100e-08
 Reference value :  9.37500e-08
 Reference value :  9.38000e-08
 Reference value :  9.38140e-08
 Reference value :  9.38700e-08
 Reference value :  9.39300e-08
 Reference value :  9.39850e-08
 Reference value :  9.40060e-08
 Reference value :  9.40500e-08
 Reference value :  9.40900e-08
 Reference value :  9.41300e-08
 Reference value :  9.41850e-08
 Reference value :  9.42060e-08
 Reference value :  9.42500e-08
 Reference value :  9.43100e-08
 Reference value :  9.43700e-08
 Reference value :  9.44000e-08
 Reference value :  9.44140e-08
 Reference value :  9.44500e-08
 Reference value :  9.45100e-08
 Reference value :  9.45500e-08
 Reference value :  9.45850e-08
 Reference value :  9.46020e-08
 Reference value :  9.46300e-08
 Reference value :  9.46700e-08
 Reference value :  9.47300e-08
 Reference value :  9.48000e-08
 Reference value :  9.48140e-08
 Reference value :  9.48700e-08
 Reference value :  9.49300e-08
 Reference value :  9.49850e-08
 Reference value :  9.50060e-08
 Reference value :  9.50500e-08
 Reference value :  9.50900e-08
 Reference value :  9.51500e-08
 Reference value :  9.51850e-08
 Reference value :  9.52060e-08
 Reference value :  9.52500e-08
 Reference value :  9.52900e-08
 Reference value :  9.53300e-08
 Reference value :  9.53850e-08
 Reference value :  9.54060e-08
 Reference value :  9.54500e-08
 Reference value :  9.54900e-08
 Reference value :  9.55500e-08
 Reference value :  9.56000e-08
 Reference value :  9.56140e-08
 Reference value :  9.56700e-08
 Reference value :  9.57100e-08
 Reference value :  9.57700e-08
 Reference value :  9.58020e-08
 Reference value :  9.58500e-08
 Reference value :  9.59100e-08
 Reference value :  9.59700e-08
 Reference value :  9.60000e-08
 Reference value :  9.60140e-08
 Reference value :  9.60700e-08
 Reference value :  9.61100e-08
 Reference value :  9.61500e-08
 Reference value :  9.62000e-08
 Reference value :  9.62140e-08
 Reference value :  9.62500e-08
 Reference value :  9.62900e-08
 Reference value :  9.63300e-08
 Reference value :  9.63700e-08
 Reference value :  9.64020e-08
 Reference value :  9.64300e-08
 Reference value :  9.64700e-08
 Reference value :  9.65100e-08
 Reference value :  9.65500e-08
 Reference value :  9.65850e-08
 Reference value :  9.66060e-08
 Reference value :  9.66500e-08
 Reference value :  9.67100e-08
 Reference value :  9.67500e-08
 Reference value :  9.67850e-08
 Reference value :  9.68060e-08
 Reference value :  9.68500e-08
 Reference value :  9.68900e-08
 Reference value :  9.69500e-08
 Reference value :  9.69850e-08
 Reference value :  9.70060e-08
 Reference value :  9.70500e-08
 Reference value :  9.70900e-08
 Reference value :  9.71500e-08
 Reference value :  9.72000e-08
 Reference value :  9.72300e-08
 Reference value :  9.72900e-08
 Reference value :  9.73500e-08
 Reference value :  9.74000e-08
 Reference value :  9.74140e-08
 Reference value :  9.74700e-08
 Reference value :  9.75100e-08
 Reference value :  9.75500e-08
 Reference value :  9.75850e-08
 Reference value :  9.76060e-08
 Reference value :  9.76500e-08
 Reference value :  9.77100e-08
 Reference value :  9.77500e-08
 Reference value :  9.78000e-08
 Reference value :  9.78140e-08
 Reference value :  9.78700e-08
 Reference value :  9.79100e-08
 Reference value :  9.79500e-08
 Reference value :  9.80000e-08
 Reference value :  9.80140e-08
 Reference value :  9.80700e-08
 Reference value :  9.81100e-08
 Reference value :  9.81700e-08
 Reference value :  9.82020e-08
 Reference value :  9.82500e-08
 Reference value :  9.83300e-08
 Reference value :  9.83700e-08
 Reference value :  9.84000e-08
 Reference value :  9.84300e-08
 Reference value :  9.84900e-08
 Reference value :  9.85500e-08
 Reference value :  9.86000e-08
 Reference value :  9.86140e-08
 Reference value :  9.86500e-08
 Reference value :  9.86900e-08
 Reference value :  9.87300e-08
 Reference value :  9.87850e-08
 Reference value :  9.88060e-08
 Reference value :  9.88500e-08
 Reference value :  9.89100e-08
 Reference value :  9.89500e-08
 Reference value :  9.89850e-08
 Reference value :  9.90140e-08
 Reference value :  9.90700e-08
 Reference value :  9.91300e-08
 Reference value :  9.91700e-08
 Reference value :  9.92020e-08
 Reference value :  9.92300e-08
 Reference value :  9.93100e-08
 Reference value :  9.93500e-08
 Reference value :  9.93850e-08
 Reference value :  9.94060e-08
 Reference value :  9.94500e-08
 Reference value :  9.95100e-08
 Reference value :  9.95500e-08
 Reference value :  9.96000e-08
 Reference value :  9.96300e-08
 Reference value :  9.96700e-08
 Reference value :  9.97100e-08
 Reference value :  9.97700e-08
 Reference value :  9.98060e-08
 Reference value :  9.98500e-08
 Reference value :  9.99100e-08
 Reference value :  9.99500e-08
 Reference value :  9.99850e-08
 Reference value :  1.00006e-07
 Reference value :  1.00070e-07
 Reference value :  1.00130e-07
 Reference value :  1.00170e-07
 Reference value :  1.00200e-07
 Reference value :  1.00214e-07
 Reference value :  1.00250e-07
 Reference value :  1.00310e-07
 Reference value :  1.00350e-07
 Reference value :  1.00385e-07
 Reference value :  1.00406e-07
 Reference value :  1.00450e-07
 Reference value :  1.00490e-07
 Reference value :  1.00530e-07
 Reference value :  1.00570e-07
 Reference value :  1.00600e-07
 Reference value :  1.00614e-07
 Reference value :  1.00670e-07
 Reference value :  1.00730e-07
 Reference value :  1.00785e-07
 Reference value :  1.00806e-07
 Reference value :  1.00850e-07
 Reference value :  1.00910e-07
 Reference value :  1.00970e-07
 Reference value :  1.01000e-07
 Reference value :  1.01014e-07
 Reference value :  1.01050e-07
 Reference value :  1.01110e-07
 Reference value :  1.01150e-07
 Reference value :  1.01200e-07
 Reference value :  1.01214e-07
 Reference value :  1.01270e-07
 Reference value :  1.01310e-07
 Reference value :  1.01370e-07
 Reference value :  1.01402e-07
 Reference value :  1.01450e-07
 Reference value :  1.01510e-07
 Reference value :  1.01570e-07
 Reference value :  1.01600e-07
 Reference value :  1.01630e-07
 Reference value :  1.01670e-07
 Reference value :  1.01710e-07
 Reference value :  1.01750e-07
 Reference value :  1.01785e-07
 Reference value :  1.01802e-07
 Reference value :  1.01830e-07
 Reference value :  1.01890e-07
 Reference value :  1.01950e-07
 Reference value :  1.02000e-07
 Reference value :  1.02014e-07
 Reference value :  1.02050e-07
 Reference value :  1.02090e-07
 Reference value :  1.02150e-07
 Reference value :  1.02200e-07
 Reference value :  1.02214e-07
 Reference value :  1.02250e-07
 Reference value :  1.02310e-07
 Reference value :  1.02370e-07
 Reference value :  1.02402e-07
 Reference value :  1.02450e-07
 Reference value :  1.02510e-07
 Reference value :  1.02550e-07
 Reference value :  1.02585e-07
 Reference value :  1.02606e-07
 Reference value :  1.02650e-07
 Reference value :  1.02690e-07
 Reference value :  1.02750e-07
 Reference value :  1.02785e-07
 Reference value :  1.02806e-07
 Reference value :  1.02830e-07
 Reference value :  1.02870e-07
 Reference value :  1.02910e-07
 Reference value :  1.02970e-07
 Reference value :  1.03000e-07
 Reference value :  1.03014e-07
 Reference value :  1.03070e-07
 Reference value :  1.03110e-07
 Reference value :  1.03170e-07
 Reference value :  1.03202e-07
 Reference value :  1.03230e-07
 Reference value :  1.03290e-07
 Reference value :  1.03370e-07
 Reference value :  1.03402e-07
 Reference value :  1.03450e-07
 Reference value :  1.03490e-07
 Reference value :  1.03550e-07
 Reference value :  1.03602e-07
 Reference value :  1.03630e-07
 Reference value :  1.03670e-07
 Reference value :  1.03710e-07
 Reference value :  1.03750e-07
 Reference value :  1.03785e-07
 Reference value :  1.03806e-07
 Reference value :  1.03850e-07
 Reference value :  1.03910e-07
 Reference value :  1.03970e-07
 Reference value :  1.04002e-07
 Reference value :  1.04030e-07
 Reference value :  1.04070e-07
 Reference value :  1.04130e-07
 Reference value :  1.04170e-07
 Reference value :  1.04202e-07
 Reference value :  1.04230e-07
 Reference value :  1.04290e-07
 Reference value :  1.04330e-07
 Reference value :  1.04385e-07
 Reference value :  1.04406e-07
 Reference value :  1.04450e-07
 Reference value :  1.04490e-07
 Reference value :  1.04530e-07
 Reference value :  1.04585e-07
 Reference value :  1.04606e-07
 Reference value :  1.04650e-07
 Reference value :  1.04690e-07
 Reference value :  1.04730e-07
 Reference value :  1.04770e-07
 Reference value :  1.04802e-07
 Reference value :  1.04830e-07
 Reference value :  1.04890e-07
 Reference value :  1.04930e-07
 Reference value :  1.04970e-07
 Reference value :  1.05000e-07
 Reference value :  1.05014e-07
 Reference value :  1.05070e-07
 Reference value :  1.05130e-07
 Reference value :  1.05170e-07
 Reference value :  1.05200e-07
 Reference value :  1.05214e-07
 Reference value :  1.05250e-07
 Reference value :  1.05290e-07
 Reference value :  1.05330e-07
 Reference value :  1.05385e-07
 Reference value :  1.05406e-07
 Reference value :  1.05450e-07
 Reference value :  1.05510e-07
 Reference value :  1.05550e-07
 Reference value :  1.05602e-07
 Reference value :  1.05630e-07
 Reference value :  1.05690e-07
 Reference value :  1.05730e-07
 Reference value :  1.05770e-07
 Reference value :  1.05802e-07
 Reference value :  1.05830e-07
 Reference value :  1.05870e-07
 Reference value :  1.05910e-07
 Reference value :  1.05970e-07
 Reference value :  1.06002e-07
 Reference value :  1.06030e-07
 Reference value :  1.06070e-07
 Reference value :  1.06110e-07
 Reference value :  1.06170e-07
 Reference value :  1.06206e-07
 Reference value :  1.06250e-07
 Reference value :  1.06290e-07
 Reference value :  1.06330e-07
 Reference value :  1.06385e-07
 Reference value :  1.06406e-07
 Reference value :  1.06450e-07
 Reference value :  1.06510e-07
 Reference value :  1.06550e-07
 Reference value :  1.06600e-07
 Reference value :  1.06614e-07
 Reference value :  1.06650e-07
 Reference value :  1.06690e-07
 Reference value :  1.06730e-07
 Reference value :  1.06785e-07
 Reference value :  1.06806e-07
 Reference value :  1.06850e-07
 Reference value :  1.06890e-07
 Reference value :  1.06930e-07
 Reference value :  1.06970e-07
 Reference value :  1.07002e-07
 Reference value :  1.07050e-07
 Reference value :  1.07090e-07
 Reference value :  1.07150e-07
 Reference value :  1.07185e-07
 Reference value :  1.07214e-07
 Reference value :  1.07270e-07
 Reference value :  1.07310e-07
 Reference value :  1.07370e-07
 Reference value :  1.07402e-07
 Reference value :  1.07430e-07
 Reference value :  1.07490e-07
 Reference value :  1.07550e-07
 Reference value :  1.07600e-07
 Reference value :  1.07614e-07
 Reference value :  1.07650e-07
 Reference value :  1.07690e-07
 Reference value :  1.07770e-07
 Reference value :  1.07802e-07
 Reference value :  1.07830e-07
 Reference value :  1.07870e-07
 Reference value :  1.07910e-07
 Reference value :  1.07950e-07
 Reference value :  1.08000e-07
 Reference value :  1.08014e-07
 Reference value :  1.08070e-07
 Reference value :  1.08110e-07
 Reference value :  1.08170e-07
 Reference value :  1.08202e-07
 Reference value :  1.08230e-07
 Reference value :  1.08290e-07
 Reference value :  1.08330e-07
 Reference value :  1.08370e-07
 Reference value :  1.08402e-07
 Reference value :  1.08450e-07
 Reference value :  1.08510e-07
 Reference value :  1.08550e-07
 Reference value :  1.08600e-07
 Reference value :  1.08630e-07
 Reference value :  1.08690e-07
 Reference value :  1.08750e-07
 Reference value :  1.08800e-07
 Reference value :  1.08830e-07
 Reference value :  1.08910e-07
 Reference value :  1.08950e-07
 Reference value :  1.08985e-07
 Reference value :  1.09006e-07
 Reference value :  1.09050e-07
 Reference value :  1.09110e-07
 Reference value :  1.09185e-07
 Reference value :  1.09214e-07
 Reference value :  1.09270e-07
 Reference value :  1.09330e-07
 Reference value :  1.09385e-07
 Reference value :  1.09414e-07
 Reference value :  1.09470e-07
 Reference value :  1.09530e-07
 Reference value :  1.09585e-07
 Reference value :  1.09606e-07
 Reference value :  1.09650e-07
 Reference value :  1.09690e-07
 Reference value :  1.09730e-07
 Reference value :  1.09770e-07
 Reference value :  1.09800e-07
 Reference value :  1.09830e-07
 Reference value :  1.09890e-07
 Reference value :  1.09950e-07
 Reference value :  1.09985e-07
 Reference value :  1.10006e-07
 Reference value :  1.10050e-07
 Reference value :  1.10090e-07
 Reference value :  1.10130e-07
 Reference value :  1.10185e-07
 Reference value :  1.10206e-07
 Reference value :  1.10250e-07
 Reference value :  1.10310e-07
 Reference value :  1.10370e-07
 Reference value :  1.10406e-07
 Reference value :  1.10450e-07
 Reference value :  1.10490e-07
 Reference value :  1.10530e-07
 Reference value :  1.10570e-07
 Reference value :  1.10600e-07
 Reference value :  1.10614e-07
 Reference value :  1.10670e-07
 Reference value :  1.10730e-07
 Reference value :  1.10770e-07
 Reference value :  1.10800e-07
 Reference value :  1.10814e-07
 Reference value :  1.10850e-07
 Reference value :  1.10910e-07
 Reference value :  1.10950e-07
 Reference value :  1.10985e-07
 Reference value :  1.11006e-07
 Reference value :  1.11050e-07
 Reference value :  1.11090e-07
 Reference value :  1.11130e-07
 Reference value :  1.11170e-07
 Reference value :  1.11200e-07
 Reference value :  1.11214e-07
 Reference value :  1.11270e-07
 Reference value :  1.11310e-07
 Reference value :  1.11350e-07
 Reference value :  1.11385e-07
 Reference value :  1.11406e-07
 Reference value :  1.11450e-07
 Reference value :  1.11510e-07
 Reference value :  1.11570e-07
 Reference value :  1.11602e-07
 Reference value :  1.11630e-07
 Reference value :  1.11670e-07
 Reference value :  1.11730e-07
 Reference value :  1.11785e-07
 Reference value :  1.11806e-07
 Reference value :  1.11850e-07
 Reference value :  1.11890e-07
 Reference value :  1.11950e-07
 Reference value :  1.11985e-07
 Reference value :  1.12006e-07
 Reference value :  1.12050e-07
 Reference value :  1.12110e-07
 Reference value :  1.12150e-07
 Reference value :  1.12185e-07
 Reference value :  1.12206e-07
 Reference value :  1.12250e-07
 Reference value :  1.12310e-07
 Reference value :  1.12350e-07
 Reference value :  1.12385e-07
 Reference value :  1.12406e-07
 Reference value :  1.12450e-07
 Reference value :  1.12490e-07
 Reference value :  1.12550e-07
 Reference value :  1.12585e-07
 Reference value :  1.12602e-07
 Reference value :  1.12630e-07
 Reference value :  1.12670e-07
 Reference value :  1.12710e-07
 Reference value :  1.12750e-07
 Reference value :  1.12800e-07
 Reference value :  1.12814e-07
 Reference value :  1.12850e-07
 Reference value :  1.12890e-07
 Reference value :  1.12930e-07
 Reference value :  1.12970e-07
 Reference value :  1.13006e-07
 Reference value :  1.13070e-07
 Reference value :  1.13130e-07
 Reference value :  1.13170e-07
 Reference value :  1.13200e-07
 Reference value :  1.13214e-07
 Reference value :  1.13250e-07
 Reference value :  1.13310e-07
 Reference value :  1.13370e-07
 Reference value :  1.13400e-07
 Reference value :  1.13414e-07
 Reference value :  1.13470e-07
 Reference value :  1.13530e-07
 Reference value :  1.13585e-07
 Reference value :  1.13606e-07
 Reference value :  1.13650e-07
 Reference value :  1.13710e-07
 Reference value :  1.13770e-07
 Reference value :  1.13800e-07
 Reference value :  1.13814e-07
 Reference value :  1.13850e-07
 Reference value :  1.13910e-07
 Reference value :  1.13970e-07
 Reference value :  1.14002e-07
 Reference value :  1.14030e-07
 Reference value :  1.14090e-07
 Reference value :  1.14150e-07
 Reference value :  1.14202e-07
 Reference value :  1.14230e-07
 Reference value :  1.14270e-07
 Reference value :  1.14310e-07
 Reference value :  1.14370e-07
 Reference value :  1.14402e-07
 Reference value :  1.14430e-07
 Reference value :  1.14490e-07
 Reference value :  1.14550e-07
 Reference value :  1.14585e-07
 Reference value :  1.14606e-07
 Reference value :  1.14650e-07
 Reference value :  1.14710e-07
 Reference value :  1.14770e-07
 Reference value :  1.14800e-07
 Reference value :  1.14830e-07
 Reference value :  1.14870e-07
 Reference value :  1.14910e-07
 Reference value :  1.14970e-07
 Reference value :  1.15000e-07
 Reference value :  1.15000e-07
No. of Data Rows : 7492
vmax_ss             =  1.70687e+00 at=  7.34140e-08
vmin_ss             =  2.11695e-02 at=  1.11830e-07
tk                  =  3.71744e-09
tk                  =  6.37728e-09
tk                  =  9.02699e-09
tk                  =  1.16688e-08
tk                  =  1.43148e-08
tk                  =  1.69673e-08
tk                  =  1.96159e-08
tk                  =  2.22559e-08
tk                  =  2.48964e-08
tk                  =  2.75431e-08
tk                  =  3.01902e-08
tk                  =  3.28401e-08
tk                  =  3.54897e-08
tk                  =  3.81361e-08
tk                  =  4.07861e-08
tk                  =  4.34333e-08
tk                  =  4.60783e-08
tk                  =  4.87258e-08
tk                  =  5.13695e-08
tk                  =  5.40148e-08
tk                  =  5.66687e-08
vmax_ss = 1.706873e+00
vmin_ss = 2.116949e-02
swing_frac = 8.513654e-01
tbar = 2.647564e-09
sigma_1 = 4.643141e-12
sigma_2 = 6.663076e-12
sigma_4 = 7.789324e-12
sigma_8 = 1.092924e-11
Note: Simulation executed from .control section 

----- stderr -----

Checking parameters for BSIM 4.5 model x4.xmn:nshort_model.48
Warning: Eta0 = -0.0286127 is negative.

Checking parameters for BSIM 4.5 model x4.xmph:pshort_model.44
Warning: Eta0 = -0.00221468 is negative.

Checking parameters for BSIM 4.5 model x3.xmn:nshort_model.48
Warning: Eta0 = -0.0286127 is negative.

Checking parameters for BSIM 4.5 model x3.xmph:pshort_model.44
Warning: Eta0 = -0.00221468 is negative.

Checking parameters for BSIM 4.5 model x2.xmn:nshort_model.48
Warning: Eta0 = -0.0286127 is negative.

Checking parameters for BSIM 4.5 model x2.xmph:pshort_model.44
Warning: Eta0 = -0.00221468 is negative.

Checking parameters for BSIM 4.5 model x1.xmn:nshort_model.48
Warning: Eta0 = -0.0286127 is negative.

Checking parameters for BSIM 4.5 model x1.xmph:pshort_model.44
Warning: Eta0 = -0.00221468 is negative.

Checking parameters for BSIM 4.5 model xg.xmph:pshort_model.44
Warning: Eta0 = -0.00221468 is negative.

