OpenROAD 26Q3-1510-g6cb3f2b704 
Features included (+) or not (-): +GPU +GUI +Python
This program is licensed under the BSD-3 license. See the LICENSE file for details.
Components of this program may be licensed under more restrictive licenses which must be honored.
===KLT_SPEF_NET_CHECK_BEGIN===
2306 7951
2306 2306
===KLT_SPEF_NET_CHECK_END===
[WARNING STA-1650] /home/ubuntu/GitHub/sky130-trng/.loom/worktrees/issue-226/sim/digital-floorplan-compaction/requests/.klt/place-and-route/trng_digital_route.spef line 131, net $100 not found.
[WARNING STA-1650] /home/ubuntu/GitHub/sky130-trng/.loom/worktrees/issue-226/sim/digital-floorplan-compaction/requests/.klt/place-and-route/trng_digital_route.spef line 145, net $1000 not found.
[WARNING STA-1650] /home/ubuntu/GitHub/sky130-trng/.loom/worktrees/issue-226/sim/digital-floorplan-compaction/requests/.klt/place-and-route/trng_digital_route.spef line 161, net $1001 not found.
[WARNING STA-1650] /home/ubuntu/GitHub/sky130-trng/.loom/worktrees/issue-226/sim/digital-floorplan-compaction/requests/.klt/place-and-route/trng_digital_route.spef line 172, net $1002 not found.
[WARNING STA-1650] /home/ubuntu/GitHub/sky130-trng/.loom/worktrees/issue-226/sim/digital-floorplan-compaction/requests/.klt/place-and-route/trng_digital_route.spef line 188, net $1003 not found.
[WARNING STA-1650] /home/ubuntu/GitHub/sky130-trng/.loom/worktrees/issue-226/sim/digital-floorplan-compaction/requests/.klt/place-and-route/trng_digital_route.spef line 202, net $1004 not found.
[WARNING STA-1650] /home/ubuntu/GitHub/sky130-trng/.loom/worktrees/issue-226/sim/digital-floorplan-compaction/requests/.klt/place-and-route/trng_digital_route.spef line 217, net $10045 not found.
[WARNING STA-1650] /home/ubuntu/GitHub/sky130-trng/.loom/worktrees/issue-226/sim/digital-floorplan-compaction/requests/.klt/place-and-route/trng_digital_route.spef line 232, net $10046 not found.
[WARNING STA-1650] /home/ubuntu/GitHub/sky130-trng/.loom/worktrees/issue-226/sim/digital-floorplan-compaction/requests/.klt/place-and-route/trng_digital_route.spef line 243, net $10048 not found.
[WARNING STA-1650] /home/ubuntu/GitHub/sky130-trng/.loom/worktrees/issue-226/sim/digital-floorplan-compaction/requests/.klt/place-and-route/trng_digital_route.spef line 259, net $1005 not found.
[WARNING STA-1650] /home/ubuntu/GitHub/sky130-trng/.loom/worktrees/issue-226/sim/digital-floorplan-compaction/requests/.klt/place-and-route/trng_digital_route.spef line 280, net $10050 not found.
[WARNING STA-1650] /home/ubuntu/GitHub/sky130-trng/.loom/worktrees/issue-226/sim/digital-floorplan-compaction/requests/.klt/place-and-route/trng_digital_route.spef line 296, net $10051 not found.
[WARNING STA-1650] /home/ubuntu/GitHub/sky130-trng/.loom/worktrees/issue-226/sim/digital-floorplan-compaction/requests/.klt/place-and-route/trng_digital_route.spef line 306, net $10052 not found.
[WARNING STA-1650] /home/ubuntu/GitHub/sky130-trng/.loom/worktrees/issue-226/sim/digital-floorplan-compaction/requests/.klt/place-and-route/trng_digital_route.spef line 322, net $10053 not found.
[WARNING STA-1650] /home/ubuntu/GitHub/sky130-trng/.loom/worktrees/issue-226/sim/digital-floorplan-compaction/requests/.klt/place-and-route/trng_digital_route.spef line 338, net $10055 not found.
[WARNING STA-1650] /home/ubuntu/GitHub/sky130-trng/.loom/worktrees/issue-226/sim/digital-floorplan-compaction/requests/.klt/place-and-route/trng_digital_route.spef line 365, net $10057 not found.
[WARNING STA-1650] /home/ubuntu/GitHub/sky130-trng/.loom/worktrees/issue-226/sim/digital-floorplan-compaction/requests/.klt/place-and-route/trng_digital_route.spef line 381, net $10058 not found.
[WARNING STA-1650] /home/ubuntu/GitHub/sky130-trng/.loom/worktrees/issue-226/sim/digital-floorplan-compaction/requests/.klt/place-and-route/trng_digital_route.spef line 391, net $10059 not found.
[WARNING STA-1650] /home/ubuntu/GitHub/sky130-trng/.loom/worktrees/issue-226/sim/digital-floorplan-compaction/requests/.klt/place-and-route/trng_digital_route.spef line 415, net $1006 not found.
[WARNING STA-1650] /home/ubuntu/GitHub/sky130-trng/.loom/worktrees/issue-226/sim/digital-floorplan-compaction/requests/.klt/place-and-route/trng_digital_route.spef line 433, net $10060 not found.
[WARNING STA-1650] /home/ubuntu/GitHub/sky130-trng/.loom/worktrees/issue-226/sim/digital-floorplan-compaction/requests/.klt/place-and-route/trng_digital_route.spef line 450, net $10061 not found.
[WARNING STA-1650] /home/ubuntu/GitHub/sky130-trng/.loom/worktrees/issue-226/sim/digital-floorplan-compaction/requests/.klt/place-and-route/trng_digital_route.spef line 462, net $10062 not found.
[WARNING STA-1650] /home/ubuntu/GitHub/sky130-trng/.loom/worktrees/issue-226/sim/digital-floorplan-compaction/requests/.klt/place-and-route/trng_digital_route.spef line 487, net $10064 not found.
[WARNING STA-1650] /home/ubuntu/GitHub/sky130-trng/.loom/worktrees/issue-226/sim/digital-floorplan-compaction/requests/.klt/place-and-route/trng_digital_route.spef line 503, net $10065 not found.
[WARNING STA-1650] /home/ubuntu/GitHub/sky130-trng/.loom/worktrees/issue-226/sim/digital-floorplan-compaction/requests/.klt/place-and-route/trng_digital_route.spef line 513, net $10068 not found.
[WARNING STA-1650] /home/ubuntu/GitHub/sky130-trng/.loom/worktrees/issue-226/sim/digital-floorplan-compaction/requests/.klt/place-and-route/trng_digital_route.spef line 524, net $10069 not found.
[WARNING STA-1650] /home/ubuntu/GitHub/sky130-trng/.loom/worktrees/issue-226/sim/digital-floorplan-compaction/requests/.klt/place-and-route/trng_digital_route.spef line 535, net $1007 not found.
[WARNING STA-1650] /home/ubuntu/GitHub/sky130-trng/.loom/worktrees/issue-226/sim/digital-floorplan-compaction/requests/.klt/place-and-route/trng_digital_route.spef line 547, net $10071 not found.
[WARNING STA-1650] /home/ubuntu/GitHub/sky130-trng/.loom/worktrees/issue-226/sim/digital-floorplan-compaction/requests/.klt/place-and-route/trng_digital_route.spef line 557, net $10073 not found.
[WARNING STA-1650] /home/ubuntu/GitHub/sky130-trng/.loom/worktrees/issue-226/sim/digital-floorplan-compaction/requests/.klt/place-and-route/trng_digital_route.spef line 568, net $10074 not found.
[WARNING STA-1650] /home/ubuntu/GitHub/sky130-trng/.loom/worktrees/issue-226/sim/digital-floorplan-compaction/requests/.klt/place-and-route/trng_digital_route.spef line 578, net $10076 not found.
[WARNING STA-1650] /home/ubuntu/GitHub/sky130-trng/.loom/worktrees/issue-226/sim/digital-floorplan-compaction/requests/.klt/place-and-route/trng_digital_route.spef line 588, net $10077 not found.
[WARNING STA-1650] /home/ubuntu/GitHub/sky130-trng/.loom/worktrees/issue-226/sim/digital-floorplan-compaction/requests/.klt/place-and-route/trng_digital_route.spef line 597, net $1008 not found.
[WARNING STA-1650] /home/ubuntu/GitHub/sky130-trng/.loom/worktrees/issue-226/sim/digital-floorplan-compaction/requests/.klt/place-and-route/trng_digital_route.spef line 612, net $1009 not found.
[WARNING STA-1650] /home/ubuntu/GitHub/sky130-trng/.loom/worktrees/issue-226/sim/digital-floorplan-compaction/requests/.klt/place-and-route/trng_digital_route.spef line 624, net $1010 not found.
[WARNING STA-1650] /home/ubuntu/GitHub/sky130-trng/.loom/worktrees/issue-226/sim/digital-floorplan-compaction/requests/.klt/place-and-route/trng_digital_route.spef line 640, net $10108 not found.
[WARNING STA-1650] /home/ubuntu/GitHub/sky130-trng/.loom/worktrees/issue-226/sim/digital-floorplan-compaction/requests/.klt/place-and-route/trng_digital_route.spef line 655, net $1011 not found.
[WARNING STA-1650] /home/ubuntu/GitHub/sky130-trng/.loom/worktrees/issue-226/sim/digital-floorplan-compaction/requests/.klt/place-and-route/trng_digital_route.spef line 665, net $10110 not found.
[WARNING STA-1650] /home/ubuntu/GitHub/sky130-trng/.loom/worktrees/issue-226/sim/digital-floorplan-compaction/requests/.klt/place-and-route/trng_digital_route.spef line 691, net $10111 not found.
[WARNING STA-1650] /home/ubuntu/GitHub/sky130-trng/.loom/worktrees/issue-226/sim/digital-floorplan-compaction/requests/.klt/place-and-route/trng_digital_route.spef line 714, net $10112 not found.
[WARNING STA-1650] /home/ubuntu/GitHub/sky130-trng/.loom/worktrees/issue-226/sim/digital-floorplan-compaction/requests/.klt/place-and-route/trng_digital_route.spef line 726, net $10113 not found.
[WARNING STA-1650] /home/ubuntu/GitHub/sky130-trng/.loom/worktrees/issue-226/sim/digital-floorplan-compaction/requests/.klt/place-and-route/trng_digital_route.spef line 740, net $10114 not found.
[WARNING STA-1650] /home/ubuntu/GitHub/sky130-trng/.loom/worktrees/issue-226/sim/digital-floorplan-compaction/requests/.klt/place-and-route/trng_digital_route.spef line 749, net $10115 not found.
[WARNING STA-1650] /home/ubuntu/GitHub/sky130-trng/.loom/worktrees/issue-226/sim/digital-floorplan-compaction/requests/.klt/place-and-route/trng_digital_route.spef line 764, net $10116 not found.
[WARNING STA-1650] /home/ubuntu/GitHub/sky130-trng/.loom/worktrees/issue-226/sim/digital-floorplan-compaction/requests/.klt/place-and-route/trng_digital_route.spef line 778, net $10117 not found.
[WARNING STA-1650] /home/ubuntu/GitHub/sky130-trng/.loom/worktrees/issue-226/sim/digital-floorplan-compaction/requests/.klt/place-and-route/trng_digital_route.spef line 794, net $10119 not found.
[WARNING STA-1650] /home/ubuntu/GitHub/sky130-trng/.loom/worktrees/issue-226/sim/digital-floorplan-compaction/requests/.klt/place-and-route/trng_digital_route.spef line 809, net $1012 not found.
[WARNING STA-1650] /home/ubuntu/GitHub/sky130-trng/.loom/worktrees/issue-226/sim/digital-floorplan-compaction/requests/.klt/place-and-route/trng_digital_route.spef line 820, net $10120 not found.
[WARNING STA-1650] /home/ubuntu/GitHub/sky130-trng/.loom/worktrees/issue-226/sim/digital-floorplan-compaction/requests/.klt/place-and-route/trng_digital_route.spef line 845, net $10121 not found.
[WARNING STA-1650] /home/ubuntu/GitHub/sky130-trng/.loom/worktrees/issue-226/sim/digital-floorplan-compaction/requests/.klt/place-and-route/trng_digital_route.spef line 867, net $10122 not found.
[WARNING STA-1650] /home/ubuntu/GitHub/sky130-trng/.loom/worktrees/issue-226/sim/digital-floorplan-compaction/requests/.klt/place-and-route/trng_digital_route.spef line 878, net $10123 not found.
[WARNING STA-1650] /home/ubuntu/GitHub/sky130-trng/.loom/worktrees/issue-226/sim/digital-floorplan-compaction/requests/.klt/place-and-route/trng_digital_route.spef line 891, net $10124 not found.
[WARNING STA-1650] /home/ubuntu/GitHub/sky130-trng/.loom/worktrees/issue-226/sim/digital-floorplan-compaction/requests/.klt/place-and-route/trng_digital_route.spef line 900, net $10125 not found.
[WARNING STA-1650] /home/ubuntu/GitHub/sky130-trng/.loom/worktrees/issue-226/sim/digital-floorplan-compaction/requests/.klt/place-and-route/trng_digital_route.spef line 915, net $10126 not found.
[WARNING STA-1650] /home/ubuntu/GitHub/sky130-trng/.loom/worktrees/issue-226/sim/digital-floorplan-compaction/requests/.klt/place-and-route/trng_digital_route.spef line 931, net $10127 not found.
[WARNING STA-1650] /home/ubuntu/GitHub/sky130-trng/.loom/worktrees/issue-226/sim/digital-floorplan-compaction/requests/.klt/place-and-route/trng_digital_route.spef line 948, net $10130 not found.
[WARNING STA-1650] /home/ubuntu/GitHub/sky130-trng/.loom/worktrees/issue-226/sim/digital-floorplan-compaction/requests/.klt/place-and-route/trng_digital_route.spef line 960, net $10132 not found.
[WARNING STA-1650] /home/ubuntu/GitHub/sky130-trng/.loom/worktrees/issue-226/sim/digital-floorplan-compaction/requests/.klt/place-and-route/trng_digital_route.spef line 971, net $10134 not found.
[WARNING STA-1650] /home/ubuntu/GitHub/sky130-trng/.loom/worktrees/issue-226/sim/digital-floorplan-compaction/requests/.klt/place-and-route/trng_digital_route.spef line 981, net $10135 not found.
[WARNING STA-1650] /home/ubuntu/GitHub/sky130-trng/.loom/worktrees/issue-226/sim/digital-floorplan-compaction/requests/.klt/place-and-route/trng_digital_route.spef line 994, net $10137 not found.
[WARNING STA-1650] /home/ubuntu/GitHub/sky130-trng/.loom/worktrees/issue-226/sim/digital-floorplan-compaction/requests/.klt/place-and-route/trng_digital_route.spef line 1005, net $10138 not found.
[WARNING STA-1650] /home/ubuntu/GitHub/sky130-trng/.loom/worktrees/issue-226/sim/digital-floorplan-compaction/requests/.klt/place-and-route/trng_digital_route.spef line 1018, net $10140 not found.
[WARNING STA-1650] /home/ubuntu/GitHub/sky130-trng/.loom/worktrees/issue-226/sim/digital-floorplan-compaction/requests/.klt/place-and-route/trng_digital_route.spef line 1027, net $10142 not found.
[WARNING STA-1650] /home/ubuntu/GitHub/sky130-trng/.loom/worktrees/issue-226/sim/digital-floorplan-compaction/requests/.klt/place-and-route/trng_digital_route.spef line 1037, net $10143 not found.
[WARNING STA-1650] /home/ubuntu/GitHub/sky130-trng/.loom/worktrees/issue-226/sim/digital-floorplan-compaction/requests/.klt/place-and-route/trng_digital_route.spef line 1050, net $10144 not found.
[WARNING STA-1650] /home/ubuntu/GitHub/sky130-trng/.loom/worktrees/issue-226/sim/digital-floorplan-compaction/requests/.klt/place-and-route/trng_digital_route.spef line 1067, net $10145 not found.
[WARNING STA-1650] /home/ubuntu/GitHub/sky130-trng/.loom/worktrees/issue-226/sim/digital-floorplan-compaction/requests/.klt/place-and-route/trng_digital_route.spef line 1099, net $10146 not found.
[WARNING STA-1650] /home/ubuntu/GitHub/sky130-trng/.loom/worktrees/issue-226/sim/digital-floorplan-compaction/requests/.klt/place-and-route/trng_digital_route.spef line 1128, net $10147 not found.
[WARNING STA-1650] /home/ubuntu/GitHub/sky130-trng/.loom/worktrees/issue-226/sim/digital-floorplan-compaction/requests/.klt/place-and-route/trng_digital_route.spef line 1141, net $10148 not found.
[WARNING STA-1650] /home/ubuntu/GitHub/sky130-trng/.loom/worktrees/issue-226/sim/digital-floorplan-compaction/requests/.klt/place-and-route/trng_digital_route.spef line 1156, net $10149 not found.
[WARNING STA-1650] /home/ubuntu/GitHub/sky130-trng/.loom/worktrees/issue-226/sim/digital-floorplan-compaction/requests/.klt/place-and-route/trng_digital_route.spef line 1166, net $1015 not found.
[WARNING STA-1650] /home/ubuntu/GitHub/sky130-trng/.loom/worktrees/issue-226/sim/digital-floorplan-compaction/requests/.klt/place-and-route/trng_digital_route.spef line 1192, net $10150 not found.
[WARNING STA-1650] /home/ubuntu/GitHub/sky130-trng/.loom/worktrees/issue-226/sim/digital-floorplan-compaction/requests/.klt/place-and-route/trng_digital_route.spef line 1207, net $10151 not found.
[WARNING STA-1650] /home/ubuntu/GitHub/sky130-trng/.loom/worktrees/issue-226/sim/digital-floorplan-compaction/requests/.klt/place-and-route/trng_digital_route.spef line 1222, net $10152 not found.
[WARNING STA-1650] /home/ubuntu/GitHub/sky130-trng/.loom/worktrees/issue-226/sim/digital-floorplan-compaction/requests/.klt/place-and-route/trng_digital_route.spef line 1237, net $10153 not found.
[WARNING STA-1650] /home/ubuntu/GitHub/sky130-trng/.loom/worktrees/issue-226/sim/digital-floorplan-compaction/requests/.klt/place-and-route/trng_digital_route.spef line 1248, net $10155 not found.
[WARNING STA-1650] /home/ubuntu/GitHub/sky130-trng/.loom/worktrees/issue-226/sim/digital-floorplan-compaction/requests/.klt/place-and-route/trng_digital_route.spef line 1259, net $10156 not found.
[WARNING STA-1650] /home/ubuntu/GitHub/sky130-trng/.loom/worktrees/issue-226/sim/digital-floorplan-compaction/requests/.klt/place-and-route/trng_digital_route.spef line 1269, net $10157 not found.
[WARNING STA-1650] /home/ubuntu/GitHub/sky130-trng/.loom/worktrees/issue-226/sim/digital-floorplan-compaction/requests/.klt/place-and-route/trng_digital_route.spef line 1283, net $10159 not found.
[WARNING STA-1650] /home/ubuntu/GitHub/sky130-trng/.loom/worktrees/issue-226/sim/digital-floorplan-compaction/requests/.klt/place-and-route/trng_digital_route.spef line 1302, net $1016 not found.
[WARNING STA-1650] /home/ubuntu/GitHub/sky130-trng/.loom/worktrees/issue-226/sim/digital-floorplan-compaction/requests/.klt/place-and-route/trng_digital_route.spef line 1326, net $10160 not found.
[WARNING STA-1650] /home/ubuntu/GitHub/sky130-trng/.loom/worktrees/issue-226/sim/digital-floorplan-compaction/requests/.klt/place-and-route/trng_digital_route.spef line 1337, net $10161 not found.
[WARNING STA-1650] /home/ubuntu/GitHub/sky130-trng/.loom/worktrees/issue-226/sim/digital-floorplan-compaction/requests/.klt/place-and-route/trng_digital_route.spef line 1349, net $10162 not found.
[WARNING STA-1650] /home/ubuntu/GitHub/sky130-trng/.loom/worktrees/issue-226/sim/digital-floorplan-compaction/requests/.klt/place-and-route/trng_digital_route.spef line 1359, net $10164 not found.
[WARNING STA-1650] /home/ubuntu/GitHub/sky130-trng/.loom/worktrees/issue-226/sim/digital-floorplan-compaction/requests/.klt/place-and-route/trng_digital_route.spef line 1384, net $10165 not found.
[WARNING STA-1650] /home/ubuntu/GitHub/sky130-trng/.loom/worktrees/issue-226/sim/digital-floorplan-compaction/requests/.klt/place-and-route/trng_digital_route.spef line 1408, net $10166 not found.
[WARNING STA-1650] /home/ubuntu/GitHub/sky130-trng/.loom/worktrees/issue-226/sim/digital-floorplan-compaction/requests/.klt/place-and-route/trng_digital_route.spef line 1421, net $10167 not found.
[WARNING STA-1650] /home/ubuntu/GitHub/sky130-trng/.loom/worktrees/issue-226/sim/digital-floorplan-compaction/requests/.klt/place-and-route/trng_digital_route.spef line 1436, net $10168 not found.
[WARNING STA-1650] /home/ubuntu/GitHub/sky130-trng/.loom/worktrees/issue-226/sim/digital-floorplan-compaction/requests/.klt/place-and-route/trng_digital_route.spef line 1446, net $10169 not found.
[WARNING STA-1650] /home/ubuntu/GitHub/sky130-trng/.loom/worktrees/issue-226/sim/digital-floorplan-compaction/requests/.klt/place-and-route/trng_digital_route.spef line 1461, net $1017 not found.
[WARNING STA-1650] /home/ubuntu/GitHub/sky130-trng/.loom/worktrees/issue-226/sim/digital-floorplan-compaction/requests/.klt/place-and-route/trng_digital_route.spef line 1472, net $10170 not found.
[WARNING STA-1650] /home/ubuntu/GitHub/sky130-trng/.loom/worktrees/issue-226/sim/digital-floorplan-compaction/requests/.klt/place-and-route/trng_digital_route.spef line 1488, net $10171 not found.
[WARNING STA-1650] /home/ubuntu/GitHub/sky130-trng/.loom/worktrees/issue-226/sim/digital-floorplan-compaction/requests/.klt/place-and-route/trng_digital_route.spef line 1505, net $10173 not found.
[WARNING STA-1650] /home/ubuntu/GitHub/sky130-trng/.loom/worktrees/issue-226/sim/digital-floorplan-compaction/requests/.klt/place-and-route/trng_digital_route.spef line 1531, net $10174 not found.
[WARNING STA-1650] /home/ubuntu/GitHub/sky130-trng/.loom/worktrees/issue-226/sim/digital-floorplan-compaction/requests/.klt/place-and-route/trng_digital_route.spef line 1555, net $10175 not found.
[WARNING STA-1650] /home/ubuntu/GitHub/sky130-trng/.loom/worktrees/issue-226/sim/digital-floorplan-compaction/requests/.klt/place-and-route/trng_digital_route.spef line 1568, net $10176 not found.
[WARNING STA-1650] /home/ubuntu/GitHub/sky130-trng/.loom/worktrees/issue-226/sim/digital-floorplan-compaction/requests/.klt/place-and-route/trng_digital_route.spef line 1582, net $10177 not found.
[WARNING STA-1650] /home/ubuntu/GitHub/sky130-trng/.loom/worktrees/issue-226/sim/digital-floorplan-compaction/requests/.klt/place-and-route/trng_digital_route.spef line 1592, net $10178 not found.
[WARNING STA-1650] /home/ubuntu/GitHub/sky130-trng/.loom/worktrees/issue-226/sim/digital-floorplan-compaction/requests/.klt/place-and-route/trng_digital_route.spef line 1607, net $10179 not found.
[WARNING STA-1650] /home/ubuntu/GitHub/sky130-trng/.loom/worktrees/issue-226/sim/digital-floorplan-compaction/requests/.klt/place-and-route/trng_digital_route.spef line 1622, net $1018 not found.
[WARNING STA-1650] /home/ubuntu/GitHub/sky130-trng/.loom/worktrees/issue-226/sim/digital-floorplan-compaction/requests/.klt/place-and-route/trng_digital_route.spef line 1636, net $10180 not found.
[WARNING STA-1650] /home/ubuntu/GitHub/sky130-trng/.loom/worktrees/issue-226/sim/digital-floorplan-compaction/requests/.klt/place-and-route/trng_digital_route.spef line 1652, net $10181 not found.
[WARNING STA-1650] /home/ubuntu/GitHub/sky130-trng/.loom/worktrees/issue-226/sim/digital-floorplan-compaction/requests/.klt/place-and-route/trng_digital_route.spef line 1663, net $10183 not found.
[WARNING STA-1650] /home/ubuntu/GitHub/sky130-trng/.loom/worktrees/issue-226/sim/digital-floorplan-compaction/requests/.klt/place-and-route/trng_digital_route.spef line 1677, net $10184 not found.
[WARNING STA-1650] /home/ubuntu/GitHub/sky130-trng/.loom/worktrees/issue-226/sim/digital-floorplan-compaction/requests/.klt/place-and-route/trng_digital_route.spef line 1687, net $10185 not found.
[WARNING STA-1650] /home/ubuntu/GitHub/sky130-trng/.loom/worktrees/issue-226/sim/digital-floorplan-compaction/requests/.klt/place-and-route/trng_digital_route.spef line 1704, net $1019 not found.
[WARNING STA-1650] /home/ubuntu/GitHub/sky130-trng/.loom/worktrees/issue-226/sim/digital-floorplan-compaction/requests/.klt/place-and-route/trng_digital_route.spef line 1714, net $10195 not found.
[WARNING STA-1650] /home/ubuntu/GitHub/sky130-trng/.loom/worktrees/issue-226/sim/digital-floorplan-compaction/requests/.klt/place-and-route/trng_digital_route.spef line 1728, net $10197 not found.
[WARNING STA-1650] /home/ubuntu/GitHub/sky130-trng/.loom/worktrees/issue-226/sim/digital-floorplan-compaction/requests/.klt/place-and-route/trng_digital_route.spef line 1740, net $102 not found.
[WARNING STA-1650] /home/ubuntu/GitHub/sky130-trng/.loom/worktrees/issue-226/sim/digital-floorplan-compaction/requests/.klt/place-and-route/trng_digital_route.spef line 1754, net $1020 not found.
[WARNING STA-1650] /home/ubuntu/GitHub/sky130-trng/.loom/worktrees/issue-226/sim/digital-floorplan-compaction/requests/.klt/place-and-route/trng_digital_route.spef line 1770, net $1021 not found.
[WARNING STA-1650] /home/ubuntu/GitHub/sky130-trng/.loom/worktrees/issue-226/sim/digital-floorplan-compaction/requests/.klt/place-and-route/trng_digital_route.spef line 1786, net $1022 not found.
[WARNING STA-1650] /home/ubuntu/GitHub/sky130-trng/.loom/worktrees/issue-226/sim/digital-floorplan-compaction/requests/.klt/place-and-route/trng_digital_route.spef line 1803, net $10228 not found.
[WARNING STA-1650] /home/ubuntu/GitHub/sky130-trng/.loom/worktrees/issue-226/sim/digital-floorplan-compaction/requests/.klt/place-and-route/trng_digital_route.spef line 1814, net $10229 not found.
[WARNING STA-1650] /home/ubuntu/GitHub/sky130-trng/.loom/worktrees/issue-226/sim/digital-floorplan-compaction/requests/.klt/place-and-route/trng_digital_route.spef line 1825, net $10230 not found.
[WARNING STA-1650] /home/ubuntu/GitHub/sky130-trng/.loom/worktrees/issue-226/sim/digital-floorplan-compaction/requests/.klt/place-and-route/trng_digital_route.spef line 1836, net $10231 not found.
[WARNING STA-1650] /home/ubuntu/GitHub/sky130-trng/.loom/worktrees/issue-226/sim/digital-floorplan-compaction/requests/.klt/place-and-route/trng_digital_route.spef line 1845, net $10232 not found.
[WARNING STA-1650] /home/ubuntu/GitHub/sky130-trng/.loom/worktrees/issue-226/sim/digital-floorplan-compaction/requests/.klt/place-and-route/trng_digital_route.spef line 1854, net $10233 not found.
[WARNING STA-1650] /home/ubuntu/GitHub/sky130-trng/.loom/worktrees/issue-226/sim/digital-floorplan-compaction/requests/.klt/place-and-route/trng_digital_route.spef line 1863, net $10234 not found.
[WARNING STA-1650] /home/ubuntu/GitHub/sky130-trng/.loom/worktrees/issue-226/sim/digital-floorplan-compaction/requests/.klt/place-and-route/trng_digital_route.spef line 1872, net $10235 not found.
[WARNING STA-1650] /home/ubuntu/GitHub/sky130-trng/.loom/worktrees/issue-226/sim/digital-floorplan-compaction/requests/.klt/place-and-route/trng_digital_route.spef line 1880, net $10236 not found.
[WARNING STA-1650] /home/ubuntu/GitHub/sky130-trng/.loom/worktrees/issue-226/sim/digital-floorplan-compaction/requests/.klt/place-and-route/trng_digital_route.spef line 1888, net $10237 not found.
[WARNING STA-1650] /home/ubuntu/GitHub/sky130-trng/.loom/worktrees/issue-226/sim/digital-floorplan-compaction/requests/.klt/place-and-route/trng_digital_route.spef line 1897, net $10238 not found.
[WARNING STA-1650] /home/ubuntu/GitHub/sky130-trng/.loom/worktrees/issue-226/sim/digital-floorplan-compaction/requests/.klt/place-and-route/trng_digital_route.spef line 1906, net $10239 not found.
[WARNING STA-1650] /home/ubuntu/GitHub/sky130-trng/.loom/worktrees/issue-226/sim/digital-floorplan-compaction/requests/.klt/place-and-route/trng_digital_route.spef line 1916, net $10240 not found.
[WARNING STA-1650] /home/ubuntu/GitHub/sky130-trng/.loom/worktrees/issue-226/sim/digital-floorplan-compaction/requests/.klt/place-and-route/trng_digital_route.spef line 1926, net $10241 not found.
[WARNING STA-1650] /home/ubuntu/GitHub/sky130-trng/.loom/worktrees/issue-226/sim/digital-floorplan-compaction/requests/.klt/place-and-route/trng_digital_route.spef line 1935, net $10242 not found.
[WARNING STA-1650] /home/ubuntu/GitHub/sky130-trng/.loom/worktrees/issue-226/sim/digital-floorplan-compaction/requests/.klt/place-and-route/trng_digital_route.spef line 1944, net $1025 not found.
[WARNING STA-1650] /home/ubuntu/GitHub/sky130-trng/.loom/worktrees/issue-226/sim/digital-floorplan-compaction/requests/.klt/place-and-route/trng_digital_route.spef line 1954, net $1026 not found.
[WARNING STA-1650] /home/ubuntu/GitHub/sky130-trng/.loom/worktrees/issue-226/sim/digital-floorplan-compaction/requests/.klt/place-and-route/trng_digital_route.spef line 1967, net $10277 not found.
[WARNING STA-1650] /home/ubuntu/GitHub/sky130-trng/.loom/worktrees/issue-226/sim/digital-floorplan-compaction/requests/.klt/place-and-route/trng_digital_route.spef line 1991, net $10278 not found.
[WARNING STA-1650] /home/ubuntu/GitHub/sky130-trng/.loom/worktrees/issue-226/sim/digital-floorplan-compaction/requests/.klt/place-and-route/trng_digital_route.spef line 2013, net $10279 not found.
[WARNING STA-1650] /home/ubuntu/GitHub/sky130-trng/.loom/worktrees/issue-226/sim/digital-floorplan-compaction/requests/.klt/place-and-route/trng_digital_route.spef line 2023, net $10280 not found.
[WARNING STA-1650] /home/ubuntu/GitHub/sky130-trng/.loom/worktrees/issue-226/sim/digital-floorplan-compaction/requests/.klt/place-and-route/trng_digital_route.spef line 2035, net $10281 not found.
[WARNING STA-1650] /home/ubuntu/GitHub/sky130-trng/.loom/worktrees/issue-226/sim/digital-floorplan-compaction/requests/.klt/place-and-route/trng_digital_route.spef line 2049, net $10282 not found.
[WARNING STA-1650] /home/ubuntu/GitHub/sky130-trng/.loom/worktrees/issue-226/sim/digital-floorplan-compaction/requests/.klt/place-and-route/trng_digital_route.spef line 2064, net $10284 not found.
[WARNING STA-1650] /home/ubuntu/GitHub/sky130-trng/.loom/worktrees/issue-226/sim/digital-floorplan-compaction/requests/.klt/place-and-route/trng_digital_route.spef line 2089, net $10285 not found.
[WARNING STA-1650] /home/ubuntu/GitHub/sky130-trng/.loom/worktrees/issue-226/sim/digital-floorplan-compaction/requests/.klt/place-and-route/trng_digital_route.spef line 2112, net $10286 not found.
[WARNING STA-1650] /home/ubuntu/GitHub/sky130-trng/.loom/worktrees/issue-226/sim/digital-floorplan-compaction/requests/.klt/place-and-route/trng_digital_route.spef line 2125, net $10287 not found.
[WARNING STA-1650] /home/ubuntu/GitHub/sky130-trng/.loom/worktrees/issue-226/sim/digital-floorplan-compaction/requests/.klt/place-and-route/trng_digital_route.spef line 2140, net $10288 not found.
[WARNING STA-1650] /home/ubuntu/GitHub/sky130-trng/.loom/worktrees/issue-226/sim/digital-floorplan-compaction/requests/.klt/place-and-route/trng_digital_route.spef line 2155, net $10289 not found.
[WARNING STA-1650] /home/ubuntu/GitHub/sky130-trng/.loom/worktrees/issue-226/sim/digital-floorplan-compaction/requests/.klt/place-and-route/trng_digital_route.spef line 2172, net $10293 not found.
[WARNING STA-1650] /home/ubuntu/GitHub/sky130-trng/.loom/worktrees/issue-226/sim/digital-floorplan-compaction/requests/.klt/place-and-route/trng_digital_route.spef line 2182, net $10294 not found.
[WARNING STA-1650] /home/ubuntu/GitHub/sky130-trng/.loom/worktrees/issue-226/sim/digital-floorplan-compaction/requests/.klt/place-and-route/trng_digital_route.spef line 2195, net $10295 not found.
[WARNING STA-1650] /home/ubuntu/GitHub/sky130-trng/.loom/worktrees/issue-226/sim/digital-floorplan-compaction/requests/.klt/place-and-route/trng_digital_route.spef line 2218, net $10296 not found.
[WARNING STA-1650] /home/ubuntu/GitHub/sky130-trng/.loom/worktrees/issue-226/sim/digital-floorplan-compaction/requests/.klt/place-and-route/trng_digital_route.spef line 2239, net $10297 not found.
[WARNING STA-1650] /home/ubuntu/GitHub/sky130-trng/.loom/worktrees/issue-226/sim/digital-floorplan-compaction/requests/.klt/place-and-route/trng_digital_route.spef line 2251, net $10298 not found.
[WARNING STA-1650] /home/ubuntu/GitHub/sky130-trng/.loom/worktrees/issue-226/sim/digital-floorplan-compaction/requests/.klt/place-and-route/trng_digital_route.spef line 2265, net $10299 not found.
[WARNING STA-1650] /home/ubuntu/GitHub/sky130-trng/.loom/worktrees/issue-226/sim/digital-floorplan-compaction/requests/.klt/place-and-route/trng_digital_route.spef line 2279, net $1030 not found.
[WARNING STA-1650] /home/ubuntu/GitHub/sky130-trng/.loom/worktrees/issue-226/sim/digital-floorplan-compaction/requests/.klt/place-and-route/trng_digital_route.spef line 2290, net $10300 not found.
[WARNING STA-1650] /home/ubuntu/GitHub/sky130-trng/.loom/worktrees/issue-226/sim/digital-floorplan-compaction/requests/.klt/place-and-route/trng_digital_route.spef line 2305, net $10301 not found.
[WARNING STA-1650] /home/ubuntu/GitHub/sky130-trng/.loom/worktrees/issue-226/sim/digital-floorplan-compaction/requests/.klt/place-and-route/trng_digital_route.spef line 2315, net $10306 not found.
[WARNING STA-1650] /home/ubuntu/GitHub/sky130-trng/.loom/worktrees/issue-226/sim/digital-floorplan-compaction/requests/.klt/place-and-route/trng_digital_route.spef line 2338, net $10307 not found.
[WARNING STA-1650] /home/ubuntu/GitHub/sky130-trng/.loom/worktrees/issue-226/sim/digital-floorplan-compaction/requests/.klt/place-and-route/trng_digital_route.spef line 2359, net $10308 not found.
[WARNING STA-1650] /home/ubuntu/GitHub/sky130-trng/.loom/worktrees/issue-226/sim/digital-floorplan-compaction/requests/.klt/place-and-route/trng_digital_route.spef line 2371, net $10309 not found.
[WARNING STA-1650] /home/ubuntu/GitHub/sky130-trng/.loom/worktrees/issue-226/sim/digital-floorplan-compaction/requests/.klt/place-and-route/trng_digital_route.spef line 2385, net $1031 not found.
[WARNING STA-1650] /home/ubuntu/GitHub/sky130-trng/.loom/worktrees/issue-226/sim/digital-floorplan-compaction/requests/.klt/place-and-route/trng_digital_route.spef line 2399, net $10310 not found.
[WARNING STA-1650] /home/ubuntu/GitHub/sky130-trng/.loom/worktrees/issue-226/sim/digital-floorplan-compaction/requests/.klt/place-and-route/trng_digital_route.spef line 2414, net $10311 not found.
[WARNING STA-1650] /home/ubuntu/GitHub/sky130-trng/.loom/worktrees/issue-226/sim/digital-floorplan-compaction/requests/.klt/place-and-route/trng_digital_route.spef line 2431, net $10313 not found.
[WARNING STA-1650] /home/ubuntu/GitHub/sky130-trng/.loom/worktrees/issue-226/sim/digital-floorplan-compaction/requests/.klt/place-and-route/trng_digital_route.spef line 2455, net $10314 not found.
[WARNING STA-1650] /home/ubuntu/GitHub/sky130-trng/.loom/worktrees/issue-226/sim/digital-floorplan-compaction/requests/.klt/place-and-route/trng_digital_route.spef line 2476, net $10315 not found.
[WARNING STA-1650] /home/ubuntu/GitHub/sky130-trng/.loom/worktrees/issue-226/sim/digital-floorplan-compaction/requests/.klt/place-and-route/trng_digital_route.spef line 2486, net $10316 not found.
[WARNING STA-1650] /home/ubuntu/GitHub/sky130-trng/.loom/worktrees/issue-226/sim/digital-floorplan-compaction/requests/.klt/place-and-route/trng_digital_route.spef line 2499, net $10317 not found.
[WARNING STA-1650] /home/ubuntu/GitHub/sky130-trng/.loom/worktrees/issue-226/sim/digital-floorplan-compaction/requests/.klt/place-and-route/trng_digital_route.spef line 2512, net $10318 not found.
[WARNING STA-1650] /home/ubuntu/GitHub/sky130-trng/.loom/worktrees/issue-226/sim/digital-floorplan-compaction/requests/.klt/place-and-route/trng_digital_route.spef line 2527, net $10319 not found.
[WARNING STA-1650] /home/ubuntu/GitHub/sky130-trng/.loom/worktrees/issue-226/sim/digital-floorplan-compaction/requests/.klt/place-and-route/trng_digital_route.spef line 2537, net $1032 not found.
[WARNING STA-1650] /home/ubuntu/GitHub/sky130-trng/.loom/worktrees/issue-226/sim/digital-floorplan-compaction/requests/.klt/place-and-route/trng_digital_route.spef line 2548, net $10322 not found.
[WARNING STA-1650] /home/ubuntu/GitHub/sky130-trng/.loom/worktrees/issue-226/sim/digital-floorplan-compaction/requests/.klt/place-and-route/trng_digital_route.spef line 2561, net $10323 not found.
[WARNING STA-1650] /home/ubuntu/GitHub/sky130-trng/.loom/worktrees/issue-226/sim/digital-floorplan-compaction/requests/.klt/place-and-route/trng_digital_route.spef line 2576, net $10324 not found.
[WARNING STA-1650] /home/ubuntu/GitHub/sky130-trng/.loom/worktrees/issue-226/sim/digital-floorplan-compaction/requests/.klt/place-and-route/trng_digital_route.spef line 2584, net $10325 not found.
[WARNING STA-1650] /home/ubuntu/GitHub/sky130-trng/.loom/worktrees/issue-226/sim/digital-floorplan-compaction/requests/.klt/place-and-route/trng_digital_route.spef line 2593, net $10326 not found.
[WARNING STA-1650] /home/ubuntu/GitHub/sky130-trng/.loom/worktrees/issue-226/sim/digital-floorplan-compaction/requests/.klt/place-and-route/trng_digital_route.spef line 2606, net $10329 not found.
[WARNING STA-1650] /home/ubuntu/GitHub/sky130-trng/.loom/worktrees/issue-226/sim/digital-floorplan-compaction/requests/.klt/place-and-route/trng_digital_route.spef line 2618, net $1033 not found.
[WARNING STA-1650] /home/ubuntu/GitHub/sky130-trng/.loom/worktrees/issue-226/sim/digital-floorplan-compaction/requests/.klt/place-and-route/trng_digital_route.spef line 2630, net $10330 not found.
[WARNING STA-1650] /home/ubuntu/GitHub/sky130-trng/.loom/worktrees/issue-226/sim/digital-floorplan-compaction/requests/.klt/place-and-route/trng_digital_route.spef line 2643, net $10335 not found.
[WARNING STA-1650] /home/ubuntu/GitHub/sky130-trng/.loom/worktrees/issue-226/sim/digital-floorplan-compaction/requests/.klt/place-and-route/trng_digital_route.spef line 2668, net $10336 not found.
[WARNING STA-1650] /home/ubuntu/GitHub/sky130-trng/.loom/worktrees/issue-226/sim/digital-floorplan-compaction/requests/.klt/place-and-route/trng_digital_route.spef line 2691, net $10337 not found.
[WARNING STA-1650] /home/ubuntu/GitHub/sky130-trng/.loom/worktrees/issue-226/sim/digital-floorplan-compaction/requests/.klt/place-and-route/trng_digital_route.spef line 2702, net $10338 not found.
[WARNING STA-1650] /home/ubuntu/GitHub/sky130-trng/.loom/worktrees/issue-226/sim/digital-floorplan-compaction/requests/.klt/place-and-route/trng_digital_route.spef line 2715, net $10339 not found.
[WARNING STA-1650] /home/ubuntu/GitHub/sky130-trng/.loom/worktrees/issue-226/sim/digital-floorplan-compaction/requests/.klt/place-and-route/trng_digital_route.spef line 2729, net $1034 not found.
[WARNING STA-1650] /home/ubuntu/GitHub/sky130-trng/.loom/worktrees/issue-226/sim/digital-floorplan-compaction/requests/.klt/place-and-route/trng_digital_route.spef line 2741, net $10340 not found.
[WARNING STA-1650] /home/ubuntu/GitHub/sky130-trng/.loom/worktrees/issue-226/sim/digital-floorplan-compaction/requests/.klt/place-and-route/trng_digital_route.spef line 2756, net $10342 not found.
[WARNING STA-1650] /home/ubuntu/GitHub/sky130-trng/.loom/worktrees/issue-226/sim/digital-floorplan-compaction/requests/.klt/place-and-route/trng_digital_route.spef line 2765, net $10343 not found.
[WARNING STA-1650] /home/ubuntu/GitHub/sky130-trng/.loom/worktrees/issue-226/sim/digital-floorplan-compaction/requests/.klt/place-and-route/trng_digital_route.spef line 2773, net $10344 not found.
[WARNING STA-1650] /home/ubuntu/GitHub/sky130-trng/.loom/worktrees/issue-226/sim/digital-floorplan-compaction/requests/.klt/place-and-route/trng_digital_route.spef line 2785, net $10345 not found.
[WARNING STA-1650] /home/ubuntu/GitHub/sky130-trng/.loom/worktrees/issue-226/sim/digital-floorplan-compaction/requests/.klt/place-and-route/trng_digital_route.spef line 2809, net $10346 not found.
[WARNING STA-1650] /home/ubuntu/GitHub/sky130-trng/.loom/worktrees/issue-226/sim/digital-floorplan-compaction/requests/.klt/place-and-route/trng_digital_route.spef line 2832, net $10347 not found.
[WARNING STA-1650] /home/ubuntu/GitHub/sky130-trng/.loom/worktrees/issue-226/sim/digital-floorplan-compaction/requests/.klt/place-and-route/trng_digital_route.spef line 2844, net $10348 not found.
[WARNING STA-1650] /home/ubuntu/GitHub/sky130-trng/.loom/worktrees/issue-226/sim/digital-floorplan-compaction/requests/.klt/place-and-route/trng_digital_route.spef line 2858, net $10349 not found.
[WARNING STA-1650] /home/ubuntu/GitHub/sky130-trng/.loom/worktrees/issue-226/sim/digital-floorplan-compaction/requests/.klt/place-and-route/trng_digital_route.spef line 2873, net $1035 not found.
[WARNING STA-1650] /home/ubuntu/GitHub/sky130-trng/.loom/worktrees/issue-226/sim/digital-floorplan-compaction/requests/.klt/place-and-route/trng_digital_route.spef line 2887, net $10350 not found.
[WARNING STA-1650] /home/ubuntu/GitHub/sky130-trng/.loom/worktrees/issue-226/sim/digital-floorplan-compaction/requests/.klt/place-and-route/trng_digital_route.spef line 2903, net $10353 not found.
[WARNING STA-1650] /home/ubuntu/GitHub/sky130-trng/.loom/worktrees/issue-226/sim/digital-floorplan-compaction/requests/.klt/place-and-route/trng_digital_route.spef line 2913, net $10355 not found.
[WARNING STA-1650] /home/ubuntu/GitHub/sky130-trng/.loom/worktrees/issue-226/sim/digital-floorplan-compaction/requests/.klt/place-and-route/trng_digital_route.spef line 2925, net $1036 not found.
[WARNING STA-1650] /home/ubuntu/GitHub/sky130-trng/.loom/worktrees/issue-226/sim/digital-floorplan-compaction/requests/.klt/place-and-route/trng_digital_route.spef line 2936, net $1037 not found.
[WARNING STA-1650] /home/ubuntu/GitHub/sky130-trng/.loom/worktrees/issue-226/sim/digital-floorplan-compaction/requests/.klt/place-and-route/trng_digital_route.spef line 2949, net $1038 not found.
[WARNING STA-1650] /home/ubuntu/GitHub/sky130-trng/.loom/worktrees/issue-226/sim/digital-floorplan-compaction/requests/.klt/place-and-route/trng_digital_route.spef line 2959, net $1039 not found.
[WARNING STA-1650] /home/ubuntu/GitHub/sky130-trng/.loom/worktrees/issue-226/sim/digital-floorplan-compaction/requests/.klt/place-and-route/trng_digital_route.spef line 2973, net $1040 not found.
[WARNING STA-1650] /home/ubuntu/GitHub/sky130-trng/.loom/worktrees/issue-226/sim/digital-floorplan-compaction/requests/.klt/place-and-route/trng_digital_route.spef line 2984, net $1041 not found.
[WARNING STA-1650] /home/ubuntu/GitHub/sky130-trng/.loom/worktrees/issue-226/sim/digital-floorplan-compaction/requests/.klt/place-and-route/trng_digital_route.spef line 2997, net $10414 not found.
[WARNING STA-1650] /home/ubuntu/GitHub/sky130-trng/.loom/worktrees/issue-226/sim/digital-floorplan-compaction/requests/.klt/place-and-route/trng_digital_route.spef line 3011, net $10415 not found.
[WARNING STA-1650] /home/ubuntu/GitHub/sky130-trng/.loom/worktrees/issue-226/sim/digital-floorplan-compaction/requests/.klt/place-and-route/trng_digital_route.spef line 3027, net $10416 not found.
[WARNING STA-1650] /home/ubuntu/GitHub/sky130-trng/.loom/worktrees/issue-226/sim/digital-floorplan-compaction/requests/.klt/place-and-route/trng_digital_route.spef line 3041, net $10418 not found.
[WARNING STA-1650] /home/ubuntu/GitHub/sky130-trng/.loom/worktrees/issue-226/sim/digital-floorplan-compaction/requests/.klt/place-and-route/trng_digital_route.spef line 3055, net $1042 not found.
[WARNING STA-1650] /home/ubuntu/GitHub/sky130-trng/.loom/worktrees/issue-226/sim/digital-floorplan-compaction/requests/.klt/place-and-route/trng_digital_route.spef line 3063, net $10420 not found.
[WARNING STA-1650] /home/ubuntu/GitHub/sky130-trng/.loom/worktrees/issue-226/sim/digital-floorplan-compaction/requests/.klt/place-and-route/trng_digital_route.spef line 3073, net $10421 not found.
[WARNING STA-1650] /home/ubuntu/GitHub/sky130-trng/.loom/worktrees/issue-226/sim/digital-floorplan-compaction/requests/.klt/place-and-route/trng_digital_route.spef line 3086, net $10422 not found.
[WARNING STA-1650] /home/ubuntu/GitHub/sky130-trng/.loom/worktrees/issue-226/sim/digital-floorplan-compaction/requests/.klt/place-and-route/trng_digital_route.spef line 3097, net $10423 not found.
[WARNING STA-1650] /home/ubuntu/GitHub/sky130-trng/.loom/worktrees/issue-226/sim/digital-floorplan-compaction/requests/.klt/place-and-route/trng_digital_route.spef line 3110, net $10424 not found.
[WARNING STA-1650] /home/ubuntu/GitHub/sky130-trng/.loom/worktrees/issue-226/sim/digital-floorplan-compaction/requests/.klt/place-and-route/trng_digital_route.spef line 3122, net $10425 not found.
[WARNING STA-1650] /home/ubuntu/GitHub/sky130-trng/.loom/worktrees/issue-226/sim/digital-floorplan-compaction/requests/.klt/place-and-route/trng_digital_route.spef line 3134, net $10426 not found.
[WARNING STA-1650] /home/ubuntu/GitHub/sky130-trng/.loom/worktrees/issue-226/sim/digital-floorplan-compaction/requests/.klt/place-and-route/trng_digital_route.spef line 3145, net $10428 not found.
[WARNING STA-1650] /home/ubuntu/GitHub/sky130-trng/.loom/worktrees/issue-226/sim/digital-floorplan-compaction/requests/.klt/place-and-route/trng_digital_route.spef line 3159, net $1043 not found.
[WARNING STA-1650] /home/ubuntu/GitHub/sky130-trng/.loom/worktrees/issue-226/sim/digital-floorplan-compaction/requests/.klt/place-and-route/trng_digital_route.spef line 3170, net $10430 not found.
[WARNING STA-1650] /home/ubuntu/GitHub/sky130-trng/.loom/worktrees/issue-226/sim/digital-floorplan-compaction/requests/.klt/place-and-route/trng_digital_route.spef line 3180, net $10431 not found.
[WARNING STA-1650] /home/ubuntu/GitHub/sky130-trng/.loom/worktrees/issue-226/sim/digital-floorplan-compaction/requests/.klt/place-and-route/trng_digital_route.spef line 3190, net $10432 not found.
[WARNING STA-1650] /home/ubuntu/GitHub/sky130-trng/.loom/worktrees/issue-226/sim/digital-floorplan-compaction/requests/.klt/place-and-route/trng_digital_route.spef line 3205, net $10433 not found.
[WARNING STA-1650] /home/ubuntu/GitHub/sky130-trng/.loom/worktrees/issue-226/sim/digital-floorplan-compaction/requests/.klt/place-and-route/trng_digital_route.spef line 3216, net $10434 not found.
[WARNING STA-1650] /home/ubuntu/GitHub/sky130-trng/.loom/worktrees/issue-226/sim/digital-floorplan-compaction/requests/.klt/place-and-route/trng_digital_route.spef line 3225, net $10436 not found.
[WARNING STA-1650] /home/ubuntu/GitHub/sky130-trng/.loom/worktrees/issue-226/sim/digital-floorplan-compaction/requests/.klt/place-and-route/trng_digital_route.spef line 3235, net $10437 not found.
[WARNING STA-1650] /home/ubuntu/GitHub/sky130-trng/.loom/worktrees/issue-226/sim/digital-floorplan-compaction/requests/.klt/place-and-route/trng_digital_route.spef line 3245, net $10438 not found.
[WARNING STA-1650] /home/ubuntu/GitHub/sky130-trng/.loom/worktrees/issue-226/sim/digital-floorplan-compaction/requests/.klt/place-and-route/trng_digital_route.spef line 3255, net $10440 not found.
[WARNING STA-1650] /home/ubuntu/GitHub/sky130-trng/.loom/worktrees/issue-226/sim/digital-floorplan-compaction/requests/.klt/place-and-route/trng_digital_route.spef line 3264, net $10441 not found.
[WARNING STA-1650] /home/ubuntu/GitHub/sky130-trng/.loom/worktrees/issue-226/sim/digital-floorplan-compaction/requests/.klt/place-and-route/trng_digital_route.spef line 3274, net $10442 not found.
[WARNING STA-1650] /home/ubuntu/GitHub/sky130-trng/.loom/worktrees/issue-226/sim/digital-floorplan-compaction/requests/.klt/place-and-route/trng_digital_route.spef line 3284, net $10469 not found.
[WARNING STA-1650] /home/ubuntu/GitHub/sky130-trng/.loom/worktrees/issue-226/sim/digital-floorplan-compaction/requests/.klt/place-and-route/trng_digital_route.spef line 3294, net $10470 not found.
[WARNING STA-1650] /home/ubuntu/GitHub/sky130-trng/.loom/worktrees/issue-226/sim/digital-floorplan-compaction/requests/.klt/place-and-route/trng_digital_route.spef line 3304, net $10472 not found.
[WARNING STA-1650] /home/ubuntu/GitHub/sky130-trng/.loom/worktrees/issue-226/sim/digital-floorplan-compaction/requests/.klt/place-and-route/trng_digital_route.spef line 3316, net $10477 not found.
[WARNING STA-1650] /home/ubuntu/GitHub/sky130-trng/.loom/worktrees/issue-226/sim/digital-floorplan-compaction/requests/.klt/place-and-route/trng_digital_route.spef line 3326, net $10479 not found.
[WARNING STA-1650] /home/ubuntu/GitHub/sky130-trng/.loom/worktrees/issue-226/sim/digital-floorplan-compaction/requests/.klt/place-and-route/trng_digital_route.spef line 3335, net $10480 not found.
[WARNING STA-1650] /home/ubuntu/GitHub/sky130-trng/.loom/worktrees/issue-226/sim/digital-floorplan-compaction/requests/.klt/place-and-route/trng_digital_route.spef line 3361, net $10481 not found.
[WARNING STA-1650] /home/ubuntu/GitHub/sky130-trng/.loom/worktrees/issue-226/sim/digital-floorplan-compaction/requests/.klt/place-and-route/trng_digital_route.spef line 3384, net $10482 not found.
[WARNING STA-1650] /home/ubuntu/GitHub/sky130-trng/.loom/worktrees/issue-226/sim/digital-floorplan-compaction/requests/.klt/place-and-route/trng_digital_route.spef line 3395, net $10483 not found.
[WARNING STA-1650] /home/ubuntu/GitHub/sky130-trng/.loom/worktrees/issue-226/sim/digital-floorplan-compaction/requests/.klt/place-and-route/trng_digital_route.spef line 3408, net $10484 not found.
[WARNING STA-1650] /home/ubuntu/GitHub/sky130-trng/.loom/worktrees/issue-226/sim/digital-floorplan-compaction/requests/.klt/place-and-route/trng_digital_route.spef line 3417, net $10485 not found.
[WARNING STA-1650] /home/ubuntu/GitHub/sky130-trng/.loom/worktrees/issue-226/sim/digital-floorplan-compaction/requests/.klt/place-and-route/trng_digital_route.spef line 3431, net $10486 not found.
[WARNING STA-1650] /home/ubuntu/GitHub/sky130-trng/.loom/worktrees/issue-226/sim/digital-floorplan-compaction/requests/.klt/place-and-route/trng_digital_route.spef line 3444, net $10487 not found.
[WARNING STA-1650] /home/ubuntu/GitHub/sky130-trng/.loom/worktrees/issue-226/sim/digital-floorplan-compaction/requests/.klt/place-and-route/trng_digital_route.spef line 3458, net $10491 not found.
[WARNING STA-1650] /home/ubuntu/GitHub/sky130-trng/.loom/worktrees/issue-226/sim/digital-floorplan-compaction/requests/.klt/place-and-route/trng_digital_route.spef line 3468, net $10493 not found.
[WARNING STA-1650] /home/ubuntu/GitHub/sky130-trng/.loom/worktrees/issue-226/sim/digital-floorplan-compaction/requests/.klt/place-and-route/trng_digital_route.spef line 3488, net $10496 not found.
[WARNING STA-1650] /home/ubuntu/GitHub/sky130-trng/.loom/worktrees/issue-226/sim/digital-floorplan-compaction/requests/.klt/place-and-route/trng_digital_route.spef line 3499, net $105 not found.
[WARNING STA-1650] /home/ubuntu/GitHub/sky130-trng/.loom/worktrees/issue-226/sim/digital-floorplan-compaction/requests/.klt/place-and-route/trng_digital_route.spef line 3507, net $10501 not found.
[WARNING STA-1650] /home/ubuntu/GitHub/sky130-trng/.loom/worktrees/issue-226/sim/digital-floorplan-compaction/requests/.klt/place-and-route/trng_digital_route.spef line 3517, net $10502 not found.
[WARNING STA-1650] /home/ubuntu/GitHub/sky130-trng/.loom/worktrees/issue-226/sim/digital-floorplan-compaction/requests/.klt/place-and-route/trng_digital_route.spef line 3529, net $10503 not found.
[WARNING STA-1650] /home/ubuntu/GitHub/sky130-trng/.loom/worktrees/issue-226/sim/digital-floorplan-compaction/requests/.klt/place-and-route/trng_digital_route.spef line 3542, net $10504 not found.
[WARNING STA-1650] /home/ubuntu/GitHub/sky130-trng/.loom/worktrees/issue-226/sim/digital-floorplan-compaction/requests/.klt/place-and-route/trng_digital_route.spef line 3558, net $10509 not found.
[WARNING STA-1650] /home/ubuntu/GitHub/sky130-trng/.loom/worktrees/issue-226/sim/digital-floorplan-compaction/requests/.klt/place-and-route/trng_digital_route.spef line 3572, net $10511 not found.
[WARNING STA-1650] /home/ubuntu/GitHub/sky130-trng/.loom/worktrees/issue-226/sim/digital-floorplan-compaction/requests/.klt/place-and-route/trng_digital_route.spef line 3584, net $10513 not found.
[WARNING STA-1650] /home/ubuntu/GitHub/sky130-trng/.loom/worktrees/issue-226/sim/digital-floorplan-compaction/requests/.klt/place-and-route/trng_digital_route.spef line 3596, net $10516 not found.
[WARNING STA-1650] /home/ubuntu/GitHub/sky130-trng/.loom/worktrees/issue-226/sim/digital-floorplan-compaction/requests/.klt/place-and-route/trng_digital_route.spef line 3607, net $10518 not found.
[WARNING STA-1650] /home/ubuntu/GitHub/sky130-trng/.loom/worktrees/issue-226/sim/digital-floorplan-compaction/requests/.klt/place-and-route/trng_digital_route.spef line 3631, net $10519 not found.
[WARNING STA-1650] /home/ubuntu/GitHub/sky130-trng/.loom/worktrees/issue-226/sim/digital-floorplan-compaction/requests/.klt/place-and-route/trng_digital_route.spef line 3653, net $10520 not found.
[WARNING STA-1650] /home/ubuntu/GitHub/sky130-trng/.loom/worktrees/issue-226/sim/digital-floorplan-compaction/requests/.klt/place-and-route/trng_digital_route.spef line 3666, net $10521 not found.
[WARNING STA-1650] /home/ubuntu/GitHub/sky130-trng/.loom/worktrees/issue-226/sim/digital-floorplan-compaction/requests/.klt/place-and-route/trng_digital_route.spef line 3681, net $10522 not found.
[WARNING STA-1650] /home/ubuntu/GitHub/sky130-trng/.loom/worktrees/issue-226/sim/digital-floorplan-compaction/requests/.klt/place-and-route/trng_digital_route.spef line 3690, net $10523 not found.
[WARNING STA-1650] /home/ubuntu/GitHub/sky130-trng/.loom/worktrees/issue-226/sim/digital-floorplan-compaction/requests/.klt/place-and-route/trng_digital_route.spef line 3704, net $10524 not found.
[WARNING STA-1650] /home/ubuntu/GitHub/sky130-trng/.loom/worktrees/issue-226/sim/digital-floorplan-compaction/requests/.klt/place-and-route/trng_digital_route.spef line 3717, net $10525 not found.
[WARNING STA-1650] /home/ubuntu/GitHub/sky130-trng/.loom/worktrees/issue-226/sim/digital-floorplan-compaction/requests/.klt/place-and-route/trng_digital_route.spef line 3731, net $10528 not found.
[WARNING STA-1650] /home/ubuntu/GitHub/sky130-trng/.loom/worktrees/issue-226/sim/digital-floorplan-compaction/requests/.klt/place-and-route/trng_digital_route.spef line 3741, net $10531 not found.
[WARNING STA-1650] /home/ubuntu/GitHub/sky130-trng/.loom/worktrees/issue-226/sim/digital-floorplan-compaction/requests/.klt/place-and-route/trng_digital_route.spef line 3766, net $10532 not found.
[WARNING STA-1650] /home/ubuntu/GitHub/sky130-trng/.loom/worktrees/issue-226/sim/digital-floorplan-compaction/requests/.klt/place-and-route/trng_digital_route.spef line 3788, net $10533 not found.
[WARNING STA-1650] /home/ubuntu/GitHub/sky130-trng/.loom/worktrees/issue-226/sim/digital-floorplan-compaction/requests/.klt/place-and-route/trng_digital_route.spef line 3798, net $10534 not found.
[WARNING STA-1650] /home/ubuntu/GitHub/sky130-trng/.loom/worktrees/issue-226/sim/digital-floorplan-compaction/requests/.klt/place-and-route/trng_digital_route.spef line 3810, net $10535 not found.
[WARNING STA-1650] /home/ubuntu/GitHub/sky130-trng/.loom/worktrees/issue-226/sim/digital-floorplan-compaction/requests/.klt/place-and-route/trng_digital_route.spef line 3819, net $10536 not found.
[WARNING STA-1650] /home/ubuntu/GitHub/sky130-trng/.loom/worktrees/issue-226/sim/digital-floorplan-compaction/requests/.klt/place-and-route/trng_digital_route.spef line 3832, net $10537 not found.
[WARNING STA-1650] /home/ubuntu/GitHub/sky130-trng/.loom/worktrees/issue-226/sim/digital-floorplan-compaction/requests/.klt/place-and-route/trng_digital_route.spef line 3845, net $10538 not found.
[WARNING STA-1650] /home/ubuntu/GitHub/sky130-trng/.loom/worktrees/issue-226/sim/digital-floorplan-compaction/requests/.klt/place-and-route/trng_digital_route.spef line 3859, net $10555 not found.
[WARNING STA-1650] /home/ubuntu/GitHub/sky130-trng/.loom/worktrees/issue-226/sim/digital-floorplan-compaction/requests/.klt/place-and-route/trng_digital_route.spef line 3872, net $10557 not found.
[WARNING STA-1650] /home/ubuntu/GitHub/sky130-trng/.loom/worktrees/issue-226/sim/digital-floorplan-compaction/requests/.klt/place-and-route/trng_digital_route.spef line 3885, net $10561 not found.
[WARNING STA-1650] /home/ubuntu/GitHub/sky130-trng/.loom/worktrees/issue-226/sim/digital-floorplan-compaction/requests/.klt/place-and-route/trng_digital_route.spef line 3898, net $10580 not found.
[WARNING STA-1650] /home/ubuntu/GitHub/sky130-trng/.loom/worktrees/issue-226/sim/digital-floorplan-compaction/requests/.klt/place-and-route/trng_digital_route.spef line 3908, net $10582 not found.
[WARNING STA-1650] /home/ubuntu/GitHub/sky130-trng/.loom/worktrees/issue-226/sim/digital-floorplan-compaction/requests/.klt/place-and-route/trng_digital_route.spef line 3917, net $10583 not found.
[WARNING STA-1650] /home/ubuntu/GitHub/sky130-trng/.loom/worktrees/issue-226/sim/digital-floorplan-compaction/requests/.klt/place-and-route/trng_digital_route.spef line 3926, net $10584 not found.
[WARNING STA-1650] /home/ubuntu/GitHub/sky130-trng/.loom/worktrees/issue-226/sim/digital-floorplan-compaction/requests/.klt/place-and-route/trng_digital_route.spef line 3937, net $10586 not found.
[WARNING STA-1650] /home/ubuntu/GitHub/sky130-trng/.loom/worktrees/issue-226/sim/digital-floorplan-compaction/requests/.klt/place-and-route/trng_digital_route.spef line 3947, net $10587 not found.
[WARNING STA-1650] /home/ubuntu/GitHub/sky130-trng/.loom/worktrees/issue-226/sim/digital-floorplan-compaction/requests/.klt/place-and-route/trng_digital_route.spef line 3956, net $10588 not found.
[WARNING STA-1650] /home/ubuntu/GitHub/sky130-trng/.loom/worktrees/issue-226/sim/digital-floorplan-compaction/requests/.klt/place-and-route/trng_digital_route.spef line 3967, net $10589 not found.
[WARNING STA-1650] /home/ubuntu/GitHub/sky130-trng/.loom/worktrees/issue-226/sim/digital-floorplan-compaction/requests/.klt/place-and-route/trng_digital_route.spef line 3976, net $10590 not found.
[WARNING STA-1650] /home/ubuntu/GitHub/sky130-trng/.loom/worktrees/issue-226/sim/digital-floorplan-compaction/requests/.klt/place-and-route/trng_digital_route.spef line 3987, net $10591 not found.
[WARNING STA-1650] /home/ubuntu/GitHub/sky130-trng/.loom/worktrees/issue-226/sim/digital-floorplan-compaction/requests/.klt/place-and-route/trng_digital_route.spef line 3997, net $106 not found.
[WARNING STA-1650] /home/ubuntu/GitHub/sky130-trng/.loom/worktrees/issue-226/sim/digital-floorplan-compaction/requests/.klt/place-and-route/trng_digital_route.spef line 4005, net $10629 not found.
[WARNING STA-1650] /home/ubuntu/GitHub/sky130-trng/.loom/worktrees/issue-226/sim/digital-floorplan-compaction/requests/.klt/place-and-route/trng_digital_route.spef line 4024, net $10631 not found.
[WARNING STA-1650] /home/ubuntu/GitHub/sky130-trng/.loom/worktrees/issue-226/sim/digital-floorplan-compaction/requests/.klt/place-and-route/trng_digital_route.spef line 4040, net $10634 not found.
[WARNING STA-1650] /home/ubuntu/GitHub/sky130-trng/.loom/worktrees/issue-226/sim/digital-floorplan-compaction/requests/.klt/place-and-route/trng_digital_route.spef line 4049, net $10640 not found.
[WARNING STA-1650] /home/ubuntu/GitHub/sky130-trng/.loom/worktrees/issue-226/sim/digital-floorplan-compaction/requests/.klt/place-and-route/trng_digital_route.spef line 4075, net $10641 not found.
[WARNING STA-1650] /home/ubuntu/GitHub/sky130-trng/.loom/worktrees/issue-226/sim/digital-floorplan-compaction/requests/.klt/place-and-route/trng_digital_route.spef line 4098, net $10642 not found.
[WARNING STA-1650] /home/ubuntu/GitHub/sky130-trng/.loom/worktrees/issue-226/sim/digital-floorplan-compaction/requests/.klt/place-and-route/trng_digital_route.spef line 4109, net $10643 not found.
[WARNING STA-1650] /home/ubuntu/GitHub/sky130-trng/.loom/worktrees/issue-226/sim/digital-floorplan-compaction/requests/.klt/place-and-route/trng_digital_route.spef line 4122, net $10644 not found.
[WARNING STA-1650] /home/ubuntu/GitHub/sky130-trng/.loom/worktrees/issue-226/sim/digital-floorplan-compaction/requests/.klt/place-and-route/trng_digital_route.spef line 4136, net $10645 not found.
[WARNING STA-1650] /home/ubuntu/GitHub/sky130-trng/.loom/worktrees/issue-226/sim/digital-floorplan-compaction/requests/.klt/place-and-route/trng_digital_route.spef line 4151, net $10646 not found.
[WARNING STA-1650] /home/ubuntu/GitHub/sky130-trng/.loom/worktrees/issue-226/sim/digital-floorplan-compaction/requests/.klt/place-and-route/trng_digital_route.spef line 4178, net $10647 not found.
[WARNING STA-1650] /home/ubuntu/GitHub/sky130-trng/.loom/worktrees/issue-226/sim/digital-floorplan-compaction/requests/.klt/place-and-route/trng_digital_route.spef line 4203, net $10648 not found.
[WARNING STA-1650] /home/ubuntu/GitHub/sky130-trng/.loom/worktrees/issue-226/sim/digital-floorplan-compaction/requests/.klt/place-and-route/trng_digital_route.spef line 4215, net $10649 not found.
[WARNING STA-1650] /home/ubuntu/GitHub/sky130-trng/.loom/worktrees/issue-226/sim/digital-floorplan-compaction/requests/.klt/place-and-route/trng_digital_route.spef line 4229, net $10650 not found.
[WARNING STA-1650] /home/ubuntu/GitHub/sky130-trng/.loom/worktrees/issue-226/sim/digital-floorplan-compaction/requests/.klt/place-and-route/trng_digital_route.spef line 4242, net $10651 not found.
[WARNING STA-1650] /home/ubuntu/GitHub/sky130-trng/.loom/worktrees/issue-226/sim/digital-floorplan-compaction/requests/.klt/place-and-route/trng_digital_route.spef line 4256, net $10653 not found.
[WARNING STA-1650] /home/ubuntu/GitHub/sky130-trng/.loom/worktrees/issue-226/sim/digital-floorplan-compaction/requests/.klt/place-and-route/trng_digital_route.spef line 4264, net $10655 not found.
[WARNING STA-1650] /home/ubuntu/GitHub/sky130-trng/.loom/worktrees/issue-226/sim/digital-floorplan-compaction/requests/.klt/place-and-route/trng_digital_route.spef line 4272, net $10656 not found.
[WARNING STA-1650] /home/ubuntu/GitHub/sky130-trng/.loom/worktrees/issue-226/sim/digital-floorplan-compaction/requests/.klt/place-and-route/trng_digital_route.spef line 4283, net $10657 not found.
[WARNING STA-1650] /home/ubuntu/GitHub/sky130-trng/.loom/worktrees/issue-226/sim/digital-floorplan-compaction/requests/.klt/place-and-route/trng_digital_route.spef line 4304, net $10658 not found.
[WARNING STA-1650] /home/ubuntu/GitHub/sky130-trng/.loom/worktrees/issue-226/sim/digital-floorplan-compaction/requests/.klt/place-and-route/trng_digital_route.spef line 4323, net $10659 not found.
[WARNING STA-1650] /home/ubuntu/GitHub/sky130-trng/.loom/worktrees/issue-226/sim/digital-floorplan-compaction/requests/.klt/place-and-route/trng_digital_route.spef line 4335, net $10660 not found.
[WARNING STA-1650] /home/ubuntu/GitHub/sky130-trng/.loom/worktrees/issue-226/sim/digital-floorplan-compaction/requests/.klt/place-and-route/trng_digital_route.spef line 4349, net $10661 not found.
[WARNING STA-1650] /home/ubuntu/GitHub/sky130-trng/.loom/worktrees/issue-226/sim/digital-floorplan-compaction/requests/.klt/place-and-route/trng_digital_route.spef line 4364, net $10662 not found.
[WARNING STA-1650] /home/ubuntu/GitHub/sky130-trng/.loom/worktrees/issue-226/sim/digital-floorplan-compaction/requests/.klt/place-and-route/trng_digital_route.spef line 4380, net $10663 not found.
[WARNING STA-1650] /home/ubuntu/GitHub/sky130-trng/.loom/worktrees/issue-226/sim/digital-floorplan-compaction/requests/.klt/place-and-route/trng_digital_route.spef line 4394, net $10664 not found.
[WARNING STA-1650] /home/ubuntu/GitHub/sky130-trng/.loom/worktrees/issue-226/sim/digital-floorplan-compaction/requests/.klt/place-and-route/trng_digital_route.spef line 4419, net $10665 not found.
[WARNING STA-1650] /home/ubuntu/GitHub/sky130-trng/.loom/worktrees/issue-226/sim/digital-floorplan-compaction/requests/.klt/place-and-route/trng_digital_route.spef line 4442, net $10666 not found.
[WARNING STA-1650] /home/ubuntu/GitHub/sky130-trng/.loom/worktrees/issue-226/sim/digital-floorplan-compaction/requests/.klt/place-and-route/trng_digital_route.spef line 4455, net $10667 not found.
[WARNING STA-1650] /home/ubuntu/GitHub/sky130-trng/.loom/worktrees/issue-226/sim/digital-floorplan-compaction/requests/.klt/place-and-route/trng_digital_route.spef line 4469, net $10668 not found.
[WARNING STA-1650] /home/ubuntu/GitHub/sky130-trng/.loom/worktrees/issue-226/sim/digital-floorplan-compaction/requests/.klt/place-and-route/trng_digital_route.spef line 4483, net $10669 not found.
[WARNING STA-1650] /home/ubuntu/GitHub/sky130-trng/.loom/worktrees/issue-226/sim/digital-floorplan-compaction/requests/.klt/place-and-route/trng_digital_route.spef line 4498, net $10671 not found.
[WARNING STA-1650] /home/ubuntu/GitHub/sky130-trng/.loom/worktrees/issue-226/sim/digital-floorplan-compaction/requests/.klt/place-and-route/trng_digital_route.spef line 4513, net $10674 not found.
[WARNING STA-1650] /home/ubuntu/GitHub/sky130-trng/.loom/worktrees/issue-226/sim/digital-floorplan-compaction/requests/.klt/place-and-route/trng_digital_route.spef line 4537, net $10675 not found.
[WARNING STA-1650] /home/ubuntu/GitHub/sky130-trng/.loom/worktrees/issue-226/sim/digital-floorplan-compaction/requests/.klt/place-and-route/trng_digital_route.spef line 4559, net $10676 not found.
[WARNING STA-1650] /home/ubuntu/GitHub/sky130-trng/.loom/worktrees/issue-226/sim/digital-floorplan-compaction/requests/.klt/place-and-route/trng_digital_route.spef line 4570, net $10677 not found.
[WARNING STA-1650] /home/ubuntu/GitHub/sky130-trng/.loom/worktrees/issue-226/sim/digital-floorplan-compaction/requests/.klt/place-and-route/trng_digital_route.spef line 4583, net $10678 not found.
[WARNING STA-1650] /home/ubuntu/GitHub/sky130-trng/.loom/worktrees/issue-226/sim/digital-floorplan-compaction/requests/.klt/place-and-route/trng_digital_route.spef line 4596, net $10679 not found.
[WARNING STA-1650] /home/ubuntu/GitHub/sky130-trng/.loom/worktrees/issue-226/sim/digital-floorplan-compaction/requests/.klt/place-and-route/trng_digital_route.spef line 4611, net $10682 not found.
[WARNING STA-1650] /home/ubuntu/GitHub/sky130-trng/.loom/worktrees/issue-226/sim/digital-floorplan-compaction/requests/.klt/place-and-route/trng_digital_route.spef line 4621, net $10685 not found.
[WARNING STA-1650] /home/ubuntu/GitHub/sky130-trng/.loom/worktrees/issue-226/sim/digital-floorplan-compaction/requests/.klt/place-and-route/trng_digital_route.spef line 4632, net $10689 not found.
[WARNING STA-1650] /home/ubuntu/GitHub/sky130-trng/.loom/worktrees/issue-226/sim/digital-floorplan-compaction/requests/.klt/place-and-route/trng_digital_route.spef line 4642, net $10691 not found.
[WARNING STA-1650] /home/ubuntu/GitHub/sky130-trng/.loom/worktrees/issue-226/sim/digital-floorplan-compaction/requests/.klt/place-and-route/trng_digital_route.spef line 4664, net $10692 not found.
[WARNING STA-1650] /home/ubuntu/GitHub/sky130-trng/.loom/worktrees/issue-226/sim/digital-floorplan-compaction/requests/.klt/place-and-route/trng_digital_route.spef line 4684, net $10693 not found.
[WARNING STA-1650] /home/ubuntu/GitHub/sky130-trng/.loom/worktrees/issue-226/sim/digital-floorplan-compaction/requests/.klt/place-and-route/trng_digital_route.spef line 4695, net $10694 not found.
[WARNING STA-1650] /home/ubuntu/GitHub/sky130-trng/.loom/worktrees/issue-226/sim/digital-floorplan-compaction/requests/.klt/place-and-route/trng_digital_route.spef line 4707, net $10695 not found.
[WARNING STA-1650] /home/ubuntu/GitHub/sky130-trng/.loom/worktrees/issue-226/sim/digital-floorplan-compaction/requests/.klt/place-and-route/trng_digital_route.spef line 4721, net $10696 not found.
[WARNING STA-1650] /home/ubuntu/GitHub/sky130-trng/.loom/worktrees/issue-226/sim/digital-floorplan-compaction/requests/.klt/place-and-route/trng_digital_route.spef line 4736, net $10698 not found.
[WARNING STA-1650] /home/ubuntu/GitHub/sky130-trng/.loom/worktrees/issue-226/sim/digital-floorplan-compaction/requests/.klt/place-and-route/trng_digital_route.spef line 4763, net $10699 not found.
[WARNING STA-1650] /home/ubuntu/GitHub/sky130-trng/.loom/worktrees/issue-226/sim/digital-floorplan-compaction/requests/.klt/place-and-route/trng_digital_route.spef line 4788, net $107 not found.
[WARNING STA-1650] /home/ubuntu/GitHub/sky130-trng/.loom/worktrees/issue-226/sim/digital-floorplan-compaction/requests/.klt/place-and-route/trng_digital_route.spef line 4799, net $10700 not found.
[WARNING STA-1650] /home/ubuntu/GitHub/sky130-trng/.loom/worktrees/issue-226/sim/digital-floorplan-compaction/requests/.klt/place-and-route/trng_digital_route.spef line 4809, net $10701 not found.
[WARNING STA-1650] /home/ubuntu/GitHub/sky130-trng/.loom/worktrees/issue-226/sim/digital-floorplan-compaction/requests/.klt/place-and-route/trng_digital_route.spef line 4822, net $10702 not found.
[WARNING STA-1650] /home/ubuntu/GitHub/sky130-trng/.loom/worktrees/issue-226/sim/digital-floorplan-compaction/requests/.klt/place-and-route/trng_digital_route.spef line 4837, net $10703 not found.
[WARNING STA-1650] /home/ubuntu/GitHub/sky130-trng/.loom/worktrees/issue-226/sim/digital-floorplan-compaction/requests/.klt/place-and-route/trng_digital_route.spef line 4853, net $10755 not found.
[WARNING STA-1650] /home/ubuntu/GitHub/sky130-trng/.loom/worktrees/issue-226/sim/digital-floorplan-compaction/requests/.klt/place-and-route/trng_digital_route.spef line 4867, net $10756 not found.
[WARNING STA-1650] /home/ubuntu/GitHub/sky130-trng/.loom/worktrees/issue-226/sim/digital-floorplan-compaction/requests/.klt/place-and-route/trng_digital_route.spef line 4880, net $10757 not found.
[WARNING STA-1650] /home/ubuntu/GitHub/sky130-trng/.loom/worktrees/issue-226/sim/digital-floorplan-compaction/requests/.klt/place-and-route/trng_digital_route.spef line 4889, net $10758 not found.
[WARNING STA-1650] /home/ubuntu/GitHub/sky130-trng/.loom/worktrees/issue-226/sim/digital-floorplan-compaction/requests/.klt/place-and-route/trng_digital_route.spef line 4897, net $10760 not found.
[WARNING STA-1650] /home/ubuntu/GitHub/sky130-trng/.loom/worktrees/issue-226/sim/digital-floorplan-compaction/requests/.klt/place-and-route/trng_digital_route.spef line 4912, net $10761 not found.
[WARNING STA-1650] /home/ubuntu/GitHub/sky130-trng/.loom/worktrees/issue-226/sim/digital-floorplan-compaction/requests/.klt/place-and-route/trng_digital_route.spef line 4923, net $10762 not found.
[WARNING STA-1650] /home/ubuntu/GitHub/sky130-trng/.loom/worktrees/issue-226/sim/digital-floorplan-compaction/requests/.klt/place-and-route/trng_digital_route.spef line 4938, net $10764 not found.
[WARNING STA-1650] /home/ubuntu/GitHub/sky130-trng/.loom/worktrees/issue-226/sim/digital-floorplan-compaction/requests/.klt/place-and-route/trng_digital_route.spef line 4951, net $10765 not found.
[WARNING STA-1650] /home/ubuntu/GitHub/sky130-trng/.loom/worktrees/issue-226/sim/digital-floorplan-compaction/requests/.klt/place-and-route/trng_digital_route.spef line 4964, net $10766 not found.
[WARNING STA-1650] /home/ubuntu/GitHub/sky130-trng/.loom/worktrees/issue-226/sim/digital-floorplan-compaction/requests/.klt/place-and-route/trng_digital_route.spef line 4977, net $10767 not found.
[WARNING STA-1650] /home/ubuntu/GitHub/sky130-trng/.loom/worktrees/issue-226/sim/digital-floorplan-compaction/requests/.klt/place-and-route/trng_digital_route.spef line 4988, net $10768 not found.
[WARNING STA-1650] /home/ubuntu/GitHub/sky130-trng/.loom/worktrees/issue-226/sim/digital-floorplan-compaction/requests/.klt/place-and-route/trng_digital_route.spef line 5001, net $10770 not found.
[WARNING STA-1650] /home/ubuntu/GitHub/sky130-trng/.loom/worktrees/issue-226/sim/digital-floorplan-compaction/requests/.klt/place-and-route/trng_digital_route.spef line 5011, net $10771 not found.
[WARNING STA-1650] /home/ubuntu/GitHub/sky130-trng/.loom/worktrees/issue-226/sim/digital-floorplan-compaction/requests/.klt/place-and-route/trng_digital_route.spef line 5020, net $10773 not found.
[WARNING STA-1650] /home/ubuntu/GitHub/sky130-trng/.loom/worktrees/issue-226/sim/digital-floorplan-compaction/requests/.klt/place-and-route/trng_digital_route.spef line 5030, net $10774 not found.
[WARNING STA-1650] /home/ubuntu/GitHub/sky130-trng/.loom/worktrees/issue-226/sim/digital-floorplan-compaction/requests/.klt/place-and-route/trng_digital_route.spef line 5040, net $10776 not found.
[WARNING STA-1650] /home/ubuntu/GitHub/sky130-trng/.loom/worktrees/issue-226/sim/digital-floorplan-compaction/requests/.klt/place-and-route/trng_digital_route.spef line 5049, net $10777 not found.
[WARNING STA-1650] /home/ubuntu/GitHub/sky130-trng/.loom/worktrees/issue-226/sim/digital-floorplan-compaction/requests/.klt/place-and-route/trng_digital_route.spef line 5058, net $10778 not found.
[WARNING STA-1650] /home/ubuntu/GitHub/sky130-trng/.loom/worktrees/issue-226/sim/digital-floorplan-compaction/requests/.klt/place-and-route/trng_digital_route.spef line 5067, net $108 not found.
[WARNING STA-1650] /home/ubuntu/GitHub/sky130-trng/.loom/worktrees/issue-226/sim/digital-floorplan-compaction/requests/.klt/place-and-route/trng_digital_route.spef line 5089, net $10804 not found.
[WARNING STA-1650] /home/ubuntu/GitHub/sky130-trng/.loom/worktrees/issue-226/sim/digital-floorplan-compaction/requests/.klt/place-and-route/trng_digital_route.spef line 5114, net $10805 not found.
[WARNING STA-1650] /home/ubuntu/GitHub/sky130-trng/.loom/worktrees/issue-226/sim/digital-floorplan-compaction/requests/.klt/place-and-route/trng_digital_route.spef line 5137, net $10806 not found.
[WARNING STA-1650] /home/ubuntu/GitHub/sky130-trng/.loom/worktrees/issue-226/sim/digital-floorplan-compaction/requests/.klt/place-and-route/trng_digital_route.spef line 5148, net $10807 not found.
[WARNING STA-1650] /home/ubuntu/GitHub/sky130-trng/.loom/worktrees/issue-226/sim/digital-floorplan-compaction/requests/.klt/place-and-route/trng_digital_route.spef line 5161, net $10808 not found.
[WARNING STA-1650] /home/ubuntu/GitHub/sky130-trng/.loom/worktrees/issue-226/sim/digital-floorplan-compaction/requests/.klt/place-and-route/trng_digital_route.spef line 5170, net $10809 not found.
[WARNING STA-1650] /home/ubuntu/GitHub/sky130-trng/.loom/worktrees/issue-226/sim/digital-floorplan-compaction/requests/.klt/place-and-route/trng_digital_route.spef line 5184, net $10810 not found.
[WARNING STA-1650] /home/ubuntu/GitHub/sky130-trng/.loom/worktrees/issue-226/sim/digital-floorplan-compaction/requests/.klt/place-and-route/trng_digital_route.spef line 5198, net $10811 not found.
[WARNING STA-1650] /home/ubuntu/GitHub/sky130-trng/.loom/worktrees/issue-226/sim/digital-floorplan-compaction/requests/.klt/place-and-route/trng_digital_route.spef line 5214, net $10812 not found.
[WARNING STA-1650] /home/ubuntu/GitHub/sky130-trng/.loom/worktrees/issue-226/sim/digital-floorplan-compaction/requests/.klt/place-and-route/trng_digital_route.spef line 5240, net $10813 not found.
[WARNING STA-1650] /home/ubuntu/GitHub/sky130-trng/.loom/worktrees/issue-226/sim/digital-floorplan-compaction/requests/.klt/place-and-route/trng_digital_route.spef line 5264, net $10814 not found.
[WARNING STA-1650] /home/ubuntu/GitHub/sky130-trng/.loom/worktrees/issue-226/sim/digital-floorplan-compaction/requests/.klt/place-and-route/trng_digital_route.spef line 5277, net $10815 not found.
[WARNING STA-1650] /home/ubuntu/GitHub/sky130-trng/.loom/worktrees/issue-226/sim/digital-floorplan-compaction/requests/.klt/place-and-route/trng_digital_route.spef line 5291, net $10816 not found.
[WARNING STA-1650] /home/ubuntu/GitHub/sky130-trng/.loom/worktrees/issue-226/sim/digital-floorplan-compaction/requests/.klt/place-and-route/trng_digital_route.spef line 5300, net $10817 not found.
[WARNING STA-1650] /home/ubuntu/GitHub/sky130-trng/.loom/worktrees/issue-226/sim/digital-floorplan-compaction/requests/.klt/place-and-route/trng_digital_route.spef line 5314, net $10818 not found.
[WARNING STA-1650] /home/ubuntu/GitHub/sky130-trng/.loom/worktrees/issue-226/sim/digital-floorplan-compaction/requests/.klt/place-and-route/trng_digital_route.spef line 5328, net $10819 not found.
[WARNING STA-1650] /home/ubuntu/GitHub/sky130-trng/.loom/worktrees/issue-226/sim/digital-floorplan-compaction/requests/.klt/place-and-route/trng_digital_route.spef line 5342, net $10820 not found.
[WARNING STA-1650] /home/ubuntu/GitHub/sky130-trng/.loom/worktrees/issue-226/sim/digital-floorplan-compaction/requests/.klt/place-and-route/trng_digital_route.spef line 5355, net $10823 not found.
[WARNING STA-1650] /home/ubuntu/GitHub/sky130-trng/.loom/worktrees/issue-226/sim/digital-floorplan-compaction/requests/.klt/place-and-route/trng_digital_route.spef line 5367, net $10824 not found.
[WARNING STA-1650] /home/ubuntu/GitHub/sky130-trng/.loom/worktrees/issue-226/sim/digital-floorplan-compaction/requests/.klt/place-and-route/trng_digital_route.spef line 5388, net $10825 not found.
[WARNING STA-1650] /home/ubuntu/GitHub/sky130-trng/.loom/worktrees/issue-226/sim/digital-floorplan-compaction/requests/.klt/place-and-route/trng_digital_route.spef line 5407, net $10826 not found.
[WARNING STA-1650] /home/ubuntu/GitHub/sky130-trng/.loom/worktrees/issue-226/sim/digital-floorplan-compaction/requests/.klt/place-and-route/trng_digital_route.spef line 5418, net $10827 not found.
[WARNING STA-1650] /home/ubuntu/GitHub/sky130-trng/.loom/worktrees/issue-226/sim/digital-floorplan-compaction/requests/.klt/place-and-route/trng_digital_route.spef line 5431, net $10828 not found.
[WARNING STA-1650] /home/ubuntu/GitHub/sky130-trng/.loom/worktrees/issue-226/sim/digital-floorplan-compaction/requests/.klt/place-and-route/trng_digital_route.spef line 5441, net $10829 not found.
[WARNING STA-1650] /home/ubuntu/GitHub/sky130-trng/.loom/worktrees/issue-226/sim/digital-floorplan-compaction/requests/.klt/place-and-route/trng_digital_route.spef line 5456, net $10830 not found.
[WARNING STA-1650] /home/ubuntu/GitHub/sky130-trng/.loom/worktrees/issue-226/sim/digital-floorplan-compaction/requests/.klt/place-and-route/trng_digital_route.spef line 5470, net $10831 not found.
[WARNING STA-1650] /home/ubuntu/GitHub/sky130-trng/.loom/worktrees/issue-226/sim/digital-floorplan-compaction/requests/.klt/place-and-route/trng_digital_route.spef line 5485, net $10832 not found.
[WARNING STA-1650] /home/ubuntu/GitHub/sky130-trng/.loom/worktrees/issue-226/sim/digital-floorplan-compaction/requests/.klt/place-and-route/trng_digital_route.spef line 5496, net $10836 not found.
[WARNING STA-1650] /home/ubuntu/GitHub/sky130-trng/.loom/worktrees/issue-226/sim/digital-floorplan-compaction/requests/.klt/place-and-route/trng_digital_route.spef line 5508, net $10837 not found.
[WARNING STA-1650] /home/ubuntu/GitHub/sky130-trng/.loom/worktrees/issue-226/sim/digital-floorplan-compaction/requests/.klt/place-and-route/trng_digital_route.spef line 5529, net $10839 not found.
[WARNING STA-1650] /home/ubuntu/GitHub/sky130-trng/.loom/worktrees/issue-226/sim/digital-floorplan-compaction/requests/.klt/place-and-route/trng_digital_route.spef line 5539, net $10840 not found.
[WARNING STA-1650] /home/ubuntu/GitHub/sky130-trng/.loom/worktrees/issue-226/sim/digital-floorplan-compaction/requests/.klt/place-and-route/trng_digital_route.spef line 5553, net $10841 not found.
[WARNING STA-1650] /home/ubuntu/GitHub/sky130-trng/.loom/worktrees/issue-226/sim/digital-floorplan-compaction/requests/.klt/place-and-route/trng_digital_route.spef line 5563, net $10843 not found.
[WARNING STA-1650] /home/ubuntu/GitHub/sky130-trng/.loom/worktrees/issue-226/sim/digital-floorplan-compaction/requests/.klt/place-and-route/trng_digital_route.spef line 5589, net $10844 not found.
[WARNING STA-1650] /home/ubuntu/GitHub/sky130-trng/.loom/worktrees/issue-226/sim/digital-floorplan-compaction/requests/.klt/place-and-route/trng_digital_route.spef line 5612, net $10845 not found.
[WARNING STA-1650] /home/ubuntu/GitHub/sky130-trng/.loom/worktrees/issue-226/sim/digital-floorplan-compaction/requests/.klt/place-and-route/trng_digital_route.spef line 5624, net $10846 not found.
[WARNING STA-1650] /home/ubuntu/GitHub/sky130-trng/.loom/worktrees/issue-226/sim/digital-floorplan-compaction/requests/.klt/place-and-route/trng_digital_route.spef line 5637, net $10847 not found.
[WARNING STA-1650] /home/ubuntu/GitHub/sky130-trng/.loom/worktrees/issue-226/sim/digital-floorplan-compaction/requests/.klt/place-and-route/trng_digital_route.spef line 5646, net $10848 not found.
[WARNING STA-1650] /home/ubuntu/GitHub/sky130-trng/.loom/worktrees/issue-226/sim/digital-floorplan-compaction/requests/.klt/place-and-route/trng_digital_route.spef line 5660, net $10849 not found.
[WARNING STA-1650] /home/ubuntu/GitHub/sky130-trng/.loom/worktrees/issue-226/sim/digital-floorplan-compaction/requests/.klt/place-and-route/trng_digital_route.spef line 5674, net $10850 not found.
[WARNING STA-1650] /home/ubuntu/GitHub/sky130-trng/.loom/worktrees/issue-226/sim/digital-floorplan-compaction/requests/.klt/place-and-route/trng_digital_route.spef line 5689, net $10852 not found.
[WARNING STA-1650] /home/ubuntu/GitHub/sky130-trng/.loom/worktrees/issue-226/sim/digital-floorplan-compaction/requests/.klt/place-and-route/trng_digital_route.spef line 5699, net $10854 not found.
[WARNING STA-1650] /home/ubuntu/GitHub/sky130-trng/.loom/worktrees/issue-226/sim/digital-floorplan-compaction/requests/.klt/place-and-route/trng_digital_route.spef line 5709, net $10855 not found.
[WARNING STA-1650] /home/ubuntu/GitHub/sky130-trng/.loom/worktrees/issue-226/sim/digital-floorplan-compaction/requests/.klt/place-and-route/trng_digital_route.spef line 5733, net $10856 not found.
[WARNING STA-1650] /home/ubuntu/GitHub/sky130-trng/.loom/worktrees/issue-226/sim/digital-floorplan-compaction/requests/.klt/place-and-route/trng_digital_route.spef line 5755, net $10857 not found.
[WARNING STA-1650] /home/ubuntu/GitHub/sky130-trng/.loom/worktrees/issue-226/sim/digital-floorplan-compaction/requests/.klt/place-and-route/trng_digital_route.spef line 5767, net $10858 not found.
[WARNING STA-1650] /home/ubuntu/GitHub/sky130-trng/.loom/worktrees/issue-226/sim/digital-floorplan-compaction/requests/.klt/place-and-route/trng_digital_route.spef line 5779, net $10859 not found.
[WARNING STA-1650] /home/ubuntu/GitHub/sky130-trng/.loom/worktrees/issue-226/sim/digital-floorplan-compaction/requests/.klt/place-and-route/trng_digital_route.spef line 5788, net $10860 not found.
[WARNING STA-1650] /home/ubuntu/GitHub/sky130-trng/.loom/worktrees/issue-226/sim/digital-floorplan-compaction/requests/.klt/place-and-route/trng_digital_route.spef line 5802, net $10861 not found.
[WARNING STA-1650] /home/ubuntu/GitHub/sky130-trng/.loom/worktrees/issue-226/sim/digital-floorplan-compaction/requests/.klt/place-and-route/trng_digital_route.spef line 5817, net $10862 not found.
[WARNING STA-1650] /home/ubuntu/GitHub/sky130-trng/.loom/worktrees/issue-226/sim/digital-floorplan-compaction/requests/.klt/place-and-route/trng_digital_route.spef line 5833, net $10863 not found.
[WARNING STA-1650] /home/ubuntu/GitHub/sky130-trng/.loom/worktrees/issue-226/sim/digital-floorplan-compaction/requests/.klt/place-and-route/trng_digital_route.spef line 5843, net $10866 not found.
[WARNING STA-1650] /home/ubuntu/GitHub/sky130-trng/.loom/worktrees/issue-226/sim/digital-floorplan-compaction/requests/.klt/place-and-route/trng_digital_route.spef line 5856, net $10867 not found.
[WARNING STA-1650] /home/ubuntu/GitHub/sky130-trng/.loom/worktrees/issue-226/sim/digital-floorplan-compaction/requests/.klt/place-and-route/trng_digital_route.spef line 5881, net $10868 not found.
[WARNING STA-1650] /home/ubuntu/GitHub/sky130-trng/.loom/worktrees/issue-226/sim/digital-floorplan-compaction/requests/.klt/place-and-route/trng_digital_route.spef line 5903, net $10869 not found.
[WARNING STA-1650] /home/ubuntu/GitHub/sky130-trng/.loom/worktrees/issue-226/sim/digital-floorplan-compaction/requests/.klt/place-and-route/trng_digital_route.spef line 5914, net $10870 not found.
[WARNING STA-1650] /home/ubuntu/GitHub/sky130-trng/.loom/worktrees/issue-226/sim/digital-floorplan-compaction/requests/.klt/place-and-route/trng_digital_route.spef line 5927, net $10871 not found.
[WARNING STA-1650] /home/ubuntu/GitHub/sky130-trng/.loom/worktrees/issue-226/sim/digital-floorplan-compaction/requests/.klt/place-and-route/trng_digital_route.spef line 5936, net $10872 not found.
[WARNING STA-1650] /home/ubuntu/GitHub/sky130-trng/.loom/worktrees/issue-226/sim/digital-floorplan-compaction/requests/.klt/place-and-route/trng_digital_route.spef line 5950, net $10873 not found.
[WARNING STA-1650] /home/ubuntu/GitHub/sky130-trng/.loom/worktrees/issue-226/sim/digital-floorplan-compaction/requests/.klt/place-and-route/trng_digital_route.spef line 5965, net $10874 not found.
[WARNING STA-1650] /home/ubuntu/GitHub/sky130-trng/.loom/worktrees/issue-226/sim/digital-floorplan-compaction/requests/.klt/place-and-route/trng_digital_route.spef line 5981, net $10877 not found.
[WARNING STA-1650] /home/ubuntu/GitHub/sky130-trng/.loom/worktrees/issue-226/sim/digital-floorplan-compaction/requests/.klt/place-and-route/trng_digital_route.spef line 6010, net $10878 not found.
[WARNING STA-1650] /home/ubuntu/GitHub/sky130-trng/.loom/worktrees/issue-226/sim/digital-floorplan-compaction/requests/.klt/place-and-route/trng_digital_route.spef line 6036, net $10879 not found.
[WARNING STA-1650] /home/ubuntu/GitHub/sky130-trng/.loom/worktrees/issue-226/sim/digital-floorplan-compaction/requests/.klt/place-and-route/trng_digital_route.spef line 6047, net $10880 not found.
[WARNING STA-1650] /home/ubuntu/GitHub/sky130-trng/.loom/worktrees/issue-226/sim/digital-floorplan-compaction/requests/.klt/place-and-route/trng_digital_route.spef line 6059, net $10881 not found.
[WARNING STA-1650] /home/ubuntu/GitHub/sky130-trng/.loom/worktrees/issue-226/sim/digital-floorplan-compaction/requests/.klt/place-and-route/trng_digital_route.spef line 6068, net $10882 not found.
[WARNING STA-1650] /home/ubuntu/GitHub/sky130-trng/.loom/worktrees/issue-226/sim/digital-floorplan-compaction/requests/.klt/place-and-route/trng_digital_route.spef line 6081, net $10883 not found.
[WARNING STA-1650] /home/ubuntu/GitHub/sky130-trng/.loom/worktrees/issue-226/sim/digital-floorplan-compaction/requests/.klt/place-and-route/trng_digital_route.spef line 6095, net $10884 not found.
[WARNING STA-1650] /home/ubuntu/GitHub/sky130-trng/.loom/worktrees/issue-226/sim/digital-floorplan-compaction/requests/.klt/place-and-route/trng_digital_route.spef line 6111, net $10886 not found.
[WARNING STA-1650] /home/ubuntu/GitHub/sky130-trng/.loom/worktrees/issue-226/sim/digital-floorplan-compaction/requests/.klt/place-and-route/trng_digital_route.spef line 6120, net $10889 not found.
[WARNING STA-1650] /home/ubuntu/GitHub/sky130-trng/.loom/worktrees/issue-226/sim/digital-floorplan-compaction/requests/.klt/place-and-route/trng_digital_route.spef line 6133, net $10890 not found.
[WARNING STA-1650] /home/ubuntu/GitHub/sky130-trng/.loom/worktrees/issue-226/sim/digital-floorplan-compaction/requests/.klt/place-and-route/trng_digital_route.spef line 6160, net $10891 not found.
[WARNING STA-1650] /home/ubuntu/GitHub/sky130-trng/.loom/worktrees/issue-226/sim/digital-floorplan-compaction/requests/.klt/place-and-route/trng_digital_route.spef line 6184, net $10892 not found.
[WARNING STA-1650] /home/ubuntu/GitHub/sky130-trng/.loom/worktrees/issue-226/sim/digital-floorplan-compaction/requests/.klt/place-and-route/trng_digital_route.spef line 6195, net $10893 not found.
[WARNING STA-1650] /home/ubuntu/GitHub/sky130-trng/.loom/worktrees/issue-226/sim/digital-floorplan-compaction/requests/.klt/place-and-route/trng_digital_route.spef line 6209, net $10894 not found.
[WARNING STA-1650] /home/ubuntu/GitHub/sky130-trng/.loom/worktrees/issue-226/sim/digital-floorplan-compaction/requests/.klt/place-and-route/trng_digital_route.spef line 6218, net $10895 not found.
[WARNING STA-1650] /home/ubuntu/GitHub/sky130-trng/.loom/worktrees/issue-226/sim/digital-floorplan-compaction/requests/.klt/place-and-route/trng_digital_route.spef line 6232, net $10896 not found.
[WARNING STA-1650] /home/ubuntu/GitHub/sky130-trng/.loom/worktrees/issue-226/sim/digital-floorplan-compaction/requests/.klt/place-and-route/trng_digital_route.spef line 6246, net $10897 not found.
[WARNING STA-1650] /home/ubuntu/GitHub/sky130-trng/.loom/worktrees/issue-226/sim/digital-floorplan-compaction/requests/.klt/place-and-route/trng_digital_route.spef line 6262, net $10898 not found.
[WARNING STA-1650] /home/ubuntu/GitHub/sky130-trng/.loom/worktrees/issue-226/sim/digital-floorplan-compaction/requests/.klt/place-and-route/trng_digital_route.spef line 6271, net $109 not found.
[WARNING STA-1650] /home/ubuntu/GitHub/sky130-trng/.loom/worktrees/issue-226/sim/digital-floorplan-compaction/requests/.klt/place-and-route/trng_digital_route.spef line 6290, net $10901 not found.
[WARNING STA-1650] /home/ubuntu/GitHub/sky130-trng/.loom/worktrees/issue-226/sim/digital-floorplan-compaction/requests/.klt/place-and-route/trng_digital_route.spef line 6302, net $10935 not found.
[WARNING STA-1650] /home/ubuntu/GitHub/sky130-trng/.loom/worktrees/issue-226/sim/digital-floorplan-compaction/requests/.klt/place-and-route/trng_digital_route.spef line 6313, net $10936 not found.
[WARNING STA-1650] /home/ubuntu/GitHub/sky130-trng/.loom/worktrees/issue-226/sim/digital-floorplan-compaction/requests/.klt/place-and-route/trng_digital_route.spef line 6323, net $10937 not found.
[WARNING STA-1650] /home/ubuntu/GitHub/sky130-trng/.loom/worktrees/issue-226/sim/digital-floorplan-compaction/requests/.klt/place-and-route/trng_digital_route.spef line 6331, net $10938 not found.
[WARNING STA-1650] /home/ubuntu/GitHub/sky130-trng/.loom/worktrees/issue-226/sim/digital-floorplan-compaction/requests/.klt/place-and-route/trng_digital_route.spef line 6340, net $10939 not found.
[WARNING STA-1650] /home/ubuntu/GitHub/sky130-trng/.loom/worktrees/issue-226/sim/digital-floorplan-compaction/requests/.klt/place-and-route/trng_digital_route.spef line 6349, net $10940 not found.
[WARNING STA-1650] /home/ubuntu/GitHub/sky130-trng/.loom/worktrees/issue-226/sim/digital-floorplan-compaction/requests/.klt/place-and-route/trng_digital_route.spef line 6358, net $10941 not found.
[WARNING STA-1650] /home/ubuntu/GitHub/sky130-trng/.loom/worktrees/issue-226/sim/digital-floorplan-compaction/requests/.klt/place-and-route/trng_digital_route.spef line 6367, net $10942 not found.
[WARNING STA-1650] /home/ubuntu/GitHub/sky130-trng/.loom/worktrees/issue-226/sim/digital-floorplan-compaction/requests/.klt/place-and-route/trng_digital_route.spef line 6377, net $10943 not found.
[WARNING STA-1650] /home/ubuntu/GitHub/sky130-trng/.loom/worktrees/issue-226/sim/digital-floorplan-compaction/requests/.klt/place-and-route/trng_digital_route.spef line 6386, net $10944 not found.
[WARNING STA-1650] /home/ubuntu/GitHub/sky130-trng/.loom/worktrees/issue-226/sim/digital-floorplan-compaction/requests/.klt/place-and-route/trng_digital_route.spef line 6396, net $10992 not found.
[WARNING STA-1650] /home/ubuntu/GitHub/sky130-trng/.loom/worktrees/issue-226/sim/digital-floorplan-compaction/requests/.klt/place-and-route/trng_digital_route.spef line 6406, net $10993 not found.
[WARNING STA-1650] /home/ubuntu/GitHub/sky130-trng/.loom/worktrees/issue-226/sim/digital-floorplan-compaction/requests/.klt/place-and-route/trng_digital_route.spef line 6420, net $10996 not found.
[WARNING STA-1650] /home/ubuntu/GitHub/sky130-trng/.loom/worktrees/issue-226/sim/digital-floorplan-compaction/requests/.klt/place-and-route/trng_digital_route.spef line 6432, net $10997 not found.
[WARNING STA-1650] /home/ubuntu/GitHub/sky130-trng/.loom/worktrees/issue-226/sim/digital-floorplan-compaction/requests/.klt/place-and-route/trng_digital_route.spef line 6458, net $10998 not found.
[WARNING STA-1650] /home/ubuntu/GitHub/sky130-trng/.loom/worktrees/issue-226/sim/digital-floorplan-compaction/requests/.klt/place-and-route/trng_digital_route.spef line 6481, net $10999 not found.
[WARNING STA-1650] /home/ubuntu/GitHub/sky130-trng/.loom/worktrees/issue-226/sim/digital-floorplan-compaction/requests/.klt/place-and-route/trng_digital_route.spef line 6491, net $110 not found.
[WARNING STA-1650] /home/ubuntu/GitHub/sky130-trng/.loom/worktrees/issue-226/sim/digital-floorplan-compaction/requests/.klt/place-and-route/trng_digital_route.spef line 6502, net $11000 not found.
[WARNING STA-1650] /home/ubuntu/GitHub/sky130-trng/.loom/worktrees/issue-226/sim/digital-floorplan-compaction/requests/.klt/place-and-route/trng_digital_route.spef line 6514, net $11001 not found.
[WARNING STA-1650] /home/ubuntu/GitHub/sky130-trng/.loom/worktrees/issue-226/sim/digital-floorplan-compaction/requests/.klt/place-and-route/trng_digital_route.spef line 6527, net $11002 not found.
[WARNING STA-1650] /home/ubuntu/GitHub/sky130-trng/.loom/worktrees/issue-226/sim/digital-floorplan-compaction/requests/.klt/place-and-route/trng_digital_route.spef line 6541, net $11004 not found.
[WARNING STA-1650] /home/ubuntu/GitHub/sky130-trng/.loom/worktrees/issue-226/sim/digital-floorplan-compaction/requests/.klt/place-and-route/trng_digital_route.spef line 6563, net $11005 not found.
[WARNING STA-1650] /home/ubuntu/GitHub/sky130-trng/.loom/worktrees/issue-226/sim/digital-floorplan-compaction/requests/.klt/place-and-route/trng_digital_route.spef line 6582, net $11006 not found.
[WARNING STA-1650] /home/ubuntu/GitHub/sky130-trng/.loom/worktrees/issue-226/sim/digital-floorplan-compaction/requests/.klt/place-and-route/trng_digital_route.spef line 6594, net $11007 not found.
[WARNING STA-1650] /home/ubuntu/GitHub/sky130-trng/.loom/worktrees/issue-226/sim/digital-floorplan-compaction/requests/.klt/place-and-route/trng_digital_route.spef line 6608, net $11008 not found.
[WARNING STA-1650] /home/ubuntu/GitHub/sky130-trng/.loom/worktrees/issue-226/sim/digital-floorplan-compaction/requests/.klt/place-and-route/trng_digital_route.spef line 6622, net $11009 not found.
[WARNING STA-1650] /home/ubuntu/GitHub/sky130-trng/.loom/worktrees/issue-226/sim/digital-floorplan-compaction/requests/.klt/place-and-route/trng_digital_route.spef line 6637, net $11010 not found.
[WARNING STA-1650] /home/ubuntu/GitHub/sky130-trng/.loom/worktrees/issue-226/sim/digital-floorplan-compaction/requests/.klt/place-and-route/trng_digital_route.spef line 6662, net $11011 not found.
[WARNING STA-1650] /home/ubuntu/GitHub/sky130-trng/.loom/worktrees/issue-226/sim/digital-floorplan-compaction/requests/.klt/place-and-route/trng_digital_route.spef line 6685, net $11012 not found.
[WARNING STA-1650] /home/ubuntu/GitHub/sky130-trng/.loom/worktrees/issue-226/sim/digital-floorplan-compaction/requests/.klt/place-and-route/trng_digital_route.spef line 6697, net $11013 not found.
[WARNING STA-1650] /home/ubuntu/GitHub/sky130-trng/.loom/worktrees/issue-226/sim/digital-floorplan-compaction/requests/.klt/place-and-route/trng_digital_route.spef line 6711, net $11014 not found.
[WARNING STA-1650] /home/ubuntu/GitHub/sky130-trng/.loom/worktrees/issue-226/sim/digital-floorplan-compaction/requests/.klt/place-and-route/trng_digital_route.spef line 6726, net $11015 not found.
[WARNING STA-1650] /home/ubuntu/GitHub/sky130-trng/.loom/worktrees/issue-226/sim/digital-floorplan-compaction/requests/.klt/place-and-route/trng_digital_route.spef line 6742, net $11016 not found.
[WARNING STA-1650] /home/ubuntu/GitHub/sky130-trng/.loom/worktrees/issue-226/sim/digital-floorplan-compaction/requests/.klt/place-and-route/trng_digital_route.spef line 6767, net $11017 not found.
[WARNING STA-1650] /home/ubuntu/GitHub/sky130-trng/.loom/worktrees/issue-226/sim/digital-floorplan-compaction/requests/.klt/place-and-route/trng_digital_route.spef line 6789, net $11018 not found.
[WARNING STA-1650] /home/ubuntu/GitHub/sky130-trng/.loom/worktrees/issue-226/sim/digital-floorplan-compaction/requests/.klt/place-and-route/trng_digital_route.spef line 6801, net $11019 not found.
[WARNING STA-1650] /home/ubuntu/GitHub/sky130-trng/.loom/worktrees/issue-226/sim/digital-floorplan-compaction/requests/.klt/place-and-route/trng_digital_route.spef line 6815, net $11020 not found.
[WARNING STA-1650] /home/ubuntu/GitHub/sky130-trng/.loom/worktrees/issue-226/sim/digital-floorplan-compaction/requests/.klt/place-and-route/trng_digital_route.spef line 6830, net $11021 not found.
[WARNING STA-1650] /home/ubuntu/GitHub/sky130-trng/.loom/worktrees/issue-226/sim/digital-floorplan-compaction/requests/.klt/place-and-route/trng_digital_route.spef line 6846, net $11022 not found.
[WARNING STA-1650] /home/ubuntu/GitHub/sky130-trng/.loom/worktrees/issue-226/sim/digital-floorplan-compaction/requests/.klt/place-and-route/trng_digital_route.spef line 6872, net $11023 not found.
[WARNING STA-1650] /home/ubuntu/GitHub/sky130-trng/.loom/worktrees/issue-226/sim/digital-floorplan-compaction/requests/.klt/place-and-route/trng_digital_route.spef line 6896, net $11024 not found.
[WARNING STA-1650] /home/ubuntu/GitHub/sky130-trng/.loom/worktrees/issue-226/sim/digital-floorplan-compaction/requests/.klt/place-and-route/trng_digital_route.spef line 6907, net $11025 not found.
[WARNING STA-1650] /home/ubuntu/GitHub/sky130-trng/.loom/worktrees/issue-226/sim/digital-floorplan-compaction/requests/.klt/place-and-route/trng_digital_route.spef line 6919, net $11026 not found.
[WARNING STA-1650] /home/ubuntu/GitHub/sky130-trng/.loom/worktrees/issue-226/sim/digital-floorplan-compaction/requests/.klt/place-and-route/trng_digital_route.spef line 6934, net $11027 not found.
[WARNING STA-1650] /home/ubuntu/GitHub/sky130-trng/.loom/worktrees/issue-226/sim/digital-floorplan-compaction/requests/.klt/place-and-route/trng_digital_route.spef line 6950, net $11031 not found.
[WARNING STA-1650] /home/ubuntu/GitHub/sky130-trng/.loom/worktrees/issue-226/sim/digital-floorplan-compaction/requests/.klt/place-and-route/trng_digital_route.spef line 6974, net $11032 not found.
[WARNING STA-1650] /home/ubuntu/GitHub/sky130-trng/.loom/worktrees/issue-226/sim/digital-floorplan-compaction/requests/.klt/place-and-route/trng_digital_route.spef line 6996, net $11033 not found.
[WARNING STA-1650] /home/ubuntu/GitHub/sky130-trng/.loom/worktrees/issue-226/sim/digital-floorplan-compaction/requests/.klt/place-and-route/trng_digital_route.spef line 7006, net $11034 not found.
[WARNING STA-1650] /home/ubuntu/GitHub/sky130-trng/.loom/worktrees/issue-226/sim/digital-floorplan-compaction/requests/.klt/place-and-route/trng_digital_route.spef line 7018, net $11035 not found.
[WARNING STA-1650] /home/ubuntu/GitHub/sky130-trng/.loom/worktrees/issue-226/sim/digital-floorplan-compaction/requests/.klt/place-and-route/trng_digital_route.spef line 7031, net $11036 not found.
[WARNING STA-1650] /home/ubuntu/GitHub/sky130-trng/.loom/worktrees/issue-226/sim/digital-floorplan-compaction/requests/.klt/place-and-route/trng_digital_route.spef line 7045, net $11038 not found.
[WARNING STA-1650] /home/ubuntu/GitHub/sky130-trng/.loom/worktrees/issue-226/sim/digital-floorplan-compaction/requests/.klt/place-and-route/trng_digital_route.spef line 7070, net $11039 not found.
[WARNING STA-1650] /home/ubuntu/GitHub/sky130-trng/.loom/worktrees/issue-226/sim/digital-floorplan-compaction/requests/.klt/place-and-route/trng_digital_route.spef line 7093, net $11040 not found.
[WARNING STA-1650] /home/ubuntu/GitHub/sky130-trng/.loom/worktrees/issue-226/sim/digital-floorplan-compaction/requests/.klt/place-and-route/trng_digital_route.spef line 7106, net $11041 not found.
[WARNING STA-1650] /home/ubuntu/GitHub/sky130-trng/.loom/worktrees/issue-226/sim/digital-floorplan-compaction/requests/.klt/place-and-route/trng_digital_route.spef line 7120, net $11042 not found.
[WARNING STA-1650] /home/ubuntu/GitHub/sky130-trng/.loom/worktrees/issue-226/sim/digital-floorplan-compaction/requests/.klt/place-and-route/trng_digital_route.spef line 7134, net $11043 not found.
[WARNING STA-1650] /home/ubuntu/GitHub/sky130-trng/.loom/worktrees/issue-226/sim/digital-floorplan-compaction/requests/.klt/place-and-route/trng_digital_route.spef line 7148, net $11045 not found.
[WARNING STA-1650] /home/ubuntu/GitHub/sky130-trng/.loom/worktrees/issue-226/sim/digital-floorplan-compaction/requests/.klt/place-and-route/trng_digital_route.spef line 7157, net $11046 not found.
[WARNING STA-1650] /home/ubuntu/GitHub/sky130-trng/.loom/worktrees/issue-226/sim/digital-floorplan-compaction/requests/.klt/place-and-route/trng_digital_route.spef line 7166, net $11047 not found.
[WARNING STA-1650] /home/ubuntu/GitHub/sky130-trng/.loom/worktrees/issue-226/sim/digital-floorplan-compaction/requests/.klt/place-and-route/trng_digital_route.spef line 7178, net $11048 not found.
[WARNING STA-1650] /home/ubuntu/GitHub/sky130-trng/.loom/worktrees/issue-226/sim/digital-floorplan-compaction/requests/.klt/place-and-route/trng_digital_route.spef line 7201, net $11049 not found.
[WARNING STA-1650] /home/ubuntu/GitHub/sky130-trng/.loom/worktrees/issue-226/sim/digital-floorplan-compaction/requests/.klt/place-and-route/trng_digital_route.spef line 7222, net $1105 not found.
[WARNING STA-1650] /home/ubuntu/GitHub/sky130-trng/.loom/worktrees/issue-226/sim/digital-floorplan-compaction/requests/.klt/place-and-route/trng_digital_route.spef line 7230, net $11050 not found.
[WARNING STA-1650] /home/ubuntu/GitHub/sky130-trng/.loom/worktrees/issue-226/sim/digital-floorplan-compaction/requests/.klt/place-and-route/trng_digital_route.spef line 7243, net $11051 not found.
[WARNING STA-1650] /home/ubuntu/GitHub/sky130-trng/.loom/worktrees/issue-226/sim/digital-floorplan-compaction/requests/.klt/place-and-route/trng_digital_route.spef line 7257, net $11052 not found.
[WARNING STA-1650] /home/ubuntu/GitHub/sky130-trng/.loom/worktrees/issue-226/sim/digital-floorplan-compaction/requests/.klt/place-and-route/trng_digital_route.spef line 7271, net $11053 not found.
[WARNING STA-1650] /home/ubuntu/GitHub/sky130-trng/.loom/worktrees/issue-226/sim/digital-floorplan-compaction/requests/.klt/place-and-route/trng_digital_route.spef line 7286, net $11054 not found.
[WARNING STA-1650] /home/ubuntu/GitHub/sky130-trng/.loom/worktrees/issue-226/sim/digital-floorplan-compaction/requests/.klt/place-and-route/trng_digital_route.spef line 7296, net $11055 not found.
[WARNING STA-1650] /home/ubuntu/GitHub/sky130-trng/.loom/worktrees/issue-226/sim/digital-floorplan-compaction/requests/.klt/place-and-route/trng_digital_route.spef line 7304, net $11056 not found.
[WARNING STA-1650] /home/ubuntu/GitHub/sky130-trng/.loom/worktrees/issue-226/sim/digital-floorplan-compaction/requests/.klt/place-and-route/trng_digital_route.spef line 7316, net $1106 not found.
[WARNING STA-1650] /home/ubuntu/GitHub/sky130-trng/.loom/worktrees/issue-226/sim/digital-floorplan-compaction/requests/.klt/place-and-route/trng_digital_route.spef line 7324, net $1107 not found.
[WARNING STA-1650] /home/ubuntu/GitHub/sky130-trng/.loom/worktrees/issue-226/sim/digital-floorplan-compaction/requests/.klt/place-and-route/trng_digital_route.spef line 7334, net $1108 not found.
[WARNING STA-1650] /home/ubuntu/GitHub/sky130-trng/.loom/worktrees/issue-226/sim/digital-floorplan-compaction/requests/.klt/place-and-route/trng_digital_route.spef line 7343, net $1109 not found.
[WARNING STA-1650] /home/ubuntu/GitHub/sky130-trng/.loom/worktrees/issue-226/sim/digital-floorplan-compaction/requests/.klt/place-and-route/trng_digital_route.spef line 7352, net $1110 not found.
[WARNING STA-1650] /home/ubuntu/GitHub/sky130-trng/.loom/worktrees/issue-226/sim/digital-floorplan-compaction/requests/.klt/place-and-route/trng_digital_route.spef line 7362, net $11111 not found.
[WARNING STA-1650] /home/ubuntu/GitHub/sky130-trng/.loom/worktrees/issue-226/sim/digital-floorplan-compaction/requests/.klt/place-and-route/trng_digital_route.spef line 7375, net $11112 not found.
[WARNING STA-1650] /home/ubuntu/GitHub/sky130-trng/.loom/worktrees/issue-226/sim/digital-floorplan-compaction/requests/.klt/place-and-route/trng_digital_route.spef line 7390, net $11113 not found.
[WARNING STA-1650] /home/ubuntu/GitHub/sky130-trng/.loom/worktrees/issue-226/sim/digital-floorplan-compaction/requests/.klt/place-and-route/trng_digital_route.spef line 7400, net $11115 not found.
[WARNING STA-1650] /home/ubuntu/GitHub/sky130-trng/.loom/worktrees/issue-226/sim/digital-floorplan-compaction/requests/.klt/place-and-route/trng_digital_route.spef line 7414, net $11116 not found.
[WARNING STA-1650] /home/ubuntu/GitHub/sky130-trng/.loom/worktrees/issue-226/sim/digital-floorplan-compaction/requests/.klt/place-and-route/trng_digital_route.spef line 7429, net $11118 not found.
[WARNING STA-1650] /home/ubuntu/GitHub/sky130-trng/.loom/worktrees/issue-226/sim/digital-floorplan-compaction/requests/.klt/place-and-route/trng_digital_route.spef line 7443, net $1112 not found.
[WARNING STA-1650] /home/ubuntu/GitHub/sky130-trng/.loom/worktrees/issue-226/sim/digital-floorplan-compaction/requests/.klt/place-and-route/trng_digital_route.spef line 7453, net $11120 not found.
[WARNING STA-1650] /home/ubuntu/GitHub/sky130-trng/.loom/worktrees/issue-226/sim/digital-floorplan-compaction/requests/.klt/place-and-route/trng_digital_route.spef line 7463, net $11121 not found.
[WARNING STA-1650] /home/ubuntu/GitHub/sky130-trng/.loom/worktrees/issue-226/sim/digital-floorplan-compaction/requests/.klt/place-and-route/trng_digital_route.spef line 7476, net $11123 not found.
[WARNING STA-1650] /home/ubuntu/GitHub/sky130-trng/.loom/worktrees/issue-226/sim/digital-floorplan-compaction/requests/.klt/place-and-route/trng_digital_route.spef line 7490, net $11126 not found.
[WARNING STA-1650] /home/ubuntu/GitHub/sky130-trng/.loom/worktrees/issue-226/sim/digital-floorplan-compaction/requests/.klt/place-and-route/trng_digital_route.spef line 7500, net $11127 not found.
[WARNING STA-1650] /home/ubuntu/GitHub/sky130-trng/.loom/worktrees/issue-226/sim/digital-floorplan-compaction/requests/.klt/place-and-route/trng_digital_route.spef line 7515, net $11129 not found.
[WARNING STA-1650] /home/ubuntu/GitHub/sky130-trng/.loom/worktrees/issue-226/sim/digital-floorplan-compaction/requests/.klt/place-and-route/trng_digital_route.spef line 7526, net $1113 not found.
[WARNING STA-1650] /home/ubuntu/GitHub/sky130-trng/.loom/worktrees/issue-226/sim/digital-floorplan-compaction/requests/.klt/place-and-route/trng_digital_route.spef line 7535, net $11130 not found.
[WARNING STA-1650] /home/ubuntu/GitHub/sky130-trng/.loom/worktrees/issue-226/sim/digital-floorplan-compaction/requests/.klt/place-and-route/trng_digital_route.spef line 7545, net $11131 not found.
[WARNING STA-1650] /home/ubuntu/GitHub/sky130-trng/.loom/worktrees/issue-226/sim/digital-floorplan-compaction/requests/.klt/place-and-route/trng_digital_route.spef line 7556, net $11132 not found.
[WARNING STA-1650] /home/ubuntu/GitHub/sky130-trng/.loom/worktrees/issue-226/sim/digital-floorplan-compaction/requests/.klt/place-and-route/trng_digital_route.spef line 7565, net $11133 not found.
[WARNING STA-1650] /home/ubuntu/GitHub/sky130-trng/.loom/worktrees/issue-226/sim/digital-floorplan-compaction/requests/.klt/place-and-route/trng_digital_route.spef line 7574, net $11134 not found.
[WARNING STA-1650] /home/ubuntu/GitHub/sky130-trng/.loom/worktrees/issue-226/sim/digital-floorplan-compaction/requests/.klt/place-and-route/trng_digital_route.spef line 7583, net $11135 not found.
[WARNING STA-1650] /home/ubuntu/GitHub/sky130-trng/.loom/worktrees/issue-226/sim/digital-floorplan-compaction/requests/.klt/place-and-route/trng_digital_route.spef line 7592, net $11136 not found.
[WARNING STA-1650] /home/ubuntu/GitHub/sky130-trng/.loom/worktrees/issue-226/sim/digital-floorplan-compaction/requests/.klt/place-and-route/trng_digital_route.spef line 7601, net $11137 not found.
[WARNING STA-1650] /home/ubuntu/GitHub/sky130-trng/.loom/worktrees/issue-226/sim/digital-floorplan-compaction/requests/.klt/place-and-route/trng_digital_route.spef line 7610, net $11138 not found.
[WARNING STA-1650] /home/ubuntu/GitHub/sky130-trng/.loom/worktrees/issue-226/sim/digital-floorplan-compaction/requests/.klt/place-and-route/trng_digital_route.spef line 7622, net $11139 not found.
[WARNING STA-1650] /home/ubuntu/GitHub/sky130-trng/.loom/worktrees/issue-226/sim/digital-floorplan-compaction/requests/.klt/place-and-route/trng_digital_route.spef line 7632, net $1114 not found.
[WARNING STA-1650] /home/ubuntu/GitHub/sky130-trng/.loom/worktrees/issue-226/sim/digital-floorplan-compaction/requests/.klt/place-and-route/trng_digital_route.spef line 7641, net $11140 not found.
[WARNING STA-1650] /home/ubuntu/GitHub/sky130-trng/.loom/worktrees/issue-226/sim/digital-floorplan-compaction/requests/.klt/place-and-route/trng_digital_route.spef line 7651, net $1115 not found.
[WARNING STA-1650] /home/ubuntu/GitHub/sky130-trng/.loom/worktrees/issue-226/sim/digital-floorplan-compaction/requests/.klt/place-and-route/trng_digital_route.spef line 7659, net $1116 not found.
[WARNING STA-1650] /home/ubuntu/GitHub/sky130-trng/.loom/worktrees/issue-226/sim/digital-floorplan-compaction/requests/.klt/place-and-route/trng_digital_route.spef line 7667, net $11164 not found.
[WARNING STA-1650] /home/ubuntu/GitHub/sky130-trng/.loom/worktrees/issue-226/sim/digital-floorplan-compaction/requests/.klt/place-and-route/trng_digital_route.spef line 7688, net $11165 not found.
[WARNING STA-1650] /home/ubuntu/GitHub/sky130-trng/.loom/worktrees/issue-226/sim/digital-floorplan-compaction/requests/.klt/place-and-route/trng_digital_route.spef line 7707, net $11166 not found.
[WARNING STA-1650] /home/ubuntu/GitHub/sky130-trng/.loom/worktrees/issue-226/sim/digital-floorplan-compaction/requests/.klt/place-and-route/trng_digital_route.spef line 7717, net $11167 not found.
[WARNING STA-1650] /home/ubuntu/GitHub/sky130-trng/.loom/worktrees/issue-226/sim/digital-floorplan-compaction/requests/.klt/place-and-route/trng_digital_route.spef line 7729, net $11168 not found.
[WARNING STA-1650] /home/ubuntu/GitHub/sky130-trng/.loom/worktrees/issue-226/sim/digital-floorplan-compaction/requests/.klt/place-and-route/trng_digital_route.spef line 7738, net $11169 not found.
[WARNING STA-1650] /home/ubuntu/GitHub/sky130-trng/.loom/worktrees/issue-226/sim/digital-floorplan-compaction/requests/.klt/place-and-route/trng_digital_route.spef line 7751, net $1117 not found.
[WARNING STA-1650] /home/ubuntu/GitHub/sky130-trng/.loom/worktrees/issue-226/sim/digital-floorplan-compaction/requests/.klt/place-and-route/trng_digital_route.spef line 7760, net $11170 not found.
[WARNING STA-1650] /home/ubuntu/GitHub/sky130-trng/.loom/worktrees/issue-226/sim/digital-floorplan-compaction/requests/.klt/place-and-route/trng_digital_route.spef line 7773, net $11171 not found.
[WARNING STA-1650] /home/ubuntu/GitHub/sky130-trng/.loom/worktrees/issue-226/sim/digital-floorplan-compaction/requests/.klt/place-and-route/trng_digital_route.spef line 7787, net $1118 not found.
[WARNING STA-1650] /home/ubuntu/GitHub/sky130-trng/.loom/worktrees/issue-226/sim/digital-floorplan-compaction/requests/.klt/place-and-route/trng_digital_route.spef line 7796, net $11180 not found.
[WARNING STA-1650] /home/ubuntu/GitHub/sky130-trng/.loom/worktrees/issue-226/sim/digital-floorplan-compaction/requests/.klt/place-and-route/trng_digital_route.spef line 7810, net $11181 not found.
[WARNING STA-1650] /home/ubuntu/GitHub/sky130-trng/.loom/worktrees/issue-226/sim/digital-floorplan-compaction/requests/.klt/place-and-route/trng_digital_route.spef line 7823, net $11187 not found.
[WARNING STA-1650] /home/ubuntu/GitHub/sky130-trng/.loom/worktrees/issue-226/sim/digital-floorplan-compaction/requests/.klt/place-and-route/trng_digital_route.spef line 7847, net $11188 not found.
[WARNING STA-1650] /home/ubuntu/GitHub/sky130-trng/.loom/worktrees/issue-226/sim/digital-floorplan-compaction/requests/.klt/place-and-route/trng_digital_route.spef line 7869, net $11189 not found.
[WARNING STA-1650] /home/ubuntu/GitHub/sky130-trng/.loom/worktrees/issue-226/sim/digital-floorplan-compaction/requests/.klt/place-and-route/trng_digital_route.spef line 7881, net $1119 not found.
[WARNING STA-1650] /home/ubuntu/GitHub/sky130-trng/.loom/worktrees/issue-226/sim/digital-floorplan-compaction/requests/.klt/place-and-route/trng_digital_route.spef line 7890, net $11190 not found.
[WARNING STA-1650] /home/ubuntu/GitHub/sky130-trng/.loom/worktrees/issue-226/sim/digital-floorplan-compaction/requests/.klt/place-and-route/trng_digital_route.spef line 7904, net $11191 not found.
[WARNING STA-1650] /home/ubuntu/GitHub/sky130-trng/.loom/worktrees/issue-226/sim/digital-floorplan-compaction/requests/.klt/place-and-route/trng_digital_route.spef line 7914, net $11192 not found.
[WARNING STA-1650] /home/ubuntu/GitHub/sky130-trng/.loom/worktrees/issue-226/sim/digital-floorplan-compaction/requests/.klt/place-and-route/trng_digital_route.spef line 7928, net $11193 not found.
[WARNING STA-1650] /home/ubuntu/GitHub/sky130-trng/.loom/worktrees/issue-226/sim/digital-floorplan-compaction/requests/.klt/place-and-route/trng_digital_route.spef line 7942, net $11194 not found.
[WARNING STA-1650] /home/ubuntu/GitHub/sky130-trng/.loom/worktrees/issue-226/sim/digital-floorplan-compaction/requests/.klt/place-and-route/trng_digital_route.spef line 7957, net $11197 not found.
[WARNING STA-1650] /home/ubuntu/GitHub/sky130-trng/.loom/worktrees/issue-226/sim/digital-floorplan-compaction/requests/.klt/place-and-route/trng_digital_route.spef line 7980, net $11198 not found.
[WARNING STA-1650] /home/ubuntu/GitHub/sky130-trng/.loom/worktrees/issue-226/sim/digital-floorplan-compaction/requests/.klt/place-and-route/trng_digital_route.spef line 8001, net $11199 not found.
[WARNING STA-1650] /home/ubuntu/GitHub/sky130-trng/.loom/worktrees/issue-226/sim/digital-floorplan-compaction/requests/.klt/place-and-route/trng_digital_route.spef line 8014, net $112 not found.
[WARNING STA-1650] /home/ubuntu/GitHub/sky130-trng/.loom/worktrees/issue-226/sim/digital-floorplan-compaction/requests/.klt/place-and-route/trng_digital_route.spef line 8027, net $1120 not found.
[WARNING STA-1650] /home/ubuntu/GitHub/sky130-trng/.loom/worktrees/issue-226/sim/digital-floorplan-compaction/requests/.klt/place-and-route/trng_digital_route.spef line 8035, net $11200 not found.
[WARNING STA-1650] /home/ubuntu/GitHub/sky130-trng/.loom/worktrees/issue-226/sim/digital-floorplan-compaction/requests/.klt/place-and-route/trng_digital_route.spef line 8049, net $11201 not found.
[WARNING STA-1650] /home/ubuntu/GitHub/sky130-trng/.loom/worktrees/issue-226/sim/digital-floorplan-compaction/requests/.klt/place-and-route/trng_digital_route.spef line 8058, net $11202 not found.
[WARNING STA-1650] /home/ubuntu/GitHub/sky130-trng/.loom/worktrees/issue-226/sim/digital-floorplan-compaction/requests/.klt/place-and-route/trng_digital_route.spef line 8072, net $11203 not found.
[WARNING STA-1650] /home/ubuntu/GitHub/sky130-trng/.loom/worktrees/issue-226/sim/digital-floorplan-compaction/requests/.klt/place-and-route/trng_digital_route.spef line 8086, net $11204 not found.
[WARNING STA-1650] /home/ubuntu/GitHub/sky130-trng/.loom/worktrees/issue-226/sim/digital-floorplan-compaction/requests/.klt/place-and-route/trng_digital_route.spef line 8102, net $11206 not found.
[WARNING STA-1650] /home/ubuntu/GitHub/sky130-trng/.loom/worktrees/issue-226/sim/digital-floorplan-compaction/requests/.klt/place-and-route/trng_digital_route.spef line 8114, net $11207 not found.
[WARNING STA-1650] /home/ubuntu/GitHub/sky130-trng/.loom/worktrees/issue-226/sim/digital-floorplan-compaction/requests/.klt/place-and-route/trng_digital_route.spef line 8140, net $11208 not found.
[WARNING STA-1650] /home/ubuntu/GitHub/sky130-trng/.loom/worktrees/issue-226/sim/digital-floorplan-compaction/requests/.klt/place-and-route/trng_digital_route.spef line 8163, net $11209 not found.
[WARNING STA-1650] /home/ubuntu/GitHub/sky130-trng/.loom/worktrees/issue-226/sim/digital-floorplan-compaction/requests/.klt/place-and-route/trng_digital_route.spef line 8176, net $1121 not found.
[WARNING STA-1650] /home/ubuntu/GitHub/sky130-trng/.loom/worktrees/issue-226/sim/digital-floorplan-compaction/requests/.klt/place-and-route/trng_digital_route.spef line 8185, net $11210 not found.
[WARNING STA-1650] /home/ubuntu/GitHub/sky130-trng/.loom/worktrees/issue-226/sim/digital-floorplan-compaction/requests/.klt/place-and-route/trng_digital_route.spef line 8200, net $11211 not found.
[WARNING STA-1650] /home/ubuntu/GitHub/sky130-trng/.loom/worktrees/issue-226/sim/digital-floorplan-compaction/requests/.klt/place-and-route/trng_digital_route.spef line 8209, net $11212 not found.
[WARNING STA-1650] /home/ubuntu/GitHub/sky130-trng/.loom/worktrees/issue-226/sim/digital-floorplan-compaction/requests/.klt/place-and-route/trng_digital_route.spef line 8224, net $11213 not found.
[WARNING STA-1650] /home/ubuntu/GitHub/sky130-trng/.loom/worktrees/issue-226/sim/digital-floorplan-compaction/requests/.klt/place-and-route/trng_digital_route.spef line 8238, net $11214 not found.
[WARNING STA-1650] /home/ubuntu/GitHub/sky130-trng/.loom/worktrees/issue-226/sim/digital-floorplan-compaction/requests/.klt/place-and-route/trng_digital_route.spef line 8253, net $11215 not found.
[WARNING STA-1650] /home/ubuntu/GitHub/sky130-trng/.loom/worktrees/issue-226/sim/digital-floorplan-compaction/requests/.klt/place-and-route/trng_digital_route.spef line 8279, net $11216 not found.
[WARNING STA-1650] /home/ubuntu/GitHub/sky130-trng/.loom/worktrees/issue-226/sim/digital-floorplan-compaction/requests/.klt/place-and-route/trng_digital_route.spef line 8302, net $11217 not found.
[WARNING STA-1650] /home/ubuntu/GitHub/sky130-trng/.loom/worktrees/issue-226/sim/digital-floorplan-compaction/requests/.klt/place-and-route/trng_digital_route.spef line 8315, net $11218 not found.
[WARNING STA-1650] /home/ubuntu/GitHub/sky130-trng/.loom/worktrees/issue-226/sim/digital-floorplan-compaction/requests/.klt/place-and-route/trng_digital_route.spef line 8329, net $11219 not found.
[WARNING STA-1650] /home/ubuntu/GitHub/sky130-trng/.loom/worktrees/issue-226/sim/digital-floorplan-compaction/requests/.klt/place-and-route/trng_digital_route.spef line 8339, net $1122 not found.
[WARNING STA-1650] /home/ubuntu/GitHub/sky130-trng/.loom/worktrees/issue-226/sim/digital-floorplan-compaction/requests/.klt/place-and-route/trng_digital_route.spef line 8349, net $11220 not found.
[WARNING STA-1650] /home/ubuntu/GitHub/sky130-trng/.loom/worktrees/issue-226/sim/digital-floorplan-compaction/requests/.klt/place-and-route/trng_digital_route.spef line 8364, net $11221 not found.
[WARNING STA-1650] /home/ubuntu/GitHub/sky130-trng/.loom/worktrees/issue-226/sim/digital-floorplan-compaction/requests/.klt/place-and-route/trng_digital_route.spef line 8380, net $11222 not found.
[WARNING STA-1650] /home/ubuntu/GitHub/sky130-trng/.loom/worktrees/issue-226/sim/digital-floorplan-compaction/requests/.klt/place-and-route/trng_digital_route.spef line 8397, net $11223 not found.
[WARNING STA-1650] /home/ubuntu/GitHub/sky130-trng/.loom/worktrees/issue-226/sim/digital-floorplan-compaction/requests/.klt/place-and-route/trng_digital_route.spef line 8407, net $11229 not found.
[WARNING STA-1650] /home/ubuntu/GitHub/sky130-trng/.loom/worktrees/issue-226/sim/digital-floorplan-compaction/requests/.klt/place-and-route/trng_digital_route.spef line 8419, net $1123 not found.
[WARNING STA-1650] /home/ubuntu/GitHub/sky130-trng/.loom/worktrees/issue-226/sim/digital-floorplan-compaction/requests/.klt/place-and-route/trng_digital_route.spef line 8428, net $11230 not found.
[WARNING STA-1650] /home/ubuntu/GitHub/sky130-trng/.loom/worktrees/issue-226/sim/digital-floorplan-compaction/requests/.klt/place-and-route/trng_digital_route.spef line 8440, net $11232 not found.
[WARNING STA-1650] /home/ubuntu/GitHub/sky130-trng/.loom/worktrees/issue-226/sim/digital-floorplan-compaction/requests/.klt/place-and-route/trng_digital_route.spef line 8450, net $11233 not found.
[WARNING STA-1650] /home/ubuntu/GitHub/sky130-trng/.loom/worktrees/issue-226/sim/digital-floorplan-compaction/requests/.klt/place-and-route/trng_digital_route.spef line 8477, net $11234 not found.
[WARNING STA-1650] /home/ubuntu/GitHub/sky130-trng/.loom/worktrees/issue-226/sim/digital-floorplan-compaction/requests/.klt/place-and-route/trng_digital_route.spef line 8501, net $11235 not found.
[WARNING STA-1650] /home/ubuntu/GitHub/sky130-trng/.loom/worktrees/issue-226/sim/digital-floorplan-compaction/requests/.klt/place-and-route/trng_digital_route.spef line 8512, net $11236 not found.
[WARNING STA-1650] /home/ubuntu/GitHub/sky130-trng/.loom/worktrees/issue-226/sim/digital-floorplan-compaction/requests/.klt/place-and-route/trng_digital_route.spef line 8525, net $11237 not found.
[WARNING STA-1650] /home/ubuntu/GitHub/sky130-trng/.loom/worktrees/issue-226/sim/digital-floorplan-compaction/requests/.klt/place-and-route/trng_digital_route.spef line 8535, net $11238 not found.
[WARNING STA-1650] /home/ubuntu/GitHub/sky130-trng/.loom/worktrees/issue-226/sim/digital-floorplan-compaction/requests/.klt/place-and-route/trng_digital_route.spef line 8550, net $11239 not found.
[WARNING STA-1650] /home/ubuntu/GitHub/sky130-trng/.loom/worktrees/issue-226/sim/digital-floorplan-compaction/requests/.klt/place-and-route/trng_digital_route.spef line 8565, net $1124 not found.
[WARNING STA-1650] /home/ubuntu/GitHub/sky130-trng/.loom/worktrees/issue-226/sim/digital-floorplan-compaction/requests/.klt/place-and-route/trng_digital_route.spef line 8574, net $11240 not found.
[WARNING STA-1650] /home/ubuntu/GitHub/sky130-trng/.loom/worktrees/issue-226/sim/digital-floorplan-compaction/requests/.klt/place-and-route/trng_digital_route.spef line 8590, net $11242 not found.
[WARNING STA-1650] /home/ubuntu/GitHub/sky130-trng/.loom/worktrees/issue-226/sim/digital-floorplan-compaction/requests/.klt/place-and-route/trng_digital_route.spef line 8601, net $11243 not found.
[WARNING STA-1650] /home/ubuntu/GitHub/sky130-trng/.loom/worktrees/issue-226/sim/digital-floorplan-compaction/requests/.klt/place-and-route/trng_digital_route.spef line 8612, net $11246 not found.
[WARNING STA-1650] /home/ubuntu/GitHub/sky130-trng/.loom/worktrees/issue-226/sim/digital-floorplan-compaction/requests/.klt/place-and-route/trng_digital_route.spef line 8623, net $11248 not found.
[WARNING STA-1650] /home/ubuntu/GitHub/sky130-trng/.loom/worktrees/issue-226/sim/digital-floorplan-compaction/requests/.klt/place-and-route/trng_digital_route.spef line 8633, net $1125 not found.
[WARNING STA-1650] /home/ubuntu/GitHub/sky130-trng/.loom/worktrees/issue-226/sim/digital-floorplan-compaction/requests/.klt/place-and-route/trng_digital_route.spef line 8643, net $11250 not found.
[WARNING STA-1650] /home/ubuntu/GitHub/sky130-trng/.loom/worktrees/issue-226/sim/digital-floorplan-compaction/requests/.klt/place-and-route/trng_digital_route.spef line 8666, net $11251 not found.
[WARNING STA-1650] /home/ubuntu/GitHub/sky130-trng/.loom/worktrees/issue-226/sim/digital-floorplan-compaction/requests/.klt/place-and-route/trng_digital_route.spef line 8687, net $11252 not found.
[WARNING STA-1650] /home/ubuntu/GitHub/sky130-trng/.loom/worktrees/issue-226/sim/digital-floorplan-compaction/requests/.klt/place-and-route/trng_digital_route.spef line 8698, net $11253 not found.
[WARNING STA-1650] /home/ubuntu/GitHub/sky130-trng/.loom/worktrees/issue-226/sim/digital-floorplan-compaction/requests/.klt/place-and-route/trng_digital_route.spef line 8710, net $11254 not found.
[WARNING STA-1650] /home/ubuntu/GitHub/sky130-trng/.loom/worktrees/issue-226/sim/digital-floorplan-compaction/requests/.klt/place-and-route/trng_digital_route.spef line 8719, net $11255 not found.
[WARNING STA-1650] /home/ubuntu/GitHub/sky130-trng/.loom/worktrees/issue-226/sim/digital-floorplan-compaction/requests/.klt/place-and-route/trng_digital_route.spef line 8732, net $11256 not found.
[WARNING STA-1650] /home/ubuntu/GitHub/sky130-trng/.loom/worktrees/issue-226/sim/digital-floorplan-compaction/requests/.klt/place-and-route/trng_digital_route.spef line 8745, net $11257 not found.
[WARNING STA-1650] /home/ubuntu/GitHub/sky130-trng/.loom/worktrees/issue-226/sim/digital-floorplan-compaction/requests/.klt/place-and-route/trng_digital_route.spef line 8759, net $1126 not found.
[WARNING STA-1650] /home/ubuntu/GitHub/sky130-trng/.loom/worktrees/issue-226/sim/digital-floorplan-compaction/requests/.klt/place-and-route/trng_digital_route.spef line 8768, net $11260 not found.
[WARNING STA-1650] /home/ubuntu/GitHub/sky130-trng/.loom/worktrees/issue-226/sim/digital-floorplan-compaction/requests/.klt/place-and-route/trng_digital_route.spef line 8780, net $11262 not found.
[WARNING STA-1650] /home/ubuntu/GitHub/sky130-trng/.loom/worktrees/issue-226/sim/digital-floorplan-compaction/requests/.klt/place-and-route/trng_digital_route.spef line 8793, net $11269 not found.
[WARNING STA-1650] /home/ubuntu/GitHub/sky130-trng/.loom/worktrees/issue-226/sim/digital-floorplan-compaction/requests/.klt/place-and-route/trng_digital_route.spef line 8806, net $113 not found.
[WARNING STA-1650] /home/ubuntu/GitHub/sky130-trng/.loom/worktrees/issue-226/sim/digital-floorplan-compaction/requests/.klt/place-and-route/trng_digital_route.spef line 8820, net $11305 not found.
[WARNING STA-1650] /home/ubuntu/GitHub/sky130-trng/.loom/worktrees/issue-226/sim/digital-floorplan-compaction/requests/.klt/place-and-route/trng_digital_route.spef line 8830, net $11306 not found.
[WARNING STA-1650] /home/ubuntu/GitHub/sky130-trng/.loom/worktrees/issue-226/sim/digital-floorplan-compaction/requests/.klt/place-and-route/trng_digital_route.spef line 8840, net $11308 not found.
[WARNING STA-1650] /home/ubuntu/GitHub/sky130-trng/.loom/worktrees/issue-226/sim/digital-floorplan-compaction/requests/.klt/place-and-route/trng_digital_route.spef line 8851, net $11309 not found.
[WARNING STA-1650] /home/ubuntu/GitHub/sky130-trng/.loom/worktrees/issue-226/sim/digital-floorplan-compaction/requests/.klt/place-and-route/trng_digital_route.spef line 8862, net $11310 not found.
[WARNING STA-1650] /home/ubuntu/GitHub/sky130-trng/.loom/worktrees/issue-226/sim/digital-floorplan-compaction/requests/.klt/place-and-route/trng_digital_route.spef line 8872, net $11358 not found.
[WARNING STA-1650] /home/ubuntu/GitHub/sky130-trng/.loom/worktrees/issue-226/sim/digital-floorplan-compaction/requests/.klt/place-and-route/trng_digital_route.spef line 8887, net $11360 not found.
[WARNING STA-1650] /home/ubuntu/GitHub/sky130-trng/.loom/worktrees/issue-226/sim/digital-floorplan-compaction/requests/.klt/place-and-route/trng_digital_route.spef line 8897, net $11361 not found.
[WARNING STA-1650] /home/ubuntu/GitHub/sky130-trng/.loom/worktrees/issue-226/sim/digital-floorplan-compaction/requests/.klt/place-and-route/trng_digital_route.spef line 8922, net $11362 not found.
[WARNING STA-1650] /home/ubuntu/GitHub/sky130-trng/.loom/worktrees/issue-226/sim/digital-floorplan-compaction/requests/.klt/place-and-route/trng_digital_route.spef line 8945, net $11363 not found.
[WARNING STA-1650] /home/ubuntu/GitHub/sky130-trng/.loom/worktrees/issue-226/sim/digital-floorplan-compaction/requests/.klt/place-and-route/trng_digital_route.spef line 8956, net $11364 not found.
[WARNING STA-1650] /home/ubuntu/GitHub/sky130-trng/.loom/worktrees/issue-226/sim/digital-floorplan-compaction/requests/.klt/place-and-route/trng_digital_route.spef line 8969, net $11365 not found.
[WARNING STA-1650] /home/ubuntu/GitHub/sky130-trng/.loom/worktrees/issue-226/sim/digital-floorplan-compaction/requests/.klt/place-and-route/trng_digital_route.spef line 8984, net $11366 not found.
[WARNING STA-1650] /home/ubuntu/GitHub/sky130-trng/.loom/worktrees/issue-226/sim/digital-floorplan-compaction/requests/.klt/place-and-route/trng_digital_route.spef line 9000, net $11367 not found.
[WARNING STA-1650] /home/ubuntu/GitHub/sky130-trng/.loom/worktrees/issue-226/sim/digital-floorplan-compaction/requests/.klt/place-and-route/trng_digital_route.spef line 9026, net $11368 not found.
[WARNING STA-1650] /home/ubuntu/GitHub/sky130-trng/.loom/worktrees/issue-226/sim/digital-floorplan-compaction/requests/.klt/place-and-route/trng_digital_route.spef line 9051, net $11369 not found.
[WARNING STA-1650] /home/ubuntu/GitHub/sky130-trng/.loom/worktrees/issue-226/sim/digital-floorplan-compaction/requests/.klt/place-and-route/trng_digital_route.spef line 9063, net $11370 not found.
[WARNING STA-1650] /home/ubuntu/GitHub/sky130-trng/.loom/worktrees/issue-226/sim/digital-floorplan-compaction/requests/.klt/place-and-route/trng_digital_route.spef line 9077, net $11371 not found.
[WARNING STA-1650] /home/ubuntu/GitHub/sky130-trng/.loom/worktrees/issue-226/sim/digital-floorplan-compaction/requests/.klt/place-and-route/trng_digital_route.spef line 9092, net $11372 not found.
[WARNING STA-1650] /home/ubuntu/GitHub/sky130-trng/.loom/worktrees/issue-226/sim/digital-floorplan-compaction/requests/.klt/place-and-route/trng_digital_route.spef line 9108, net $11373 not found.
[WARNING STA-1650] /home/ubuntu/GitHub/sky130-trng/.loom/worktrees/issue-226/sim/digital-floorplan-compaction/requests/.klt/place-and-route/trng_digital_route.spef line 9127, net $11374 not found.
[WARNING STA-1650] /home/ubuntu/GitHub/sky130-trng/.loom/worktrees/issue-226/sim/digital-floorplan-compaction/requests/.klt/place-and-route/trng_digital_route.spef line 9137, net $11377 not found.
[WARNING STA-1650] /home/ubuntu/GitHub/sky130-trng/.loom/worktrees/issue-226/sim/digital-floorplan-compaction/requests/.klt/place-and-route/trng_digital_route.spef line 9159, net $11378 not found.
[WARNING STA-1650] /home/ubuntu/GitHub/sky130-trng/.loom/worktrees/issue-226/sim/digital-floorplan-compaction/requests/.klt/place-and-route/trng_digital_route.spef line 9179, net $11379 not found.
[WARNING STA-1650] /home/ubuntu/GitHub/sky130-trng/.loom/worktrees/issue-226/sim/digital-floorplan-compaction/requests/.klt/place-and-route/trng_digital_route.spef line 9189, net $11380 not found.
[WARNING STA-1650] /home/ubuntu/GitHub/sky130-trng/.loom/worktrees/issue-226/sim/digital-floorplan-compaction/requests/.klt/place-and-route/trng_digital_route.spef line 9201, net $11381 not found.
[WARNING STA-1650] /home/ubuntu/GitHub/sky130-trng/.loom/worktrees/issue-226/sim/digital-floorplan-compaction/requests/.klt/place-and-route/trng_digital_route.spef line 9214, net $11382 not found.
[WARNING STA-1650] /home/ubuntu/GitHub/sky130-trng/.loom/worktrees/issue-226/sim/digital-floorplan-compaction/requests/.klt/place-and-route/trng_digital_route.spef line 9228, net $11383 not found.
[WARNING STA-1650] /home/ubuntu/GitHub/sky130-trng/.loom/worktrees/issue-226/sim/digital-floorplan-compaction/requests/.klt/place-and-route/trng_digital_route.spef line 9238, net $11385 not found.
[WARNING STA-1650] /home/ubuntu/GitHub/sky130-trng/.loom/worktrees/issue-226/sim/digital-floorplan-compaction/requests/.klt/place-and-route/trng_digital_route.spef line 9249, net $11386 not found.
[WARNING STA-1650] /home/ubuntu/GitHub/sky130-trng/.loom/worktrees/issue-226/sim/digital-floorplan-compaction/requests/.klt/place-and-route/trng_digital_route.spef line 9274, net $11387 not found.
[WARNING STA-1650] /home/ubuntu/GitHub/sky130-trng/.loom/worktrees/issue-226/sim/digital-floorplan-compaction/requests/.klt/place-and-route/trng_digital_route.spef line 9297, net $11388 not found.
[WARNING STA-1650] /home/ubuntu/GitHub/sky130-trng/.loom/worktrees/issue-226/sim/digital-floorplan-compaction/requests/.klt/place-and-route/trng_digital_route.spef line 9309, net $11389 not found.
[WARNING STA-1650] /home/ubuntu/GitHub/sky130-trng/.loom/worktrees/issue-226/sim/digital-floorplan-compaction/requests/.klt/place-and-route/trng_digital_route.spef line 9323, net $11390 not found.
[WARNING STA-1650] /home/ubuntu/GitHub/sky130-trng/.loom/worktrees/issue-226/sim/digital-floorplan-compaction/requests/.klt/place-and-route/trng_digital_route.spef line 9337, net $11391 not found.
[WARNING STA-1650] /home/ubuntu/GitHub/sky130-trng/.loom/worktrees/issue-226/sim/digital-floorplan-compaction/requests/.klt/place-and-route/trng_digital_route.spef line 9352, net $11393 not found.
[WARNING STA-1650] /home/ubuntu/GitHub/sky130-trng/.loom/worktrees/issue-226/sim/digital-floorplan-compaction/requests/.klt/place-and-route/trng_digital_route.spef line 9365, net $11394 not found.
[WARNING STA-1650] /home/ubuntu/GitHub/sky130-trng/.loom/worktrees/issue-226/sim/digital-floorplan-compaction/requests/.klt/place-and-route/trng_digital_route.spef line 9374, net $11395 not found.
[WARNING STA-1650] /home/ubuntu/GitHub/sky130-trng/.loom/worktrees/issue-226/sim/digital-floorplan-compaction/requests/.klt/place-and-route/trng_digital_route.spef line 9384, net $11398 not found.
[WARNING STA-1650] /home/ubuntu/GitHub/sky130-trng/.loom/worktrees/issue-226/sim/digital-floorplan-compaction/requests/.klt/place-and-route/trng_digital_route.spef line 9398, net $11399 not found.
[WARNING STA-1650] /home/ubuntu/GitHub/sky130-trng/.loom/worktrees/issue-226/sim/digital-floorplan-compaction/requests/.klt/place-and-route/trng_digital_route.spef line 9417, net $114 not found.
[WARNING STA-1650] /home/ubuntu/GitHub/sky130-trng/.loom/worktrees/issue-226/sim/digital-floorplan-compaction/requests/.klt/place-and-route/trng_digital_route.spef line 9425, net $11400 not found.
[WARNING STA-1650] /home/ubuntu/GitHub/sky130-trng/.loom/worktrees/issue-226/sim/digital-floorplan-compaction/requests/.klt/place-and-route/trng_digital_route.spef line 9438, net $11402 not found.
[WARNING STA-1650] /home/ubuntu/GitHub/sky130-trng/.loom/worktrees/issue-226/sim/digital-floorplan-compaction/requests/.klt/place-and-route/trng_digital_route.spef line 9451, net $11403 not found.
[WARNING STA-1650] /home/ubuntu/GitHub/sky130-trng/.loom/worktrees/issue-226/sim/digital-floorplan-compaction/requests/.klt/place-and-route/trng_digital_route.spef line 9466, net $11408 not found.
[WARNING STA-1650] /home/ubuntu/GitHub/sky130-trng/.loom/worktrees/issue-226/sim/digital-floorplan-compaction/requests/.klt/place-and-route/trng_digital_route.spef line 9490, net $11409 not found.
[WARNING STA-1650] /home/ubuntu/GitHub/sky130-trng/.loom/worktrees/issue-226/sim/digital-floorplan-compaction/requests/.klt/place-and-route/trng_digital_route.spef line 9512, net $11410 not found.
[WARNING STA-1650] /home/ubuntu/GitHub/sky130-trng/.loom/worktrees/issue-226/sim/digital-floorplan-compaction/requests/.klt/place-and-route/trng_digital_route.spef line 9523, net $11411 not found.
[WARNING STA-1650] /home/ubuntu/GitHub/sky130-trng/.loom/worktrees/issue-226/sim/digital-floorplan-compaction/requests/.klt/place-and-route/trng_digital_route.spef line 9535, net $11412 not found.
[WARNING STA-1650] /home/ubuntu/GitHub/sky130-trng/.loom/worktrees/issue-226/sim/digital-floorplan-compaction/requests/.klt/place-and-route/trng_digital_route.spef line 9549, net $11413 not found.
[WARNING STA-1650] /home/ubuntu/GitHub/sky130-trng/.loom/worktrees/issue-226/sim/digital-floorplan-compaction/requests/.klt/place-and-route/trng_digital_route.spef line 9564, net $11415 not found.
[WARNING STA-1650] /home/ubuntu/GitHub/sky130-trng/.loom/worktrees/issue-226/sim/digital-floorplan-compaction/requests/.klt/place-and-route/trng_digital_route.spef line 9573, net $11416 not found.
[WARNING STA-1650] /home/ubuntu/GitHub/sky130-trng/.loom/worktrees/issue-226/sim/digital-floorplan-compaction/requests/.klt/place-and-route/trng_digital_route.spef line 9582, net $11417 not found.
[WARNING STA-1650] /home/ubuntu/GitHub/sky130-trng/.loom/worktrees/issue-226/sim/digital-floorplan-compaction/requests/.klt/place-and-route/trng_digital_route.spef line 9594, net $11420 not found.
[WARNING STA-1650] /home/ubuntu/GitHub/sky130-trng/.loom/worktrees/issue-226/sim/digital-floorplan-compaction/requests/.klt/place-and-route/trng_digital_route.spef line 9613, net $11421 not found.
[WARNING STA-1650] /home/ubuntu/GitHub/sky130-trng/.loom/worktrees/issue-226/sim/digital-floorplan-compaction/requests/.klt/place-and-route/trng_digital_route.spef line 9636, net $11422 not found.
[WARNING STA-1650] /home/ubuntu/GitHub/sky130-trng/.loom/worktrees/issue-226/sim/digital-floorplan-compaction/requests/.klt/place-and-route/trng_digital_route.spef line 9657, net $11423 not found.
[WARNING STA-1650] /home/ubuntu/GitHub/sky130-trng/.loom/worktrees/issue-226/sim/digital-floorplan-compaction/requests/.klt/place-and-route/trng_digital_route.spef line 9669, net $11424 not found.
[WARNING STA-1650] /home/ubuntu/GitHub/sky130-trng/.loom/worktrees/issue-226/sim/digital-floorplan-compaction/requests/.klt/place-and-route/trng_digital_route.spef line 9683, net $11425 not found.
[WARNING STA-1650] /home/ubuntu/GitHub/sky130-trng/.loom/worktrees/issue-226/sim/digital-floorplan-compaction/requests/.klt/place-and-route/trng_digital_route.spef line 9697, net $11426 not found.
[WARNING STA-1650] /home/ubuntu/GitHub/sky130-trng/.loom/worktrees/issue-226/sim/digital-floorplan-compaction/requests/.klt/place-and-route/trng_digital_route.spef line 9712, net $11461 not found.
[WARNING STA-1650] /home/ubuntu/GitHub/sky130-trng/.loom/worktrees/issue-226/sim/digital-floorplan-compaction/requests/.klt/place-and-route/trng_digital_route.spef line 9726, net $11481 not found.
[WARNING STA-1650] /home/ubuntu/GitHub/sky130-trng/.loom/worktrees/issue-226/sim/digital-floorplan-compaction/requests/.klt/place-and-route/trng_digital_route.spef line 9741, net $11482 not found.
[WARNING STA-1650] /home/ubuntu/GitHub/sky130-trng/.loom/worktrees/issue-226/sim/digital-floorplan-compaction/requests/.klt/place-and-route/trng_digital_route.spef line 9756, net $11484 not found.
[WARNING STA-1650] /home/ubuntu/GitHub/sky130-trng/.loom/worktrees/issue-226/sim/digital-floorplan-compaction/requests/.klt/place-and-route/trng_digital_route.spef line 9769, net $11485 not found.
[WARNING STA-1650] /home/ubuntu/GitHub/sky130-trng/.loom/worktrees/issue-226/sim/digital-floorplan-compaction/requests/.klt/place-and-route/trng_digital_route.spef line 9783, net $11486 not found.
[WARNING STA-1650] /home/ubuntu/GitHub/sky130-trng/.loom/worktrees/issue-226/sim/digital-floorplan-compaction/requests/.klt/place-and-route/trng_digital_route.spef line 9793, net $11488 not found.
[WARNING STA-1650] /home/ubuntu/GitHub/sky130-trng/.loom/worktrees/issue-226/sim/digital-floorplan-compaction/requests/.klt/place-and-route/trng_digital_route.spef line 9807, net $11490 not found.
[WARNING STA-1650] /home/ubuntu/GitHub/sky130-trng/.loom/worktrees/issue-226/sim/digital-floorplan-compaction/requests/.klt/place-and-route/trng_digital_route.spef line 9817, net $11491 not found.
[WARNING STA-1650] /home/ubuntu/GitHub/sky130-trng/.loom/worktrees/issue-226/sim/digital-floorplan-compaction/requests/.klt/place-and-route/trng_digital_route.spef line 9828, net $11493 not found.
[WARNING STA-1650] /home/ubuntu/GitHub/sky130-trng/.loom/worktrees/issue-226/sim/digital-floorplan-compaction/requests/.klt/place-and-route/trng_digital_route.spef line 9841, net $11494 not found.
[WARNING STA-1650] /home/ubuntu/GitHub/sky130-trng/.loom/worktrees/issue-226/sim/digital-floorplan-compaction/requests/.klt/place-and-route/trng_digital_route.spef line 9852, net $11497 not found.
[WARNING STA-1650] /home/ubuntu/GitHub/sky130-trng/.loom/worktrees/issue-226/sim/digital-floorplan-compaction/requests/.klt/place-and-route/trng_digital_route.spef line 9862, net $11498 not found.
[WARNING STA-1650] /home/ubuntu/GitHub/sky130-trng/.loom/worktrees/issue-226/sim/digital-floorplan-compaction/requests/.klt/place-and-route/trng_digital_route.spef line 9872, net $11499 not found.
[WARNING STA-1650] /home/ubuntu/GitHub/sky130-trng/.loom/worktrees/issue-226/sim/digital-floorplan-compaction/requests/.klt/place-and-route/trng_digital_route.spef line 9881, net $115 not found.
[WARNING STA-1650] /home/ubuntu/GitHub/sky130-trng/.loom/worktrees/issue-226/sim/digital-floorplan-compaction/requests/.klt/place-and-route/trng_digital_route.spef line 9889, net $11500 not found.
[WARNING STA-1650] /home/ubuntu/GitHub/sky130-trng/.loom/worktrees/issue-226/sim/digital-floorplan-compaction/requests/.klt/place-and-route/trng_digital_route.spef line 9899, net $11501 not found.
[WARNING STA-1650] /home/ubuntu/GitHub/sky130-trng/.loom/worktrees/issue-226/sim/digital-floorplan-compaction/requests/.klt/place-and-route/trng_digital_route.spef line 9908, net $11502 not found.
[WARNING STA-1650] /home/ubuntu/GitHub/sky130-trng/.loom/worktrees/issue-226/sim/digital-floorplan-compaction/requests/.klt/place-and-route/trng_digital_route.spef line 9918, net $11527 not found.
[WARNING STA-1650] /home/ubuntu/GitHub/sky130-trng/.loom/worktrees/issue-226/sim/digital-floorplan-compaction/requests/.klt/place-and-route/trng_digital_route.spef line 9942, net $11528 not found.
[WARNING STA-1650] /home/ubuntu/GitHub/sky130-trng/.loom/worktrees/issue-226/sim/digital-floorplan-compaction/requests/.klt/place-and-route/trng_digital_route.spef line 9964, net $11529 not found.
[WARNING STA-1650] /home/ubuntu/GitHub/sky130-trng/.loom/worktrees/issue-226/sim/digital-floorplan-compaction/requests/.klt/place-and-route/trng_digital_route.spef line 9975, net $11530 not found.
[WARNING STA-1650] /home/ubuntu/GitHub/sky130-trng/.loom/worktrees/issue-226/sim/digital-floorplan-compaction/requests/.klt/place-and-route/trng_digital_route.spef line 9989, net $11531 not found.
[WARNING STA-1650] /home/ubuntu/GitHub/sky130-trng/.loom/worktrees/issue-226/sim/digital-floorplan-compaction/requests/.klt/place-and-route/trng_digital_route.spef line 9999, net $11532 not found.
[WARNING STA-1650] /home/ubuntu/GitHub/sky130-trng/.loom/worktrees/issue-226/sim/digital-floorplan-compaction/requests/.klt/place-and-route/trng_digital_route.spef line 10013, net $11533 not found.
[WARNING STA-1650] /home/ubuntu/GitHub/sky130-trng/.loom/worktrees/issue-226/sim/digital-floorplan-compaction/requests/.klt/place-and-route/trng_digital_route.spef line 10028, net $11535 not found.
[WARNING STA-1650] /home/ubuntu/GitHub/sky130-trng/.loom/worktrees/issue-226/sim/digital-floorplan-compaction/requests/.klt/place-and-route/trng_digital_route.spef line 10045, net $11538 not found.
[WARNING STA-1650] /home/ubuntu/GitHub/sky130-trng/.loom/worktrees/issue-226/sim/digital-floorplan-compaction/requests/.klt/place-and-route/trng_digital_route.spef line 10057, net $11540 not found.
[WARNING STA-1650] /home/ubuntu/GitHub/sky130-trng/.loom/worktrees/issue-226/sim/digital-floorplan-compaction/requests/.klt/place-and-route/trng_digital_route.spef line 10068, net $11542 not found.
[WARNING STA-1650] /home/ubuntu/GitHub/sky130-trng/.loom/worktrees/issue-226/sim/digital-floorplan-compaction/requests/.klt/place-and-route/trng_digital_route.spef line 10079, net $11543 not found.
[WARNING STA-1650] /home/ubuntu/GitHub/sky130-trng/.loom/worktrees/issue-226/sim/digital-floorplan-compaction/requests/.klt/place-and-route/trng_digital_route.spef line 10101, net $11544 not found.
[WARNING STA-1650] /home/ubuntu/GitHub/sky130-trng/.loom/worktrees/issue-226/sim/digital-floorplan-compaction/requests/.klt/place-and-route/trng_digital_route.spef line 10121, net $11545 not found.
[WARNING STA-1650] /home/ubuntu/GitHub/sky130-trng/.loom/worktrees/issue-226/sim/digital-floorplan-compaction/requests/.klt/place-and-route/trng_digital_route.spef line 10132, net $11546 not found.
[WARNING STA-1650] /home/ubuntu/GitHub/sky130-trng/.loom/worktrees/issue-226/sim/digital-floorplan-compaction/requests/.klt/place-and-route/trng_digital_route.spef line 10144, net $11547 not found.
[WARNING STA-1650] /home/ubuntu/GitHub/sky130-trng/.loom/worktrees/issue-226/sim/digital-floorplan-compaction/requests/.klt/place-and-route/trng_digital_route.spef line 10153, net $11548 not found.
[WARNING STA-1650] /home/ubuntu/GitHub/sky130-trng/.loom/worktrees/issue-226/sim/digital-floorplan-compaction/requests/.klt/place-and-route/trng_digital_route.spef line 10166, net $11549 not found.
[WARNING STA-1650] /home/ubuntu/GitHub/sky130-trng/.loom/worktrees/issue-226/sim/digital-floorplan-compaction/requests/.klt/place-and-route/trng_digital_route.spef line 10179, net $11550 not found.
[WARNING STA-1650] /home/ubuntu/GitHub/sky130-trng/.loom/worktrees/issue-226/sim/digital-floorplan-compaction/requests/.klt/place-and-route/trng_digital_route.spef line 10193, net $11554 not found.
[WARNING STA-1650] /home/ubuntu/GitHub/sky130-trng/.loom/worktrees/issue-226/sim/digital-floorplan-compaction/requests/.klt/place-and-route/trng_digital_route.spef line 10203, net $11557 not found.
[WARNING STA-1650] /home/ubuntu/GitHub/sky130-trng/.loom/worktrees/issue-226/sim/digital-floorplan-compaction/requests/.klt/place-and-route/trng_digital_route.spef line 10214, net $11559 not found.
[WARNING STA-1650] /home/ubuntu/GitHub/sky130-trng/.loom/worktrees/issue-226/sim/digital-floorplan-compaction/requests/.klt/place-and-route/trng_digital_route.spef line 10225, net $11563 not found.
[WARNING STA-1650] /home/ubuntu/GitHub/sky130-trng/.loom/worktrees/issue-226/sim/digital-floorplan-compaction/requests/.klt/place-and-route/trng_digital_route.spef line 10236, net $11567 not found.
[WARNING STA-1650] /home/ubuntu/GitHub/sky130-trng/.loom/worktrees/issue-226/sim/digital-floorplan-compaction/requests/.klt/place-and-route/trng_digital_route.spef line 10246, net $11569 not found.
[WARNING STA-1650] /home/ubuntu/GitHub/sky130-trng/.loom/worktrees/issue-226/sim/digital-floorplan-compaction/requests/.klt/place-and-route/trng_digital_route.spef line 10258, net $11577 not found.
[WARNING STA-1650] /home/ubuntu/GitHub/sky130-trng/.loom/worktrees/issue-226/sim/digital-floorplan-compaction/requests/.klt/place-and-route/trng_digital_route.spef line 10275, net $11579 not found.
[WARNING STA-1650] /home/ubuntu/GitHub/sky130-trng/.loom/worktrees/issue-226/sim/digital-floorplan-compaction/requests/.klt/place-and-route/trng_digital_route.spef line 10285, net $11582 not found.
[WARNING STA-1650] /home/ubuntu/GitHub/sky130-trng/.loom/worktrees/issue-226/sim/digital-floorplan-compaction/requests/.klt/place-and-route/trng_digital_route.spef line 10295, net $11583 not found.
[WARNING STA-1650] /home/ubuntu/GitHub/sky130-trng/.loom/worktrees/issue-226/sim/digital-floorplan-compaction/requests/.klt/place-and-route/trng_digital_route.spef line 10320, net $11584 not found.
[WARNING STA-1650] /home/ubuntu/GitHub/sky130-trng/.loom/worktrees/issue-226/sim/digital-floorplan-compaction/requests/.klt/place-and-route/trng_digital_route.spef line 10342, net $11585 not found.
[WARNING STA-1650] /home/ubuntu/GitHub/sky130-trng/.loom/worktrees/issue-226/sim/digital-floorplan-compaction/requests/.klt/place-and-route/trng_digital_route.spef line 10354, net $11586 not found.
[WARNING STA-1650] /home/ubuntu/GitHub/sky130-trng/.loom/worktrees/issue-226/sim/digital-floorplan-compaction/requests/.klt/place-and-route/trng_digital_route.spef line 10368, net $11587 not found.
[WARNING STA-1650] /home/ubuntu/GitHub/sky130-trng/.loom/worktrees/issue-226/sim/digital-floorplan-compaction/requests/.klt/place-and-route/trng_digital_route.spef line 10377, net $11588 not found.
[WARNING STA-1650] /home/ubuntu/GitHub/sky130-trng/.loom/worktrees/issue-226/sim/digital-floorplan-compaction/requests/.klt/place-and-route/trng_digital_route.spef line 10391, net $11589 not found.
[WARNING STA-1650] /home/ubuntu/GitHub/sky130-trng/.loom/worktrees/issue-226/sim/digital-floorplan-compaction/requests/.klt/place-and-route/trng_digital_route.spef line 10405, net $11590 not found.
[WARNING STA-1650] /home/ubuntu/GitHub/sky130-trng/.loom/worktrees/issue-226/sim/digital-floorplan-compaction/requests/.klt/place-and-route/trng_digital_route.spef line 10420, net $11591 not found.
[WARNING STA-1650] /home/ubuntu/GitHub/sky130-trng/.loom/worktrees/issue-226/sim/digital-floorplan-compaction/requests/.klt/place-and-route/trng_digital_route.spef line 10445, net $11592 not found.
[WARNING STA-1650] /home/ubuntu/GitHub/sky130-trng/.loom/worktrees/issue-226/sim/digital-floorplan-compaction/requests/.klt/place-and-route/trng_digital_route.spef line 10468, net $11593 not found.
[WARNING STA-1650] /home/ubuntu/GitHub/sky130-trng/.loom/worktrees/issue-226/sim/digital-floorplan-compaction/requests/.klt/place-and-route/trng_digital_route.spef line 10480, net $11594 not found.
[WARNING STA-1650] /home/ubuntu/GitHub/sky130-trng/.loom/worktrees/issue-226/sim/digital-floorplan-compaction/requests/.klt/place-and-route/trng_digital_route.spef line 10494, net $11595 not found.
[WARNING STA-1650] /home/ubuntu/GitHub/sky130-trng/.loom/worktrees/issue-226/sim/digital-floorplan-compaction/requests/.klt/place-and-route/trng_digital_route.spef line 10503, net $11596 not found.
[WARNING STA-1650] /home/ubuntu/GitHub/sky130-trng/.loom/worktrees/issue-226/sim/digital-floorplan-compaction/requests/.klt/place-and-route/trng_digital_route.spef line 10516, net $11597 not found.
[WARNING STA-1650] /home/ubuntu/GitHub/sky130-trng/.loom/worktrees/issue-226/sim/digital-floorplan-compaction/requests/.klt/place-and-route/trng_digital_route.spef line 10529, net $11598 not found.
[WARNING STA-1650] /home/ubuntu/GitHub/sky130-trng/.loom/worktrees/issue-226/sim/digital-floorplan-compaction/requests/.klt/place-and-route/trng_digital_route.spef line 10543, net $11599 not found.
[WARNING STA-1650] /home/ubuntu/GitHub/sky130-trng/.loom/worktrees/issue-226/sim/digital-floorplan-compaction/requests/.klt/place-and-route/trng_digital_route.spef line 10553, net $116 not found.
[WARNING STA-1650] /home/ubuntu/GitHub/sky130-trng/.loom/worktrees/issue-226/sim/digital-floorplan-compaction/requests/.klt/place-and-route/trng_digital_route.spef line 10565, net $11600 not found.
[WARNING STA-1650] /home/ubuntu/GitHub/sky130-trng/.loom/worktrees/issue-226/sim/digital-floorplan-compaction/requests/.klt/place-and-route/trng_digital_route.spef line 10575, net $11601 not found.
[WARNING STA-1650] /home/ubuntu/GitHub/sky130-trng/.loom/worktrees/issue-226/sim/digital-floorplan-compaction/requests/.klt/place-and-route/trng_digital_route.spef line 10597, net $11602 not found.
[WARNING STA-1650] /home/ubuntu/GitHub/sky130-trng/.loom/worktrees/issue-226/sim/digital-floorplan-compaction/requests/.klt/place-and-route/trng_digital_route.spef line 10618, net $11603 not found.
[WARNING STA-1650] /home/ubuntu/GitHub/sky130-trng/.loom/worktrees/issue-226/sim/digital-floorplan-compaction/requests/.klt/place-and-route/trng_digital_route.spef line 10629, net $11604 not found.
[WARNING STA-1650] /home/ubuntu/GitHub/sky130-trng/.loom/worktrees/issue-226/sim/digital-floorplan-compaction/requests/.klt/place-and-route/trng_digital_route.spef line 10643, net $11605 not found.
[WARNING STA-1650] /home/ubuntu/GitHub/sky130-trng/.loom/worktrees/issue-226/sim/digital-floorplan-compaction/requests/.klt/place-and-route/trng_digital_route.spef line 10652, net $11606 not found.
[WARNING STA-1650] /home/ubuntu/GitHub/sky130-trng/.loom/worktrees/issue-226/sim/digital-floorplan-compaction/requests/.klt/place-and-route/trng_digital_route.spef line 10667, net $11607 not found.
[WARNING STA-1650] /home/ubuntu/GitHub/sky130-trng/.loom/worktrees/issue-226/sim/digital-floorplan-compaction/requests/.klt/place-and-route/trng_digital_route.spef line 10682, net $11608 not found.
[WARNING STA-1650] /home/ubuntu/GitHub/sky130-trng/.loom/worktrees/issue-226/sim/digital-floorplan-compaction/requests/.klt/place-and-route/trng_digital_route.spef line 10697, net $11618 not found.
[WARNING STA-1650] /home/ubuntu/GitHub/sky130-trng/.loom/worktrees/issue-226/sim/digital-floorplan-compaction/requests/.klt/place-and-route/trng_digital_route.spef line 10712, net $11619 not found.
[WARNING STA-1650] /home/ubuntu/GitHub/sky130-trng/.loom/worktrees/issue-226/sim/digital-floorplan-compaction/requests/.klt/place-and-route/trng_digital_route.spef line 10729, net $1165 not found.
[WARNING STA-1650] /home/ubuntu/GitHub/sky130-trng/.loom/worktrees/issue-226/sim/digital-floorplan-compaction/requests/.klt/place-and-route/trng_digital_route.spef line 10752, net $11654 not found.
[WARNING STA-1650] /home/ubuntu/GitHub/sky130-trng/.loom/worktrees/issue-226/sim/digital-floorplan-compaction/requests/.klt/place-and-route/trng_digital_route.spef line 10762, net $11656 not found.
[WARNING STA-1650] /home/ubuntu/GitHub/sky130-trng/.loom/worktrees/issue-226/sim/digital-floorplan-compaction/requests/.klt/place-and-route/trng_digital_route.spef line 10771, net $11657 not found.
[WARNING STA-1650] /home/ubuntu/GitHub/sky130-trng/.loom/worktrees/issue-226/sim/digital-floorplan-compaction/requests/.klt/place-and-route/trng_digital_route.spef line 10779, net $11658 not found.
[WARNING STA-1650] /home/ubuntu/GitHub/sky130-trng/.loom/worktrees/issue-226/sim/digital-floorplan-compaction/requests/.klt/place-and-route/trng_digital_route.spef line 10789, net $11659 not found.
[WARNING STA-1650] /home/ubuntu/GitHub/sky130-trng/.loom/worktrees/issue-226/sim/digital-floorplan-compaction/requests/.klt/place-and-route/trng_digital_route.spef line 10800, net $1166 not found.
[WARNING STA-1650] /home/ubuntu/GitHub/sky130-trng/.loom/worktrees/issue-226/sim/digital-floorplan-compaction/requests/.klt/place-and-route/trng_digital_route.spef line 10821, net $11660 not found.
[WARNING STA-1650] /home/ubuntu/GitHub/sky130-trng/.loom/worktrees/issue-226/sim/digital-floorplan-compaction/requests/.klt/place-and-route/trng_digital_route.spef line 10832, net $1167 not found.
[WARNING STA-1650] /home/ubuntu/GitHub/sky130-trng/.loom/worktrees/issue-226/sim/digital-floorplan-compaction/requests/.klt/place-and-route/trng_digital_route.spef line 10842, net $1168 not found.
[WARNING STA-1650] /home/ubuntu/GitHub/sky130-trng/.loom/worktrees/issue-226/sim/digital-floorplan-compaction/requests/.klt/place-and-route/trng_digital_route.spef line 10854, net $1169 not found.
[WARNING STA-1650] /home/ubuntu/GitHub/sky130-trng/.loom/worktrees/issue-226/sim/digital-floorplan-compaction/requests/.klt/place-and-route/trng_digital_route.spef line 10867, net $117 not found.
[WARNING STA-1650] /home/ubuntu/GitHub/sky130-trng/.loom/worktrees/issue-226/sim/digital-floorplan-compaction/requests/.klt/place-and-route/trng_digital_route.spef line 10887, net $1170 not found.
[WARNING STA-1650] /home/ubuntu/GitHub/sky130-trng/.loom/worktrees/issue-226/sim/digital-floorplan-compaction/requests/.klt/place-and-route/trng_digital_route.spef line 10901, net $11700 not found.
[WARNING STA-1650] /home/ubuntu/GitHub/sky130-trng/.loom/worktrees/issue-226/sim/digital-floorplan-compaction/requests/.klt/place-and-route/trng_digital_route.spef line 10916, net $11702 not found.
[WARNING STA-1650] /home/ubuntu/GitHub/sky130-trng/.loom/worktrees/issue-226/sim/digital-floorplan-compaction/requests/.klt/place-and-route/trng_digital_route.spef line 10935, net $11703 not found.
[WARNING STA-1650] /home/ubuntu/GitHub/sky130-trng/.loom/worktrees/issue-226/sim/digital-floorplan-compaction/requests/.klt/place-and-route/trng_digital_route.spef line 10962, net $11704 not found.
[WARNING STA-1650] /home/ubuntu/GitHub/sky130-trng/.loom/worktrees/issue-226/sim/digital-floorplan-compaction/requests/.klt/place-and-route/trng_digital_route.spef line 10987, net $11705 not found.
[WARNING STA-1650] /home/ubuntu/GitHub/sky130-trng/.loom/worktrees/issue-226/sim/digital-floorplan-compaction/requests/.klt/place-and-route/trng_digital_route.spef line 10999, net $11706 not found.
[WARNING STA-1650] /home/ubuntu/GitHub/sky130-trng/.loom/worktrees/issue-226/sim/digital-floorplan-compaction/requests/.klt/place-and-route/trng_digital_route.spef line 11012, net $11707 not found.
[WARNING STA-1650] /home/ubuntu/GitHub/sky130-trng/.loom/worktrees/issue-226/sim/digital-floorplan-compaction/requests/.klt/place-and-route/trng_digital_route.spef line 11026, net $11708 not found.
[WARNING STA-1650] /home/ubuntu/GitHub/sky130-trng/.loom/worktrees/issue-226/sim/digital-floorplan-compaction/requests/.klt/place-and-route/trng_digital_route.spef line 11041, net $11711 not found.
[WARNING STA-1650] /home/ubuntu/GitHub/sky130-trng/.loom/worktrees/issue-226/sim/digital-floorplan-compaction/requests/.klt/place-and-route/trng_digital_route.spef line 11066, net $11712 not found.
[WARNING STA-1650] /home/ubuntu/GitHub/sky130-trng/.loom/worktrees/issue-226/sim/digital-floorplan-compaction/requests/.klt/place-and-route/trng_digital_route.spef line 11089, net $11713 not found.
[WARNING STA-1650] /home/ubuntu/GitHub/sky130-trng/.loom/worktrees/issue-226/sim/digital-floorplan-compaction/requests/.klt/place-and-route/trng_digital_route.spef line 11100, net $11714 not found.
[WARNING STA-1650] /home/ubuntu/GitHub/sky130-trng/.loom/worktrees/issue-226/sim/digital-floorplan-compaction/requests/.klt/place-and-route/trng_digital_route.spef line 11113, net $11715 not found.
[WARNING STA-1650] /home/ubuntu/GitHub/sky130-trng/.loom/worktrees/issue-226/sim/digital-floorplan-compaction/requests/.klt/place-and-route/trng_digital_route.spef line 11128, net $11716 not found.
[WARNING STA-1650] /home/ubuntu/GitHub/sky130-trng/.loom/worktrees/issue-226/sim/digital-floorplan-compaction/requests/.klt/place-and-route/trng_digital_route.spef line 11144, net $11717 not found.
[WARNING STA-1650] /home/ubuntu/GitHub/sky130-trng/.loom/worktrees/issue-226/sim/digital-floorplan-compaction/requests/.klt/place-and-route/trng_digital_route.spef line 11169, net $11718 not found.
[WARNING STA-1650] /home/ubuntu/GitHub/sky130-trng/.loom/worktrees/issue-226/sim/digital-floorplan-compaction/requests/.klt/place-and-route/trng_digital_route.spef line 11192, net $11719 not found.
[WARNING STA-1650] /home/ubuntu/GitHub/sky130-trng/.loom/worktrees/issue-226/sim/digital-floorplan-compaction/requests/.klt/place-and-route/trng_digital_route.spef line 11203, net $11720 not found.
[WARNING STA-1650] /home/ubuntu/GitHub/sky130-trng/.loom/worktrees/issue-226/sim/digital-floorplan-compaction/requests/.klt/place-and-route/trng_digital_route.spef line 11216, net $11721 not found.
[WARNING STA-1650] /home/ubuntu/GitHub/sky130-trng/.loom/worktrees/issue-226/sim/digital-floorplan-compaction/requests/.klt/place-and-route/trng_digital_route.spef line 11229, net $11722 not found.
[WARNING STA-1650] /home/ubuntu/GitHub/sky130-trng/.loom/worktrees/issue-226/sim/digital-floorplan-compaction/requests/.klt/place-and-route/trng_digital_route.spef line 11244, net $11723 not found.
[WARNING STA-1650] /home/ubuntu/GitHub/sky130-trng/.loom/worktrees/issue-226/sim/digital-floorplan-compaction/requests/.klt/place-and-route/trng_digital_route.spef line 11270, net $11724 not found.
[WARNING STA-1650] /home/ubuntu/GitHub/sky130-trng/.loom/worktrees/issue-226/sim/digital-floorplan-compaction/requests/.klt/place-and-route/trng_digital_route.spef line 11294, net $11725 not found.
[WARNING STA-1650] /home/ubuntu/GitHub/sky130-trng/.loom/worktrees/issue-226/sim/digital-floorplan-compaction/requests/.klt/place-and-route/trng_digital_route.spef line 11306, net $11726 not found.
[WARNING STA-1650] /home/ubuntu/GitHub/sky130-trng/.loom/worktrees/issue-226/sim/digital-floorplan-compaction/requests/.klt/place-and-route/trng_digital_route.spef line 11320, net $11727 not found.
[WARNING STA-1650] /home/ubuntu/GitHub/sky130-trng/.loom/worktrees/issue-226/sim/digital-floorplan-compaction/requests/.klt/place-and-route/trng_digital_route.spef line 11335, net $11728 not found.
[WARNING STA-1650] /home/ubuntu/GitHub/sky130-trng/.loom/worktrees/issue-226/sim/digital-floorplan-compaction/requests/.klt/place-and-route/trng_digital_route.spef line 11351, net $11729 not found.
[WARNING STA-1650] /home/ubuntu/GitHub/sky130-trng/.loom/worktrees/issue-226/sim/digital-floorplan-compaction/requests/.klt/place-and-route/trng_digital_route.spef line 11373, net $11730 not found.
[WARNING STA-1650] /home/ubuntu/GitHub/sky130-trng/.loom/worktrees/issue-226/sim/digital-floorplan-compaction/requests/.klt/place-and-route/trng_digital_route.spef line 11393, net $11731 not found.
[WARNING STA-1650] /home/ubuntu/GitHub/sky130-trng/.loom/worktrees/issue-226/sim/digital-floorplan-compaction/requests/.klt/place-and-route/trng_digital_route.spef line 11403, net $11732 not found.
[WARNING STA-1650] /home/ubuntu/GitHub/sky130-trng/.loom/worktrees/issue-226/sim/digital-floorplan-compaction/requests/.klt/place-and-route/trng_digital_route.spef line 11415, net $11733 not found.
[WARNING STA-1650] /home/ubuntu/GitHub/sky130-trng/.loom/worktrees/issue-226/sim/digital-floorplan-compaction/requests/.klt/place-and-route/trng_digital_route.spef line 11428, net $11734 not found.
[WARNING STA-1650] /home/ubuntu/GitHub/sky130-trng/.loom/worktrees/issue-226/sim/digital-floorplan-compaction/requests/.klt/place-and-route/trng_digital_route.spef line 11443, net $1174 not found.
[WARNING STA-1650] /home/ubuntu/GitHub/sky130-trng/.loom/worktrees/issue-226/sim/digital-floorplan-compaction/requests/.klt/place-and-route/trng_digital_route.spef line 11454, net $11742 not found.
[WARNING STA-1650] /home/ubuntu/GitHub/sky130-trng/.loom/worktrees/issue-226/sim/digital-floorplan-compaction/requests/.klt/place-and-route/trng_digital_route.spef line 11480, net $11743 not found.
[WARNING STA-1650] /home/ubuntu/GitHub/sky130-trng/.loom/worktrees/issue-226/sim/digital-floorplan-compaction/requests/.klt/place-and-route/trng_digital_route.spef line 11503, net $11744 not found.
[WARNING STA-1650] /home/ubuntu/GitHub/sky130-trng/.loom/worktrees/issue-226/sim/digital-floorplan-compaction/requests/.klt/place-and-route/trng_digital_route.spef line 11515, net $11745 not found.
[WARNING STA-1650] /home/ubuntu/GitHub/sky130-trng/.loom/worktrees/issue-226/sim/digital-floorplan-compaction/requests/.klt/place-and-route/trng_digital_route.spef line 11529, net $11746 not found.
[WARNING STA-1650] /home/ubuntu/GitHub/sky130-trng/.loom/worktrees/issue-226/sim/digital-floorplan-compaction/requests/.klt/place-and-route/trng_digital_route.spef line 11544, net $11747 not found.
[WARNING STA-1650] /home/ubuntu/GitHub/sky130-trng/.loom/worktrees/issue-226/sim/digital-floorplan-compaction/requests/.klt/place-and-route/trng_digital_route.spef line 11561, net $1175 not found.
[WARNING STA-1650] /home/ubuntu/GitHub/sky130-trng/.loom/worktrees/issue-226/sim/digital-floorplan-compaction/requests/.klt/place-and-route/trng_digital_route.spef line 11585, net $11750 not found.
[WARNING STA-1650] /home/ubuntu/GitHub/sky130-trng/.loom/worktrees/issue-226/sim/digital-floorplan-compaction/requests/.klt/place-and-route/trng_digital_route.spef line 11599, net $11754 not found.
[WARNING STA-1650] /home/ubuntu/GitHub/sky130-trng/.loom/worktrees/issue-226/sim/digital-floorplan-compaction/requests/.klt/place-and-route/trng_digital_route.spef line 11608, net $11755 not found.
[WARNING STA-1650] /home/ubuntu/GitHub/sky130-trng/.loom/worktrees/issue-226/sim/digital-floorplan-compaction/requests/.klt/place-and-route/trng_digital_route.spef line 11616, net $11756 not found.
[WARNING STA-1650] /home/ubuntu/GitHub/sky130-trng/.loom/worktrees/issue-226/sim/digital-floorplan-compaction/requests/.klt/place-and-route/trng_digital_route.spef line 11629, net $11757 not found.
[WARNING STA-1650] /home/ubuntu/GitHub/sky130-trng/.loom/worktrees/issue-226/sim/digital-floorplan-compaction/requests/.klt/place-and-route/trng_digital_route.spef line 11655, net $11758 not found.
[WARNING STA-1650] /home/ubuntu/GitHub/sky130-trng/.loom/worktrees/issue-226/sim/digital-floorplan-compaction/requests/.klt/place-and-route/trng_digital_route.spef line 11678, net $11759 not found.
[WARNING STA-1650] /home/ubuntu/GitHub/sky130-trng/.loom/worktrees/issue-226/sim/digital-floorplan-compaction/requests/.klt/place-and-route/trng_digital_route.spef line 11691, net $1176 not found.
[WARNING STA-1650] /home/ubuntu/GitHub/sky130-trng/.loom/worktrees/issue-226/sim/digital-floorplan-compaction/requests/.klt/place-and-route/trng_digital_route.spef line 11712, net $11760 not found.
[WARNING STA-1650] /home/ubuntu/GitHub/sky130-trng/.loom/worktrees/issue-226/sim/digital-floorplan-compaction/requests/.klt/place-and-route/trng_digital_route.spef line 11726, net $11761 not found.
[WARNING STA-1650] /home/ubuntu/GitHub/sky130-trng/.loom/worktrees/issue-226/sim/digital-floorplan-compaction/requests/.klt/place-and-route/trng_digital_route.spef line 11741, net $11762 not found.
[WARNING STA-1650] /home/ubuntu/GitHub/sky130-trng/.loom/worktrees/issue-226/sim/digital-floorplan-compaction/requests/.klt/place-and-route/trng_digital_route.spef line 11758, net $11764 not found.
[WARNING STA-1650] /home/ubuntu/GitHub/sky130-trng/.loom/worktrees/issue-226/sim/digital-floorplan-compaction/requests/.klt/place-and-route/trng_digital_route.spef line 11767, net $11765 not found.
[WARNING STA-1650] /home/ubuntu/GitHub/sky130-trng/.loom/worktrees/issue-226/sim/digital-floorplan-compaction/requests/.klt/place-and-route/trng_digital_route.spef line 11775, net $11766 not found.
[WARNING STA-1650] /home/ubuntu/GitHub/sky130-trng/.loom/worktrees/issue-226/sim/digital-floorplan-compaction/requests/.klt/place-and-route/trng_digital_route.spef line 11787, net $11767 not found.
[WARNING STA-1650] /home/ubuntu/GitHub/sky130-trng/.loom/worktrees/issue-226/sim/digital-floorplan-compaction/requests/.klt/place-and-route/trng_digital_route.spef line 11810, net $11768 not found.
[WARNING STA-1650] /home/ubuntu/GitHub/sky130-trng/.loom/worktrees/issue-226/sim/digital-floorplan-compaction/requests/.klt/place-and-route/trng_digital_route.spef line 11831, net $11769 not found.
[WARNING STA-1650] /home/ubuntu/GitHub/sky130-trng/.loom/worktrees/issue-226/sim/digital-floorplan-compaction/requests/.klt/place-and-route/trng_digital_route.spef line 11843, net $1177 not found.
[WARNING STA-1650] /home/ubuntu/GitHub/sky130-trng/.loom/worktrees/issue-226/sim/digital-floorplan-compaction/requests/.klt/place-and-route/trng_digital_route.spef line 11855, net $11770 not found.
[WARNING STA-1650] /home/ubuntu/GitHub/sky130-trng/.loom/worktrees/issue-226/sim/digital-floorplan-compaction/requests/.klt/place-and-route/trng_digital_route.spef line 11868, net $11771 not found.
[WARNING STA-1650] /home/ubuntu/GitHub/sky130-trng/.loom/worktrees/issue-226/sim/digital-floorplan-compaction/requests/.klt/place-and-route/trng_digital_route.spef line 11881, net $11772 not found.
[WARNING STA-1650] /home/ubuntu/GitHub/sky130-trng/.loom/worktrees/issue-226/sim/digital-floorplan-compaction/requests/.klt/place-and-route/trng_digital_route.spef line 11896, net $11774 not found.
[WARNING STA-1650] /home/ubuntu/GitHub/sky130-trng/.loom/worktrees/issue-226/sim/digital-floorplan-compaction/requests/.klt/place-and-route/trng_digital_route.spef line 11906, net $11777 not found.
[WARNING STA-1650] /home/ubuntu/GitHub/sky130-trng/.loom/worktrees/issue-226/sim/digital-floorplan-compaction/requests/.klt/place-and-route/trng_digital_route.spef line 11915, net $11778 not found.
[WARNING STA-1650] /home/ubuntu/GitHub/sky130-trng/.loom/worktrees/issue-226/sim/digital-floorplan-compaction/requests/.klt/place-and-route/trng_digital_route.spef line 11924, net $11779 not found.
[WARNING STA-1650] /home/ubuntu/GitHub/sky130-trng/.loom/worktrees/issue-226/sim/digital-floorplan-compaction/requests/.klt/place-and-route/trng_digital_route.spef line 11936, net $1178 not found.
[WARNING STA-1650] /home/ubuntu/GitHub/sky130-trng/.loom/worktrees/issue-226/sim/digital-floorplan-compaction/requests/.klt/place-and-route/trng_digital_route.spef line 11949, net $1179 not found.
[WARNING STA-1650] /home/ubuntu/GitHub/sky130-trng/.loom/worktrees/issue-226/sim/digital-floorplan-compaction/requests/.klt/place-and-route/trng_digital_route.spef line 11962, net $118 not found.
[WARNING STA-1650] /home/ubuntu/GitHub/sky130-trng/.loom/worktrees/issue-226/sim/digital-floorplan-compaction/requests/.klt/place-and-route/trng_digital_route.spef line 11980, net $1180 not found.
[WARNING STA-1650] /home/ubuntu/GitHub/sky130-trng/.loom/worktrees/issue-226/sim/digital-floorplan-compaction/requests/.klt/place-and-route/trng_digital_route.spef line 11994, net $1181 not found.
[WARNING STA-1650] /home/ubuntu/GitHub/sky130-trng/.loom/worktrees/issue-226/sim/digital-floorplan-compaction/requests/.klt/place-and-route/trng_digital_route.spef line 12008, net $1183 not found.
[WARNING STA-1650] /home/ubuntu/GitHub/sky130-trng/.loom/worktrees/issue-226/sim/digital-floorplan-compaction/requests/.klt/place-and-route/trng_digital_route.spef line 12031, net $1184 not found.
[WARNING STA-1650] /home/ubuntu/GitHub/sky130-trng/.loom/worktrees/issue-226/sim/digital-floorplan-compaction/requests/.klt/place-and-route/trng_digital_route.spef line 12052, net $11844 not found.
[WARNING STA-1650] /home/ubuntu/GitHub/sky130-trng/.loom/worktrees/issue-226/sim/digital-floorplan-compaction/requests/.klt/place-and-route/trng_digital_route.spef line 12064, net $11846 not found.
[WARNING STA-1650] /home/ubuntu/GitHub/sky130-trng/.loom/worktrees/issue-226/sim/digital-floorplan-compaction/requests/.klt/place-and-route/trng_digital_route.spef line 12078, net $11847 not found.
[WARNING STA-1650] /home/ubuntu/GitHub/sky130-trng/.loom/worktrees/issue-226/sim/digital-floorplan-compaction/requests/.klt/place-and-route/trng_digital_route.spef line 12092, net $11848 not found.
[WARNING STA-1650] /home/ubuntu/GitHub/sky130-trng/.loom/worktrees/issue-226/sim/digital-floorplan-compaction/requests/.klt/place-and-route/trng_digital_route.spef line 12105, net $11849 not found.
[WARNING STA-1650] /home/ubuntu/GitHub/sky130-trng/.loom/worktrees/issue-226/sim/digital-floorplan-compaction/requests/.klt/place-and-route/trng_digital_route.spef line 12120, net $1185 not found.
[WARNING STA-1650] /home/ubuntu/GitHub/sky130-trng/.loom/worktrees/issue-226/sim/digital-floorplan-compaction/requests/.klt/place-and-route/trng_digital_route.spef line 12131, net $11850 not found.
[WARNING STA-1650] /home/ubuntu/GitHub/sky130-trng/.loom/worktrees/issue-226/sim/digital-floorplan-compaction/requests/.klt/place-and-route/trng_digital_route.spef line 12144, net $11851 not found.
[WARNING STA-1650] /home/ubuntu/GitHub/sky130-trng/.loom/worktrees/issue-226/sim/digital-floorplan-compaction/requests/.klt/place-and-route/trng_digital_route.spef line 12156, net $11852 not found.
[WARNING STA-1650] /home/ubuntu/GitHub/sky130-trng/.loom/worktrees/issue-226/sim/digital-floorplan-compaction/requests/.klt/place-and-route/trng_digital_route.spef line 12167, net $11853 not found.
[WARNING STA-1650] /home/ubuntu/GitHub/sky130-trng/.loom/worktrees/issue-226/sim/digital-floorplan-compaction/requests/.klt/place-and-route/trng_digital_route.spef line 12178, net $11855 not found.
[WARNING STA-1650] /home/ubuntu/GitHub/sky130-trng/.loom/worktrees/issue-226/sim/digital-floorplan-compaction/requests/.klt/place-and-route/trng_digital_route.spef line 12194, net $11856 not found.
[WARNING STA-1650] /home/ubuntu/GitHub/sky130-trng/.loom/worktrees/issue-226/sim/digital-floorplan-compaction/requests/.klt/place-and-route/trng_digital_route.spef line 12205, net $11857 not found.
[WARNING STA-1650] /home/ubuntu/GitHub/sky130-trng/.loom/worktrees/issue-226/sim/digital-floorplan-compaction/requests/.klt/place-and-route/trng_digital_route.spef line 12220, net $11858 not found.
[WARNING STA-1650] /home/ubuntu/GitHub/sky130-trng/.loom/worktrees/issue-226/sim/digital-floorplan-compaction/requests/.klt/place-and-route/trng_digital_route.spef line 12230, net $11859 not found.
[WARNING STA-1650] /home/ubuntu/GitHub/sky130-trng/.loom/worktrees/issue-226/sim/digital-floorplan-compaction/requests/.klt/place-and-route/trng_digital_route.spef line 12240, net $1186 not found.
[WARNING STA-1650] /home/ubuntu/GitHub/sky130-trng/.loom/worktrees/issue-226/sim/digital-floorplan-compaction/requests/.klt/place-and-route/trng_digital_route.spef line 12253, net $11861 not found.
[WARNING STA-1650] /home/ubuntu/GitHub/sky130-trng/.loom/worktrees/issue-226/sim/digital-floorplan-compaction/requests/.klt/place-and-route/trng_digital_route.spef line 12266, net $11862 not found.
[WARNING STA-1650] /home/ubuntu/GitHub/sky130-trng/.loom/worktrees/issue-226/sim/digital-floorplan-compaction/requests/.klt/place-and-route/trng_digital_route.spef line 12278, net $11863 not found.
[WARNING STA-1650] /home/ubuntu/GitHub/sky130-trng/.loom/worktrees/issue-226/sim/digital-floorplan-compaction/requests/.klt/place-and-route/trng_digital_route.spef line 12289, net $11864 not found.
[WARNING STA-1650] /home/ubuntu/GitHub/sky130-trng/.loom/worktrees/issue-226/sim/digital-floorplan-compaction/requests/.klt/place-and-route/trng_digital_route.spef line 12299, net $11865 not found.
[WARNING STA-1650] /home/ubuntu/GitHub/sky130-trng/.loom/worktrees/issue-226/sim/digital-floorplan-compaction/requests/.klt/place-and-route/trng_digital_route.spef line 12308, net $11866 not found.
[WARNING STA-1650] /home/ubuntu/GitHub/sky130-trng/.loom/worktrees/issue-226/sim/digital-floorplan-compaction/requests/.klt/place-and-route/trng_digital_route.spef line 12317, net $11867 not found.
[WARNING STA-1650] /home/ubuntu/GitHub/sky130-trng/.loom/worktrees/issue-226/sim/digital-floorplan-compaction/requests/.klt/place-and-route/trng_digital_route.spef line 12326, net $11868 not found.
[WARNING STA-1650] /home/ubuntu/GitHub/sky130-trng/.loom/worktrees/issue-226/sim/digital-floorplan-compaction/requests/.klt/place-and-route/trng_digital_route.spef line 12335, net $1187 not found.
[WARNING STA-1650] /home/ubuntu/GitHub/sky130-trng/.loom/worktrees/issue-226/sim/digital-floorplan-compaction/requests/.klt/place-and-route/trng_digital_route.spef line 12349, net $11870 not found.
[WARNING STA-1650] /home/ubuntu/GitHub/sky130-trng/.loom/worktrees/issue-226/sim/digital-floorplan-compaction/requests/.klt/place-and-route/trng_digital_route.spef line 12359, net $11871 not found.
[WARNING STA-1650] /home/ubuntu/GitHub/sky130-trng/.loom/worktrees/issue-226/sim/digital-floorplan-compaction/requests/.klt/place-and-route/trng_digital_route.spef line 12370, net $11873 not found.
[WARNING STA-1650] /home/ubuntu/GitHub/sky130-trng/.loom/worktrees/issue-226/sim/digital-floorplan-compaction/requests/.klt/place-and-route/trng_digital_route.spef line 12380, net $11875 not found.
[WARNING STA-1650] /home/ubuntu/GitHub/sky130-trng/.loom/worktrees/issue-226/sim/digital-floorplan-compaction/requests/.klt/place-and-route/trng_digital_route.spef line 12390, net $1188 not found.
[WARNING STA-1650] /home/ubuntu/GitHub/sky130-trng/.loom/worktrees/issue-226/sim/digital-floorplan-compaction/requests/.klt/place-and-route/trng_digital_route.spef line 12406, net $11895 not found.
[WARNING STA-1650] /home/ubuntu/GitHub/sky130-trng/.loom/worktrees/issue-226/sim/digital-floorplan-compaction/requests/.klt/place-and-route/trng_digital_route.spef line 12428, net $11896 not found.
[WARNING STA-1650] /home/ubuntu/GitHub/sky130-trng/.loom/worktrees/issue-226/sim/digital-floorplan-compaction/requests/.klt/place-and-route/trng_digital_route.spef line 12448, net $11897 not found.
[WARNING STA-1650] /home/ubuntu/GitHub/sky130-trng/.loom/worktrees/issue-226/sim/digital-floorplan-compaction/requests/.klt/place-and-route/trng_digital_route.spef line 12459, net $11898 not found.
[WARNING STA-1650] /home/ubuntu/GitHub/sky130-trng/.loom/worktrees/issue-226/sim/digital-floorplan-compaction/requests/.klt/place-and-route/trng_digital_route.spef line 12472, net $11899 not found.
[WARNING STA-1650] /home/ubuntu/GitHub/sky130-trng/.loom/worktrees/issue-226/sim/digital-floorplan-compaction/requests/.klt/place-and-route/trng_digital_route.spef line 12481, net $119 not found.
[WARNING STA-1650] /home/ubuntu/GitHub/sky130-trng/.loom/worktrees/issue-226/sim/digital-floorplan-compaction/requests/.klt/place-and-route/trng_digital_route.spef line 12491, net $1190 not found.
[WARNING STA-1650] /home/ubuntu/GitHub/sky130-trng/.loom/worktrees/issue-226/sim/digital-floorplan-compaction/requests/.klt/place-and-route/trng_digital_route.spef line 12516, net $11900 not found.
[WARNING STA-1650] /home/ubuntu/GitHub/sky130-trng/.loom/worktrees/issue-226/sim/digital-floorplan-compaction/requests/.klt/place-and-route/trng_digital_route.spef line 12530, net $11901 not found.
[WARNING STA-1650] /home/ubuntu/GitHub/sky130-trng/.loom/worktrees/issue-226/sim/digital-floorplan-compaction/requests/.klt/place-and-route/trng_digital_route.spef line 12544, net $11902 not found.
[WARNING STA-1650] /home/ubuntu/GitHub/sky130-trng/.loom/worktrees/issue-226/sim/digital-floorplan-compaction/requests/.klt/place-and-route/trng_digital_route.spef line 12559, net $11903 not found.
[WARNING STA-1650] /home/ubuntu/GitHub/sky130-trng/.loom/worktrees/issue-226/sim/digital-floorplan-compaction/requests/.klt/place-and-route/trng_digital_route.spef line 12582, net $11904 not found.
[WARNING STA-1650] /home/ubuntu/GitHub/sky130-trng/.loom/worktrees/issue-226/sim/digital-floorplan-compaction/requests/.klt/place-and-route/trng_digital_route.spef line 12603, net $11905 not found.
[WARNING STA-1650] /home/ubuntu/GitHub/sky130-trng/.loom/worktrees/issue-226/sim/digital-floorplan-compaction/requests/.klt/place-and-route/trng_digital_route.spef line 12615, net $11906 not found.
[WARNING STA-1650] /home/ubuntu/GitHub/sky130-trng/.loom/worktrees/issue-226/sim/digital-floorplan-compaction/requests/.klt/place-and-route/trng_digital_route.spef line 12629, net $11907 not found.
[WARNING STA-1650] /home/ubuntu/GitHub/sky130-trng/.loom/worktrees/issue-226/sim/digital-floorplan-compaction/requests/.klt/place-and-route/trng_digital_route.spef line 12639, net $11908 not found.
[WARNING STA-1650] /home/ubuntu/GitHub/sky130-trng/.loom/worktrees/issue-226/sim/digital-floorplan-compaction/requests/.klt/place-and-route/trng_digital_route.spef line 12654, net $11909 not found.
[WARNING STA-1650] /home/ubuntu/GitHub/sky130-trng/.loom/worktrees/issue-226/sim/digital-floorplan-compaction/requests/.klt/place-and-route/trng_digital_route.spef line 12670, net $1191 not found.
[WARNING STA-1650] /home/ubuntu/GitHub/sky130-trng/.loom/worktrees/issue-226/sim/digital-floorplan-compaction/requests/.klt/place-and-route/trng_digital_route.spef line 12692, net $11910 not found.
[WARNING STA-1650] /home/ubuntu/GitHub/sky130-trng/.loom/worktrees/issue-226/sim/digital-floorplan-compaction/requests/.klt/place-and-route/trng_digital_route.spef line 12709, net $11911 not found.
[WARNING STA-1650] /home/ubuntu/GitHub/sky130-trng/.loom/worktrees/issue-226/sim/digital-floorplan-compaction/requests/.klt/place-and-route/trng_digital_route.spef line 12720, net $11913 not found.
[WARNING STA-1650] /home/ubuntu/GitHub/sky130-trng/.loom/worktrees/issue-226/sim/digital-floorplan-compaction/requests/.klt/place-and-route/trng_digital_route.spef line 12741, net $11914 not found.
[WARNING STA-1650] /home/ubuntu/GitHub/sky130-trng/.loom/worktrees/issue-226/sim/digital-floorplan-compaction/requests/.klt/place-and-route/trng_digital_route.spef line 12760, net $11915 not found.
[WARNING STA-1650] /home/ubuntu/GitHub/sky130-trng/.loom/worktrees/issue-226/sim/digital-floorplan-compaction/requests/.klt/place-and-route/trng_digital_route.spef line 12771, net $11916 not found.
[WARNING STA-1650] /home/ubuntu/GitHub/sky130-trng/.loom/worktrees/issue-226/sim/digital-floorplan-compaction/requests/.klt/place-and-route/trng_digital_route.spef line 12784, net $11917 not found.
[WARNING STA-1650] /home/ubuntu/GitHub/sky130-trng/.loom/worktrees/issue-226/sim/digital-floorplan-compaction/requests/.klt/place-and-route/trng_digital_route.spef line 12793, net $11918 not found.
[WARNING STA-1650] /home/ubuntu/GitHub/sky130-trng/.loom/worktrees/issue-226/sim/digital-floorplan-compaction/requests/.klt/place-and-route/trng_digital_route.spef line 12806, net $11919 not found.
[WARNING STA-1650] /home/ubuntu/GitHub/sky130-trng/.loom/worktrees/issue-226/sim/digital-floorplan-compaction/requests/.klt/place-and-route/trng_digital_route.spef line 12820, net $1192 not found.
[WARNING STA-1650] /home/ubuntu/GitHub/sky130-trng/.loom/worktrees/issue-226/sim/digital-floorplan-compaction/requests/.klt/place-and-route/trng_digital_route.spef line 12831, net $11920 not found.
[WARNING STA-1650] /home/ubuntu/GitHub/sky130-trng/.loom/worktrees/issue-226/sim/digital-floorplan-compaction/requests/.klt/place-and-route/trng_digital_route.spef line 12847, net $11922 not found.
[WARNING STA-1650] /home/ubuntu/GitHub/sky130-trng/.loom/worktrees/issue-226/sim/digital-floorplan-compaction/requests/.klt/place-and-route/trng_digital_route.spef line 12868, net $11925 not found.
[WARNING STA-1650] /home/ubuntu/GitHub/sky130-trng/.loom/worktrees/issue-226/sim/digital-floorplan-compaction/requests/.klt/place-and-route/trng_digital_route.spef line 12882, net $11929 not found.
[WARNING STA-1650] /home/ubuntu/GitHub/sky130-trng/.loom/worktrees/issue-226/sim/digital-floorplan-compaction/requests/.klt/place-and-route/trng_digital_route.spef line 12892, net $1193 not found.
[WARNING STA-1650] /home/ubuntu/GitHub/sky130-trng/.loom/worktrees/issue-226/sim/digital-floorplan-compaction/requests/.klt/place-and-route/trng_digital_route.spef line 12907, net $11931 not found.
[WARNING STA-1650] /home/ubuntu/GitHub/sky130-trng/.loom/worktrees/issue-226/sim/digital-floorplan-compaction/requests/.klt/place-and-route/trng_digital_route.spef line 12917, net $11933 not found.
[WARNING STA-1650] /home/ubuntu/GitHub/sky130-trng/.loom/worktrees/issue-226/sim/digital-floorplan-compaction/requests/.klt/place-and-route/trng_digital_route.spef line 12928, net $11934 not found.
[WARNING STA-1650] /home/ubuntu/GitHub/sky130-trng/.loom/worktrees/issue-226/sim/digital-floorplan-compaction/requests/.klt/place-and-route/trng_digital_route.spef line 12953, net $11935 not found.
[WARNING STA-1650] /home/ubuntu/GitHub/sky130-trng/.loom/worktrees/issue-226/sim/digital-floorplan-compaction/requests/.klt/place-and-route/trng_digital_route.spef line 12975, net $11936 not found.
[WARNING STA-1650] /home/ubuntu/GitHub/sky130-trng/.loom/worktrees/issue-226/sim/digital-floorplan-compaction/requests/.klt/place-and-route/trng_digital_route.spef line 12987, net $11937 not found.
[WARNING STA-1650] /home/ubuntu/GitHub/sky130-trng/.loom/worktrees/issue-226/sim/digital-floorplan-compaction/requests/.klt/place-and-route/trng_digital_route.spef line 13001, net $11938 not found.
[WARNING STA-1650] /home/ubuntu/GitHub/sky130-trng/.loom/worktrees/issue-226/sim/digital-floorplan-compaction/requests/.klt/place-and-route/trng_digital_route.spef line 13011, net $11939 not found.
[WARNING STA-1650] /home/ubuntu/GitHub/sky130-trng/.loom/worktrees/issue-226/sim/digital-floorplan-compaction/requests/.klt/place-and-route/trng_digital_route.spef line 13025, net $1194 not found.
[WARNING STA-1650] /home/ubuntu/GitHub/sky130-trng/.loom/worktrees/issue-226/sim/digital-floorplan-compaction/requests/.klt/place-and-route/trng_digital_route.spef line 13037, net $11940 not found.
[WARNING STA-1650] /home/ubuntu/GitHub/sky130-trng/.loom/worktrees/issue-226/sim/digital-floorplan-compaction/requests/.klt/place-and-route/trng_digital_route.spef line 13052, net $11941 not found.
[WARNING STA-1650] /home/ubuntu/GitHub/sky130-trng/.loom/worktrees/issue-226/sim/digital-floorplan-compaction/requests/.klt/place-and-route/trng_digital_route.spef line 13069, net $11943 not found.
[WARNING STA-1650] /home/ubuntu/GitHub/sky130-trng/.loom/worktrees/issue-226/sim/digital-floorplan-compaction/requests/.klt/place-and-route/trng_digital_route.spef line 13080, net $11944 not found.
[WARNING STA-1650] /home/ubuntu/GitHub/sky130-trng/.loom/worktrees/issue-226/sim/digital-floorplan-compaction/requests/.klt/place-and-route/trng_digital_route.spef line 13089, net $11945 not found.
[WARNING STA-1650] /home/ubuntu/GitHub/sky130-trng/.loom/worktrees/issue-226/sim/digital-floorplan-compaction/requests/.klt/place-and-route/trng_digital_route.spef line 13099, net $11947 not found.
[WARNING STA-1650] /home/ubuntu/GitHub/sky130-trng/.loom/worktrees/issue-226/sim/digital-floorplan-compaction/requests/.klt/place-and-route/trng_digital_route.spef line 13128, net $11948 not found.
[WARNING STA-1650] /home/ubuntu/GitHub/sky130-trng/.loom/worktrees/issue-226/sim/digital-floorplan-compaction/requests/.klt/place-and-route/trng_digital_route.spef line 13153, net $11949 not found.
[WARNING STA-1650] /home/ubuntu/GitHub/sky130-trng/.loom/worktrees/issue-226/sim/digital-floorplan-compaction/requests/.klt/place-and-route/trng_digital_route.spef line 13165, net $1195 not found.
[WARNING STA-1650] /home/ubuntu/GitHub/sky130-trng/.loom/worktrees/issue-226/sim/digital-floorplan-compaction/requests/.klt/place-and-route/trng_digital_route.spef line 13182, net $11950 not found.
[WARNING STA-1650] /home/ubuntu/GitHub/sky130-trng/.loom/worktrees/issue-226/sim/digital-floorplan-compaction/requests/.klt/place-and-route/trng_digital_route.spef line 13195, net $11951 not found.
[WARNING STA-1650] /home/ubuntu/GitHub/sky130-trng/.loom/worktrees/issue-226/sim/digital-floorplan-compaction/requests/.klt/place-and-route/trng_digital_route.spef line 13205, net $11952 not found.
[WARNING STA-1650] /home/ubuntu/GitHub/sky130-trng/.loom/worktrees/issue-226/sim/digital-floorplan-compaction/requests/.klt/place-and-route/trng_digital_route.spef line 13219, net $11953 not found.
[WARNING STA-1650] /home/ubuntu/GitHub/sky130-trng/.loom/worktrees/issue-226/sim/digital-floorplan-compaction/requests/.klt/place-and-route/trng_digital_route.spef line 13234, net $11954 not found.
[WARNING STA-1650] /home/ubuntu/GitHub/sky130-trng/.loom/worktrees/issue-226/sim/digital-floorplan-compaction/requests/.klt/place-and-route/trng_digital_route.spef line 13251, net $11958 not found.
[WARNING STA-1650] /home/ubuntu/GitHub/sky130-trng/.loom/worktrees/issue-226/sim/digital-floorplan-compaction/requests/.klt/place-and-route/trng_digital_route.spef line 13274, net $11959 not found.
[WARNING STA-1650] /home/ubuntu/GitHub/sky130-trng/.loom/worktrees/issue-226/sim/digital-floorplan-compaction/requests/.klt/place-and-route/trng_digital_route.spef line 13294, net $1196 not found.
[WARNING STA-1650] /home/ubuntu/GitHub/sky130-trng/.loom/worktrees/issue-226/sim/digital-floorplan-compaction/requests/.klt/place-and-route/trng_digital_route.spef line 13305, net $11960 not found.
[WARNING STA-1650] /home/ubuntu/GitHub/sky130-trng/.loom/worktrees/issue-226/sim/digital-floorplan-compaction/requests/.klt/place-and-route/trng_digital_route.spef line 13316, net $11961 not found.
[WARNING STA-1650] /home/ubuntu/GitHub/sky130-trng/.loom/worktrees/issue-226/sim/digital-floorplan-compaction/requests/.klt/place-and-route/trng_digital_route.spef line 13329, net $11962 not found.
[WARNING STA-1650] /home/ubuntu/GitHub/sky130-trng/.loom/worktrees/issue-226/sim/digital-floorplan-compaction/requests/.klt/place-and-route/trng_digital_route.spef line 13338, net $11963 not found.
[WARNING STA-1650] /home/ubuntu/GitHub/sky130-trng/.loom/worktrees/issue-226/sim/digital-floorplan-compaction/requests/.klt/place-and-route/trng_digital_route.spef line 13352, net $11964 not found.
[WARNING STA-1650] /home/ubuntu/GitHub/sky130-trng/.loom/worktrees/issue-226/sim/digital-floorplan-compaction/requests/.klt/place-and-route/trng_digital_route.spef line 13366, net $11965 not found.
[WARNING STA-1650] /home/ubuntu/GitHub/sky130-trng/.loom/worktrees/issue-226/sim/digital-floorplan-compaction/requests/.klt/place-and-route/trng_digital_route.spef line 13381, net $11969 not found.
[WARNING STA-1650] /home/ubuntu/GitHub/sky130-trng/.loom/worktrees/issue-226/sim/digital-floorplan-compaction/requests/.klt/place-and-route/trng_digital_route.spef line 13391, net $1197 not found.
[WARNING STA-1650] /home/ubuntu/GitHub/sky130-trng/.loom/worktrees/issue-226/sim/digital-floorplan-compaction/requests/.klt/place-and-route/trng_digital_route.spef line 13402, net $11973 not found.
[WARNING STA-1650] /home/ubuntu/GitHub/sky130-trng/.loom/worktrees/issue-226/sim/digital-floorplan-compaction/requests/.klt/place-and-route/trng_digital_route.spef line 13420, net $11974 not found.
[WARNING STA-1650] /home/ubuntu/GitHub/sky130-trng/.loom/worktrees/issue-226/sim/digital-floorplan-compaction/requests/.klt/place-and-route/trng_digital_route.spef line 13444, net $11975 not found.
[WARNING STA-1650] /home/ubuntu/GitHub/sky130-trng/.loom/worktrees/issue-226/sim/digital-floorplan-compaction/requests/.klt/place-and-route/trng_digital_route.spef line 13465, net $11976 not found.
[WARNING STA-1650] /home/ubuntu/GitHub/sky130-trng/.loom/worktrees/issue-226/sim/digital-floorplan-compaction/requests/.klt/place-and-route/trng_digital_route.spef line 13477, net $11977 not found.
[WARNING STA-1650] /home/ubuntu/GitHub/sky130-trng/.loom/worktrees/issue-226/sim/digital-floorplan-compaction/requests/.klt/place-and-route/trng_digital_route.spef line 13489, net $11978 not found.
[WARNING STA-1650] /home/ubuntu/GitHub/sky130-trng/.loom/worktrees/issue-226/sim/digital-floorplan-compaction/requests/.klt/place-and-route/trng_digital_route.spef line 13498, net $11979 not found.
[WARNING STA-1650] /home/ubuntu/GitHub/sky130-trng/.loom/worktrees/issue-226/sim/digital-floorplan-compaction/requests/.klt/place-and-route/trng_digital_route.spef line 13511, net $11980 not found.
[WARNING STA-1650] /home/ubuntu/GitHub/sky130-trng/.loom/worktrees/issue-226/sim/digital-floorplan-compaction/requests/.klt/place-and-route/trng_digital_route.spef line 13524, net $11981 not found.
[WARNING STA-1650] /home/ubuntu/GitHub/sky130-trng/.loom/worktrees/issue-226/sim/digital-floorplan-compaction/requests/.klt/place-and-route/trng_digital_route.spef line 13538, net $1199 not found.
[WARNING STA-1650] /home/ubuntu/GitHub/sky130-trng/.loom/worktrees/issue-226/sim/digital-floorplan-compaction/requests/.klt/place-and-route/trng_digital_route.spef line 13549, net $11993 not found.
[WARNING STA-1650] /home/ubuntu/GitHub/sky130-trng/.loom/worktrees/issue-226/sim/digital-floorplan-compaction/requests/.klt/place-and-route/trng_digital_route.spef line 13564, net $120 not found.
[WARNING STA-1650] /home/ubuntu/GitHub/sky130-trng/.loom/worktrees/issue-226/sim/digital-floorplan-compaction/requests/.klt/place-and-route/trng_digital_route.spef line 13576, net $12014 not found.
[WARNING STA-1650] /home/ubuntu/GitHub/sky130-trng/.loom/worktrees/issue-226/sim/digital-floorplan-compaction/requests/.klt/place-and-route/trng_digital_route.spef line 13585, net $12015 not found.
[WARNING STA-1650] /home/ubuntu/GitHub/sky130-trng/.loom/worktrees/issue-226/sim/digital-floorplan-compaction/requests/.klt/place-and-route/trng_digital_route.spef line 13596, net $12016 not found.
[WARNING STA-1650] /home/ubuntu/GitHub/sky130-trng/.loom/worktrees/issue-226/sim/digital-floorplan-compaction/requests/.klt/place-and-route/trng_digital_route.spef line 13607, net $12017 not found.
[WARNING STA-1650] /home/ubuntu/GitHub/sky130-trng/.loom/worktrees/issue-226/sim/digital-floorplan-compaction/requests/.klt/place-and-route/trng_digital_route.spef line 13618, net $12018 not found.
[WARNING STA-1650] /home/ubuntu/GitHub/sky130-trng/.loom/worktrees/issue-226/sim/digital-floorplan-compaction/requests/.klt/place-and-route/trng_digital_route.spef line 13629, net $12019 not found.
[WARNING STA-1650] /home/ubuntu/GitHub/sky130-trng/.loom/worktrees/issue-226/sim/digital-floorplan-compaction/requests/.klt/place-and-route/trng_digital_route.spef line 13639, net $1202 not found.
[WARNING STA-1650] /home/ubuntu/GitHub/sky130-trng/.loom/worktrees/issue-226/sim/digital-floorplan-compaction/requests/.klt/place-and-route/trng_digital_route.spef line 13649, net $1203 not found.
[WARNING STA-1650] /home/ubuntu/GitHub/sky130-trng/.loom/worktrees/issue-226/sim/digital-floorplan-compaction/requests/.klt/place-and-route/trng_digital_route.spef line 13662, net $1204 not found.
[WARNING STA-1650] /home/ubuntu/GitHub/sky130-trng/.loom/worktrees/issue-226/sim/digital-floorplan-compaction/requests/.klt/place-and-route/trng_digital_route.spef line 13670, net $1205 not found.
[WARNING STA-1650] /home/ubuntu/GitHub/sky130-trng/.loom/worktrees/issue-226/sim/digital-floorplan-compaction/requests/.klt/place-and-route/trng_digital_route.spef line 13679, net $1206 not found.
[WARNING STA-1650] /home/ubuntu/GitHub/sky130-trng/.loom/worktrees/issue-226/sim/digital-floorplan-compaction/requests/.klt/place-and-route/trng_digital_route.spef line 13690, net $12066 not found.
[WARNING STA-1650] /home/ubuntu/GitHub/sky130-trng/.loom/worktrees/issue-226/sim/digital-floorplan-compaction/requests/.klt/place-and-route/trng_digital_route.spef line 13701, net $12068 not found.
[WARNING STA-1650] /home/ubuntu/GitHub/sky130-trng/.loom/worktrees/issue-226/sim/digital-floorplan-compaction/requests/.klt/place-and-route/trng_digital_route.spef line 13715, net $12069 not found.
[WARNING STA-1650] /home/ubuntu/GitHub/sky130-trng/.loom/worktrees/issue-226/sim/digital-floorplan-compaction/requests/.klt/place-and-route/trng_digital_route.spef line 13730, net $1207 not found.
[WARNING STA-1650] /home/ubuntu/GitHub/sky130-trng/.loom/worktrees/issue-226/sim/digital-floorplan-compaction/requests/.klt/place-and-route/trng_digital_route.spef line 13739, net $12071 not found.
[WARNING STA-1650] /home/ubuntu/GitHub/sky130-trng/.loom/worktrees/issue-226/sim/digital-floorplan-compaction/requests/.klt/place-and-route/trng_digital_route.spef line 13754, net $12073 not found.
[WARNING STA-1650] /home/ubuntu/GitHub/sky130-trng/.loom/worktrees/issue-226/sim/digital-floorplan-compaction/requests/.klt/place-and-route/trng_digital_route.spef line 13768, net $12074 not found.
[WARNING STA-1650] /home/ubuntu/GitHub/sky130-trng/.loom/worktrees/issue-226/sim/digital-floorplan-compaction/requests/.klt/place-and-route/trng_digital_route.spef line 13780, net $12077 not found.
[WARNING STA-1650] /home/ubuntu/GitHub/sky130-trng/.loom/worktrees/issue-226/sim/digital-floorplan-compaction/requests/.klt/place-and-route/trng_digital_route.spef line 13790, net $1208 not found.
[WARNING STA-1650] /home/ubuntu/GitHub/sky130-trng/.loom/worktrees/issue-226/sim/digital-floorplan-compaction/requests/.klt/place-and-route/trng_digital_route.spef line 13799, net $12080 not found.
[WARNING STA-1650] /home/ubuntu/GitHub/sky130-trng/.loom/worktrees/issue-226/sim/digital-floorplan-compaction/requests/.klt/place-and-route/trng_digital_route.spef line 13815, net $12082 not found.
[WARNING STA-1650] /home/ubuntu/GitHub/sky130-trng/.loom/worktrees/issue-226/sim/digital-floorplan-compaction/requests/.klt/place-and-route/trng_digital_route.spef line 13828, net $12085 not found.
[WARNING STA-1650] /home/ubuntu/GitHub/sky130-trng/.loom/worktrees/issue-226/sim/digital-floorplan-compaction/requests/.klt/place-and-route/trng_digital_route.spef line 13839, net $12086 not found.
[WARNING STA-1650] /home/ubuntu/GitHub/sky130-trng/.loom/worktrees/issue-226/sim/digital-floorplan-compaction/requests/.klt/place-and-route/trng_digital_route.spef line 13856, net $12087 not found.
[WARNING STA-1650] /home/ubuntu/GitHub/sky130-trng/.loom/worktrees/issue-226/sim/digital-floorplan-compaction/requests/.klt/place-and-route/trng_digital_route.spef line 13869, net $1209 not found.
[WARNING STA-1650] /home/ubuntu/GitHub/sky130-trng/.loom/worktrees/issue-226/sim/digital-floorplan-compaction/requests/.klt/place-and-route/trng_digital_route.spef line 13882, net $12090 not found.
[WARNING STA-1650] /home/ubuntu/GitHub/sky130-trng/.loom/worktrees/issue-226/sim/digital-floorplan-compaction/requests/.klt/place-and-route/trng_digital_route.spef line 13893, net $12091 not found.
[WARNING STA-1650] /home/ubuntu/GitHub/sky130-trng/.loom/worktrees/issue-226/sim/digital-floorplan-compaction/requests/.klt/place-and-route/trng_digital_route.spef line 13911, net $12096 not found.
[WARNING STA-1650] /home/ubuntu/GitHub/sky130-trng/.loom/worktrees/issue-226/sim/digital-floorplan-compaction/requests/.klt/place-and-route/trng_digital_route.spef line 13931, net $121 not found.
[WARNING STA-1650] /home/ubuntu/GitHub/sky130-trng/.loom/worktrees/issue-226/sim/digital-floorplan-compaction/requests/.klt/place-and-route/trng_digital_route.spef line 13944, net $12100 not found.
[WARNING STA-1650] /home/ubuntu/GitHub/sky130-trng/.loom/worktrees/issue-226/sim/digital-floorplan-compaction/requests/.klt/place-and-route/trng_digital_route.spef line 13954, net $12101 not found.
[WARNING STA-1650] /home/ubuntu/GitHub/sky130-trng/.loom/worktrees/issue-226/sim/digital-floorplan-compaction/requests/.klt/place-and-route/trng_digital_route.spef line 13964, net $12103 not found.
[WARNING STA-1650] /home/ubuntu/GitHub/sky130-trng/.loom/worktrees/issue-226/sim/digital-floorplan-compaction/requests/.klt/place-and-route/trng_digital_route.spef line 13974, net $12106 not found.
[WARNING STA-1650] /home/ubuntu/GitHub/sky130-trng/.loom/worktrees/issue-226/sim/digital-floorplan-compaction/requests/.klt/place-and-route/trng_digital_route.spef line 13993, net $12109 not found.
[WARNING STA-1650] /home/ubuntu/GitHub/sky130-trng/.loom/worktrees/issue-226/sim/digital-floorplan-compaction/requests/.klt/place-and-route/trng_digital_route.spef line 14003, net $12110 not found.
[WARNING STA-1650] /home/ubuntu/GitHub/sky130-trng/.loom/worktrees/issue-226/sim/digital-floorplan-compaction/requests/.klt/place-and-route/trng_digital_route.spef line 14013, net $12113 not found.
[WARNING STA-1650] /home/ubuntu/GitHub/sky130-trng/.loom/worktrees/issue-226/sim/digital-floorplan-compaction/requests/.klt/place-and-route/trng_digital_route.spef line 14023, net $12117 not found.
[WARNING STA-1650] /home/ubuntu/GitHub/sky130-trng/.loom/worktrees/issue-226/sim/digital-floorplan-compaction/requests/.klt/place-and-route/trng_digital_route.spef line 14033, net $1212 not found.
[WARNING STA-1650] /home/ubuntu/GitHub/sky130-trng/.loom/worktrees/issue-226/sim/digital-floorplan-compaction/requests/.klt/place-and-route/trng_digital_route.spef line 14043, net $1213 not found.
[WARNING STA-1650] /home/ubuntu/GitHub/sky130-trng/.loom/worktrees/issue-226/sim/digital-floorplan-compaction/requests/.klt/place-and-route/trng_digital_route.spef line 14056, net $12132 not found.
[WARNING STA-1650] /home/ubuntu/GitHub/sky130-trng/.loom/worktrees/issue-226/sim/digital-floorplan-compaction/requests/.klt/place-and-route/trng_digital_route.spef line 14074, net $1214 not found.
[WARNING STA-1650] /home/ubuntu/GitHub/sky130-trng/.loom/worktrees/issue-226/sim/digital-floorplan-compaction/requests/.klt/place-and-route/trng_digital_route.spef line 14082, net $1215 not found.
[WARNING STA-1650] /home/ubuntu/GitHub/sky130-trng/.loom/worktrees/issue-226/sim/digital-floorplan-compaction/requests/.klt/place-and-route/trng_digital_route.spef line 14090, net $12157 not found.
[WARNING STA-1650] /home/ubuntu/GitHub/sky130-trng/.loom/worktrees/issue-226/sim/digital-floorplan-compaction/requests/.klt/place-and-route/trng_digital_route.spef line 14101, net $12159 not found.
[WARNING STA-1650] /home/ubuntu/GitHub/sky130-trng/.loom/worktrees/issue-226/sim/digital-floorplan-compaction/requests/.klt/place-and-route/trng_digital_route.spef line 14112, net $1216 not found.
[WARNING STA-1650] /home/ubuntu/GitHub/sky130-trng/.loom/worktrees/issue-226/sim/digital-floorplan-compaction/requests/.klt/place-and-route/trng_digital_route.spef line 14124, net $12160 not found.
[WARNING STA-1650] /home/ubuntu/GitHub/sky130-trng/.loom/worktrees/issue-226/sim/digital-floorplan-compaction/requests/.klt/place-and-route/trng_digital_route.spef line 14135, net $12162 not found.
[WARNING STA-1650] /home/ubuntu/GitHub/sky130-trng/.loom/worktrees/issue-226/sim/digital-floorplan-compaction/requests/.klt/place-and-route/trng_digital_route.spef line 14145, net $12163 not found.
[WARNING STA-1650] /home/ubuntu/GitHub/sky130-trng/.loom/worktrees/issue-226/sim/digital-floorplan-compaction/requests/.klt/place-and-route/trng_digital_route.spef line 14155, net $12165 not found.
[WARNING STA-1650] /home/ubuntu/GitHub/sky130-trng/.loom/worktrees/issue-226/sim/digital-floorplan-compaction/requests/.klt/place-and-route/trng_digital_route.spef line 14166, net $12167 not found.
[WARNING STA-1650] /home/ubuntu/GitHub/sky130-trng/.loom/worktrees/issue-226/sim/digital-floorplan-compaction/requests/.klt/place-and-route/trng_digital_route.spef line 14178, net $1217 not found.
[WARNING STA-1650] message limit (1000) reached. This message will no longer print.
[WARNING STA-1656] /home/ubuntu/GitHub/sky130-trng/.loom/worktrees/issue-226/sim/digital-floorplan-compaction/requests/.klt/place-and-route/trng_digital_route.spef line 81716, pin bus_rdata_r[0] not found.
[WARNING STA-1656] /home/ubuntu/GitHub/sky130-trng/.loom/worktrees/issue-226/sim/digital-floorplan-compaction/requests/.klt/place-and-route/trng_digital_route.spef line 81717, pin bus_rdata_r[10] not found.
[WARNING STA-1656] /home/ubuntu/GitHub/sky130-trng/.loom/worktrees/issue-226/sim/digital-floorplan-compaction/requests/.klt/place-and-route/trng_digital_route.spef line 81718, pin bus_rdata_r[11] not found.
[WARNING STA-1656] /home/ubuntu/GitHub/sky130-trng/.loom/worktrees/issue-226/sim/digital-floorplan-compaction/requests/.klt/place-and-route/trng_digital_route.spef line 81719, pin bus_rdata_r[12] not found.
[WARNING STA-1656] /home/ubuntu/GitHub/sky130-trng/.loom/worktrees/issue-226/sim/digital-floorplan-compaction/requests/.klt/place-and-route/trng_digital_route.spef line 81720, pin bus_rdata_r[13] not found.
[WARNING STA-1656] /home/ubuntu/GitHub/sky130-trng/.loom/worktrees/issue-226/sim/digital-floorplan-compaction/requests/.klt/place-and-route/trng_digital_route.spef line 81721, pin bus_rdata_r[14] not found.
[WARNING STA-1656] /home/ubuntu/GitHub/sky130-trng/.loom/worktrees/issue-226/sim/digital-floorplan-compaction/requests/.klt/place-and-route/trng_digital_route.spef line 81722, pin bus_rdata_r[15] not found.
[WARNING STA-1656] /home/ubuntu/GitHub/sky130-trng/.loom/worktrees/issue-226/sim/digital-floorplan-compaction/requests/.klt/place-and-route/trng_digital_route.spef line 81723, pin bus_rdata_r[16] not found.
[WARNING STA-1656] /home/ubuntu/GitHub/sky130-trng/.loom/worktrees/issue-226/sim/digital-floorplan-compaction/requests/.klt/place-and-route/trng_digital_route.spef line 81724, pin bus_rdata_r[17] not found.
[WARNING STA-1656] /home/ubuntu/GitHub/sky130-trng/.loom/worktrees/issue-226/sim/digital-floorplan-compaction/requests/.klt/place-and-route/trng_digital_route.spef line 81725, pin bus_rdata_r[18] not found.
[WARNING STA-1656] /home/ubuntu/GitHub/sky130-trng/.loom/worktrees/issue-226/sim/digital-floorplan-compaction/requests/.klt/place-and-route/trng_digital_route.spef line 81726, pin bus_rdata_r[19] not found.
[WARNING STA-1656] /home/ubuntu/GitHub/sky130-trng/.loom/worktrees/issue-226/sim/digital-floorplan-compaction/requests/.klt/place-and-route/trng_digital_route.spef line 81727, pin bus_rdata_r[1] not found.
[WARNING STA-1656] /home/ubuntu/GitHub/sky130-trng/.loom/worktrees/issue-226/sim/digital-floorplan-compaction/requests/.klt/place-and-route/trng_digital_route.spef line 81728, pin bus_rdata_r[21] not found.
[WARNING STA-1656] /home/ubuntu/GitHub/sky130-trng/.loom/worktrees/issue-226/sim/digital-floorplan-compaction/requests/.klt/place-and-route/trng_digital_route.spef line 81729, pin bus_rdata_r[22] not found.
[WARNING STA-1656] /home/ubuntu/GitHub/sky130-trng/.loom/worktrees/issue-226/sim/digital-floorplan-compaction/requests/.klt/place-and-route/trng_digital_route.spef line 81730, pin bus_rdata_r[23] not found.
[WARNING STA-1656] /home/ubuntu/GitHub/sky130-trng/.loom/worktrees/issue-226/sim/digital-floorplan-compaction/requests/.klt/place-and-route/trng_digital_route.spef line 81731, pin bus_rdata_r[24] not found.
[WARNING STA-1656] /home/ubuntu/GitHub/sky130-trng/.loom/worktrees/issue-226/sim/digital-floorplan-compaction/requests/.klt/place-and-route/trng_digital_route.spef line 81732, pin bus_rdata_r[25] not found.
[WARNING STA-1656] /home/ubuntu/GitHub/sky130-trng/.loom/worktrees/issue-226/sim/digital-floorplan-compaction/requests/.klt/place-and-route/trng_digital_route.spef line 81733, pin bus_rdata_r[26] not found.
[WARNING STA-1656] /home/ubuntu/GitHub/sky130-trng/.loom/worktrees/issue-226/sim/digital-floorplan-compaction/requests/.klt/place-and-route/trng_digital_route.spef line 81734, pin bus_rdata_r[27] not found.
[WARNING STA-1656] /home/ubuntu/GitHub/sky130-trng/.loom/worktrees/issue-226/sim/digital-floorplan-compaction/requests/.klt/place-and-route/trng_digital_route.spef line 81735, pin bus_rdata_r[28] not found.
[WARNING STA-1656] /home/ubuntu/GitHub/sky130-trng/.loom/worktrees/issue-226/sim/digital-floorplan-compaction/requests/.klt/place-and-route/trng_digital_route.spef line 81736, pin bus_rdata_r[29] not found.
[WARNING STA-1656] /home/ubuntu/GitHub/sky130-trng/.loom/worktrees/issue-226/sim/digital-floorplan-compaction/requests/.klt/place-and-route/trng_digital_route.spef line 81737, pin bus_rdata_r[2] not found.
[WARNING STA-1656] /home/ubuntu/GitHub/sky130-trng/.loom/worktrees/issue-226/sim/digital-floorplan-compaction/requests/.klt/place-and-route/trng_digital_route.spef line 81738, pin bus_rdata_r[30] not found.
[WARNING STA-1656] /home/ubuntu/GitHub/sky130-trng/.loom/worktrees/issue-226/sim/digital-floorplan-compaction/requests/.klt/place-and-route/trng_digital_route.spef line 81739, pin bus_rdata_r[31] not found.
[WARNING STA-1656] /home/ubuntu/GitHub/sky130-trng/.loom/worktrees/issue-226/sim/digital-floorplan-compaction/requests/.klt/place-and-route/trng_digital_route.spef line 81740, pin bus_rdata_r[3] not found.
[WARNING STA-1656] /home/ubuntu/GitHub/sky130-trng/.loom/worktrees/issue-226/sim/digital-floorplan-compaction/requests/.klt/place-and-route/trng_digital_route.spef line 81741, pin bus_rdata_r[4] not found.
[WARNING STA-1656] /home/ubuntu/GitHub/sky130-trng/.loom/worktrees/issue-226/sim/digital-floorplan-compaction/requests/.klt/place-and-route/trng_digital_route.spef line 81742, pin bus_rdata_r[5] not found.
[WARNING STA-1656] /home/ubuntu/GitHub/sky130-trng/.loom/worktrees/issue-226/sim/digital-floorplan-compaction/requests/.klt/place-and-route/trng_digital_route.spef line 81743, pin bus_rdata_r[6] not found.
[WARNING STA-1656] /home/ubuntu/GitHub/sky130-trng/.loom/worktrees/issue-226/sim/digital-floorplan-compaction/requests/.klt/place-and-route/trng_digital_route.spef line 81744, pin bus_rdata_r[7] not found.
[WARNING STA-1656] /home/ubuntu/GitHub/sky130-trng/.loom/worktrees/issue-226/sim/digital-floorplan-compaction/requests/.klt/place-and-route/trng_digital_route.spef line 81745, pin bus_rdata_r[8] not found.
[WARNING STA-1656] /home/ubuntu/GitHub/sky130-trng/.loom/worktrees/issue-226/sim/digital-floorplan-compaction/requests/.klt/place-and-route/trng_digital_route.spef line 81746, pin bus_rdata_r[9] not found.
[WARNING STA-1656] /home/ubuntu/GitHub/sky130-trng/.loom/worktrees/issue-226/sim/digital-floorplan-compaction/requests/.klt/place-and-route/trng_digital_route.spef line 82189, pin startup_done_r not found.
[WARNING STA-1656] /home/ubuntu/GitHub/sky130-trng/.loom/worktrees/issue-226/sim/digital-floorplan-compaction/requests/.klt/place-and-route/trng_digital_route.spef line 104066, pin bus_rdata_r[0] not found.
[WARNING STA-1656] /home/ubuntu/GitHub/sky130-trng/.loom/worktrees/issue-226/sim/digital-floorplan-compaction/requests/.klt/place-and-route/trng_digital_route.spef line 104067, pin bus_rdata_r[10] not found.
[WARNING STA-1656] /home/ubuntu/GitHub/sky130-trng/.loom/worktrees/issue-226/sim/digital-floorplan-compaction/requests/.klt/place-and-route/trng_digital_route.spef line 104068, pin bus_rdata_r[11] not found.
[WARNING STA-1656] /home/ubuntu/GitHub/sky130-trng/.loom/worktrees/issue-226/sim/digital-floorplan-compaction/requests/.klt/place-and-route/trng_digital_route.spef line 104069, pin bus_rdata_r[12] not found.
[WARNING STA-1656] /home/ubuntu/GitHub/sky130-trng/.loom/worktrees/issue-226/sim/digital-floorplan-compaction/requests/.klt/place-and-route/trng_digital_route.spef line 104070, pin bus_rdata_r[13] not found.
[WARNING STA-1656] /home/ubuntu/GitHub/sky130-trng/.loom/worktrees/issue-226/sim/digital-floorplan-compaction/requests/.klt/place-and-route/trng_digital_route.spef line 104071, pin bus_rdata_r[14] not found.
[WARNING STA-1656] /home/ubuntu/GitHub/sky130-trng/.loom/worktrees/issue-226/sim/digital-floorplan-compaction/requests/.klt/place-and-route/trng_digital_route.spef line 104072, pin bus_rdata_r[15] not found.
[WARNING STA-1656] /home/ubuntu/GitHub/sky130-trng/.loom/worktrees/issue-226/sim/digital-floorplan-compaction/requests/.klt/place-and-route/trng_digital_route.spef line 104073, pin bus_rdata_r[16] not found.
[WARNING STA-1656] /home/ubuntu/GitHub/sky130-trng/.loom/worktrees/issue-226/sim/digital-floorplan-compaction/requests/.klt/place-and-route/trng_digital_route.spef line 104074, pin bus_rdata_r[17] not found.
[WARNING STA-1656] /home/ubuntu/GitHub/sky130-trng/.loom/worktrees/issue-226/sim/digital-floorplan-compaction/requests/.klt/place-and-route/trng_digital_route.spef line 104075, pin bus_rdata_r[18] not found.
[WARNING STA-1656] /home/ubuntu/GitHub/sky130-trng/.loom/worktrees/issue-226/sim/digital-floorplan-compaction/requests/.klt/place-and-route/trng_digital_route.spef line 104076, pin bus_rdata_r[19] not found.
[WARNING STA-1656] /home/ubuntu/GitHub/sky130-trng/.loom/worktrees/issue-226/sim/digital-floorplan-compaction/requests/.klt/place-and-route/trng_digital_route.spef line 104077, pin bus_rdata_r[1] not found.
[WARNING STA-1656] /home/ubuntu/GitHub/sky130-trng/.loom/worktrees/issue-226/sim/digital-floorplan-compaction/requests/.klt/place-and-route/trng_digital_route.spef line 104078, pin bus_rdata_r[20] not found.
[WARNING STA-1656] /home/ubuntu/GitHub/sky130-trng/.loom/worktrees/issue-226/sim/digital-floorplan-compaction/requests/.klt/place-and-route/trng_digital_route.spef line 104079, pin bus_rdata_r[21] not found.
[WARNING STA-1656] /home/ubuntu/GitHub/sky130-trng/.loom/worktrees/issue-226/sim/digital-floorplan-compaction/requests/.klt/place-and-route/trng_digital_route.spef line 104080, pin bus_rdata_r[22] not found.
[WARNING STA-1656] /home/ubuntu/GitHub/sky130-trng/.loom/worktrees/issue-226/sim/digital-floorplan-compaction/requests/.klt/place-and-route/trng_digital_route.spef line 104081, pin bus_rdata_r[23] not found.
[WARNING STA-1656] /home/ubuntu/GitHub/sky130-trng/.loom/worktrees/issue-226/sim/digital-floorplan-compaction/requests/.klt/place-and-route/trng_digital_route.spef line 104082, pin bus_rdata_r[24] not found.
[WARNING STA-1656] /home/ubuntu/GitHub/sky130-trng/.loom/worktrees/issue-226/sim/digital-floorplan-compaction/requests/.klt/place-and-route/trng_digital_route.spef line 104083, pin bus_rdata_r[25] not found.
[WARNING STA-1656] /home/ubuntu/GitHub/sky130-trng/.loom/worktrees/issue-226/sim/digital-floorplan-compaction/requests/.klt/place-and-route/trng_digital_route.spef line 104084, pin bus_rdata_r[27] not found.
[WARNING STA-1656] /home/ubuntu/GitHub/sky130-trng/.loom/worktrees/issue-226/sim/digital-floorplan-compaction/requests/.klt/place-and-route/trng_digital_route.spef line 104085, pin bus_rdata_r[28] not found.
[WARNING STA-1656] /home/ubuntu/GitHub/sky130-trng/.loom/worktrees/issue-226/sim/digital-floorplan-compaction/requests/.klt/place-and-route/trng_digital_route.spef line 104086, pin bus_rdata_r[29] not found.
[WARNING STA-1656] /home/ubuntu/GitHub/sky130-trng/.loom/worktrees/issue-226/sim/digital-floorplan-compaction/requests/.klt/place-and-route/trng_digital_route.spef line 104087, pin bus_rdata_r[2] not found.
[WARNING STA-1656] /home/ubuntu/GitHub/sky130-trng/.loom/worktrees/issue-226/sim/digital-floorplan-compaction/requests/.klt/place-and-route/trng_digital_route.spef line 104088, pin bus_rdata_r[30] not found.
[WARNING STA-1656] /home/ubuntu/GitHub/sky130-trng/.loom/worktrees/issue-226/sim/digital-floorplan-compaction/requests/.klt/place-and-route/trng_digital_route.spef line 104089, pin bus_rdata_r[31] not found.
[WARNING STA-1656] /home/ubuntu/GitHub/sky130-trng/.loom/worktrees/issue-226/sim/digital-floorplan-compaction/requests/.klt/place-and-route/trng_digital_route.spef line 104090, pin bus_rdata_r[3] not found.
[WARNING STA-1656] /home/ubuntu/GitHub/sky130-trng/.loom/worktrees/issue-226/sim/digital-floorplan-compaction/requests/.klt/place-and-route/trng_digital_route.spef line 104091, pin bus_rdata_r[4] not found.
[WARNING STA-1656] /home/ubuntu/GitHub/sky130-trng/.loom/worktrees/issue-226/sim/digital-floorplan-compaction/requests/.klt/place-and-route/trng_digital_route.spef line 104092, pin bus_rdata_r[5] not found.
[WARNING STA-1656] /home/ubuntu/GitHub/sky130-trng/.loom/worktrees/issue-226/sim/digital-floorplan-compaction/requests/.klt/place-and-route/trng_digital_route.spef line 104093, pin bus_rdata_r[6] not found.
[WARNING STA-1656] /home/ubuntu/GitHub/sky130-trng/.loom/worktrees/issue-226/sim/digital-floorplan-compaction/requests/.klt/place-and-route/trng_digital_route.spef line 104094, pin bus_rdata_r[7] not found.
[WARNING STA-1656] /home/ubuntu/GitHub/sky130-trng/.loom/worktrees/issue-226/sim/digital-floorplan-compaction/requests/.klt/place-and-route/trng_digital_route.spef line 104095, pin bus_rdata_r[8] not found.
[WARNING STA-1656] /home/ubuntu/GitHub/sky130-trng/.loom/worktrees/issue-226/sim/digital-floorplan-compaction/requests/.klt/place-and-route/trng_digital_route.spef line 104096, pin bus_rdata_r[9] not found.
[WARNING STA-1656] /home/ubuntu/GitHub/sky130-trng/.loom/worktrees/issue-226/sim/digital-floorplan-compaction/requests/.klt/place-and-route/trng_digital_route.spef line 104557, pin startup_done_r not found.
[WARNING STA-1656] /home/ubuntu/GitHub/sky130-trng/.loom/worktrees/issue-226/sim/digital-floorplan-compaction/requests/.klt/place-and-route/trng_digital_route.spef line 133496, pin bus_rdata_r[8] not found.
[WARNING STA-1656] /home/ubuntu/GitHub/sky130-trng/.loom/worktrees/issue-226/sim/digital-floorplan-compaction/requests/.klt/place-and-route/trng_digital_route.spef line 133523, pin bus_rdata_r[12] not found.
[WARNING STA-1656] /home/ubuntu/GitHub/sky130-trng/.loom/worktrees/issue-226/sim/digital-floorplan-compaction/requests/.klt/place-and-route/trng_digital_route.spef line 133524, pin bus_rdata_r[1] not found.
[WARNING STA-1656] /home/ubuntu/GitHub/sky130-trng/.loom/worktrees/issue-226/sim/digital-floorplan-compaction/requests/.klt/place-and-route/trng_digital_route.spef line 133566, pin bus_rdata_r[12] not found.
[WARNING STA-1656] /home/ubuntu/GitHub/sky130-trng/.loom/worktrees/issue-226/sim/digital-floorplan-compaction/requests/.klt/place-and-route/trng_digital_route.spef line 133567, pin bus_rdata_r[9] not found.
[WARNING STA-1656] /home/ubuntu/GitHub/sky130-trng/.loom/worktrees/issue-226/sim/digital-floorplan-compaction/requests/.klt/place-and-route/trng_digital_route.spef line 134845, pin bus_rdata_r[12] not found.
[WARNING STA-1656] /home/ubuntu/GitHub/sky130-trng/.loom/worktrees/issue-226/sim/digital-floorplan-compaction/requests/.klt/place-and-route/trng_digital_route.spef line 134846, pin bus_rdata_r[13] not found.
[WARNING STA-1656] /home/ubuntu/GitHub/sky130-trng/.loom/worktrees/issue-226/sim/digital-floorplan-compaction/requests/.klt/place-and-route/trng_digital_route.spef line 134847, pin bus_rdata_r[14] not found.
[WARNING STA-1656] /home/ubuntu/GitHub/sky130-trng/.loom/worktrees/issue-226/sim/digital-floorplan-compaction/requests/.klt/place-and-route/trng_digital_route.spef line 134848, pin bus_rdata_r[9] not found.
[WARNING STA-1656] /home/ubuntu/GitHub/sky130-trng/.loom/worktrees/issue-226/sim/digital-floorplan-compaction/requests/.klt/place-and-route/trng_digital_route.spef line 134873, pin bus_rdata_r[1] not found.
[WARNING STA-1656] /home/ubuntu/GitHub/sky130-trng/.loom/worktrees/issue-226/sim/digital-floorplan-compaction/requests/.klt/place-and-route/trng_digital_route.spef line 135140, pin bus_rdata_r[15] not found.
[WARNING STA-1656] /home/ubuntu/GitHub/sky130-trng/.loom/worktrees/issue-226/sim/digital-floorplan-compaction/requests/.klt/place-and-route/trng_digital_route.spef line 135209, pin bus_rdata_r[5] not found.
[WARNING STA-1656] /home/ubuntu/GitHub/sky130-trng/.loom/worktrees/issue-226/sim/digital-floorplan-compaction/requests/.klt/place-and-route/trng_digital_route.spef line 135257, pin bus_rdata_r[12] not found.
[WARNING STA-1656] /home/ubuntu/GitHub/sky130-trng/.loom/worktrees/issue-226/sim/digital-floorplan-compaction/requests/.klt/place-and-route/trng_digital_route.spef line 135258, pin bus_rdata_r[13] not found.
[WARNING STA-1656] /home/ubuntu/GitHub/sky130-trng/.loom/worktrees/issue-226/sim/digital-floorplan-compaction/requests/.klt/place-and-route/trng_digital_route.spef line 135289, pin bus_rdata_r[5] not found.
[WARNING STA-1656] /home/ubuntu/GitHub/sky130-trng/.loom/worktrees/issue-226/sim/digital-floorplan-compaction/requests/.klt/place-and-route/trng_digital_route.spef line 135687, pin bus_rdata_r[12] not found.
[WARNING STA-1656] /home/ubuntu/GitHub/sky130-trng/.loom/worktrees/issue-226/sim/digital-floorplan-compaction/requests/.klt/place-and-route/trng_digital_route.spef line 135688, pin bus_rdata_r[13] not found.
[WARNING STA-1656] /home/ubuntu/GitHub/sky130-trng/.loom/worktrees/issue-226/sim/digital-floorplan-compaction/requests/.klt/place-and-route/trng_digital_route.spef line 135879, pin bus_rdata_r[1] not found.
[WARNING STA-1656] /home/ubuntu/GitHub/sky130-trng/.loom/worktrees/issue-226/sim/digital-floorplan-compaction/requests/.klt/place-and-route/trng_digital_route.spef line 135880, pin bus_rdata_r[8] not found.
[WARNING STA-1656] /home/ubuntu/GitHub/sky130-trng/.loom/worktrees/issue-226/sim/digital-floorplan-compaction/requests/.klt/place-and-route/trng_digital_route.spef line 135881, pin bus_rdata_r[9] not found.
[WARNING STA-1656] /home/ubuntu/GitHub/sky130-trng/.loom/worktrees/issue-226/sim/digital-floorplan-compaction/requests/.klt/place-and-route/trng_digital_route.spef line 135905, pin bus_rdata_r[31] not found.
[WARNING STA-1656] /home/ubuntu/GitHub/sky130-trng/.loom/worktrees/issue-226/sim/digital-floorplan-compaction/requests/.klt/place-and-route/trng_digital_route.spef line 135929, pin bus_rdata_r[1] not found.
[WARNING STA-1656] /home/ubuntu/GitHub/sky130-trng/.loom/worktrees/issue-226/sim/digital-floorplan-compaction/requests/.klt/place-and-route/trng_digital_route.spef line 135930, pin bus_rdata_r[8] not found.
[WARNING STA-1656] /home/ubuntu/GitHub/sky130-trng/.loom/worktrees/issue-226/sim/digital-floorplan-compaction/requests/.klt/place-and-route/trng_digital_route.spef line 135931, pin bus_rdata_r[9] not found.
[WARNING STA-1656] /home/ubuntu/GitHub/sky130-trng/.loom/worktrees/issue-226/sim/digital-floorplan-compaction/requests/.klt/place-and-route/trng_digital_route.spef line 136010, pin bus_rdata_r[12] not found.
[WARNING STA-1656] /home/ubuntu/GitHub/sky130-trng/.loom/worktrees/issue-226/sim/digital-floorplan-compaction/requests/.klt/place-and-route/trng_digital_route.spef line 136011, pin bus_rdata_r[13] not found.
[WARNING STA-1656] /home/ubuntu/GitHub/sky130-trng/.loom/worktrees/issue-226/sim/digital-floorplan-compaction/requests/.klt/place-and-route/trng_digital_route.spef line 136393, pin bus_rdata_r[5] not found.
[WARNING STA-1656] /home/ubuntu/GitHub/sky130-trng/.loom/worktrees/issue-226/sim/digital-floorplan-compaction/requests/.klt/place-and-route/trng_digital_route.spef line 136472, pin bus_rdata_r[1] not found.
[WARNING STA-1656] /home/ubuntu/GitHub/sky130-trng/.loom/worktrees/issue-226/sim/digital-floorplan-compaction/requests/.klt/place-and-route/trng_digital_route.spef line 136671, pin bus_rdata_r[1] not found.
[WARNING STA-1656] /home/ubuntu/GitHub/sky130-trng/.loom/worktrees/issue-226/sim/digital-floorplan-compaction/requests/.klt/place-and-route/trng_digital_route.spef line 136672, pin bus_rdata_r[8] not found.
[WARNING STA-1656] /home/ubuntu/GitHub/sky130-trng/.loom/worktrees/issue-226/sim/digital-floorplan-compaction/requests/.klt/place-and-route/trng_digital_route.spef line 136723, pin bus_rdata_r[31] not found.
[WARNING STA-1656] /home/ubuntu/GitHub/sky130-trng/.loom/worktrees/issue-226/sim/digital-floorplan-compaction/requests/.klt/place-and-route/trng_digital_route.spef line 136794, pin bus_rdata_r[14] not found.
[WARNING STA-1656] /home/ubuntu/GitHub/sky130-trng/.loom/worktrees/issue-226/sim/digital-floorplan-compaction/requests/.klt/place-and-route/trng_digital_route.spef line 136795, pin bus_rdata_r[8] not found.
[WARNING STA-1656] /home/ubuntu/GitHub/sky130-trng/.loom/worktrees/issue-226/sim/digital-floorplan-compaction/requests/.klt/place-and-route/trng_digital_route.spef line 136796, pin bus_rdata_r[9] not found.
[WARNING STA-1656] /home/ubuntu/GitHub/sky130-trng/.loom/worktrees/issue-226/sim/digital-floorplan-compaction/requests/.klt/place-and-route/trng_digital_route.spef line 137186, pin bus_rdata_r[1] not found.
[WARNING STA-1656] /home/ubuntu/GitHub/sky130-trng/.loom/worktrees/issue-226/sim/digital-floorplan-compaction/requests/.klt/place-and-route/trng_digital_route.spef line 137187, pin bus_rdata_r[8] not found.
[WARNING STA-1656] /home/ubuntu/GitHub/sky130-trng/.loom/worktrees/issue-226/sim/digital-floorplan-compaction/requests/.klt/place-and-route/trng_digital_route.spef line 137188, pin bus_rdata_r[9] not found.
[WARNING STA-1656] /home/ubuntu/GitHub/sky130-trng/.loom/worktrees/issue-226/sim/digital-floorplan-compaction/requests/.klt/place-and-route/trng_digital_route.spef line 137346, pin bus_rdata_r[31] not found.
[WARNING STA-1656] /home/ubuntu/GitHub/sky130-trng/.loom/worktrees/issue-226/sim/digital-floorplan-compaction/requests/.klt/place-and-route/trng_digital_route.spef line 137385, pin bus_rdata_r[31] not found.
[WARNING STA-1656] /home/ubuntu/GitHub/sky130-trng/.loom/worktrees/issue-226/sim/digital-floorplan-compaction/requests/.klt/place-and-route/trng_digital_route.spef line 138112, pin bus_rdata_r[31] not found.
[WARNING STA-1656] /home/ubuntu/GitHub/sky130-trng/.loom/worktrees/issue-226/sim/digital-floorplan-compaction/requests/.klt/place-and-route/trng_digital_route.spef line 138113, pin bus_rdata_r[5] not found.
[WARNING STA-1656] /home/ubuntu/GitHub/sky130-trng/.loom/worktrees/issue-226/sim/digital-floorplan-compaction/requests/.klt/place-and-route/trng_digital_route.spef line 138353, pin bus_rdata_r[3] not found.
[WARNING STA-1656] /home/ubuntu/GitHub/sky130-trng/.loom/worktrees/issue-226/sim/digital-floorplan-compaction/requests/.klt/place-and-route/trng_digital_route.spef line 138354, pin bus_rdata_r[6] not found.
[WARNING STA-1656] /home/ubuntu/GitHub/sky130-trng/.loom/worktrees/issue-226/sim/digital-floorplan-compaction/requests/.klt/place-and-route/trng_digital_route.spef line 138355, pin bus_rdata_r[7] not found.
[WARNING STA-1656] /home/ubuntu/GitHub/sky130-trng/.loom/worktrees/issue-226/sim/digital-floorplan-compaction/requests/.klt/place-and-route/trng_digital_route.spef line 138402, pin bus_rdata_r[12] not found.
[WARNING STA-1656] /home/ubuntu/GitHub/sky130-trng/.loom/worktrees/issue-226/sim/digital-floorplan-compaction/requests/.klt/place-and-route/trng_digital_route.spef line 138403, pin bus_rdata_r[9] not found.
[WARNING STA-1656] /home/ubuntu/GitHub/sky130-trng/.loom/worktrees/issue-226/sim/digital-floorplan-compaction/requests/.klt/place-and-route/trng_digital_route.spef line 138413, pin startup_done_r not found.
[WARNING STA-1656] /home/ubuntu/GitHub/sky130-trng/.loom/worktrees/issue-226/sim/digital-floorplan-compaction/requests/.klt/place-and-route/trng_digital_route.spef line 138452, pin bus_rdata_r[4] not found.
[WARNING STA-1656] /home/ubuntu/GitHub/sky130-trng/.loom/worktrees/issue-226/sim/digital-floorplan-compaction/requests/.klt/place-and-route/trng_digital_route.spef line 138453, pin bus_rdata_r[6] not found.
[WARNING STA-1656] /home/ubuntu/GitHub/sky130-trng/.loom/worktrees/issue-226/sim/digital-floorplan-compaction/requests/.klt/place-and-route/trng_digital_route.spef line 138639, pin bus_rdata_r[7] not found.
[WARNING STA-1656] /home/ubuntu/GitHub/sky130-trng/.loom/worktrees/issue-226/sim/digital-floorplan-compaction/requests/.klt/place-and-route/trng_digital_route.spef line 138895, pin startup_done_r not found.
[WARNING STA-1656] /home/ubuntu/GitHub/sky130-trng/.loom/worktrees/issue-226/sim/digital-floorplan-compaction/requests/.klt/place-and-route/trng_digital_route.spef line 138946, pin bus_rdata_r[4] not found.
[WARNING STA-1656] /home/ubuntu/GitHub/sky130-trng/.loom/worktrees/issue-226/sim/digital-floorplan-compaction/requests/.klt/place-and-route/trng_digital_route.spef line 139052, pin bus_rdata_r[16] not found.
[WARNING STA-1656] /home/ubuntu/GitHub/sky130-trng/.loom/worktrees/issue-226/sim/digital-floorplan-compaction/requests/.klt/place-and-route/trng_digital_route.spef line 139053, pin bus_rdata_r[17] not found.
[WARNING STA-1656] /home/ubuntu/GitHub/sky130-trng/.loom/worktrees/issue-226/sim/digital-floorplan-compaction/requests/.klt/place-and-route/trng_digital_route.spef line 139054, pin bus_rdata_r[3] not found.
[WARNING STA-1656] /home/ubuntu/GitHub/sky130-trng/.loom/worktrees/issue-226/sim/digital-floorplan-compaction/requests/.klt/place-and-route/trng_digital_route.spef line 139055, pin bus_rdata_r[7] not found.
[WARNING STA-1656] /home/ubuntu/GitHub/sky130-trng/.loom/worktrees/issue-226/sim/digital-floorplan-compaction/requests/.klt/place-and-route/trng_digital_route.spef line 139091, pin bus_rdata_r[15] not found.
[WARNING STA-1656] /home/ubuntu/GitHub/sky130-trng/.loom/worktrees/issue-226/sim/digital-floorplan-compaction/requests/.klt/place-and-route/trng_digital_route.spef line 139092, pin bus_rdata_r[17] not found.
[WARNING STA-1656] /home/ubuntu/GitHub/sky130-trng/.loom/worktrees/issue-226/sim/digital-floorplan-compaction/requests/.klt/place-and-route/trng_digital_route.spef line 139093, pin bus_rdata_r[4] not found.
[WARNING STA-1656] /home/ubuntu/GitHub/sky130-trng/.loom/worktrees/issue-226/sim/digital-floorplan-compaction/requests/.klt/place-and-route/trng_digital_route.spef line 139200, pin bus_rdata_r[4] not found.
[WARNING STA-1656] /home/ubuntu/GitHub/sky130-trng/.loom/worktrees/issue-226/sim/digital-floorplan-compaction/requests/.klt/place-and-route/trng_digital_route.spef line 139302, pin bus_rdata_r[3] not found.
[WARNING STA-1656] /home/ubuntu/GitHub/sky130-trng/.loom/worktrees/issue-226/sim/digital-floorplan-compaction/requests/.klt/place-and-route/trng_digital_route.spef line 139303, pin bus_rdata_r[6] not found.
[WARNING STA-1656] /home/ubuntu/GitHub/sky130-trng/.loom/worktrees/issue-226/sim/digital-floorplan-compaction/requests/.klt/place-and-route/trng_digital_route.spef line 139304, pin bus_rdata_r[7] not found.
[WARNING STA-1656] /home/ubuntu/GitHub/sky130-trng/.loom/worktrees/issue-226/sim/digital-floorplan-compaction/requests/.klt/place-and-route/trng_digital_route.spef line 139348, pin bus_rdata_r[16] not found.
[WARNING STA-1656] /home/ubuntu/GitHub/sky130-trng/.loom/worktrees/issue-226/sim/digital-floorplan-compaction/requests/.klt/place-and-route/trng_digital_route.spef line 139487, pin startup_done_r not found.
[WARNING STA-1656] /home/ubuntu/GitHub/sky130-trng/.loom/worktrees/issue-226/sim/digital-floorplan-compaction/requests/.klt/place-and-route/trng_digital_route.spef line 139577, pin startup_done_r not found.
[WARNING STA-1656] /home/ubuntu/GitHub/sky130-trng/.loom/worktrees/issue-226/sim/digital-floorplan-compaction/requests/.klt/place-and-route/trng_digital_route.spef line 139644, pin bus_rdata_r[2] not found.
[WARNING STA-1656] /home/ubuntu/GitHub/sky130-trng/.loom/worktrees/issue-226/sim/digital-floorplan-compaction/requests/.klt/place-and-route/trng_digital_route.spef line 139645, pin bus_rdata_r[4] not found.
[WARNING STA-1656] /home/ubuntu/GitHub/sky130-trng/.loom/worktrees/issue-226/sim/digital-floorplan-compaction/requests/.klt/place-and-route/trng_digital_route.spef line 139672, pin bus_rdata_r[2] not found.
[WARNING STA-1656] /home/ubuntu/GitHub/sky130-trng/.loom/worktrees/issue-226/sim/digital-floorplan-compaction/requests/.klt/place-and-route/trng_digital_route.spef line 139673, pin bus_rdata_r[6] not found.
[WARNING STA-1656] /home/ubuntu/GitHub/sky130-trng/.loom/worktrees/issue-226/sim/digital-floorplan-compaction/requests/.klt/place-and-route/trng_digital_route.spef line 139674, pin bus_rdata_r[7] not found.
[WARNING STA-1656] /home/ubuntu/GitHub/sky130-trng/.loom/worktrees/issue-226/sim/digital-floorplan-compaction/requests/.klt/place-and-route/trng_digital_route.spef line 139702, pin startup_done_r not found.
[WARNING STA-1656] /home/ubuntu/GitHub/sky130-trng/.loom/worktrees/issue-226/sim/digital-floorplan-compaction/requests/.klt/place-and-route/trng_digital_route.spef line 139748, pin bus_rdata_r[4] not found.
[WARNING STA-1656] /home/ubuntu/GitHub/sky130-trng/.loom/worktrees/issue-226/sim/digital-floorplan-compaction/requests/.klt/place-and-route/trng_digital_route.spef line 139807, pin startup_done_r not found.
[WARNING STA-1656] /home/ubuntu/GitHub/sky130-trng/.loom/worktrees/issue-226/sim/digital-floorplan-compaction/requests/.klt/place-and-route/trng_digital_route.spef line 139855, pin bus_rdata_r[16] not found.
[WARNING STA-1656] /home/ubuntu/GitHub/sky130-trng/.loom/worktrees/issue-226/sim/digital-floorplan-compaction/requests/.klt/place-and-route/trng_digital_route.spef line 139856, pin bus_rdata_r[3] not found.
[WARNING STA-1656] /home/ubuntu/GitHub/sky130-trng/.loom/worktrees/issue-226/sim/digital-floorplan-compaction/requests/.klt/place-and-route/trng_digital_route.spef line 139881, pin bus_rdata_r[7] not found.
[WARNING STA-1656] /home/ubuntu/GitHub/sky130-trng/.loom/worktrees/issue-226/sim/digital-floorplan-compaction/requests/.klt/place-and-route/trng_digital_route.spef line 139980, pin bus_rdata_r[16] not found.
[WARNING STA-1656] /home/ubuntu/GitHub/sky130-trng/.loom/worktrees/issue-226/sim/digital-floorplan-compaction/requests/.klt/place-and-route/trng_digital_route.spef line 139981, pin bus_rdata_r[17] not found.
[WARNING STA-1656] /home/ubuntu/GitHub/sky130-trng/.loom/worktrees/issue-226/sim/digital-floorplan-compaction/requests/.klt/place-and-route/trng_digital_route.spef line 139982, pin bus_rdata_r[3] not found.
[WARNING STA-1656] /home/ubuntu/GitHub/sky130-trng/.loom/worktrees/issue-226/sim/digital-floorplan-compaction/requests/.klt/place-and-route/trng_digital_route.spef line 139983, pin bus_rdata_r[6] not found.
[WARNING STA-1656] /home/ubuntu/GitHub/sky130-trng/.loom/worktrees/issue-226/sim/digital-floorplan-compaction/requests/.klt/place-and-route/trng_digital_route.spef line 139984, pin bus_rdata_r[7] not found.
[WARNING STA-1656] /home/ubuntu/GitHub/sky130-trng/.loom/worktrees/issue-226/sim/digital-floorplan-compaction/requests/.klt/place-and-route/trng_digital_route.spef line 140064, pin startup_done_r not found.
[WARNING STA-1656] /home/ubuntu/GitHub/sky130-trng/.loom/worktrees/issue-226/sim/digital-floorplan-compaction/requests/.klt/place-and-route/trng_digital_route.spef line 140164, pin startup_done_r not found.
[WARNING STA-1656] /home/ubuntu/GitHub/sky130-trng/.loom/worktrees/issue-226/sim/digital-floorplan-compaction/requests/.klt/place-and-route/trng_digital_route.spef line 140245, pin startup_done_r not found.
[WARNING STA-1656] /home/ubuntu/GitHub/sky130-trng/.loom/worktrees/issue-226/sim/digital-floorplan-compaction/requests/.klt/place-and-route/trng_digital_route.spef line 140332, pin startup_done_r not found.
[WARNING STA-1656] /home/ubuntu/GitHub/sky130-trng/.loom/worktrees/issue-226/sim/digital-floorplan-compaction/requests/.klt/place-and-route/trng_digital_route.spef line 140415, pin bus_rdata_r[3] not found.
[WARNING STA-1656] /home/ubuntu/GitHub/sky130-trng/.loom/worktrees/issue-226/sim/digital-floorplan-compaction/requests/.klt/place-and-route/trng_digital_route.spef line 140416, pin bus_rdata_r[6] not found.
[WARNING STA-1656] /home/ubuntu/GitHub/sky130-trng/.loom/worktrees/issue-226/sim/digital-floorplan-compaction/requests/.klt/place-and-route/trng_digital_route.spef line 140417, pin bus_rdata_r[7] not found.
[WARNING STA-1656] /home/ubuntu/GitHub/sky130-trng/.loom/worktrees/issue-226/sim/digital-floorplan-compaction/requests/.klt/place-and-route/trng_digital_route.spef line 140444, pin bus_rdata_r[2] not found.
[WARNING STA-1656] /home/ubuntu/GitHub/sky130-trng/.loom/worktrees/issue-226/sim/digital-floorplan-compaction/requests/.klt/place-and-route/trng_digital_route.spef line 140520, pin bus_rdata_r[2] not found.
[WARNING STA-1656] /home/ubuntu/GitHub/sky130-trng/.loom/worktrees/issue-226/sim/digital-floorplan-compaction/requests/.klt/place-and-route/trng_digital_route.spef line 140607, pin bus_rdata_r[6] not found.
[WARNING STA-1656] /home/ubuntu/GitHub/sky130-trng/.loom/worktrees/issue-226/sim/digital-floorplan-compaction/requests/.klt/place-and-route/trng_digital_route.spef line 140608, pin bus_rdata_r[7] not found.
[WARNING STA-1656] /home/ubuntu/GitHub/sky130-trng/.loom/worktrees/issue-226/sim/digital-floorplan-compaction/requests/.klt/place-and-route/trng_digital_route.spef line 140726, pin bus_rdata_r[17] not found.
[WARNING STA-1656] /home/ubuntu/GitHub/sky130-trng/.loom/worktrees/issue-226/sim/digital-floorplan-compaction/requests/.klt/place-and-route/trng_digital_route.spef line 140727, pin bus_rdata_r[3] not found.
[WARNING STA-1656] /home/ubuntu/GitHub/sky130-trng/.loom/worktrees/issue-226/sim/digital-floorplan-compaction/requests/.klt/place-and-route/trng_digital_route.spef line 140728, pin bus_rdata_r[6] not found.
[WARNING STA-1656] /home/ubuntu/GitHub/sky130-trng/.loom/worktrees/issue-226/sim/digital-floorplan-compaction/requests/.klt/place-and-route/trng_digital_route.spef line 140806, pin startup_done_r not found.
[WARNING STA-1656] /home/ubuntu/GitHub/sky130-trng/.loom/worktrees/issue-226/sim/digital-floorplan-compaction/requests/.klt/place-and-route/trng_digital_route.spef line 140865, pin bus_rdata_r[16] not found.
[WARNING STA-1656] /home/ubuntu/GitHub/sky130-trng/.loom/worktrees/issue-226/sim/digital-floorplan-compaction/requests/.klt/place-and-route/trng_digital_route.spef line 140908, pin startup_done_r not found.
[WARNING STA-1656] /home/ubuntu/GitHub/sky130-trng/.loom/worktrees/issue-226/sim/digital-floorplan-compaction/requests/.klt/place-and-route/trng_digital_route.spef line 141176, pin bus_rdata_r[16] not found.
[WARNING STA-1656] /home/ubuntu/GitHub/sky130-trng/.loom/worktrees/issue-226/sim/digital-floorplan-compaction/requests/.klt/place-and-route/trng_digital_route.spef line 141177, pin bus_rdata_r[3] not found.
[WARNING STA-1656] /home/ubuntu/GitHub/sky130-trng/.loom/worktrees/issue-226/sim/digital-floorplan-compaction/requests/.klt/place-and-route/trng_digital_route.spef line 141178, pin bus_rdata_r[6] not found.
[WARNING STA-1656] /home/ubuntu/GitHub/sky130-trng/.loom/worktrees/issue-226/sim/digital-floorplan-compaction/requests/.klt/place-and-route/trng_digital_route.spef line 141179, pin bus_rdata_r[7] not found.
[WARNING STA-1656] /home/ubuntu/GitHub/sky130-trng/.loom/worktrees/issue-226/sim/digital-floorplan-compaction/requests/.klt/place-and-route/trng_digital_route.spef line 141208, pin bus_rdata_r[16] not found.
[WARNING STA-1656] /home/ubuntu/GitHub/sky130-trng/.loom/worktrees/issue-226/sim/digital-floorplan-compaction/requests/.klt/place-and-route/trng_digital_route.spef line 141209, pin bus_rdata_r[3] not found.
[WARNING STA-1656] /home/ubuntu/GitHub/sky130-trng/.loom/worktrees/issue-226/sim/digital-floorplan-compaction/requests/.klt/place-and-route/trng_digital_route.spef line 141210, pin bus_rdata_r[6] not found.
[WARNING STA-1656] /home/ubuntu/GitHub/sky130-trng/.loom/worktrees/issue-226/sim/digital-floorplan-compaction/requests/.klt/place-and-route/trng_digital_route.spef line 141211, pin bus_rdata_r[7] not found.
[WARNING STA-1656] /home/ubuntu/GitHub/sky130-trng/.loom/worktrees/issue-226/sim/digital-floorplan-compaction/requests/.klt/place-and-route/trng_digital_route.spef line 141305, pin bus_rdata_r[16] not found.
[WARNING STA-1656] /home/ubuntu/GitHub/sky130-trng/.loom/worktrees/issue-226/sim/digital-floorplan-compaction/requests/.klt/place-and-route/trng_digital_route.spef line 141306, pin bus_rdata_r[17] not found.
[WARNING STA-1656] /home/ubuntu/GitHub/sky130-trng/.loom/worktrees/issue-226/sim/digital-floorplan-compaction/requests/.klt/place-and-route/trng_digital_route.spef line 141307, pin bus_rdata_r[3] not found.
[WARNING STA-1656] /home/ubuntu/GitHub/sky130-trng/.loom/worktrees/issue-226/sim/digital-floorplan-compaction/requests/.klt/place-and-route/trng_digital_route.spef line 141308, pin bus_rdata_r[6] not found.
[WARNING STA-1656] /home/ubuntu/GitHub/sky130-trng/.loom/worktrees/issue-226/sim/digital-floorplan-compaction/requests/.klt/place-and-route/trng_digital_route.spef line 141309, pin bus_rdata_r[7] not found.
[WARNING STA-1656] /home/ubuntu/GitHub/sky130-trng/.loom/worktrees/issue-226/sim/digital-floorplan-compaction/requests/.klt/place-and-route/trng_digital_route.spef line 141372, pin startup_done_r not found.
[WARNING STA-1656] /home/ubuntu/GitHub/sky130-trng/.loom/worktrees/issue-226/sim/digital-floorplan-compaction/requests/.klt/place-and-route/trng_digital_route.spef line 141426, pin bus_rdata_r[3] not found.
[WARNING STA-1656] /home/ubuntu/GitHub/sky130-trng/.loom/worktrees/issue-226/sim/digital-floorplan-compaction/requests/.klt/place-and-route/trng_digital_route.spef line 141427, pin bus_rdata_r[6] not found.
[WARNING STA-1656] /home/ubuntu/GitHub/sky130-trng/.loom/worktrees/issue-226/sim/digital-floorplan-compaction/requests/.klt/place-and-route/trng_digital_route.spef line 141572, pin bus_rdata_r[17] not found.
[WARNING STA-1656] /home/ubuntu/GitHub/sky130-trng/.loom/worktrees/issue-226/sim/digital-floorplan-compaction/requests/.klt/place-and-route/trng_digital_route.spef line 141573, pin bus_rdata_r[2] not found.
[WARNING STA-1656] /home/ubuntu/GitHub/sky130-trng/.loom/worktrees/issue-226/sim/digital-floorplan-compaction/requests/.klt/place-and-route/trng_digital_route.spef line 141574, pin bus_rdata_r[3] not found.
[WARNING STA-1656] /home/ubuntu/GitHub/sky130-trng/.loom/worktrees/issue-226/sim/digital-floorplan-compaction/requests/.klt/place-and-route/trng_digital_route.spef line 141575, pin bus_rdata_r[6] not found.
[WARNING STA-1656] /home/ubuntu/GitHub/sky130-trng/.loom/worktrees/issue-226/sim/digital-floorplan-compaction/requests/.klt/place-and-route/trng_digital_route.spef line 141687, pin startup_done_r not found.
[WARNING STA-1656] /home/ubuntu/GitHub/sky130-trng/.loom/worktrees/issue-226/sim/digital-floorplan-compaction/requests/.klt/place-and-route/trng_digital_route.spef line 141741, pin bus_rdata_r[16] not found.
[WARNING STA-1656] /home/ubuntu/GitHub/sky130-trng/.loom/worktrees/issue-226/sim/digital-floorplan-compaction/requests/.klt/place-and-route/trng_digital_route.spef line 141742, pin bus_rdata_r[3] not found.
[WARNING STA-1656] /home/ubuntu/GitHub/sky130-trng/.loom/worktrees/issue-226/sim/digital-floorplan-compaction/requests/.klt/place-and-route/trng_digital_route.spef line 141743, pin bus_rdata_r[6] not found.
[WARNING STA-1656] /home/ubuntu/GitHub/sky130-trng/.loom/worktrees/issue-226/sim/digital-floorplan-compaction/requests/.klt/place-and-route/trng_digital_route.spef line 141744, pin bus_rdata_r[7] not found.
[WARNING STA-1656] /home/ubuntu/GitHub/sky130-trng/.loom/worktrees/issue-226/sim/digital-floorplan-compaction/requests/.klt/place-and-route/trng_digital_route.spef line 141779, pin startup_done_r not found.
[WARNING STA-1656] /home/ubuntu/GitHub/sky130-trng/.loom/worktrees/issue-226/sim/digital-floorplan-compaction/requests/.klt/place-and-route/trng_digital_route.spef line 141809, pin startup_done_r not found.
[WARNING STA-1656] /home/ubuntu/GitHub/sky130-trng/.loom/worktrees/issue-226/sim/digital-floorplan-compaction/requests/.klt/place-and-route/trng_digital_route.spef line 142293, pin startup_done_r not found.
[WARNING STA-1656] /home/ubuntu/GitHub/sky130-trng/.loom/worktrees/issue-226/sim/digital-floorplan-compaction/requests/.klt/place-and-route/trng_digital_route.spef line 142335, pin startup_done_r not found.
[WARNING STA-1656] /home/ubuntu/GitHub/sky130-trng/.loom/worktrees/issue-226/sim/digital-floorplan-compaction/requests/.klt/place-and-route/trng_digital_route.spef line 143167, pin startup_done_r not found.
[WARNING STA-1656] /home/ubuntu/GitHub/sky130-trng/.loom/worktrees/issue-226/sim/digital-floorplan-compaction/requests/.klt/place-and-route/trng_digital_route.spef line 143192, pin startup_done_r not found.
[WARNING STA-1656] /home/ubuntu/GitHub/sky130-trng/.loom/worktrees/issue-226/sim/digital-floorplan-compaction/requests/.klt/place-and-route/trng_digital_route.spef line 143234, pin startup_done_r not found.
[WARNING STA-1656] /home/ubuntu/GitHub/sky130-trng/.loom/worktrees/issue-226/sim/digital-floorplan-compaction/requests/.klt/place-and-route/trng_digital_route.spef line 143259, pin startup_done_r not found.
[WARNING STA-1656] /home/ubuntu/GitHub/sky130-trng/.loom/worktrees/issue-226/sim/digital-floorplan-compaction/requests/.klt/place-and-route/trng_digital_route.spef line 143408, pin startup_done_r not found.
[WARNING STA-1656] /home/ubuntu/GitHub/sky130-trng/.loom/worktrees/issue-226/sim/digital-floorplan-compaction/requests/.klt/place-and-route/trng_digital_route.spef line 143448, pin bus_rdata_r[30] not found.
[WARNING STA-1656] /home/ubuntu/GitHub/sky130-trng/.loom/worktrees/issue-226/sim/digital-floorplan-compaction/requests/.klt/place-and-route/trng_digital_route.spef line 143472, pin bus_rdata_r[27] not found.
[WARNING STA-1656] /home/ubuntu/GitHub/sky130-trng/.loom/worktrees/issue-226/sim/digital-floorplan-compaction/requests/.klt/place-and-route/trng_digital_route.spef line 143473, pin bus_rdata_r[31] not found.
[WARNING STA-1656] /home/ubuntu/GitHub/sky130-trng/.loom/worktrees/issue-226/sim/digital-floorplan-compaction/requests/.klt/place-and-route/trng_digital_route.spef line 143498, pin bus_rdata_r[10] not found.
[WARNING STA-1656] /home/ubuntu/GitHub/sky130-trng/.loom/worktrees/issue-226/sim/digital-floorplan-compaction/requests/.klt/place-and-route/trng_digital_route.spef line 143499, pin bus_rdata_r[12] not found.
[WARNING STA-1656] /home/ubuntu/GitHub/sky130-trng/.loom/worktrees/issue-226/sim/digital-floorplan-compaction/requests/.klt/place-and-route/trng_digital_route.spef line 143500, pin bus_rdata_r[15] not found.
[WARNING STA-1656] /home/ubuntu/GitHub/sky130-trng/.loom/worktrees/issue-226/sim/digital-floorplan-compaction/requests/.klt/place-and-route/trng_digital_route.spef line 143501, pin bus_rdata_r[18] not found.
[WARNING STA-1656] /home/ubuntu/GitHub/sky130-trng/.loom/worktrees/issue-226/sim/digital-floorplan-compaction/requests/.klt/place-and-route/trng_digital_route.spef line 143502, pin bus_rdata_r[22] not found.
[WARNING STA-1656] /home/ubuntu/GitHub/sky130-trng/.loom/worktrees/issue-226/sim/digital-floorplan-compaction/requests/.klt/place-and-route/trng_digital_route.spef line 143503, pin bus_rdata_r[28] not found.
[WARNING STA-1656] /home/ubuntu/GitHub/sky130-trng/.loom/worktrees/issue-226/sim/digital-floorplan-compaction/requests/.klt/place-and-route/trng_digital_route.spef line 143531, pin bus_rdata_r[24] not found.
[WARNING STA-1656] /home/ubuntu/GitHub/sky130-trng/.loom/worktrees/issue-226/sim/digital-floorplan-compaction/requests/.klt/place-and-route/trng_digital_route.spef line 143532, pin bus_rdata_r[31] not found.
[WARNING STA-1656] /home/ubuntu/GitHub/sky130-trng/.loom/worktrees/issue-226/sim/digital-floorplan-compaction/requests/.klt/place-and-route/trng_digital_route.spef line 143560, pin bus_rdata_r[26] not found.
[WARNING STA-1656] /home/ubuntu/GitHub/sky130-trng/.loom/worktrees/issue-226/sim/digital-floorplan-compaction/requests/.klt/place-and-route/trng_digital_route.spef line 143561, pin bus_rdata_r[2] not found.
[WARNING STA-1656] /home/ubuntu/GitHub/sky130-trng/.loom/worktrees/issue-226/sim/digital-floorplan-compaction/requests/.klt/place-and-route/trng_digital_route.spef line 143562, pin bus_rdata_r[7] not found.
[WARNING STA-1656] /home/ubuntu/GitHub/sky130-trng/.loom/worktrees/issue-226/sim/digital-floorplan-compaction/requests/.klt/place-and-route/trng_digital_route.spef line 143590, pin bus_rdata_r[19] not found.
[WARNING STA-1656] /home/ubuntu/GitHub/sky130-trng/.loom/worktrees/issue-226/sim/digital-floorplan-compaction/requests/.klt/place-and-route/trng_digital_route.spef line 143591, pin bus_rdata_r[6] not found.
[WARNING STA-1656] /home/ubuntu/GitHub/sky130-trng/.loom/worktrees/issue-226/sim/digital-floorplan-compaction/requests/.klt/place-and-route/trng_digital_route.spef line 143621, pin bus_rdata_r[31] not found.
[WARNING STA-1656] /home/ubuntu/GitHub/sky130-trng/.loom/worktrees/issue-226/sim/digital-floorplan-compaction/requests/.klt/place-and-route/trng_digital_route.spef line 143622, pin bus_rdata_r[5] not found.
[WARNING STA-1656] /home/ubuntu/GitHub/sky130-trng/.loom/worktrees/issue-226/sim/digital-floorplan-compaction/requests/.klt/place-and-route/trng_digital_route.spef line 143654, pin bus_rdata_r[24] not found.
[WARNING STA-1656] /home/ubuntu/GitHub/sky130-trng/.loom/worktrees/issue-226/sim/digital-floorplan-compaction/requests/.klt/place-and-route/trng_digital_route.spef line 143655, pin bus_rdata_r[31] not found.
[WARNING STA-1656] /home/ubuntu/GitHub/sky130-trng/.loom/worktrees/issue-226/sim/digital-floorplan-compaction/requests/.klt/place-and-route/trng_digital_route.spef line 143682, pin bus_rdata_r[22] not found.
[WARNING STA-1656] /home/ubuntu/GitHub/sky130-trng/.loom/worktrees/issue-226/sim/digital-floorplan-compaction/requests/.klt/place-and-route/trng_digital_route.spef line 143683, pin bus_rdata_r[26] not found.
[WARNING STA-1656] /home/ubuntu/GitHub/sky130-trng/.loom/worktrees/issue-226/sim/digital-floorplan-compaction/requests/.klt/place-and-route/trng_digital_route.spef line 143684, pin bus_rdata_r[2] not found.
[WARNING STA-1656] /home/ubuntu/GitHub/sky130-trng/.loom/worktrees/issue-226/sim/digital-floorplan-compaction/requests/.klt/place-and-route/trng_digital_route.spef line 143710, pin bus_rdata_r[0] not found.
[WARNING STA-1656] /home/ubuntu/GitHub/sky130-trng/.loom/worktrees/issue-226/sim/digital-floorplan-compaction/requests/.klt/place-and-route/trng_digital_route.spef line 143711, pin bus_rdata_r[14] not found.
[WARNING STA-1656] /home/ubuntu/GitHub/sky130-trng/.loom/worktrees/issue-226/sim/digital-floorplan-compaction/requests/.klt/place-and-route/trng_digital_route.spef line 143712, pin bus_rdata_r[18] not found.
[WARNING STA-1656] /home/ubuntu/GitHub/sky130-trng/.loom/worktrees/issue-226/sim/digital-floorplan-compaction/requests/.klt/place-and-route/trng_digital_route.spef line 143713, pin bus_rdata_r[8] not found.
[WARNING STA-1656] /home/ubuntu/GitHub/sky130-trng/.loom/worktrees/issue-226/sim/digital-floorplan-compaction/requests/.klt/place-and-route/trng_digital_route.spef line 143714, pin bus_rdata_r[9] not found.
[WARNING STA-1656] /home/ubuntu/GitHub/sky130-trng/.loom/worktrees/issue-226/sim/digital-floorplan-compaction/requests/.klt/place-and-route/trng_digital_route.spef line 143732, pin bus_rdata_r[20] not found.
[WARNING STA-1656] /home/ubuntu/GitHub/sky130-trng/.loom/worktrees/issue-226/sim/digital-floorplan-compaction/requests/.klt/place-and-route/trng_digital_route.spef line 143779, pin bus_rdata_r[12] not found.
[WARNING STA-1656] /home/ubuntu/GitHub/sky130-trng/.loom/worktrees/issue-226/sim/digital-floorplan-compaction/requests/.klt/place-and-route/trng_digital_route.spef line 143804, pin bus_rdata_r[15] not found.
[WARNING STA-1656] /home/ubuntu/GitHub/sky130-trng/.loom/worktrees/issue-226/sim/digital-floorplan-compaction/requests/.klt/place-and-route/trng_digital_route.spef line 143827, pin bus_rdata_r[16] not found.
[WARNING STA-1656] /home/ubuntu/GitHub/sky130-trng/.loom/worktrees/issue-226/sim/digital-floorplan-compaction/requests/.klt/place-and-route/trng_digital_route.spef line 143828, pin bus_rdata_r[3] not found.
[WARNING STA-1656] /home/ubuntu/GitHub/sky130-trng/.loom/worktrees/issue-226/sim/digital-floorplan-compaction/requests/.klt/place-and-route/trng_digital_route.spef line 143855, pin bus_rdata_r[14] not found.
[WARNING STA-1656] /home/ubuntu/GitHub/sky130-trng/.loom/worktrees/issue-226/sim/digital-floorplan-compaction/requests/.klt/place-and-route/trng_digital_route.spef line 143882, pin bus_rdata_r[12] not found.
[WARNING STA-1656] /home/ubuntu/GitHub/sky130-trng/.loom/worktrees/issue-226/sim/digital-floorplan-compaction/requests/.klt/place-and-route/trng_digital_route.spef line 143883, pin bus_rdata_r[13] not found.
[WARNING STA-1656] /home/ubuntu/GitHub/sky130-trng/.loom/worktrees/issue-226/sim/digital-floorplan-compaction/requests/.klt/place-and-route/trng_digital_route.spef line 143884, pin bus_rdata_r[9] not found.
[WARNING STA-1656] /home/ubuntu/GitHub/sky130-trng/.loom/worktrees/issue-226/sim/digital-floorplan-compaction/requests/.klt/place-and-route/trng_digital_route.spef line 143907, pin bus_rdata_r[9] not found.
[WARNING STA-1656] /home/ubuntu/GitHub/sky130-trng/.loom/worktrees/issue-226/sim/digital-floorplan-compaction/requests/.klt/place-and-route/trng_digital_route.spef line 143935, pin bus_rdata_r[12] not found.
[WARNING STA-1656] /home/ubuntu/GitHub/sky130-trng/.loom/worktrees/issue-226/sim/digital-floorplan-compaction/requests/.klt/place-and-route/trng_digital_route.spef line 143960, pin bus_rdata_r[11] not found.
[WARNING STA-1656] /home/ubuntu/GitHub/sky130-trng/.loom/worktrees/issue-226/sim/digital-floorplan-compaction/requests/.klt/place-and-route/trng_digital_route.spef line 143961, pin bus_rdata_r[16] not found.
[WARNING STA-1656] /home/ubuntu/GitHub/sky130-trng/.loom/worktrees/issue-226/sim/digital-floorplan-compaction/requests/.klt/place-and-route/trng_digital_route.spef line 143962, pin bus_rdata_r[20] not found.
[WARNING STA-1656] /home/ubuntu/GitHub/sky130-trng/.loom/worktrees/issue-226/sim/digital-floorplan-compaction/requests/.klt/place-and-route/trng_digital_route.spef line 143985, pin bus_rdata_r[10] not found.
[WARNING STA-1656] /home/ubuntu/GitHub/sky130-trng/.loom/worktrees/issue-226/sim/digital-floorplan-compaction/requests/.klt/place-and-route/trng_digital_route.spef line 143986, pin bus_rdata_r[15] not found.
[WARNING STA-1656] /home/ubuntu/GitHub/sky130-trng/.loom/worktrees/issue-226/sim/digital-floorplan-compaction/requests/.klt/place-and-route/trng_digital_route.spef line 144046, pin bus_rdata_r[9] not found.
[WARNING STA-1656] /home/ubuntu/GitHub/sky130-trng/.loom/worktrees/issue-226/sim/digital-floorplan-compaction/requests/.klt/place-and-route/trng_digital_route.spef line 144081, pin bus_rdata_r[7] not found.
[WARNING STA-1656] /home/ubuntu/GitHub/sky130-trng/.loom/worktrees/issue-226/sim/digital-floorplan-compaction/requests/.klt/place-and-route/trng_digital_route.spef line 144144, pin startup_done_r not found.
[WARNING STA-1656] /home/ubuntu/GitHub/sky130-trng/.loom/worktrees/issue-226/sim/digital-floorplan-compaction/requests/.klt/place-and-route/trng_digital_route.spef line 144201, pin bus_rdata_r[4] not found.
[WARNING STA-1656] /home/ubuntu/GitHub/sky130-trng/.loom/worktrees/issue-226/sim/digital-floorplan-compaction/requests/.klt/place-and-route/trng_digital_route.spef line 144234, pin bus_rdata_r[9] not found.
[WARNING STA-1656] /home/ubuntu/GitHub/sky130-trng/.loom/worktrees/issue-226/sim/digital-floorplan-compaction/requests/.klt/place-and-route/trng_digital_route.spef line 144258, pin bus_rdata_r[0] not found.
[WARNING STA-1656] /home/ubuntu/GitHub/sky130-trng/.loom/worktrees/issue-226/sim/digital-floorplan-compaction/requests/.klt/place-and-route/trng_digital_route.spef line 144259, pin bus_rdata_r[12] not found.
[WARNING STA-1656] /home/ubuntu/GitHub/sky130-trng/.loom/worktrees/issue-226/sim/digital-floorplan-compaction/requests/.klt/place-and-route/trng_digital_route.spef line 144260, pin bus_rdata_r[13] not found.
[WARNING STA-1656] /home/ubuntu/GitHub/sky130-trng/.loom/worktrees/issue-226/sim/digital-floorplan-compaction/requests/.klt/place-and-route/trng_digital_route.spef line 144261, pin bus_rdata_r[14] not found.
[WARNING STA-1656] /home/ubuntu/GitHub/sky130-trng/.loom/worktrees/issue-226/sim/digital-floorplan-compaction/requests/.klt/place-and-route/trng_digital_route.spef line 144262, pin bus_rdata_r[18] not found.
[WARNING STA-1656] /home/ubuntu/GitHub/sky130-trng/.loom/worktrees/issue-226/sim/digital-floorplan-compaction/requests/.klt/place-and-route/trng_digital_route.spef line 144263, pin bus_rdata_r[8] not found.
[WARNING STA-1656] /home/ubuntu/GitHub/sky130-trng/.loom/worktrees/issue-226/sim/digital-floorplan-compaction/requests/.klt/place-and-route/trng_digital_route.spef line 144264, pin bus_rdata_r[9] not found.
[WARNING STA-1656] /home/ubuntu/GitHub/sky130-trng/.loom/worktrees/issue-226/sim/digital-floorplan-compaction/requests/.klt/place-and-route/trng_digital_route.spef line 144303, pin startup_done_r not found.
[WARNING STA-1656] /home/ubuntu/GitHub/sky130-trng/.loom/worktrees/issue-226/sim/digital-floorplan-compaction/requests/.klt/place-and-route/trng_digital_route.spef line 144345, pin startup_done_r not found.
[WARNING STA-1656] /home/ubuntu/GitHub/sky130-trng/.loom/worktrees/issue-226/sim/digital-floorplan-compaction/requests/.klt/place-and-route/trng_digital_route.spef line 144480, pin startup_done_r not found.
[WARNING STA-1656] /home/ubuntu/GitHub/sky130-trng/.loom/worktrees/issue-226/sim/digital-floorplan-compaction/requests/.klt/place-and-route/trng_digital_route.spef line 144570, pin startup_done_r not found.
[WARNING STA-1656] /home/ubuntu/GitHub/sky130-trng/.loom/worktrees/issue-226/sim/digital-floorplan-compaction/requests/.klt/place-and-route/trng_digital_route.spef line 144620, pin startup_done_r not found.
[WARNING STA-1656] /home/ubuntu/GitHub/sky130-trng/.loom/worktrees/issue-226/sim/digital-floorplan-compaction/requests/.klt/place-and-route/trng_digital_route.spef line 144648, pin startup_done_r not found.
[WARNING STA-1656] /home/ubuntu/GitHub/sky130-trng/.loom/worktrees/issue-226/sim/digital-floorplan-compaction/requests/.klt/place-and-route/trng_digital_route.spef line 144718, pin startup_done_r not found.
[WARNING STA-1656] /home/ubuntu/GitHub/sky130-trng/.loom/worktrees/issue-226/sim/digital-floorplan-compaction/requests/.klt/place-and-route/trng_digital_route.spef line 145196, pin bus_rdata_r[16] not found.
[WARNING STA-1656] /home/ubuntu/GitHub/sky130-trng/.loom/worktrees/issue-226/sim/digital-floorplan-compaction/requests/.klt/place-and-route/trng_digital_route.spef line 145197, pin bus_rdata_r[17] not found.
[WARNING STA-1656] /home/ubuntu/GitHub/sky130-trng/.loom/worktrees/issue-226/sim/digital-floorplan-compaction/requests/.klt/place-and-route/trng_digital_route.spef line 145198, pin bus_rdata_r[2] not found.
[WARNING STA-1656] /home/ubuntu/GitHub/sky130-trng/.loom/worktrees/issue-226/sim/digital-floorplan-compaction/requests/.klt/place-and-route/trng_digital_route.spef line 145199, pin bus_rdata_r[3] not found.
[WARNING STA-1656] /home/ubuntu/GitHub/sky130-trng/.loom/worktrees/issue-226/sim/digital-floorplan-compaction/requests/.klt/place-and-route/trng_digital_route.spef line 145200, pin bus_rdata_r[6] not found.
[WARNING STA-1656] /home/ubuntu/GitHub/sky130-trng/.loom/worktrees/issue-226/sim/digital-floorplan-compaction/requests/.klt/place-and-route/trng_digital_route.spef line 145201, pin bus_rdata_r[7] not found.
[WARNING STA-1656] /home/ubuntu/GitHub/sky130-trng/.loom/worktrees/issue-226/sim/digital-floorplan-compaction/requests/.klt/place-and-route/trng_digital_route.spef line 145255, pin bus_rdata_r[16] not found.
[WARNING STA-1656] /home/ubuntu/GitHub/sky130-trng/.loom/worktrees/issue-226/sim/digital-floorplan-compaction/requests/.klt/place-and-route/trng_digital_route.spef line 145256, pin bus_rdata_r[17] not found.
[WARNING STA-1656] /home/ubuntu/GitHub/sky130-trng/.loom/worktrees/issue-226/sim/digital-floorplan-compaction/requests/.klt/place-and-route/trng_digital_route.spef line 145257, pin bus_rdata_r[3] not found.
[WARNING STA-1656] /home/ubuntu/GitHub/sky130-trng/.loom/worktrees/issue-226/sim/digital-floorplan-compaction/requests/.klt/place-and-route/trng_digital_route.spef line 145258, pin bus_rdata_r[6] not found.
[WARNING STA-1656] /home/ubuntu/GitHub/sky130-trng/.loom/worktrees/issue-226/sim/digital-floorplan-compaction/requests/.klt/place-and-route/trng_digital_route.spef line 145259, pin bus_rdata_r[7] not found.
[WARNING STA-1656] /home/ubuntu/GitHub/sky130-trng/.loom/worktrees/issue-226/sim/digital-floorplan-compaction/requests/.klt/place-and-route/trng_digital_route.spef line 145527, pin startup_done_r not found.
[WARNING STA-1656] /home/ubuntu/GitHub/sky130-trng/.loom/worktrees/issue-226/sim/digital-floorplan-compaction/requests/.klt/place-and-route/trng_digital_route.spef line 145749, pin startup_done_r not found.
[WARNING STA-1656] /home/ubuntu/GitHub/sky130-trng/.loom/worktrees/issue-226/sim/digital-floorplan-compaction/requests/.klt/place-and-route/trng_digital_route.spef line 145877, pin startup_done_r not found.
[WARNING STA-1656] /home/ubuntu/GitHub/sky130-trng/.loom/worktrees/issue-226/sim/digital-floorplan-compaction/requests/.klt/place-and-route/trng_digital_route.spef line 146087, pin startup_done_r not found.
[WARNING STA-1656] /home/ubuntu/GitHub/sky130-trng/.loom/worktrees/issue-226/sim/digital-floorplan-compaction/requests/.klt/place-and-route/trng_digital_route.spef line 146225, pin startup_done_r not found.
[WARNING STA-1656] /home/ubuntu/GitHub/sky130-trng/.loom/worktrees/issue-226/sim/digital-floorplan-compaction/requests/.klt/place-and-route/trng_digital_route.spef line 146341, pin bus_rdata_r[16] not found.
[WARNING STA-1656] /home/ubuntu/GitHub/sky130-trng/.loom/worktrees/issue-226/sim/digital-floorplan-compaction/requests/.klt/place-and-route/trng_digital_route.spef line 146342, pin bus_rdata_r[2] not found.
[WARNING STA-1656] /home/ubuntu/GitHub/sky130-trng/.loom/worktrees/issue-226/sim/digital-floorplan-compaction/requests/.klt/place-and-route/trng_digital_route.spef line 146343, pin bus_rdata_r[3] not found.
[WARNING STA-1656] /home/ubuntu/GitHub/sky130-trng/.loom/worktrees/issue-226/sim/digital-floorplan-compaction/requests/.klt/place-and-route/trng_digital_route.spef line 146344, pin bus_rdata_r[6] not found.
[WARNING STA-1656] /home/ubuntu/GitHub/sky130-trng/.loom/worktrees/issue-226/sim/digital-floorplan-compaction/requests/.klt/place-and-route/trng_digital_route.spef line 146345, pin bus_rdata_r[7] not found.
[WARNING STA-1656] /home/ubuntu/GitHub/sky130-trng/.loom/worktrees/issue-226/sim/digital-floorplan-compaction/requests/.klt/place-and-route/trng_digital_route.spef line 146368, pin startup_done_r not found.
[WARNING STA-1656] /home/ubuntu/GitHub/sky130-trng/.loom/worktrees/issue-226/sim/digital-floorplan-compaction/requests/.klt/place-and-route/trng_digital_route.spef line 146537, pin bus_rdata_r[16] not found.
[WARNING STA-1656] /home/ubuntu/GitHub/sky130-trng/.loom/worktrees/issue-226/sim/digital-floorplan-compaction/requests/.klt/place-and-route/trng_digital_route.spef line 146538, pin bus_rdata_r[17] not found.
[WARNING STA-1656] /home/ubuntu/GitHub/sky130-trng/.loom/worktrees/issue-226/sim/digital-floorplan-compaction/requests/.klt/place-and-route/trng_digital_route.spef line 146539, pin bus_rdata_r[3] not found.
[WARNING STA-1656] /home/ubuntu/GitHub/sky130-trng/.loom/worktrees/issue-226/sim/digital-floorplan-compaction/requests/.klt/place-and-route/trng_digital_route.spef line 146540, pin bus_rdata_r[6] not found.
[WARNING STA-1656] /home/ubuntu/GitHub/sky130-trng/.loom/worktrees/issue-226/sim/digital-floorplan-compaction/requests/.klt/place-and-route/trng_digital_route.spef line 146541, pin bus_rdata_r[7] not found.
[WARNING STA-1656] /home/ubuntu/GitHub/sky130-trng/.loom/worktrees/issue-226/sim/digital-floorplan-compaction/requests/.klt/place-and-route/trng_digital_route.spef line 146576, pin startup_done_r not found.
[WARNING STA-1656] /home/ubuntu/GitHub/sky130-trng/.loom/worktrees/issue-226/sim/digital-floorplan-compaction/requests/.klt/place-and-route/trng_digital_route.spef line 146682, pin startup_done_r not found.
[WARNING STA-1656] /home/ubuntu/GitHub/sky130-trng/.loom/worktrees/issue-226/sim/digital-floorplan-compaction/requests/.klt/place-and-route/trng_digital_route.spef line 146747, pin startup_done_r not found.
[WARNING STA-1656] /home/ubuntu/GitHub/sky130-trng/.loom/worktrees/issue-226/sim/digital-floorplan-compaction/requests/.klt/place-and-route/trng_digital_route.spef line 147066, pin bus_rdata_r[16] not found.
[WARNING STA-1656] /home/ubuntu/GitHub/sky130-trng/.loom/worktrees/issue-226/sim/digital-floorplan-compaction/requests/.klt/place-and-route/trng_digital_route.spef line 147067, pin bus_rdata_r[17] not found.
[WARNING STA-1656] /home/ubuntu/GitHub/sky130-trng/.loom/worktrees/issue-226/sim/digital-floorplan-compaction/requests/.klt/place-and-route/trng_digital_route.spef line 147068, pin bus_rdata_r[2] not found.
[WARNING STA-1656] /home/ubuntu/GitHub/sky130-trng/.loom/worktrees/issue-226/sim/digital-floorplan-compaction/requests/.klt/place-and-route/trng_digital_route.spef line 147069, pin bus_rdata_r[3] not found.
[WARNING STA-1656] /home/ubuntu/GitHub/sky130-trng/.loom/worktrees/issue-226/sim/digital-floorplan-compaction/requests/.klt/place-and-route/trng_digital_route.spef line 147070, pin bus_rdata_r[4] not found.
[WARNING STA-1656] /home/ubuntu/GitHub/sky130-trng/.loom/worktrees/issue-226/sim/digital-floorplan-compaction/requests/.klt/place-and-route/trng_digital_route.spef line 147071, pin bus_rdata_r[6] not found.
[WARNING STA-1656] /home/ubuntu/GitHub/sky130-trng/.loom/worktrees/issue-226/sim/digital-floorplan-compaction/requests/.klt/place-and-route/trng_digital_route.spef line 147072, pin bus_rdata_r[7] not found.
[WARNING STA-1656] /home/ubuntu/GitHub/sky130-trng/.loom/worktrees/issue-226/sim/digital-floorplan-compaction/requests/.klt/place-and-route/trng_digital_route.spef line 147468, pin startup_done_r not found.
[WARNING STA-1656] /home/ubuntu/GitHub/sky130-trng/.loom/worktrees/issue-226/sim/digital-floorplan-compaction/requests/.klt/place-and-route/trng_digital_route.spef line 147609, pin bus_rdata_r[16] not found.
[WARNING STA-1656] /home/ubuntu/GitHub/sky130-trng/.loom/worktrees/issue-226/sim/digital-floorplan-compaction/requests/.klt/place-and-route/trng_digital_route.spef line 147610, pin bus_rdata_r[2] not found.
[WARNING STA-1656] /home/ubuntu/GitHub/sky130-trng/.loom/worktrees/issue-226/sim/digital-floorplan-compaction/requests/.klt/place-and-route/trng_digital_route.spef line 147611, pin bus_rdata_r[3] not found.
[WARNING STA-1656] /home/ubuntu/GitHub/sky130-trng/.loom/worktrees/issue-226/sim/digital-floorplan-compaction/requests/.klt/place-and-route/trng_digital_route.spef line 147612, pin bus_rdata_r[4] not found.
[WARNING STA-1656] /home/ubuntu/GitHub/sky130-trng/.loom/worktrees/issue-226/sim/digital-floorplan-compaction/requests/.klt/place-and-route/trng_digital_route.spef line 147613, pin bus_rdata_r[6] not found.
[WARNING STA-1656] /home/ubuntu/GitHub/sky130-trng/.loom/worktrees/issue-226/sim/digital-floorplan-compaction/requests/.klt/place-and-route/trng_digital_route.spef line 147614, pin bus_rdata_r[7] not found.
[WARNING STA-1656] /home/ubuntu/GitHub/sky130-trng/.loom/worktrees/issue-226/sim/digital-floorplan-compaction/requests/.klt/place-and-route/trng_digital_route.spef line 147667, pin bus_rdata_r[3] not found.
[WARNING STA-1656] /home/ubuntu/GitHub/sky130-trng/.loom/worktrees/issue-226/sim/digital-floorplan-compaction/requests/.klt/place-and-route/trng_digital_route.spef line 147668, pin bus_rdata_r[6] not found.
[WARNING STA-1656] /home/ubuntu/GitHub/sky130-trng/.loom/worktrees/issue-226/sim/digital-floorplan-compaction/requests/.klt/place-and-route/trng_digital_route.spef line 147669, pin bus_rdata_r[7] not found.
[WARNING STA-1656] /home/ubuntu/GitHub/sky130-trng/.loom/worktrees/issue-226/sim/digital-floorplan-compaction/requests/.klt/place-and-route/trng_digital_route.spef line 147750, pin bus_rdata_r[16] not found.
[WARNING STA-1656] /home/ubuntu/GitHub/sky130-trng/.loom/worktrees/issue-226/sim/digital-floorplan-compaction/requests/.klt/place-and-route/trng_digital_route.spef line 147751, pin bus_rdata_r[2] not found.
[WARNING STA-1656] /home/ubuntu/GitHub/sky130-trng/.loom/worktrees/issue-226/sim/digital-floorplan-compaction/requests/.klt/place-and-route/trng_digital_route.spef line 147752, pin bus_rdata_r[3] not found.
[WARNING STA-1656] /home/ubuntu/GitHub/sky130-trng/.loom/worktrees/issue-226/sim/digital-floorplan-compaction/requests/.klt/place-and-route/trng_digital_route.spef line 147753, pin bus_rdata_r[4] not found.
[WARNING STA-1656] /home/ubuntu/GitHub/sky130-trng/.loom/worktrees/issue-226/sim/digital-floorplan-compaction/requests/.klt/place-and-route/trng_digital_route.spef line 147754, pin bus_rdata_r[6] not found.
[WARNING STA-1656] /home/ubuntu/GitHub/sky130-trng/.loom/worktrees/issue-226/sim/digital-floorplan-compaction/requests/.klt/place-and-route/trng_digital_route.spef line 147755, pin bus_rdata_r[7] not found.
[WARNING STA-1656] /home/ubuntu/GitHub/sky130-trng/.loom/worktrees/issue-226/sim/digital-floorplan-compaction/requests/.klt/place-and-route/trng_digital_route.spef line 147780, pin startup_done_r not found.
[WARNING STA-1656] /home/ubuntu/GitHub/sky130-trng/.loom/worktrees/issue-226/sim/digital-floorplan-compaction/requests/.klt/place-and-route/trng_digital_route.spef line 147811, pin bus_rdata_r[3] not found.
[WARNING STA-1656] /home/ubuntu/GitHub/sky130-trng/.loom/worktrees/issue-226/sim/digital-floorplan-compaction/requests/.klt/place-and-route/trng_digital_route.spef line 147812, pin bus_rdata_r[7] not found.
[WARNING STA-1656] /home/ubuntu/GitHub/sky130-trng/.loom/worktrees/issue-226/sim/digital-floorplan-compaction/requests/.klt/place-and-route/trng_digital_route.spef line 147921, pin bus_rdata_r[4] not found.
[WARNING STA-1656] /home/ubuntu/GitHub/sky130-trng/.loom/worktrees/issue-226/sim/digital-floorplan-compaction/requests/.klt/place-and-route/trng_digital_route.spef line 147922, pin bus_rdata_r[6] not found.
[WARNING STA-1656] /home/ubuntu/GitHub/sky130-trng/.loom/worktrees/issue-226/sim/digital-floorplan-compaction/requests/.klt/place-and-route/trng_digital_route.spef line 147923, pin bus_rdata_r[7] not found.
[WARNING STA-1656] /home/ubuntu/GitHub/sky130-trng/.loom/worktrees/issue-226/sim/digital-floorplan-compaction/requests/.klt/place-and-route/trng_digital_route.spef line 147955, pin startup_done_r not found.
[WARNING STA-1656] /home/ubuntu/GitHub/sky130-trng/.loom/worktrees/issue-226/sim/digital-floorplan-compaction/requests/.klt/place-and-route/trng_digital_route.spef line 148075, pin startup_done_r not found.
[WARNING STA-1656] /home/ubuntu/GitHub/sky130-trng/.loom/worktrees/issue-226/sim/digital-floorplan-compaction/requests/.klt/place-and-route/trng_digital_route.spef line 148205, pin bus_rdata_r[7] not found.
[WARNING STA-1656] /home/ubuntu/GitHub/sky130-trng/.loom/worktrees/issue-226/sim/digital-floorplan-compaction/requests/.klt/place-and-route/trng_digital_route.spef line 148224, pin startup_done_r not found.
[WARNING STA-1656] /home/ubuntu/GitHub/sky130-trng/.loom/worktrees/issue-226/sim/digital-floorplan-compaction/requests/.klt/place-and-route/trng_digital_route.spef line 148325, pin startup_done_r not found.
[WARNING STA-1656] /home/ubuntu/GitHub/sky130-trng/.loom/worktrees/issue-226/sim/digital-floorplan-compaction/requests/.klt/place-and-route/trng_digital_route.spef line 148460, pin bus_rdata_r[16] not found.
[WARNING STA-1656] /home/ubuntu/GitHub/sky130-trng/.loom/worktrees/issue-226/sim/digital-floorplan-compaction/requests/.klt/place-and-route/trng_digital_route.spef line 148461, pin bus_rdata_r[3] not found.
[WARNING STA-1656] /home/ubuntu/GitHub/sky130-trng/.loom/worktrees/issue-226/sim/digital-floorplan-compaction/requests/.klt/place-and-route/trng_digital_route.spef line 148462, pin bus_rdata_r[6] not found.
[WARNING STA-1656] /home/ubuntu/GitHub/sky130-trng/.loom/worktrees/issue-226/sim/digital-floorplan-compaction/requests/.klt/place-and-route/trng_digital_route.spef line 148463, pin bus_rdata_r[7] not found.
[WARNING STA-1656] /home/ubuntu/GitHub/sky130-trng/.loom/worktrees/issue-226/sim/digital-floorplan-compaction/requests/.klt/place-and-route/trng_digital_route.spef line 148708, pin bus_rdata_r[4] not found.
[WARNING STA-1656] /home/ubuntu/GitHub/sky130-trng/.loom/worktrees/issue-226/sim/digital-floorplan-compaction/requests/.klt/place-and-route/trng_digital_route.spef line 148709, pin bus_rdata_r[6] not found.
[WARNING STA-1656] /home/ubuntu/GitHub/sky130-trng/.loom/worktrees/issue-226/sim/digital-floorplan-compaction/requests/.klt/place-and-route/trng_digital_route.spef line 148710, pin bus_rdata_r[7] not found.
[WARNING STA-1656] /home/ubuntu/GitHub/sky130-trng/.loom/worktrees/issue-226/sim/digital-floorplan-compaction/requests/.klt/place-and-route/trng_digital_route.spef line 148732, pin startup_done_r not found.
[WARNING STA-1656] /home/ubuntu/GitHub/sky130-trng/.loom/worktrees/issue-226/sim/digital-floorplan-compaction/requests/.klt/place-and-route/trng_digital_route.spef line 149446, pin startup_done_r not found.
[WARNING STA-1656] /home/ubuntu/GitHub/sky130-trng/.loom/worktrees/issue-226/sim/digital-floorplan-compaction/requests/.klt/place-and-route/trng_digital_route.spef line 149584, pin startup_done_r not found.
[WARNING STA-1656] /home/ubuntu/GitHub/sky130-trng/.loom/worktrees/issue-226/sim/digital-floorplan-compaction/requests/.klt/place-and-route/trng_digital_route.spef line 149616, pin startup_done_r not found.
[WARNING STA-1656] /home/ubuntu/GitHub/sky130-trng/.loom/worktrees/issue-226/sim/digital-floorplan-compaction/requests/.klt/place-and-route/trng_digital_route.spef line 149696, pin startup_done_r not found.
[WARNING STA-1656] /home/ubuntu/GitHub/sky130-trng/.loom/worktrees/issue-226/sim/digital-floorplan-compaction/requests/.klt/place-and-route/trng_digital_route.spef line 149893, pin bus_rdata_r[10] not found.
[WARNING STA-1656] /home/ubuntu/GitHub/sky130-trng/.loom/worktrees/issue-226/sim/digital-floorplan-compaction/requests/.klt/place-and-route/trng_digital_route.spef line 149894, pin bus_rdata_r[11] not found.
[WARNING STA-1656] /home/ubuntu/GitHub/sky130-trng/.loom/worktrees/issue-226/sim/digital-floorplan-compaction/requests/.klt/place-and-route/trng_digital_route.spef line 149895, pin bus_rdata_r[15] not found.
[WARNING STA-1656] /home/ubuntu/GitHub/sky130-trng/.loom/worktrees/issue-226/sim/digital-floorplan-compaction/requests/.klt/place-and-route/trng_digital_route.spef line 149896, pin bus_rdata_r[16] not found.
[WARNING STA-1656] /home/ubuntu/GitHub/sky130-trng/.loom/worktrees/issue-226/sim/digital-floorplan-compaction/requests/.klt/place-and-route/trng_digital_route.spef line 149897, pin bus_rdata_r[17] not found.
[WARNING STA-1656] /home/ubuntu/GitHub/sky130-trng/.loom/worktrees/issue-226/sim/digital-floorplan-compaction/requests/.klt/place-and-route/trng_digital_route.spef line 149898, pin bus_rdata_r[19] not found.
[WARNING STA-1656] /home/ubuntu/GitHub/sky130-trng/.loom/worktrees/issue-226/sim/digital-floorplan-compaction/requests/.klt/place-and-route/trng_digital_route.spef line 149899, pin bus_rdata_r[20] not found.
[WARNING STA-1656] /home/ubuntu/GitHub/sky130-trng/.loom/worktrees/issue-226/sim/digital-floorplan-compaction/requests/.klt/place-and-route/trng_digital_route.spef line 149900, pin bus_rdata_r[22] not found.
[WARNING STA-1656] /home/ubuntu/GitHub/sky130-trng/.loom/worktrees/issue-226/sim/digital-floorplan-compaction/requests/.klt/place-and-route/trng_digital_route.spef line 149901, pin bus_rdata_r[25] not found.
[WARNING STA-1656] /home/ubuntu/GitHub/sky130-trng/.loom/worktrees/issue-226/sim/digital-floorplan-compaction/requests/.klt/place-and-route/trng_digital_route.spef line 149902, pin bus_rdata_r[26] not found.
[WARNING STA-1656] /home/ubuntu/GitHub/sky130-trng/.loom/worktrees/issue-226/sim/digital-floorplan-compaction/requests/.klt/place-and-route/trng_digital_route.spef line 149903, pin bus_rdata_r[2] not found.
[WARNING STA-1656] /home/ubuntu/GitHub/sky130-trng/.loom/worktrees/issue-226/sim/digital-floorplan-compaction/requests/.klt/place-and-route/trng_digital_route.spef line 149904, pin bus_rdata_r[30] not found.
[WARNING STA-1656] /home/ubuntu/GitHub/sky130-trng/.loom/worktrees/issue-226/sim/digital-floorplan-compaction/requests/.klt/place-and-route/trng_digital_route.spef line 149905, pin bus_rdata_r[3] not found.
[WARNING STA-1656] /home/ubuntu/GitHub/sky130-trng/.loom/worktrees/issue-226/sim/digital-floorplan-compaction/requests/.klt/place-and-route/trng_digital_route.spef line 149906, pin bus_rdata_r[4] not found.
[WARNING STA-1656] /home/ubuntu/GitHub/sky130-trng/.loom/worktrees/issue-226/sim/digital-floorplan-compaction/requests/.klt/place-and-route/trng_digital_route.spef line 149907, pin bus_rdata_r[6] not found.
[WARNING STA-1656] /home/ubuntu/GitHub/sky130-trng/.loom/worktrees/issue-226/sim/digital-floorplan-compaction/requests/.klt/place-and-route/trng_digital_route.spef line 149908, pin bus_rdata_r[7] not found.
[WARNING STA-1656] /home/ubuntu/GitHub/sky130-trng/.loom/worktrees/issue-226/sim/digital-floorplan-compaction/requests/.klt/place-and-route/trng_digital_route.spef line 149972, pin startup_done_r not found.
[WARNING STA-1656] /home/ubuntu/GitHub/sky130-trng/.loom/worktrees/issue-226/sim/digital-floorplan-compaction/requests/.klt/place-and-route/trng_digital_route.spef line 150055, pin startup_done_r not found.
[WARNING STA-1656] /home/ubuntu/GitHub/sky130-trng/.loom/worktrees/issue-226/sim/digital-floorplan-compaction/requests/.klt/place-and-route/trng_digital_route.spef line 150812, pin bus_rdata_r[13] not found.
[WARNING STA-1656] /home/ubuntu/GitHub/sky130-trng/.loom/worktrees/issue-226/sim/digital-floorplan-compaction/requests/.klt/place-and-route/trng_digital_route.spef line 150813, pin bus_rdata_r[14] not found.
[WARNING STA-1656] /home/ubuntu/GitHub/sky130-trng/.loom/worktrees/issue-226/sim/digital-floorplan-compaction/requests/.klt/place-and-route/trng_digital_route.spef line 150814, pin bus_rdata_r[1] not found.
[WARNING STA-1656] /home/ubuntu/GitHub/sky130-trng/.loom/worktrees/issue-226/sim/digital-floorplan-compaction/requests/.klt/place-and-route/trng_digital_route.spef line 150815, pin bus_rdata_r[8] not found.
[WARNING STA-1656] /home/ubuntu/GitHub/sky130-trng/.loom/worktrees/issue-226/sim/digital-floorplan-compaction/requests/.klt/place-and-route/trng_digital_route.spef line 150816, pin bus_rdata_r[9] not found.
[WARNING STA-1656] /home/ubuntu/GitHub/sky130-trng/.loom/worktrees/issue-226/sim/digital-floorplan-compaction/requests/.klt/place-and-route/trng_digital_route.spef line 150879, pin bus_rdata_r[31] not found.
[WARNING STA-1656] /home/ubuntu/GitHub/sky130-trng/.loom/worktrees/issue-226/sim/digital-floorplan-compaction/requests/.klt/place-and-route/trng_digital_route.spef line 150978, pin bus_rdata_r[14] not found.
[WARNING STA-1656] /home/ubuntu/GitHub/sky130-trng/.loom/worktrees/issue-226/sim/digital-floorplan-compaction/requests/.klt/place-and-route/trng_digital_route.spef line 150979, pin bus_rdata_r[1] not found.
[WARNING STA-1656] /home/ubuntu/GitHub/sky130-trng/.loom/worktrees/issue-226/sim/digital-floorplan-compaction/requests/.klt/place-and-route/trng_digital_route.spef line 150980, pin bus_rdata_r[31] not found.
[WARNING STA-1656] /home/ubuntu/GitHub/sky130-trng/.loom/worktrees/issue-226/sim/digital-floorplan-compaction/requests/.klt/place-and-route/trng_digital_route.spef line 150981, pin bus_rdata_r[5] not found.
[WARNING STA-1656] /home/ubuntu/GitHub/sky130-trng/.loom/worktrees/issue-226/sim/digital-floorplan-compaction/requests/.klt/place-and-route/trng_digital_route.spef line 150982, pin bus_rdata_r[8] not found.
[WARNING STA-1656] /home/ubuntu/GitHub/sky130-trng/.loom/worktrees/issue-226/sim/digital-floorplan-compaction/requests/.klt/place-and-route/trng_digital_route.spef line 150983, pin bus_rdata_r[9] not found.
[WARNING STA-1656] /home/ubuntu/GitHub/sky130-trng/.loom/worktrees/issue-226/sim/digital-floorplan-compaction/requests/.klt/place-and-route/trng_digital_route.spef line 151039, pin bus_rdata_r[31] not found.
[WARNING STA-1656] /home/ubuntu/GitHub/sky130-trng/.loom/worktrees/issue-226/sim/digital-floorplan-compaction/requests/.klt/place-and-route/trng_digital_route.spef line 151065, pin bus_rdata_r[31] not found.
[WARNING STA-1656] /home/ubuntu/GitHub/sky130-trng/.loom/worktrees/issue-226/sim/digital-floorplan-compaction/requests/.klt/place-and-route/trng_digital_route.spef line 151411, pin bus_rdata_r[1] not found.
[WARNING STA-1656] /home/ubuntu/GitHub/sky130-trng/.loom/worktrees/issue-226/sim/digital-floorplan-compaction/requests/.klt/place-and-route/trng_digital_route.spef line 151510, pin bus_rdata_r[1] not found.
[WARNING STA-1656] /home/ubuntu/GitHub/sky130-trng/.loom/worktrees/issue-226/sim/digital-floorplan-compaction/requests/.klt/place-and-route/trng_digital_route.spef line 151511, pin bus_rdata_r[5] not found.
[WARNING STA-1656] /home/ubuntu/GitHub/sky130-trng/.loom/worktrees/issue-226/sim/digital-floorplan-compaction/requests/.klt/place-and-route/trng_digital_route.spef line 151577, pin bus_rdata_r[5] not found.
[WARNING STA-1656] /home/ubuntu/GitHub/sky130-trng/.loom/worktrees/issue-226/sim/digital-floorplan-compaction/requests/.klt/place-and-route/trng_digital_route.spef line 152187, pin startup_done_r not found.
[WARNING STA-1656] /home/ubuntu/GitHub/sky130-trng/.loom/worktrees/issue-226/sim/digital-floorplan-compaction/requests/.klt/place-and-route/trng_digital_route.spef line 152632, pin bus_rdata_r[5] not found.
[WARNING STA-1656] /home/ubuntu/GitHub/sky130-trng/.loom/worktrees/issue-226/sim/digital-floorplan-compaction/requests/.klt/place-and-route/trng_digital_route.spef line 152756, pin bus_rdata_r[4] not found.
[WARNING STA-1656] /home/ubuntu/GitHub/sky130-trng/.loom/worktrees/issue-226/sim/digital-floorplan-compaction/requests/.klt/place-and-route/trng_digital_route.spef line 152765, pin startup_done_r not found.
[WARNING STA-1656] /home/ubuntu/GitHub/sky130-trng/.loom/worktrees/issue-226/sim/digital-floorplan-compaction/requests/.klt/place-and-route/trng_digital_route.spef line 152813, pin bus_rdata_r[4] not found.
[WARNING STA-1656] /home/ubuntu/GitHub/sky130-trng/.loom/worktrees/issue-226/sim/digital-floorplan-compaction/requests/.klt/place-and-route/trng_digital_route.spef line 152814, pin bus_rdata_r[6] not found.
[WARNING STA-1656] /home/ubuntu/GitHub/sky130-trng/.loom/worktrees/issue-226/sim/digital-floorplan-compaction/requests/.klt/place-and-route/trng_digital_route.spef line 152815, pin bus_rdata_r[7] not found.
[WARNING STA-1656] /home/ubuntu/GitHub/sky130-trng/.loom/worktrees/issue-226/sim/digital-floorplan-compaction/requests/.klt/place-and-route/trng_digital_route.spef line 152916, pin bus_rdata_r[12] not found.
[WARNING STA-1656] /home/ubuntu/GitHub/sky130-trng/.loom/worktrees/issue-226/sim/digital-floorplan-compaction/requests/.klt/place-and-route/trng_digital_route.spef line 152917, pin bus_rdata_r[4] not found.
[WARNING STA-1656] /home/ubuntu/GitHub/sky130-trng/.loom/worktrees/issue-226/sim/digital-floorplan-compaction/requests/.klt/place-and-route/trng_digital_route.spef line 152918, pin bus_rdata_r[9] not found.
[WARNING STA-1656] /home/ubuntu/GitHub/sky130-trng/.loom/worktrees/issue-226/sim/digital-floorplan-compaction/requests/.klt/place-and-route/trng_digital_route.spef line 152932, pin startup_done_r not found.
[WARNING STA-1656] /home/ubuntu/GitHub/sky130-trng/.loom/worktrees/issue-226/sim/digital-floorplan-compaction/requests/.klt/place-and-route/trng_digital_route.spef line 153021, pin bus_rdata_r[6] not found.
[WARNING STA-1656] /home/ubuntu/GitHub/sky130-trng/.loom/worktrees/issue-226/sim/digital-floorplan-compaction/requests/.klt/place-and-route/trng_digital_route.spef line 153022, pin bus_rdata_r[7] not found.
[WARNING STA-1656] /home/ubuntu/GitHub/sky130-trng/.loom/worktrees/issue-226/sim/digital-floorplan-compaction/requests/.klt/place-and-route/trng_digital_route.spef line 153060, pin startup_done_r not found.
[WARNING STA-1656] /home/ubuntu/GitHub/sky130-trng/.loom/worktrees/issue-226/sim/digital-floorplan-compaction/requests/.klt/place-and-route/trng_digital_route.spef line 153183, pin bus_rdata_r[4] not found.
[WARNING STA-1656] /home/ubuntu/GitHub/sky130-trng/.loom/worktrees/issue-226/sim/digital-floorplan-compaction/requests/.klt/place-and-route/trng_digital_route.spef line 153630, pin startup_done_r not found.
[WARNING STA-1656] /home/ubuntu/GitHub/sky130-trng/.loom/worktrees/issue-226/sim/digital-floorplan-compaction/requests/.klt/place-and-route/trng_digital_route.spef line 156123, pin bus_rdata_r[12] not found.
[WARNING STA-1656] /home/ubuntu/GitHub/sky130-trng/.loom/worktrees/issue-226/sim/digital-floorplan-compaction/requests/.klt/place-and-route/trng_digital_route.spef line 156124, pin bus_rdata_r[1] not found.
[WARNING STA-1656] /home/ubuntu/GitHub/sky130-trng/.loom/worktrees/issue-226/sim/digital-floorplan-compaction/requests/.klt/place-and-route/trng_digital_route.spef line 156125, pin bus_rdata_r[8] not found.
[WARNING STA-1656] /home/ubuntu/GitHub/sky130-trng/.loom/worktrees/issue-226/sim/digital-floorplan-compaction/requests/.klt/place-and-route/trng_digital_route.spef line 156126, pin bus_rdata_r[9] not found.
[WARNING STA-1656] /home/ubuntu/GitHub/sky130-trng/.loom/worktrees/issue-226/sim/digital-floorplan-compaction/requests/.klt/place-and-route/trng_digital_route.spef line 156215, pin bus_rdata_r[12] not found.
[WARNING STA-1656] /home/ubuntu/GitHub/sky130-trng/.loom/worktrees/issue-226/sim/digital-floorplan-compaction/requests/.klt/place-and-route/trng_digital_route.spef line 156216, pin bus_rdata_r[1] not found.
[WARNING STA-1656] /home/ubuntu/GitHub/sky130-trng/.loom/worktrees/issue-226/sim/digital-floorplan-compaction/requests/.klt/place-and-route/trng_digital_route.spef line 156217, pin bus_rdata_r[8] not found.
[WARNING STA-1656] /home/ubuntu/GitHub/sky130-trng/.loom/worktrees/issue-226/sim/digital-floorplan-compaction/requests/.klt/place-and-route/trng_digital_route.spef line 156218, pin bus_rdata_r[9] not found.
[WARNING STA-1656] /home/ubuntu/GitHub/sky130-trng/.loom/worktrees/issue-226/sim/digital-floorplan-compaction/requests/.klt/place-and-route/trng_digital_route.spef line 156376, pin startup_done_r not found.
[WARNING STA-1656] /home/ubuntu/GitHub/sky130-trng/.loom/worktrees/issue-226/sim/digital-floorplan-compaction/requests/.klt/place-and-route/trng_digital_route.spef line 157945, pin startup_done_r not found.
[WARNING STA-1656] /home/ubuntu/GitHub/sky130-trng/.loom/worktrees/issue-226/sim/digital-floorplan-compaction/requests/.klt/place-and-route/trng_digital_route.spef line 158050, pin startup_done_r not found.
[WARNING STA-1656] /home/ubuntu/GitHub/sky130-trng/.loom/worktrees/issue-226/sim/digital-floorplan-compaction/requests/.klt/place-and-route/trng_digital_route.spef line 158085, pin startup_done_r not found.
[WARNING STA-1656] /home/ubuntu/GitHub/sky130-trng/.loom/worktrees/issue-226/sim/digital-floorplan-compaction/requests/.klt/place-and-route/trng_digital_route.spef line 158119, pin startup_done_r not found.
[WARNING STA-1656] /home/ubuntu/GitHub/sky130-trng/.loom/worktrees/issue-226/sim/digital-floorplan-compaction/requests/.klt/place-and-route/trng_digital_route.spef line 158157, pin startup_done_r not found.
[WARNING STA-1656] /home/ubuntu/GitHub/sky130-trng/.loom/worktrees/issue-226/sim/digital-floorplan-compaction/requests/.klt/place-and-route/trng_digital_route.spef line 158184, pin startup_done_r not found.
[WARNING STA-1656] /home/ubuntu/GitHub/sky130-trng/.loom/worktrees/issue-226/sim/digital-floorplan-compaction/requests/.klt/place-and-route/trng_digital_route.spef line 158248, pin startup_done_r not found.
[WARNING STA-1656] /home/ubuntu/GitHub/sky130-trng/.loom/worktrees/issue-226/sim/digital-floorplan-compaction/requests/.klt/place-and-route/trng_digital_route.spef line 158281, pin startup_done_r not found.
[WARNING STA-1656] /home/ubuntu/GitHub/sky130-trng/.loom/worktrees/issue-226/sim/digital-floorplan-compaction/requests/.klt/place-and-route/trng_digital_route.spef line 158306, pin startup_done_r not found.
[WARNING STA-1656] /home/ubuntu/GitHub/sky130-trng/.loom/worktrees/issue-226/sim/digital-floorplan-compaction/requests/.klt/place-and-route/trng_digital_route.spef line 158330, pin startup_done_r not found.
[WARNING STA-1656] /home/ubuntu/GitHub/sky130-trng/.loom/worktrees/issue-226/sim/digital-floorplan-compaction/requests/.klt/place-and-route/trng_digital_route.spef line 158373, pin startup_done_r not found.
[WARNING STA-1656] /home/ubuntu/GitHub/sky130-trng/.loom/worktrees/issue-226/sim/digital-floorplan-compaction/requests/.klt/place-and-route/trng_digital_route.spef line 158413, pin startup_done_r not found.
[WARNING STA-1656] /home/ubuntu/GitHub/sky130-trng/.loom/worktrees/issue-226/sim/digital-floorplan-compaction/requests/.klt/place-and-route/trng_digital_route.spef line 158434, pin startup_done_r not found.
[WARNING STA-1656] /home/ubuntu/GitHub/sky130-trng/.loom/worktrees/issue-226/sim/digital-floorplan-compaction/requests/.klt/place-and-route/trng_digital_route.spef line 158453, pin startup_done_r not found.
[WARNING STA-1656] /home/ubuntu/GitHub/sky130-trng/.loom/worktrees/issue-226/sim/digital-floorplan-compaction/requests/.klt/place-and-route/trng_digital_route.spef line 158493, pin startup_done_r not found.
[WARNING STA-1656] /home/ubuntu/GitHub/sky130-trng/.loom/worktrees/issue-226/sim/digital-floorplan-compaction/requests/.klt/place-and-route/trng_digital_route.spef line 158522, pin startup_done_r not found.
[WARNING STA-1656] /home/ubuntu/GitHub/sky130-trng/.loom/worktrees/issue-226/sim/digital-floorplan-compaction/requests/.klt/place-and-route/trng_digital_route.spef line 158545, pin startup_done_r not found.
[WARNING STA-1656] /home/ubuntu/GitHub/sky130-trng/.loom/worktrees/issue-226/sim/digital-floorplan-compaction/requests/.klt/place-and-route/trng_digital_route.spef line 158566, pin startup_done_r not found.
[WARNING STA-1656] /home/ubuntu/GitHub/sky130-trng/.loom/worktrees/issue-226/sim/digital-floorplan-compaction/requests/.klt/place-and-route/trng_digital_route.spef line 158588, pin startup_done_r not found.
[WARNING STA-1656] /home/ubuntu/GitHub/sky130-trng/.loom/worktrees/issue-226/sim/digital-floorplan-compaction/requests/.klt/place-and-route/trng_digital_route.spef line 158633, pin startup_done_r not found.
[WARNING STA-1656] /home/ubuntu/GitHub/sky130-trng/.loom/worktrees/issue-226/sim/digital-floorplan-compaction/requests/.klt/place-and-route/trng_digital_route.spef line 158687, pin startup_done_r not found.
[WARNING STA-1656] /home/ubuntu/GitHub/sky130-trng/.loom/worktrees/issue-226/sim/digital-floorplan-compaction/requests/.klt/place-and-route/trng_digital_route.spef line 158997, pin startup_done_r not found.
[WARNING STA-1656] /home/ubuntu/GitHub/sky130-trng/.loom/worktrees/issue-226/sim/digital-floorplan-compaction/requests/.klt/place-and-route/trng_digital_route.spef line 159026, pin startup_done_r not found.
[WARNING STA-1656] /home/ubuntu/GitHub/sky130-trng/.loom/worktrees/issue-226/sim/digital-floorplan-compaction/requests/.klt/place-and-route/trng_digital_route.spef line 159080, pin startup_done_r not found.
[WARNING STA-1656] /home/ubuntu/GitHub/sky130-trng/.loom/worktrees/issue-226/sim/digital-floorplan-compaction/requests/.klt/place-and-route/trng_digital_route.spef line 159104, pin startup_done_r not found.
[WARNING STA-1656] /home/ubuntu/GitHub/sky130-trng/.loom/worktrees/issue-226/sim/digital-floorplan-compaction/requests/.klt/place-and-route/trng_digital_route.spef line 159359, pin bus_rdata_r[5] not found.
[WARNING STA-1656] /home/ubuntu/GitHub/sky130-trng/.loom/worktrees/issue-226/sim/digital-floorplan-compaction/requests/.klt/place-and-route/trng_digital_route.spef line 159619, pin bus_rdata_r[5] not found.
[WARNING STA-1656] /home/ubuntu/GitHub/sky130-trng/.loom/worktrees/issue-226/sim/digital-floorplan-compaction/requests/.klt/place-and-route/trng_digital_route.spef line 159871, pin bus_rdata_r[4] not found.
[WARNING STA-1656] /home/ubuntu/GitHub/sky130-trng/.loom/worktrees/issue-226/sim/digital-floorplan-compaction/requests/.klt/place-and-route/trng_digital_route.spef line 159903, pin bus_rdata_r[4] not found.
[WARNING STA-1656] /home/ubuntu/GitHub/sky130-trng/.loom/worktrees/issue-226/sim/digital-floorplan-compaction/requests/.klt/place-and-route/trng_digital_route.spef line 159937, pin bus_rdata_r[4] not found.
[WARNING STA-1656] /home/ubuntu/GitHub/sky130-trng/.loom/worktrees/issue-226/sim/digital-floorplan-compaction/requests/.klt/place-and-route/trng_digital_route.spef line 160099, pin bus_rdata_r[31] not found.
[WARNING STA-1656] /home/ubuntu/GitHub/sky130-trng/.loom/worktrees/issue-226/sim/digital-floorplan-compaction/requests/.klt/place-and-route/trng_digital_route.spef line 160100, pin bus_rdata_r[5] not found.
[WARNING STA-1656] /home/ubuntu/GitHub/sky130-trng/.loom/worktrees/issue-226/sim/digital-floorplan-compaction/requests/.klt/place-and-route/trng_digital_route.spef line 160126, pin bus_rdata_r[31] not found.
[WARNING STA-1656] /home/ubuntu/GitHub/sky130-trng/.loom/worktrees/issue-226/sim/digital-floorplan-compaction/requests/.klt/place-and-route/trng_digital_route.spef line 160127, pin bus_rdata_r[5] not found.
[WARNING STA-1656] /home/ubuntu/GitHub/sky130-trng/.loom/worktrees/issue-226/sim/digital-floorplan-compaction/requests/.klt/place-and-route/trng_digital_route.spef line 162063, pin startup_done_r not found.
[WARNING STA-1656] /home/ubuntu/GitHub/sky130-trng/.loom/worktrees/issue-226/sim/digital-floorplan-compaction/requests/.klt/place-and-route/trng_digital_route.spef line 162460, pin startup_done_r not found.
[WARNING STA-1656] /home/ubuntu/GitHub/sky130-trng/.loom/worktrees/issue-226/sim/digital-floorplan-compaction/requests/.klt/place-and-route/trng_digital_route.spef line 162485, pin startup_done_r not found.
[WARNING STA-1656] /home/ubuntu/GitHub/sky130-trng/.loom/worktrees/issue-226/sim/digital-floorplan-compaction/requests/.klt/place-and-route/trng_digital_route.spef line 162851, pin startup_done_r not found.
[WARNING STA-1656] /home/ubuntu/GitHub/sky130-trng/.loom/worktrees/issue-226/sim/digital-floorplan-compaction/requests/.klt/place-and-route/trng_digital_route.spef line 162911, pin startup_done_r not found.
[WARNING STA-1656] /home/ubuntu/GitHub/sky130-trng/.loom/worktrees/issue-226/sim/digital-floorplan-compaction/requests/.klt/place-and-route/trng_digital_route.spef line 163190, pin bus_rdata_r[12] not found.
[WARNING STA-1656] /home/ubuntu/GitHub/sky130-trng/.loom/worktrees/issue-226/sim/digital-floorplan-compaction/requests/.klt/place-and-route/trng_digital_route.spef line 163191, pin bus_rdata_r[3] not found.
[WARNING STA-1656] /home/ubuntu/GitHub/sky130-trng/.loom/worktrees/issue-226/sim/digital-floorplan-compaction/requests/.klt/place-and-route/trng_digital_route.spef line 163192, pin bus_rdata_r[4] not found.
[WARNING STA-1656] /home/ubuntu/GitHub/sky130-trng/.loom/worktrees/issue-226/sim/digital-floorplan-compaction/requests/.klt/place-and-route/trng_digital_route.spef line 163193, pin bus_rdata_r[6] not found.
[WARNING STA-1656] /home/ubuntu/GitHub/sky130-trng/.loom/worktrees/issue-226/sim/digital-floorplan-compaction/requests/.klt/place-and-route/trng_digital_route.spef line 163194, pin bus_rdata_r[7] not found.
[WARNING STA-1656] /home/ubuntu/GitHub/sky130-trng/.loom/worktrees/issue-226/sim/digital-floorplan-compaction/requests/.klt/place-and-route/trng_digital_route.spef line 163195, pin bus_rdata_r[9] not found.
[WARNING STA-1656] /home/ubuntu/GitHub/sky130-trng/.loom/worktrees/issue-226/sim/digital-floorplan-compaction/requests/.klt/place-and-route/trng_digital_route.spef line 163229, pin startup_done_r not found.
[WARNING STA-1656] /home/ubuntu/GitHub/sky130-trng/.loom/worktrees/issue-226/sim/digital-floorplan-compaction/requests/.klt/place-and-route/trng_digital_route.spef line 163554, pin startup_done_r not found.
[WARNING STA-1656] /home/ubuntu/GitHub/sky130-trng/.loom/worktrees/issue-226/sim/digital-floorplan-compaction/requests/.klt/place-and-route/trng_digital_route.spef line 163814, pin bus_rdata_r[4] not found.
[WARNING STA-1656] /home/ubuntu/GitHub/sky130-trng/.loom/worktrees/issue-226/sim/digital-floorplan-compaction/requests/.klt/place-and-route/trng_digital_route.spef line 163874, pin bus_rdata_r[12] not found.
[WARNING STA-1656] /home/ubuntu/GitHub/sky130-trng/.loom/worktrees/issue-226/sim/digital-floorplan-compaction/requests/.klt/place-and-route/trng_digital_route.spef line 163875, pin bus_rdata_r[4] not found.
[WARNING STA-1656] /home/ubuntu/GitHub/sky130-trng/.loom/worktrees/issue-226/sim/digital-floorplan-compaction/requests/.klt/place-and-route/trng_digital_route.spef line 163876, pin bus_rdata_r[8] not found.
[WARNING STA-1656] /home/ubuntu/GitHub/sky130-trng/.loom/worktrees/issue-226/sim/digital-floorplan-compaction/requests/.klt/place-and-route/trng_digital_route.spef line 163877, pin bus_rdata_r[9] not found.
[WARNING STA-1656] /home/ubuntu/GitHub/sky130-trng/.loom/worktrees/issue-226/sim/digital-floorplan-compaction/requests/.klt/place-and-route/trng_digital_route.spef line 163918, pin bus_rdata_r[12] not found.
[WARNING STA-1656] /home/ubuntu/GitHub/sky130-trng/.loom/worktrees/issue-226/sim/digital-floorplan-compaction/requests/.klt/place-and-route/trng_digital_route.spef line 163919, pin bus_rdata_r[8] not found.
[WARNING STA-1656] /home/ubuntu/GitHub/sky130-trng/.loom/worktrees/issue-226/sim/digital-floorplan-compaction/requests/.klt/place-and-route/trng_digital_route.spef line 163920, pin bus_rdata_r[9] not found.
[WARNING STA-1656] /home/ubuntu/GitHub/sky130-trng/.loom/worktrees/issue-226/sim/digital-floorplan-compaction/requests/.klt/place-and-route/trng_digital_route.spef line 163955, pin bus_rdata_r[12] not found.
[WARNING STA-1656] /home/ubuntu/GitHub/sky130-trng/.loom/worktrees/issue-226/sim/digital-floorplan-compaction/requests/.klt/place-and-route/trng_digital_route.spef line 164003, pin bus_rdata_r[12] not found.
[WARNING STA-1656] /home/ubuntu/GitHub/sky130-trng/.loom/worktrees/issue-226/sim/digital-floorplan-compaction/requests/.klt/place-and-route/trng_digital_route.spef line 164004, pin bus_rdata_r[4] not found.
[WARNING STA-1656] /home/ubuntu/GitHub/sky130-trng/.loom/worktrees/issue-226/sim/digital-floorplan-compaction/requests/.klt/place-and-route/trng_digital_route.spef line 164010, pin startup_done_r not found.
[WARNING STA-1656] /home/ubuntu/GitHub/sky130-trng/.loom/worktrees/issue-226/sim/digital-floorplan-compaction/requests/.klt/place-and-route/trng_digital_route.spef line 164040, pin bus_rdata_r[12] not found.
[WARNING STA-1656] /home/ubuntu/GitHub/sky130-trng/.loom/worktrees/issue-226/sim/digital-floorplan-compaction/requests/.klt/place-and-route/trng_digital_route.spef line 164069, pin bus_rdata_r[12] not found.
[WARNING STA-1656] /home/ubuntu/GitHub/sky130-trng/.loom/worktrees/issue-226/sim/digital-floorplan-compaction/requests/.klt/place-and-route/trng_digital_route.spef line 164070, pin bus_rdata_r[8] not found.
[WARNING STA-1656] /home/ubuntu/GitHub/sky130-trng/.loom/worktrees/issue-226/sim/digital-floorplan-compaction/requests/.klt/place-and-route/trng_digital_route.spef line 164103, pin startup_done_r not found.
[WARNING STA-1656] /home/ubuntu/GitHub/sky130-trng/.loom/worktrees/issue-226/sim/digital-floorplan-compaction/requests/.klt/place-and-route/trng_digital_route.spef line 164127, pin startup_done_r not found.
[WARNING STA-1656] /home/ubuntu/GitHub/sky130-trng/.loom/worktrees/issue-226/sim/digital-floorplan-compaction/requests/.klt/place-and-route/trng_digital_route.spef line 164154, pin startup_done_r not found.
[WARNING STA-1656] /home/ubuntu/GitHub/sky130-trng/.loom/worktrees/issue-226/sim/digital-floorplan-compaction/requests/.klt/place-and-route/trng_digital_route.spef line 164176, pin startup_done_r not found.
[WARNING STA-1656] /home/ubuntu/GitHub/sky130-trng/.loom/worktrees/issue-226/sim/digital-floorplan-compaction/requests/.klt/place-and-route/trng_digital_route.spef line 164197, pin startup_done_r not found.
[WARNING STA-1656] /home/ubuntu/GitHub/sky130-trng/.loom/worktrees/issue-226/sim/digital-floorplan-compaction/requests/.klt/place-and-route/trng_digital_route.spef line 164217, pin startup_done_r not found.
[WARNING STA-1656] /home/ubuntu/GitHub/sky130-trng/.loom/worktrees/issue-226/sim/digital-floorplan-compaction/requests/.klt/place-and-route/trng_digital_route.spef line 164284, pin bus_rdata_r[12] not found.
[WARNING STA-1656] /home/ubuntu/GitHub/sky130-trng/.loom/worktrees/issue-226/sim/digital-floorplan-compaction/requests/.klt/place-and-route/trng_digital_route.spef line 164285, pin bus_rdata_r[4] not found.
[WARNING STA-1656] /home/ubuntu/GitHub/sky130-trng/.loom/worktrees/issue-226/sim/digital-floorplan-compaction/requests/.klt/place-and-route/trng_digital_route.spef line 164308, pin startup_done_r not found.
[WARNING STA-1656] /home/ubuntu/GitHub/sky130-trng/.loom/worktrees/issue-226/sim/digital-floorplan-compaction/requests/.klt/place-and-route/trng_digital_route.spef line 164392, pin bus_rdata_r[12] not found.
[WARNING STA-1656] /home/ubuntu/GitHub/sky130-trng/.loom/worktrees/issue-226/sim/digital-floorplan-compaction/requests/.klt/place-and-route/trng_digital_route.spef line 164393, pin bus_rdata_r[8] not found.
[WARNING STA-1656] /home/ubuntu/GitHub/sky130-trng/.loom/worktrees/issue-226/sim/digital-floorplan-compaction/requests/.klt/place-and-route/trng_digital_route.spef line 164394, pin bus_rdata_r[9] not found.
[WARNING STA-1656] /home/ubuntu/GitHub/sky130-trng/.loom/worktrees/issue-226/sim/digital-floorplan-compaction/requests/.klt/place-and-route/trng_digital_route.spef line 164429, pin startup_done_r not found.
[WARNING STA-1656] /home/ubuntu/GitHub/sky130-trng/.loom/worktrees/issue-226/sim/digital-floorplan-compaction/requests/.klt/place-and-route/trng_digital_route.spef line 164569, pin bus_rdata_r[4] not found.
[WARNING STA-1656] /home/ubuntu/GitHub/sky130-trng/.loom/worktrees/issue-226/sim/digital-floorplan-compaction/requests/.klt/place-and-route/trng_digital_route.spef line 164570, pin bus_rdata_r[6] not found.
[WARNING STA-1656] /home/ubuntu/GitHub/sky130-trng/.loom/worktrees/issue-226/sim/digital-floorplan-compaction/requests/.klt/place-and-route/trng_digital_route.spef line 164571, pin bus_rdata_r[7] not found.
[WARNING STA-1656] /home/ubuntu/GitHub/sky130-trng/.loom/worktrees/issue-226/sim/digital-floorplan-compaction/requests/.klt/place-and-route/trng_digital_route.spef line 164716, pin bus_rdata_r[4] not found.
[WARNING STA-1656] /home/ubuntu/GitHub/sky130-trng/.loom/worktrees/issue-226/sim/digital-floorplan-compaction/requests/.klt/place-and-route/trng_digital_route.spef line 164717, pin bus_rdata_r[6] not found.
[WARNING STA-1656] /home/ubuntu/GitHub/sky130-trng/.loom/worktrees/issue-226/sim/digital-floorplan-compaction/requests/.klt/place-and-route/trng_digital_route.spef line 164718, pin bus_rdata_r[7] not found.
[WARNING STA-1656] /home/ubuntu/GitHub/sky130-trng/.loom/worktrees/issue-226/sim/digital-floorplan-compaction/requests/.klt/place-and-route/trng_digital_route.spef line 164803, pin bus_rdata_r[4] not found.
[WARNING STA-1656] /home/ubuntu/GitHub/sky130-trng/.loom/worktrees/issue-226/sim/digital-floorplan-compaction/requests/.klt/place-and-route/trng_digital_route.spef line 164804, pin bus_rdata_r[6] not found.
[WARNING STA-1656] /home/ubuntu/GitHub/sky130-trng/.loom/worktrees/issue-226/sim/digital-floorplan-compaction/requests/.klt/place-and-route/trng_digital_route.spef line 164805, pin bus_rdata_r[7] not found.
[WARNING STA-1656] /home/ubuntu/GitHub/sky130-trng/.loom/worktrees/issue-226/sim/digital-floorplan-compaction/requests/.klt/place-and-route/trng_digital_route.spef line 164849, pin bus_rdata_r[5] not found.
[WARNING STA-1656] /home/ubuntu/GitHub/sky130-trng/.loom/worktrees/issue-226/sim/digital-floorplan-compaction/requests/.klt/place-and-route/trng_digital_route.spef line 164919, pin bus_rdata_r[6] not found.
[WARNING STA-1656] /home/ubuntu/GitHub/sky130-trng/.loom/worktrees/issue-226/sim/digital-floorplan-compaction/requests/.klt/place-and-route/trng_digital_route.spef line 164920, pin bus_rdata_r[7] not found.
[WARNING STA-1656] /home/ubuntu/GitHub/sky130-trng/.loom/worktrees/issue-226/sim/digital-floorplan-compaction/requests/.klt/place-and-route/trng_digital_route.spef line 164994, pin bus_rdata_r[7] not found.
[WARNING STA-1656] /home/ubuntu/GitHub/sky130-trng/.loom/worktrees/issue-226/sim/digital-floorplan-compaction/requests/.klt/place-and-route/trng_digital_route.spef line 165096, pin bus_rdata_r[12] not found.
[WARNING STA-1656] /home/ubuntu/GitHub/sky130-trng/.loom/worktrees/issue-226/sim/digital-floorplan-compaction/requests/.klt/place-and-route/trng_digital_route.spef line 165097, pin bus_rdata_r[4] not found.
[WARNING STA-1656] /home/ubuntu/GitHub/sky130-trng/.loom/worktrees/issue-226/sim/digital-floorplan-compaction/requests/.klt/place-and-route/trng_digital_route.spef line 165098, pin bus_rdata_r[6] not found.
[WARNING STA-1656] /home/ubuntu/GitHub/sky130-trng/.loom/worktrees/issue-226/sim/digital-floorplan-compaction/requests/.klt/place-and-route/trng_digital_route.spef line 165099, pin bus_rdata_r[7] not found.
[WARNING STA-1656] /home/ubuntu/GitHub/sky130-trng/.loom/worktrees/issue-226/sim/digital-floorplan-compaction/requests/.klt/place-and-route/trng_digital_route.spef line 165110, pin startup_done_r not found.
[WARNING STA-1656] /home/ubuntu/GitHub/sky130-trng/.loom/worktrees/issue-226/sim/digital-floorplan-compaction/requests/.klt/place-and-route/trng_digital_route.spef line 165153, pin bus_rdata_r[6] not found.
[WARNING STA-1656] /home/ubuntu/GitHub/sky130-trng/.loom/worktrees/issue-226/sim/digital-floorplan-compaction/requests/.klt/place-and-route/trng_digital_route.spef line 165154, pin bus_rdata_r[7] not found.
[WARNING STA-1656] /home/ubuntu/GitHub/sky130-trng/.loom/worktrees/issue-226/sim/digital-floorplan-compaction/requests/.klt/place-and-route/trng_digital_route.spef line 165209, pin bus_rdata_r[6] not found.
[WARNING STA-1656] /home/ubuntu/GitHub/sky130-trng/.loom/worktrees/issue-226/sim/digital-floorplan-compaction/requests/.klt/place-and-route/trng_digital_route.spef line 165210, pin bus_rdata_r[7] not found.
[WARNING STA-1656] /home/ubuntu/GitHub/sky130-trng/.loom/worktrees/issue-226/sim/digital-floorplan-compaction/requests/.klt/place-and-route/trng_digital_route.spef line 165285, pin bus_rdata_r[7] not found.
[WARNING STA-1656] /home/ubuntu/GitHub/sky130-trng/.loom/worktrees/issue-226/sim/digital-floorplan-compaction/requests/.klt/place-and-route/trng_digital_route.spef line 165660, pin bus_rdata_r[12] not found.
[WARNING STA-1656] /home/ubuntu/GitHub/sky130-trng/.loom/worktrees/issue-226/sim/digital-floorplan-compaction/requests/.klt/place-and-route/trng_digital_route.spef line 165661, pin bus_rdata_r[9] not found.
[WARNING STA-1656] /home/ubuntu/GitHub/sky130-trng/.loom/worktrees/issue-226/sim/digital-floorplan-compaction/requests/.klt/place-and-route/trng_digital_route.spef line 165746, pin bus_rdata_r[12] not found.
[WARNING STA-1656] /home/ubuntu/GitHub/sky130-trng/.loom/worktrees/issue-226/sim/digital-floorplan-compaction/requests/.klt/place-and-route/trng_digital_route.spef line 165747, pin bus_rdata_r[1] not found.
[WARNING STA-1656] /home/ubuntu/GitHub/sky130-trng/.loom/worktrees/issue-226/sim/digital-floorplan-compaction/requests/.klt/place-and-route/trng_digital_route.spef line 165748, pin bus_rdata_r[2] not found.
[WARNING STA-1656] /home/ubuntu/GitHub/sky130-trng/.loom/worktrees/issue-226/sim/digital-floorplan-compaction/requests/.klt/place-and-route/trng_digital_route.spef line 165749, pin bus_rdata_r[8] not found.
[WARNING STA-1656] /home/ubuntu/GitHub/sky130-trng/.loom/worktrees/issue-226/sim/digital-floorplan-compaction/requests/.klt/place-and-route/trng_digital_route.spef line 165750, pin bus_rdata_r[9] not found.
[WARNING STA-1656] /home/ubuntu/GitHub/sky130-trng/.loom/worktrees/issue-226/sim/digital-floorplan-compaction/requests/.klt/place-and-route/trng_digital_route.spef line 165859, pin bus_rdata_r[9] not found.
[WARNING STA-1656] /home/ubuntu/GitHub/sky130-trng/.loom/worktrees/issue-226/sim/digital-floorplan-compaction/requests/.klt/place-and-route/trng_digital_route.spef line 165907, pin bus_rdata_r[12] not found.
[WARNING STA-1656] /home/ubuntu/GitHub/sky130-trng/.loom/worktrees/issue-226/sim/digital-floorplan-compaction/requests/.klt/place-and-route/trng_digital_route.spef line 165974, pin bus_rdata_r[12] not found.
[WARNING STA-1656] /home/ubuntu/GitHub/sky130-trng/.loom/worktrees/issue-226/sim/digital-floorplan-compaction/requests/.klt/place-and-route/trng_digital_route.spef line 165977, pin startup_done_r not found.
[WARNING STA-1656] /home/ubuntu/GitHub/sky130-trng/.loom/worktrees/issue-226/sim/digital-floorplan-compaction/requests/.klt/place-and-route/trng_digital_route.spef line 166009, pin bus_rdata_r[12] not found.
[WARNING STA-1656] /home/ubuntu/GitHub/sky130-trng/.loom/worktrees/issue-226/sim/digital-floorplan-compaction/requests/.klt/place-and-route/trng_digital_route.spef line 166010, pin bus_rdata_r[9] not found.
[WARNING STA-1656] /home/ubuntu/GitHub/sky130-trng/.loom/worktrees/issue-226/sim/digital-floorplan-compaction/requests/.klt/place-and-route/trng_digital_route.spef line 166129, pin bus_rdata_r[9] not found.
[WARNING STA-1656] /home/ubuntu/GitHub/sky130-trng/.loom/worktrees/issue-226/sim/digital-floorplan-compaction/requests/.klt/place-and-route/trng_digital_route.spef line 166285, pin bus_rdata_r[12] not found.
[WARNING STA-1656] /home/ubuntu/GitHub/sky130-trng/.loom/worktrees/issue-226/sim/digital-floorplan-compaction/requests/.klt/place-and-route/trng_digital_route.spef line 166286, pin bus_rdata_r[3] not found.
[WARNING STA-1656] /home/ubuntu/GitHub/sky130-trng/.loom/worktrees/issue-226/sim/digital-floorplan-compaction/requests/.klt/place-and-route/trng_digital_route.spef line 166287, pin bus_rdata_r[4] not found.
[WARNING STA-1656] /home/ubuntu/GitHub/sky130-trng/.loom/worktrees/issue-226/sim/digital-floorplan-compaction/requests/.klt/place-and-route/trng_digital_route.spef line 166288, pin bus_rdata_r[6] not found.
[WARNING STA-1656] /home/ubuntu/GitHub/sky130-trng/.loom/worktrees/issue-226/sim/digital-floorplan-compaction/requests/.klt/place-and-route/trng_digital_route.spef line 166289, pin bus_rdata_r[7] not found.
[WARNING STA-1656] /home/ubuntu/GitHub/sky130-trng/.loom/worktrees/issue-226/sim/digital-floorplan-compaction/requests/.klt/place-and-route/trng_digital_route.spef line 166290, pin bus_rdata_r[9] not found.
[WARNING STA-1656] /home/ubuntu/GitHub/sky130-trng/.loom/worktrees/issue-226/sim/digital-floorplan-compaction/requests/.klt/place-and-route/trng_digital_route.spef line 166310, pin startup_done_r not found.
[WARNING STA-1656] /home/ubuntu/GitHub/sky130-trng/.loom/worktrees/issue-226/sim/digital-floorplan-compaction/requests/.klt/place-and-route/trng_digital_route.spef line 166424, pin startup_done_r not found.
[WARNING STA-1656] /home/ubuntu/GitHub/sky130-trng/.loom/worktrees/issue-226/sim/digital-floorplan-compaction/requests/.klt/place-and-route/trng_digital_route.spef line 166561, pin startup_done_r not found.
[WARNING STA-1656] /home/ubuntu/GitHub/sky130-trng/.loom/worktrees/issue-226/sim/digital-floorplan-compaction/requests/.klt/place-and-route/trng_digital_route.spef line 166776, pin bus_rdata_r[15] not found.
[WARNING STA-1656] /home/ubuntu/GitHub/sky130-trng/.loom/worktrees/issue-226/sim/digital-floorplan-compaction/requests/.klt/place-and-route/trng_digital_route.spef line 166777, pin bus_rdata_r[16] not found.
[WARNING STA-1656] /home/ubuntu/GitHub/sky130-trng/.loom/worktrees/issue-226/sim/digital-floorplan-compaction/requests/.klt/place-and-route/trng_digital_route.spef line 166778, pin bus_rdata_r[17] not found.
[WARNING STA-1656] /home/ubuntu/GitHub/sky130-trng/.loom/worktrees/issue-226/sim/digital-floorplan-compaction/requests/.klt/place-and-route/trng_digital_route.spef line 166779, pin bus_rdata_r[2] not found.
[WARNING STA-1656] /home/ubuntu/GitHub/sky130-trng/.loom/worktrees/issue-226/sim/digital-floorplan-compaction/requests/.klt/place-and-route/trng_digital_route.spef line 166780, pin bus_rdata_r[3] not found.
[WARNING STA-1656] /home/ubuntu/GitHub/sky130-trng/.loom/worktrees/issue-226/sim/digital-floorplan-compaction/requests/.klt/place-and-route/trng_digital_route.spef line 166781, pin bus_rdata_r[4] not found.
[WARNING STA-1656] /home/ubuntu/GitHub/sky130-trng/.loom/worktrees/issue-226/sim/digital-floorplan-compaction/requests/.klt/place-and-route/trng_digital_route.spef line 166782, pin bus_rdata_r[6] not found.
[WARNING STA-1656] /home/ubuntu/GitHub/sky130-trng/.loom/worktrees/issue-226/sim/digital-floorplan-compaction/requests/.klt/place-and-route/trng_digital_route.spef line 166783, pin bus_rdata_r[7] not found.
[WARNING STA-1656] /home/ubuntu/GitHub/sky130-trng/.loom/worktrees/issue-226/sim/digital-floorplan-compaction/requests/.klt/place-and-route/trng_digital_route.spef line 166886, pin startup_done_r not found.
[WARNING STA-1656] /home/ubuntu/GitHub/sky130-trng/.loom/worktrees/issue-226/sim/digital-floorplan-compaction/requests/.klt/place-and-route/trng_digital_route.spef line 167143, pin bus_rdata_r[6] not found.
[WARNING STA-1656] /home/ubuntu/GitHub/sky130-trng/.loom/worktrees/issue-226/sim/digital-floorplan-compaction/requests/.klt/place-and-route/trng_digital_route.spef line 167317, pin bus_rdata_r[12] not found.
[WARNING STA-1656] /home/ubuntu/GitHub/sky130-trng/.loom/worktrees/issue-226/sim/digital-floorplan-compaction/requests/.klt/place-and-route/trng_digital_route.spef line 167318, pin bus_rdata_r[13] not found.
[WARNING STA-1656] /home/ubuntu/GitHub/sky130-trng/.loom/worktrees/issue-226/sim/digital-floorplan-compaction/requests/.klt/place-and-route/trng_digital_route.spef line 167319, pin bus_rdata_r[14] not found.
[WARNING STA-1656] /home/ubuntu/GitHub/sky130-trng/.loom/worktrees/issue-226/sim/digital-floorplan-compaction/requests/.klt/place-and-route/trng_digital_route.spef line 167320, pin bus_rdata_r[15] not found.
[WARNING STA-1656] /home/ubuntu/GitHub/sky130-trng/.loom/worktrees/issue-226/sim/digital-floorplan-compaction/requests/.klt/place-and-route/trng_digital_route.spef line 167321, pin bus_rdata_r[16] not found.
[WARNING STA-1656] /home/ubuntu/GitHub/sky130-trng/.loom/worktrees/issue-226/sim/digital-floorplan-compaction/requests/.klt/place-and-route/trng_digital_route.spef line 167322, pin bus_rdata_r[17] not found.
[WARNING STA-1656] /home/ubuntu/GitHub/sky130-trng/.loom/worktrees/issue-226/sim/digital-floorplan-compaction/requests/.klt/place-and-route/trng_digital_route.spef line 167323, pin bus_rdata_r[19] not found.
[WARNING STA-1656] /home/ubuntu/GitHub/sky130-trng/.loom/worktrees/issue-226/sim/digital-floorplan-compaction/requests/.klt/place-and-route/trng_digital_route.spef line 167324, pin bus_rdata_r[1] not found.
[WARNING STA-1656] /home/ubuntu/GitHub/sky130-trng/.loom/worktrees/issue-226/sim/digital-floorplan-compaction/requests/.klt/place-and-route/trng_digital_route.spef line 167325, pin bus_rdata_r[24] not found.
[WARNING STA-1656] /home/ubuntu/GitHub/sky130-trng/.loom/worktrees/issue-226/sim/digital-floorplan-compaction/requests/.klt/place-and-route/trng_digital_route.spef line 167326, pin bus_rdata_r[2] not found.
[WARNING STA-1656] /home/ubuntu/GitHub/sky130-trng/.loom/worktrees/issue-226/sim/digital-floorplan-compaction/requests/.klt/place-and-route/trng_digital_route.spef line 167327, pin bus_rdata_r[31] not found.
[WARNING STA-1656] /home/ubuntu/GitHub/sky130-trng/.loom/worktrees/issue-226/sim/digital-floorplan-compaction/requests/.klt/place-and-route/trng_digital_route.spef line 167328, pin bus_rdata_r[3] not found.
[WARNING STA-1656] /home/ubuntu/GitHub/sky130-trng/.loom/worktrees/issue-226/sim/digital-floorplan-compaction/requests/.klt/place-and-route/trng_digital_route.spef line 167329, pin bus_rdata_r[4] not found.
[WARNING STA-1656] /home/ubuntu/GitHub/sky130-trng/.loom/worktrees/issue-226/sim/digital-floorplan-compaction/requests/.klt/place-and-route/trng_digital_route.spef line 167330, pin bus_rdata_r[6] not found.
[WARNING STA-1656] /home/ubuntu/GitHub/sky130-trng/.loom/worktrees/issue-226/sim/digital-floorplan-compaction/requests/.klt/place-and-route/trng_digital_route.spef line 167331, pin bus_rdata_r[7] not found.
[WARNING STA-1656] /home/ubuntu/GitHub/sky130-trng/.loom/worktrees/issue-226/sim/digital-floorplan-compaction/requests/.klt/place-and-route/trng_digital_route.spef line 167332, pin bus_rdata_r[8] not found.
[WARNING STA-1656] /home/ubuntu/GitHub/sky130-trng/.loom/worktrees/issue-226/sim/digital-floorplan-compaction/requests/.klt/place-and-route/trng_digital_route.spef line 167333, pin bus_rdata_r[9] not found.
[WARNING STA-1656] /home/ubuntu/GitHub/sky130-trng/.loom/worktrees/issue-226/sim/digital-floorplan-compaction/requests/.klt/place-and-route/trng_digital_route.spef line 167451, pin bus_rdata_r[4] not found.
[WARNING STA-1656] /home/ubuntu/GitHub/sky130-trng/.loom/worktrees/issue-226/sim/digital-floorplan-compaction/requests/.klt/place-and-route/trng_digital_route.spef line 167532, pin bus_rdata_r[12] not found.
[WARNING STA-1656] /home/ubuntu/GitHub/sky130-trng/.loom/worktrees/issue-226/sim/digital-floorplan-compaction/requests/.klt/place-and-route/trng_digital_route.spef line 167533, pin bus_rdata_r[13] not found.
[WARNING STA-1656] /home/ubuntu/GitHub/sky130-trng/.loom/worktrees/issue-226/sim/digital-floorplan-compaction/requests/.klt/place-and-route/trng_digital_route.spef line 167534, pin bus_rdata_r[14] not found.
[WARNING STA-1656] /home/ubuntu/GitHub/sky130-trng/.loom/worktrees/issue-226/sim/digital-floorplan-compaction/requests/.klt/place-and-route/trng_digital_route.spef line 167535, pin bus_rdata_r[15] not found.
[WARNING STA-1656] /home/ubuntu/GitHub/sky130-trng/.loom/worktrees/issue-226/sim/digital-floorplan-compaction/requests/.klt/place-and-route/trng_digital_route.spef line 167536, pin bus_rdata_r[16] not found.
[WARNING STA-1656] /home/ubuntu/GitHub/sky130-trng/.loom/worktrees/issue-226/sim/digital-floorplan-compaction/requests/.klt/place-and-route/trng_digital_route.spef line 167537, pin bus_rdata_r[17] not found.
[WARNING STA-1656] /home/ubuntu/GitHub/sky130-trng/.loom/worktrees/issue-226/sim/digital-floorplan-compaction/requests/.klt/place-and-route/trng_digital_route.spef line 167538, pin bus_rdata_r[18] not found.
[WARNING STA-1656] /home/ubuntu/GitHub/sky130-trng/.loom/worktrees/issue-226/sim/digital-floorplan-compaction/requests/.klt/place-and-route/trng_digital_route.spef line 167539, pin bus_rdata_r[19] not found.
[WARNING STA-1656] /home/ubuntu/GitHub/sky130-trng/.loom/worktrees/issue-226/sim/digital-floorplan-compaction/requests/.klt/place-and-route/trng_digital_route.spef line 167540, pin bus_rdata_r[1] not found.
[WARNING STA-1656] /home/ubuntu/GitHub/sky130-trng/.loom/worktrees/issue-226/sim/digital-floorplan-compaction/requests/.klt/place-and-route/trng_digital_route.spef line 167541, pin bus_rdata_r[20] not found.
[WARNING STA-1656] /home/ubuntu/GitHub/sky130-trng/.loom/worktrees/issue-226/sim/digital-floorplan-compaction/requests/.klt/place-and-route/trng_digital_route.spef line 167542, pin bus_rdata_r[24] not found.
[WARNING STA-1656] /home/ubuntu/GitHub/sky130-trng/.loom/worktrees/issue-226/sim/digital-floorplan-compaction/requests/.klt/place-and-route/trng_digital_route.spef line 167543, pin bus_rdata_r[27] not found.
[WARNING STA-1656] /home/ubuntu/GitHub/sky130-trng/.loom/worktrees/issue-226/sim/digital-floorplan-compaction/requests/.klt/place-and-route/trng_digital_route.spef line 167544, pin bus_rdata_r[2] not found.
[WARNING STA-1656] /home/ubuntu/GitHub/sky130-trng/.loom/worktrees/issue-226/sim/digital-floorplan-compaction/requests/.klt/place-and-route/trng_digital_route.spef line 167545, pin bus_rdata_r[31] not found.
[WARNING STA-1656] /home/ubuntu/GitHub/sky130-trng/.loom/worktrees/issue-226/sim/digital-floorplan-compaction/requests/.klt/place-and-route/trng_digital_route.spef line 167546, pin bus_rdata_r[3] not found.
[WARNING STA-1656] /home/ubuntu/GitHub/sky130-trng/.loom/worktrees/issue-226/sim/digital-floorplan-compaction/requests/.klt/place-and-route/trng_digital_route.spef line 167547, pin bus_rdata_r[4] not found.
[WARNING STA-1656] /home/ubuntu/GitHub/sky130-trng/.loom/worktrees/issue-226/sim/digital-floorplan-compaction/requests/.klt/place-and-route/trng_digital_route.spef line 167548, pin bus_rdata_r[6] not found.
[WARNING STA-1656] /home/ubuntu/GitHub/sky130-trng/.loom/worktrees/issue-226/sim/digital-floorplan-compaction/requests/.klt/place-and-route/trng_digital_route.spef line 167549, pin bus_rdata_r[7] not found.
[WARNING STA-1656] /home/ubuntu/GitHub/sky130-trng/.loom/worktrees/issue-226/sim/digital-floorplan-compaction/requests/.klt/place-and-route/trng_digital_route.spef line 167550, pin bus_rdata_r[8] not found.
[WARNING STA-1656] /home/ubuntu/GitHub/sky130-trng/.loom/worktrees/issue-226/sim/digital-floorplan-compaction/requests/.klt/place-and-route/trng_digital_route.spef line 167551, pin bus_rdata_r[9] not found.
[WARNING STA-1656] /home/ubuntu/GitHub/sky130-trng/.loom/worktrees/issue-226/sim/digital-floorplan-compaction/requests/.klt/place-and-route/trng_digital_route.spef line 167633, pin startup_done_r not found.
[WARNING STA-1656] /home/ubuntu/GitHub/sky130-trng/.loom/worktrees/issue-226/sim/digital-floorplan-compaction/requests/.klt/place-and-route/trng_digital_route.spef line 167694, pin bus_rdata_r[16] not found.
[WARNING STA-1656] /home/ubuntu/GitHub/sky130-trng/.loom/worktrees/issue-226/sim/digital-floorplan-compaction/requests/.klt/place-and-route/trng_digital_route.spef line 167695, pin bus_rdata_r[17] not found.
[WARNING STA-1656] /home/ubuntu/GitHub/sky130-trng/.loom/worktrees/issue-226/sim/digital-floorplan-compaction/requests/.klt/place-and-route/trng_digital_route.spef line 167696, pin bus_rdata_r[2] not found.
[WARNING STA-1656] /home/ubuntu/GitHub/sky130-trng/.loom/worktrees/issue-226/sim/digital-floorplan-compaction/requests/.klt/place-and-route/trng_digital_route.spef line 167697, pin bus_rdata_r[3] not found.
[WARNING STA-1656] /home/ubuntu/GitHub/sky130-trng/.loom/worktrees/issue-226/sim/digital-floorplan-compaction/requests/.klt/place-and-route/trng_digital_route.spef line 167698, pin bus_rdata_r[4] not found.
[WARNING STA-1656] /home/ubuntu/GitHub/sky130-trng/.loom/worktrees/issue-226/sim/digital-floorplan-compaction/requests/.klt/place-and-route/trng_digital_route.spef line 167699, pin bus_rdata_r[6] not found.
[WARNING STA-1656] /home/ubuntu/GitHub/sky130-trng/.loom/worktrees/issue-226/sim/digital-floorplan-compaction/requests/.klt/place-and-route/trng_digital_route.spef line 167700, pin bus_rdata_r[7] not found.
[WARNING STA-1656] /home/ubuntu/GitHub/sky130-trng/.loom/worktrees/issue-226/sim/digital-floorplan-compaction/requests/.klt/place-and-route/trng_digital_route.spef line 167744, pin startup_done_r not found.
[WARNING STA-1656] /home/ubuntu/GitHub/sky130-trng/.loom/worktrees/issue-226/sim/digital-floorplan-compaction/requests/.klt/place-and-route/trng_digital_route.spef line 167767, pin startup_done_r not found.
[WARNING STA-1656] /home/ubuntu/GitHub/sky130-trng/.loom/worktrees/issue-226/sim/digital-floorplan-compaction/requests/.klt/place-and-route/trng_digital_route.spef line 167845, pin bus_rdata_r[12] not found.
[WARNING STA-1656] /home/ubuntu/GitHub/sky130-trng/.loom/worktrees/issue-226/sim/digital-floorplan-compaction/requests/.klt/place-and-route/trng_digital_route.spef line 167846, pin bus_rdata_r[13] not found.
[WARNING STA-1656] /home/ubuntu/GitHub/sky130-trng/.loom/worktrees/issue-226/sim/digital-floorplan-compaction/requests/.klt/place-and-route/trng_digital_route.spef line 167847, pin bus_rdata_r[14] not found.
[WARNING STA-1656] /home/ubuntu/GitHub/sky130-trng/.loom/worktrees/issue-226/sim/digital-floorplan-compaction/requests/.klt/place-and-route/trng_digital_route.spef line 167848, pin bus_rdata_r[15] not found.
[WARNING STA-1656] /home/ubuntu/GitHub/sky130-trng/.loom/worktrees/issue-226/sim/digital-floorplan-compaction/requests/.klt/place-and-route/trng_digital_route.spef line 167849, pin bus_rdata_r[16] not found.
[WARNING STA-1656] /home/ubuntu/GitHub/sky130-trng/.loom/worktrees/issue-226/sim/digital-floorplan-compaction/requests/.klt/place-and-route/trng_digital_route.spef line 167850, pin bus_rdata_r[17] not found.
[WARNING STA-1656] /home/ubuntu/GitHub/sky130-trng/.loom/worktrees/issue-226/sim/digital-floorplan-compaction/requests/.klt/place-and-route/trng_digital_route.spef line 167851, pin bus_rdata_r[1] not found.
[WARNING STA-1656] /home/ubuntu/GitHub/sky130-trng/.loom/worktrees/issue-226/sim/digital-floorplan-compaction/requests/.klt/place-and-route/trng_digital_route.spef line 167852, pin bus_rdata_r[20] not found.
[WARNING STA-1656] /home/ubuntu/GitHub/sky130-trng/.loom/worktrees/issue-226/sim/digital-floorplan-compaction/requests/.klt/place-and-route/trng_digital_route.spef line 167853, pin bus_rdata_r[24] not found.
[WARNING STA-1656] /home/ubuntu/GitHub/sky130-trng/.loom/worktrees/issue-226/sim/digital-floorplan-compaction/requests/.klt/place-and-route/trng_digital_route.spef line 167854, pin bus_rdata_r[2] not found.
[WARNING STA-1656] /home/ubuntu/GitHub/sky130-trng/.loom/worktrees/issue-226/sim/digital-floorplan-compaction/requests/.klt/place-and-route/trng_digital_route.spef line 167855, pin bus_rdata_r[31] not found.
[WARNING STA-1656] /home/ubuntu/GitHub/sky130-trng/.loom/worktrees/issue-226/sim/digital-floorplan-compaction/requests/.klt/place-and-route/trng_digital_route.spef line 167856, pin bus_rdata_r[3] not found.
[WARNING STA-1656] /home/ubuntu/GitHub/sky130-trng/.loom/worktrees/issue-226/sim/digital-floorplan-compaction/requests/.klt/place-and-route/trng_digital_route.spef line 167857, pin bus_rdata_r[4] not found.
[WARNING STA-1656] /home/ubuntu/GitHub/sky130-trng/.loom/worktrees/issue-226/sim/digital-floorplan-compaction/requests/.klt/place-and-route/trng_digital_route.spef line 167858, pin bus_rdata_r[6] not found.
[WARNING STA-1656] /home/ubuntu/GitHub/sky130-trng/.loom/worktrees/issue-226/sim/digital-floorplan-compaction/requests/.klt/place-and-route/trng_digital_route.spef line 167859, pin bus_rdata_r[7] not found.
[WARNING STA-1656] /home/ubuntu/GitHub/sky130-trng/.loom/worktrees/issue-226/sim/digital-floorplan-compaction/requests/.klt/place-and-route/trng_digital_route.spef line 167860, pin bus_rdata_r[8] not found.
[WARNING STA-1656] /home/ubuntu/GitHub/sky130-trng/.loom/worktrees/issue-226/sim/digital-floorplan-compaction/requests/.klt/place-and-route/trng_digital_route.spef line 167861, pin bus_rdata_r[9] not found.
[WARNING STA-1656] /home/ubuntu/GitHub/sky130-trng/.loom/worktrees/issue-226/sim/digital-floorplan-compaction/requests/.klt/place-and-route/trng_digital_route.spef line 167886, pin startup_done_r not found.
[WARNING STA-1656] /home/ubuntu/GitHub/sky130-trng/.loom/worktrees/issue-226/sim/digital-floorplan-compaction/requests/.klt/place-and-route/trng_digital_route.spef line 167952, pin bus_rdata_r[2] not found.
[WARNING STA-1656] /home/ubuntu/GitHub/sky130-trng/.loom/worktrees/issue-226/sim/digital-floorplan-compaction/requests/.klt/place-and-route/trng_digital_route.spef line 167985, pin bus_rdata_r[15] not found.
[WARNING STA-1656] /home/ubuntu/GitHub/sky130-trng/.loom/worktrees/issue-226/sim/digital-floorplan-compaction/requests/.klt/place-and-route/trng_digital_route.spef line 167986, pin bus_rdata_r[4] not found.
[WARNING STA-1656] /home/ubuntu/GitHub/sky130-trng/.loom/worktrees/issue-226/sim/digital-floorplan-compaction/requests/.klt/place-and-route/trng_digital_route.spef line 168038, pin bus_rdata_r[2] not found.
[WARNING STA-1656] /home/ubuntu/GitHub/sky130-trng/.loom/worktrees/issue-226/sim/digital-floorplan-compaction/requests/.klt/place-and-route/trng_digital_route.spef line 168084, pin bus_rdata_r[25] not found.
[WARNING STA-1656] /home/ubuntu/GitHub/sky130-trng/.loom/worktrees/issue-226/sim/digital-floorplan-compaction/requests/.klt/place-and-route/trng_digital_route.spef line 168085, pin bus_rdata_r[6] not found.
[WARNING STA-1656] /home/ubuntu/GitHub/sky130-trng/.loom/worktrees/issue-226/sim/digital-floorplan-compaction/requests/.klt/place-and-route/trng_digital_route.spef line 168101, pin startup_done_r not found.
[WARNING STA-1656] /home/ubuntu/GitHub/sky130-trng/.loom/worktrees/issue-226/sim/digital-floorplan-compaction/requests/.klt/place-and-route/trng_digital_route.spef line 168200, pin bus_rdata_r[13] not found.
[WARNING STA-1656] /home/ubuntu/GitHub/sky130-trng/.loom/worktrees/issue-226/sim/digital-floorplan-compaction/requests/.klt/place-and-route/trng_digital_route.spef line 168201, pin bus_rdata_r[14] not found.
[WARNING STA-1656] /home/ubuntu/GitHub/sky130-trng/.loom/worktrees/issue-226/sim/digital-floorplan-compaction/requests/.klt/place-and-route/trng_digital_route.spef line 168202, pin bus_rdata_r[15] not found.
[WARNING STA-1656] /home/ubuntu/GitHub/sky130-trng/.loom/worktrees/issue-226/sim/digital-floorplan-compaction/requests/.klt/place-and-route/trng_digital_route.spef line 168203, pin bus_rdata_r[16] not found.
[WARNING STA-1656] /home/ubuntu/GitHub/sky130-trng/.loom/worktrees/issue-226/sim/digital-floorplan-compaction/requests/.klt/place-and-route/trng_digital_route.spef line 168204, pin bus_rdata_r[17] not found.
[WARNING STA-1656] /home/ubuntu/GitHub/sky130-trng/.loom/worktrees/issue-226/sim/digital-floorplan-compaction/requests/.klt/place-and-route/trng_digital_route.spef line 168205, pin bus_rdata_r[1] not found.
[WARNING STA-1656] /home/ubuntu/GitHub/sky130-trng/.loom/worktrees/issue-226/sim/digital-floorplan-compaction/requests/.klt/place-and-route/trng_digital_route.spef line 168206, pin bus_rdata_r[3] not found.
[WARNING STA-1656] /home/ubuntu/GitHub/sky130-trng/.loom/worktrees/issue-226/sim/digital-floorplan-compaction/requests/.klt/place-and-route/trng_digital_route.spef line 168207, pin bus_rdata_r[4] not found.
[WARNING STA-1656] /home/ubuntu/GitHub/sky130-trng/.loom/worktrees/issue-226/sim/digital-floorplan-compaction/requests/.klt/place-and-route/trng_digital_route.spef line 168208, pin bus_rdata_r[7] not found.
[WARNING STA-1656] /home/ubuntu/GitHub/sky130-trng/.loom/worktrees/issue-226/sim/digital-floorplan-compaction/requests/.klt/place-and-route/trng_digital_route.spef line 168338, pin bus_rdata_r[12] not found.
[WARNING STA-1656] /home/ubuntu/GitHub/sky130-trng/.loom/worktrees/issue-226/sim/digital-floorplan-compaction/requests/.klt/place-and-route/trng_digital_route.spef line 168339, pin bus_rdata_r[13] not found.
[WARNING STA-1656] /home/ubuntu/GitHub/sky130-trng/.loom/worktrees/issue-226/sim/digital-floorplan-compaction/requests/.klt/place-and-route/trng_digital_route.spef line 168340, pin bus_rdata_r[14] not found.
[WARNING STA-1656] /home/ubuntu/GitHub/sky130-trng/.loom/worktrees/issue-226/sim/digital-floorplan-compaction/requests/.klt/place-and-route/trng_digital_route.spef line 168341, pin bus_rdata_r[15] not found.
[WARNING STA-1656] /home/ubuntu/GitHub/sky130-trng/.loom/worktrees/issue-226/sim/digital-floorplan-compaction/requests/.klt/place-and-route/trng_digital_route.spef line 168342, pin bus_rdata_r[16] not found.
[WARNING STA-1656] /home/ubuntu/GitHub/sky130-trng/.loom/worktrees/issue-226/sim/digital-floorplan-compaction/requests/.klt/place-and-route/trng_digital_route.spef line 168343, pin bus_rdata_r[17] not found.
[WARNING STA-1656] /home/ubuntu/GitHub/sky130-trng/.loom/worktrees/issue-226/sim/digital-floorplan-compaction/requests/.klt/place-and-route/trng_digital_route.spef line 168344, pin bus_rdata_r[19] not found.
[WARNING STA-1656] /home/ubuntu/GitHub/sky130-trng/.loom/worktrees/issue-226/sim/digital-floorplan-compaction/requests/.klt/place-and-route/trng_digital_route.spef line 168345, pin bus_rdata_r[1] not found.
[WARNING STA-1656] /home/ubuntu/GitHub/sky130-trng/.loom/worktrees/issue-226/sim/digital-floorplan-compaction/requests/.klt/place-and-route/trng_digital_route.spef line 168346, pin bus_rdata_r[20] not found.
[WARNING STA-1656] /home/ubuntu/GitHub/sky130-trng/.loom/worktrees/issue-226/sim/digital-floorplan-compaction/requests/.klt/place-and-route/trng_digital_route.spef line 168347, pin bus_rdata_r[2] not found.
[WARNING STA-1656] /home/ubuntu/GitHub/sky130-trng/.loom/worktrees/issue-226/sim/digital-floorplan-compaction/requests/.klt/place-and-route/trng_digital_route.spef line 168348, pin bus_rdata_r[3] not found.
[WARNING STA-1656] /home/ubuntu/GitHub/sky130-trng/.loom/worktrees/issue-226/sim/digital-floorplan-compaction/requests/.klt/place-and-route/trng_digital_route.spef line 168349, pin bus_rdata_r[4] not found.
[WARNING STA-1656] /home/ubuntu/GitHub/sky130-trng/.loom/worktrees/issue-226/sim/digital-floorplan-compaction/requests/.klt/place-and-route/trng_digital_route.spef line 168350, pin bus_rdata_r[6] not found.
[WARNING STA-1656] /home/ubuntu/GitHub/sky130-trng/.loom/worktrees/issue-226/sim/digital-floorplan-compaction/requests/.klt/place-and-route/trng_digital_route.spef line 168351, pin bus_rdata_r[7] not found.
[WARNING STA-1656] /home/ubuntu/GitHub/sky130-trng/.loom/worktrees/issue-226/sim/digital-floorplan-compaction/requests/.klt/place-and-route/trng_digital_route.spef line 168352, pin bus_rdata_r[8] not found.
[WARNING STA-1656] /home/ubuntu/GitHub/sky130-trng/.loom/worktrees/issue-226/sim/digital-floorplan-compaction/requests/.klt/place-and-route/trng_digital_route.spef line 168353, pin bus_rdata_r[9] not found.
[WARNING STA-1656] /home/ubuntu/GitHub/sky130-trng/.loom/worktrees/issue-226/sim/digital-floorplan-compaction/requests/.klt/place-and-route/trng_digital_route.spef line 168404, pin startup_done_r not found.
[WARNING STA-1656] /home/ubuntu/GitHub/sky130-trng/.loom/worktrees/issue-226/sim/digital-floorplan-compaction/requests/.klt/place-and-route/trng_digital_route.spef line 168434, pin startup_done_r not found.
[WARNING STA-1656] /home/ubuntu/GitHub/sky130-trng/.loom/worktrees/issue-226/sim/digital-floorplan-compaction/requests/.klt/place-and-route/trng_digital_route.spef line 168455, pin bus_rdata_r[2] not found.
[WARNING STA-1656] /home/ubuntu/GitHub/sky130-trng/.loom/worktrees/issue-226/sim/digital-floorplan-compaction/requests/.klt/place-and-route/trng_digital_route.spef line 168486, pin bus_rdata_r[15] not found.
[WARNING STA-1656] /home/ubuntu/GitHub/sky130-trng/.loom/worktrees/issue-226/sim/digital-floorplan-compaction/requests/.klt/place-and-route/trng_digital_route.spef line 168487, pin bus_rdata_r[17] not found.
[WARNING STA-1656] /home/ubuntu/GitHub/sky130-trng/.loom/worktrees/issue-226/sim/digital-floorplan-compaction/requests/.klt/place-and-route/trng_digital_route.spef line 168488, pin bus_rdata_r[2] not found.
[WARNING STA-1656] /home/ubuntu/GitHub/sky130-trng/.loom/worktrees/issue-226/sim/digital-floorplan-compaction/requests/.klt/place-and-route/trng_digital_route.spef line 168489, pin bus_rdata_r[4] not found.
[WARNING STA-1656] /home/ubuntu/GitHub/sky130-trng/.loom/worktrees/issue-226/sim/digital-floorplan-compaction/requests/.klt/place-and-route/trng_digital_route.spef line 168518, pin bus_rdata_r[3] not found.
[WARNING STA-1656] /home/ubuntu/GitHub/sky130-trng/.loom/worktrees/issue-226/sim/digital-floorplan-compaction/requests/.klt/place-and-route/trng_digital_route.spef line 168519, pin bus_rdata_r[6] not found.
[WARNING STA-1656] /home/ubuntu/GitHub/sky130-trng/.loom/worktrees/issue-226/sim/digital-floorplan-compaction/requests/.klt/place-and-route/trng_digital_route.spef line 168520, pin bus_rdata_r[7] not found.
[WARNING STA-1656] /home/ubuntu/GitHub/sky130-trng/.loom/worktrees/issue-226/sim/digital-floorplan-compaction/requests/.klt/place-and-route/trng_digital_route.spef line 168553, pin bus_rdata_r[15] not found.
[WARNING STA-1656] /home/ubuntu/GitHub/sky130-trng/.loom/worktrees/issue-226/sim/digital-floorplan-compaction/requests/.klt/place-and-route/trng_digital_route.spef line 168554, pin bus_rdata_r[17] not found.
[WARNING STA-1656] /home/ubuntu/GitHub/sky130-trng/.loom/worktrees/issue-226/sim/digital-floorplan-compaction/requests/.klt/place-and-route/trng_digital_route.spef line 168555, pin bus_rdata_r[2] not found.
[WARNING STA-1656] /home/ubuntu/GitHub/sky130-trng/.loom/worktrees/issue-226/sim/digital-floorplan-compaction/requests/.klt/place-and-route/trng_digital_route.spef line 168556, pin bus_rdata_r[4] not found.
[WARNING STA-1656] /home/ubuntu/GitHub/sky130-trng/.loom/worktrees/issue-226/sim/digital-floorplan-compaction/requests/.klt/place-and-route/trng_digital_route.spef line 168557, pin bus_rdata_r[7] not found.
[WARNING STA-1656] /home/ubuntu/GitHub/sky130-trng/.loom/worktrees/issue-226/sim/digital-floorplan-compaction/requests/.klt/place-and-route/trng_digital_route.spef line 168615, pin bus_rdata_r[10] not found.
[WARNING STA-1656] /home/ubuntu/GitHub/sky130-trng/.loom/worktrees/issue-226/sim/digital-floorplan-compaction/requests/.klt/place-and-route/trng_digital_route.spef line 168616, pin bus_rdata_r[12] not found.
[WARNING STA-1656] /home/ubuntu/GitHub/sky130-trng/.loom/worktrees/issue-226/sim/digital-floorplan-compaction/requests/.klt/place-and-route/trng_digital_route.spef line 168617, pin bus_rdata_r[13] not found.
[WARNING STA-1656] /home/ubuntu/GitHub/sky130-trng/.loom/worktrees/issue-226/sim/digital-floorplan-compaction/requests/.klt/place-and-route/trng_digital_route.spef line 168618, pin bus_rdata_r[14] not found.
[WARNING STA-1656] /home/ubuntu/GitHub/sky130-trng/.loom/worktrees/issue-226/sim/digital-floorplan-compaction/requests/.klt/place-and-route/trng_digital_route.spef line 168619, pin bus_rdata_r[15] not found.
[WARNING STA-1656] /home/ubuntu/GitHub/sky130-trng/.loom/worktrees/issue-226/sim/digital-floorplan-compaction/requests/.klt/place-and-route/trng_digital_route.spef line 168620, pin bus_rdata_r[18] not found.
[WARNING STA-1656] /home/ubuntu/GitHub/sky130-trng/.loom/worktrees/issue-226/sim/digital-floorplan-compaction/requests/.klt/place-and-route/trng_digital_route.spef line 168621, pin bus_rdata_r[21] not found.
[WARNING STA-1656] /home/ubuntu/GitHub/sky130-trng/.loom/worktrees/issue-226/sim/digital-floorplan-compaction/requests/.klt/place-and-route/trng_digital_route.spef line 168622, pin bus_rdata_r[22] not found.
[WARNING STA-1656] /home/ubuntu/GitHub/sky130-trng/.loom/worktrees/issue-226/sim/digital-floorplan-compaction/requests/.klt/place-and-route/trng_digital_route.spef line 168623, pin bus_rdata_r[26] not found.
[WARNING STA-1656] /home/ubuntu/GitHub/sky130-trng/.loom/worktrees/issue-226/sim/digital-floorplan-compaction/requests/.klt/place-and-route/trng_digital_route.spef line 168624, pin bus_rdata_r[28] not found.
[WARNING STA-1656] /home/ubuntu/GitHub/sky130-trng/.loom/worktrees/issue-226/sim/digital-floorplan-compaction/requests/.klt/place-and-route/trng_digital_route.spef line 168625, pin bus_rdata_r[2] not found.
[WARNING STA-1656] /home/ubuntu/GitHub/sky130-trng/.loom/worktrees/issue-226/sim/digital-floorplan-compaction/requests/.klt/place-and-route/trng_digital_route.spef line 168626, pin bus_rdata_r[4] not found.
[WARNING STA-1656] /home/ubuntu/GitHub/sky130-trng/.loom/worktrees/issue-226/sim/digital-floorplan-compaction/requests/.klt/place-and-route/trng_digital_route.spef line 168627, pin bus_rdata_r[8] not found.
[WARNING STA-1656] /home/ubuntu/GitHub/sky130-trng/.loom/worktrees/issue-226/sim/digital-floorplan-compaction/requests/.klt/place-and-route/trng_digital_route.spef line 168628, pin bus_rdata_r[9] not found.
[WARNING STA-1656] /home/ubuntu/GitHub/sky130-trng/.loom/worktrees/issue-226/sim/digital-floorplan-compaction/requests/.klt/place-and-route/trng_digital_route.spef line 168684, pin bus_rdata_r[17] not found.
[WARNING STA-1656] /home/ubuntu/GitHub/sky130-trng/.loom/worktrees/issue-226/sim/digital-floorplan-compaction/requests/.klt/place-and-route/trng_digital_route.spef line 168685, pin bus_rdata_r[7] not found.
[WARNING STA-1656] /home/ubuntu/GitHub/sky130-trng/.loom/worktrees/issue-226/sim/digital-floorplan-compaction/requests/.klt/place-and-route/trng_digital_route.spef line 168859, pin startup_done_r not found.
[WARNING STA-1656] /home/ubuntu/GitHub/sky130-trng/.loom/worktrees/issue-226/sim/digital-floorplan-compaction/requests/.klt/place-and-route/trng_digital_route.spef line 168928, pin bus_rdata_r[15] not found.
[WARNING STA-1656] /home/ubuntu/GitHub/sky130-trng/.loom/worktrees/issue-226/sim/digital-floorplan-compaction/requests/.klt/place-and-route/trng_digital_route.spef line 168958, pin bus_rdata_r[12] not found.
[WARNING STA-1656] /home/ubuntu/GitHub/sky130-trng/.loom/worktrees/issue-226/sim/digital-floorplan-compaction/requests/.klt/place-and-route/trng_digital_route.spef line 168959, pin bus_rdata_r[15] not found.
[WARNING STA-1656] /home/ubuntu/GitHub/sky130-trng/.loom/worktrees/issue-226/sim/digital-floorplan-compaction/requests/.klt/place-and-route/trng_digital_route.spef line 169015, pin bus_rdata_r[4] not found.
[WARNING STA-1656] /home/ubuntu/GitHub/sky130-trng/.loom/worktrees/issue-226/sim/digital-floorplan-compaction/requests/.klt/place-and-route/trng_digital_route.spef line 169083, pin bus_rdata_r[16] not found.
[WARNING STA-1656] /home/ubuntu/GitHub/sky130-trng/.loom/worktrees/issue-226/sim/digital-floorplan-compaction/requests/.klt/place-and-route/trng_digital_route.spef line 169084, pin bus_rdata_r[2] not found.
[WARNING STA-1656] /home/ubuntu/GitHub/sky130-trng/.loom/worktrees/issue-226/sim/digital-floorplan-compaction/requests/.klt/place-and-route/trng_digital_route.spef line 169085, pin bus_rdata_r[3] not found.
[WARNING STA-1656] /home/ubuntu/GitHub/sky130-trng/.loom/worktrees/issue-226/sim/digital-floorplan-compaction/requests/.klt/place-and-route/trng_digital_route.spef line 169086, pin bus_rdata_r[4] not found.
[WARNING STA-1656] /home/ubuntu/GitHub/sky130-trng/.loom/worktrees/issue-226/sim/digital-floorplan-compaction/requests/.klt/place-and-route/trng_digital_route.spef line 169087, pin bus_rdata_r[6] not found.
[WARNING STA-1656] /home/ubuntu/GitHub/sky130-trng/.loom/worktrees/issue-226/sim/digital-floorplan-compaction/requests/.klt/place-and-route/trng_digital_route.spef line 169088, pin bus_rdata_r[7] not found.
[WARNING STA-1656] /home/ubuntu/GitHub/sky130-trng/.loom/worktrees/issue-226/sim/digital-floorplan-compaction/requests/.klt/place-and-route/trng_digital_route.spef line 169110, pin startup_done_r not found.
[WARNING STA-1656] /home/ubuntu/GitHub/sky130-trng/.loom/worktrees/issue-226/sim/digital-floorplan-compaction/requests/.klt/place-and-route/trng_digital_route.spef line 169286, pin startup_done_r not found.
[WARNING STA-1656] /home/ubuntu/GitHub/sky130-trng/.loom/worktrees/issue-226/sim/digital-floorplan-compaction/requests/.klt/place-and-route/trng_digital_route.spef line 169319, pin bus_rdata_r[12] not found.
[WARNING STA-1656] /home/ubuntu/GitHub/sky130-trng/.loom/worktrees/issue-226/sim/digital-floorplan-compaction/requests/.klt/place-and-route/trng_digital_route.spef line 169320, pin bus_rdata_r[13] not found.
[WARNING STA-1656] /home/ubuntu/GitHub/sky130-trng/.loom/worktrees/issue-226/sim/digital-floorplan-compaction/requests/.klt/place-and-route/trng_digital_route.spef line 169355, pin bus_rdata_r[12] not found.
[WARNING STA-1656] /home/ubuntu/GitHub/sky130-trng/.loom/worktrees/issue-226/sim/digital-floorplan-compaction/requests/.klt/place-and-route/trng_digital_route.spef line 169406, pin bus_rdata_r[4] not found.
[WARNING STA-1656] /home/ubuntu/GitHub/sky130-trng/.loom/worktrees/issue-226/sim/digital-floorplan-compaction/requests/.klt/place-and-route/trng_digital_route.spef line 169460, pin bus_rdata_r[2] not found.
[WARNING STA-1656] /home/ubuntu/GitHub/sky130-trng/.loom/worktrees/issue-226/sim/digital-floorplan-compaction/requests/.klt/place-and-route/trng_digital_route.spef line 169493, pin bus_rdata_r[2] not found.
[WARNING STA-1656] /home/ubuntu/GitHub/sky130-trng/.loom/worktrees/issue-226/sim/digital-floorplan-compaction/requests/.klt/place-and-route/trng_digital_route.spef line 169494, pin bus_rdata_r[4] not found.
[WARNING STA-1656] /home/ubuntu/GitHub/sky130-trng/.loom/worktrees/issue-226/sim/digital-floorplan-compaction/requests/.klt/place-and-route/trng_digital_route.spef line 169528, pin bus_rdata_r[2] not found.
[WARNING STA-1656] /home/ubuntu/GitHub/sky130-trng/.loom/worktrees/issue-226/sim/digital-floorplan-compaction/requests/.klt/place-and-route/trng_digital_route.spef line 169529, pin bus_rdata_r[4] not found.
[WARNING STA-1656] /home/ubuntu/GitHub/sky130-trng/.loom/worktrees/issue-226/sim/digital-floorplan-compaction/requests/.klt/place-and-route/trng_digital_route.spef line 169561, pin startup_done_r not found.
[WARNING STA-1656] /home/ubuntu/GitHub/sky130-trng/.loom/worktrees/issue-226/sim/digital-floorplan-compaction/requests/.klt/place-and-route/trng_digital_route.spef line 169587, pin startup_done_r not found.
[WARNING STA-1656] /home/ubuntu/GitHub/sky130-trng/.loom/worktrees/issue-226/sim/digital-floorplan-compaction/requests/.klt/place-and-route/trng_digital_route.spef line 169646, pin bus_rdata_r[4] not found.
[WARNING STA-1656] /home/ubuntu/GitHub/sky130-trng/.loom/worktrees/issue-226/sim/digital-floorplan-compaction/requests/.klt/place-and-route/trng_digital_route.spef line 169661, pin startup_done_r not found.
[WARNING STA-1656] /home/ubuntu/GitHub/sky130-trng/.loom/worktrees/issue-226/sim/digital-floorplan-compaction/requests/.klt/place-and-route/trng_digital_route.spef line 169704, pin startup_done_r not found.
[WARNING STA-1656] /home/ubuntu/GitHub/sky130-trng/.loom/worktrees/issue-226/sim/digital-floorplan-compaction/requests/.klt/place-and-route/trng_digital_route.spef line 169728, pin startup_done_r not found.
[WARNING STA-1656] /home/ubuntu/GitHub/sky130-trng/.loom/worktrees/issue-226/sim/digital-floorplan-compaction/requests/.klt/place-and-route/trng_digital_route.spef line 169796, pin bus_rdata_r[12] not found.
[WARNING STA-1656] /home/ubuntu/GitHub/sky130-trng/.loom/worktrees/issue-226/sim/digital-floorplan-compaction/requests/.klt/place-and-route/trng_digital_route.spef line 169797, pin bus_rdata_r[4] not found.
[WARNING STA-1656] /home/ubuntu/GitHub/sky130-trng/.loom/worktrees/issue-226/sim/digital-floorplan-compaction/requests/.klt/place-and-route/trng_digital_route.spef line 169798, pin bus_rdata_r[6] not found.
[WARNING STA-1656] /home/ubuntu/GitHub/sky130-trng/.loom/worktrees/issue-226/sim/digital-floorplan-compaction/requests/.klt/place-and-route/trng_digital_route.spef line 169799, pin bus_rdata_r[7] not found.
[WARNING STA-1656] /home/ubuntu/GitHub/sky130-trng/.loom/worktrees/issue-226/sim/digital-floorplan-compaction/requests/.klt/place-and-route/trng_digital_route.spef line 169810, pin startup_done_r not found.
[WARNING STA-1656] /home/ubuntu/GitHub/sky130-trng/.loom/worktrees/issue-226/sim/digital-floorplan-compaction/requests/.klt/place-and-route/trng_digital_route.spef line 169928, pin startup_done_r not found.
[WARNING STA-1656] /home/ubuntu/GitHub/sky130-trng/.loom/worktrees/issue-226/sim/digital-floorplan-compaction/requests/.klt/place-and-route/trng_digital_route.spef line 169952, pin startup_done_r not found.
[WARNING STA-1656] /home/ubuntu/GitHub/sky130-trng/.loom/worktrees/issue-226/sim/digital-floorplan-compaction/requests/.klt/place-and-route/trng_digital_route.spef line 170013, pin bus_rdata_r[4] not found.
[WARNING STA-1656] /home/ubuntu/GitHub/sky130-trng/.loom/worktrees/issue-226/sim/digital-floorplan-compaction/requests/.klt/place-and-route/trng_digital_route.spef line 170167, pin bus_rdata_r[7] not found.
[WARNING STA-1656] /home/ubuntu/GitHub/sky130-trng/.loom/worktrees/issue-226/sim/digital-floorplan-compaction/requests/.klt/place-and-route/trng_digital_route.spef line 170184, pin startup_done_r not found.
[WARNING STA-1656] /home/ubuntu/GitHub/sky130-trng/.loom/worktrees/issue-226/sim/digital-floorplan-compaction/requests/.klt/place-and-route/trng_digital_route.spef line 170255, pin bus_rdata_r[4] not found.
[WARNING STA-1656] /home/ubuntu/GitHub/sky130-trng/.loom/worktrees/issue-226/sim/digital-floorplan-compaction/requests/.klt/place-and-route/trng_digital_route.spef line 170314, pin startup_done_r not found.
[WARNING STA-1656] /home/ubuntu/GitHub/sky130-trng/.loom/worktrees/issue-226/sim/digital-floorplan-compaction/requests/.klt/place-and-route/trng_digital_route.spef line 170363, pin bus_rdata_r[7] not found.
[WARNING STA-1656] /home/ubuntu/GitHub/sky130-trng/.loom/worktrees/issue-226/sim/digital-floorplan-compaction/requests/.klt/place-and-route/trng_digital_route.spef line 170582, pin bus_rdata_r[7] not found.
[WARNING STA-1656] /home/ubuntu/GitHub/sky130-trng/.loom/worktrees/issue-226/sim/digital-floorplan-compaction/requests/.klt/place-and-route/trng_digital_route.spef line 170600, pin startup_done_r not found.
[WARNING STA-1656] /home/ubuntu/GitHub/sky130-trng/.loom/worktrees/issue-226/sim/digital-floorplan-compaction/requests/.klt/place-and-route/trng_digital_route.spef line 170721, pin bus_rdata_r[6] not found.
[WARNING STA-1656] /home/ubuntu/GitHub/sky130-trng/.loom/worktrees/issue-226/sim/digital-floorplan-compaction/requests/.klt/place-and-route/trng_digital_route.spef line 170722, pin bus_rdata_r[7] not found.
[WARNING STA-1656] /home/ubuntu/GitHub/sky130-trng/.loom/worktrees/issue-226/sim/digital-floorplan-compaction/requests/.klt/place-and-route/trng_digital_route.spef line 170743, pin startup_done_r not found.
[WARNING STA-1656] /home/ubuntu/GitHub/sky130-trng/.loom/worktrees/issue-226/sim/digital-floorplan-compaction/requests/.klt/place-and-route/trng_digital_route.spef line 170863, pin bus_rdata_r[6] not found.
[WARNING STA-1656] /home/ubuntu/GitHub/sky130-trng/.loom/worktrees/issue-226/sim/digital-floorplan-compaction/requests/.klt/place-and-route/trng_digital_route.spef line 170864, pin bus_rdata_r[7] not found.
[WARNING STA-1656] /home/ubuntu/GitHub/sky130-trng/.loom/worktrees/issue-226/sim/digital-floorplan-compaction/requests/.klt/place-and-route/trng_digital_route.spef line 170948, pin bus_rdata_r[6] not found.
[WARNING STA-1656] /home/ubuntu/GitHub/sky130-trng/.loom/worktrees/issue-226/sim/digital-floorplan-compaction/requests/.klt/place-and-route/trng_digital_route.spef line 170949, pin bus_rdata_r[7] not found.
[WARNING STA-1656] /home/ubuntu/GitHub/sky130-trng/.loom/worktrees/issue-226/sim/digital-floorplan-compaction/requests/.klt/place-and-route/trng_digital_route.spef line 171010, pin startup_done_r not found.
[WARNING STA-1656] /home/ubuntu/GitHub/sky130-trng/.loom/worktrees/issue-226/sim/digital-floorplan-compaction/requests/.klt/place-and-route/trng_digital_route.spef line 171098, pin startup_done_r not found.
[WARNING STA-1656] /home/ubuntu/GitHub/sky130-trng/.loom/worktrees/issue-226/sim/digital-floorplan-compaction/requests/.klt/place-and-route/trng_digital_route.spef line 171141, pin bus_rdata_r[3] not found.
[WARNING STA-1656] /home/ubuntu/GitHub/sky130-trng/.loom/worktrees/issue-226/sim/digital-floorplan-compaction/requests/.klt/place-and-route/trng_digital_route.spef line 171142, pin bus_rdata_r[6] not found.
[WARNING STA-1656] /home/ubuntu/GitHub/sky130-trng/.loom/worktrees/issue-226/sim/digital-floorplan-compaction/requests/.klt/place-and-route/trng_digital_route.spef line 171143, pin bus_rdata_r[7] not found.
[WARNING STA-1656] /home/ubuntu/GitHub/sky130-trng/.loom/worktrees/issue-226/sim/digital-floorplan-compaction/requests/.klt/place-and-route/trng_digital_route.spef line 171232, pin bus_rdata_r[4] not found.
[WARNING STA-1656] /home/ubuntu/GitHub/sky130-trng/.loom/worktrees/issue-226/sim/digital-floorplan-compaction/requests/.klt/place-and-route/trng_digital_route.spef line 171233, pin bus_rdata_r[6] not found.
[WARNING STA-1656] /home/ubuntu/GitHub/sky130-trng/.loom/worktrees/issue-226/sim/digital-floorplan-compaction/requests/.klt/place-and-route/trng_digital_route.spef line 171234, pin bus_rdata_r[7] not found.
[WARNING STA-1656] /home/ubuntu/GitHub/sky130-trng/.loom/worktrees/issue-226/sim/digital-floorplan-compaction/requests/.klt/place-and-route/trng_digital_route.spef line 171252, pin startup_done_r not found.
[WARNING STA-1656] /home/ubuntu/GitHub/sky130-trng/.loom/worktrees/issue-226/sim/digital-floorplan-compaction/requests/.klt/place-and-route/trng_digital_route.spef line 171280, pin startup_done_r not found.
[WARNING STA-1656] /home/ubuntu/GitHub/sky130-trng/.loom/worktrees/issue-226/sim/digital-floorplan-compaction/requests/.klt/place-and-route/trng_digital_route.spef line 171305, pin startup_done_r not found.
[WARNING STA-1656] /home/ubuntu/GitHub/sky130-trng/.loom/worktrees/issue-226/sim/digital-floorplan-compaction/requests/.klt/place-and-route/trng_digital_route.spef line 171377, pin bus_rdata_r[6] not found.
[WARNING STA-1656] /home/ubuntu/GitHub/sky130-trng/.loom/worktrees/issue-226/sim/digital-floorplan-compaction/requests/.klt/place-and-route/trng_digital_route.spef line 171378, pin bus_rdata_r[7] not found.
[WARNING STA-1656] /home/ubuntu/GitHub/sky130-trng/.loom/worktrees/issue-226/sim/digital-floorplan-compaction/requests/.klt/place-and-route/trng_digital_route.spef line 171391, pin startup_done_r not found.
[WARNING STA-1656] /home/ubuntu/GitHub/sky130-trng/.loom/worktrees/issue-226/sim/digital-floorplan-compaction/requests/.klt/place-and-route/trng_digital_route.spef line 171577, pin startup_done_r not found.
[WARNING STA-1656] /home/ubuntu/GitHub/sky130-trng/.loom/worktrees/issue-226/sim/digital-floorplan-compaction/requests/.klt/place-and-route/trng_digital_route.spef line 171745, pin startup_done_r not found.
[WARNING STA-1656] /home/ubuntu/GitHub/sky130-trng/.loom/worktrees/issue-226/sim/digital-floorplan-compaction/requests/.klt/place-and-route/trng_digital_route.spef line 171770, pin startup_done_r not found.
[WARNING STA-1656] /home/ubuntu/GitHub/sky130-trng/.loom/worktrees/issue-226/sim/digital-floorplan-compaction/requests/.klt/place-and-route/trng_digital_route.spef line 172090, pin bus_rdata_r[16] not found.
[WARNING STA-1656] /home/ubuntu/GitHub/sky130-trng/.loom/worktrees/issue-226/sim/digital-floorplan-compaction/requests/.klt/place-and-route/trng_digital_route.spef line 172091, pin bus_rdata_r[3] not found.
[WARNING STA-1656] /home/ubuntu/GitHub/sky130-trng/.loom/worktrees/issue-226/sim/digital-floorplan-compaction/requests/.klt/place-and-route/trng_digital_route.spef line 172092, pin bus_rdata_r[6] not found.
[WARNING STA-1656] /home/ubuntu/GitHub/sky130-trng/.loom/worktrees/issue-226/sim/digital-floorplan-compaction/requests/.klt/place-and-route/trng_digital_route.spef line 172137, pin bus_rdata_r[3] not found.
[WARNING STA-1656] /home/ubuntu/GitHub/sky130-trng/.loom/worktrees/issue-226/sim/digital-floorplan-compaction/requests/.klt/place-and-route/trng_digital_route.spef line 172268, pin bus_rdata_r[15] not found.
[WARNING STA-1656] /home/ubuntu/GitHub/sky130-trng/.loom/worktrees/issue-226/sim/digital-floorplan-compaction/requests/.klt/place-and-route/trng_digital_route.spef line 172269, pin bus_rdata_r[4] not found.
[WARNING STA-1656] /home/ubuntu/GitHub/sky130-trng/.loom/worktrees/issue-226/sim/digital-floorplan-compaction/requests/.klt/place-and-route/trng_digital_route.spef line 172302, pin bus_rdata_r[2] not found.
[WARNING STA-1656] /home/ubuntu/GitHub/sky130-trng/.loom/worktrees/issue-226/sim/digital-floorplan-compaction/requests/.klt/place-and-route/trng_digital_route.spef line 172303, pin bus_rdata_r[4] not found.
[WARNING STA-1656] /home/ubuntu/GitHub/sky130-trng/.loom/worktrees/issue-226/sim/digital-floorplan-compaction/requests/.klt/place-and-route/trng_digital_route.spef line 172401, pin startup_done_r not found.
[WARNING STA-1656] /home/ubuntu/GitHub/sky130-trng/.loom/worktrees/issue-226/sim/digital-floorplan-compaction/requests/.klt/place-and-route/trng_digital_route.spef line 172445, pin bus_rdata_r[2] not found.
[WARNING STA-1656] /home/ubuntu/GitHub/sky130-trng/.loom/worktrees/issue-226/sim/digital-floorplan-compaction/requests/.klt/place-and-route/trng_digital_route.spef line 173111, pin startup_done_r not found.
[WARNING STA-1656] /home/ubuntu/GitHub/sky130-trng/.loom/worktrees/issue-226/sim/digital-floorplan-compaction/requests/.klt/place-and-route/trng_digital_route.spef line 173135, pin startup_done_r not found.
[WARNING STA-1656] /home/ubuntu/GitHub/sky130-trng/.loom/worktrees/issue-226/sim/digital-floorplan-compaction/requests/.klt/place-and-route/trng_digital_route.spef line 173177, pin startup_done_r not found.
[WARNING STA-1656] /home/ubuntu/GitHub/sky130-trng/.loom/worktrees/issue-226/sim/digital-floorplan-compaction/requests/.klt/place-and-route/trng_digital_route.spef line 173362, pin startup_done_r not found.
[WARNING STA-1656] /home/ubuntu/GitHub/sky130-trng/.loom/worktrees/issue-226/sim/digital-floorplan-compaction/requests/.klt/place-and-route/trng_digital_route.spef line 173416, pin bus_rdata_r[2] not found.
[WARNING STA-1656] /home/ubuntu/GitHub/sky130-trng/.loom/worktrees/issue-226/sim/digital-floorplan-compaction/requests/.klt/place-and-route/trng_digital_route.spef line 173515, pin bus_rdata_r[3] not found.
[WARNING STA-1656] /home/ubuntu/GitHub/sky130-trng/.loom/worktrees/issue-226/sim/digital-floorplan-compaction/requests/.klt/place-and-route/trng_digital_route.spef line 173516, pin bus_rdata_r[6] not found.
[WARNING STA-1656] /home/ubuntu/GitHub/sky130-trng/.loom/worktrees/issue-226/sim/digital-floorplan-compaction/requests/.klt/place-and-route/trng_digital_route.spef line 173576, pin bus_rdata_r[17] not found.
[WARNING STA-1656] /home/ubuntu/GitHub/sky130-trng/.loom/worktrees/issue-226/sim/digital-floorplan-compaction/requests/.klt/place-and-route/trng_digital_route.spef line 173577, pin bus_rdata_r[3] not found.
[WARNING STA-1656] /home/ubuntu/GitHub/sky130-trng/.loom/worktrees/issue-226/sim/digital-floorplan-compaction/requests/.klt/place-and-route/trng_digital_route.spef line 173578, pin bus_rdata_r[6] not found.
[WARNING STA-1656] /home/ubuntu/GitHub/sky130-trng/.loom/worktrees/issue-226/sim/digital-floorplan-compaction/requests/.klt/place-and-route/trng_digital_route.spef line 173579, pin bus_rdata_r[7] not found.
[WARNING STA-1656] /home/ubuntu/GitHub/sky130-trng/.loom/worktrees/issue-226/sim/digital-floorplan-compaction/requests/.klt/place-and-route/trng_digital_route.spef line 173636, pin bus_rdata_r[16] not found.
[WARNING STA-1656] /home/ubuntu/GitHub/sky130-trng/.loom/worktrees/issue-226/sim/digital-floorplan-compaction/requests/.klt/place-and-route/trng_digital_route.spef line 173637, pin bus_rdata_r[3] not found.
[WARNING STA-1656] /home/ubuntu/GitHub/sky130-trng/.loom/worktrees/issue-226/sim/digital-floorplan-compaction/requests/.klt/place-and-route/trng_digital_route.spef line 173638, pin bus_rdata_r[6] not found.
[WARNING STA-1656] /home/ubuntu/GitHub/sky130-trng/.loom/worktrees/issue-226/sim/digital-floorplan-compaction/requests/.klt/place-and-route/trng_digital_route.spef line 173639, pin bus_rdata_r[7] not found.
[WARNING STA-1656] /home/ubuntu/GitHub/sky130-trng/.loom/worktrees/issue-226/sim/digital-floorplan-compaction/requests/.klt/place-and-route/trng_digital_route.spef line 173664, pin bus_rdata_r[3] not found.
[WARNING STA-1656] /home/ubuntu/GitHub/sky130-trng/.loom/worktrees/issue-226/sim/digital-floorplan-compaction/requests/.klt/place-and-route/trng_digital_route.spef line 173665, pin bus_rdata_r[6] not found.
[WARNING STA-1656] /home/ubuntu/GitHub/sky130-trng/.loom/worktrees/issue-226/sim/digital-floorplan-compaction/requests/.klt/place-and-route/trng_digital_route.spef line 173666, pin bus_rdata_r[7] not found.
[WARNING STA-1656] /home/ubuntu/GitHub/sky130-trng/.loom/worktrees/issue-226/sim/digital-floorplan-compaction/requests/.klt/place-and-route/trng_digital_route.spef line 173785, pin bus_rdata_r[12] not found.
[WARNING STA-1656] /home/ubuntu/GitHub/sky130-trng/.loom/worktrees/issue-226/sim/digital-floorplan-compaction/requests/.klt/place-and-route/trng_digital_route.spef line 173860, pin bus_rdata_r[12] not found.
[WARNING STA-1656] /home/ubuntu/GitHub/sky130-trng/.loom/worktrees/issue-226/sim/digital-floorplan-compaction/requests/.klt/place-and-route/trng_digital_route.spef line 173861, pin bus_rdata_r[13] not found.
[WARNING STA-1656] /home/ubuntu/GitHub/sky130-trng/.loom/worktrees/issue-226/sim/digital-floorplan-compaction/requests/.klt/place-and-route/trng_digital_route.spef line 173862, pin bus_rdata_r[15] not found.
[WARNING STA-1656] /home/ubuntu/GitHub/sky130-trng/.loom/worktrees/issue-226/sim/digital-floorplan-compaction/requests/.klt/place-and-route/trng_digital_route.spef line 173863, pin bus_rdata_r[16] not found.
[WARNING STA-1656] /home/ubuntu/GitHub/sky130-trng/.loom/worktrees/issue-226/sim/digital-floorplan-compaction/requests/.klt/place-and-route/trng_digital_route.spef line 173864, pin bus_rdata_r[17] not found.
[WARNING STA-1656] /home/ubuntu/GitHub/sky130-trng/.loom/worktrees/issue-226/sim/digital-floorplan-compaction/requests/.klt/place-and-route/trng_digital_route.spef line 173865, pin bus_rdata_r[2] not found.
[WARNING STA-1656] /home/ubuntu/GitHub/sky130-trng/.loom/worktrees/issue-226/sim/digital-floorplan-compaction/requests/.klt/place-and-route/trng_digital_route.spef line 173866, pin bus_rdata_r[3] not found.
[WARNING STA-1656] /home/ubuntu/GitHub/sky130-trng/.loom/worktrees/issue-226/sim/digital-floorplan-compaction/requests/.klt/place-and-route/trng_digital_route.spef line 173867, pin bus_rdata_r[4] not found.
[WARNING STA-1656] /home/ubuntu/GitHub/sky130-trng/.loom/worktrees/issue-226/sim/digital-floorplan-compaction/requests/.klt/place-and-route/trng_digital_route.spef line 173868, pin bus_rdata_r[6] not found.
[WARNING STA-1656] /home/ubuntu/GitHub/sky130-trng/.loom/worktrees/issue-226/sim/digital-floorplan-compaction/requests/.klt/place-and-route/trng_digital_route.spef line 173869, pin bus_rdata_r[7] not found.
[WARNING STA-1656] /home/ubuntu/GitHub/sky130-trng/.loom/worktrees/issue-226/sim/digital-floorplan-compaction/requests/.klt/place-and-route/trng_digital_route.spef line 173933, pin bus_rdata_r[12] not found.
[WARNING STA-1656] /home/ubuntu/GitHub/sky130-trng/.loom/worktrees/issue-226/sim/digital-floorplan-compaction/requests/.klt/place-and-route/trng_digital_route.spef line 174066, pin bus_rdata_r[0] not found.
[WARNING STA-1656] /home/ubuntu/GitHub/sky130-trng/.loom/worktrees/issue-226/sim/digital-floorplan-compaction/requests/.klt/place-and-route/trng_digital_route.spef line 174067, pin bus_rdata_r[12] not found.
[WARNING STA-1656] /home/ubuntu/GitHub/sky130-trng/.loom/worktrees/issue-226/sim/digital-floorplan-compaction/requests/.klt/place-and-route/trng_digital_route.spef line 174068, pin bus_rdata_r[13] not found.
[WARNING STA-1656] /home/ubuntu/GitHub/sky130-trng/.loom/worktrees/issue-226/sim/digital-floorplan-compaction/requests/.klt/place-and-route/trng_digital_route.spef line 174069, pin bus_rdata_r[14] not found.
[WARNING STA-1656] /home/ubuntu/GitHub/sky130-trng/.loom/worktrees/issue-226/sim/digital-floorplan-compaction/requests/.klt/place-and-route/trng_digital_route.spef line 174070, pin bus_rdata_r[15] not found.
[WARNING STA-1656] /home/ubuntu/GitHub/sky130-trng/.loom/worktrees/issue-226/sim/digital-floorplan-compaction/requests/.klt/place-and-route/trng_digital_route.spef line 174071, pin bus_rdata_r[16] not found.
[WARNING STA-1656] /home/ubuntu/GitHub/sky130-trng/.loom/worktrees/issue-226/sim/digital-floorplan-compaction/requests/.klt/place-and-route/trng_digital_route.spef line 174072, pin bus_rdata_r[17] not found.
[WARNING STA-1656] /home/ubuntu/GitHub/sky130-trng/.loom/worktrees/issue-226/sim/digital-floorplan-compaction/requests/.klt/place-and-route/trng_digital_route.spef line 174073, pin bus_rdata_r[18] not found.
[WARNING STA-1656] /home/ubuntu/GitHub/sky130-trng/.loom/worktrees/issue-226/sim/digital-floorplan-compaction/requests/.klt/place-and-route/trng_digital_route.spef line 174074, pin bus_rdata_r[19] not found.
[WARNING STA-1656] /home/ubuntu/GitHub/sky130-trng/.loom/worktrees/issue-226/sim/digital-floorplan-compaction/requests/.klt/place-and-route/trng_digital_route.spef line 174075, pin bus_rdata_r[1] not found.
[WARNING STA-1656] /home/ubuntu/GitHub/sky130-trng/.loom/worktrees/issue-226/sim/digital-floorplan-compaction/requests/.klt/place-and-route/trng_digital_route.spef line 174076, pin bus_rdata_r[20] not found.
[WARNING STA-1656] /home/ubuntu/GitHub/sky130-trng/.loom/worktrees/issue-226/sim/digital-floorplan-compaction/requests/.klt/place-and-route/trng_digital_route.spef line 174077, pin bus_rdata_r[24] not found.
[WARNING STA-1656] /home/ubuntu/GitHub/sky130-trng/.loom/worktrees/issue-226/sim/digital-floorplan-compaction/requests/.klt/place-and-route/trng_digital_route.spef line 174078, pin bus_rdata_r[27] not found.
[WARNING STA-1656] /home/ubuntu/GitHub/sky130-trng/.loom/worktrees/issue-226/sim/digital-floorplan-compaction/requests/.klt/place-and-route/trng_digital_route.spef line 174079, pin bus_rdata_r[2] not found.
[WARNING STA-1656] /home/ubuntu/GitHub/sky130-trng/.loom/worktrees/issue-226/sim/digital-floorplan-compaction/requests/.klt/place-and-route/trng_digital_route.spef line 174080, pin bus_rdata_r[31] not found.
[WARNING STA-1656] /home/ubuntu/GitHub/sky130-trng/.loom/worktrees/issue-226/sim/digital-floorplan-compaction/requests/.klt/place-and-route/trng_digital_route.spef line 174081, pin bus_rdata_r[3] not found.
[WARNING STA-1656] /home/ubuntu/GitHub/sky130-trng/.loom/worktrees/issue-226/sim/digital-floorplan-compaction/requests/.klt/place-and-route/trng_digital_route.spef line 174082, pin bus_rdata_r[4] not found.
[WARNING STA-1656] /home/ubuntu/GitHub/sky130-trng/.loom/worktrees/issue-226/sim/digital-floorplan-compaction/requests/.klt/place-and-route/trng_digital_route.spef line 174083, pin bus_rdata_r[5] not found.
[WARNING STA-1656] /home/ubuntu/GitHub/sky130-trng/.loom/worktrees/issue-226/sim/digital-floorplan-compaction/requests/.klt/place-and-route/trng_digital_route.spef line 174084, pin bus_rdata_r[6] not found.
[WARNING STA-1656] /home/ubuntu/GitHub/sky130-trng/.loom/worktrees/issue-226/sim/digital-floorplan-compaction/requests/.klt/place-and-route/trng_digital_route.spef line 174085, pin bus_rdata_r[7] not found.
[WARNING STA-1656] /home/ubuntu/GitHub/sky130-trng/.loom/worktrees/issue-226/sim/digital-floorplan-compaction/requests/.klt/place-and-route/trng_digital_route.spef line 174086, pin bus_rdata_r[8] not found.
[WARNING STA-1656] /home/ubuntu/GitHub/sky130-trng/.loom/worktrees/issue-226/sim/digital-floorplan-compaction/requests/.klt/place-and-route/trng_digital_route.spef line 174087, pin bus_rdata_r[9] not found.
[WARNING STA-1656] /home/ubuntu/GitHub/sky130-trng/.loom/worktrees/issue-226/sim/digital-floorplan-compaction/requests/.klt/place-and-route/trng_digital_route.spef line 174161, pin startup_done_r not found.
[WARNING STA-1656] /home/ubuntu/GitHub/sky130-trng/.loom/worktrees/issue-226/sim/digital-floorplan-compaction/requests/.klt/place-and-route/trng_digital_route.spef line 174268, pin bus_rdata_r[27] not found.
[WARNING STA-1656] /home/ubuntu/GitHub/sky130-trng/.loom/worktrees/issue-226/sim/digital-floorplan-compaction/requests/.klt/place-and-route/trng_digital_route.spef line 174269, pin bus_rdata_r[31] not found.
[WARNING STA-1656] /home/ubuntu/GitHub/sky130-trng/.loom/worktrees/issue-226/sim/digital-floorplan-compaction/requests/.klt/place-and-route/trng_digital_route.spef line 174270, pin bus_rdata_r[5] not found.
[WARNING STA-1656] /home/ubuntu/GitHub/sky130-trng/.loom/worktrees/issue-226/sim/digital-floorplan-compaction/requests/.klt/place-and-route/trng_digital_route.spef line 174302, pin bus_rdata_r[24] not found.
[WARNING STA-1656] /home/ubuntu/GitHub/sky130-trng/.loom/worktrees/issue-226/sim/digital-floorplan-compaction/requests/.klt/place-and-route/trng_digital_route.spef line 174333, pin bus_rdata_r[15] not found.
[WARNING STA-1656] /home/ubuntu/GitHub/sky130-trng/.loom/worktrees/issue-226/sim/digital-floorplan-compaction/requests/.klt/place-and-route/trng_digital_route.spef line 174366, pin bus_rdata_r[12] not found.
[WARNING STA-1656] /home/ubuntu/GitHub/sky130-trng/.loom/worktrees/issue-226/sim/digital-floorplan-compaction/requests/.klt/place-and-route/trng_digital_route.spef line 174367, pin bus_rdata_r[13] not found.
[WARNING STA-1656] /home/ubuntu/GitHub/sky130-trng/.loom/worktrees/issue-226/sim/digital-floorplan-compaction/requests/.klt/place-and-route/trng_digital_route.spef line 174368, pin bus_rdata_r[14] not found.
[WARNING STA-1656] /home/ubuntu/GitHub/sky130-trng/.loom/worktrees/issue-226/sim/digital-floorplan-compaction/requests/.klt/place-and-route/trng_digital_route.spef line 174369, pin bus_rdata_r[8] not found.
[WARNING STA-1656] /home/ubuntu/GitHub/sky130-trng/.loom/worktrees/issue-226/sim/digital-floorplan-compaction/requests/.klt/place-and-route/trng_digital_route.spef line 174370, pin bus_rdata_r[9] not found.
[WARNING STA-1656] /home/ubuntu/GitHub/sky130-trng/.loom/worktrees/issue-226/sim/digital-floorplan-compaction/requests/.klt/place-and-route/trng_digital_route.spef line 174434, pin bus_rdata_r[5] not found.
[WARNING STA-1656] /home/ubuntu/GitHub/sky130-trng/.loom/worktrees/issue-226/sim/digital-floorplan-compaction/requests/.klt/place-and-route/trng_digital_route.spef line 174465, pin bus_rdata_r[12] not found.
[WARNING STA-1656] /home/ubuntu/GitHub/sky130-trng/.loom/worktrees/issue-226/sim/digital-floorplan-compaction/requests/.klt/place-and-route/trng_digital_route.spef line 174493, pin bus_rdata_r[15] not found.
[WARNING STA-1656] /home/ubuntu/GitHub/sky130-trng/.loom/worktrees/issue-226/sim/digital-floorplan-compaction/requests/.klt/place-and-route/trng_digital_route.spef line 174520, pin bus_rdata_r[1] not found.
[WARNING STA-1656] /home/ubuntu/GitHub/sky130-trng/.loom/worktrees/issue-226/sim/digital-floorplan-compaction/requests/.klt/place-and-route/trng_digital_route.spef line 174521, pin bus_rdata_r[8] not found.
[WARNING STA-1656] /home/ubuntu/GitHub/sky130-trng/.loom/worktrees/issue-226/sim/digital-floorplan-compaction/requests/.klt/place-and-route/trng_digital_route.spef line 174551, pin bus_rdata_r[12] not found.
[WARNING STA-1656] /home/ubuntu/GitHub/sky130-trng/.loom/worktrees/issue-226/sim/digital-floorplan-compaction/requests/.klt/place-and-route/trng_digital_route.spef line 174552, pin bus_rdata_r[13] not found.
[WARNING STA-1656] /home/ubuntu/GitHub/sky130-trng/.loom/worktrees/issue-226/sim/digital-floorplan-compaction/requests/.klt/place-and-route/trng_digital_route.spef line 174553, pin bus_rdata_r[14] not found.
[WARNING STA-1656] /home/ubuntu/GitHub/sky130-trng/.loom/worktrees/issue-226/sim/digital-floorplan-compaction/requests/.klt/place-and-route/trng_digital_route.spef line 174554, pin bus_rdata_r[15] not found.
[WARNING STA-1656] /home/ubuntu/GitHub/sky130-trng/.loom/worktrees/issue-226/sim/digital-floorplan-compaction/requests/.klt/place-and-route/trng_digital_route.spef line 174555, pin bus_rdata_r[1] not found.
[WARNING STA-1656] /home/ubuntu/GitHub/sky130-trng/.loom/worktrees/issue-226/sim/digital-floorplan-compaction/requests/.klt/place-and-route/trng_digital_route.spef line 174556, pin bus_rdata_r[8] not found.
[WARNING STA-1656] /home/ubuntu/GitHub/sky130-trng/.loom/worktrees/issue-226/sim/digital-floorplan-compaction/requests/.klt/place-and-route/trng_digital_route.spef line 174557, pin bus_rdata_r[9] not found.
[WARNING STA-1656] /home/ubuntu/GitHub/sky130-trng/.loom/worktrees/issue-226/sim/digital-floorplan-compaction/requests/.klt/place-and-route/trng_digital_route.spef line 174603, pin bus_rdata_r[13] not found.
[WARNING STA-1656] /home/ubuntu/GitHub/sky130-trng/.loom/worktrees/issue-226/sim/digital-floorplan-compaction/requests/.klt/place-and-route/trng_digital_route.spef line 174604, pin bus_rdata_r[14] not found.
[WARNING STA-1656] /home/ubuntu/GitHub/sky130-trng/.loom/worktrees/issue-226/sim/digital-floorplan-compaction/requests/.klt/place-and-route/trng_digital_route.spef line 174605, pin bus_rdata_r[15] not found.
[WARNING STA-1656] /home/ubuntu/GitHub/sky130-trng/.loom/worktrees/issue-226/sim/digital-floorplan-compaction/requests/.klt/place-and-route/trng_digital_route.spef line 174606, pin bus_rdata_r[16] not found.
[WARNING STA-1656] /home/ubuntu/GitHub/sky130-trng/.loom/worktrees/issue-226/sim/digital-floorplan-compaction/requests/.klt/place-and-route/trng_digital_route.spef line 174607, pin bus_rdata_r[17] not found.
[WARNING STA-1656] /home/ubuntu/GitHub/sky130-trng/.loom/worktrees/issue-226/sim/digital-floorplan-compaction/requests/.klt/place-and-route/trng_digital_route.spef line 174608, pin bus_rdata_r[18] not found.
[WARNING STA-1656] /home/ubuntu/GitHub/sky130-trng/.loom/worktrees/issue-226/sim/digital-floorplan-compaction/requests/.klt/place-and-route/trng_digital_route.spef line 174609, pin bus_rdata_r[1] not found.
[WARNING STA-1656] /home/ubuntu/GitHub/sky130-trng/.loom/worktrees/issue-226/sim/digital-floorplan-compaction/requests/.klt/place-and-route/trng_digital_route.spef line 174610, pin bus_rdata_r[21] not found.
[WARNING STA-1656] /home/ubuntu/GitHub/sky130-trng/.loom/worktrees/issue-226/sim/digital-floorplan-compaction/requests/.klt/place-and-route/trng_digital_route.spef line 174611, pin bus_rdata_r[23] not found.
[WARNING STA-1656] /home/ubuntu/GitHub/sky130-trng/.loom/worktrees/issue-226/sim/digital-floorplan-compaction/requests/.klt/place-and-route/trng_digital_route.spef line 174612, pin bus_rdata_r[24] not found.
[WARNING STA-1656] /home/ubuntu/GitHub/sky130-trng/.loom/worktrees/issue-226/sim/digital-floorplan-compaction/requests/.klt/place-and-route/trng_digital_route.spef line 174613, pin bus_rdata_r[27] not found.
[WARNING STA-1656] /home/ubuntu/GitHub/sky130-trng/.loom/worktrees/issue-226/sim/digital-floorplan-compaction/requests/.klt/place-and-route/trng_digital_route.spef line 174614, pin bus_rdata_r[3] not found.
[WARNING STA-1656] /home/ubuntu/GitHub/sky130-trng/.loom/worktrees/issue-226/sim/digital-floorplan-compaction/requests/.klt/place-and-route/trng_digital_route.spef line 174615, pin bus_rdata_r[4] not found.
[WARNING STA-1656] /home/ubuntu/GitHub/sky130-trng/.loom/worktrees/issue-226/sim/digital-floorplan-compaction/requests/.klt/place-and-route/trng_digital_route.spef line 174616, pin bus_rdata_r[5] not found.
[WARNING STA-1656] /home/ubuntu/GitHub/sky130-trng/.loom/worktrees/issue-226/sim/digital-floorplan-compaction/requests/.klt/place-and-route/trng_digital_route.spef line 174617, pin bus_rdata_r[7] not found.
[WARNING STA-1656] /home/ubuntu/GitHub/sky130-trng/.loom/worktrees/issue-226/sim/digital-floorplan-compaction/requests/.klt/place-and-route/trng_digital_route.spef line 174701, pin bus_rdata_r[31] not found.
[WARNING STA-1656] /home/ubuntu/GitHub/sky130-trng/.loom/worktrees/issue-226/sim/digital-floorplan-compaction/requests/.klt/place-and-route/trng_digital_route.spef line 174702, pin bus_rdata_r[5] not found.
[WARNING STA-1656] /home/ubuntu/GitHub/sky130-trng/.loom/worktrees/issue-226/sim/digital-floorplan-compaction/requests/.klt/place-and-route/trng_digital_route.spef line 174798, pin bus_rdata_r[24] not found.
[WARNING STA-1656] /home/ubuntu/GitHub/sky130-trng/.loom/worktrees/issue-226/sim/digital-floorplan-compaction/requests/.klt/place-and-route/trng_digital_route.spef line 174799, pin bus_rdata_r[31] not found.
[WARNING STA-1656] /home/ubuntu/GitHub/sky130-trng/.loom/worktrees/issue-226/sim/digital-floorplan-compaction/requests/.klt/place-and-route/trng_digital_route.spef line 174800, pin bus_rdata_r[5] not found.
[WARNING STA-1656] /home/ubuntu/GitHub/sky130-trng/.loom/worktrees/issue-226/sim/digital-floorplan-compaction/requests/.klt/place-and-route/trng_digital_route.spef line 174933, pin bus_rdata_r[13] not found.
[WARNING STA-1656] /home/ubuntu/GitHub/sky130-trng/.loom/worktrees/issue-226/sim/digital-floorplan-compaction/requests/.klt/place-and-route/trng_digital_route.spef line 174934, pin bus_rdata_r[14] not found.
[WARNING STA-1656] /home/ubuntu/GitHub/sky130-trng/.loom/worktrees/issue-226/sim/digital-floorplan-compaction/requests/.klt/place-and-route/trng_digital_route.spef line 174935, pin bus_rdata_r[15] not found.
[WARNING STA-1656] /home/ubuntu/GitHub/sky130-trng/.loom/worktrees/issue-226/sim/digital-floorplan-compaction/requests/.klt/place-and-route/trng_digital_route.spef line 174936, pin bus_rdata_r[1] not found.
[WARNING STA-1656] /home/ubuntu/GitHub/sky130-trng/.loom/worktrees/issue-226/sim/digital-floorplan-compaction/requests/.klt/place-and-route/trng_digital_route.spef line 174937, pin bus_rdata_r[4] not found.
[WARNING STA-1656] /home/ubuntu/GitHub/sky130-trng/.loom/worktrees/issue-226/sim/digital-floorplan-compaction/requests/.klt/place-and-route/trng_digital_route.spef line 174938, pin bus_rdata_r[5] not found.
[WARNING STA-1656] /home/ubuntu/GitHub/sky130-trng/.loom/worktrees/issue-226/sim/digital-floorplan-compaction/requests/.klt/place-and-route/trng_digital_route.spef line 175035, pin bus_rdata_r[0] not found.
[WARNING STA-1656] /home/ubuntu/GitHub/sky130-trng/.loom/worktrees/issue-226/sim/digital-floorplan-compaction/requests/.klt/place-and-route/trng_digital_route.spef line 175036, pin bus_rdata_r[1] not found.
[WARNING STA-1656] /home/ubuntu/GitHub/sky130-trng/.loom/worktrees/issue-226/sim/digital-floorplan-compaction/requests/.klt/place-and-route/trng_digital_route.spef line 175037, pin bus_rdata_r[23] not found.
[WARNING STA-1656] /home/ubuntu/GitHub/sky130-trng/.loom/worktrees/issue-226/sim/digital-floorplan-compaction/requests/.klt/place-and-route/trng_digital_route.spef line 175038, pin bus_rdata_r[24] not found.
[WARNING STA-1656] /home/ubuntu/GitHub/sky130-trng/.loom/worktrees/issue-226/sim/digital-floorplan-compaction/requests/.klt/place-and-route/trng_digital_route.spef line 175039, pin bus_rdata_r[27] not found.
[WARNING STA-1656] /home/ubuntu/GitHub/sky130-trng/.loom/worktrees/issue-226/sim/digital-floorplan-compaction/requests/.klt/place-and-route/trng_digital_route.spef line 175040, pin bus_rdata_r[29] not found.
[WARNING STA-1656] /home/ubuntu/GitHub/sky130-trng/.loom/worktrees/issue-226/sim/digital-floorplan-compaction/requests/.klt/place-and-route/trng_digital_route.spef line 175041, pin bus_rdata_r[31] not found.
[WARNING STA-1656] /home/ubuntu/GitHub/sky130-trng/.loom/worktrees/issue-226/sim/digital-floorplan-compaction/requests/.klt/place-and-route/trng_digital_route.spef line 175042, pin bus_rdata_r[5] not found.
[WARNING STA-1656] /home/ubuntu/GitHub/sky130-trng/.loom/worktrees/issue-226/sim/digital-floorplan-compaction/requests/.klt/place-and-route/trng_digital_route.spef line 175129, pin bus_rdata_r[13] not found.
[WARNING STA-1656] /home/ubuntu/GitHub/sky130-trng/.loom/worktrees/issue-226/sim/digital-floorplan-compaction/requests/.klt/place-and-route/trng_digital_route.spef line 175130, pin bus_rdata_r[14] not found.
[WARNING STA-1656] /home/ubuntu/GitHub/sky130-trng/.loom/worktrees/issue-226/sim/digital-floorplan-compaction/requests/.klt/place-and-route/trng_digital_route.spef line 175131, pin bus_rdata_r[15] not found.
[WARNING STA-1656] /home/ubuntu/GitHub/sky130-trng/.loom/worktrees/issue-226/sim/digital-floorplan-compaction/requests/.klt/place-and-route/trng_digital_route.spef line 175132, pin bus_rdata_r[16] not found.
[WARNING STA-1656] /home/ubuntu/GitHub/sky130-trng/.loom/worktrees/issue-226/sim/digital-floorplan-compaction/requests/.klt/place-and-route/trng_digital_route.spef line 175133, pin bus_rdata_r[17] not found.
[WARNING STA-1656] /home/ubuntu/GitHub/sky130-trng/.loom/worktrees/issue-226/sim/digital-floorplan-compaction/requests/.klt/place-and-route/trng_digital_route.spef line 175134, pin bus_rdata_r[1] not found.
[WARNING STA-1656] /home/ubuntu/GitHub/sky130-trng/.loom/worktrees/issue-226/sim/digital-floorplan-compaction/requests/.klt/place-and-route/trng_digital_route.spef line 175135, pin bus_rdata_r[3] not found.
[WARNING STA-1656] /home/ubuntu/GitHub/sky130-trng/.loom/worktrees/issue-226/sim/digital-floorplan-compaction/requests/.klt/place-and-route/trng_digital_route.spef line 175136, pin bus_rdata_r[4] not found.
[WARNING STA-1656] /home/ubuntu/GitHub/sky130-trng/.loom/worktrees/issue-226/sim/digital-floorplan-compaction/requests/.klt/place-and-route/trng_digital_route.spef line 175137, pin bus_rdata_r[5] not found.
[WARNING STA-1656] /home/ubuntu/GitHub/sky130-trng/.loom/worktrees/issue-226/sim/digital-floorplan-compaction/requests/.klt/place-and-route/trng_digital_route.spef line 175138, pin bus_rdata_r[7] not found.
[WARNING STA-1656] /home/ubuntu/GitHub/sky130-trng/.loom/worktrees/issue-226/sim/digital-floorplan-compaction/requests/.klt/place-and-route/trng_digital_route.spef line 175218, pin bus_rdata_r[15] not found.
[WARNING STA-1656] /home/ubuntu/GitHub/sky130-trng/.loom/worktrees/issue-226/sim/digital-floorplan-compaction/requests/.klt/place-and-route/trng_digital_route.spef line 175219, pin bus_rdata_r[16] not found.
[WARNING STA-1656] /home/ubuntu/GitHub/sky130-trng/.loom/worktrees/issue-226/sim/digital-floorplan-compaction/requests/.klt/place-and-route/trng_digital_route.spef line 175220, pin bus_rdata_r[17] not found.
[WARNING STA-1656] /home/ubuntu/GitHub/sky130-trng/.loom/worktrees/issue-226/sim/digital-floorplan-compaction/requests/.klt/place-and-route/trng_digital_route.spef line 175221, pin bus_rdata_r[3] not found.
[WARNING STA-1656] /home/ubuntu/GitHub/sky130-trng/.loom/worktrees/issue-226/sim/digital-floorplan-compaction/requests/.klt/place-and-route/trng_digital_route.spef line 175222, pin bus_rdata_r[4] not found.
[WARNING STA-1656] /home/ubuntu/GitHub/sky130-trng/.loom/worktrees/issue-226/sim/digital-floorplan-compaction/requests/.klt/place-and-route/trng_digital_route.spef line 175223, pin bus_rdata_r[7] not found.
[WARNING STA-1656] /home/ubuntu/GitHub/sky130-trng/.loom/worktrees/issue-226/sim/digital-floorplan-compaction/requests/.klt/place-and-route/trng_digital_route.spef line 175262, pin bus_rdata_r[12] not found.
[WARNING STA-1656] /home/ubuntu/GitHub/sky130-trng/.loom/worktrees/issue-226/sim/digital-floorplan-compaction/requests/.klt/place-and-route/trng_digital_route.spef line 175263, pin bus_rdata_r[13] not found.
[WARNING STA-1656] /home/ubuntu/GitHub/sky130-trng/.loom/worktrees/issue-226/sim/digital-floorplan-compaction/requests/.klt/place-and-route/trng_digital_route.spef line 175307, pin bus_rdata_r[14] not found.
[WARNING STA-1656] /home/ubuntu/GitHub/sky130-trng/.loom/worktrees/issue-226/sim/digital-floorplan-compaction/requests/.klt/place-and-route/trng_digital_route.spef line 175308, pin bus_rdata_r[1] not found.
[WARNING STA-1656] /home/ubuntu/GitHub/sky130-trng/.loom/worktrees/issue-226/sim/digital-floorplan-compaction/requests/.klt/place-and-route/trng_digital_route.spef line 175309, pin bus_rdata_r[24] not found.
[WARNING STA-1656] /home/ubuntu/GitHub/sky130-trng/.loom/worktrees/issue-226/sim/digital-floorplan-compaction/requests/.klt/place-and-route/trng_digital_route.spef line 175310, pin bus_rdata_r[31] not found.
[WARNING STA-1656] /home/ubuntu/GitHub/sky130-trng/.loom/worktrees/issue-226/sim/digital-floorplan-compaction/requests/.klt/place-and-route/trng_digital_route.spef line 175311, pin bus_rdata_r[5] not found.
[WARNING STA-1656] /home/ubuntu/GitHub/sky130-trng/.loom/worktrees/issue-226/sim/digital-floorplan-compaction/requests/.klt/place-and-route/trng_digital_route.spef line 175312, pin bus_rdata_r[8] not found.
[WARNING STA-1656] /home/ubuntu/GitHub/sky130-trng/.loom/worktrees/issue-226/sim/digital-floorplan-compaction/requests/.klt/place-and-route/trng_digital_route.spef line 175313, pin bus_rdata_r[9] not found.
[WARNING STA-1656] /home/ubuntu/GitHub/sky130-trng/.loom/worktrees/issue-226/sim/digital-floorplan-compaction/requests/.klt/place-and-route/trng_digital_route.spef line 175396, pin bus_rdata_r[12] not found.
[WARNING STA-1656] /home/ubuntu/GitHub/sky130-trng/.loom/worktrees/issue-226/sim/digital-floorplan-compaction/requests/.klt/place-and-route/trng_digital_route.spef line 175397, pin bus_rdata_r[13] not found.
[WARNING STA-1656] /home/ubuntu/GitHub/sky130-trng/.loom/worktrees/issue-226/sim/digital-floorplan-compaction/requests/.klt/place-and-route/trng_digital_route.spef line 175398, pin bus_rdata_r[14] not found.
[WARNING STA-1656] /home/ubuntu/GitHub/sky130-trng/.loom/worktrees/issue-226/sim/digital-floorplan-compaction/requests/.klt/place-and-route/trng_digital_route.spef line 175399, pin bus_rdata_r[15] not found.
[WARNING STA-1656] /home/ubuntu/GitHub/sky130-trng/.loom/worktrees/issue-226/sim/digital-floorplan-compaction/requests/.klt/place-and-route/trng_digital_route.spef line 175400, pin bus_rdata_r[1] not found.
[WARNING STA-1656] /home/ubuntu/GitHub/sky130-trng/.loom/worktrees/issue-226/sim/digital-floorplan-compaction/requests/.klt/place-and-route/trng_digital_route.spef line 175401, pin bus_rdata_r[5] not found.
[WARNING STA-1656] /home/ubuntu/GitHub/sky130-trng/.loom/worktrees/issue-226/sim/digital-floorplan-compaction/requests/.klt/place-and-route/trng_digital_route.spef line 175402, pin bus_rdata_r[8] not found.
[WARNING STA-1656] /home/ubuntu/GitHub/sky130-trng/.loom/worktrees/issue-226/sim/digital-floorplan-compaction/requests/.klt/place-and-route/trng_digital_route.spef line 175403, pin bus_rdata_r[9] not found.
[WARNING STA-1656] /home/ubuntu/GitHub/sky130-trng/.loom/worktrees/issue-226/sim/digital-floorplan-compaction/requests/.klt/place-and-route/trng_digital_route.spef line 175487, pin bus_rdata_r[8] not found.
[WARNING STA-1656] /home/ubuntu/GitHub/sky130-trng/.loom/worktrees/issue-226/sim/digital-floorplan-compaction/requests/.klt/place-and-route/trng_digital_route.spef line 175488, pin bus_rdata_r[9] not found.
[WARNING STA-1656] /home/ubuntu/GitHub/sky130-trng/.loom/worktrees/issue-226/sim/digital-floorplan-compaction/requests/.klt/place-and-route/trng_digital_route.spef line 175532, pin bus_rdata_r[12] not found.
[WARNING STA-1656] /home/ubuntu/GitHub/sky130-trng/.loom/worktrees/issue-226/sim/digital-floorplan-compaction/requests/.klt/place-and-route/trng_digital_route.spef line 175533, pin bus_rdata_r[1] not found.
[WARNING STA-1656] /home/ubuntu/GitHub/sky130-trng/.loom/worktrees/issue-226/sim/digital-floorplan-compaction/requests/.klt/place-and-route/trng_digital_route.spef line 175534, pin bus_rdata_r[3] not found.
[WARNING STA-1656] /home/ubuntu/GitHub/sky130-trng/.loom/worktrees/issue-226/sim/digital-floorplan-compaction/requests/.klt/place-and-route/trng_digital_route.spef line 175535, pin bus_rdata_r[4] not found.
[WARNING STA-1656] /home/ubuntu/GitHub/sky130-trng/.loom/worktrees/issue-226/sim/digital-floorplan-compaction/requests/.klt/place-and-route/trng_digital_route.spef line 175536, pin bus_rdata_r[6] not found.
[WARNING STA-1656] /home/ubuntu/GitHub/sky130-trng/.loom/worktrees/issue-226/sim/digital-floorplan-compaction/requests/.klt/place-and-route/trng_digital_route.spef line 175537, pin bus_rdata_r[7] not found.
[WARNING STA-1656] /home/ubuntu/GitHub/sky130-trng/.loom/worktrees/issue-226/sim/digital-floorplan-compaction/requests/.klt/place-and-route/trng_digital_route.spef line 175538, pin bus_rdata_r[8] not found.
[WARNING STA-1656] /home/ubuntu/GitHub/sky130-trng/.loom/worktrees/issue-226/sim/digital-floorplan-compaction/requests/.klt/place-and-route/trng_digital_route.spef line 175539, pin bus_rdata_r[9] not found.
[WARNING STA-1656] /home/ubuntu/GitHub/sky130-trng/.loom/worktrees/issue-226/sim/digital-floorplan-compaction/requests/.klt/place-and-route/trng_digital_route.spef line 175584, pin bus_rdata_r[1] not found.
[WARNING STA-1656] /home/ubuntu/GitHub/sky130-trng/.loom/worktrees/issue-226/sim/digital-floorplan-compaction/requests/.klt/place-and-route/trng_digital_route.spef line 175585, pin bus_rdata_r[8] not found.
[WARNING STA-1656] /home/ubuntu/GitHub/sky130-trng/.loom/worktrees/issue-226/sim/digital-floorplan-compaction/requests/.klt/place-and-route/trng_digital_route.spef line 175586, pin bus_rdata_r[9] not found.
[WARNING STA-1656] /home/ubuntu/GitHub/sky130-trng/.loom/worktrees/issue-226/sim/digital-floorplan-compaction/requests/.klt/place-and-route/trng_digital_route.spef line 175615, pin bus_rdata_r[1] not found.
[WARNING STA-1656] /home/ubuntu/GitHub/sky130-trng/.loom/worktrees/issue-226/sim/digital-floorplan-compaction/requests/.klt/place-and-route/trng_digital_route.spef line 175616, pin bus_rdata_r[8] not found.
[WARNING STA-1656] /home/ubuntu/GitHub/sky130-trng/.loom/worktrees/issue-226/sim/digital-floorplan-compaction/requests/.klt/place-and-route/trng_digital_route.spef line 175617, pin bus_rdata_r[9] not found.
[WARNING STA-1656] /home/ubuntu/GitHub/sky130-trng/.loom/worktrees/issue-226/sim/digital-floorplan-compaction/requests/.klt/place-and-route/trng_digital_route.spef line 175652, pin bus_rdata_r[12] not found.
[WARNING STA-1656] /home/ubuntu/GitHub/sky130-trng/.loom/worktrees/issue-226/sim/digital-floorplan-compaction/requests/.klt/place-and-route/trng_digital_route.spef line 175653, pin bus_rdata_r[13] not found.
[WARNING STA-1656] /home/ubuntu/GitHub/sky130-trng/.loom/worktrees/issue-226/sim/digital-floorplan-compaction/requests/.klt/place-and-route/trng_digital_route.spef line 175654, pin bus_rdata_r[14] not found.
[WARNING STA-1656] /home/ubuntu/GitHub/sky130-trng/.loom/worktrees/issue-226/sim/digital-floorplan-compaction/requests/.klt/place-and-route/trng_digital_route.spef line 175655, pin bus_rdata_r[1] not found.
[WARNING STA-1656] /home/ubuntu/GitHub/sky130-trng/.loom/worktrees/issue-226/sim/digital-floorplan-compaction/requests/.klt/place-and-route/trng_digital_route.spef line 175656, pin bus_rdata_r[8] not found.
[WARNING STA-1656] /home/ubuntu/GitHub/sky130-trng/.loom/worktrees/issue-226/sim/digital-floorplan-compaction/requests/.klt/place-and-route/trng_digital_route.spef line 175657, pin bus_rdata_r[9] not found.
[WARNING STA-1656] /home/ubuntu/GitHub/sky130-trng/.loom/worktrees/issue-226/sim/digital-floorplan-compaction/requests/.klt/place-and-route/trng_digital_route.spef line 175692, pin bus_rdata_r[12] not found.
[WARNING STA-1656] /home/ubuntu/GitHub/sky130-trng/.loom/worktrees/issue-226/sim/digital-floorplan-compaction/requests/.klt/place-and-route/trng_digital_route.spef line 175693, pin bus_rdata_r[13] not found.
[WARNING STA-1656] /home/ubuntu/GitHub/sky130-trng/.loom/worktrees/issue-226/sim/digital-floorplan-compaction/requests/.klt/place-and-route/trng_digital_route.spef line 175694, pin bus_rdata_r[14] not found.
[WARNING STA-1656] /home/ubuntu/GitHub/sky130-trng/.loom/worktrees/issue-226/sim/digital-floorplan-compaction/requests/.klt/place-and-route/trng_digital_route.spef line 175695, pin bus_rdata_r[8] not found.
[WARNING STA-1656] /home/ubuntu/GitHub/sky130-trng/.loom/worktrees/issue-226/sim/digital-floorplan-compaction/requests/.klt/place-and-route/trng_digital_route.spef line 175696, pin bus_rdata_r[9] not found.
[WARNING STA-1656] /home/ubuntu/GitHub/sky130-trng/.loom/worktrees/issue-226/sim/digital-floorplan-compaction/requests/.klt/place-and-route/trng_digital_route.spef line 175736, pin bus_rdata_r[1] not found.
[WARNING STA-1656] /home/ubuntu/GitHub/sky130-trng/.loom/worktrees/issue-226/sim/digital-floorplan-compaction/requests/.klt/place-and-route/trng_digital_route.spef line 175737, pin bus_rdata_r[5] not found.
[WARNING STA-1656] /home/ubuntu/GitHub/sky130-trng/.loom/worktrees/issue-226/sim/digital-floorplan-compaction/requests/.klt/place-and-route/trng_digital_route.spef line 175738, pin bus_rdata_r[8] not found.
[WARNING STA-1656] /home/ubuntu/GitHub/sky130-trng/.loom/worktrees/issue-226/sim/digital-floorplan-compaction/requests/.klt/place-and-route/trng_digital_route.spef line 175739, pin bus_rdata_r[9] not found.
[WARNING STA-1656] /home/ubuntu/GitHub/sky130-trng/.loom/worktrees/issue-226/sim/digital-floorplan-compaction/requests/.klt/place-and-route/trng_digital_route.spef line 175819, pin bus_rdata_r[1] not found.
[WARNING STA-1656] /home/ubuntu/GitHub/sky130-trng/.loom/worktrees/issue-226/sim/digital-floorplan-compaction/requests/.klt/place-and-route/trng_digital_route.spef line 175820, pin bus_rdata_r[5] not found.
[WARNING STA-1656] /home/ubuntu/GitHub/sky130-trng/.loom/worktrees/issue-226/sim/digital-floorplan-compaction/requests/.klt/place-and-route/trng_digital_route.spef line 175821, pin bus_rdata_r[8] not found.
[WARNING STA-1656] /home/ubuntu/GitHub/sky130-trng/.loom/worktrees/issue-226/sim/digital-floorplan-compaction/requests/.klt/place-and-route/trng_digital_route.spef line 175822, pin bus_rdata_r[9] not found.
[WARNING STA-1656] /home/ubuntu/GitHub/sky130-trng/.loom/worktrees/issue-226/sim/digital-floorplan-compaction/requests/.klt/place-and-route/trng_digital_route.spef line 175929, pin bus_rdata_r[5] not found.
[WARNING STA-1656] /home/ubuntu/GitHub/sky130-trng/.loom/worktrees/issue-226/sim/digital-floorplan-compaction/requests/.klt/place-and-route/trng_digital_route.spef line 175930, pin bus_rdata_r[8] not found.
[WARNING STA-1656] /home/ubuntu/GitHub/sky130-trng/.loom/worktrees/issue-226/sim/digital-floorplan-compaction/requests/.klt/place-and-route/trng_digital_route.spef line 176053, pin bus_rdata_r[13] not found.
[WARNING STA-1656] /home/ubuntu/GitHub/sky130-trng/.loom/worktrees/issue-226/sim/digital-floorplan-compaction/requests/.klt/place-and-route/trng_digital_route.spef line 176054, pin bus_rdata_r[14] not found.
[WARNING STA-1656] /home/ubuntu/GitHub/sky130-trng/.loom/worktrees/issue-226/sim/digital-floorplan-compaction/requests/.klt/place-and-route/trng_digital_route.spef line 176055, pin bus_rdata_r[15] not found.
[WARNING STA-1656] /home/ubuntu/GitHub/sky130-trng/.loom/worktrees/issue-226/sim/digital-floorplan-compaction/requests/.klt/place-and-route/trng_digital_route.spef line 176056, pin bus_rdata_r[16] not found.
[WARNING STA-1656] /home/ubuntu/GitHub/sky130-trng/.loom/worktrees/issue-226/sim/digital-floorplan-compaction/requests/.klt/place-and-route/trng_digital_route.spef line 176057, pin bus_rdata_r[1] not found.
[WARNING STA-1656] /home/ubuntu/GitHub/sky130-trng/.loom/worktrees/issue-226/sim/digital-floorplan-compaction/requests/.klt/place-and-route/trng_digital_route.spef line 176058, pin bus_rdata_r[3] not found.
[WARNING STA-1656] /home/ubuntu/GitHub/sky130-trng/.loom/worktrees/issue-226/sim/digital-floorplan-compaction/requests/.klt/place-and-route/trng_digital_route.spef line 176059, pin bus_rdata_r[4] not found.
[WARNING STA-1656] /home/ubuntu/GitHub/sky130-trng/.loom/worktrees/issue-226/sim/digital-floorplan-compaction/requests/.klt/place-and-route/trng_digital_route.spef line 176060, pin bus_rdata_r[5] not found.
[WARNING STA-1656] /home/ubuntu/GitHub/sky130-trng/.loom/worktrees/issue-226/sim/digital-floorplan-compaction/requests/.klt/place-and-route/trng_digital_route.spef line 176061, pin bus_rdata_r[7] not found.
[WARNING STA-1656] /home/ubuntu/GitHub/sky130-trng/.loom/worktrees/issue-226/sim/digital-floorplan-compaction/requests/.klt/place-and-route/trng_digital_route.spef line 176155, pin bus_rdata_r[5] not found.
[WARNING STA-1656] /home/ubuntu/GitHub/sky130-trng/.loom/worktrees/issue-226/sim/digital-floorplan-compaction/requests/.klt/place-and-route/trng_digital_route.spef line 176194, pin bus_rdata_r[12] not found.
[WARNING STA-1656] /home/ubuntu/GitHub/sky130-trng/.loom/worktrees/issue-226/sim/digital-floorplan-compaction/requests/.klt/place-and-route/trng_digital_route.spef line 176195, pin bus_rdata_r[9] not found.
[WARNING STA-1656] /home/ubuntu/GitHub/sky130-trng/.loom/worktrees/issue-226/sim/digital-floorplan-compaction/requests/.klt/place-and-route/trng_digital_route.spef line 176208, pin startup_done_r not found.
[WARNING STA-1656] /home/ubuntu/GitHub/sky130-trng/.loom/worktrees/issue-226/sim/digital-floorplan-compaction/requests/.klt/place-and-route/trng_digital_route.spef line 176229, pin bus_rdata_r[5] not found.
[WARNING STA-1656] /home/ubuntu/GitHub/sky130-trng/.loom/worktrees/issue-226/sim/digital-floorplan-compaction/requests/.klt/place-and-route/trng_digital_route.spef line 176254, pin bus_rdata_r[5] not found.
[WARNING STA-1656] /home/ubuntu/GitHub/sky130-trng/.loom/worktrees/issue-226/sim/digital-floorplan-compaction/requests/.klt/place-and-route/trng_digital_route.spef line 176381, pin bus_rdata_r[5] not found.
[WARNING STA-1656] /home/ubuntu/GitHub/sky130-trng/.loom/worktrees/issue-226/sim/digital-floorplan-compaction/requests/.klt/place-and-route/trng_digital_route.spef line 176489, pin bus_rdata_r[6] not found.
[WARNING STA-1656] /home/ubuntu/GitHub/sky130-trng/.loom/worktrees/issue-226/sim/digital-floorplan-compaction/requests/.klt/place-and-route/trng_digital_route.spef line 176490, pin bus_rdata_r[7] not found.
[WARNING STA-1656] /home/ubuntu/GitHub/sky130-trng/.loom/worktrees/issue-226/sim/digital-floorplan-compaction/requests/.klt/place-and-route/trng_digital_route.spef line 176517, pin startup_done_r not found.
[WARNING STA-1656] /home/ubuntu/GitHub/sky130-trng/.loom/worktrees/issue-226/sim/digital-floorplan-compaction/requests/.klt/place-and-route/trng_digital_route.spef line 176593, pin startup_done_r not found.
[WARNING STA-1656] /home/ubuntu/GitHub/sky130-trng/.loom/worktrees/issue-226/sim/digital-floorplan-compaction/requests/.klt/place-and-route/trng_digital_route.spef line 176899, pin bus_rdata_r[4] not found.
[WARNING STA-1656] /home/ubuntu/GitHub/sky130-trng/.loom/worktrees/issue-226/sim/digital-floorplan-compaction/requests/.klt/place-and-route/trng_digital_route.spef line 176900, pin bus_rdata_r[9] not found.
[WARNING STA-1656] /home/ubuntu/GitHub/sky130-trng/.loom/worktrees/issue-226/sim/digital-floorplan-compaction/requests/.klt/place-and-route/trng_digital_route.spef line 176920, pin startup_done_r not found.
[WARNING STA-1656] /home/ubuntu/GitHub/sky130-trng/.loom/worktrees/issue-226/sim/digital-floorplan-compaction/requests/.klt/place-and-route/trng_digital_route.spef line 177009, pin bus_rdata_r[12] not found.
[WARNING STA-1656] /home/ubuntu/GitHub/sky130-trng/.loom/worktrees/issue-226/sim/digital-floorplan-compaction/requests/.klt/place-and-route/trng_digital_route.spef line 177010, pin bus_rdata_r[1] not found.
[WARNING STA-1656] /home/ubuntu/GitHub/sky130-trng/.loom/worktrees/issue-226/sim/digital-floorplan-compaction/requests/.klt/place-and-route/trng_digital_route.spef line 177011, pin bus_rdata_r[5] not found.
[WARNING STA-1656] /home/ubuntu/GitHub/sky130-trng/.loom/worktrees/issue-226/sim/digital-floorplan-compaction/requests/.klt/place-and-route/trng_digital_route.spef line 177012, pin bus_rdata_r[8] not found.
[WARNING STA-1656] /home/ubuntu/GitHub/sky130-trng/.loom/worktrees/issue-226/sim/digital-floorplan-compaction/requests/.klt/place-and-route/trng_digital_route.spef line 177013, pin bus_rdata_r[9] not found.
[WARNING STA-1656] /home/ubuntu/GitHub/sky130-trng/.loom/worktrees/issue-226/sim/digital-floorplan-compaction/requests/.klt/place-and-route/trng_digital_route.spef line 177125, pin bus_rdata_r[12] not found.
[WARNING STA-1656] /home/ubuntu/GitHub/sky130-trng/.loom/worktrees/issue-226/sim/digital-floorplan-compaction/requests/.klt/place-and-route/trng_digital_route.spef line 177126, pin bus_rdata_r[9] not found.
[WARNING STA-1656] /home/ubuntu/GitHub/sky130-trng/.loom/worktrees/issue-226/sim/digital-floorplan-compaction/requests/.klt/place-and-route/trng_digital_route.spef line 177253, pin bus_rdata_r[12] not found.
[WARNING STA-1656] /home/ubuntu/GitHub/sky130-trng/.loom/worktrees/issue-226/sim/digital-floorplan-compaction/requests/.klt/place-and-route/trng_digital_route.spef line 177254, pin bus_rdata_r[1] not found.
[WARNING STA-1656] /home/ubuntu/GitHub/sky130-trng/.loom/worktrees/issue-226/sim/digital-floorplan-compaction/requests/.klt/place-and-route/trng_digital_route.spef line 177255, pin bus_rdata_r[8] not found.
[WARNING STA-1656] /home/ubuntu/GitHub/sky130-trng/.loom/worktrees/issue-226/sim/digital-floorplan-compaction/requests/.klt/place-and-route/trng_digital_route.spef line 177256, pin bus_rdata_r[9] not found.
[WARNING STA-1656] /home/ubuntu/GitHub/sky130-trng/.loom/worktrees/issue-226/sim/digital-floorplan-compaction/requests/.klt/place-and-route/trng_digital_route.spef line 177332, pin bus_rdata_r[13] not found.
[WARNING STA-1656] /home/ubuntu/GitHub/sky130-trng/.loom/worktrees/issue-226/sim/digital-floorplan-compaction/requests/.klt/place-and-route/trng_digital_route.spef line 177333, pin bus_rdata_r[14] not found.
[WARNING STA-1656] /home/ubuntu/GitHub/sky130-trng/.loom/worktrees/issue-226/sim/digital-floorplan-compaction/requests/.klt/place-and-route/trng_digital_route.spef line 177365, pin bus_rdata_r[24] not found.
[WARNING STA-1656] /home/ubuntu/GitHub/sky130-trng/.loom/worktrees/issue-226/sim/digital-floorplan-compaction/requests/.klt/place-and-route/trng_digital_route.spef line 177402, pin bus_rdata_r[1] not found.
[WARNING STA-1656] /home/ubuntu/GitHub/sky130-trng/.loom/worktrees/issue-226/sim/digital-floorplan-compaction/requests/.klt/place-and-route/trng_digital_route.spef line 177403, pin bus_rdata_r[31] not found.
[WARNING STA-1656] /home/ubuntu/GitHub/sky130-trng/.loom/worktrees/issue-226/sim/digital-floorplan-compaction/requests/.klt/place-and-route/trng_digital_route.spef line 177404, pin bus_rdata_r[8] not found.
[WARNING STA-1656] /home/ubuntu/GitHub/sky130-trng/.loom/worktrees/issue-226/sim/digital-floorplan-compaction/requests/.klt/place-and-route/trng_digital_route.spef line 177405, pin bus_rdata_r[9] not found.
[WARNING STA-1656] /home/ubuntu/GitHub/sky130-trng/.loom/worktrees/issue-226/sim/digital-floorplan-compaction/requests/.klt/place-and-route/trng_digital_route.spef line 177440, pin bus_rdata_r[5] not found.
[WARNING STA-1656] /home/ubuntu/GitHub/sky130-trng/.loom/worktrees/issue-226/sim/digital-floorplan-compaction/requests/.klt/place-and-route/trng_digital_route.spef line 177721, pin bus_rdata_r[12] not found.
[WARNING STA-1656] /home/ubuntu/GitHub/sky130-trng/.loom/worktrees/issue-226/sim/digital-floorplan-compaction/requests/.klt/place-and-route/trng_digital_route.spef line 177722, pin bus_rdata_r[13] not found.
[WARNING STA-1656] /home/ubuntu/GitHub/sky130-trng/.loom/worktrees/issue-226/sim/digital-floorplan-compaction/requests/.klt/place-and-route/trng_digital_route.spef line 177723, pin bus_rdata_r[14] not found.
[WARNING STA-1656] /home/ubuntu/GitHub/sky130-trng/.loom/worktrees/issue-226/sim/digital-floorplan-compaction/requests/.klt/place-and-route/trng_digital_route.spef line 177724, pin bus_rdata_r[8] not found.
[WARNING STA-1656] /home/ubuntu/GitHub/sky130-trng/.loom/worktrees/issue-226/sim/digital-floorplan-compaction/requests/.klt/place-and-route/trng_digital_route.spef line 177725, pin bus_rdata_r[9] not found.
[WARNING STA-1656] /home/ubuntu/GitHub/sky130-trng/.loom/worktrees/issue-226/sim/digital-floorplan-compaction/requests/.klt/place-and-route/trng_digital_route.spef line 177835, pin bus_rdata_r[5] not found.
[WARNING STA-1656] /home/ubuntu/GitHub/sky130-trng/.loom/worktrees/issue-226/sim/digital-floorplan-compaction/requests/.klt/place-and-route/trng_digital_route.spef line 178208, pin startup_done_r not found.
[WARNING STA-1656] /home/ubuntu/GitHub/sky130-trng/.loom/worktrees/issue-226/sim/digital-floorplan-compaction/requests/.klt/place-and-route/trng_digital_route.spef line 178455, pin bus_rdata_r[5] not found.
[WARNING STA-1656] /home/ubuntu/GitHub/sky130-trng/.loom/worktrees/issue-226/sim/digital-floorplan-compaction/requests/.klt/place-and-route/trng_digital_route.spef line 178538, pin bus_rdata_r[0] not found.
[WARNING STA-1656] /home/ubuntu/GitHub/sky130-trng/.loom/worktrees/issue-226/sim/digital-floorplan-compaction/requests/.klt/place-and-route/trng_digital_route.spef line 178539, pin bus_rdata_r[10] not found.
[WARNING STA-1656] /home/ubuntu/GitHub/sky130-trng/.loom/worktrees/issue-226/sim/digital-floorplan-compaction/requests/.klt/place-and-route/trng_digital_route.spef line 178540, pin bus_rdata_r[11] not found.
[WARNING STA-1656] /home/ubuntu/GitHub/sky130-trng/.loom/worktrees/issue-226/sim/digital-floorplan-compaction/requests/.klt/place-and-route/trng_digital_route.spef line 178541, pin bus_rdata_r[12] not found.
[WARNING STA-1656] /home/ubuntu/GitHub/sky130-trng/.loom/worktrees/issue-226/sim/digital-floorplan-compaction/requests/.klt/place-and-route/trng_digital_route.spef line 178542, pin bus_rdata_r[13] not found.
[WARNING STA-1656] /home/ubuntu/GitHub/sky130-trng/.loom/worktrees/issue-226/sim/digital-floorplan-compaction/requests/.klt/place-and-route/trng_digital_route.spef line 178543, pin bus_rdata_r[14] not found.
[WARNING STA-1656] /home/ubuntu/GitHub/sky130-trng/.loom/worktrees/issue-226/sim/digital-floorplan-compaction/requests/.klt/place-and-route/trng_digital_route.spef line 178544, pin bus_rdata_r[15] not found.
[WARNING STA-1656] /home/ubuntu/GitHub/sky130-trng/.loom/worktrees/issue-226/sim/digital-floorplan-compaction/requests/.klt/place-and-route/trng_digital_route.spef line 178545, pin bus_rdata_r[16] not found.
[WARNING STA-1656] /home/ubuntu/GitHub/sky130-trng/.loom/worktrees/issue-226/sim/digital-floorplan-compaction/requests/.klt/place-and-route/trng_digital_route.spef line 178546, pin bus_rdata_r[17] not found.
[WARNING STA-1656] /home/ubuntu/GitHub/sky130-trng/.loom/worktrees/issue-226/sim/digital-floorplan-compaction/requests/.klt/place-and-route/trng_digital_route.spef line 178547, pin bus_rdata_r[18] not found.
[WARNING STA-1656] /home/ubuntu/GitHub/sky130-trng/.loom/worktrees/issue-226/sim/digital-floorplan-compaction/requests/.klt/place-and-route/trng_digital_route.spef line 178548, pin bus_rdata_r[19] not found.
[WARNING STA-1656] /home/ubuntu/GitHub/sky130-trng/.loom/worktrees/issue-226/sim/digital-floorplan-compaction/requests/.klt/place-and-route/trng_digital_route.spef line 178549, pin bus_rdata_r[1] not found.
[WARNING STA-1656] /home/ubuntu/GitHub/sky130-trng/.loom/worktrees/issue-226/sim/digital-floorplan-compaction/requests/.klt/place-and-route/trng_digital_route.spef line 178550, pin bus_rdata_r[20] not found.
[WARNING STA-1656] /home/ubuntu/GitHub/sky130-trng/.loom/worktrees/issue-226/sim/digital-floorplan-compaction/requests/.klt/place-and-route/trng_digital_route.spef line 178551, pin bus_rdata_r[21] not found.
[WARNING STA-1656] /home/ubuntu/GitHub/sky130-trng/.loom/worktrees/issue-226/sim/digital-floorplan-compaction/requests/.klt/place-and-route/trng_digital_route.spef line 178552, pin bus_rdata_r[22] not found.
[WARNING STA-1656] /home/ubuntu/GitHub/sky130-trng/.loom/worktrees/issue-226/sim/digital-floorplan-compaction/requests/.klt/place-and-route/trng_digital_route.spef line 178553, pin bus_rdata_r[23] not found.
[WARNING STA-1656] /home/ubuntu/GitHub/sky130-trng/.loom/worktrees/issue-226/sim/digital-floorplan-compaction/requests/.klt/place-and-route/trng_digital_route.spef line 178554, pin bus_rdata_r[24] not found.
[WARNING STA-1656] /home/ubuntu/GitHub/sky130-trng/.loom/worktrees/issue-226/sim/digital-floorplan-compaction/requests/.klt/place-and-route/trng_digital_route.spef line 178555, pin bus_rdata_r[25] not found.
[WARNING STA-1656] /home/ubuntu/GitHub/sky130-trng/.loom/worktrees/issue-226/sim/digital-floorplan-compaction/requests/.klt/place-and-route/trng_digital_route.spef line 178556, pin bus_rdata_r[26] not found.
[WARNING STA-1656] /home/ubuntu/GitHub/sky130-trng/.loom/worktrees/issue-226/sim/digital-floorplan-compaction/requests/.klt/place-and-route/trng_digital_route.spef line 178557, pin bus_rdata_r[27] not found.
[WARNING STA-1656] /home/ubuntu/GitHub/sky130-trng/.loom/worktrees/issue-226/sim/digital-floorplan-compaction/requests/.klt/place-and-route/trng_digital_route.spef line 178558, pin bus_rdata_r[28] not found.
[WARNING STA-1656] /home/ubuntu/GitHub/sky130-trng/.loom/worktrees/issue-226/sim/digital-floorplan-compaction/requests/.klt/place-and-route/trng_digital_route.spef line 178559, pin bus_rdata_r[29] not found.
[WARNING STA-1656] /home/ubuntu/GitHub/sky130-trng/.loom/worktrees/issue-226/sim/digital-floorplan-compaction/requests/.klt/place-and-route/trng_digital_route.spef line 178560, pin bus_rdata_r[2] not found.
[WARNING STA-1656] /home/ubuntu/GitHub/sky130-trng/.loom/worktrees/issue-226/sim/digital-floorplan-compaction/requests/.klt/place-and-route/trng_digital_route.spef line 178561, pin bus_rdata_r[30] not found.
[WARNING STA-1656] /home/ubuntu/GitHub/sky130-trng/.loom/worktrees/issue-226/sim/digital-floorplan-compaction/requests/.klt/place-and-route/trng_digital_route.spef line 178562, pin bus_rdata_r[31] not found.
[WARNING STA-1656] /home/ubuntu/GitHub/sky130-trng/.loom/worktrees/issue-226/sim/digital-floorplan-compaction/requests/.klt/place-and-route/trng_digital_route.spef line 178563, pin bus_rdata_r[3] not found.
[WARNING STA-1656] /home/ubuntu/GitHub/sky130-trng/.loom/worktrees/issue-226/sim/digital-floorplan-compaction/requests/.klt/place-and-route/trng_digital_route.spef line 178564, pin bus_rdata_r[4] not found.
[WARNING STA-1656] /home/ubuntu/GitHub/sky130-trng/.loom/worktrees/issue-226/sim/digital-floorplan-compaction/requests/.klt/place-and-route/trng_digital_route.spef line 178565, pin bus_rdata_r[5] not found.
[WARNING STA-1656] /home/ubuntu/GitHub/sky130-trng/.loom/worktrees/issue-226/sim/digital-floorplan-compaction/requests/.klt/place-and-route/trng_digital_route.spef line 178566, pin bus_rdata_r[6] not found.
[WARNING STA-1656] /home/ubuntu/GitHub/sky130-trng/.loom/worktrees/issue-226/sim/digital-floorplan-compaction/requests/.klt/place-and-route/trng_digital_route.spef line 178567, pin bus_rdata_r[7] not found.
[WARNING STA-1656] /home/ubuntu/GitHub/sky130-trng/.loom/worktrees/issue-226/sim/digital-floorplan-compaction/requests/.klt/place-and-route/trng_digital_route.spef line 178568, pin bus_rdata_r[8] not found.
[WARNING STA-1656] /home/ubuntu/GitHub/sky130-trng/.loom/worktrees/issue-226/sim/digital-floorplan-compaction/requests/.klt/place-and-route/trng_digital_route.spef line 178569, pin bus_rdata_r[9] not found.
[WARNING STA-1656] /home/ubuntu/GitHub/sky130-trng/.loom/worktrees/issue-226/sim/digital-floorplan-compaction/requests/.klt/place-and-route/trng_digital_route.spef line 178656, pin startup_done_r not found.
[WARNING STA-1656] /home/ubuntu/GitHub/sky130-trng/.loom/worktrees/issue-226/sim/digital-floorplan-compaction/requests/.klt/place-and-route/trng_digital_route.spef line 178806, pin bus_rdata_r[24] not found.
[WARNING STA-1656] /home/ubuntu/GitHub/sky130-trng/.loom/worktrees/issue-226/sim/digital-floorplan-compaction/requests/.klt/place-and-route/trng_digital_route.spef line 178807, pin bus_rdata_r[27] not found.
[WARNING STA-1656] /home/ubuntu/GitHub/sky130-trng/.loom/worktrees/issue-226/sim/digital-floorplan-compaction/requests/.klt/place-and-route/trng_digital_route.spef line 178808, pin bus_rdata_r[29] not found.
[WARNING STA-1656] /home/ubuntu/GitHub/sky130-trng/.loom/worktrees/issue-226/sim/digital-floorplan-compaction/requests/.klt/place-and-route/trng_digital_route.spef line 178809, pin bus_rdata_r[31] not found.
[WARNING STA-1656] message limit (1000) reached. This message will no longer print.
===KLT_SETUP_VIOLATIONS_BEGIN===
No paths found.

===KLT_SETUP_VIOLATIONS_END===
===KLT_HOLD_VIOLATIONS_BEGIN===
No paths found.

===KLT_HOLD_VIOLATIONS_END===
