OpenROAD 26Q3-1510-g6cb3f2b704 
Features included (+) or not (-): +GPU +GUI +Python
This program is licensed under the BSD-3 license. See the LICENSE file for details.
Components of this program may be licensed under more restrictive licenses which must be honored.
===KLT_MAX_TRANSITION_LIBRARY_VIOLATIONS_BEGIN===
===KLT_MAX_TRANSITION_LIBRARY_VIOLATIONS_END===
===KLT_MAX_CAPACITANCE_LIBRARY_VIOLATIONS_BEGIN===
===KLT_MAX_CAPACITANCE_LIBRARY_VIOLATIONS_END===
===KLT_MAX_TRANSITION_VIOLATIONS_BEGIN===
max slew

Pin                                    Limit    Slew   Slack
------------------------------------------------------------
_2348_/A2                               0.53    1.81   -1.28 (VIOLATED)
_2358_/A2                               0.53    1.81   -1.28 (VIOLATED)
_1902_/Y                                0.53    1.81   -1.28 (VIOLATED)
_1903_/C                                0.53    1.81   -1.28 (VIOLATED)
_2078_/B                                0.53    1.81   -1.28 (VIOLATED)
_1695_/Y                                0.53    1.75   -1.22 (VIOLATED)
_1697_/A2                               0.53    1.75   -1.22 (VIOLATED)
_2115_/B                                0.53    1.75   -1.22 (VIOLATED)
_2837_/A                                0.53    1.75   -1.22 (VIOLATED)
_2839_/A                                0.53    1.75   -1.22 (VIOLATED)
_2957_/A                                0.53    1.75   -1.22 (VIOLATED)
_1642_/Y                                0.53    1.74   -1.21 (VIOLATED)
_1643_/A                                0.53    1.74   -1.21 (VIOLATED)
_1644_/B                                0.53    1.74   -1.21 (VIOLATED)
_1682_/Y                                0.53    1.63   -1.10 (VIOLATED)
_1684_/A2                               0.53    1.63   -1.10 (VIOLATED)
_2101_/B                                0.53    1.63   -1.10 (VIOLATED)
_2819_/A                                0.53    1.63   -1.10 (VIOLATED)
_2821_/A                                0.53    1.63   -1.10 (VIOLATED)
_2946_/A                                0.53    1.63   -1.10 (VIOLATED)
_1603_/Y                                0.53    1.62   -1.09 (VIOLATED)
_1605_/A2                               0.53    1.62   -1.09 (VIOLATED)
_2307_/A                                0.53    1.62   -1.09 (VIOLATED)
_2568_/A                                0.53    1.62   -1.09 (VIOLATED)
_2570_/A                                0.53    1.62   -1.09 (VIOLATED)
_2703_/A1                               0.53    1.62   -1.09 (VIOLATED)
_1549_/Y                                0.53    1.54   -1.01 (VIOLATED)
_1551_/A2                               0.53    1.54   -1.01 (VIOLATED)
_2273_/A                                0.53    1.54   -1.01 (VIOLATED)
_2507_/A                                0.53    1.54   -1.01 (VIOLATED)
_2509_/A                                0.53    1.54   -1.01 (VIOLATED)
_2664_/A                                0.53    1.54   -1.01 (VIOLATED)
_2402_/Y                                0.53    1.53   -1.00 (VIOLATED)
_2403_/B                                0.53    1.53   -1.00 (VIOLATED)
_2411_/A1                               0.53    1.53   -1.00 (VIOLATED)
_2411_/Y                                0.53    1.52   -0.99 (VIOLATED)
_2412_/B                                0.53    1.52   -0.99 (VIOLATED)
_2419_/B1                               0.53    1.52   -0.99 (VIOLATED)
_3159_/A1                               0.53    1.52   -0.99 (VIOLATED)
_2381_/Y                                0.53    1.51   -0.98 (VIOLATED)
_2386_/B1                               0.53    1.51   -0.98 (VIOLATED)
_2389_/A                                0.53    1.51   -0.98 (VIOLATED)
_2392_/A                                0.53    1.51   -0.98 (VIOLATED)
_2395_/A2                               0.53    1.51   -0.98 (VIOLATED)
_2398_/A0                               0.53    1.51   -0.98 (VIOLATED)
_3256_/B2                               0.53    1.51   -0.98 (VIOLATED)
_1784_/Y                                0.53    1.48   -0.95 (VIOLATED)
_1785_/B                                0.53    1.48   -0.95 (VIOLATED)
_2354_/B1                               0.53    1.48   -0.95 (VIOLATED)
_1651_/Y                                0.53    1.46   -0.93 (VIOLATED)
_1652_/D                                0.53    1.46   -0.93 (VIOLATED)
_1653_/A3                               0.53    1.46   -0.93 (VIOLATED)
_2204_/B                                0.53    1.46   -0.93 (VIOLATED)
_2207_/A1                               0.53    1.46   -0.93 (VIOLATED)
_2211_/A2                               0.53    1.46   -0.93 (VIOLATED)
_1455_/Y                                0.53    1.45   -0.92 (VIOLATED)
_1456_/B                                0.53    1.45   -0.92 (VIOLATED)
_1517_/B                                0.53    1.45   -0.92 (VIOLATED)
_1564_/B                                0.53    1.45   -0.92 (VIOLATED)
_1901_/Y                                0.53    1.44   -0.91 (VIOLATED)
_1903_/B                                0.53    1.44   -0.91 (VIOLATED)
_2078_/A                                0.53    1.44   -0.91 (VIOLATED)
_2348_/A1                               0.53    1.44   -0.91 (VIOLATED)
_2355_/A2                               0.53    1.44   -0.91 (VIOLATED)
_2548_/Y                                0.53    1.42   -0.89 (VIOLATED)
_2549_/B                                0.53    1.42   -0.89 (VIOLATED)
_3242_/A2                               0.53    1.42   -0.89 (VIOLATED)
_1503_/Y                                0.53    1.41   -0.87 (VIOLATED)
_1504_/C                                0.53    1.41   -0.87 (VIOLATED)
_1559_/C                                0.53    1.41   -0.87 (VIOLATED)
_1598_/B                                0.53    1.41   -0.87 (VIOLATED)
_1507_/Y                                0.53    1.39   -0.86 (VIOLATED)
_1509_/A2                               0.53    1.39   -0.86 (VIOLATED)
_2254_/A                                0.53    1.39   -0.86 (VIOLATED)
_2474_/A                                0.53    1.39   -0.86 (VIOLATED)
_2476_/A                                0.53    1.39   -0.86 (VIOLATED)
_2646_/A                                0.53    1.39   -0.86 (VIOLATED)
ANTENNA_2/DIODE                         0.53    1.36   -0.83 (VIOLATED)
_2919_/Y                                0.53    1.36   -0.83 (VIOLATED)
_2922_/A0                               0.53    1.36   -0.83 (VIOLATED)
_3285_/A2                               0.53    1.36   -0.83 (VIOLATED)
_1561_/Y                                0.53    1.36   -0.83 (VIOLATED)
_1563_/A2                               0.53    1.36   -0.83 (VIOLATED)
_2280_/A                                0.53    1.36   -0.83 (VIOLATED)
_2517_/A                                0.53    1.36   -0.83 (VIOLATED)
_2519_/A                                0.53    1.36   -0.83 (VIOLATED)
_2670_/A                                0.53    1.36   -0.83 (VIOLATED)
_2427_/Y                                0.53    1.36   -0.83 (VIOLATED)
_2428_/B                                0.53    1.36   -0.83 (VIOLATED)
_3051_/A0                               0.53    1.36   -0.83 (VIOLATED)
_2388_/Y                                0.53    1.36   -0.82 (VIOLATED)
_2389_/B                                0.53    1.36   -0.82 (VIOLATED)
_2392_/B                                0.53    1.36   -0.82 (VIOLATED)
_3238_/B2                               0.53    1.36   -0.82 (VIOLATED)
_3242_/A1                               0.53    1.36   -0.82 (VIOLATED)
_3254_/A1                               0.53    1.36   -0.82 (VIOLATED)
_3265_/A1                               0.53    1.36   -0.82 (VIOLATED)
_2416_/Y                                0.53    1.35   -0.82 (VIOLATED)
_2417_/D                                0.53    1.35   -0.82 (VIOLATED)
_2420_/A2                               0.53    1.35   -0.82 (VIOLATED)
_2801_/C                                0.53    1.35   -0.82 (VIOLATED)
_3187_/B                                0.53    1.35   -0.82 (VIOLATED)
_1768_/Y                                0.53    1.35   -0.82 (VIOLATED)
_1769_/A                                0.53    1.35   -0.82 (VIOLATED)
_2391_/B                                0.53    1.35   -0.82 (VIOLATED)
_2423_/A                                0.53    1.35   -0.82 (VIOLATED)
_2802_/A1                               0.53    1.35   -0.82 (VIOLATED)
_1492_/Y                                0.53    1.34   -0.81 (VIOLATED)
_1493_/B1                               0.53    1.34   -0.81 (VIOLATED)
_1591_/A1                               0.53    1.34   -0.81 (VIOLATED)
_2542_/Y                                0.53    1.34   -0.81 (VIOLATED)
_2543_/B                                0.53    1.34   -0.81 (VIOLATED)
_3238_/B1                               0.53    1.34   -0.81 (VIOLATED)
_3229_/Y                                0.53    1.33   -0.80 (VIOLATED)
_3230_/B                                0.53    1.33   -0.80 (VIOLATED)
_3238_/A3                               0.53    1.33   -0.80 (VIOLATED)
_3247_/A2                               0.53    1.33   -0.80 (VIOLATED)
_3250_/B                                0.53    1.33   -0.80 (VIOLATED)
_3267_/B1                               0.53    1.33   -0.80 (VIOLATED)
_3272_/B                                0.53    1.33   -0.80 (VIOLATED)
_3281_/B1                               0.53    1.33   -0.80 (VIOLATED)
_2422_/Y                                0.53    1.31   -0.78 (VIOLATED)
_2423_/B                                0.53    1.31   -0.78 (VIOLATED)
_2802_/A2                               0.53    1.31   -0.78 (VIOLATED)
_3153_/Y                                0.53    1.30   -0.77 (VIOLATED)
_3155_/A2                               0.53    1.30   -0.77 (VIOLATED)
_3160_/B                                0.53    1.30   -0.77 (VIOLATED)
_3162_/B                                0.53    1.30   -0.77 (VIOLATED)
_3165_/B                                0.53    1.30   -0.77 (VIOLATED)
_2565_/Y                                0.53    1.29   -0.76 (VIOLATED)
_2566_/B                                0.53    1.29   -0.76 (VIOLATED)
_3254_/A2                               0.53    1.29   -0.76 (VIOLATED)
_1555_/Y                                0.53    1.28   -0.75 (VIOLATED)
_1557_/A2                               0.53    1.28   -0.75 (VIOLATED)
_2276_/A                                0.53    1.28   -0.75 (VIOLATED)
_2512_/A                                0.53    1.28   -0.75 (VIOLATED)
_2514_/A                                0.53    1.28   -0.75 (VIOLATED)
_2667_/A                                0.53    1.28   -0.75 (VIOLATED)
_2794_/Y                                0.53    1.28   -0.75 (VIOLATED)
_2795_/C                                0.53    1.28   -0.75 (VIOLATED)
_3051_/A1                               0.53    1.28   -0.75 (VIOLATED)
_2591_/Y                                0.53    1.21   -0.68 (VIOLATED)
_2592_/B                                0.53    1.21   -0.68 (VIOLATED)
_3268_/B                                0.53    1.21   -0.68 (VIOLATED)
_2597_/Y                                0.53    1.20   -0.67 (VIOLATED)
_2598_/B                                0.53    1.20   -0.67 (VIOLATED)
_3274_/A2                               0.53    1.20   -0.67 (VIOLATED)
_2335_/Y                                0.53    1.20   -0.67 (VIOLATED)
_2336_/A2                               0.53    1.20   -0.67 (VIOLATED)
_2337_/A2                               0.53    1.20   -0.67 (VIOLATED)
_2340_/A                                0.53    1.20   -0.67 (VIOLATED)
_2625_/D                                0.53    1.20   -0.67 (VIOLATED)
_2902_/Y                                0.53    1.19   -0.66 (VIOLATED)
_2904_/A0                               0.53    1.19   -0.66 (VIOLATED)
_3266_/A2                               0.53    1.19   -0.66 (VIOLATED)
_1661_/Y                                0.53    1.18   -0.65 (VIOLATED)
_1662_/B                                0.53    1.18   -0.65 (VIOLATED)
_2070_/A                                0.53    1.18   -0.65 (VIOLATED)
_2210_/A2                               0.53    1.18   -0.65 (VIOLATED)
_1496_/Y                                0.53    1.18   -0.64 (VIOLATED)
_1497_/C                                0.53    1.18   -0.64 (VIOLATED)
_1553_/C                                0.53    1.18   -0.64 (VIOLATED)
_1594_/B                                0.53    1.18   -0.64 (VIOLATED)
_2369_/Y                                0.53    1.18   -0.64 (VIOLATED)
_2370_/B                                0.53    1.18   -0.64 (VIOLATED)
_3223_/B                                0.53    1.18   -0.64 (VIOLATED)
_1824_/Y                                0.53    1.16   -0.63 (VIOLATED)
_1866_/A2                               0.53    1.16   -0.63 (VIOLATED)
_1902_/A2                               0.53    1.16   -0.63 (VIOLATED)
_1948_/A                                0.53    1.16   -0.63 (VIOLATED)
_2875_/Y                                0.53    1.15   -0.62 (VIOLATED)
_2876_/A1                               0.53    1.15   -0.62 (VIOLATED)
_2983_/A0                               0.53    1.15   -0.62 (VIOLATED)
_1548_/A                                0.53    1.15   -0.62 (VIOLATED)
_1520_/C                                0.53    1.15   -0.62 (VIOLATED)
_1527_/C                                0.53    1.15   -0.62 (VIOLATED)
_1531_/A                                0.53    1.15   -0.62 (VIOLATED)
_1523_/A                                0.53    1.15   -0.62 (VIOLATED)
_1535_/B                                0.53    1.15   -0.62 (VIOLATED)
_1537_/A                                0.53    1.15   -0.62 (VIOLATED)
_1552_/B                                0.53    1.15   -0.62 (VIOLATED)
_1554_/A                                0.53    1.15   -0.62 (VIOLATED)
_1560_/A                                0.53    1.15   -0.62 (VIOLATED)
_1558_/B                                0.53    1.15   -0.62 (VIOLATED)
_1542_/B                                0.53    1.15   -0.62 (VIOLATED)
_1518_/Y                                0.53    1.15   -0.62 (VIOLATED)
_2872_/A                                0.53    1.14   -0.61 (VIOLATED)
_1719_/Y                                0.53    1.14   -0.61 (VIOLATED)
_1721_/A2                               0.53    1.14   -0.61 (VIOLATED)
_2146_/B                                0.53    1.14   -0.61 (VIOLATED)
_2874_/A                                0.53    1.14   -0.61 (VIOLATED)
_2980_/A                                0.53    1.14   -0.61 (VIOLATED)
_2364_/Y                                0.53    1.14   -0.61 (VIOLATED)
_2366_/B                                0.53    1.14   -0.61 (VIOLATED)
_2585_/Y                                0.53    1.13   -0.60 (VIOLATED)
_2586_/B                                0.53    1.13   -0.60 (VIOLATED)
_3265_/A2                               0.53    1.13   -0.60 (VIOLATED)
_1812_/Y                                0.53    1.11   -0.58 (VIOLATED)
_1813_/B                                0.53    1.11   -0.58 (VIOLATED)
_1901_/B                                0.53    1.11   -0.58 (VIOLATED)
_1913_/B                                0.53    1.11   -0.58 (VIOLATED)
_2384_/Y                                0.53    1.10   -0.57 (VIOLATED)
_2385_/B                                0.53    1.10   -0.57 (VIOLATED)
_2441_/A                                0.53    1.10   -0.57 (VIOLATED)
_3185_/A                                0.53    1.10   -0.57 (VIOLATED)
_1814_/Y                                0.53    1.10   -0.57 (VIOLATED)
_1815_/D                                0.53    1.10   -0.57 (VIOLATED)
_1986_/A3                               0.53    1.10   -0.57 (VIOLATED)
_1990_/B                                0.53    1.10   -0.57 (VIOLATED)
_1994_/B                                0.53    1.10   -0.57 (VIOLATED)
_2464_/Y                                0.53    1.10   -0.57 (VIOLATED)
_2467_/A0                               0.53    1.10   -0.57 (VIOLATED)
_3201_/A2                               0.53    1.10   -0.57 (VIOLATED)
_1761_/Y                                0.53    1.10   -0.56 (VIOLATED)
_1763_/A2                               0.53    1.10   -0.56 (VIOLATED)
_2929_/A                                0.53    1.10   -0.56 (VIOLATED)
_3015_/A                                0.53    1.10   -0.56 (VIOLATED)
_1952_/Y                                0.53    1.10   -0.56 (VIOLATED)
_1978_/B2                               0.53    1.10   -0.56 (VIOLATED)
_1981_/B1                               0.53    1.10   -0.56 (VIOLATED)
_1984_/B2                               0.53    1.10   -0.56 (VIOLATED)
_1992_/B1                               0.53    1.10   -0.56 (VIOLATED)
place359/A                              0.53    1.10   -0.56 (VIOLATED)
_1506_/Y                                0.53    1.09   -0.56 (VIOLATED)
_1507_/B1                               0.53    1.09   -0.56 (VIOLATED)
_1599_/A1                               0.53    1.09   -0.56 (VIOLATED)
_2846_/Y                                0.53    1.07   -0.54 (VIOLATED)
_2848_/A0                               0.53    1.07   -0.54 (VIOLATED)
_3214_/B1                               0.53    1.07   -0.54 (VIOLATED)
_2824_/Y                                0.53    1.06   -0.53 (VIOLATED)
_2826_/A0                               0.53    1.06   -0.53 (VIOLATED)
_3205_/B1                               0.53    1.06   -0.53 (VIOLATED)
_2840_/Y                                0.53    1.05   -0.52 (VIOLATED)
_2841_/A1                               0.53    1.05   -0.52 (VIOLATED)
_2960_/A0                               0.53    1.05   -0.52 (VIOLATED)
_2895_/Y                                0.53    1.04   -0.51 (VIOLATED)
_2896_/A1                               0.53    1.04   -0.51 (VIOLATED)
_2994_/A0                               0.53    1.04   -0.51 (VIOLATED)
_2978_/Y                                0.53    1.04   -0.51 (VIOLATED)
_2979_/A1                               0.53    1.04   -0.51 (VIOLATED)
_3037_/A0                               0.53    1.04   -0.51 (VIOLATED)
_1510_/Y                                0.53    1.04   -0.51 (VIOLATED)
_1511_/B                                0.53    1.04   -0.51 (VIOLATED)
_1564_/A                                0.53    1.04   -0.51 (VIOLATED)
_2625_/C                                0.53    1.04   -0.51 (VIOLATED)
_2849_/Y                                0.53    1.03   -0.50 (VIOLATED)
_2851_/A0                               0.53    1.03   -0.50 (VIOLATED)
_3217_/B1                               0.53    1.03   -0.50 (VIOLATED)
_2853_/Y                                0.53    1.03   -0.50 (VIOLATED)
_2854_/A1                               0.53    1.03   -0.50 (VIOLATED)
_2968_/A0                               0.53    1.03   -0.50 (VIOLATED)
_2881_/Y                                0.53    1.02   -0.49 (VIOLATED)
_2883_/A1                               0.53    1.02   -0.49 (VIOLATED)
_2986_/A0                               0.53    1.02   -0.49 (VIOLATED)
_2498_/Y                                0.53    1.02   -0.49 (VIOLATED)
_2501_/A0                               0.53    1.02   -0.49 (VIOLATED)
_3213_/A2                               0.53    1.02   -0.49 (VIOLATED)
_1528_/Y                                0.53    1.02   -0.49 (VIOLATED)
_1530_/B                                0.53    1.02   -0.49 (VIOLATED)
_1536_/A                                0.53    1.02   -0.49 (VIOLATED)
_1547_/A                                0.53    1.02   -0.49 (VIOLATED)
place399/A                              0.53    1.02   -0.49 (VIOLATED)
_2855_/Y                                0.53    1.02   -0.49 (VIOLATED)
_2857_/A0                               0.53    1.02   -0.49 (VIOLATED)
_3227_/A2                               0.53    1.02   -0.49 (VIOLATED)
_3248_/Y                                0.53    1.02   -0.49 (VIOLATED)
_3249_/B1                               0.53    1.02   -0.49 (VIOLATED)
_2974_/Y                                0.53    1.00   -0.47 (VIOLATED)
_2975_/A1                               0.53    1.00   -0.47 (VIOLATED)
_3034_/A0                               0.53    1.00   -0.47 (VIOLATED)
_2856_/Y                                0.53    1.00   -0.47 (VIOLATED)
_2857_/A1                               0.53    1.00   -0.47 (VIOLATED)
_2970_/A0                               0.53    1.00   -0.47 (VIOLATED)
_2916_/Y                                0.53    1.00   -0.47 (VIOLATED)
_2917_/A1                               0.53    1.00   -0.47 (VIOLATED)
_3007_/A0                               0.53    1.00   -0.47 (VIOLATED)
_1838_/Y                                0.53    1.00   -0.47 (VIOLATED)
_1839_/D                                0.53    1.00   -0.47 (VIOLATED)
_2898_/Y                                0.53    1.00   -0.46 (VIOLATED)
_2901_/A0                               0.53    1.00   -0.46 (VIOLATED)
_3262_/B1                               0.53    1.00   -0.46 (VIOLATED)
_2847_/Y                                0.53    0.99   -0.46 (VIOLATED)
_2848_/A1                               0.53    0.99   -0.46 (VIOLATED)
_2964_/A0                               0.53    0.99   -0.46 (VIOLATED)
_1465_/Y                                0.53    0.99   -0.46 (VIOLATED)
_1467_/B1                               0.53    0.99   -0.46 (VIOLATED)
_1576_/A1                               0.53    0.99   -0.46 (VIOLATED)
_2915_/Y                                0.53    0.99   -0.46 (VIOLATED)
_2917_/A0                               0.53    0.99   -0.46 (VIOLATED)
_3278_/B1                               0.53    0.99   -0.46 (VIOLATED)
_2926_/Y                                0.53    0.99   -0.46 (VIOLATED)
_2928_/A1                               0.53    0.99   -0.46 (VIOLATED)
_3014_/A0                               0.53    0.99   -0.46 (VIOLATED)
_1915_/A                                0.53    0.98   -0.45 (VIOLATED)
_1952_/B                                0.53    0.98   -0.45 (VIOLATED)
_1974_/A3                               0.53    0.98   -0.45 (VIOLATED)
_1988_/A3                               0.53    0.98   -0.45 (VIOLATED)
_1996_/A                                0.53    0.98   -0.45 (VIOLATED)
_1913_/Y                                0.53    0.98   -0.45 (VIOLATED)
_1948_/C                                0.53    0.98   -0.45 (VIOLATED)
_1955_/C                                0.53    0.98   -0.45 (VIOLATED)
_3134_/C                                0.53    0.98   -0.45 (VIOLATED)
_2822_/Y                                0.53    0.98   -0.45 (VIOLATED)
_2823_/A1                               0.53    0.98   -0.45 (VIOLATED)
_2948_/A0                               0.53    0.98   -0.45 (VIOLATED)
_1570_/Y                                0.53    0.98   -0.45 (VIOLATED)
_1572_/A2                               0.53    0.98   -0.45 (VIOLATED)
_3153_/B2                               0.53    0.98   -0.45 (VIOLATED)
_2911_/Y                                0.53    0.97   -0.44 (VIOLATED)
_2914_/A0                               0.53    0.97   -0.44 (VIOLATED)
_3277_/A2                               0.53    0.97   -0.44 (VIOLATED)
_2475_/Y                                0.53    0.97   -0.44 (VIOLATED)
_2478_/A0                               0.53    0.97   -0.44 (VIOLATED)
_3205_/A2                               0.53    0.97   -0.44 (VIOLATED)
_2620_/Y                                0.53    0.95   -0.42 (VIOLATED)
_2624_/A2                               0.53    0.95   -0.42 (VIOLATED)
_3294_/A2                               0.53    0.95   -0.42 (VIOLATED)
_2450_/Y                                0.53    0.95   -0.42 (VIOLATED)
_2455_/A0                               0.53    0.95   -0.42 (VIOLATED)
_3196_/A2                               0.53    0.95   -0.42 (VIOLATED)
_2797_/Y                                0.53    0.95   -0.42 (VIOLATED)
_2805_/A0                               0.53    0.95   -0.42 (VIOLATED)
_3191_/B1                               0.53    0.95   -0.42 (VIOLATED)
_2227_/Y                                0.53    0.95   -0.41 (VIOLATED)
_3438_/D                                0.53    0.95   -0.41 (VIOLATED)
_2484_/Y                                0.53    0.94   -0.41 (VIOLATED)
_2485_/A1                               0.53    0.94   -0.41 (VIOLATED)
_2651_/A0                               0.53    0.94   -0.41 (VIOLATED)
_2610_/Y                                0.53    0.93   -0.40 (VIOLATED)
_2611_/B                                0.53    0.93   -0.40 (VIOLATED)
_3282_/A2                               0.53    0.93   -0.40 (VIOLATED)
_2930_/Y                                0.53    0.93   -0.40 (VIOLATED)
_2932_/A0                               0.53    0.93   -0.40 (VIOLATED)
_3295_/A2                               0.53    0.93   -0.40 (VIOLATED)
_2439_/Y                                0.53    0.93   -0.40 (VIOLATED)
_2446_/A1                               0.53    0.93   -0.40 (VIOLATED)
_2630_/A0                               0.53    0.93   -0.40 (VIOLATED)
_2850_/Y                                0.53    0.93   -0.40 (VIOLATED)
_2851_/A1                               0.53    0.93   -0.40 (VIOLATED)
_2966_/A0                               0.53    0.93   -0.40 (VIOLATED)
_3191_/Y                                0.53    0.92   -0.39 (VIOLATED)
_3194_/B1                               0.53    0.92   -0.39 (VIOLATED)
_2458_/Y                                0.53    0.92   -0.39 (VIOLATED)
_2462_/A0                               0.53    0.92   -0.39 (VIOLATED)
_3198_/A2                               0.53    0.92   -0.39 (VIOLATED)
_1476_/Y                                0.53    0.92   -0.39 (VIOLATED)
_1477_/B1                               0.53    0.92   -0.39 (VIOLATED)
_1580_/A1                               0.53    0.92   -0.39 (VIOLATED)
_3191_/B2                               0.53    0.92   -0.39 (VIOLATED)
_3214_/B2                               0.53    0.92   -0.39 (VIOLATED)
_3228_/B2                               0.53    0.92   -0.39 (VIOLATED)
_3244_/B2                               0.53    0.92   -0.39 (VIOLATED)
_3278_/B2                               0.53    0.92   -0.39 (VIOLATED)
_3248_/B2                               0.53    0.92   -0.39 (VIOLATED)
_3202_/B2                               0.53    0.92   -0.39 (VIOLATED)
_3210_/B2                               0.53    0.92   -0.39 (VIOLATED)
_3187_/Y                                0.53    0.92   -0.39 (VIOLATED)
_3198_/B2                               0.53    0.92   -0.39 (VIOLATED)
_3295_/A1                               0.53    0.92   -0.39 (VIOLATED)
_3202_/Y                                0.53    0.92   -0.38 (VIOLATED)
_3203_/B1                               0.53    0.92   -0.38 (VIOLATED)
_2878_/Y                                0.53    0.91   -0.38 (VIOLATED)
_2883_/A0                               0.53    0.91   -0.38 (VIOLATED)
_3244_/B1                               0.53    0.91   -0.38 (VIOLATED)
_2867_/Y                                0.53    0.91   -0.38 (VIOLATED)
_2868_/A1                               0.53    0.91   -0.38 (VIOLATED)
_2977_/A0                               0.53    0.91   -0.38 (VIOLATED)
_1800_/Y                                0.53    0.91   -0.38 (VIOLATED)
_1803_/A                                0.53    0.91   -0.38 (VIOLATED)
_2481_/Y                                0.53    0.91   -0.38 (VIOLATED)
_2485_/A0                               0.53    0.91   -0.38 (VIOLATED)
_3207_/A2                               0.53    0.91   -0.38 (VIOLATED)
_3163_/Y                                0.53    0.91   -0.38 (VIOLATED)
_3164_/A1                               0.53    0.91   -0.38 (VIOLATED)
_3167_/A0                               0.53    0.91   -0.38 (VIOLATED)
_1836_/Y                                0.53    0.91   -0.38 (VIOLATED)
_1839_/B                                0.53    0.91   -0.38 (VIOLATED)
_3073_/Y                                0.53    0.91   -0.38 (VIOLATED)
_3074_/B                                0.53    0.91   -0.38 (VIOLATED)
_2908_/Y                                0.53    0.91   -0.38 (VIOLATED)
_2909_/A1                               0.53    0.91   -0.38 (VIOLATED)
_3002_/A0                               0.53    0.91   -0.38 (VIOLATED)
_2887_/Y                                0.53    0.90   -0.37 (VIOLATED)
_2888_/A1                               0.53    0.90   -0.37 (VIOLATED)
_2989_/A0                               0.53    0.90   -0.37 (VIOLATED)
_2358_/Y                                0.53    0.90   -0.37 (VIOLATED)
_2359_/A                                0.53    0.90   -0.37 (VIOLATED)
_2413_/B                                0.53    0.90   -0.37 (VIOLATED)
_3289_/A2                               0.53    0.90   -0.37 (VIOLATED)
_2720_/Y                                0.53    0.90   -0.37 (VIOLATED)
_2721_/B                                0.53    0.90   -0.37 (VIOLATED)
_2787_/A0                               0.53    0.90   -0.37 (VIOLATED)
_2842_/Y                                0.53    0.90   -0.37 (VIOLATED)
_2845_/A0                               0.53    0.90   -0.37 (VIOLATED)
_3213_/B1                               0.53    0.90   -0.37 (VIOLATED)
_3097_/Y                                0.53    0.90   -0.37 (VIOLATED)
_3098_/B                                0.53    0.90   -0.37 (VIOLATED)
_2816_/Y                                0.53    0.90   -0.37 (VIOLATED)
_2817_/A1                               0.53    0.90   -0.37 (VIOLATED)
_2944_/A0                               0.53    0.90   -0.37 (VIOLATED)
_3171_/Y                                0.53    0.90   -0.37 (VIOLATED)
_3172_/A1                               0.53    0.90   -0.37 (VIOLATED)
_3174_/A0                               0.53    0.90   -0.37 (VIOLATED)
_2889_/Y                                0.53    0.90   -0.36 (VIOLATED)
_2891_/A0                               0.53    0.90   -0.36 (VIOLATED)
_3255_/A2                               0.53    0.90   -0.36 (VIOLATED)
_2863_/Y                                0.53    0.89   -0.36 (VIOLATED)
_2865_/A0                               0.53    0.89   -0.36 (VIOLATED)
_3234_/B1                               0.53    0.89   -0.36 (VIOLATED)
_2368_/Y                                0.53    0.89   -0.36 (VIOLATED)
_2369_/A3                               0.53    0.89   -0.36 (VIOLATED)
_2405_/B1                               0.53    0.89   -0.36 (VIOLATED)
_1919_/Y                                0.53    0.89   -0.36 (VIOLATED)
_1920_/C                                0.53    0.89   -0.36 (VIOLATED)
_1931_/A2                               0.53    0.89   -0.36 (VIOLATED)
_1933_/B                                0.53    0.89   -0.36 (VIOLATED)
_1938_/B                                0.53    0.89   -0.36 (VIOLATED)
_2355_/Y                                0.53    0.88   -0.35 (VIOLATED)
_2356_/A                                0.53    0.88   -0.35 (VIOLATED)
_2413_/A                                0.53    0.88   -0.35 (VIOLATED)
_3293_/A2                               0.53    0.88   -0.35 (VIOLATED)
_2349_/Y                                0.53    0.88   -0.35 (VIOLATED)
_2350_/A                                0.53    0.88   -0.35 (VIOLATED)
_3283_/A1                               0.53    0.88   -0.35 (VIOLATED)
_1796_/Y                                0.53    0.88   -0.35 (VIOLATED)
_1812_/B1                               0.53    0.88   -0.35 (VIOLATED)
_1869_/B1                               0.53    0.88   -0.35 (VIOLATED)
_2533_/Y                                0.53    0.88   -0.35 (VIOLATED)
_2536_/A0                               0.53    0.88   -0.35 (VIOLATED)
_3235_/A2                               0.53    0.88   -0.35 (VIOLATED)
_1847_/Y                                0.53    0.88   -0.35 (VIOLATED)
_1848_/C1                               0.53    0.88   -0.35 (VIOLATED)
_2843_/Y                                0.53    0.88   -0.35 (VIOLATED)
_2845_/A1                               0.53    0.88   -0.35 (VIOLATED)
_2962_/A0                               0.53    0.88   -0.35 (VIOLATED)
_1456_/Y                                0.53    0.88   -0.35 (VIOLATED)
_1457_/B                                0.53    0.88   -0.35 (VIOLATED)
_1483_/B                                0.53    0.88   -0.35 (VIOLATED)
_1584_/B                                0.53    0.88   -0.35 (VIOLATED)
_3263_/Y                                0.53    0.88   -0.35 (VIOLATED)
_3264_/B1                               0.53    0.88   -0.35 (VIOLATED)
_3292_/B1                               0.53    0.88   -0.35 (VIOLATED)
_2828_/Y                                0.53    0.88   -0.34 (VIOLATED)
_2829_/A1                               0.53    0.88   -0.34 (VIOLATED)
_2952_/A0                               0.53    0.88   -0.34 (VIOLATED)
_2487_/Y                                0.53    0.87   -0.34 (VIOLATED)
_2490_/A0                               0.53    0.87   -0.34 (VIOLATED)
_3209_/A2                               0.53    0.87   -0.34 (VIOLATED)
_2866_/Y                                0.53    0.87   -0.34 (VIOLATED)
_2868_/A0                               0.53    0.87   -0.34 (VIOLATED)
_3237_/A2                               0.53    0.87   -0.34 (VIOLATED)
_2935_/Y                                0.53    0.86   -0.33 (VIOLATED)
_2936_/A1                               0.53    0.86   -0.33 (VIOLATED)
_3018_/A0                               0.53    0.86   -0.33 (VIOLATED)
_1858_/Y                                0.53    0.86   -0.33 (VIOLATED)
place418/A                              0.53    0.86   -0.33 (VIOLATED)
_2508_/Y                                0.53    0.86   -0.33 (VIOLATED)
_2511_/A0                               0.53    0.86   -0.33 (VIOLATED)
_3217_/A2                               0.53    0.86   -0.33 (VIOLATED)
_1635_/Y                                0.53    0.86   -0.33 (VIOLATED)
_1636_/B1                               0.53    0.86   -0.33 (VIOLATED)
_2513_/Y                                0.53    0.86   -0.33 (VIOLATED)
_2516_/A0                               0.53    0.86   -0.33 (VIOLATED)
_3220_/A2                               0.53    0.86   -0.33 (VIOLATED)
_2007_/Y                                0.53    0.86   -0.33 (VIOLATED)
_2008_/D                                0.53    0.86   -0.33 (VIOLATED)
_2015_/B                                0.53    0.86   -0.33 (VIOLATED)
_2027_/B                                0.53    0.86   -0.33 (VIOLATED)
_2034_/A1                               0.53    0.86   -0.33 (VIOLATED)
_2037_/Y                                0.53    0.86   -0.33 (VIOLATED)
_2038_/C                                0.53    0.86   -0.33 (VIOLATED)
_2054_/A2                               0.53    0.86   -0.33 (VIOLATED)
_2056_/B                                0.53    0.86   -0.33 (VIOLATED)
_2059_/A2                               0.53    0.86   -0.33 (VIOLATED)
_2064_/B                                0.53    0.86   -0.33 (VIOLATED)
_3210_/Y                                0.53    0.85   -0.32 (VIOLATED)
_3211_/B1                               0.53    0.85   -0.32 (VIOLATED)
_3244_/Y                                0.53    0.85   -0.32 (VIOLATED)
_3245_/B1                               0.53    0.85   -0.32 (VIOLATED)
_3055_/Y                                0.53    0.85   -0.32 (VIOLATED)
_3056_/B                                0.53    0.85   -0.32 (VIOLATED)
_1837_/Y                                0.53    0.85   -0.32 (VIOLATED)
_1839_/C                                0.53    0.85   -0.32 (VIOLATED)
_1853_/A                                0.53    0.85   -0.32 (VIOLATED)
_2208_/Y                                0.53    0.85   -0.32 (VIOLATED)
_3444_/D                                0.53    0.85   -0.32 (VIOLATED)
_2407_/Y                                0.53    0.85   -0.32 (VIOLATED)
place356/A                              0.53    0.85   -0.32 (VIOLATED)
_3198_/Y                                0.53    0.85   -0.31 (VIOLATED)
_3199_/B1                               0.53    0.85   -0.31 (VIOLATED)
_3214_/Y                                0.53    0.84   -0.31 (VIOLATED)
_3215_/B1                               0.53    0.84   -0.31 (VIOLATED)
_1822_/X                                0.53    0.84   -0.31 (VIOLATED)
_1866_/A1                               0.53    0.84   -0.31 (VIOLATED)
_1902_/A1                               0.53    0.84   -0.31 (VIOLATED)
_3134_/A                                0.53    0.84   -0.31 (VIOLATED)
_3155_/Y                                0.53    0.84   -0.30 (VIOLATED)
_3168_/B                                0.53    0.84   -0.30 (VIOLATED)
_3624_/D                                0.53    0.84   -0.30 (VIOLATED)
_2885_/Y                                0.53    0.83   -0.30 (VIOLATED)
_2888_/A0                               0.53    0.83   -0.30 (VIOLATED)
_3248_/B1                               0.53    0.83   -0.30 (VIOLATED)
_3085_/Y                                0.53    0.83   -0.30 (VIOLATED)
_3086_/B                                0.53    0.83   -0.30 (VIOLATED)
_1499_/Y                                0.53    0.83   -0.30 (VIOLATED)
_1500_/B1                               0.53    0.83   -0.30 (VIOLATED)
_1595_/A1                               0.53    0.83   -0.30 (VIOLATED)
_3087_/Y                                0.53    0.83   -0.30 (VIOLATED)
_3088_/B                                0.53    0.83   -0.30 (VIOLATED)
_2472_/Y                                0.53    0.82   -0.29 (VIOLATED)
_2473_/A1                               0.53    0.82   -0.29 (VIOLATED)
_2645_/A0                               0.53    0.82   -0.29 (VIOLATED)
_2835_/Y                                0.53    0.82   -0.29 (VIOLATED)
_2836_/A1                               0.53    0.82   -0.29 (VIOLATED)
_2955_/A0                               0.53    0.82   -0.29 (VIOLATED)
_1840_/Y                                0.53    0.82   -0.29 (VIOLATED)
_1841_/C                                0.53    0.82   -0.29 (VIOLATED)
_2859_/Y                                0.53    0.82   -0.29 (VIOLATED)
_2862_/A0                               0.53    0.82   -0.29 (VIOLATED)
_3228_/B1                               0.53    0.82   -0.29 (VIOLATED)
_3295_/Y                                0.53    0.82   -0.29 (VIOLATED)
_3296_/B1                               0.53    0.82   -0.29 (VIOLATED)
_2903_/Y                                0.53    0.82   -0.29 (VIOLATED)
_2904_/A1                               0.53    0.82   -0.29 (VIOLATED)
_2999_/A0                               0.53    0.82   -0.29 (VIOLATED)
_1621_/Y                                0.53    0.81   -0.28 (VIOLATED)
_1622_/B                                0.53    0.81   -0.28 (VIOLATED)
_1623_/A2                               0.53    0.81   -0.28 (VIOLATED)
_3099_/Y                                0.53    0.81   -0.28 (VIOLATED)
_3100_/B                                0.53    0.81   -0.28 (VIOLATED)
_2852_/Y                                0.53    0.81   -0.28 (VIOLATED)
_2854_/A0                               0.53    0.81   -0.28 (VIOLATED)
_3220_/B1                               0.53    0.81   -0.28 (VIOLATED)
_3113_/Y                                0.53    0.81   -0.28 (VIOLATED)
_3114_/B                                0.53    0.81   -0.28 (VIOLATED)
_2231_/Y                                0.53    0.81   -0.28 (VIOLATED)
_3436_/D                                0.53    0.81   -0.28 (VIOLATED)
_2807_/Y                                0.53    0.81   -0.28 (VIOLATED)
_2811_/A0                               0.53    0.81   -0.28 (VIOLATED)
_3196_/B1                               0.53    0.81   -0.28 (VIOLATED)
_2235_/Y                                0.53    0.81   -0.28 (VIOLATED)
_2237_/B                                0.53    0.81   -0.28 (VIOLATED)
_2248_/B                                0.53    0.81   -0.28 (VIOLATED)
_2264_/B                                0.53    0.81   -0.28 (VIOLATED)
_2267_/B                                0.53    0.81   -0.28 (VIOLATED)
_2273_/B                                0.53    0.81   -0.28 (VIOLATED)
_2289_/B                                0.53    0.81   -0.28 (VIOLATED)
_2298_/B                                0.53    0.81   -0.28 (VIOLATED)
_2323_/B                                0.53    0.81   -0.28 (VIOLATED)
place404/A                              0.53    0.81   -0.28 (VIOLATED)
_2812_/Y                                0.53    0.81   -0.28 (VIOLATED)
_2814_/A0                               0.53    0.81   -0.28 (VIOLATED)
_3198_/B1                               0.53    0.81   -0.28 (VIOLATED)
_3070_/Y                                0.53    0.81   -0.28 (VIOLATED)
_3071_/B                                0.53    0.81   -0.28 (VIOLATED)
_1542_/Y                                0.53    0.81   -0.28 (VIOLATED)
_1543_/S                                0.53    0.81   -0.28 (VIOLATED)
_2890_/Y                                0.53    0.80   -0.27 (VIOLATED)
_2891_/A1                               0.53    0.80   -0.27 (VIOLATED)
_2991_/A0                               0.53    0.80   -0.27 (VIOLATED)
_2689_/Y                                0.53    0.80   -0.27 (VIOLATED)
_2690_/B                                0.53    0.80   -0.27 (VIOLATED)
_2776_/A0                               0.53    0.80   -0.27 (VIOLATED)
_2990_/Y                                0.53    0.80   -0.27 (VIOLATED)
_2991_/A1                               0.53    0.80   -0.27 (VIOLATED)
_3041_/A0                               0.53    0.80   -0.27 (VIOLATED)
_2861_/Y                                0.53    0.80   -0.27 (VIOLATED)
_2862_/A1                               0.53    0.80   -0.27 (VIOLATED)
_2973_/A0                               0.53    0.80   -0.27 (VIOLATED)
_3242_/Y                                0.53    0.80   -0.27 (VIOLATED)
_3243_/B1                               0.53    0.80   -0.27 (VIOLATED)
_1818_/X                                0.53    0.80   -0.26 (VIOLATED)
_1820_/D                                0.53    0.80   -0.26 (VIOLATED)
_1827_/D                                0.53    0.80   -0.26 (VIOLATED)
_1828_/A3                               0.53    0.80   -0.26 (VIOLATED)
_1844_/A                                0.53    0.80   -0.26 (VIOLATED)
_1845_/A2                               0.53    0.80   -0.26 (VIOLATED)
_1846_/C                                0.53    0.80   -0.26 (VIOLATED)
_1963_/A2                               0.53    0.80   -0.26 (VIOLATED)
_1964_/A2                               0.53    0.80   -0.26 (VIOLATED)
_1967_/A                                0.53    0.80   -0.26 (VIOLATED)
_2503_/Y                                0.53    0.80   -0.26 (VIOLATED)
_2506_/A0                               0.53    0.80   -0.26 (VIOLATED)
_3214_/A2                               0.53    0.80   -0.26 (VIOLATED)
_2961_/Y                                0.53    0.79   -0.26 (VIOLATED)
_2962_/A1                               0.53    0.79   -0.26 (VIOLATED)
_3028_/A0                               0.53    0.79   -0.26 (VIOLATED)
_2998_/Y                                0.53    0.79   -0.26 (VIOLATED)
_2999_/A1                               0.53    0.79   -0.26 (VIOLATED)
_3044_/A0                               0.53    0.79   -0.26 (VIOLATED)
_1678_/Y                                0.53    0.79   -0.26 (VIOLATED)
_1679_/A                                0.53    0.79   -0.26 (VIOLATED)
_3021_/A1                               0.53    0.79   -0.26 (VIOLATED)
_2489_/Y                                0.53    0.79   -0.26 (VIOLATED)
_2490_/A1                               0.53    0.79   -0.26 (VIOLATED)
_2654_/A0                               0.53    0.79   -0.26 (VIOLATED)
_1802_/Y                                0.53    0.79   -0.26 (VIOLATED)
_1803_/B                                0.53    0.79   -0.26 (VIOLATED)
_1551_/Y                                0.53    0.79   -0.26 (VIOLATED)
_2763_/A                                0.53    0.79   -0.26 (VIOLATED)
_3612_/D                                0.53    0.79   -0.26 (VIOLATED)
_2815_/Y                                0.53    0.78   -0.25 (VIOLATED)
_2817_/A0                               0.53    0.78   -0.25 (VIOLATED)
_3201_/B1                               0.53    0.78   -0.25 (VIOLATED)
_3161_/Y                                0.53    0.78   -0.25 (VIOLATED)
_3164_/A0                               0.53    0.78   -0.25 (VIOLATED)
_3183_/A2                               0.53    0.78   -0.25 (VIOLATED)
_2809_/Y                                0.53    0.78   -0.25 (VIOLATED)
_2811_/A1                               0.53    0.78   -0.25 (VIOLATED)
_2939_/A0                               0.53    0.78   -0.25 (VIOLATED)
_2813_/Y                                0.53    0.78   -0.25 (VIOLATED)
_2814_/A1                               0.53    0.78   -0.25 (VIOLATED)
_2941_/A0                               0.53    0.78   -0.25 (VIOLATED)
_2372_/Y                                0.53    0.78   -0.24 (VIOLATED)
_2373_/B                                0.53    0.78   -0.24 (VIOLATED)
_3231_/B                                0.53    0.78   -0.24 (VIOLATED)
_1509_/Y                                0.53    0.77   -0.24 (VIOLATED)
_2750_/A                                0.53    0.77   -0.24 (VIOLATED)
_3618_/D                                0.53    0.77   -0.24 (VIOLATED)
_1610_/Y                                0.53    0.77   -0.24 (VIOLATED)
_2783_/A                                0.53    0.77   -0.24 (VIOLATED)
_3600_/D                                0.53    0.77   -0.24 (VIOLATED)
_1631_/Y                                0.53    0.77   -0.24 (VIOLATED)
_1632_/B1                               0.53    0.77   -0.24 (VIOLATED)
_2366_/X                                0.53    0.77   -0.24 (VIOLATED)
_2367_/A                                0.53    0.77   -0.24 (VIOLATED)
_2416_/B                                0.53    0.77   -0.24 (VIOLATED)
_3286_/B                                0.53    0.77   -0.24 (VIOLATED)
_3295_/B2                               0.53    0.77   -0.24 (VIOLATED)
_3235_/Y                                0.53    0.77   -0.24 (VIOLATED)
_3236_/B1                               0.53    0.77   -0.24 (VIOLATED)
_2924_/Y                                0.53    0.77   -0.23 (VIOLATED)
_2928_/A0                               0.53    0.77   -0.23 (VIOLATED)
_3291_/A2                               0.53    0.77   -0.23 (VIOLATED)
_1490_/Y                                0.53    0.77   -0.23 (VIOLATED)
_1491_/C                                0.53    0.77   -0.23 (VIOLATED)
_1546_/C                                0.53    0.77   -0.23 (VIOLATED)
_1547_/C                                0.53    0.77   -0.23 (VIOLATED)
_1590_/B                                0.53    0.77   -0.23 (VIOLATED)
_1557_/Y                                0.53    0.76   -0.23 (VIOLATED)
_2765_/A                                0.53    0.76   -0.23 (VIOLATED)
_3611_/D                                0.53    0.76   -0.23 (VIOLATED)
_3077_/Y                                0.53    0.76   -0.23 (VIOLATED)
_3078_/B                                0.53    0.76   -0.23 (VIOLATED)
_2893_/Y                                0.53    0.76   -0.23 (VIOLATED)
_2896_/A0                               0.53    0.76   -0.23 (VIOLATED)
_3260_/A2                               0.53    0.76   -0.23 (VIOLATED)
_1480_/Y                                0.53    0.76   -0.23 (VIOLATED)
_2742_/A                                0.53    0.76   -0.23 (VIOLATED)
_3622_/D                                0.53    0.76   -0.23 (VIOLATED)
_3001_/Y                                0.53    0.76   -0.23 (VIOLATED)
_3002_/A1                               0.53    0.76   -0.23 (VIOLATED)
_3045_/A0                               0.53    0.76   -0.23 (VIOLATED)
_1670_/Y                                0.53    0.76   -0.23 (VIOLATED)
_1671_/A                                0.53    0.76   -0.23 (VIOLATED)
_3018_/A1                               0.53    0.76   -0.23 (VIOLATED)
_1862_/Y                                0.53    0.76   -0.23 (VIOLATED)
_1865_/C                                0.53    0.76   -0.23 (VIOLATED)
_1895_/B                                0.53    0.76   -0.23 (VIOLATED)
_3063_/Y                                0.53    0.76   -0.23 (VIOLATED)
_3064_/B                                0.53    0.76   -0.23 (VIOLATED)
_1597_/Y                                0.53    0.76   -0.23 (VIOLATED)
_2779_/A                                0.53    0.76   -0.23 (VIOLATED)
_3603_/D                                0.53    0.76   -0.23 (VIOLATED)
_2940_/Y                                0.53    0.75   -0.22 (VIOLATED)
_2941_/A1                               0.53    0.75   -0.22 (VIOLATED)
_3020_/A0                               0.53    0.75   -0.22 (VIOLATED)
_2972_/Y                                0.53    0.75   -0.22 (VIOLATED)
_2973_/A1                               0.53    0.75   -0.22 (VIOLATED)
_3033_/A0                               0.53    0.75   -0.22 (VIOLATED)
_2954_/Y                                0.53    0.75   -0.22 (VIOLATED)
_2955_/A1                               0.53    0.75   -0.22 (VIOLATED)
_3026_/A0                               0.53    0.75   -0.22 (VIOLATED)
_2800_/Y                                0.53    0.75   -0.22 (VIOLATED)
_2805_/A1                               0.53    0.75   -0.22 (VIOLATED)
_2936_/A0                               0.53    0.75   -0.22 (VIOLATED)
_1663_/Y                                0.53    0.75   -0.22 (VIOLATED)
_1664_/D                                0.53    0.75   -0.22 (VIOLATED)
_2728_/Y                                0.53    0.75   -0.22 (VIOLATED)
_2729_/B                                0.53    0.75   -0.22 (VIOLATED)
_2790_/A0                               0.53    0.75   -0.22 (VIOLATED)
_1631_/A3                               0.53    0.74   -0.21 (VIOLATED)
_1632_/A2                               0.53    0.74   -0.21 (VIOLATED)
_1636_/A2                               0.53    0.74   -0.21 (VIOLATED)
_1584_/Y                                0.53    0.74   -0.21 (VIOLATED)
_1586_/B                                0.53    0.74   -0.21 (VIOLATED)
_1621_/C                                0.53    0.74   -0.21 (VIOLATED)
_1635_/A3                               0.53    0.74   -0.21 (VIOLATED)
max_cap549/A                            0.53    0.74   -0.21 (VIOLATED)
_1632_/X                                0.53    0.74   -0.21 (VIOLATED)
_1634_/A2                               0.53    0.74   -0.21 (VIOLATED)
_2326_/A                                0.53    0.74   -0.21 (VIOLATED)
_2607_/A                                0.53    0.74   -0.21 (VIOLATED)
_2610_/A1                               0.53    0.74   -0.21 (VIOLATED)
_2728_/A1                               0.53    0.74   -0.21 (VIOLATED)
_2067_/A                                0.53    0.74   -0.21 (VIOLATED)
_3142_/A                                0.53    0.74   -0.21 (VIOLATED)
_3151_/A0                               0.53    0.74   -0.21 (VIOLATED)
_3170_/A0                               0.53    0.74   -0.21 (VIOLATED)
_3171_/A1                               0.53    0.74   -0.21 (VIOLATED)
_3173_/A0                               0.53    0.74   -0.21 (VIOLATED)
_3433_/Q                                0.53    0.74   -0.21 (VIOLATED)
_2838_/Y                                0.53    0.74   -0.21 (VIOLATED)
_2841_/A0                               0.53    0.74   -0.21 (VIOLATED)
_3210_/B1                               0.53    0.74   -0.21 (VIOLATED)
_2569_/Y                                0.53    0.74   -0.21 (VIOLATED)
_2572_/A0                               0.53    0.74   -0.21 (VIOLATED)
_3258_/A2                               0.53    0.74   -0.21 (VIOLATED)
_2963_/Y                                0.53    0.74   -0.21 (VIOLATED)
_2964_/A1                               0.53    0.74   -0.21 (VIOLATED)
_3029_/A0                               0.53    0.74   -0.21 (VIOLATED)
_1545_/Y                                0.53    0.74   -0.21 (VIOLATED)
_2761_/A                                0.53    0.74   -0.21 (VIOLATED)
_3613_/D                                0.53    0.74   -0.21 (VIOLATED)
_1641_/Y                                0.53    0.74   -0.20 (VIOLATED)
_2793_/A1                               0.53    0.74   -0.20 (VIOLATED)
_3593_/D                                0.53    0.74   -0.20 (VIOLATED)
_2921_/Y                                0.53    0.73   -0.20 (VIOLATED)
_2922_/A1                               0.53    0.73   -0.20 (VIOLATED)
_3011_/A0                               0.53    0.73   -0.20 (VIOLATED)
_1495_/Y                                0.53    0.73   -0.20 (VIOLATED)
_2746_/A                                0.53    0.73   -0.20 (VIOLATED)
_3620_/D                                0.53    0.73   -0.20 (VIOLATED)
_2869_/Y                                0.53    0.73   -0.20 (VIOLATED)
_2871_/A0                               0.53    0.73   -0.20 (VIOLATED)
_3240_/A2                               0.53    0.73   -0.20 (VIOLATED)
_2827_/Y                                0.53    0.73   -0.20 (VIOLATED)
_2829_/A0                               0.53    0.73   -0.20 (VIOLATED)
_3207_/B1                               0.53    0.73   -0.20 (VIOLATED)
_2027_/Y                                0.53    0.73   -0.20 (VIOLATED)
_2029_/A2                               0.53    0.73   -0.20 (VIOLATED)
_2363_/C                                0.53    0.73   -0.20 (VIOLATED)
_1808_/Y                                0.53    0.73   -0.20 (VIOLATED)
_1811_/A                                0.53    0.73   -0.20 (VIOLATED)
_1873_/B                                0.53    0.73   -0.20 (VIOLATED)
_3170_/Y                                0.53    0.73   -0.20 (VIOLATED)
_3172_/A0                               0.53    0.73   -0.20 (VIOLATED)
_3183_/B1                               0.53    0.73   -0.20 (VIOLATED)
_2870_/Y                                0.53    0.73   -0.20 (VIOLATED)
_2871_/A1                               0.53    0.73   -0.20 (VIOLATED)
_2979_/A0                               0.53    0.73   -0.20 (VIOLATED)
_2699_/Y                                0.53    0.73   -0.20 (VIOLATED)
_2700_/B                                0.53    0.73   -0.20 (VIOLATED)
_2781_/A0                               0.53    0.73   -0.20 (VIOLATED)
_1439_/C_N                              0.53    0.73   -0.20 (VIOLATED)
_1452_/A                                0.53    0.73   -0.20 (VIOLATED)
_1453_/A1                               0.53    0.73   -0.20 (VIOLATED)
_1456_/A                                0.53    0.73   -0.20 (VIOLATED)
_1510_/B_N                              0.53    0.73   -0.20 (VIOLATED)
_1517_/A                                0.53    0.73   -0.20 (VIOLATED)
_1571_/A                                0.53    0.73   -0.20 (VIOLATED)
_2336_/A1                               0.53    0.73   -0.20 (VIOLATED)
_2337_/A1                               0.53    0.73   -0.20 (VIOLATED)
_3487_/Q                                0.53    0.73   -0.20 (VIOLATED)
_2913_/Y                                0.53    0.73   -0.20 (VIOLATED)
_2914_/A1                               0.53    0.73   -0.20 (VIOLATED)
_3005_/A0                               0.53    0.73   -0.20 (VIOLATED)
_2492_/Y                                0.53    0.73   -0.19 (VIOLATED)
_2496_/A0                               0.53    0.73   -0.19 (VIOLATED)
_3210_/A2                               0.53    0.73   -0.19 (VIOLATED)
_2362_/Y                                0.53    0.72   -0.19 (VIOLATED)
_2364_/C                                0.53    0.72   -0.19 (VIOLATED)
_3137_/A2                               0.53    0.72   -0.19 (VIOLATED)
_2864_/Y                                0.53    0.72   -0.19 (VIOLATED)
_2865_/A1                               0.53    0.72   -0.19 (VIOLATED)
_2975_/A0                               0.53    0.72   -0.19 (VIOLATED)
_1615_/Y                                0.53    0.72   -0.19 (VIOLATED)
_2785_/A1                               0.53    0.72   -0.19 (VIOLATED)
_3599_/D                                0.53    0.72   -0.19 (VIOLATED)
_2500_/Y                                0.53    0.72   -0.19 (VIOLATED)
_2501_/A1                               0.53    0.72   -0.19 (VIOLATED)
_2660_/A0                               0.53    0.72   -0.19 (VIOLATED)
_1636_/X                                0.53    0.72   -0.19 (VIOLATED)
_1638_/A2                               0.53    0.72   -0.19 (VIOLATED)
_2329_/A                                0.53    0.72   -0.19 (VIOLATED)
_2613_/A                                0.53    0.72   -0.19 (VIOLATED)
_2615_/A                                0.53    0.72   -0.19 (VIOLATED)
_2731_/A                                0.53    0.72   -0.19 (VIOLATED)
_2906_/Y                                0.53    0.72   -0.19 (VIOLATED)
_2909_/A0                               0.53    0.72   -0.19 (VIOLATED)
_3271_/A2                               0.53    0.72   -0.19 (VIOLATED)
_1574_/Y                                0.53    0.72   -0.18 (VIOLATED)
_2771_/A                                0.53    0.72   -0.18 (VIOLATED)
_3608_/D                                0.53    0.72   -0.18 (VIOLATED)
_1540_/Y                                0.53    0.71   -0.18 (VIOLATED)
_2759_/A                                0.53    0.71   -0.18 (VIOLATED)
_3614_/D                                0.53    0.71   -0.18 (VIOLATED)
_3105_/Y                                0.53    0.71   -0.18 (VIOLATED)
_3106_/B                                0.53    0.71   -0.18 (VIOLATED)
_3173_/Y                                0.53    0.71   -0.18 (VIOLATED)
_3174_/A1                               0.53    0.71   -0.18 (VIOLATED)
_3175_/A0                               0.53    0.71   -0.18 (VIOLATED)
_1583_/Y                                0.53    0.71   -0.18 (VIOLATED)
_2775_/A1                               0.53    0.71   -0.18 (VIOLATED)
_3606_/D                                0.53    0.71   -0.18 (VIOLATED)
_1715_/A0                               0.53    0.71   -0.18 (VIOLATED)
_2141_/A                                0.53    0.71   -0.18 (VIOLATED)
_2143_/A                                0.53    0.71   -0.18 (VIOLATED)
_2866_/A0                               0.53    0.71   -0.18 (VIOLATED)
_2867_/A1                               0.53    0.71   -0.18 (VIOLATED)
_2976_/A0                               0.53    0.71   -0.18 (VIOLATED)
_3416_/Q                                0.53    0.71   -0.18 (VIOLATED)
_2825_/Y                                0.53    0.71   -0.18 (VIOLATED)
_2826_/A1                               0.53    0.71   -0.18 (VIOLATED)
_2950_/A0                               0.53    0.71   -0.18 (VIOLATED)
_2560_/Y                                0.53    0.71   -0.18 (VIOLATED)
_2561_/A1                               0.53    0.71   -0.18 (VIOLATED)
_2697_/A0                               0.53    0.71   -0.18 (VIOLATED)
_2712_/Y                                0.53    0.71   -0.17 (VIOLATED)
_2713_/B                                0.53    0.71   -0.17 (VIOLATED)
_2785_/A0                               0.53    0.71   -0.17 (VIOLATED)
_1487_/Y                                0.53    0.70   -0.17 (VIOLATED)
_2744_/A                                0.53    0.70   -0.17 (VIOLATED)
_3621_/D                                0.53    0.70   -0.17 (VIOLATED)
_1688_/A0                               0.53    0.70   -0.17 (VIOLATED)
_2109_/A                                0.53    0.70   -0.17 (VIOLATED)
_2113_/A1                               0.53    0.70   -0.17 (VIOLATED)
_2827_/A0                               0.53    0.70   -0.17 (VIOLATED)
_2828_/A1                               0.53    0.70   -0.17 (VIOLATED)
_2951_/A0                               0.53    0.70   -0.17 (VIOLATED)
_3426_/Q                                0.53    0.70   -0.17 (VIOLATED)
_1699_/A0                               0.53    0.70   -0.17 (VIOLATED)
_2119_/A                                0.53    0.70   -0.17 (VIOLATED)
_2121_/A                                0.53    0.70   -0.17 (VIOLATED)
_2842_/A0                               0.53    0.70   -0.17 (VIOLATED)
_2843_/A1                               0.53    0.70   -0.17 (VIOLATED)
_2961_/A0                               0.53    0.70   -0.17 (VIOLATED)
_3423_/Q                                0.53    0.70   -0.17 (VIOLATED)
_2716_/Y                                0.53    0.70   -0.17 (VIOLATED)
_2717_/B                                0.53    0.70   -0.17 (VIOLATED)
_2786_/A0                               0.53    0.70   -0.17 (VIOLATED)
_1593_/Y                                0.53    0.70   -0.17 (VIOLATED)
_2777_/A                                0.53    0.70   -0.17 (VIOLATED)
_3604_/D                                0.53    0.70   -0.17 (VIOLATED)
_1638_/Y                                0.53    0.70   -0.17 (VIOLATED)
_2791_/A                                0.53    0.70   -0.17 (VIOLATED)
_3594_/D                                0.53    0.70   -0.17 (VIOLATED)
_2951_/Y                                0.53    0.70   -0.17 (VIOLATED)
_2952_/A1                               0.53    0.70   -0.17 (VIOLATED)
_3024_/A0                               0.53    0.70   -0.17 (VIOLATED)
_1840_/A1                               0.53    0.70   -0.17 (VIOLATED)
_1849_/C                                0.53    0.70   -0.17 (VIOLATED)
_1856_/B                                0.53    0.70   -0.17 (VIOLATED)
_1918_/A                                0.53    0.70   -0.17 (VIOLATED)
_1940_/A2                               0.53    0.70   -0.17 (VIOLATED)
_1944_/A1                               0.53    0.70   -0.17 (VIOLATED)
_1945_/A1                               0.53    0.70   -0.17 (VIOLATED)
_1947_/A                                0.53    0.70   -0.17 (VIOLATED)
_3351_/Q                                0.53    0.70   -0.17 (VIOLATED)
_2943_/Y                                0.53    0.70   -0.17 (VIOLATED)
_2944_/A1                               0.53    0.70   -0.17 (VIOLATED)
_3021_/A0                               0.53    0.70   -0.17 (VIOLATED)
_2378_/X                                0.53    0.69   -0.16 (VIOLATED)
_2379_/B                                0.53    0.69   -0.16 (VIOLATED)
_2386_/A2                               0.53    0.69   -0.16 (VIOLATED)
_2395_/A1                               0.53    0.69   -0.16 (VIOLATED)
_2703_/Y                                0.53    0.69   -0.16 (VIOLATED)
_2704_/B                                0.53    0.69   -0.16 (VIOLATED)
_2782_/A0                               0.53    0.69   -0.16 (VIOLATED)
_1699_/Y                                0.53    0.69   -0.16 (VIOLATED)
_1700_/A                                0.53    0.69   -0.16 (VIOLATED)
_3028_/A1                               0.53    0.69   -0.16 (VIOLATED)
_2575_/Y                                0.53    0.69   -0.16 (VIOLATED)
_2581_/A2                               0.53    0.69   -0.16 (VIOLATED)
_3262_/A2                               0.53    0.69   -0.16 (VIOLATED)
_1703_/Y                                0.53    0.69   -0.16 (VIOLATED)
_1704_/A                                0.53    0.69   -0.16 (VIOLATED)
_3030_/A1                               0.53    0.69   -0.16 (VIOLATED)
_1534_/Y                                0.53    0.69   -0.16 (VIOLATED)
_2757_/A                                0.53    0.69   -0.16 (VIOLATED)
_3615_/D                                0.53    0.69   -0.16 (VIOLATED)
_1703_/A0                               0.53    0.69   -0.16 (VIOLATED)
_2126_/A                                0.53    0.69   -0.16 (VIOLATED)
_2128_/A                                0.53    0.69   -0.16 (VIOLATED)
_2849_/A0                               0.53    0.69   -0.16 (VIOLATED)
_2850_/A1                               0.53    0.69   -0.16 (VIOLATED)
_2965_/A0                               0.53    0.69   -0.16 (VIOLATED)
_3421_/Q                                0.53    0.69   -0.16 (VIOLATED)
_2931_/Y                                0.53    0.69   -0.16 (VIOLATED)
_2932_/A1                               0.53    0.69   -0.16 (VIOLATED)
_3017_/A0                               0.53    0.69   -0.16 (VIOLATED)
_2554_/Y                                0.53    0.69   -0.16 (VIOLATED)
_2556_/A1                               0.53    0.69   -0.16 (VIOLATED)
_2694_/A0                               0.53    0.69   -0.16 (VIOLATED)
_1630_/Y                                0.53    0.69   -0.16 (VIOLATED)
_2788_/A                                0.53    0.69   -0.16 (VIOLATED)
_3596_/D                                0.53    0.69   -0.16 (VIOLATED)
_3006_/Y                                0.53    0.69   -0.16 (VIOLATED)
_3007_/A1                               0.53    0.69   -0.16 (VIOLATED)
_3047_/A0                               0.53    0.69   -0.16 (VIOLATED)
_1686_/Y                                0.53    0.69   -0.16 (VIOLATED)
_1687_/A                                0.53    0.69   -0.16 (VIOLATED)
_3023_/A1                               0.53    0.69   -0.16 (VIOLATED)
_1713_/Y                                0.53    0.69   -0.15 (VIOLATED)
_1714_/A                                0.53    0.69   -0.15 (VIOLATED)
_3034_/A1                               0.53    0.69   -0.15 (VIOLATED)
_1705_/Y                                0.53    0.68   -0.15 (VIOLATED)
_1706_/A                                0.53    0.68   -0.15 (VIOLATED)
_3031_/A1                               0.53    0.68   -0.15 (VIOLATED)
_1499_/A                                0.53    0.68   -0.15 (VIOLATED)
_1506_/A                                0.53    0.68   -0.15 (VIOLATED)
_1461_/Y                                0.53    0.68   -0.15 (VIOLATED)
_1484_/A                                0.53    0.68   -0.15 (VIOLATED)
_1512_/A                                0.53    0.68   -0.15 (VIOLATED)
_1622_/A                                0.53    0.68   -0.15 (VIOLATED)
max_cap529/A                            0.53    0.68   -0.15 (VIOLATED)
_1673_/Y                                0.53    0.68   -0.15 (VIOLATED)
_1674_/A                                0.53    0.68   -0.15 (VIOLATED)
_3019_/A1                               0.53    0.68   -0.15 (VIOLATED)
_1688_/Y                                0.53    0.68   -0.15 (VIOLATED)
_1689_/A                                0.53    0.68   -0.15 (VIOLATED)
_3024_/A1                               0.53    0.68   -0.15 (VIOLATED)
_2528_/Y                                0.53    0.68   -0.15 (VIOLATED)
_2531_/A0                               0.53    0.68   -0.15 (VIOLATED)
_3234_/A2                               0.53    0.68   -0.15 (VIOLATED)
_2380_/Y                                0.53    0.68   -0.15 (VIOLATED)
_2381_/B1                               0.53    0.68   -0.15 (VIOLATED)
_3059_/Y                                0.53    0.68   -0.15 (VIOLATED)
_3060_/B                                0.53    0.68   -0.15 (VIOLATED)
_1578_/Y                                0.53    0.68   -0.15 (VIOLATED)
_2773_/A                                0.53    0.68   -0.15 (VIOLATED)
_3607_/D                                0.53    0.68   -0.15 (VIOLATED)
_1563_/Y                                0.53    0.68   -0.15 (VIOLATED)
_2767_/A                                0.53    0.68   -0.15 (VIOLATED)
_3610_/D                                0.53    0.68   -0.15 (VIOLATED)
_1567_/Y                                0.53    0.68   -0.15 (VIOLATED)
_2769_/A                                0.53    0.68   -0.15 (VIOLATED)
_3609_/D                                0.53    0.68   -0.15 (VIOLATED)
_1831_/Y                                0.53    0.68   -0.15 (VIOLATED)
_1842_/B1                               0.53    0.68   -0.15 (VIOLATED)
_1974_/A1                               0.53    0.68   -0.15 (VIOLATED)
_2354_/Y                                0.53    0.68   -0.15 (VIOLATED)
_2355_/B2                               0.53    0.68   -0.15 (VIOLATED)
_2358_/B1                               0.53    0.68   -0.15 (VIOLATED)
_1450_/Y                                0.53    0.68   -0.15 (VIOLATED)
place432/A                              0.53    0.68   -0.15 (VIOLATED)
_2391_/Y                                0.53    0.68   -0.15 (VIOLATED)
_2396_/A                                0.53    0.68   -0.15 (VIOLATED)
_2397_/A1                               0.53    0.68   -0.15 (VIOLATED)
_2398_/S                                0.53    0.68   -0.15 (VIOLATED)
_2443_/B                                0.53    0.68   -0.15 (VIOLATED)
_3157_/C                                0.53    0.68   -0.15 (VIOLATED)
_3158_/A1                               0.53    0.68   -0.15 (VIOLATED)
_2938_/Y                                0.53    0.68   -0.15 (VIOLATED)
_2939_/A1                               0.53    0.68   -0.15 (VIOLATED)
_3019_/A0                               0.53    0.68   -0.15 (VIOLATED)
_3151_/Y                                0.53    0.68   -0.15 (VIOLATED)
_3152_/A                                0.53    0.68   -0.15 (VIOLATED)
_3175_/A1                               0.53    0.68   -0.15 (VIOLATED)
_1947_/Y                                0.53    0.68   -0.15 (VIOLATED)
place417/A                              0.53    0.68   -0.15 (VIOLATED)
_1589_/Y                                0.53    0.67   -0.14 (VIOLATED)
_2776_/A1                               0.53    0.67   -0.14 (VIOLATED)
_3605_/D                                0.53    0.67   -0.14 (VIOLATED)
_2969_/Y                                0.53    0.67   -0.14 (VIOLATED)
_2970_/A1                               0.53    0.67   -0.14 (VIOLATED)
_3032_/A0                               0.53    0.67   -0.14 (VIOLATED)
_1826_/Y                                0.53    0.67   -0.14 (VIOLATED)
_1848_/B1                               0.53    0.67   -0.14 (VIOLATED)
_1955_/A                                0.53    0.67   -0.14 (VIOLATED)
_1678_/A0                               0.53    0.67   -0.14 (VIOLATED)
_2096_/A                                0.53    0.67   -0.14 (VIOLATED)
_2103_/A1                               0.53    0.67   -0.14 (VIOLATED)
_2815_/A0                               0.53    0.67   -0.14 (VIOLATED)
_2816_/A1                               0.53    0.67   -0.14 (VIOLATED)
_2943_/A0                               0.53    0.67   -0.14 (VIOLATED)
_3429_/Q                                0.53    0.67   -0.14 (VIOLATED)
_1526_/Y                                0.53    0.67   -0.14 (VIOLATED)
_2755_/A                                0.53    0.67   -0.14 (VIOLATED)
_3616_/D                                0.53    0.67   -0.14 (VIOLATED)
_3083_/Y                                0.53    0.67   -0.14 (VIOLATED)
_3084_/B                                0.53    0.67   -0.14 (VIOLATED)
_1656_/X                                0.53    0.67   -0.14 (VIOLATED)
_1664_/A                                0.53    0.67   -0.14 (VIOLATED)
_2071_/D                                0.53    0.67   -0.14 (VIOLATED)
_3145_/A2                               0.53    0.67   -0.14 (VIOLATED)
_1717_/A0                               0.53    0.67   -0.14 (VIOLATED)
_2144_/A                                0.53    0.67   -0.14 (VIOLATED)
_2147_/A1                               0.53    0.67   -0.14 (VIOLATED)
_2869_/A0                               0.53    0.67   -0.14 (VIOLATED)
_2870_/A1                               0.53    0.67   -0.14 (VIOLATED)
_2978_/A0                               0.53    0.67   -0.14 (VIOLATED)
_3415_/Q                                0.53    0.67   -0.14 (VIOLATED)
_3117_/Y                                0.53    0.67   -0.14 (VIOLATED)
_3118_/B                                0.53    0.67   -0.14 (VIOLATED)
_1741_/Y                                0.53    0.67   -0.14 (VIOLATED)
_1742_/A                                0.53    0.67   -0.14 (VIOLATED)
_3044_/A1                               0.53    0.67   -0.14 (VIOLATED)
_1502_/Y                                0.53    0.67   -0.14 (VIOLATED)
_2748_/A                                0.53    0.67   -0.14 (VIOLATED)
_3619_/D                                0.53    0.67   -0.14 (VIOLATED)
_3103_/Y                                0.53    0.67   -0.14 (VIOLATED)
_3104_/B                                0.53    0.67   -0.14 (VIOLATED)
_1634_/Y                                0.53    0.67   -0.13 (VIOLATED)
_2790_/A1                               0.53    0.67   -0.13 (VIOLATED)
_3595_/D                                0.53    0.67   -0.13 (VIOLATED)
_2996_/Y                                0.53    0.67   -0.13 (VIOLATED)
_2997_/A1                               0.53    0.67   -0.13 (VIOLATED)
_3043_/A0                               0.53    0.67   -0.13 (VIOLATED)
_2736_/Y                                0.53    0.66   -0.13 (VIOLATED)
_2737_/B                                0.53    0.66   -0.13 (VIOLATED)
_2793_/A0                               0.53    0.66   -0.13 (VIOLATED)
_2685_/Y                                0.53    0.66   -0.13 (VIOLATED)
_2686_/B                                0.53    0.66   -0.13 (VIOLATED)
_2775_/A0                               0.53    0.66   -0.13 (VIOLATED)
_1658_/X                                0.53    0.66   -0.13 (VIOLATED)
_1664_/B                                0.53    0.66   -0.13 (VIOLATED)
_2071_/C                                0.53    0.66   -0.13 (VIOLATED)
_2188_/A2                               0.53    0.66   -0.13 (VIOLATED)
_1701_/A0                               0.53    0.66   -0.13 (VIOLATED)
_2122_/A                                0.53    0.66   -0.13 (VIOLATED)
_2125_/A                                0.53    0.66   -0.13 (VIOLATED)
_2846_/A0                               0.53    0.66   -0.13 (VIOLATED)
_2847_/A1                               0.53    0.66   -0.13 (VIOLATED)
_2963_/A0                               0.53    0.66   -0.13 (VIOLATED)
_3422_/Q                                0.53    0.66   -0.13 (VIOLATED)
_2084_/Y                                0.53    0.66   -0.13 (VIOLATED)
_3433_/D                                0.53    0.66   -0.13 (VIOLATED)
_1751_/A0                               0.53    0.66   -0.12 (VIOLATED)
_2174_/A                                0.53    0.66   -0.12 (VIOLATED)
_2177_/A1                               0.53    0.66   -0.12 (VIOLATED)
_2915_/A0                               0.53    0.66   -0.12 (VIOLATED)
_2916_/A1                               0.53    0.66   -0.12 (VIOLATED)
_3006_/A0                               0.53    0.66   -0.12 (VIOLATED)
_3405_/Q                                0.53    0.66   -0.12 (VIOLATED)
_1715_/Y                                0.53    0.66   -0.12 (VIOLATED)
_1716_/A                                0.53    0.66   -0.12 (VIOLATED)
_3035_/A1                               0.53    0.66   -0.12 (VIOLATED)
_3107_/Y                                0.53    0.66   -0.12 (VIOLATED)
_3108_/B                                0.53    0.66   -0.12 (VIOLATED)
_3289_/Y                                0.53    0.65   -0.12 (VIOLATED)
_3290_/B1                               0.53    0.65   -0.12 (VIOLATED)
_2981_/Y                                0.53    0.65   -0.12 (VIOLATED)
_2983_/A1                               0.53    0.65   -0.12 (VIOLATED)
_3038_/A0                               0.53    0.65   -0.12 (VIOLATED)
_2993_/Y                                0.53    0.65   -0.12 (VIOLATED)
_2994_/A1                               0.53    0.65   -0.12 (VIOLATED)
_3042_/A0                               0.53    0.65   -0.12 (VIOLATED)
_1842_/Y                                0.53    0.65   -0.12 (VIOLATED)
_1847_/B1                               0.53    0.65   -0.12 (VIOLATED)
_1860_/Y                                0.53    0.65   -0.12 (VIOLATED)
_1865_/B                                0.53    0.65   -0.12 (VIOLATED)
_1899_/B                                0.53    0.65   -0.12 (VIOLATED)
_3176_/Y                                0.53    0.65   -0.12 (VIOLATED)
_3177_/B                                0.53    0.65   -0.12 (VIOLATED)
_3009_/Y                                0.53    0.65   -0.12 (VIOLATED)
_3011_/A1                               0.53    0.65   -0.12 (VIOLATED)
_3048_/A0                               0.53    0.65   -0.12 (VIOLATED)
_2510_/Y                                0.53    0.65   -0.11 (VIOLATED)
_2511_/A1                               0.53    0.65   -0.11 (VIOLATED)
_2666_/A0                               0.53    0.65   -0.11 (VIOLATED)
_1809_/Y                                0.53    0.65   -0.11 (VIOLATED)
_1810_/B                                0.53    0.65   -0.11 (VIOLATED)
_1883_/B1                               0.53    0.65   -0.11 (VIOLATED)
_1766_/Y                                0.53    0.65   -0.11 (VIOLATED)
place443/A                              0.53    0.65   -0.11 (VIOLATED)
_2900_/Y                                0.53    0.64   -0.11 (VIOLATED)
_2901_/A1                               0.53    0.64   -0.11 (VIOLATED)
_2997_/A0                               0.53    0.64   -0.11 (VIOLATED)
_1911_/Y                                0.53    0.64   -0.11 (VIOLATED)
_3362_/D                                0.53    0.64   -0.11 (VIOLATED)
_2965_/Y                                0.53    0.64   -0.11 (VIOLATED)
_2966_/A1                               0.53    0.64   -0.11 (VIOLATED)
_3030_/A0                               0.53    0.64   -0.11 (VIOLATED)
_1741_/A0                               0.53    0.64   -0.11 (VIOLATED)
_2165_/A                                0.53    0.64   -0.11 (VIOLATED)
_2168_/A1                               0.53    0.64   -0.11 (VIOLATED)
_2902_/A0                               0.53    0.64   -0.11 (VIOLATED)
_2903_/A1                               0.53    0.64   -0.11 (VIOLATED)
_2998_/A0                               0.53    0.64   -0.11 (VIOLATED)
_3408_/Q                                0.53    0.64   -0.11 (VIOLATED)
_1886_/Y                                0.53    0.64   -0.11 (VIOLATED)
_1887_/B2                               0.53    0.64   -0.11 (VIOLATED)
_2029_/Y                                0.53    0.64   -0.11 (VIOLATED)
_2030_/B2                               0.53    0.64   -0.11 (VIOLATED)
_1517_/X                                0.53    0.64   -0.11 (VIOLATED)
_1518_/B                                0.53    0.64   -0.11 (VIOLATED)
_1568_/B                                0.53    0.64   -0.11 (VIOLATED)
_1717_/Y                                0.53    0.64   -0.11 (VIOLATED)
_1718_/A                                0.53    0.64   -0.11 (VIOLATED)
_3037_/A1                               0.53    0.64   -0.11 (VIOLATED)
_2009_/Y                                0.53    0.64   -0.11 (VIOLATED)
_2011_/A2                               0.53    0.64   -0.11 (VIOLATED)
_2363_/A                                0.53    0.64   -0.11 (VIOLATED)
_2614_/Y                                0.53    0.64   -0.11 (VIOLATED)
_2618_/A2                               0.53    0.64   -0.11 (VIOLATED)
_3287_/B                                0.53    0.64   -0.11 (VIOLATED)
_2124_/Y                                0.53    0.64   -0.11 (VIOLATED)
_3423_/D                                0.53    0.64   -0.11 (VIOLATED)
_1705_/A0                               0.53    0.64   -0.10 (VIOLATED)
_2129_/A                                0.53    0.64   -0.10 (VIOLATED)
_2131_/A                                0.53    0.64   -0.10 (VIOLATED)
_2852_/A0                               0.53    0.64   -0.10 (VIOLATED)
_2853_/A1                               0.53    0.64   -0.10 (VIOLATED)
_2967_/A0                               0.53    0.64   -0.10 (VIOLATED)
_3420_/Q                                0.53    0.64   -0.10 (VIOLATED)
_1843_/Y                                0.53    0.63   -0.10 (VIOLATED)
_1844_/B                                0.53    0.63   -0.10 (VIOLATED)
_1967_/B                                0.53    0.63   -0.10 (VIOLATED)
_1861_/Y                                0.53    0.63   -0.10 (VIOLATED)
_1862_/B                                0.53    0.63   -0.10 (VIOLATED)
_1863_/B                                0.53    0.63   -0.10 (VIOLATED)
_2379_/Y                                0.53    0.63   -0.10 (VIOLATED)
_2390_/B                                0.53    0.63   -0.10 (VIOLATED)
_2394_/A1                               0.53    0.63   -0.10 (VIOLATED)
_3250_/A                                0.53    0.63   -0.10 (VIOLATED)
_2577_/Y                                0.53    0.63   -0.10 (VIOLATED)
_2578_/B                                0.53    0.63   -0.10 (VIOLATED)
_2603_/B                                0.53    0.63   -0.10 (VIOLATED)
_2615_/B                                0.53    0.63   -0.10 (VIOLATED)
_1751_/Y                                0.53    0.63   -0.10 (VIOLATED)
_1752_/A                                0.53    0.63   -0.10 (VIOLATED)
_3047_/A1                               0.53    0.63   -0.10 (VIOLATED)
_3283_/Y                                0.53    0.63   -0.10 (VIOLATED)
_3284_/B1                               0.53    0.63   -0.10 (VIOLATED)
_2976_/Y                                0.53    0.63   -0.10 (VIOLATED)
_2977_/A1                               0.53    0.63   -0.10 (VIOLATED)
_3035_/A0                               0.53    0.63   -0.10 (VIOLATED)
_1470_/Y                                0.53    0.63   -0.10 (VIOLATED)
_2740_/A                                0.53    0.63   -0.10 (VIOLATED)
_3623_/D                                0.53    0.63   -0.10 (VIOLATED)
_2820_/Y                                0.53    0.63   -0.10 (VIOLATED)
_2823_/A0                               0.53    0.63   -0.10 (VIOLATED)
_3202_/B1                               0.53    0.63   -0.10 (VIOLATED)
_3205_/Y                                0.53    0.63   -0.09 (VIOLATED)
_3322_/D                                0.53    0.63   -0.09 (VIOLATED)
_1515_/Y                                0.53    0.63   -0.09 (VIOLATED)
_2753_/A                                0.53    0.63   -0.09 (VIOLATED)
_3617_/D                                0.53    0.63   -0.09 (VIOLATED)
_2608_/Y                                0.53    0.63   -0.09 (VIOLATED)
_2612_/A2                               0.53    0.63   -0.09 (VIOLATED)
_2730_/A2                               0.53    0.63   -0.09 (VIOLATED)
_2967_/Y                                0.53    0.63   -0.09 (VIOLATED)
_2968_/A1                               0.53    0.63   -0.09 (VIOLATED)
_3031_/A0                               0.53    0.63   -0.09 (VIOLATED)
_2949_/Y                                0.53    0.63   -0.09 (VIOLATED)
_2950_/A1                               0.53    0.63   -0.09 (VIOLATED)
_3023_/A0                               0.53    0.63   -0.09 (VIOLATED)
_1625_/Y                                0.53    0.63   -0.09 (VIOLATED)
_2787_/A1                               0.53    0.63   -0.09 (VIOLATED)
_3597_/D                                0.53    0.63   -0.09 (VIOLATED)
gated                                   0.53    0.62   -0.09 (VIOLATED)
_2195_/B                                0.53    0.62   -0.09 (VIOLATED)
_3144_/B                                0.53    0.62   -0.09 (VIOLATED)
_2196_/A1                               0.53    0.62   -0.09 (VIOLATED)
_2199_/B                                0.53    0.62   -0.09 (VIOLATED)
_2200_/A1                               0.53    0.62   -0.09 (VIOLATED)
_3145_/A1                               0.53    0.62   -0.09 (VIOLATED)
_1645_/Y                                0.53    0.62   -0.09 (VIOLATED)
_1666_/B                                0.53    0.62   -0.09 (VIOLATED)
_2059_/Y                                0.53    0.62   -0.09 (VIOLATED)
_3386_/D                                0.53    0.62   -0.09 (VIOLATED)
_2138_/Y                                0.53    0.62   -0.09 (VIOLATED)
_2139_/A2                               0.53    0.62   -0.09 (VIOLATED)
_1731_/Y                                0.53    0.62   -0.09 (VIOLATED)
_1732_/A                                0.53    0.62   -0.09 (VIOLATED)
_3041_/A1                               0.53    0.62   -0.09 (VIOLATED)
_1794_/Y                                0.53    0.62   -0.09 (VIOLATED)
_1795_/B                                0.53    0.62   -0.09 (VIOLATED)
_1799_/B                                0.53    0.62   -0.09 (VIOLATED)
_1601_/Y                                0.53    0.62   -0.09 (VIOLATED)
_2781_/A1                               0.53    0.62   -0.09 (VIOLATED)
_3602_/D                                0.53    0.62   -0.09 (VIOLATED)
_2166_/Y                                0.53    0.62   -0.09 (VIOLATED)
_3409_/D                                0.53    0.62   -0.09 (VIOLATED)
_1452_/Y                                0.53    0.62   -0.09 (VIOLATED)
place412/A                              0.53    0.62   -0.09 (VIOLATED)
_2535_/Y                                0.53    0.62   -0.09 (VIOLATED)
_2536_/A1                               0.53    0.62   -0.09 (VIOLATED)
_2681_/A0                               0.53    0.62   -0.09 (VIOLATED)
_3004_/Y                                0.53    0.62   -0.09 (VIOLATED)
_3005_/A1                               0.53    0.62   -0.09 (VIOLATED)
_3046_/A0                               0.53    0.62   -0.09 (VIOLATED)
_2873_/Y                                0.53    0.62   -0.09 (VIOLATED)
_2876_/A0                               0.53    0.62   -0.09 (VIOLATED)
_3243_/A2                               0.53    0.62   -0.09 (VIOLATED)
_2022_/Y                                0.53    0.61   -0.08 (VIOLATED)
_2023_/A2                               0.53    0.61   -0.08 (VIOLATED)
_2364_/A                                0.53    0.61   -0.08 (VIOLATED)
_3115_/Y                                0.53    0.61   -0.08 (VIOLATED)
_3116_/B                                0.53    0.61   -0.08 (VIOLATED)
_1667_/A                                0.53    0.61   -0.08 (VIOLATED)
_2368_/A                                0.53    0.61   -0.08 (VIOLATED)
_2400_/A                                0.53    0.61   -0.08 (VIOLATED)
_2401_/A                                0.53    0.61   -0.08 (VIOLATED)
_2794_/A                                0.53    0.61   -0.08 (VIOLATED)
_2798_/A                                0.53    0.61   -0.08 (VIOLATED)
_2933_/D                                0.53    0.61   -0.08 (VIOLATED)
_3493_/Q                                0.53    0.61   -0.08 (VIOLATED)
_2068_/Y                                0.53    0.61   -0.08 (VIOLATED)
_2070_/B                                0.53    0.61   -0.08 (VIOLATED)
_2196_/A2                               0.53    0.61   -0.08 (VIOLATED)
_1707_/A0                               0.53    0.61   -0.08 (VIOLATED)
_2132_/A                                0.53    0.61   -0.08 (VIOLATED)
_2135_/A1                               0.53    0.61   -0.08 (VIOLATED)
_2855_/A0                               0.53    0.61   -0.08 (VIOLATED)
_2856_/A1                               0.53    0.61   -0.08 (VIOLATED)
_2969_/A0                               0.53    0.61   -0.08 (VIOLATED)
_3419_/Q                                0.53    0.61   -0.08 (VIOLATED)
_1605_/Y                                0.53    0.61   -0.08 (VIOLATED)
_2782_/A1                               0.53    0.61   -0.08 (VIOLATED)
_3601_/D                                0.53    0.61   -0.08 (VIOLATED)
_1670_/A0                               0.53    0.61   -0.08 (VIOLATED)
_2077_/A                                0.53    0.61   -0.08 (VIOLATED)
_2086_/A                                0.53    0.61   -0.08 (VIOLATED)
_2797_/A0                               0.53    0.61   -0.08 (VIOLATED)
_2800_/A1                               0.53    0.61   -0.08 (VIOLATED)
_2935_/A0                               0.53    0.61   -0.08 (VIOLATED)
_3432_/Q                                0.53    0.61   -0.08 (VIOLATED)
_2174_/Y                                0.53    0.61   -0.07 (VIOLATED)
_2175_/A2                               0.53    0.61   -0.07 (VIOLATED)
_1813_/Y                                0.53    0.61   -0.07 (VIOLATED)
_1867_/A                                0.53    0.61   -0.07 (VIOLATED)
_1895_/A                                0.53    0.61   -0.07 (VIOLATED)
_1899_/A                                0.53    0.61   -0.07 (VIOLATED)
_2402_/A1                               0.53    0.61   -0.07 (VIOLATED)
_2407_/A1                               0.53    0.61   -0.07 (VIOLATED)
_3131_/A                                0.53    0.61   -0.07 (VIOLATED)
_2466_/Y                                0.53    0.60   -0.07 (VIOLATED)
_2467_/A1                               0.53    0.60   -0.07 (VIOLATED)
_2640_/A0                               0.53    0.60   -0.07 (VIOLATED)
_1676_/A0                               0.53    0.60   -0.07 (VIOLATED)
_2093_/A                                0.53    0.60   -0.07 (VIOLATED)
_2095_/A                                0.53    0.60   -0.07 (VIOLATED)
_2812_/A0                               0.53    0.60   -0.07 (VIOLATED)
_2813_/A1                               0.53    0.60   -0.07 (VIOLATED)
_2940_/A0                               0.53    0.60   -0.07 (VIOLATED)
_3430_/Q                                0.53    0.60   -0.07 (VIOLATED)
_1713_/A0                               0.53    0.60   -0.07 (VIOLATED)
_2138_/A                                0.53    0.60   -0.07 (VIOLATED)
_2140_/A                                0.53    0.60   -0.07 (VIOLATED)
_2863_/A0                               0.53    0.60   -0.07 (VIOLATED)
_2864_/A1                               0.53    0.60   -0.07 (VIOLATED)
_2974_/A0                               0.53    0.60   -0.07 (VIOLATED)
_3417_/Q                                0.53    0.60   -0.07 (VIOLATED)
_2680_/Y                                0.53    0.60   -0.07 (VIOLATED)
_2681_/A1                               0.53    0.60   -0.07 (VIOLATED)
_2774_/A2                               0.53    0.60   -0.07 (VIOLATED)
_2518_/Y                                0.53    0.60   -0.07 (VIOLATED)
_2521_/A0                               0.53    0.60   -0.07 (VIOLATED)
_3224_/A2                               0.53    0.60   -0.07 (VIOLATED)
_1955_/Y                                0.53    0.60   -0.07 (VIOLATED)
_1956_/B1                               0.53    0.60   -0.07 (VIOLATED)
_3286_/Y                                0.53    0.60   -0.07 (VIOLATED)
_3291_/B2                               0.53    0.60   -0.07 (VIOLATED)
_1620_/Y                                0.53    0.60   -0.07 (VIOLATED)
_2786_/A1                               0.53    0.60   -0.07 (VIOLATED)
_3598_/D                                0.53    0.60   -0.07 (VIOLATED)
_2051_/Y                                0.53    0.60   -0.07 (VIOLATED)
_3389_/D                                0.53    0.60   -0.07 (VIOLATED)
_2089_/Y                                0.53    0.60   -0.07 (VIOLATED)
_2091_/A2                               0.53    0.60   -0.07 (VIOLATED)
_1676_/Y                                0.53    0.60   -0.07 (VIOLATED)
_1677_/A                                0.53    0.60   -0.07 (VIOLATED)
_3020_/A1                               0.53    0.60   -0.07 (VIOLATED)
_1844_/Y                                0.53    0.60   -0.06 (VIOLATED)
_1847_/B2                               0.53    0.60   -0.06 (VIOLATED)
_1820_/A                                0.53    0.59   -0.06 (VIOLATED)
_1827_/A                                0.53    0.59   -0.06 (VIOLATED)
_1828_/A1                               0.53    0.59   -0.06 (VIOLATED)
_1844_/C_N                              0.53    0.59   -0.06 (VIOLATED)
_1845_/A1                               0.53    0.59   -0.06 (VIOLATED)
_1846_/A                                0.53    0.59   -0.06 (VIOLATED)
_1963_/A1                               0.53    0.59   -0.06 (VIOLATED)
_1964_/A1                               0.53    0.59   -0.06 (VIOLATED)
_1965_/A1                               0.53    0.59   -0.06 (VIOLATED)
_3376_/Q                                0.53    0.59   -0.06 (VIOLATED)
_3278_/Y                                0.53    0.59   -0.06 (VIOLATED)
_3279_/B1                               0.53    0.59   -0.06 (VIOLATED)
_2639_/Y                                0.53    0.59   -0.06 (VIOLATED)
_2640_/A1                               0.53    0.59   -0.06 (VIOLATED)
_2747_/A2                               0.53    0.59   -0.06 (VIOLATED)
_3101_/Y                                0.53    0.59   -0.06 (VIOLATED)
_3102_/B                                0.53    0.59   -0.06 (VIOLATED)
_1825_/Y                                0.53    0.59   -0.06 (VIOLATED)
_1848_/A2                               0.53    0.59   -0.06 (VIOLATED)
_1951_/B                                0.53    0.59   -0.06 (VIOLATED)
_2571_/Y                                0.53    0.59   -0.06 (VIOLATED)
_2572_/A1                               0.53    0.59   -0.06 (VIOLATED)
_2705_/A2                               0.53    0.59   -0.06 (VIOLATED)
_1852_/Y                                0.53    0.59   -0.06 (VIOLATED)
_1853_/B                                0.53    0.59   -0.06 (VIOLATED)
_1655_/A                                0.53    0.59   -0.06 (VIOLATED)
_1657_/A                                0.53    0.59   -0.06 (VIOLATED)
_1659_/A1                               0.53    0.59   -0.06 (VIOLATED)
_1663_/C                                0.53    0.59   -0.06 (VIOLATED)
_2068_/A                                0.53    0.59   -0.06 (VIOLATED)
_2195_/A                                0.53    0.59   -0.06 (VIOLATED)
_2197_/A1                               0.53    0.59   -0.06 (VIOLATED)
_3447_/Q                                0.53    0.59   -0.06 (VIOLATED)
_1701_/Y                                0.53    0.59   -0.05 (VIOLATED)
_1702_/A                                0.53    0.59   -0.05 (VIOLATED)
_3029_/A1                               0.53    0.59   -0.05 (VIOLATED)
_1673_/A0                               0.53    0.58   -0.05 (VIOLATED)
_2089_/A                                0.53    0.58   -0.05 (VIOLATED)
_2092_/A                                0.53    0.58   -0.05 (VIOLATED)
_2807_/A0                               0.53    0.58   -0.05 (VIOLATED)
_2809_/A1                               0.53    0.58   -0.05 (VIOLATED)
_2938_/A0                               0.53    0.58   -0.05 (VIOLATED)
_3431_/Q                                0.53    0.58   -0.05 (VIOLATED)
_2494_/Y                                0.53    0.58   -0.05 (VIOLATED)
_2496_/A1                               0.53    0.58   -0.05 (VIOLATED)
_2657_/A0                               0.53    0.58   -0.05 (VIOLATED)
_2468_/Y                                0.53    0.58   -0.05 (VIOLATED)
_2469_/B1                               0.53    0.58   -0.05 (VIOLATED)
_2958_/Y                                0.53    0.58   -0.05 (VIOLATED)
_2960_/A1                               0.53    0.58   -0.05 (VIOLATED)
_3027_/A0                               0.53    0.58   -0.05 (VIOLATED)
_1941_/Y                                0.53    0.58   -0.05 (VIOLATED)
_3353_/D                                0.53    0.58   -0.05 (VIOLATED)
_1816_/X                                0.53    0.58   -0.05 (VIOLATED)
_1818_/D                                0.53    0.58   -0.05 (VIOLATED)
_1829_/C                                0.53    0.58   -0.05 (VIOLATED)
_1830_/A2                               0.53    0.58   -0.05 (VIOLATED)
_1831_/B                                0.53    0.58   -0.05 (VIOLATED)
_1843_/A3                               0.53    0.58   -0.05 (VIOLATED)
_1977_/A                                0.53    0.58   -0.05 (VIOLATED)
_1737_/Y                                0.53    0.58   -0.05 (VIOLATED)
place423/A                              0.53    0.58   -0.05 (VIOLATED)
_3240_/Y                                0.53    0.58   -0.05 (VIOLATED)
_3310_/D                                0.53    0.58   -0.05 (VIOLATED)
_2520_/Y                                0.53    0.58   -0.05 (VIOLATED)
_2521_/A1                               0.53    0.58   -0.05 (VIOLATED)
_2672_/A0                               0.53    0.58   -0.05 (VIOLATED)
_2477_/Y                                0.53    0.58   -0.05 (VIOLATED)
_2478_/A1                               0.53    0.58   -0.05 (VIOLATED)
_2648_/A0                               0.53    0.58   -0.05 (VIOLATED)
_3145_/Y                                0.53    0.58   -0.05 (VIOLATED)
_3146_/B2                               0.53    0.58   -0.05 (VIOLATED)
_2540_/Y                                0.53    0.58   -0.05 (VIOLATED)
_2544_/A2                               0.53    0.58   -0.05 (VIOLATED)
_2687_/A2                               0.53    0.58   -0.05 (VIOLATED)
_2647_/Y                                0.53    0.58   -0.05 (VIOLATED)
_2648_/A1                               0.53    0.58   -0.05 (VIOLATED)
_2751_/A2                               0.53    0.58   -0.05 (VIOLATED)
_3234_/Y                                0.53    0.58   -0.05 (VIOLATED)
_3312_/D                                0.53    0.58   -0.05 (VIOLATED)
_2515_/Y                                0.53    0.58   -0.05 (VIOLATED)
_2516_/A1                               0.53    0.58   -0.05 (VIOLATED)
_2669_/A0                               0.53    0.58   -0.05 (VIOLATED)
_1707_/Y                                0.53    0.58   -0.05 (VIOLATED)
_1708_/A                                0.53    0.58   -0.05 (VIOLATED)
_3032_/A1                               0.53    0.58   -0.05 (VIOLATED)
_2947_/Y                                0.53    0.58   -0.05 (VIOLATED)
_2948_/A1                               0.53    0.58   -0.05 (VIOLATED)
_3022_/A0                               0.53    0.58   -0.05 (VIOLATED)
_1924_/Y                                0.53    0.58   -0.04 (VIOLATED)
_3360_/D                                0.53    0.58   -0.04 (VIOLATED)
_1721_/A1                               0.53    0.57   -0.04 (VIOLATED)
place377/A                              0.53    0.57   -0.04 (VIOLATED)
_1720_/B                                0.53    0.57   -0.04 (VIOLATED)
_1724_/B                                0.53    0.57   -0.04 (VIOLATED)
_1725_/A1                               0.53    0.57   -0.04 (VIOLATED)
_1728_/B                                0.53    0.57   -0.04 (VIOLATED)
_1729_/A1                               0.53    0.57   -0.04 (VIOLATED)
_1738_/B                                0.53    0.57   -0.04 (VIOLATED)
_1744_/B                                0.53    0.57   -0.04 (VIOLATED)
_1745_/A1                               0.53    0.57   -0.04 (VIOLATED)
_1754_/B                                0.53    0.57   -0.04 (VIOLATED)
max_cap506/X                            0.53    0.57   -0.04 (VIOLATED)
_3262_/Y                                0.53    0.57   -0.04 (VIOLATED)
_3304_/D                                0.53    0.57   -0.04 (VIOLATED)
_2432_/Y                                0.53    0.57   -0.04 (VIOLATED)
_2446_/A0                               0.53    0.57   -0.04 (VIOLATED)
_3191_/A2                               0.53    0.57   -0.04 (VIOLATED)
_3057_/Y                                0.53    0.57   -0.04 (VIOLATED)
_3058_/B                                0.53    0.57   -0.04 (VIOLATED)
_1686_/A0                               0.53    0.57   -0.04 (VIOLATED)
_2106_/A                                0.53    0.57   -0.04 (VIOLATED)
_2108_/A                                0.53    0.57   -0.04 (VIOLATED)
_2824_/A0                               0.53    0.57   -0.04 (VIOLATED)
_2825_/A1                               0.53    0.57   -0.04 (VIOLATED)
_2949_/A0                               0.53    0.57   -0.04 (VIOLATED)
_3427_/Q                                0.53    0.57   -0.04 (VIOLATED)
_2988_/Y                                0.53    0.57   -0.04 (VIOLATED)
_2989_/A1                               0.53    0.57   -0.04 (VIOLATED)
_3040_/A0                               0.53    0.57   -0.04 (VIOLATED)
_2705_/Y                                0.53    0.57   -0.04 (VIOLATED)
_3537_/D                                0.53    0.57   -0.04 (VIOLATED)
_1731_/A0                               0.53    0.57   -0.04 (VIOLATED)
_2156_/A                                0.53    0.57   -0.04 (VIOLATED)
_2159_/A1                               0.53    0.57   -0.04 (VIOLATED)
_2889_/A0                               0.53    0.57   -0.04 (VIOLATED)
_2890_/A1                               0.53    0.57   -0.04 (VIOLATED)
_2990_/A0                               0.53    0.57   -0.04 (VIOLATED)
_3411_/Q                                0.53    0.57   -0.04 (VIOLATED)
_2077_/Y                                0.53    0.57   -0.04 (VIOLATED)
_2084_/A2                               0.53    0.57   -0.04 (VIOLATED)
_2340_/Y                                0.53    0.57   -0.04 (VIOLATED)
_3486_/D                                0.53    0.57   -0.04 (VIOLATED)
_2069_/Y                                0.53    0.57   -0.04 (VIOLATED)
_2070_/D                                0.53    0.57   -0.04 (VIOLATED)
_2523_/Y                                0.53    0.57   -0.04 (VIOLATED)
_2526_/A0                               0.53    0.57   -0.04 (VIOLATED)
_3228_/A2                               0.53    0.57   -0.04 (VIOLATED)
_1667_/B                                0.53    0.57   -0.04 (VIOLATED)
_2368_/B                                0.53    0.57   -0.04 (VIOLATED)
_2399_/A                                0.53    0.57   -0.04 (VIOLATED)
_2404_/B1                               0.53    0.57   -0.04 (VIOLATED)
_2405_/A1                               0.53    0.57   -0.04 (VIOLATED)
_2406_/A                                0.53    0.57   -0.04 (VIOLATED)
_2794_/B                                0.53    0.57   -0.04 (VIOLATED)
_2933_/A_N                              0.53    0.57   -0.04 (VIOLATED)
_3492_/Q                                0.53    0.57   -0.04 (VIOLATED)
_2552_/Y                                0.53    0.57   -0.04 (VIOLATED)
_2556_/A0                               0.53    0.57   -0.04 (VIOLATED)
_3244_/A2                               0.53    0.57   -0.04 (VIOLATED)
_2558_/Y                                0.53    0.57   -0.04 (VIOLATED)
_2561_/A0                               0.53    0.57   -0.04 (VIOLATED)
_3248_/A2                               0.53    0.57   -0.04 (VIOLATED)
_2662_/Y                                0.53    0.57   -0.04 (VIOLATED)
_2663_/A1                               0.53    0.57   -0.04 (VIOLATED)
_2762_/A2                               0.53    0.57   -0.04 (VIOLATED)
_2985_/Y                                0.53    0.56   -0.03 (VIOLATED)
_2986_/A1                               0.53    0.56   -0.03 (VIOLATED)
_3039_/A0                               0.53    0.56   -0.03 (VIOLATED)
_1883_/Y                                0.53    0.56   -0.03 (VIOLATED)
_1884_/A2                               0.53    0.56   -0.03 (VIOLATED)
_2453_/Y                                0.53    0.56   -0.03 (VIOLATED)
_2455_/A1                               0.53    0.56   -0.03 (VIOLATED)
_2634_/A0                               0.53    0.56   -0.03 (VIOLATED)
_1978_/Y                                0.53    0.56   -0.03 (VIOLATED)
_1979_/B                                0.53    0.56   -0.03 (VIOLATED)
_2343_/Y                                0.53    0.56   -0.03 (VIOLATED)
_3485_/D                                0.53    0.56   -0.03 (VIOLATED)
_2546_/Y                                0.53    0.56   -0.03 (VIOLATED)
_2550_/A2                               0.53    0.56   -0.03 (VIOLATED)
_2691_/A2                               0.53    0.56   -0.03 (VIOLATED)
_1930_/Y                                0.53    0.56   -0.03 (VIOLATED)
_3357_/D                                0.53    0.56   -0.03 (VIOLATED)
_3231_/Y                                0.53    0.56   -0.03 (VIOLATED)
_3232_/C1                               0.53    0.56   -0.03 (VIOLATED)
_3221_/Y                                0.53    0.56   -0.03 (VIOLATED)
_3222_/C                                0.53    0.56   -0.03 (VIOLATED)
_3229_/C                                0.53    0.56   -0.03 (VIOLATED)
_3256_/A2                               0.53    0.56   -0.03 (VIOLATED)
_3263_/A2                               0.53    0.56   -0.03 (VIOLATED)
_3273_/A2                               0.53    0.56   -0.03 (VIOLATED)
_2633_/Y                                0.53    0.56   -0.03 (VIOLATED)
_2634_/A1                               0.53    0.56   -0.03 (VIOLATED)
_2743_/A2                               0.53    0.56   -0.03 (VIOLATED)
_1878_/Y                                0.53    0.56   -0.03 (VIOLATED)
_1879_/B2                               0.53    0.56   -0.03 (VIOLATED)
_2530_/Y                                0.53    0.56   -0.03 (VIOLATED)
_2531_/A1                               0.53    0.56   -0.03 (VIOLATED)
_2678_/A0                               0.53    0.56   -0.03 (VIOLATED)
_1968_/A2                               0.53    0.56   -0.03 (VIOLATED)
_1978_/A2                               0.53    0.56   -0.03 (VIOLATED)
_1971_/A2                               0.53    0.56   -0.03 (VIOLATED)
_1973_/B                                0.53    0.56   -0.03 (VIOLATED)
_1992_/A2                               0.53    0.56   -0.03 (VIOLATED)
_1984_/A2                               0.53    0.56   -0.03 (VIOLATED)
_1981_/A2                               0.53    0.56   -0.03 (VIOLATED)
_1987_/B                                0.53    0.56   -0.03 (VIOLATED)
_1916_/A2                               0.53    0.56   -0.03 (VIOLATED)
_1997_/A2                               0.53    0.56   -0.03 (VIOLATED)
_3132_/A2                               0.53    0.56   -0.03 (VIOLATED)
max_cap561/X                            0.53    0.56   -0.03 (VIOLATED)
_2707_/Y                                0.53    0.56   -0.02 (VIOLATED)
_2709_/A2                               0.53    0.56   -0.02 (VIOLATED)
_2784_/A2                               0.53    0.56   -0.02 (VIOLATED)
_3134_/Y                                0.53    0.56   -0.02 (VIOLATED)
_3135_/B1                               0.53    0.56   -0.02 (VIOLATED)
_2656_/Y                                0.53    0.56   -0.02 (VIOLATED)
_2657_/A1                               0.53    0.56   -0.02 (VIOLATED)
_2758_/A2                               0.53    0.56   -0.02 (VIOLATED)
_3191_/A1                               0.53    0.55   -0.02 (VIOLATED)
_3198_/A1                               0.53    0.55   -0.02 (VIOLATED)
_3202_/A1                               0.53    0.55   -0.02 (VIOLATED)
_3210_/A1                               0.53    0.55   -0.02 (VIOLATED)
_3214_/A1                               0.53    0.55   -0.02 (VIOLATED)
_3224_/A1                               0.53    0.55   -0.02 (VIOLATED)
_3228_/A1                               0.53    0.55   -0.02 (VIOLATED)
_3235_/A1                               0.53    0.55   -0.02 (VIOLATED)
_3244_/A1                               0.53    0.55   -0.02 (VIOLATED)
_3248_/A1                               0.53    0.55   -0.02 (VIOLATED)
_3278_/A1                               0.53    0.55   -0.02 (VIOLATED)
max_cap488/X                            0.53    0.55   -0.02 (VIOLATED)
_3119_/Y                                0.53    0.55   -0.02 (VIOLATED)
_3120_/B                                0.53    0.55   -0.02 (VIOLATED)
_2415_/Y                                0.53    0.55   -0.02 (VIOLATED)
_2416_/D_N                              0.53    0.55   -0.02 (VIOLATED)
_1441_/B                                0.53    0.55   -0.02 (VIOLATED)
_2371_/B                                0.53    0.55   -0.02 (VIOLATED)
_2378_/A                                0.53    0.55   -0.02 (VIOLATED)
_2427_/B                                0.53    0.55   -0.02 (VIOLATED)
_2433_/A                                0.53    0.55   -0.02 (VIOLATED)
_2577_/A                                0.53    0.55   -0.02 (VIOLATED)
_2625_/B                                0.53    0.55   -0.02 (VIOLATED)
_3490_/Q                                0.53    0.55   -0.02 (VIOLATED)
_3111_/Y                                0.53    0.55   -0.02 (VIOLATED)
_3112_/B                                0.53    0.55   -0.02 (VIOLATED)
_2833_/Y                                0.53    0.55   -0.02 (VIOLATED)
_2836_/A0                               0.53    0.55   -0.02 (VIOLATED)
_3209_/B1                               0.53    0.55   -0.02 (VIOLATED)
_1600_/B                                0.53    0.55   -0.02 (VIOLATED)
_1601_/A1                               0.53    0.55   -0.02 (VIOLATED)
_1614_/B                                0.53    0.55   -0.02 (VIOLATED)
_1615_/A1                               0.53    0.55   -0.02 (VIOLATED)
_1605_/A1                               0.53    0.55   -0.02 (VIOLATED)
max_cap520/A                            0.53    0.55   -0.02 (VIOLATED)
_1604_/B                                0.53    0.55   -0.02 (VIOLATED)
_1514_/B                                0.53    0.55   -0.02 (VIOLATED)
_1515_/A1                               0.53    0.55   -0.02 (VIOLATED)
_1609_/B                                0.53    0.55   -0.02 (VIOLATED)
_1610_/A1                               0.53    0.55   -0.02 (VIOLATED)
_1637_/B                                0.53    0.55   -0.02 (VIOLATED)
_1638_/A1                               0.53    0.55   -0.02 (VIOLATED)
max_cap521/X                            0.53    0.55   -0.02 (VIOLATED)
_2460_/Y                                0.53    0.55   -0.02 (VIOLATED)
_2462_/A1                               0.53    0.55   -0.02 (VIOLATED)
_2637_/A0                               0.53    0.55   -0.02 (VIOLATED)
_1864_/X                                0.53    0.55   -0.02 (VIOLATED)
_1865_/D                                0.53    0.55   -0.02 (VIOLATED)
_3131_/B                                0.53    0.55   -0.02 (VIOLATED)
_1516_/Y                                0.53    0.55   -0.02 (VIOLATED)
_1520_/B                                0.53    0.55   -0.02 (VIOLATED)
_1521_/A                                0.53    0.55   -0.02 (VIOLATED)
_1570_/A                                0.53    0.55   -0.02 (VIOLATED)
_1606_/B                                0.53    0.55   -0.02 (VIOLATED)
_2338_/B                                0.53    0.55   -0.02 (VIOLATED)
_2525_/Y                                0.53    0.55   -0.02 (VIOLATED)
_2526_/A1                               0.53    0.55   -0.02 (VIOLATED)
_2675_/A0                               0.53    0.55   -0.02 (VIOLATED)
_1838_/C                                0.53    0.55   -0.02 (VIOLATED)
_1849_/D                                0.53    0.55   -0.02 (VIOLATED)
_1855_/A                                0.53    0.55   -0.02 (VIOLATED)
_1920_/B                                0.53    0.55   -0.02 (VIOLATED)
_1931_/A1                               0.53    0.55   -0.02 (VIOLATED)
_1933_/A                                0.53    0.55   -0.02 (VIOLATED)
_3355_/Q                                0.53    0.55   -0.02 (VIOLATED)
_2732_/Y                                0.53    0.55   -0.02 (VIOLATED)
_2734_/A2                               0.53    0.55   -0.02 (VIOLATED)
_2792_/A2                               0.53    0.55   -0.02 (VIOLATED)
_2659_/Y                                0.53    0.55   -0.02 (VIOLATED)
_2660_/A1                               0.53    0.55   -0.02 (VIOLATED)
_2760_/A2                               0.53    0.55   -0.02 (VIOLATED)
_2093_/Y                                0.53    0.55   -0.02 (VIOLATED)
_2094_/A2                               0.53    0.55   -0.02 (VIOLATED)
_2126_/Y                                0.53    0.55   -0.02 (VIOLATED)
_2127_/A2                               0.53    0.55   -0.02 (VIOLATED)
_3266_/Y                                0.53    0.55   -0.02 (VIOLATED)
_3303_/D                                0.53    0.55   -0.02 (VIOLATED)
_3081_/Y                                0.53    0.55   -0.02 (VIOLATED)
_3082_/B                                0.53    0.55   -0.02 (VIOLATED)
_1437_/C                                0.53    0.55   -0.01 (VIOLATED)
_1450_/C                                0.53    0.55   -0.01 (VIOLATED)
_1455_/C                                0.53    0.55   -0.01 (VIOLATED)
_1473_/C                                0.53    0.55   -0.01 (VIOLATED)
_1475_/C                                0.53    0.55   -0.01 (VIOLATED)
_1482_/A                                0.53    0.55   -0.01 (VIOLATED)
_1496_/B                                0.53    0.55   -0.01 (VIOLATED)
_1498_/B                                0.53    0.55   -0.01 (VIOLATED)
_1503_/B                                0.53    0.55   -0.01 (VIOLATED)
_1505_/B                                0.53    0.55   -0.01 (VIOLATED)
_1541_/A                                0.53    0.55   -0.01 (VIOLATED)
max_cap586/X                            0.53    0.55   -0.01 (VIOLATED)
_2165_/Y                                0.53    0.54   -0.01 (VIOLATED)
_2166_/A2                               0.53    0.54   -0.01 (VIOLATED)
_2441_/X                                0.53    0.54   -0.01 (VIOLATED)
_2442_/B                                0.53    0.54   -0.01 (VIOLATED)
_3268_/A                                0.53    0.54   -0.01 (VIOLATED)
_3274_/A1                               0.53    0.54   -0.01 (VIOLATED)
_3282_/A1                               0.53    0.54   -0.01 (VIOLATED)
_3294_/A1                               0.53    0.54   -0.01 (VIOLATED)
_2385_/A                                0.53    0.54   -0.01 (VIOLATED)
_2442_/A                                0.53    0.54   -0.01 (VIOLATED)
_3264_/B2                               0.53    0.54   -0.01 (VIOLATED)
_3194_/B2                               0.53    0.54   -0.01 (VIOLATED)
_3203_/B2                               0.53    0.54   -0.01 (VIOLATED)
_3211_/B2                               0.53    0.54   -0.01 (VIOLATED)
_3215_/B2                               0.53    0.54   -0.01 (VIOLATED)
_3245_/B2                               0.53    0.54   -0.01 (VIOLATED)
_3276_/B2                               0.53    0.54   -0.01 (VIOLATED)
_3284_/B2                               0.53    0.54   -0.01 (VIOLATED)
max_cap578/X                            0.53    0.54   -0.01 (VIOLATED)
_3075_/Y                                0.53    0.54   -0.01 (VIOLATED)
_3076_/B                                0.53    0.54   -0.01 (VIOLATED)
_1932_/Y                                0.53    0.54   -0.01 (VIOLATED)
_3356_/D                                0.53    0.54   -0.01 (VIOLATED)
_3201_/Y                                0.53    0.54   -0.01 (VIOLATED)
_3324_/D                                0.53    0.54   -0.01 (VIOLATED)
_3016_/Y                                0.53    0.54   -0.01 (VIOLATED)
_3017_/A1                               0.53    0.54   -0.01 (VIOLATED)
_3050_/A0                               0.53    0.54   -0.01 (VIOLATED)
_1582_/B                                0.53    0.54   -0.01 (VIOLATED)
_1583_/A1                               0.53    0.54   -0.01 (VIOLATED)
_1619_/B                                0.53    0.54   -0.01 (VIOLATED)
_1620_/A1                               0.53    0.54   -0.01 (VIOLATED)
_1588_/B                                0.53    0.54   -0.01 (VIOLATED)
_1589_/A1                               0.53    0.54   -0.01 (VIOLATED)
_1624_/B                                0.53    0.54   -0.01 (VIOLATED)
_1625_/A1                               0.53    0.54   -0.01 (VIOLATED)
_1633_/B                                0.53    0.54   -0.01 (VIOLATED)
_1634_/A1                               0.53    0.54   -0.01 (VIOLATED)
_1640_/B                                0.53    0.54   -0.01 (VIOLATED)
_1641_/A1                               0.53    0.54   -0.01 (VIOLATED)
max_cap520/X                            0.53    0.54   -0.01 (VIOLATED)
_3228_/Y                                0.53    0.54   -0.01 (VIOLATED)
_3232_/B1                               0.53    0.54   -0.01 (VIOLATED)
_1441_/A                                0.53    0.54   -0.01 (VIOLATED)
_2371_/A                                0.53    0.54   -0.01 (VIOLATED)
_2377_/A                                0.53    0.54   -0.01 (VIOLATED)
_2380_/A1                               0.53    0.54   -0.01 (VIOLATED)
_2381_/A1                               0.53    0.54   -0.01 (VIOLATED)
_2427_/A                                0.53    0.54   -0.01 (VIOLATED)
_2625_/A_N                              0.53    0.54   -0.01 (VIOLATED)
_3489_/Q                                0.53    0.54   -0.01 (VIOLATED)
_3255_/Y                                0.53    0.54   -0.01 (VIOLATED)
_3306_/D                                0.53    0.54   -0.01 (VIOLATED)
_2644_/Y                                0.53    0.54   -0.01 (VIOLATED)
_2645_/A1                               0.53    0.54   -0.01 (VIOLATED)
_2749_/A2                               0.53    0.54   -0.01 (VIOLATED)
_2630_/S                                0.53    0.54   -0.01 (VIOLATED)
_2654_/S                                0.53    0.54   -0.01 (VIOLATED)
_2740_/B                                0.53    0.54   -0.01 (VIOLATED)
_2741_/A1                               0.53    0.54   -0.01 (VIOLATED)
_2750_/B                                0.53    0.54   -0.01 (VIOLATED)
_2755_/B                                0.53    0.54   -0.01 (VIOLATED)
_2756_/A1                               0.53    0.54   -0.01 (VIOLATED)
_2773_/B                                0.53    0.54   -0.01 (VIOLATED)
_2774_/A1                               0.53    0.54   -0.01 (VIOLATED)
max_cap471/A                            0.53    0.54   -0.01 (VIOLATED)
max_cap472/X                            0.53    0.54   -0.01 (VIOLATED)
_1723_/Y                                0.53    0.54   -0.01 (VIOLATED)
place430/A                              0.53    0.54   -0.01 (VIOLATED)
_2245_/B                                0.53    0.54   -0.01 (VIOLATED)
_2257_/B                                0.53    0.54   -0.01 (VIOLATED)
_2270_/B                                0.53    0.54   -0.01 (VIOLATED)
_2295_/B                                0.53    0.54   -0.01 (VIOLATED)
_2307_/B                                0.53    0.54   -0.01 (VIOLATED)
_2314_/B                                0.53    0.54   -0.01 (VIOLATED)
_2320_/B                                0.53    0.54   -0.01 (VIOLATED)
_2326_/B                                0.53    0.54   -0.01 (VIOLATED)
_2329_/B                                0.53    0.54   -0.01 (VIOLATED)
_2332_/B                                0.53    0.54   -0.01 (VIOLATED)
max_cap545/X                            0.53    0.54   -0.01 (VIOLATED)
_2515_/A2                               0.53    0.54   -0.01 (VIOLATED)
_2514_/B                                0.53    0.54   -0.01 (VIOLATED)
_2453_/A2                               0.53    0.54   -0.01 (VIOLATED)
_2452_/B                                0.53    0.54   -0.01 (VIOLATED)
_2509_/B                                0.53    0.54   -0.01 (VIOLATED)
_2519_/B                                0.53    0.54   -0.01 (VIOLATED)
_2520_/A2                               0.53    0.54   -0.01 (VIOLATED)
_2525_/A2                               0.53    0.54   -0.01 (VIOLATED)
_2529_/B                                0.53    0.54   -0.01 (VIOLATED)
_2530_/A2                               0.53    0.54   -0.01 (VIOLATED)
max_cap516/A                            0.53    0.54   -0.01 (VIOLATED)
max_cap517/X                            0.53    0.54   -0.01 (VIOLATED)
_2389_/Y                                0.53    0.54   -0.01 (VIOLATED)
_2390_/C                                0.53    0.54   -0.01 (VIOLATED)
_2398_/A1                               0.53    0.54   -0.01 (VIOLATED)
_2141_/B                                0.53    0.54   -0.01 (VIOLATED)
_2119_/B                                0.53    0.54   -0.01 (VIOLATED)
_2138_/B                                0.53    0.54   -0.01 (VIOLATED)
_2162_/B2                               0.53    0.54   -0.01 (VIOLATED)
_2116_/B2                               0.53    0.54   -0.01 (VIOLATED)
_2165_/B                                0.53    0.54   -0.01 (VIOLATED)
_2168_/B2                               0.53    0.54   -0.01 (VIOLATED)
_2150_/B2                               0.53    0.54   -0.01 (VIOLATED)
_2171_/B2                               0.53    0.54   -0.01 (VIOLATED)
max_cap513/X                            0.53    0.54   -0.01 (VIOLATED)
_2142_/Y                                0.53    0.54   -0.00 (VIOLATED)
_3417_/D                                0.53    0.54   -0.00 (VIOLATED)
_2052_/Y                                0.53    0.54   -0.00 (VIOLATED)
_2053_/B                                0.53    0.54   -0.00 (VIOLATED)
_3256_/Y                                0.53    0.53   -0.00 (VIOLATED)
_3257_/B                                0.53    0.53   -0.00 (VIOLATED)
_3209_/Y                                0.53    0.53   -0.00 (VIOLATED)
_3320_/D                                0.53    0.53   -0.00 (VIOLATED)
_2191_/Y                                0.53    0.53   -0.00 (VIOLATED)
_2192_/B1                               0.53    0.53   -0.00 (VIOLATED)
_2888_/Y                                0.53    0.53   -0.00 (VIOLATED)
_3635_/D                                0.53    0.53   -0.00 (VIOLATED)
_2156_/Y                                0.53    0.53   -0.00 (VIOLATED)
_2157_/A2                               0.53    0.53   -0.00 (VIOLATED)
_3169_/Y                                0.53    0.53   -0.00 (VIOLATED)
_3592_/D                                0.53    0.53   -0.00 (VIOLATED)
_3166_/Y                                0.53    0.53   -0.00 (VIOLATED)
_3167_/A1                               0.53    0.53   -0.00 (VIOLATED)
_3169_/A2                               0.53    0.53   -0.00 (VIOLATED)
_2280_/B                                0.53    0.53   -0.00 (VIOLATED)
_2241_/B                                0.53    0.53   -0.00 (VIOLATED)
_2251_/B                                0.53    0.53   -0.00 (VIOLATED)
_2254_/B                                0.53    0.53   -0.00 (VIOLATED)
_2276_/B                                0.53    0.53   -0.00 (VIOLATED)
_2283_/B                                0.53    0.53   -0.00 (VIOLATED)
_2286_/B                                0.53    0.53   -0.00 (VIOLATED)
_2292_/B                                0.53    0.53   -0.00 (VIOLATED)
_2301_/B                                0.53    0.53   -0.00 (VIOLATED)
_2304_/B                                0.53    0.53   -0.00 (VIOLATED)
max_cap546/X                            0.53    0.53   -0.00 (VIOLATED)
_1809_/B1                               0.53    0.53   -0.00 (VIOLATED)
_1796_/C                                0.53    0.53   -0.00 (VIOLATED)
_1873_/A                                0.53    0.53   -0.00 (VIOLATED)
_1878_/B                                0.53    0.53   -0.00 (VIOLATED)
_1795_/Y                                0.53    0.53   -0.00 (VIOLATED)
_1886_/B                                0.53    0.53   -0.00 (VIOLATED)
_3220_/Y                                0.53    0.53   -0.00 (VIOLATED)
_3315_/D                                0.53    0.53   -0.00 (VIOLATED)
_2062_/Y                                0.53    0.53   -0.00 (VIOLATED)
_2063_/B                                0.53    0.53   -0.00 (VIOLATED)
_2505_/Y                                0.53    0.53   -0.00 (VIOLATED)
_2506_/A1                               0.53    0.53   -0.00 (VIOLATED)
_2663_/A0                               0.53    0.53   -0.00 (VIOLATED)

===KLT_MAX_TRANSITION_VIOLATIONS_END===
===KLT_MAX_CAPACITANCE_VIOLATIONS_BEGIN===
max capacitance

Pin                                    Limit     Cap   Slack
------------------------------------------------------------
max_cap547/X                            0.03    0.04   -0.00 (VIOLATED)

wire572/X                               0.03    0.04   -0.00 (VIOLATED)

wire538/X                               0.03    0.04   -0.00 (VIOLATED)

max_cap506/X                            0.03    0.04   -0.00 (VIOLATED)

_1518_/Y                                0.03    0.04   -0.00 (VIOLATED)

wire465/X                               0.03    0.04   -0.00 (VIOLATED)

place375/X                              0.03    0.04   -0.00 (VIOLATED)

wire534/X                               0.03    0.04   -0.00 (VIOLATED)

wire477/X                               0.03    0.04   -0.00 (VIOLATED)

max_cap561/X                            0.03    0.04   -0.00 (VIOLATED)

max_cap488/X                            0.03    0.04   -0.00 (VIOLATED)

place409/X                              0.03    0.04   -0.00 (VIOLATED)

wire462/X                               0.03    0.04   -0.00 (VIOLATED)

max_cap521/X                            0.03    0.04   -0.00 (VIOLATED)

max_cap584/X                            0.03    0.04   -0.00 (VIOLATED)

max_cap559/X                            0.03    0.04   -0.00 (VIOLATED)

wire476/X                               0.03    0.04   -0.00 (VIOLATED)

max_cap553/X                            0.03    0.04   -0.00 (VIOLATED)

max_cap495/X                            0.03    0.04   -0.00 (VIOLATED)

===KLT_MAX_CAPACITANCE_VIOLATIONS_END===
