|* Post-layout sampler_dff: the SETUP-TIME bracket -- how far ahead of the
|* sampling clock edge the data input must settle for the bit to be captured
|* -- extracted parasitics vs. the pre-layout netlist, in ONE deck.
|*
|* Purpose. The companion deck in this slug
|* (tb_post_layout_sampler_dff.spice) measures what the sampler does AFTER
|* the edge (clk -> q delay, output levels, reset/idle/active currents). This
|* one measures the window BEFORE it. For a TRNG that is the more
|* consequential of the two: the raw bit is whatever the combining node
|* happens to be doing inside this window, so the window's width is a
|* property of the digitizer that any later raw-bit or min-entropy claim
|* rests on. sim/raw-bit-min-entropy/ digitizes through this exact cell and
|* has never measured it.
|*
|* Method: a LADDER, not a bisection. Twenty-four DFFs run in one transient
|* -- twelve post-layout, twelve pre-layout -- sharing one clock whose single
|* rising edge is at 50 ns, each fed by its OWN d source whose 0 -> 1
|* transition is centred a different distance ahead of that edge:
|*
|*     3200, 800, 260, 215, 180, 150, 125, 105, 88, 73, 60, 45 ps
|*
|* ("centred": each PWL edge takes 100 ps, and the offset is measured
|* between the two signals' 50% crossings, so a rung's label IS the setup
|* time it offers.) After the run, v(q) is read in a settled window after the
|* edge: an instance that captured reads ~Vdd, one that did not reads ~0.
|* The setup time is bracketed between the smallest rung that captured and
|* the largest that did not, per side, per corner, from one transient.
|*
|* Why these twelve rungs. The two wide anchors (3200 and 800 ps) exist to
|* show the ladder saturating -- a run where even they fail to capture is a
|* broken deck, not a fast cell. The other ten are spaced ~1.2x apart across
|* 45..260 ps, which is the band the boundary actually falls in: a scouting
|* run of an earlier, purely geometric (factor-of-two) version of this deck
|* put it between 50 and 100 ps at both tt/27 degC/1.8 V and
|* ff/125 degC/1.98 V, and between 100 and 200 ps at ss/-40 degC/1.62 V.
|* The factor-of-two ladder was too coarse to separate the post-layout cell
|* from its own pre-layout control at any of the three -- both sides landed
|* in the same rung -- which is the whole point of running them in one deck,
|* hence this spacing.
|*
|* Deliberately NOT a metastability measurement.
|* spec/porting-plan.md carries DR-0011's judgment that full resolution-time
|* statistics are "not credibly reproducible in a general-purpose transient
|* solver", and that judgment is tool-general rather than PDK-specific. What
|* is measured here is a DETERMINISTIC timing property -- captured or not
|* captured, at a stated offset -- and nothing about resolution time,
|* failure probability, or the shape of the boundary is claimed. A rung that
|* lands close enough to the boundary to read back an intermediate level is
|* reported as exactly that: an intermediate level at a stated offset.
|*
|* Topology, parasitic scope, substrate tie, stimulus idealization and the
|* pre-layout-control-in-the-same-deck argument are all identical to the
|* companion deck -- see tb_post_layout_sampler_dff.spice's header, which
|* states them in full, including why an ideal PWL stimulus makes every
|* post-layout figure here a FLOOR on the real cost rather than the whole of
|* it.
|*
|* The waveform (ns):
|*
|*    0 .. 10   rst_n = 0, clk = 0, every d = 0    reset; all q = 0
|*   10         rst_n 0 -> 1                       released, master
|*                                                 transparent (clk = 0)
|*   46.8 .. 50.055                                each d rises, one rung
|*                                                 each -- see the ladder
|*   50        clk 0 -> 1                          THE sampling edge; the
|*                                                 slave captures whatever
|*                                                 the master settled to
|*   50 .. 56  clk held high                       master opaque, so a d
|*                                                 that arrived too late
|*                                                 cannot leak through after
|*                                                 the fact; q read over
|*                                                 54 .. 56 ns
|*
|* PVT: the same four (temp, supply) points as every post-layout campaign in
|* this repo, each bundling tt/ss/ff into one record.
|*
|* This file is a TEMPLATE: sim/bin/corner-run.py substitutes /home/ubuntu/.volare/volare/sky130/versions/c6d73a35f524070e85faff4a6a9eef49553ebc2b/sky130A/libs.tech/combined/sky130.lib.spice,
|* ss, /home/ubuntu/loom-workspaces/sky130-trng/.loom/worktrees/issue-22/design/sampler_core.spice (design/sampler_core.spice), /home/ubuntu/loom-workspaces/sky130-trng/.loom/worktrees/issue-22/layout/pex/sampler_dff_pex.spice
|* (layout/pex/sampler_dff_pex.spice), 125.0, 1.98 and 5p. As
|* committed it is not a runnable deck.
|
|.option scale=1u
|.lib "/home/ubuntu/.volare/volare/sky130/versions/c6d73a35f524070e85faff4a6a9eef49553ebc2b/sky130A/libs.tech/combined/sky130.lib.spice" ss
|
|.include "/home/ubuntu/loom-workspaces/sky130-trng/.loom/worktrees/issue-22/design/sampler_core.spice"
|.include "/home/ubuntu/loom-workspaces/sky130-trng/.loom/worktrees/issue-22/layout/pex/sampler_dff_pex.spice"
|
|.temp 125.0
|
|* --- substrate return node: hard tie (see the companion deck's header) --
|Vsub vsubs 0 dc 0
|
|*-----------------------------------------------------------------------
|* The post-layout sampler_dff, assembled from extracted leaf cells.
|* Identical to the companion deck's subcircuit; every port assignment is
|* annotated there with the design/sampler_core.spice device it reproduces.
|*-----------------------------------------------------------------------
|.subckt sampler_dff_pex d clk rst_n q vdd vss
|xinv_clk clk    clkb   vdd vss           sampler_inv_pex
|xtg_d    d      m      clk  clkb vdd vss sampler_tg_pex
|xnand_m  m      rst_n  mb   vdd  vss     sampler_nand2_pex
|xinv_mc  mb     mc     vdd vss           sampler_inv_pex
|xtg_fbm  mc     m      clkb clk  vdd vss sampler_tg_pex
|xtg_s    mb     s      clkb clk  vdd vss sampler_tg_pex
|xinv_q   s      q      vdd vss           sampler_inv_pex
|xnand_s2 q      rst_n  qb   vdd  vss     sampler_nand2_pex
|xtg_fbs  qb     s      clk  clkb vdd vss sampler_tg_pex
|.ends
|
|* --- shared clock and reset --------------------------------------------
|* One rising edge, at 50 ns, held high to the end of the run.
|Vclk clk 0 PWL(0 0  50n 0  50.1n 1.98)
|Vrstn rst_n 0 PWL(0 0  10n 0  10.1n 1.98)
|
|* --- the setup ladder: one d source per rung ----------------------------
|* Each edge takes 100 ps and its 50% crossing precedes the clock's 50%
|* crossing (50.05 ns) by exactly the rung's offset.
|Vd1 d1 0 PWL(0 0  46.8n 0  46.9n 1.98)
|Vd2 d2 0 PWL(0 0  49.2n 0  49.3n 1.98)
|Vd3 d3 0 PWL(0 0  49.74n 0  49.84n 1.98)
|Vd4 d4 0 PWL(0 0  49.785n 0  49.885n 1.98)
|Vd5 d5 0 PWL(0 0  49.82n 0  49.92n 1.98)
|Vd6 d6 0 PWL(0 0  49.85n 0  49.95n 1.98)
|Vd7 d7 0 PWL(0 0  49.875n 0  49.975n 1.98)
|Vd8 d8 0 PWL(0 0  49.895n 0  49.995n 1.98)
|Vd9 d9 0 PWL(0 0  49.912n 0  50.012n 1.98)
|Vd10 d10 0 PWL(0 0  49.927n 0  50.027n 1.98)
|Vd11 d11 0 PWL(0 0  49.94n 0  50.04n 1.98)
|Vd12 d12 0 PWL(0 0  49.955n 0  50.055n 1.98)
|
|* --- twelve post-layout DFFs, one per rung ------------------------------
|* One shared supply source on each side: this deck measures timing, not
|* current (the companion deck owns the per-cell current measurements).
|Vddp vddp 0 dc 1.98
|xp1 d1 clk rst_n qp1 vddp 0 sampler_dff_pex
|xp2 d2 clk rst_n qp2 vddp 0 sampler_dff_pex
|xp3 d3 clk rst_n qp3 vddp 0 sampler_dff_pex
|xp4 d4 clk rst_n qp4 vddp 0 sampler_dff_pex
|xp5 d5 clk rst_n qp5 vddp 0 sampler_dff_pex
|xp6 d6 clk rst_n qp6 vddp 0 sampler_dff_pex
|xp7 d7 clk rst_n qp7 vddp 0 sampler_dff_pex
|xp8 d8 clk rst_n qp8 vddp 0 sampler_dff_pex
|xp9 d9 clk rst_n qp9 vddp 0 sampler_dff_pex
|xp10 d10 clk rst_n qp10 vddp 0 sampler_dff_pex
|xp11 d11 clk rst_n qp11 vddp 0 sampler_dff_pex
|xp12 d12 clk rst_n qp12 vddp 0 sampler_dff_pex
|
|* --- twelve pre-layout control DFFs, the same ladder --------------------
|Vddq vddq 0 dc 1.98
|xq1 d1 clk rst_n qq1 vddq 0 sampler_dff
|xq2 d2 clk rst_n qq2 vddq 0 sampler_dff
|xq3 d3 clk rst_n qq3 vddq 0 sampler_dff
|xq4 d4 clk rst_n qq4 vddq 0 sampler_dff
|xq5 d5 clk rst_n qq5 vddq 0 sampler_dff
|xq6 d6 clk rst_n qq6 vddq 0 sampler_dff
|xq7 d7 clk rst_n qq7 vddq 0 sampler_dff
|xq8 d8 clk rst_n qq8 vddq 0 sampler_dff
|xq9 d9 clk rst_n qq9 vddq 0 sampler_dff
|xq10 d10 clk rst_n qq10 vddq 0 sampler_dff
|xq11 d11 clk rst_n qq11 vddq 0 sampler_dff
|xq12 d12 clk rst_n qq12 vddq 0 sampler_dff
|
|* --- output load: one inverter per DFF, matched per side ----------------
|Vddl vddl 0 dc 1.98
|xlp1 qp1 qpb1 vddl 0 sampler_inv_pex
|xlp2 qp2 qpb2 vddl 0 sampler_inv_pex
|xlp3 qp3 qpb3 vddl 0 sampler_inv_pex
|xlp4 qp4 qpb4 vddl 0 sampler_inv_pex
|xlp5 qp5 qpb5 vddl 0 sampler_inv_pex
|xlp6 qp6 qpb6 vddl 0 sampler_inv_pex
|xlp7 qp7 qpb7 vddl 0 sampler_inv_pex
|xlp8 qp8 qpb8 vddl 0 sampler_inv_pex
|xlp9 qp9 qpb9 vddl 0 sampler_inv_pex
|xlp10 qp10 qpb10 vddl 0 sampler_inv_pex
|xlp11 qp11 qpb11 vddl 0 sampler_inv_pex
|xlp12 qp12 qpb12 vddl 0 sampler_inv_pex
|xlq1 qq1 qqb1 vddl 0 ro_buf
|xlq2 qq2 qqb2 vddl 0 ro_buf
|xlq3 qq3 qqb3 vddl 0 ro_buf
|xlq4 qq4 qqb4 vddl 0 ro_buf
|xlq5 qq5 qqb5 vddl 0 ro_buf
|xlq6 qq6 qqb6 vddl 0 ro_buf
|xlq7 qq7 qqb7 vddl 0 ro_buf
|xlq8 qq8 qqb8 vddl 0 ro_buf
|xlq9 qq9 qqb9 vddl 0 ro_buf
|xlq10 qq10 qqb10 vddl 0 ro_buf
|xlq11 qq11 qqb11 vddl 0 ro_buf
|xlq12 qq12 qqb12 vddl 0 ro_buf
|
|.tran 5p 56n
|
|.control
|run
|
|* --- captured level per rung, as a fraction of Vdd ---------------------
|* Read in a settled window well after the edge. ~1 means the rung's setup
|* time was sufficient, ~0 means it was not; anything in between means the
|* rung sits close to the boundary and is reported as such, NOT as a
|* metastability statistic (see the header).
|meas tran vp1 AVG v(qp1) from=54n to=56n
|meas tran vp2 AVG v(qp2) from=54n to=56n
|meas tran vp3 AVG v(qp3) from=54n to=56n
|meas tran vp4 AVG v(qp4) from=54n to=56n
|meas tran vp5 AVG v(qp5) from=54n to=56n
|meas tran vp6 AVG v(qp6) from=54n to=56n
|meas tran vp7 AVG v(qp7) from=54n to=56n
|meas tran vp8 AVG v(qp8) from=54n to=56n
|meas tran vp9 AVG v(qp9) from=54n to=56n
|meas tran vp10 AVG v(qp10) from=54n to=56n
|meas tran vp11 AVG v(qp11) from=54n to=56n
|meas tran vp12 AVG v(qp12) from=54n to=56n
|meas tran vq1 AVG v(qq1) from=54n to=56n
|meas tran vq2 AVG v(qq2) from=54n to=56n
|meas tran vq3 AVG v(qq3) from=54n to=56n
|meas tran vq4 AVG v(qq4) from=54n to=56n
|meas tran vq5 AVG v(qq5) from=54n to=56n
|meas tran vq6 AVG v(qq6) from=54n to=56n
|meas tran vq7 AVG v(qq7) from=54n to=56n
|meas tran vq8 AVG v(qq8) from=54n to=56n
|meas tran vq9 AVG v(qq9) from=54n to=56n
|meas tran vq10 AVG v(qq10) from=54n to=56n
|meas tran vq11 AVG v(qq11) from=54n to=56n
|meas tran vq12 AVG v(qq12) from=54n to=56n
|
|* Named by the rung's own setup offset in picoseconds, so a record reads
|* as the ladder it is.
|let cap_pex_3200ps = vp1 / 1.98
|let cap_pex_800ps = vp2 / 1.98
|let cap_pex_260ps = vp3 / 1.98
|let cap_pex_215ps = vp4 / 1.98
|let cap_pex_180ps = vp5 / 1.98
|let cap_pex_150ps = vp6 / 1.98
|let cap_pex_125ps = vp7 / 1.98
|let cap_pex_105ps = vp8 / 1.98
|let cap_pex_88ps = vp9 / 1.98
|let cap_pex_73ps = vp10 / 1.98
|let cap_pex_60ps = vp11 / 1.98
|let cap_pex_45ps = vp12 / 1.98
|let cap_pre_3200ps = vq1 / 1.98
|let cap_pre_800ps = vq2 / 1.98
|let cap_pre_260ps = vq3 / 1.98
|let cap_pre_215ps = vq4 / 1.98
|let cap_pre_180ps = vq5 / 1.98
|let cap_pre_150ps = vq6 / 1.98
|let cap_pre_125ps = vq7 / 1.98
|let cap_pre_105ps = vq8 / 1.98
|let cap_pre_88ps = vq9 / 1.98
|let cap_pre_73ps = vq10 / 1.98
|let cap_pre_60ps = vq11 / 1.98
|let cap_pre_45ps = vq12 / 1.98
|
|print cap_pex_3200ps
|print cap_pex_800ps
|print cap_pex_260ps
|print cap_pex_215ps
|print cap_pex_180ps
|print cap_pex_150ps
|print cap_pex_125ps
|print cap_pex_105ps
|print cap_pex_88ps
|print cap_pex_73ps
|print cap_pex_60ps
|print cap_pex_45ps
|print cap_pre_3200ps
|print cap_pre_800ps
|print cap_pre_260ps
|print cap_pre_215ps
|print cap_pre_180ps
|print cap_pre_150ps
|print cap_pre_125ps
|print cap_pre_105ps
|print cap_pre_88ps
|print cap_pre_73ps
|print cap_pre_60ps
|print cap_pre_45ps
|.endc
|.end
|

----- stdout -----

Note: No compatibility mode selected!


Circuit: * post-layout sampler_dff: the setup-time bracket -- how far ahead of the

Doing analysis at TEMP = 125.000000 and TNOM = 27.000000

Using SPARSE 1.3 as Direct Linear Solver

Initial Transient Solution
--------------------------

Node                                   Voltage
----                                   -------
vsubs                                        0
clk                                          0
rst_n                                        0
d1                                           0
d2                                           0
d3                                           0
d4                                           0
d5                                           0
d6                                           0
d7                                           0
d8                                           0
d9                                           0
d10                                          0
d11                                          0
d12                                          0
vddp                                      1.98
xp1.xinv_clk.xpex.y__t0                   1.98
xp1.xinv_clk.xpex.a__t0                      0
xp1.xinv_clk.xpex.vss__t0          4.78937e-11
xp1.xinv_clk.xpex.vss__t1          1.16394e-09
xp1.xinv_clk.xpex.y__t1                   1.98
xp1.xinv_clk.xpex.a__t1                      0
xp1.xinv_clk.xpex.vdd__t0                 1.98
xp1.xinv_clk.xpex.vdd__t1                 1.98
xp1.clkb                                  1.98
xp1.xtg_d.xpex.a__t0                6.8869e-09
xp1.xtg_d.xpex.ctrlb__t0                  1.98
xp1.xtg_d.xpex.b__t0               1.19364e-07
xp1.xtg_d.xpex.vss__t0             4.29406e-15
xp1.xtg_d.xpex.a__t1                3.1103e-09
xp1.xtg_d.xpex.ctrl__t0                      0
xp1.xtg_d.xpex.b__t1               1.27556e-07
xp1.xtg_d.xpex.vdd__t0                    1.98
xp1.m                              1.25007e-07
xp1.xnand_m.xpex.n2__t0              0.0218841
xp1.xnand_m.xpex.en__t0                      0
xp1.xnand_m.xpex.vss__t0            3.2932e-11
xp1.xnand_m.xpex.vss__t1           1.40063e-10
xp1.xnand_m.xpex.y__t0                    1.98
xp1.xnand_m.xpex.a__t0             1.25007e-07
xp1.xnand_m.xpex.n2__t1              0.0218841
xp1.xnand_m.xpex.vss__t2           2.17035e-09
xp1.xnand_m.xpex.y__t1                    1.98
xp1.xnand_m.xpex.en__t1                      0
xp1.xnand_m.xpex.vdd__t2                  1.98
xp1.xnand_m.xpex.vdd__t0                  1.98
xp1.xnand_m.xpex.vdd__t3                  1.98
xp1.xnand_m.xpex.a__t1             1.25007e-07
xp1.xnand_m.xpex.y__t2                    1.98
xp1.xnand_m.xpex.vdd__t1                  1.98
xp1.xnand_m.xpex.n2                  0.0218841
xp1.mb                                    1.98
xp1.xinv_mc.xpex.y__t0             2.24665e-05
xp1.xinv_mc.xpex.a__t0                    1.98
xp1.xinv_mc.xpex.vss__t0           6.12718e-07
xp1.xinv_mc.xpex.vss__t1           5.09759e-13
xp1.xinv_mc.xpex.y__t1             2.51389e-05
xp1.xinv_mc.xpex.a__t1                    1.98
xp1.xinv_mc.xpex.vdd__t0                  1.98
xp1.xinv_mc.xpex.vdd__t1                  1.98
xp1.mc                             2.38046e-05
xp1.xtg_fbm.xpex.a__t0             2.38046e-05
xp1.xtg_fbm.xpex.ctrlb__t0                   0
xp1.xtg_fbm.xpex.b__t0             1.25007e-07
xp1.xtg_fbm.xpex.vss__t0           8.13678e-13
xp1.xtg_fbm.xpex.a__t1             2.38083e-05
xp1.xtg_fbm.xpex.ctrl__t0                 1.98
xp1.xtg_fbm.xpex.b__t1             1.28102e-07
xp1.xtg_fbm.xpex.vdd__t0                  1.98
xp1.xtg_s.xpex.a__t0                      1.98
xp1.xtg_s.xpex.ctrlb__t0                     0
xp1.xtg_s.xpex.b__t0                      1.98
xp1.xtg_s.xpex.vss__t0             3.58389e-09
xp1.xtg_s.xpex.a__t1                      1.98
xp1.xtg_s.xpex.ctrl__t0                   1.98
xp1.xtg_s.xpex.b__t1                      1.98
xp1.xtg_s.xpex.vdd__t0                    1.98
xp1.s                                     1.98
xp1.xinv_q.xpex.y__t0              2.24032e-05
xp1.xinv_q.xpex.a__t0                     1.98
xp1.xinv_q.xpex.vss__t0            6.10991e-07
xp1.xinv_q.xpex.vss__t1            5.08322e-13
xp1.xinv_q.xpex.y__t1              2.50718e-05
xp1.xinv_q.xpex.a__t1                     1.98
xp1.xinv_q.xpex.vdd__t0                   1.98
xp1.xinv_q.xpex.vdd__t1                   1.98
qp1                                2.37375e-05
xp1.xnand_s2.xpex.n2__t0             0.0218919
xp1.xnand_s2.xpex.en__t0                     0
xp1.xnand_s2.xpex.vss__t0          3.29412e-11
xp1.xnand_s2.xpex.vss__t1          1.40102e-10
xp1.xnand_s2.xpex.y__t0                   1.98
xp1.xnand_s2.xpex.a__t0            2.37375e-05
xp1.xnand_s2.xpex.n2__t1             0.0218919
xp1.xnand_s2.xpex.vss__t2          2.17043e-09
xp1.xnand_s2.xpex.y__t1                   1.98
xp1.xnand_s2.xpex.en__t1                     0
xp1.xnand_s2.xpex.vdd__t2                 1.98
xp1.xnand_s2.xpex.vdd__t0                 1.98
xp1.xnand_s2.xpex.vdd__t3                 1.98
xp1.xnand_s2.xpex.a__t1            2.37375e-05
xp1.xnand_s2.xpex.y__t2                   1.98
xp1.xnand_s2.xpex.vdd__t1                 1.98
xp1.xnand_s2.xpex.n2                 0.0218919
xp1.qb                                    1.98
xp1.xtg_fbs.xpex.a__t0                    1.98
xp1.xtg_fbs.xpex.ctrlb__t0                1.98
xp1.xtg_fbs.xpex.b__t0                    1.98
xp1.xtg_fbs.xpex.vss__t0           3.58389e-09
xp1.xtg_fbs.xpex.a__t1                    1.98
xp1.xtg_fbs.xpex.ctrl__t0                    0
xp1.xtg_fbs.xpex.b__t1                    1.98
xp1.xtg_fbs.xpex.vdd__t0                  1.98
xp2.xinv_clk.xpex.y__t0                   1.98
xp2.xinv_clk.xpex.a__t0                      0
xp2.xinv_clk.xpex.vss__t0          4.78937e-11
xp2.xinv_clk.xpex.vss__t1          1.16394e-09
xp2.xinv_clk.xpex.y__t1                   1.98
xp2.xinv_clk.xpex.a__t1                      0
xp2.xinv_clk.xpex.vdd__t0                 1.98
xp2.xinv_clk.xpex.vdd__t1                 1.98
xp2.clkb                                  1.98
xp2.xtg_d.xpex.a__t0                6.8869e-09
xp2.xtg_d.xpex.ctrlb__t0                  1.98
xp2.xtg_d.xpex.b__t0               1.19364e-07
xp2.xtg_d.xpex.vss__t0             4.29406e-15
xp2.xtg_d.xpex.a__t1                3.1103e-09
xp2.xtg_d.xpex.ctrl__t0                      0
xp2.xtg_d.xpex.b__t1               1.27556e-07
xp2.xtg_d.xpex.vdd__t0                    1.98
xp2.m                              1.25007e-07
xp2.xnand_m.xpex.n2__t0              0.0218841
xp2.xnand_m.xpex.en__t0                      0
xp2.xnand_m.xpex.vss__t0            3.2932e-11
xp2.xnand_m.xpex.vss__t1           1.40063e-10
xp2.xnand_m.xpex.y__t0                    1.98
xp2.xnand_m.xpex.a__t0             1.25007e-07
xp2.xnand_m.xpex.n2__t1              0.0218841
xp2.xnand_m.xpex.vss__t2           2.17035e-09
xp2.xnand_m.xpex.y__t1                    1.98
xp2.xnand_m.xpex.en__t1                      0
xp2.xnand_m.xpex.vdd__t2                  1.98
xp2.xnand_m.xpex.vdd__t0                  1.98
xp2.xnand_m.xpex.vdd__t3                  1.98
xp2.xnand_m.xpex.a__t1             1.25007e-07
xp2.xnand_m.xpex.y__t2                    1.98
xp2.xnand_m.xpex.vdd__t1                  1.98
xp2.xnand_m.xpex.n2                  0.0218841
xp2.mb                                    1.98
xp2.xinv_mc.xpex.y__t0             2.24665e-05
xp2.xinv_mc.xpex.a__t0                    1.98
xp2.xinv_mc.xpex.vss__t0           6.12718e-07
xp2.xinv_mc.xpex.vss__t1           5.09759e-13
xp2.xinv_mc.xpex.y__t1             2.51389e-05
xp2.xinv_mc.xpex.a__t1                    1.98
xp2.xinv_mc.xpex.vdd__t0                  1.98
xp2.xinv_mc.xpex.vdd__t1                  1.98
xp2.mc                             2.38046e-05
xp2.xtg_fbm.xpex.a__t0             2.38046e-05
xp2.xtg_fbm.xpex.ctrlb__t0                   0
xp2.xtg_fbm.xpex.b__t0             1.25007e-07
xp2.xtg_fbm.xpex.vss__t0           8.13678e-13
xp2.xtg_fbm.xpex.a__t1             2.38083e-05
xp2.xtg_fbm.xpex.ctrl__t0                 1.98
xp2.xtg_fbm.xpex.b__t1             1.28102e-07
xp2.xtg_fbm.xpex.vdd__t0                  1.98
xp2.xtg_s.xpex.a__t0                      1.98
xp2.xtg_s.xpex.ctrlb__t0                     0
xp2.xtg_s.xpex.b__t0                      1.98
xp2.xtg_s.xpex.vss__t0             3.58389e-09
xp2.xtg_s.xpex.a__t1                      1.98
xp2.xtg_s.xpex.ctrl__t0                   1.98
xp2.xtg_s.xpex.b__t1                      1.98
xp2.xtg_s.xpex.vdd__t0                    1.98
xp2.s                                     1.98
xp2.xinv_q.xpex.y__t0              2.24032e-05
xp2.xinv_q.xpex.a__t0                     1.98
xp2.xinv_q.xpex.vss__t0            6.10991e-07
xp2.xinv_q.xpex.vss__t1            5.08322e-13
xp2.xinv_q.xpex.y__t1              2.50718e-05
xp2.xinv_q.xpex.a__t1                     1.98
xp2.xinv_q.xpex.vdd__t0                   1.98
xp2.xinv_q.xpex.vdd__t1                   1.98
qp2                                2.37375e-05
xp2.xnand_s2.xpex.n2__t0             0.0218919
xp2.xnand_s2.xpex.en__t0                     0
xp2.xnand_s2.xpex.vss__t0          3.29412e-11
xp2.xnand_s2.xpex.vss__t1          1.40102e-10
xp2.xnand_s2.xpex.y__t0                   1.98
xp2.xnand_s2.xpex.a__t0            2.37375e-05
xp2.xnand_s2.xpex.n2__t1             0.0218919
xp2.xnand_s2.xpex.vss__t2          2.17043e-09
xp2.xnand_s2.xpex.y__t1                   1.98
xp2.xnand_s2.xpex.en__t1                     0
xp2.xnand_s2.xpex.vdd__t2                 1.98
xp2.xnand_s2.xpex.vdd__t0                 1.98
xp2.xnand_s2.xpex.vdd__t3                 1.98
xp2.xnand_s2.xpex.a__t1            2.37375e-05
xp2.xnand_s2.xpex.y__t2                   1.98
xp2.xnand_s2.xpex.vdd__t1                 1.98
xp2.xnand_s2.xpex.n2                 0.0218919
xp2.qb                                    1.98
xp2.xtg_fbs.xpex.a__t0                    1.98
xp2.xtg_fbs.xpex.ctrlb__t0                1.98
xp2.xtg_fbs.xpex.b__t0                    1.98
xp2.xtg_fbs.xpex.vss__t0           3.58389e-09
xp2.xtg_fbs.xpex.a__t1                    1.98
xp2.xtg_fbs.xpex.ctrl__t0                    0
xp2.xtg_fbs.xpex.b__t1                    1.98
xp2.xtg_fbs.xpex.vdd__t0                  1.98
xp3.xinv_clk.xpex.y__t0                   1.98
xp3.xinv_clk.xpex.a__t0                      0
xp3.xinv_clk.xpex.vss__t0          4.78937e-11
xp3.xinv_clk.xpex.vss__t1          1.16394e-09
xp3.xinv_clk.xpex.y__t1                   1.98
xp3.xinv_clk.xpex.a__t1                      0
xp3.xinv_clk.xpex.vdd__t0                 1.98
xp3.xinv_clk.xpex.vdd__t1                 1.98
xp3.clkb                                  1.98
xp3.xtg_d.xpex.a__t0                6.8869e-09
xp3.xtg_d.xpex.ctrlb__t0                  1.98
xp3.xtg_d.xpex.b__t0               1.19364e-07
xp3.xtg_d.xpex.vss__t0             4.29406e-15
xp3.xtg_d.xpex.a__t1                3.1103e-09
xp3.xtg_d.xpex.ctrl__t0                      0
xp3.xtg_d.xpex.b__t1               1.27556e-07
xp3.xtg_d.xpex.vdd__t0                    1.98
xp3.m                              1.25007e-07
xp3.xnand_m.xpex.n2__t0              0.0218841
xp3.xnand_m.xpex.en__t0                      0
xp3.xnand_m.xpex.vss__t0            3.2932e-11
xp3.xnand_m.xpex.vss__t1           1.40063e-10
xp3.xnand_m.xpex.y__t0                    1.98
xp3.xnand_m.xpex.a__t0             1.25007e-07
xp3.xnand_m.xpex.n2__t1              0.0218841
xp3.xnand_m.xpex.vss__t2           2.17035e-09
xp3.xnand_m.xpex.y__t1                    1.98
xp3.xnand_m.xpex.en__t1                      0
xp3.xnand_m.xpex.vdd__t2                  1.98
xp3.xnand_m.xpex.vdd__t0                  1.98
xp3.xnand_m.xpex.vdd__t3                  1.98
xp3.xnand_m.xpex.a__t1             1.25007e-07
xp3.xnand_m.xpex.y__t2                    1.98
xp3.xnand_m.xpex.vdd__t1                  1.98
xp3.xnand_m.xpex.n2                  0.0218841
xp3.mb                                    1.98
xp3.xinv_mc.xpex.y__t0             2.24665e-05
xp3.xinv_mc.xpex.a__t0                    1.98
xp3.xinv_mc.xpex.vss__t0           6.12718e-07
xp3.xinv_mc.xpex.vss__t1           5.09759e-13
xp3.xinv_mc.xpex.y__t1             2.51389e-05
xp3.xinv_mc.xpex.a__t1                    1.98
xp3.xinv_mc.xpex.vdd__t0                  1.98
xp3.xinv_mc.xpex.vdd__t1                  1.98
xp3.mc                             2.38046e-05
xp3.xtg_fbm.xpex.a__t0             2.38046e-05
xp3.xtg_fbm.xpex.ctrlb__t0                   0
xp3.xtg_fbm.xpex.b__t0             1.25007e-07
xp3.xtg_fbm.xpex.vss__t0           8.13678e-13
xp3.xtg_fbm.xpex.a__t1             2.38083e-05
xp3.xtg_fbm.xpex.ctrl__t0                 1.98
xp3.xtg_fbm.xpex.b__t1             1.28102e-07
xp3.xtg_fbm.xpex.vdd__t0                  1.98
xp3.xtg_s.xpex.a__t0                      1.98
xp3.xtg_s.xpex.ctrlb__t0                     0
xp3.xtg_s.xpex.b__t0                      1.98
xp3.xtg_s.xpex.vss__t0             3.58389e-09
xp3.xtg_s.xpex.a__t1                      1.98
xp3.xtg_s.xpex.ctrl__t0                   1.98
xp3.xtg_s.xpex.b__t1                      1.98
xp3.xtg_s.xpex.vdd__t0                    1.98
xp3.s                                     1.98
xp3.xinv_q.xpex.y__t0              2.24032e-05
xp3.xinv_q.xpex.a__t0                     1.98
xp3.xinv_q.xpex.vss__t0            6.10991e-07
xp3.xinv_q.xpex.vss__t1            5.08322e-13
xp3.xinv_q.xpex.y__t1              2.50718e-05
xp3.xinv_q.xpex.a__t1                     1.98
xp3.xinv_q.xpex.vdd__t0                   1.98
xp3.xinv_q.xpex.vdd__t1                   1.98
qp3                                2.37375e-05
xp3.xnand_s2.xpex.n2__t0             0.0218919
xp3.xnand_s2.xpex.en__t0                     0
xp3.xnand_s2.xpex.vss__t0          3.29412e-11
xp3.xnand_s2.xpex.vss__t1          1.40102e-10
xp3.xnand_s2.xpex.y__t0                   1.98
xp3.xnand_s2.xpex.a__t0            2.37375e-05
xp3.xnand_s2.xpex.n2__t1             0.0218919
xp3.xnand_s2.xpex.vss__t2          2.17043e-09
xp3.xnand_s2.xpex.y__t1                   1.98
xp3.xnand_s2.xpex.en__t1                     0
xp3.xnand_s2.xpex.vdd__t2                 1.98
xp3.xnand_s2.xpex.vdd__t0                 1.98
xp3.xnand_s2.xpex.vdd__t3                 1.98
xp3.xnand_s2.xpex.a__t1            2.37375e-05
xp3.xnand_s2.xpex.y__t2                   1.98
xp3.xnand_s2.xpex.vdd__t1                 1.98
xp3.xnand_s2.xpex.n2                 0.0218919
xp3.qb                                    1.98
xp3.xtg_fbs.xpex.a__t0                    1.98
xp3.xtg_fbs.xpex.ctrlb__t0                1.98
xp3.xtg_fbs.xpex.b__t0                    1.98
xp3.xtg_fbs.xpex.vss__t0           3.58389e-09
xp3.xtg_fbs.xpex.a__t1                    1.98
xp3.xtg_fbs.xpex.ctrl__t0                    0
xp3.xtg_fbs.xpex.b__t1                    1.98
xp3.xtg_fbs.xpex.vdd__t0                  1.98
xp4.xinv_clk.xpex.y__t0                   1.98
xp4.xinv_clk.xpex.a__t0                      0
xp4.xinv_clk.xpex.vss__t0          4.78937e-11
xp4.xinv_clk.xpex.vss__t1          1.16394e-09
xp4.xinv_clk.xpex.y__t1                   1.98
xp4.xinv_clk.xpex.a__t1                      0
xp4.xinv_clk.xpex.vdd__t0                 1.98
xp4.xinv_clk.xpex.vdd__t1                 1.98
xp4.clkb                                  1.98
xp4.xtg_d.xpex.a__t0                6.8869e-09
xp4.xtg_d.xpex.ctrlb__t0                  1.98
xp4.xtg_d.xpex.b__t0               1.19364e-07
xp4.xtg_d.xpex.vss__t0             4.29406e-15
xp4.xtg_d.xpex.a__t1                3.1103e-09
xp4.xtg_d.xpex.ctrl__t0                      0
xp4.xtg_d.xpex.b__t1               1.27556e-07
xp4.xtg_d.xpex.vdd__t0                    1.98
xp4.m                              1.25007e-07
xp4.xnand_m.xpex.n2__t0              0.0218841
xp4.xnand_m.xpex.en__t0                      0
xp4.xnand_m.xpex.vss__t0            3.2932e-11
xp4.xnand_m.xpex.vss__t1           1.40063e-10
xp4.xnand_m.xpex.y__t0                    1.98
xp4.xnand_m.xpex.a__t0             1.25007e-07
xp4.xnand_m.xpex.n2__t1              0.0218841
xp4.xnand_m.xpex.vss__t2           2.17035e-09
xp4.xnand_m.xpex.y__t1                    1.98
xp4.xnand_m.xpex.en__t1                      0
xp4.xnand_m.xpex.vdd__t2                  1.98
xp4.xnand_m.xpex.vdd__t0                  1.98
xp4.xnand_m.xpex.vdd__t3                  1.98
xp4.xnand_m.xpex.a__t1             1.25007e-07
xp4.xnand_m.xpex.y__t2                    1.98
xp4.xnand_m.xpex.vdd__t1                  1.98
xp4.xnand_m.xpex.n2                  0.0218841
xp4.mb                                    1.98
xp4.xinv_mc.xpex.y__t0             2.24665e-05
xp4.xinv_mc.xpex.a__t0                    1.98
xp4.xinv_mc.xpex.vss__t0           6.12718e-07
xp4.xinv_mc.xpex.vss__t1           5.09759e-13
xp4.xinv_mc.xpex.y__t1             2.51389e-05
xp4.xinv_mc.xpex.a__t1                    1.98
xp4.xinv_mc.xpex.vdd__t0                  1.98
xp4.xinv_mc.xpex.vdd__t1                  1.98
xp4.mc                             2.38046e-05
xp4.xtg_fbm.xpex.a__t0             2.38046e-05
xp4.xtg_fbm.xpex.ctrlb__t0                   0
xp4.xtg_fbm.xpex.b__t0             1.25007e-07
xp4.xtg_fbm.xpex.vss__t0           8.13678e-13
xp4.xtg_fbm.xpex.a__t1             2.38083e-05
xp4.xtg_fbm.xpex.ctrl__t0                 1.98
xp4.xtg_fbm.xpex.b__t1             1.28102e-07
xp4.xtg_fbm.xpex.vdd__t0                  1.98
xp4.xtg_s.xpex.a__t0                      1.98
xp4.xtg_s.xpex.ctrlb__t0                     0
xp4.xtg_s.xpex.b__t0                      1.98
xp4.xtg_s.xpex.vss__t0             3.58389e-09
xp4.xtg_s.xpex.a__t1                      1.98
xp4.xtg_s.xpex.ctrl__t0                   1.98
xp4.xtg_s.xpex.b__t1                      1.98
xp4.xtg_s.xpex.vdd__t0                    1.98
xp4.s                                     1.98
xp4.xinv_q.xpex.y__t0              2.24032e-05
xp4.xinv_q.xpex.a__t0                     1.98
xp4.xinv_q.xpex.vss__t0            6.10991e-07
xp4.xinv_q.xpex.vss__t1            5.08322e-13
xp4.xinv_q.xpex.y__t1              2.50718e-05
xp4.xinv_q.xpex.a__t1                     1.98
xp4.xinv_q.xpex.vdd__t0                   1.98
xp4.xinv_q.xpex.vdd__t1                   1.98
qp4                                2.37375e-05
xp4.xnand_s2.xpex.n2__t0             0.0218919
xp4.xnand_s2.xpex.en__t0                     0
xp4.xnand_s2.xpex.vss__t0          3.29412e-11
xp4.xnand_s2.xpex.vss__t1          1.40102e-10
xp4.xnand_s2.xpex.y__t0                   1.98
xp4.xnand_s2.xpex.a__t0            2.37375e-05
xp4.xnand_s2.xpex.n2__t1             0.0218919
xp4.xnand_s2.xpex.vss__t2          2.17043e-09
xp4.xnand_s2.xpex.y__t1                   1.98
xp4.xnand_s2.xpex.en__t1                     0
xp4.xnand_s2.xpex.vdd__t2                 1.98
xp4.xnand_s2.xpex.vdd__t0                 1.98
xp4.xnand_s2.xpex.vdd__t3                 1.98
xp4.xnand_s2.xpex.a__t1            2.37375e-05
xp4.xnand_s2.xpex.y__t2                   1.98
xp4.xnand_s2.xpex.vdd__t1                 1.98
xp4.xnand_s2.xpex.n2                 0.0218919
xp4.qb                                    1.98
xp4.xtg_fbs.xpex.a__t0                    1.98
xp4.xtg_fbs.xpex.ctrlb__t0                1.98
xp4.xtg_fbs.xpex.b__t0                    1.98
xp4.xtg_fbs.xpex.vss__t0           3.58389e-09
xp4.xtg_fbs.xpex.a__t1                    1.98
xp4.xtg_fbs.xpex.ctrl__t0                    0
xp4.xtg_fbs.xpex.b__t1                    1.98
xp4.xtg_fbs.xpex.vdd__t0                  1.98
xp5.xinv_clk.xpex.y__t0                   1.98
xp5.xinv_clk.xpex.a__t0                      0
xp5.xinv_clk.xpex.vss__t0          4.78937e-11
xp5.xinv_clk.xpex.vss__t1          1.16394e-09
xp5.xinv_clk.xpex.y__t1                   1.98
xp5.xinv_clk.xpex.a__t1                      0
xp5.xinv_clk.xpex.vdd__t0                 1.98
xp5.xinv_clk.xpex.vdd__t1                 1.98
xp5.clkb                                  1.98
xp5.xtg_d.xpex.a__t0                6.8869e-09
xp5.xtg_d.xpex.ctrlb__t0                  1.98
xp5.xtg_d.xpex.b__t0               1.19364e-07
xp5.xtg_d.xpex.vss__t0             4.29406e-15
xp5.xtg_d.xpex.a__t1                3.1103e-09
xp5.xtg_d.xpex.ctrl__t0                      0
xp5.xtg_d.xpex.b__t1               1.27556e-07
xp5.xtg_d.xpex.vdd__t0                    1.98
xp5.m                              1.25007e-07
xp5.xnand_m.xpex.n2__t0              0.0218841
xp5.xnand_m.xpex.en__t0                      0
xp5.xnand_m.xpex.vss__t0            3.2932e-11
xp5.xnand_m.xpex.vss__t1           1.40063e-10
xp5.xnand_m.xpex.y__t0                    1.98
xp5.xnand_m.xpex.a__t0             1.25007e-07
xp5.xnand_m.xpex.n2__t1              0.0218841
xp5.xnand_m.xpex.vss__t2           2.17035e-09
xp5.xnand_m.xpex.y__t1                    1.98
xp5.xnand_m.xpex.en__t1                      0
xp5.xnand_m.xpex.vdd__t2                  1.98
xp5.xnand_m.xpex.vdd__t0                  1.98
xp5.xnand_m.xpex.vdd__t3                  1.98
xp5.xnand_m.xpex.a__t1             1.25007e-07
xp5.xnand_m.xpex.y__t2                    1.98
xp5.xnand_m.xpex.vdd__t1                  1.98
xp5.xnand_m.xpex.n2                  0.0218841
xp5.mb                                    1.98
xp5.xinv_mc.xpex.y__t0             2.24665e-05
xp5.xinv_mc.xpex.a__t0                    1.98
xp5.xinv_mc.xpex.vss__t0           6.12718e-07
xp5.xinv_mc.xpex.vss__t1           5.09759e-13
xp5.xinv_mc.xpex.y__t1             2.51389e-05
xp5.xinv_mc.xpex.a__t1                    1.98
xp5.xinv_mc.xpex.vdd__t0                  1.98
xp5.xinv_mc.xpex.vdd__t1                  1.98
xp5.mc                             2.38046e-05
xp5.xtg_fbm.xpex.a__t0             2.38046e-05
xp5.xtg_fbm.xpex.ctrlb__t0                   0
xp5.xtg_fbm.xpex.b__t0             1.25007e-07
xp5.xtg_fbm.xpex.vss__t0           8.13678e-13
xp5.xtg_fbm.xpex.a__t1             2.38083e-05
xp5.xtg_fbm.xpex.ctrl__t0                 1.98
xp5.xtg_fbm.xpex.b__t1             1.28102e-07
xp5.xtg_fbm.xpex.vdd__t0                  1.98
xp5.xtg_s.xpex.a__t0                      1.98
xp5.xtg_s.xpex.ctrlb__t0                     0
xp5.xtg_s.xpex.b__t0                      1.98
xp5.xtg_s.xpex.vss__t0             3.58389e-09
xp5.xtg_s.xpex.a__t1                      1.98
xp5.xtg_s.xpex.ctrl__t0                   1.98
xp5.xtg_s.xpex.b__t1                      1.98
xp5.xtg_s.xpex.vdd__t0                    1.98
xp5.s                                     1.98
xp5.xinv_q.xpex.y__t0              2.24032e-05
xp5.xinv_q.xpex.a__t0                     1.98
xp5.xinv_q.xpex.vss__t0            6.10991e-07
xp5.xinv_q.xpex.vss__t1            5.08322e-13
xp5.xinv_q.xpex.y__t1              2.50718e-05
xp5.xinv_q.xpex.a__t1                     1.98
xp5.xinv_q.xpex.vdd__t0                   1.98
xp5.xinv_q.xpex.vdd__t1                   1.98
qp5                                2.37375e-05
xp5.xnand_s2.xpex.n2__t0             0.0218919
xp5.xnand_s2.xpex.en__t0                     0
xp5.xnand_s2.xpex.vss__t0          3.29412e-11
xp5.xnand_s2.xpex.vss__t1          1.40102e-10
xp5.xnand_s2.xpex.y__t0                   1.98
xp5.xnand_s2.xpex.a__t0            2.37375e-05
xp5.xnand_s2.xpex.n2__t1             0.0218919
xp5.xnand_s2.xpex.vss__t2          2.17043e-09
xp5.xnand_s2.xpex.y__t1                   1.98
xp5.xnand_s2.xpex.en__t1                     0
xp5.xnand_s2.xpex.vdd__t2                 1.98
xp5.xnand_s2.xpex.vdd__t0                 1.98
xp5.xnand_s2.xpex.vdd__t3                 1.98
xp5.xnand_s2.xpex.a__t1            2.37375e-05
xp5.xnand_s2.xpex.y__t2                   1.98
xp5.xnand_s2.xpex.vdd__t1                 1.98
xp5.xnand_s2.xpex.n2                 0.0218919
xp5.qb                                    1.98
xp5.xtg_fbs.xpex.a__t0                    1.98
xp5.xtg_fbs.xpex.ctrlb__t0                1.98
xp5.xtg_fbs.xpex.b__t0                    1.98
xp5.xtg_fbs.xpex.vss__t0           3.58389e-09
xp5.xtg_fbs.xpex.a__t1                    1.98
xp5.xtg_fbs.xpex.ctrl__t0                    0
xp5.xtg_fbs.xpex.b__t1                    1.98
xp5.xtg_fbs.xpex.vdd__t0                  1.98
xp6.xinv_clk.xpex.y__t0                   1.98
xp6.xinv_clk.xpex.a__t0                      0
xp6.xinv_clk.xpex.vss__t0          4.78937e-11
xp6.xinv_clk.xpex.vss__t1          1.16394e-09
xp6.xinv_clk.xpex.y__t1                   1.98
xp6.xinv_clk.xpex.a__t1                      0
xp6.xinv_clk.xpex.vdd__t0                 1.98
xp6.xinv_clk.xpex.vdd__t1                 1.98
xp6.clkb                                  1.98
xp6.xtg_d.xpex.a__t0                6.8869e-09
xp6.xtg_d.xpex.ctrlb__t0                  1.98
xp6.xtg_d.xpex.b__t0               1.19364e-07
xp6.xtg_d.xpex.vss__t0             4.29406e-15
xp6.xtg_d.xpex.a__t1                3.1103e-09
xp6.xtg_d.xpex.ctrl__t0                      0
xp6.xtg_d.xpex.b__t1               1.27556e-07
xp6.xtg_d.xpex.vdd__t0                    1.98
xp6.m                              1.25007e-07
xp6.xnand_m.xpex.n2__t0              0.0218841
xp6.xnand_m.xpex.en__t0                      0
xp6.xnand_m.xpex.vss__t0            3.2932e-11
xp6.xnand_m.xpex.vss__t1           1.40063e-10
xp6.xnand_m.xpex.y__t0                    1.98
xp6.xnand_m.xpex.a__t0             1.25007e-07
xp6.xnand_m.xpex.n2__t1              0.0218841
xp6.xnand_m.xpex.vss__t2           2.17035e-09
xp6.xnand_m.xpex.y__t1                    1.98
xp6.xnand_m.xpex.en__t1                      0
xp6.xnand_m.xpex.vdd__t2                  1.98
xp6.xnand_m.xpex.vdd__t0                  1.98
xp6.xnand_m.xpex.vdd__t3                  1.98
xp6.xnand_m.xpex.a__t1             1.25007e-07
xp6.xnand_m.xpex.y__t2                    1.98
xp6.xnand_m.xpex.vdd__t1                  1.98
xp6.xnand_m.xpex.n2                  0.0218841
xp6.mb                                    1.98
xp6.xinv_mc.xpex.y__t0             2.24665e-05
xp6.xinv_mc.xpex.a__t0                    1.98
xp6.xinv_mc.xpex.vss__t0           6.12718e-07
xp6.xinv_mc.xpex.vss__t1           5.09759e-13
xp6.xinv_mc.xpex.y__t1             2.51389e-05
xp6.xinv_mc.xpex.a__t1                    1.98
xp6.xinv_mc.xpex.vdd__t0                  1.98
xp6.xinv_mc.xpex.vdd__t1                  1.98
xp6.mc                             2.38046e-05
xp6.xtg_fbm.xpex.a__t0             2.38046e-05
xp6.xtg_fbm.xpex.ctrlb__t0                   0
xp6.xtg_fbm.xpex.b__t0             1.25007e-07
xp6.xtg_fbm.xpex.vss__t0           8.13678e-13
xp6.xtg_fbm.xpex.a__t1             2.38083e-05
xp6.xtg_fbm.xpex.ctrl__t0                 1.98
xp6.xtg_fbm.xpex.b__t1             1.28102e-07
xp6.xtg_fbm.xpex.vdd__t0                  1.98
xp6.xtg_s.xpex.a__t0                      1.98
xp6.xtg_s.xpex.ctrlb__t0                     0
xp6.xtg_s.xpex.b__t0                      1.98
xp6.xtg_s.xpex.vss__t0             3.58389e-09
xp6.xtg_s.xpex.a__t1                      1.98
xp6.xtg_s.xpex.ctrl__t0                   1.98
xp6.xtg_s.xpex.b__t1                      1.98
xp6.xtg_s.xpex.vdd__t0                    1.98
xp6.s                                     1.98
xp6.xinv_q.xpex.y__t0              2.24032e-05
xp6.xinv_q.xpex.a__t0                     1.98
xp6.xinv_q.xpex.vss__t0            6.10991e-07
xp6.xinv_q.xpex.vss__t1            5.08322e-13
xp6.xinv_q.xpex.y__t1              2.50718e-05
xp6.xinv_q.xpex.a__t1                     1.98
xp6.xinv_q.xpex.vdd__t0                   1.98
xp6.xinv_q.xpex.vdd__t1                   1.98
qp6                                2.37375e-05
xp6.xnand_s2.xpex.n2__t0             0.0218919
xp6.xnand_s2.xpex.en__t0                     0
xp6.xnand_s2.xpex.vss__t0          3.29412e-11
xp6.xnand_s2.xpex.vss__t1          1.40102e-10
xp6.xnand_s2.xpex.y__t0                   1.98
xp6.xnand_s2.xpex.a__t0            2.37375e-05
xp6.xnand_s2.xpex.n2__t1             0.0218919
xp6.xnand_s2.xpex.vss__t2          2.17043e-09
xp6.xnand_s2.xpex.y__t1                   1.98
xp6.xnand_s2.xpex.en__t1                     0
xp6.xnand_s2.xpex.vdd__t2                 1.98
xp6.xnand_s2.xpex.vdd__t0                 1.98
xp6.xnand_s2.xpex.vdd__t3                 1.98
xp6.xnand_s2.xpex.a__t1            2.37375e-05
xp6.xnand_s2.xpex.y__t2                   1.98
xp6.xnand_s2.xpex.vdd__t1                 1.98
xp6.xnand_s2.xpex.n2                 0.0218919
xp6.qb                                    1.98
xp6.xtg_fbs.xpex.a__t0                    1.98
xp6.xtg_fbs.xpex.ctrlb__t0                1.98
xp6.xtg_fbs.xpex.b__t0                    1.98
xp6.xtg_fbs.xpex.vss__t0           3.58389e-09
xp6.xtg_fbs.xpex.a__t1                    1.98
xp6.xtg_fbs.xpex.ctrl__t0                    0
xp6.xtg_fbs.xpex.b__t1                    1.98
xp6.xtg_fbs.xpex.vdd__t0                  1.98
xp7.xinv_clk.xpex.y__t0                   1.98
xp7.xinv_clk.xpex.a__t0                      0
xp7.xinv_clk.xpex.vss__t0          4.78937e-11
xp7.xinv_clk.xpex.vss__t1          1.16394e-09
xp7.xinv_clk.xpex.y__t1                   1.98
xp7.xinv_clk.xpex.a__t1                      0
xp7.xinv_clk.xpex.vdd__t0                 1.98
xp7.xinv_clk.xpex.vdd__t1                 1.98
xp7.clkb                                  1.98
xp7.xtg_d.xpex.a__t0                6.8869e-09
xp7.xtg_d.xpex.ctrlb__t0                  1.98
xp7.xtg_d.xpex.b__t0               1.19364e-07
xp7.xtg_d.xpex.vss__t0             4.29406e-15
xp7.xtg_d.xpex.a__t1                3.1103e-09
xp7.xtg_d.xpex.ctrl__t0                      0
xp7.xtg_d.xpex.b__t1               1.27556e-07
xp7.xtg_d.xpex.vdd__t0                    1.98
xp7.m                              1.25007e-07
xp7.xnand_m.xpex.n2__t0              0.0218841
xp7.xnand_m.xpex.en__t0                      0
xp7.xnand_m.xpex.vss__t0            3.2932e-11
xp7.xnand_m.xpex.vss__t1           1.40063e-10
xp7.xnand_m.xpex.y__t0                    1.98
xp7.xnand_m.xpex.a__t0             1.25007e-07
xp7.xnand_m.xpex.n2__t1              0.0218841
xp7.xnand_m.xpex.vss__t2           2.17035e-09
xp7.xnand_m.xpex.y__t1                    1.98
xp7.xnand_m.xpex.en__t1                      0
xp7.xnand_m.xpex.vdd__t2                  1.98
xp7.xnand_m.xpex.vdd__t0                  1.98
xp7.xnand_m.xpex.vdd__t3                  1.98
xp7.xnand_m.xpex.a__t1             1.25007e-07
xp7.xnand_m.xpex.y__t2                    1.98
xp7.xnand_m.xpex.vdd__t1                  1.98
xp7.xnand_m.xpex.n2                  0.0218841
xp7.mb                                    1.98
xp7.xinv_mc.xpex.y__t0             2.24665e-05
xp7.xinv_mc.xpex.a__t0                    1.98
xp7.xinv_mc.xpex.vss__t0           6.12718e-07
xp7.xinv_mc.xpex.vss__t1           5.09759e-13
xp7.xinv_mc.xpex.y__t1             2.51389e-05
xp7.xinv_mc.xpex.a__t1                    1.98
xp7.xinv_mc.xpex.vdd__t0                  1.98
xp7.xinv_mc.xpex.vdd__t1                  1.98
xp7.mc                             2.38046e-05
xp7.xtg_fbm.xpex.a__t0             2.38046e-05
xp7.xtg_fbm.xpex.ctrlb__t0                   0
xp7.xtg_fbm.xpex.b__t0             1.25007e-07
xp7.xtg_fbm.xpex.vss__t0           8.13678e-13
xp7.xtg_fbm.xpex.a__t1             2.38083e-05
xp7.xtg_fbm.xpex.ctrl__t0                 1.98
xp7.xtg_fbm.xpex.b__t1             1.28102e-07
xp7.xtg_fbm.xpex.vdd__t0                  1.98
xp7.xtg_s.xpex.a__t0                      1.98
xp7.xtg_s.xpex.ctrlb__t0                     0
xp7.xtg_s.xpex.b__t0                      1.98
xp7.xtg_s.xpex.vss__t0             3.58389e-09
xp7.xtg_s.xpex.a__t1                      1.98
xp7.xtg_s.xpex.ctrl__t0                   1.98
xp7.xtg_s.xpex.b__t1                      1.98
xp7.xtg_s.xpex.vdd__t0                    1.98
xp7.s                                     1.98
xp7.xinv_q.xpex.y__t0              2.24032e-05
xp7.xinv_q.xpex.a__t0                     1.98
xp7.xinv_q.xpex.vss__t0            6.10991e-07
xp7.xinv_q.xpex.vss__t1            5.08322e-13
xp7.xinv_q.xpex.y__t1              2.50718e-05
xp7.xinv_q.xpex.a__t1                     1.98
xp7.xinv_q.xpex.vdd__t0                   1.98
xp7.xinv_q.xpex.vdd__t1                   1.98
qp7                                2.37375e-05
xp7.xnand_s2.xpex.n2__t0             0.0218919
xp7.xnand_s2.xpex.en__t0                     0
xp7.xnand_s2.xpex.vss__t0          3.29412e-11
xp7.xnand_s2.xpex.vss__t1          1.40102e-10
xp7.xnand_s2.xpex.y__t0                   1.98
xp7.xnand_s2.xpex.a__t0            2.37375e-05
xp7.xnand_s2.xpex.n2__t1             0.0218919
xp7.xnand_s2.xpex.vss__t2          2.17043e-09
xp7.xnand_s2.xpex.y__t1                   1.98
xp7.xnand_s2.xpex.en__t1                     0
xp7.xnand_s2.xpex.vdd__t2                 1.98
xp7.xnand_s2.xpex.vdd__t0                 1.98
xp7.xnand_s2.xpex.vdd__t3                 1.98
xp7.xnand_s2.xpex.a__t1            2.37375e-05
xp7.xnand_s2.xpex.y__t2                   1.98
xp7.xnand_s2.xpex.vdd__t1                 1.98
xp7.xnand_s2.xpex.n2                 0.0218919
xp7.qb                                    1.98
xp7.xtg_fbs.xpex.a__t0                    1.98
xp7.xtg_fbs.xpex.ctrlb__t0                1.98
xp7.xtg_fbs.xpex.b__t0                    1.98
xp7.xtg_fbs.xpex.vss__t0           3.58389e-09
xp7.xtg_fbs.xpex.a__t1                    1.98
xp7.xtg_fbs.xpex.ctrl__t0                    0
xp7.xtg_fbs.xpex.b__t1                    1.98
xp7.xtg_fbs.xpex.vdd__t0                  1.98
xp8.xinv_clk.xpex.y__t0                   1.98
xp8.xinv_clk.xpex.a__t0                      0
xp8.xinv_clk.xpex.vss__t0          4.78937e-11
xp8.xinv_clk.xpex.vss__t1          1.16394e-09
xp8.xinv_clk.xpex.y__t1                   1.98
xp8.xinv_clk.xpex.a__t1                      0
xp8.xinv_clk.xpex.vdd__t0                 1.98
xp8.xinv_clk.xpex.vdd__t1                 1.98
xp8.clkb                                  1.98
xp8.xtg_d.xpex.a__t0                6.8869e-09
xp8.xtg_d.xpex.ctrlb__t0                  1.98
xp8.xtg_d.xpex.b__t0               1.19364e-07
xp8.xtg_d.xpex.vss__t0             4.29406e-15
xp8.xtg_d.xpex.a__t1                3.1103e-09
xp8.xtg_d.xpex.ctrl__t0                      0
xp8.xtg_d.xpex.b__t1               1.27556e-07
xp8.xtg_d.xpex.vdd__t0                    1.98
xp8.m                              1.25007e-07
xp8.xnand_m.xpex.n2__t0              0.0218841
xp8.xnand_m.xpex.en__t0                      0
xp8.xnand_m.xpex.vss__t0            3.2932e-11
xp8.xnand_m.xpex.vss__t1           1.40063e-10
xp8.xnand_m.xpex.y__t0                    1.98
xp8.xnand_m.xpex.a__t0             1.25007e-07
xp8.xnand_m.xpex.n2__t1              0.0218841
xp8.xnand_m.xpex.vss__t2           2.17035e-09
xp8.xnand_m.xpex.y__t1                    1.98
xp8.xnand_m.xpex.en__t1                      0
xp8.xnand_m.xpex.vdd__t2                  1.98
xp8.xnand_m.xpex.vdd__t0                  1.98
xp8.xnand_m.xpex.vdd__t3                  1.98
xp8.xnand_m.xpex.a__t1             1.25007e-07
xp8.xnand_m.xpex.y__t2                    1.98
xp8.xnand_m.xpex.vdd__t1                  1.98
xp8.xnand_m.xpex.n2                  0.0218841
xp8.mb                                    1.98
xp8.xinv_mc.xpex.y__t0             2.24665e-05
xp8.xinv_mc.xpex.a__t0                    1.98
xp8.xinv_mc.xpex.vss__t0           6.12718e-07
xp8.xinv_mc.xpex.vss__t1           5.09759e-13
xp8.xinv_mc.xpex.y__t1             2.51389e-05
xp8.xinv_mc.xpex.a__t1                    1.98
xp8.xinv_mc.xpex.vdd__t0                  1.98
xp8.xinv_mc.xpex.vdd__t1                  1.98
xp8.mc                             2.38046e-05
xp8.xtg_fbm.xpex.a__t0             2.38046e-05
xp8.xtg_fbm.xpex.ctrlb__t0                   0
xp8.xtg_fbm.xpex.b__t0             1.25007e-07
xp8.xtg_fbm.xpex.vss__t0           8.13678e-13
xp8.xtg_fbm.xpex.a__t1             2.38083e-05
xp8.xtg_fbm.xpex.ctrl__t0                 1.98
xp8.xtg_fbm.xpex.b__t1             1.28102e-07
xp8.xtg_fbm.xpex.vdd__t0                  1.98
xp8.xtg_s.xpex.a__t0                      1.98
xp8.xtg_s.xpex.ctrlb__t0                     0
xp8.xtg_s.xpex.b__t0                      1.98
xp8.xtg_s.xpex.vss__t0             3.58389e-09
xp8.xtg_s.xpex.a__t1                      1.98
xp8.xtg_s.xpex.ctrl__t0                   1.98
xp8.xtg_s.xpex.b__t1                      1.98
xp8.xtg_s.xpex.vdd__t0                    1.98
xp8.s                                     1.98
xp8.xinv_q.xpex.y__t0              2.24032e-05
xp8.xinv_q.xpex.a__t0                     1.98
xp8.xinv_q.xpex.vss__t0            6.10991e-07
xp8.xinv_q.xpex.vss__t1            5.08322e-13
xp8.xinv_q.xpex.y__t1              2.50718e-05
xp8.xinv_q.xpex.a__t1                     1.98
xp8.xinv_q.xpex.vdd__t0                   1.98
xp8.xinv_q.xpex.vdd__t1                   1.98
qp8                                2.37375e-05
xp8.xnand_s2.xpex.n2__t0             0.0218919
xp8.xnand_s2.xpex.en__t0                     0
xp8.xnand_s2.xpex.vss__t0          3.29412e-11
xp8.xnand_s2.xpex.vss__t1          1.40102e-10
xp8.xnand_s2.xpex.y__t0                   1.98
xp8.xnand_s2.xpex.a__t0            2.37375e-05
xp8.xnand_s2.xpex.n2__t1             0.0218919
xp8.xnand_s2.xpex.vss__t2          2.17043e-09
xp8.xnand_s2.xpex.y__t1                   1.98
xp8.xnand_s2.xpex.en__t1                     0
xp8.xnand_s2.xpex.vdd__t2                 1.98
xp8.xnand_s2.xpex.vdd__t0                 1.98
xp8.xnand_s2.xpex.vdd__t3                 1.98
xp8.xnand_s2.xpex.a__t1            2.37375e-05
xp8.xnand_s2.xpex.y__t2                   1.98
xp8.xnand_s2.xpex.vdd__t1                 1.98
xp8.xnand_s2.xpex.n2                 0.0218919
xp8.qb                                    1.98
xp8.xtg_fbs.xpex.a__t0                    1.98
xp8.xtg_fbs.xpex.ctrlb__t0                1.98
xp8.xtg_fbs.xpex.b__t0                    1.98
xp8.xtg_fbs.xpex.vss__t0           3.58389e-09
xp8.xtg_fbs.xpex.a__t1                    1.98
xp8.xtg_fbs.xpex.ctrl__t0                    0
xp8.xtg_fbs.xpex.b__t1                    1.98
xp8.xtg_fbs.xpex.vdd__t0                  1.98
xp9.xinv_clk.xpex.y__t0                   1.98
xp9.xinv_clk.xpex.a__t0                      0
xp9.xinv_clk.xpex.vss__t0          4.78937e-11
xp9.xinv_clk.xpex.vss__t1          1.16394e-09
xp9.xinv_clk.xpex.y__t1                   1.98
xp9.xinv_clk.xpex.a__t1                      0
xp9.xinv_clk.xpex.vdd__t0                 1.98
xp9.xinv_clk.xpex.vdd__t1                 1.98
xp9.clkb                                  1.98
xp9.xtg_d.xpex.a__t0                6.8869e-09
xp9.xtg_d.xpex.ctrlb__t0                  1.98
xp9.xtg_d.xpex.b__t0               1.19364e-07
xp9.xtg_d.xpex.vss__t0             4.29406e-15
xp9.xtg_d.xpex.a__t1                3.1103e-09
xp9.xtg_d.xpex.ctrl__t0                      0
xp9.xtg_d.xpex.b__t1               1.27556e-07
xp9.xtg_d.xpex.vdd__t0                    1.98
xp9.m                              1.25007e-07
xp9.xnand_m.xpex.n2__t0              0.0218841
xp9.xnand_m.xpex.en__t0                      0
xp9.xnand_m.xpex.vss__t0            3.2932e-11
xp9.xnand_m.xpex.vss__t1           1.40063e-10
xp9.xnand_m.xpex.y__t0                    1.98
xp9.xnand_m.xpex.a__t0             1.25007e-07
xp9.xnand_m.xpex.n2__t1              0.0218841
xp9.xnand_m.xpex.vss__t2           2.17035e-09
xp9.xnand_m.xpex.y__t1                    1.98
xp9.xnand_m.xpex.en__t1                      0
xp9.xnand_m.xpex.vdd__t2                  1.98
xp9.xnand_m.xpex.vdd__t0                  1.98
xp9.xnand_m.xpex.vdd__t3                  1.98
xp9.xnand_m.xpex.a__t1             1.25007e-07
xp9.xnand_m.xpex.y__t2                    1.98
xp9.xnand_m.xpex.vdd__t1                  1.98
xp9.xnand_m.xpex.n2                  0.0218841
xp9.mb                                    1.98
xp9.xinv_mc.xpex.y__t0             2.24665e-05
xp9.xinv_mc.xpex.a__t0                    1.98
xp9.xinv_mc.xpex.vss__t0           6.12718e-07
xp9.xinv_mc.xpex.vss__t1           5.09759e-13
xp9.xinv_mc.xpex.y__t1             2.51389e-05
xp9.xinv_mc.xpex.a__t1                    1.98
xp9.xinv_mc.xpex.vdd__t0                  1.98
xp9.xinv_mc.xpex.vdd__t1                  1.98
xp9.mc                             2.38046e-05
xp9.xtg_fbm.xpex.a__t0             2.38046e-05
xp9.xtg_fbm.xpex.ctrlb__t0                   0
xp9.xtg_fbm.xpex.b__t0             1.25007e-07
xp9.xtg_fbm.xpex.vss__t0           8.13678e-13
xp9.xtg_fbm.xpex.a__t1             2.38083e-05
xp9.xtg_fbm.xpex.ctrl__t0                 1.98
xp9.xtg_fbm.xpex.b__t1             1.28102e-07
xp9.xtg_fbm.xpex.vdd__t0                  1.98
xp9.xtg_s.xpex.a__t0                      1.98
xp9.xtg_s.xpex.ctrlb__t0                     0
xp9.xtg_s.xpex.b__t0                      1.98
xp9.xtg_s.xpex.vss__t0             3.58389e-09
xp9.xtg_s.xpex.a__t1                      1.98
xp9.xtg_s.xpex.ctrl__t0                   1.98
xp9.xtg_s.xpex.b__t1                      1.98
xp9.xtg_s.xpex.vdd__t0                    1.98
xp9.s                                     1.98
xp9.xinv_q.xpex.y__t0              2.24032e-05
xp9.xinv_q.xpex.a__t0                     1.98
xp9.xinv_q.xpex.vss__t0            6.10991e-07
xp9.xinv_q.xpex.vss__t1            5.08322e-13
xp9.xinv_q.xpex.y__t1              2.50718e-05
xp9.xinv_q.xpex.a__t1                     1.98
xp9.xinv_q.xpex.vdd__t0                   1.98
xp9.xinv_q.xpex.vdd__t1                   1.98
qp9                                2.37375e-05
xp9.xnand_s2.xpex.n2__t0             0.0218919
xp9.xnand_s2.xpex.en__t0                     0
xp9.xnand_s2.xpex.vss__t0          3.29412e-11
xp9.xnand_s2.xpex.vss__t1          1.40102e-10
xp9.xnand_s2.xpex.y__t0                   1.98
xp9.xnand_s2.xpex.a__t0            2.37375e-05
xp9.xnand_s2.xpex.n2__t1             0.0218919
xp9.xnand_s2.xpex.vss__t2          2.17043e-09
xp9.xnand_s2.xpex.y__t1                   1.98
xp9.xnand_s2.xpex.en__t1                     0
xp9.xnand_s2.xpex.vdd__t2                 1.98
xp9.xnand_s2.xpex.vdd__t0                 1.98
xp9.xnand_s2.xpex.vdd__t3                 1.98
xp9.xnand_s2.xpex.a__t1            2.37375e-05
xp9.xnand_s2.xpex.y__t2                   1.98
xp9.xnand_s2.xpex.vdd__t1                 1.98
xp9.xnand_s2.xpex.n2                 0.0218919
xp9.qb                                    1.98
xp9.xtg_fbs.xpex.a__t0                    1.98
xp9.xtg_fbs.xpex.ctrlb__t0                1.98
xp9.xtg_fbs.xpex.b__t0                    1.98
xp9.xtg_fbs.xpex.vss__t0           3.58389e-09
xp9.xtg_fbs.xpex.a__t1                    1.98
xp9.xtg_fbs.xpex.ctrl__t0                    0
xp9.xtg_fbs.xpex.b__t1                    1.98
xp9.xtg_fbs.xpex.vdd__t0                  1.98
xp10.xinv_clk.xpex.y__t0                  1.98
xp10.xinv_clk.xpex.a__t0                     0
xp10.xinv_clk.xpex.vss__t0         4.78937e-11
xp10.xinv_clk.xpex.vss__t1         1.16394e-09
xp10.xinv_clk.xpex.y__t1                  1.98
xp10.xinv_clk.xpex.a__t1                     0
xp10.xinv_clk.xpex.vdd__t0                1.98
xp10.xinv_clk.xpex.vdd__t1                1.98
xp10.clkb                                 1.98
xp10.xtg_d.xpex.a__t0               6.8869e-09
xp10.xtg_d.xpex.ctrlb__t0                 1.98
xp10.xtg_d.xpex.b__t0              1.19364e-07
xp10.xtg_d.xpex.vss__t0            4.29406e-15
xp10.xtg_d.xpex.a__t1               3.1103e-09
xp10.xtg_d.xpex.ctrl__t0                     0
xp10.xtg_d.xpex.b__t1              1.27556e-07
xp10.xtg_d.xpex.vdd__t0                   1.98
xp10.m                             1.25007e-07
xp10.xnand_m.xpex.n2__t0             0.0218841
xp10.xnand_m.xpex.en__t0                     0
xp10.xnand_m.xpex.vss__t0           3.2932e-11
xp10.xnand_m.xpex.vss__t1          1.40063e-10
xp10.xnand_m.xpex.y__t0                   1.98
xp10.xnand_m.xpex.a__t0            1.25007e-07
xp10.xnand_m.xpex.n2__t1             0.0218841
xp10.xnand_m.xpex.vss__t2          2.17035e-09
xp10.xnand_m.xpex.y__t1                   1.98
xp10.xnand_m.xpex.en__t1                     0
xp10.xnand_m.xpex.vdd__t2                 1.98
xp10.xnand_m.xpex.vdd__t0                 1.98
xp10.xnand_m.xpex.vdd__t3                 1.98
xp10.xnand_m.xpex.a__t1            1.25007e-07
xp10.xnand_m.xpex.y__t2                   1.98
xp10.xnand_m.xpex.vdd__t1                 1.98
xp10.xnand_m.xpex.n2                 0.0218841
xp10.mb                                   1.98
xp10.xinv_mc.xpex.y__t0            2.24665e-05
xp10.xinv_mc.xpex.a__t0                   1.98
xp10.xinv_mc.xpex.vss__t0          6.12718e-07
xp10.xinv_mc.xpex.vss__t1          5.09759e-13
xp10.xinv_mc.xpex.y__t1            2.51389e-05
xp10.xinv_mc.xpex.a__t1                   1.98
xp10.xinv_mc.xpex.vdd__t0                 1.98
xp10.xinv_mc.xpex.vdd__t1                 1.98
xp10.mc                            2.38046e-05
xp10.xtg_fbm.xpex.a__t0            2.38046e-05
xp10.xtg_fbm.xpex.ctrlb__t0                  0
xp10.xtg_fbm.xpex.b__t0            1.25007e-07
xp10.xtg_fbm.xpex.vss__t0          8.13678e-13
xp10.xtg_fbm.xpex.a__t1            2.38083e-05
xp10.xtg_fbm.xpex.ctrl__t0                1.98
xp10.xtg_fbm.xpex.b__t1            1.28102e-07
xp10.xtg_fbm.xpex.vdd__t0                 1.98
xp10.xtg_s.xpex.a__t0                     1.98
xp10.xtg_s.xpex.ctrlb__t0                    0
xp10.xtg_s.xpex.b__t0                     1.98
xp10.xtg_s.xpex.vss__t0            3.58389e-09
xp10.xtg_s.xpex.a__t1                     1.98
xp10.xtg_s.xpex.ctrl__t0                  1.98
xp10.xtg_s.xpex.b__t1                     1.98
xp10.xtg_s.xpex.vdd__t0                   1.98
xp10.s                                    1.98
xp10.xinv_q.xpex.y__t0             2.24032e-05
xp10.xinv_q.xpex.a__t0                    1.98
xp10.xinv_q.xpex.vss__t0           6.10991e-07
xp10.xinv_q.xpex.vss__t1           5.08322e-13
xp10.xinv_q.xpex.y__t1             2.50718e-05
xp10.xinv_q.xpex.a__t1                    1.98
xp10.xinv_q.xpex.vdd__t0                  1.98
xp10.xinv_q.xpex.vdd__t1                  1.98
qp10                               2.37375e-05
xp10.xnand_s2.xpex.n2__t0            0.0218919
xp10.xnand_s2.xpex.en__t0                    0
xp10.xnand_s2.xpex.vss__t0         3.29412e-11
xp10.xnand_s2.xpex.vss__t1         1.40102e-10
xp10.xnand_s2.xpex.y__t0                  1.98
xp10.xnand_s2.xpex.a__t0           2.37375e-05
xp10.xnand_s2.xpex.n2__t1            0.0218919
xp10.xnand_s2.xpex.vss__t2         2.17043e-09
xp10.xnand_s2.xpex.y__t1                  1.98
xp10.xnand_s2.xpex.en__t1                    0
xp10.xnand_s2.xpex.vdd__t2                1.98
xp10.xnand_s2.xpex.vdd__t0                1.98
xp10.xnand_s2.xpex.vdd__t3                1.98
xp10.xnand_s2.xpex.a__t1           2.37375e-05
xp10.xnand_s2.xpex.y__t2                  1.98
xp10.xnand_s2.xpex.vdd__t1                1.98
xp10.xnand_s2.xpex.n2                0.0218919
xp10.qb                                   1.98
xp10.xtg_fbs.xpex.a__t0                   1.98
xp10.xtg_fbs.xpex.ctrlb__t0               1.98
xp10.xtg_fbs.xpex.b__t0                   1.98
xp10.xtg_fbs.xpex.vss__t0          3.58389e-09
xp10.xtg_fbs.xpex.a__t1                   1.98
xp10.xtg_fbs.xpex.ctrl__t0                   0
xp10.xtg_fbs.xpex.b__t1                   1.98
xp10.xtg_fbs.xpex.vdd__t0                 1.98
xp11.xinv_clk.xpex.y__t0                  1.98
xp11.xinv_clk.xpex.a__t0                     0
xp11.xinv_clk.xpex.vss__t0         4.78937e-11
xp11.xinv_clk.xpex.vss__t1         1.16394e-09
xp11.xinv_clk.xpex.y__t1                  1.98
xp11.xinv_clk.xpex.a__t1                     0
xp11.xinv_clk.xpex.vdd__t0                1.98
xp11.xinv_clk.xpex.vdd__t1                1.98
xp11.clkb                                 1.98
xp11.xtg_d.xpex.a__t0               6.8869e-09
xp11.xtg_d.xpex.ctrlb__t0                 1.98
xp11.xtg_d.xpex.b__t0              1.19364e-07
xp11.xtg_d.xpex.vss__t0            4.29406e-15
xp11.xtg_d.xpex.a__t1               3.1103e-09
xp11.xtg_d.xpex.ctrl__t0                     0
xp11.xtg_d.xpex.b__t1              1.27556e-07
xp11.xtg_d.xpex.vdd__t0                   1.98
xp11.m                             1.25007e-07
xp11.xnand_m.xpex.n2__t0             0.0218841
xp11.xnand_m.xpex.en__t0                     0
xp11.xnand_m.xpex.vss__t0           3.2932e-11
xp11.xnand_m.xpex.vss__t1          1.40063e-10
xp11.xnand_m.xpex.y__t0                   1.98
xp11.xnand_m.xpex.a__t0            1.25007e-07
xp11.xnand_m.xpex.n2__t1             0.0218841
xp11.xnand_m.xpex.vss__t2          2.17035e-09
xp11.xnand_m.xpex.y__t1                   1.98
xp11.xnand_m.xpex.en__t1                     0
xp11.xnand_m.xpex.vdd__t2                 1.98
xp11.xnand_m.xpex.vdd__t0                 1.98
xp11.xnand_m.xpex.vdd__t3                 1.98
xp11.xnand_m.xpex.a__t1            1.25007e-07
xp11.xnand_m.xpex.y__t2                   1.98
xp11.xnand_m.xpex.vdd__t1                 1.98
xp11.xnand_m.xpex.n2                 0.0218841
xp11.mb                                   1.98
xp11.xinv_mc.xpex.y__t0            2.24665e-05
xp11.xinv_mc.xpex.a__t0                   1.98
xp11.xinv_mc.xpex.vss__t0          6.12718e-07
xp11.xinv_mc.xpex.vss__t1          5.09759e-13
xp11.xinv_mc.xpex.y__t1            2.51389e-05
xp11.xinv_mc.xpex.a__t1                   1.98
xp11.xinv_mc.xpex.vdd__t0                 1.98
xp11.xinv_mc.xpex.vdd__t1                 1.98
xp11.mc                            2.38046e-05
xp11.xtg_fbm.xpex.a__t0            2.38046e-05
xp11.xtg_fbm.xpex.ctrlb__t0                  0
xp11.xtg_fbm.xpex.b__t0            1.25007e-07
xp11.xtg_fbm.xpex.vss__t0          8.13678e-13
xp11.xtg_fbm.xpex.a__t1            2.38083e-05
xp11.xtg_fbm.xpex.ctrl__t0                1.98
xp11.xtg_fbm.xpex.b__t1            1.28102e-07
xp11.xtg_fbm.xpex.vdd__t0                 1.98
xp11.xtg_s.xpex.a__t0                     1.98
xp11.xtg_s.xpex.ctrlb__t0                    0
xp11.xtg_s.xpex.b__t0                     1.98
xp11.xtg_s.xpex.vss__t0            3.58389e-09
xp11.xtg_s.xpex.a__t1                     1.98
xp11.xtg_s.xpex.ctrl__t0                  1.98
xp11.xtg_s.xpex.b__t1                     1.98
xp11.xtg_s.xpex.vdd__t0                   1.98
xp11.s                                    1.98
xp11.xinv_q.xpex.y__t0             2.24032e-05
xp11.xinv_q.xpex.a__t0                    1.98
xp11.xinv_q.xpex.vss__t0           6.10991e-07
xp11.xinv_q.xpex.vss__t1           5.08322e-13
xp11.xinv_q.xpex.y__t1             2.50718e-05
xp11.xinv_q.xpex.a__t1                    1.98
xp11.xinv_q.xpex.vdd__t0                  1.98
xp11.xinv_q.xpex.vdd__t1                  1.98
qp11                               2.37375e-05
xp11.xnand_s2.xpex.n2__t0            0.0218919
xp11.xnand_s2.xpex.en__t0                    0
xp11.xnand_s2.xpex.vss__t0         3.29412e-11
xp11.xnand_s2.xpex.vss__t1         1.40102e-10
xp11.xnand_s2.xpex.y__t0                  1.98
xp11.xnand_s2.xpex.a__t0           2.37375e-05
xp11.xnand_s2.xpex.n2__t1            0.0218919
xp11.xnand_s2.xpex.vss__t2         2.17043e-09
xp11.xnand_s2.xpex.y__t1                  1.98
xp11.xnand_s2.xpex.en__t1                    0
xp11.xnand_s2.xpex.vdd__t2                1.98
xp11.xnand_s2.xpex.vdd__t0                1.98
xp11.xnand_s2.xpex.vdd__t3                1.98
xp11.xnand_s2.xpex.a__t1           2.37375e-05
xp11.xnand_s2.xpex.y__t2                  1.98
xp11.xnand_s2.xpex.vdd__t1                1.98
xp11.xnand_s2.xpex.n2                0.0218919
xp11.qb                                   1.98
xp11.xtg_fbs.xpex.a__t0                   1.98
xp11.xtg_fbs.xpex.ctrlb__t0               1.98
xp11.xtg_fbs.xpex.b__t0                   1.98
xp11.xtg_fbs.xpex.vss__t0          3.58389e-09
xp11.xtg_fbs.xpex.a__t1                   1.98
xp11.xtg_fbs.xpex.ctrl__t0                   0
xp11.xtg_fbs.xpex.b__t1                   1.98
xp11.xtg_fbs.xpex.vdd__t0                 1.98
xp12.xinv_clk.xpex.y__t0                  1.98
xp12.xinv_clk.xpex.a__t0                     0
xp12.xinv_clk.xpex.vss__t0         4.78937e-11
xp12.xinv_clk.xpex.vss__t1         1.16394e-09
xp12.xinv_clk.xpex.y__t1                  1.98
xp12.xinv_clk.xpex.a__t1                     0
xp12.xinv_clk.xpex.vdd__t0                1.98
xp12.xinv_clk.xpex.vdd__t1                1.98
xp12.clkb                                 1.98
xp12.xtg_d.xpex.a__t0               6.8869e-09
xp12.xtg_d.xpex.ctrlb__t0                 1.98
xp12.xtg_d.xpex.b__t0              1.19364e-07
xp12.xtg_d.xpex.vss__t0            4.29406e-15
xp12.xtg_d.xpex.a__t1               3.1103e-09
xp12.xtg_d.xpex.ctrl__t0                     0
xp12.xtg_d.xpex.b__t1              1.27556e-07
xp12.xtg_d.xpex.vdd__t0                   1.98
xp12.m                             1.25007e-07
xp12.xnand_m.xpex.n2__t0             0.0218841
xp12.xnand_m.xpex.en__t0                     0
xp12.xnand_m.xpex.vss__t0           3.2932e-11
xp12.xnand_m.xpex.vss__t1          1.40063e-10
xp12.xnand_m.xpex.y__t0                   1.98
xp12.xnand_m.xpex.a__t0            1.25007e-07
xp12.xnand_m.xpex.n2__t1             0.0218841
xp12.xnand_m.xpex.vss__t2          2.17035e-09
xp12.xnand_m.xpex.y__t1                   1.98
xp12.xnand_m.xpex.en__t1                     0
xp12.xnand_m.xpex.vdd__t2                 1.98
xp12.xnand_m.xpex.vdd__t0                 1.98
xp12.xnand_m.xpex.vdd__t3                 1.98
xp12.xnand_m.xpex.a__t1            1.25007e-07
xp12.xnand_m.xpex.y__t2                   1.98
xp12.xnand_m.xpex.vdd__t1                 1.98
xp12.xnand_m.xpex.n2                 0.0218841
xp12.mb                                   1.98
xp12.xinv_mc.xpex.y__t0            2.24665e-05
xp12.xinv_mc.xpex.a__t0                   1.98
xp12.xinv_mc.xpex.vss__t0          6.12718e-07
xp12.xinv_mc.xpex.vss__t1          5.09759e-13
xp12.xinv_mc.xpex.y__t1            2.51389e-05
xp12.xinv_mc.xpex.a__t1                   1.98
xp12.xinv_mc.xpex.vdd__t0                 1.98
xp12.xinv_mc.xpex.vdd__t1                 1.98
xp12.mc                            2.38046e-05
xp12.xtg_fbm.xpex.a__t0            2.38046e-05
xp12.xtg_fbm.xpex.ctrlb__t0                  0
xp12.xtg_fbm.xpex.b__t0            1.25007e-07
xp12.xtg_fbm.xpex.vss__t0          8.13678e-13
xp12.xtg_fbm.xpex.a__t1            2.38083e-05
xp12.xtg_fbm.xpex.ctrl__t0                1.98
xp12.xtg_fbm.xpex.b__t1            1.28102e-07
xp12.xtg_fbm.xpex.vdd__t0                 1.98
xp12.xtg_s.xpex.a__t0                     1.98
xp12.xtg_s.xpex.ctrlb__t0                    0
xp12.xtg_s.xpex.b__t0                     1.98
xp12.xtg_s.xpex.vss__t0            3.58389e-09
xp12.xtg_s.xpex.a__t1                     1.98
xp12.xtg_s.xpex.ctrl__t0                  1.98
xp12.xtg_s.xpex.b__t1                     1.98
xp12.xtg_s.xpex.vdd__t0                   1.98
xp12.s                                    1.98
xp12.xinv_q.xpex.y__t0             2.24032e-05
xp12.xinv_q.xpex.a__t0                    1.98
xp12.xinv_q.xpex.vss__t0           6.10991e-07
xp12.xinv_q.xpex.vss__t1           5.08322e-13
xp12.xinv_q.xpex.y__t1             2.50718e-05
xp12.xinv_q.xpex.a__t1                    1.98
xp12.xinv_q.xpex.vdd__t0                  1.98
xp12.xinv_q.xpex.vdd__t1                  1.98
qp12                               2.37375e-05
xp12.xnand_s2.xpex.n2__t0            0.0218919
xp12.xnand_s2.xpex.en__t0                    0
xp12.xnand_s2.xpex.vss__t0         3.29412e-11
xp12.xnand_s2.xpex.vss__t1         1.40102e-10
xp12.xnand_s2.xpex.y__t0                  1.98
xp12.xnand_s2.xpex.a__t0           2.37375e-05
xp12.xnand_s2.xpex.n2__t1            0.0218919
xp12.xnand_s2.xpex.vss__t2         2.17043e-09
xp12.xnand_s2.xpex.y__t1                  1.98
xp12.xnand_s2.xpex.en__t1                    0
xp12.xnand_s2.xpex.vdd__t2                1.98
xp12.xnand_s2.xpex.vdd__t0                1.98
xp12.xnand_s2.xpex.vdd__t3                1.98
xp12.xnand_s2.xpex.a__t1           2.37375e-05
xp12.xnand_s2.xpex.y__t2                  1.98
xp12.xnand_s2.xpex.vdd__t1                1.98
xp12.xnand_s2.xpex.n2                0.0218919
xp12.qb                                   1.98
xp12.xtg_fbs.xpex.a__t0                   1.98
xp12.xtg_fbs.xpex.ctrlb__t0               1.98
xp12.xtg_fbs.xpex.b__t0                   1.98
xp12.xtg_fbs.xpex.vss__t0          3.58389e-09
xp12.xtg_fbs.xpex.a__t1                   1.98
xp12.xtg_fbs.xpex.ctrl__t0                   0
xp12.xtg_fbs.xpex.b__t1                   1.98
xp12.xtg_fbs.xpex.vdd__t0                 1.98
vddq                                      1.98
xq1.clkb                                  1.98
xq1.m                              1.07609e-07
xq1.mb                                    1.98
xq1.mmid                             0.0152746
xq1.mc                             2.48505e-05
xq1.s                                     1.98
qq1                                2.47905e-05
xq1.qb                                    1.98
xq1.s2mid                            0.0152807
xq2.clkb                                  1.98
xq2.m                              1.07609e-07
xq2.mb                                    1.98
xq2.mmid                             0.0152746
xq2.mc                             2.48505e-05
xq2.s                                     1.98
qq2                                2.47905e-05
xq2.qb                                    1.98
xq2.s2mid                            0.0152807
xq3.clkb                                  1.98
xq3.m                              1.07609e-07
xq3.mb                                    1.98
xq3.mmid                             0.0152746
xq3.mc                             2.48505e-05
xq3.s                                     1.98
qq3                                2.47905e-05
xq3.qb                                    1.98
xq3.s2mid                            0.0152807
xq4.clkb                                  1.98
xq4.m                              1.07609e-07
xq4.mb                                    1.98
xq4.mmid                             0.0152746
xq4.mc                             2.48505e-05
xq4.s                                     1.98
qq4                                2.47905e-05
xq4.qb                                    1.98
xq4.s2mid                            0.0152807
xq5.clkb                                  1.98
xq5.m                              1.07609e-07
xq5.mb                                    1.98
xq5.mmid                             0.0152746
xq5.mc                             2.48505e-05
xq5.s                                     1.98
qq5                                2.47905e-05
xq5.qb                                    1.98
xq5.s2mid                            0.0152807
xq6.clkb                                  1.98
xq6.m                              1.07609e-07
xq6.mb                                    1.98
xq6.mmid                             0.0152746
xq6.mc                             2.48505e-05
xq6.s                                     1.98
qq6                                2.47905e-05
xq6.qb                                    1.98
xq6.s2mid                            0.0152807
xq7.clkb                                  1.98
xq7.m                              1.07609e-07
xq7.mb                                    1.98
xq7.mmid                             0.0152746
xq7.mc                             2.48505e-05
xq7.s                                     1.98
qq7                                2.47905e-05
xq7.qb                                    1.98
xq7.s2mid                            0.0152807
xq8.clkb                                  1.98
xq8.m                              1.07609e-07
xq8.mb                                    1.98
xq8.mmid                             0.0152746
xq8.mc                             2.48505e-05
xq8.s                                     1.98
qq8                                2.47905e-05
xq8.qb                                    1.98
xq8.s2mid                            0.0152807
xq9.clkb                                  1.98
xq9.m                              1.07609e-07
xq9.mb                                    1.98
xq9.mmid                             0.0152746
xq9.mc                             2.48505e-05
xq9.s                                     1.98
qq9                                2.47905e-05
xq9.qb                                    1.98
xq9.s2mid                            0.0152807
xq10.clkb                                 1.98
xq10.m                             1.07609e-07
xq10.mb                                   1.98
xq10.mmid                            0.0152746
xq10.mc                            2.48505e-05
xq10.s                                    1.98
qq10                               2.47905e-05
xq10.qb                                   1.98
xq10.s2mid                           0.0152807
xq11.clkb                                 1.98
xq11.m                             1.07609e-07
xq11.mb                                   1.98
xq11.mmid                            0.0152746
xq11.mc                            2.48505e-05
xq11.s                                    1.98
qq11                               2.47905e-05
xq11.qb                                   1.98
xq11.s2mid                           0.0152807
xq12.clkb                                 1.98
xq12.m                             1.07609e-07
xq12.mb                                   1.98
xq12.mmid                            0.0152746
xq12.mc                            2.48505e-05
xq12.s                                    1.98
qq12                               2.47905e-05
xq12.qb                                   1.98
xq12.s2mid                           0.0152807
vddl                                      1.98
xlp1.xpex.y__t0                           1.98
xlp1.xpex.a__t0                    2.37375e-05
xlp1.xpex.vss__t0                  4.79199e-11
xlp1.xpex.vss__t1                  1.16394e-09
xlp1.xpex.y__t1                           1.98
xlp1.xpex.a__t1                    2.37375e-05
xlp1.xpex.vdd__t0                         1.98
xlp1.xpex.vdd__t1                         1.98
qpb1                                      1.98
xlp2.xpex.y__t0                           1.98
xlp2.xpex.a__t0                    2.37375e-05
xlp2.xpex.vss__t0                  4.79199e-11
xlp2.xpex.vss__t1                  1.16394e-09
xlp2.xpex.y__t1                           1.98
xlp2.xpex.a__t1                    2.37375e-05
xlp2.xpex.vdd__t0                         1.98
xlp2.xpex.vdd__t1                         1.98
qpb2                                      1.98
xlp3.xpex.y__t0                           1.98
xlp3.xpex.a__t0                    2.37375e-05
xlp3.xpex.vss__t0                  4.79199e-11
xlp3.xpex.vss__t1                  1.16394e-09
xlp3.xpex.y__t1                           1.98
xlp3.xpex.a__t1                    2.37375e-05
xlp3.xpex.vdd__t0                         1.98
xlp3.xpex.vdd__t1                         1.98
qpb3                                      1.98
xlp4.xpex.y__t0                           1.98
xlp4.xpex.a__t0                    2.37375e-05
xlp4.xpex.vss__t0                  4.79199e-11
xlp4.xpex.vss__t1                  1.16394e-09
xlp4.xpex.y__t1                           1.98
xlp4.xpex.a__t1                    2.37375e-05
xlp4.xpex.vdd__t0                         1.98
xlp4.xpex.vdd__t1                         1.98
qpb4                                      1.98
xlp5.xpex.y__t0                           1.98
xlp5.xpex.a__t0                    2.37375e-05
xlp5.xpex.vss__t0                  4.79199e-11
xlp5.xpex.vss__t1                  1.16394e-09
xlp5.xpex.y__t1                           1.98
xlp5.xpex.a__t1                    2.37375e-05
xlp5.xpex.vdd__t0                         1.98
xlp5.xpex.vdd__t1                         1.98
qpb5                                      1.98
xlp6.xpex.y__t0                           1.98
xlp6.xpex.a__t0                    2.37375e-05
xlp6.xpex.vss__t0                  4.79199e-11
xlp6.xpex.vss__t1                  1.16394e-09
xlp6.xpex.y__t1                           1.98
xlp6.xpex.a__t1                    2.37375e-05
xlp6.xpex.vdd__t0                         1.98
xlp6.xpex.vdd__t1                         1.98
qpb6                                      1.98
xlp7.xpex.y__t0                           1.98
xlp7.xpex.a__t0                    2.37375e-05
xlp7.xpex.vss__t0                  4.79199e-11
xlp7.xpex.vss__t1                  1.16394e-09
xlp7.xpex.y__t1                           1.98
xlp7.xpex.a__t1                    2.37375e-05
xlp7.xpex.vdd__t0                         1.98
xlp7.xpex.vdd__t1                         1.98
qpb7                                      1.98
xlp8.xpex.y__t0                           1.98
xlp8.xpex.a__t0                    2.37375e-05
xlp8.xpex.vss__t0                  4.79199e-11
xlp8.xpex.vss__t1                  1.16394e-09
xlp8.xpex.y__t1                           1.98
xlp8.xpex.a__t1                    2.37375e-05
xlp8.xpex.vdd__t0                         1.98
xlp8.xpex.vdd__t1                         1.98
qpb8                                      1.98
xlp9.xpex.y__t0                           1.98
xlp9.xpex.a__t0                    2.37375e-05
xlp9.xpex.vss__t0                  4.79199e-11
xlp9.xpex.vss__t1                  1.16394e-09
xlp9.xpex.y__t1                           1.98
xlp9.xpex.a__t1                    2.37375e-05
xlp9.xpex.vdd__t0                         1.98
xlp9.xpex.vdd__t1                         1.98
qpb9                                      1.98
xlp10.xpex.y__t0                          1.98
xlp10.xpex.a__t0                   2.37375e-05
xlp10.xpex.vss__t0                 4.79199e-11
xlp10.xpex.vss__t1                 1.16394e-09
xlp10.xpex.y__t1                          1.98
xlp10.xpex.a__t1                   2.37375e-05
xlp10.xpex.vdd__t0                        1.98
xlp10.xpex.vdd__t1                        1.98
qpb10                                     1.98
xlp11.xpex.y__t0                          1.98
xlp11.xpex.a__t0                   2.37375e-05
xlp11.xpex.vss__t0                 4.79199e-11
xlp11.xpex.vss__t1                 1.16394e-09
xlp11.xpex.y__t1                          1.98
xlp11.xpex.a__t1                   2.37375e-05
xlp11.xpex.vdd__t0                        1.98
xlp11.xpex.vdd__t1                        1.98
qpb11                                     1.98
xlp12.xpex.y__t0                          1.98
xlp12.xpex.a__t0                   2.37375e-05
xlp12.xpex.vss__t0                 4.79199e-11
xlp12.xpex.vss__t1                 1.16394e-09
xlp12.xpex.y__t1                          1.98
xlp12.xpex.a__t1                   2.37375e-05
xlp12.xpex.vdd__t0                        1.98
xlp12.xpex.vdd__t1                        1.98
qpb12                                     1.98
qqb1                                      1.98
qqb2                                      1.98
qqb3                                      1.98
qqb4                                      1.98
qqb5                                      1.98
qqb6                                      1.98
qqb7                                      1.98
qqb8                                      1.98
qqb9                                      1.98
qqb10                                     1.98
qqb11                                     1.98
qqb12                                     1.98
vddl#branch                       -2.67471e-10
vddq#branch                       -1.55867e-07
vddp#branch                       -1.56341e-07
vd12#branch                        8.83626e-11
vd11#branch                        8.83626e-11
vd10#branch                        8.83626e-11
vd9#branch                         8.83626e-11
vd8#branch                         8.83626e-11
vd7#branch                         8.83626e-11
vd6#branch                         8.83626e-11
vd5#branch                         8.83626e-11
vd4#branch                         8.83626e-11
vd3#branch                         8.83626e-11
vd2#branch                         8.83626e-11
vd1#branch                         8.83626e-11
vrstn#branch                                 0
vclk#branch                                  0
vsub#branch                                  0

 Reference value :  0.00000e+00
 Reference value :  3.64000e-11
 Reference value :  1.16400e-10
 Reference value :  1.81400e-10
 Reference value :  2.56400e-10
 Reference value :  3.26400e-10
 Reference value :  4.06400e-10
 Reference value :  4.81400e-10
 Reference value :  5.56400e-10
 Reference value :  6.36400e-10
 Reference value :  6.81400e-10
 Reference value :  7.41400e-10
 Reference value :  7.81400e-10
 Reference value :  8.01400e-10
 Reference value :  8.21400e-10
 Reference value :  8.61400e-10
 Reference value :  9.26400e-10
 Reference value :  1.00640e-09
 Reference value :  1.07640e-09
 Reference value :  1.14640e-09
 Reference value :  1.20640e-09
 Reference value :  1.26140e-09
 Reference value :  1.30640e-09
 Reference value :  1.37640e-09
 Reference value :  1.45140e-09
 Reference value :  1.50640e-09
 Reference value :  1.56140e-09
 Reference value :  1.63140e-09
 Reference value :  1.70640e-09
 Reference value :  1.78640e-09
 Reference value :  1.81140e-09
 Reference value :  1.85140e-09
 Reference value :  1.91140e-09
 Reference value :  1.98640e-09
 Reference value :  2.05640e-09
 Reference value :  2.13140e-09
 Reference value :  2.20640e-09
 Reference value :  2.23640e-09
 Reference value :  2.27140e-09
 Reference value :  2.33640e-09
 Reference value :  2.40640e-09
 Reference value :  2.47140e-09
 Reference value :  2.54640e-09
 Reference value :  2.61640e-09
 Reference value :  2.69140e-09
 Reference value :  2.76640e-09
 Reference value :  2.81640e-09
 Reference value :  2.87640e-09
 Reference value :  2.93140e-09
 Reference value :  2.98640e-09
 Reference value :  3.01640e-09
 Reference value :  3.06140e-09
 Reference value :  3.08140e-09
 Reference value :  3.11640e-09
 Reference value :  3.18640e-09
 Reference value :  3.23140e-09
 Reference value :  3.29640e-09
 Reference value :  3.37140e-09
 Reference value :  3.39140e-09
 Reference value :  3.46140e-09
 Reference value :  3.53640e-09
 Reference value :  3.58640e-09
 Reference value :  3.65140e-09
 Reference value :  3.71140e-09
 Reference value :  3.76640e-09
 Reference value :  3.84640e-09
 Reference value :  3.91640e-09
 Reference value :  3.99140e-09
 Reference value :  4.06140e-09
 Reference value :  4.13140e-09
 Reference value :  4.20140e-09
 Reference value :  4.26640e-09
 Reference value :  4.31140e-09
 Reference value :  4.35640e-09
 Reference value :  4.43140e-09
 Reference value :  4.50140e-09
 Reference value :  4.58140e-09
 Reference value :  4.65140e-09
 Reference value :  4.70640e-09
 Reference value :  4.74640e-09
 Reference value :  4.82140e-09
 Reference value :  4.90140e-09
 Reference value :  4.97640e-09
 Reference value :  5.05640e-09
 Reference value :  5.11140e-09
 Reference value :  5.15140e-09
 Reference value :  5.20140e-09
 Reference value :  5.28140e-09
 Reference value :  5.35140e-09
 Reference value :  5.42640e-09
 Reference value :  5.49140e-09
 Reference value :  5.54140e-09
 Reference value :  5.58640e-09
 Reference value :  5.63640e-09
 Reference value :  5.71140e-09
 Reference value :  5.77140e-09
 Reference value :  5.85140e-09
 Reference value :  5.92640e-09
 Reference value :  5.97140e-09
 Reference value :  6.05140e-09
 Reference value :  6.11140e-09
 Reference value :  6.18640e-09
 Reference value :  6.25640e-09
 Reference value :  6.33640e-09
 Reference value :  6.41140e-09
 Reference value :  6.45140e-09
 Reference value :  6.49640e-09
 Reference value :  6.54140e-09
 Reference value :  6.62140e-09
 Reference value :  6.68640e-09
 Reference value :  6.76140e-09
 Reference value :  6.83140e-09
 Reference value :  6.88140e-09
 Reference value :  6.93640e-09
 Reference value :  7.01140e-09
 Reference value :  7.09140e-09
 Reference value :  7.16640e-09
 Reference value :  7.22640e-09
 Reference value :  7.26640e-09
 Reference value :  7.34140e-09
 Reference value :  7.41640e-09
 Reference value :  7.49140e-09
 Reference value :  7.57140e-09
 Reference value :  7.63640e-09
 Reference value :  7.71140e-09
 Reference value :  7.76140e-09
 Reference value :  7.81640e-09
 Reference value :  7.89140e-09
 Reference value :  7.96640e-09
 Reference value :  8.02640e-09
 Reference value :  8.09140e-09
 Reference value :  8.16140e-09
 Reference value :  8.23140e-09
 Reference value :  8.27640e-09
 Reference value :  8.34640e-09
 Reference value :  8.39640e-09
 Reference value :  8.46640e-09
 Reference value :  8.54140e-09
 Reference value :  8.61640e-09
 Reference value :  8.68640e-09
 Reference value :  8.72140e-09
 Reference value :  8.74140e-09
 Reference value :  8.80140e-09
 Reference value :  8.86140e-09
 Reference value :  8.90140e-09
 Reference value :  8.92640e-09
 Reference value :  8.95640e-09
 Reference value :  8.97640e-09
 Reference value :  8.99640e-09
 Reference value :  9.01640e-09
 Reference value :  9.03640e-09
 Reference value :  9.05140e-09
 Reference value :  9.09640e-09
 Reference value :  9.12140e-09
 Reference value :  9.14640e-09
 Reference value :  9.20640e-09
 Reference value :  9.24140e-09
 Reference value :  9.27640e-09
 Reference value :  9.30140e-09
 Reference value :  9.34640e-09
 Reference value :  9.38640e-09
 Reference value :  9.46140e-09
 Reference value :  9.53640e-09
 Reference value :  9.59640e-09
 Reference value :  9.65640e-09
 Reference value :  9.70140e-09
 Reference value :  9.75140e-09
 Reference value :  9.82140e-09
 Reference value :  9.85640e-09
 Reference value :  9.93140e-09
 Reference value :  9.96640e-09
 Reference value :  1.00015e-08
 Reference value :  1.00375e-08
 Reference value :  1.01000e-08
 Reference value :  1.01375e-08
 Reference value :  1.02075e-08
 Reference value :  1.02775e-08
 Reference value :  1.03425e-08
 Reference value :  1.04025e-08
 Reference value :  1.04525e-08
 Reference value :  1.04775e-08
 Reference value :  1.05375e-08
 Reference value :  1.05975e-08
 Reference value :  1.06375e-08
 Reference value :  1.06925e-08
 Reference value :  1.07275e-08
 Reference value :  1.07925e-08
 Reference value :  1.08475e-08
 Reference value :  1.09025e-08
 Reference value :  1.09625e-08
 Reference value :  1.09775e-08
 Reference value :  1.10325e-08
 Reference value :  1.10925e-08
 Reference value :  1.11575e-08
 Reference value :  1.12075e-08
 Reference value :  1.12525e-08
 Reference value :  1.13125e-08
 Reference value :  1.13775e-08
 Reference value :  1.14375e-08
 Reference value :  1.14975e-08
 Reference value :  1.15775e-08
 Reference value :  1.16175e-08
 Reference value :  1.16425e-08
 Reference value :  1.16925e-08
 Reference value :  1.17425e-08
 Reference value :  1.18125e-08
 Reference value :  1.18875e-08
 Reference value :  1.19575e-08
 Reference value :  1.20125e-08
 Reference value :  1.20425e-08
 Reference value :  1.21025e-08
 Reference value :  1.21825e-08
 Reference value :  1.22375e-08
 Reference value :  1.22925e-08
 Reference value :  1.23625e-08
 Reference value :  1.24225e-08
 Reference value :  1.24725e-08
 Reference value :  1.25475e-08
 Reference value :  1.26175e-08
 Reference value :  1.26575e-08
 Reference value :  1.27325e-08
 Reference value :  1.28025e-08
 Reference value :  1.28475e-08
 Reference value :  1.28925e-08
 Reference value :  1.29625e-08
 Reference value :  1.30375e-08
 Reference value :  1.31125e-08
 Reference value :  1.31825e-08
 Reference value :  1.32525e-08
 Reference value :  1.33275e-08
 Reference value :  1.33875e-08
 Reference value :  1.34375e-08
 Reference value :  1.35025e-08
 Reference value :  1.35775e-08
 Reference value :  1.36525e-08
 Reference value :  1.37325e-08
 Reference value :  1.38125e-08
 Reference value :  1.38575e-08
 Reference value :  1.39325e-08
 Reference value :  1.40025e-08
 Reference value :  1.40775e-08
 Reference value :  1.41475e-08
 Reference value :  1.42125e-08
 Reference value :  1.42475e-08
 Reference value :  1.43225e-08
 Reference value :  1.43925e-08
 Reference value :  1.44575e-08
 Reference value :  1.45325e-08
 Reference value :  1.46025e-08
 Reference value :  1.46825e-08
 Reference value :  1.47425e-08
 Reference value :  1.47825e-08
 Reference value :  1.48025e-08
 Reference value :  1.48575e-08
 Reference value :  1.49025e-08
 Reference value :  1.49575e-08
 Reference value :  1.50025e-08
 Reference value :  1.50525e-08
 Reference value :  1.51275e-08
 Reference value :  1.51725e-08
 Reference value :  1.52025e-08
 Reference value :  1.52225e-08
 Reference value :  1.52425e-08
 Reference value :  1.52625e-08
 Reference value :  1.53075e-08
 Reference value :  1.53675e-08
 Reference value :  1.54125e-08
 Reference value :  1.54675e-08
 Reference value :  1.55075e-08
 Reference value :  1.55775e-08
 Reference value :  1.56175e-08
 Reference value :  1.56875e-08
 Reference value :  1.57625e-08
 Reference value :  1.58375e-08
 Reference value :  1.59125e-08
 Reference value :  1.59825e-08
 Reference value :  1.60625e-08
 Reference value :  1.61025e-08
 Reference value :  1.61575e-08
 Reference value :  1.62275e-08
 Reference value :  1.63075e-08
 Reference value :  1.63875e-08
 Reference value :  1.64525e-08
 Reference value :  1.65325e-08
 Reference value :  1.66075e-08
 Reference value :  1.66875e-08
 Reference value :  1.67275e-08
 Reference value :  1.68075e-08
 Reference value :  1.68825e-08
 Reference value :  1.69625e-08
 Reference value :  1.70425e-08
 Reference value :  1.70825e-08
 Reference value :  1.71475e-08
 Reference value :  1.71875e-08
 Reference value :  1.72675e-08
 Reference value :  1.73175e-08
 Reference value :  1.73925e-08
 Reference value :  1.74625e-08
 Reference value :  1.75125e-08
 Reference value :  1.75725e-08
 Reference value :  1.76325e-08
 Reference value :  1.77125e-08
 Reference value :  1.77875e-08
 Reference value :  1.78675e-08
 Reference value :  1.79375e-08
 Reference value :  1.79975e-08
 Reference value :  1.80275e-08
 Reference value :  1.81025e-08
 Reference value :  1.81725e-08
 Reference value :  1.82475e-08
 Reference value :  1.83125e-08
 Reference value :  1.83675e-08
 Reference value :  1.84225e-08
 Reference value :  1.84675e-08
 Reference value :  1.85075e-08
 Reference value :  1.85375e-08
 Reference value :  1.86025e-08
 Reference value :  1.86575e-08
 Reference value :  1.87125e-08
 Reference value :  1.87475e-08
 Reference value :  1.87875e-08
 Reference value :  1.88625e-08
 Reference value :  1.89325e-08
 Reference value :  1.90075e-08
 Reference value :  1.90775e-08
 Reference value :  1.91375e-08
 Reference value :  1.92025e-08
 Reference value :  1.92625e-08
 Reference value :  1.93275e-08
 Reference value :  1.93925e-08
 Reference value :  1.94675e-08
 Reference value :  1.95275e-08
 Reference value :  1.95825e-08
 Reference value :  1.96275e-08
 Reference value :  1.97075e-08
 Reference value :  1.97875e-08
 Reference value :  1.98575e-08
 Reference value :  1.99375e-08
 Reference value :  1.99675e-08
 Reference value :  2.00275e-08
 Reference value :  2.01025e-08
 Reference value :  2.01775e-08
 Reference value :  2.02575e-08
 Reference value :  2.02775e-08
 Reference value :  2.03025e-08
 Reference value :  2.03775e-08
 Reference value :  2.04325e-08
 Reference value :  2.04875e-08
 Reference value :  2.05475e-08
 Reference value :  2.05925e-08
 Reference value :  2.06475e-08
 Reference value :  2.07075e-08
 Reference value :  2.07625e-08
 Reference value :  2.07925e-08
 Reference value :  2.08525e-08
 Reference value :  2.09125e-08
 Reference value :  2.09675e-08
 Reference value :  2.10475e-08
 Reference value :  2.11025e-08
 Reference value :  2.11825e-08
 Reference value :  2.12575e-08
 Reference value :  2.13325e-08
 Reference value :  2.13925e-08
 Reference value :  2.14525e-08
 Reference value :  2.15125e-08
 Reference value :  2.15725e-08
 Reference value :  2.16525e-08
 Reference value :  2.17225e-08
 Reference value :  2.17975e-08
 Reference value :  2.18725e-08
 Reference value :  2.19225e-08
 Reference value :  2.19825e-08
 Reference value :  2.20575e-08
 Reference value :  2.21375e-08
 Reference value :  2.22125e-08
 Reference value :  2.22925e-08
 Reference value :  2.23675e-08
 Reference value :  2.24275e-08
 Reference value :  2.24925e-08
 Reference value :  2.25575e-08
 Reference value :  2.26325e-08
 Reference value :  2.27075e-08
 Reference value :  2.27825e-08
 Reference value :  2.28525e-08
 Reference value :  2.29225e-08
 Reference value :  2.29675e-08
 Reference value :  2.30275e-08
 Reference value :  2.31075e-08
 Reference value :  2.31825e-08
 Reference value :  2.32625e-08
 Reference value :  2.33225e-08
 Reference value :  2.33625e-08
 Reference value :  2.34025e-08
 Reference value :  2.34675e-08
 Reference value :  2.35475e-08
 Reference value :  2.36175e-08
 Reference value :  2.36975e-08
 Reference value :  2.37525e-08
 Reference value :  2.38025e-08
 Reference value :  2.38725e-08
 Reference value :  2.39425e-08
 Reference value :  2.40125e-08
 Reference value :  2.40825e-08
 Reference value :  2.41375e-08
 Reference value :  2.41875e-08
 Reference value :  2.42625e-08
 Reference value :  2.43325e-08
 Reference value :  2.44075e-08
 Reference value :  2.44725e-08
 Reference value :  2.45325e-08
 Reference value :  2.45825e-08
 Reference value :  2.46525e-08
 Reference value :  2.47325e-08
 Reference value :  2.48075e-08
 Reference value :  2.48825e-08
 Reference value :  2.49525e-08
 Reference value :  2.50175e-08
 Reference value :  2.50625e-08
 Reference value :  2.51325e-08
 Reference value :  2.52125e-08
 Reference value :  2.52825e-08
 Reference value :  2.53075e-08
 Reference value :  2.53675e-08
 Reference value :  2.53925e-08
 Reference value :  2.54125e-08
 Reference value :  2.54325e-08
 Reference value :  2.55025e-08
 Reference value :  2.55775e-08
 Reference value :  2.56525e-08
 Reference value :  2.57275e-08
 Reference value :  2.57925e-08
 Reference value :  2.58375e-08
 Reference value :  2.59075e-08
 Reference value :  2.59725e-08
 Reference value :  2.60475e-08
 Reference value :  2.61175e-08
 Reference value :  2.61925e-08
 Reference value :  2.62725e-08
 Reference value :  2.63375e-08
 Reference value :  2.63875e-08
 Reference value :  2.64475e-08
 Reference value :  2.65275e-08
 Reference value :  2.65975e-08
 Reference value :  2.66775e-08
 Reference value :  2.67425e-08
 Reference value :  2.68075e-08
 Reference value :  2.68475e-08
 Reference value :  2.69125e-08
 Reference value :  2.69525e-08
 Reference value :  2.70025e-08
 Reference value :  2.70625e-08
 Reference value :  2.71225e-08
 Reference value :  2.71625e-08
 Reference value :  2.71825e-08
 Reference value :  2.72075e-08
 Reference value :  2.72275e-08
 Reference value :  2.72675e-08
 Reference value :  2.73075e-08
 Reference value :  2.73375e-08
 Reference value :  2.73625e-08
 Reference value :  2.74275e-08
 Reference value :  2.74875e-08
 Reference value :  2.75425e-08
 Reference value :  2.75775e-08
 Reference value :  2.76375e-08
 Reference value :  2.76775e-08
 Reference value :  2.77175e-08
 Reference value :  2.77925e-08
 Reference value :  2.78675e-08
 Reference value :  2.79225e-08
 Reference value :  2.79925e-08
 Reference value :  2.80525e-08
 Reference value :  2.81125e-08
 Reference value :  2.81425e-08
 Reference value :  2.81875e-08
 Reference value :  2.82575e-08
 Reference value :  2.83225e-08
 Reference value :  2.83625e-08
 Reference value :  2.84225e-08
 Reference value :  2.84975e-08
 Reference value :  2.85675e-08
 Reference value :  2.86475e-08
 Reference value :  2.87175e-08
 Reference value :  2.87825e-08
 Reference value :  2.88575e-08
 Reference value :  2.89125e-08
 Reference value :  2.89775e-08
 Reference value :  2.90325e-08
 Reference value :  2.90725e-08
 Reference value :  2.91425e-08
 Reference value :  2.92175e-08
 Reference value :  2.92825e-08
 Reference value :  2.93325e-08
 Reference value :  2.94075e-08
 Reference value :  2.94775e-08
 Reference value :  2.95575e-08
 Reference value :  2.96225e-08
 Reference value :  2.96625e-08
 Reference value :  2.96925e-08
 Reference value :  2.97675e-08
 Reference value :  2.97975e-08
 Reference value :  2.98375e-08
 Reference value :  2.99125e-08
 Reference value :  2.99825e-08
 Reference value :  3.00625e-08
 Reference value :  3.01375e-08
 Reference value :  3.02125e-08
 Reference value :  3.02875e-08
 Reference value :  3.03625e-08
 Reference value :  3.04375e-08
 Reference value :  3.04875e-08
 Reference value :  3.05475e-08
 Reference value :  3.06125e-08
 Reference value :  3.06875e-08
 Reference value :  3.07575e-08
 Reference value :  3.08325e-08
 Reference value :  3.09075e-08
 Reference value :  3.09775e-08
 Reference value :  3.10525e-08
 Reference value :  3.11225e-08
 Reference value :  3.11975e-08
 Reference value :  3.12725e-08
 Reference value :  3.13175e-08
 Reference value :  3.13625e-08
 Reference value :  3.14225e-08
 Reference value :  3.14725e-08
 Reference value :  3.15325e-08
 Reference value :  3.15925e-08
 Reference value :  3.16125e-08
 Reference value :  3.16525e-08
 Reference value :  3.17175e-08
 Reference value :  3.17925e-08
 Reference value :  3.18725e-08
 Reference value :  3.19425e-08
 Reference value :  3.20175e-08
 Reference value :  3.20925e-08
 Reference value :  3.21675e-08
 Reference value :  3.21975e-08
 Reference value :  3.22725e-08
 Reference value :  3.23425e-08
 Reference value :  3.24075e-08
 Reference value :  3.24675e-08
 Reference value :  3.25225e-08
 Reference value :  3.25875e-08
 Reference value :  3.26375e-08
 Reference value :  3.26775e-08
 Reference value :  3.27175e-08
 Reference value :  3.27525e-08
 Reference value :  3.27775e-08
 Reference value :  3.28025e-08
 Reference value :  3.28175e-08
 Reference value :  3.28375e-08
 Reference value :  3.28525e-08
 Reference value :  3.28675e-08
 Reference value :  3.28825e-08
 Reference value :  3.29025e-08
 Reference value :  3.29225e-08
 Reference value :  3.29425e-08
 Reference value :  3.29625e-08
 Reference value :  3.29875e-08
 Reference value :  3.30125e-08
 Reference value :  3.30325e-08
 Reference value :  3.30725e-08
 Reference value :  3.30875e-08
 Reference value :  3.31075e-08
 Reference value :  3.31275e-08
 Reference value :  3.31825e-08
 Reference value :  3.32375e-08
 Reference value :  3.33125e-08
 Reference value :  3.33825e-08
 Reference value :  3.34425e-08
 Reference value :  3.35125e-08
 Reference value :  3.35875e-08
 Reference value :  3.36575e-08
 Reference value :  3.37175e-08
 Reference value :  3.37925e-08
 Reference value :  3.38625e-08
 Reference value :  3.39425e-08
 Reference value :  3.40175e-08
 Reference value :  3.40975e-08
 Reference value :  3.41775e-08
 Reference value :  3.42425e-08
 Reference value :  3.43225e-08
 Reference value :  3.43875e-08
 Reference value :  3.44425e-08
 Reference value :  3.44825e-08
 Reference value :  3.45375e-08
 Reference value :  3.45875e-08
 Reference value :  3.46425e-08
 Reference value :  3.47075e-08
 Reference value :  3.47475e-08
 Reference value :  3.47775e-08
 Reference value :  3.48475e-08
 Reference value :  3.49275e-08
 Reference value :  3.50025e-08
 Reference value :  3.50775e-08
 Reference value :  3.51325e-08
 Reference value :  3.51925e-08
 Reference value :  3.52225e-08
 Reference value :  3.52975e-08
 Reference value :  3.53775e-08
 Reference value :  3.54425e-08
 Reference value :  3.54875e-08
 Reference value :  3.55175e-08
 Reference value :  3.55575e-08
 Reference value :  3.56275e-08
 Reference value :  3.56875e-08
 Reference value :  3.57375e-08
 Reference value :  3.57675e-08
 Reference value :  3.58325e-08
 Reference value :  3.59075e-08
 Reference value :  3.59875e-08
 Reference value :  3.60575e-08
 Reference value :  3.61375e-08
 Reference value :  3.62025e-08
 Reference value :  3.62775e-08
 Reference value :  3.63525e-08
 Reference value :  3.64325e-08
 Reference value :  3.65125e-08
 Reference value :  3.65825e-08
 Reference value :  3.66575e-08
 Reference value :  3.67275e-08
 Reference value :  3.68075e-08
 Reference value :  3.68825e-08
 Reference value :  3.69575e-08
 Reference value :  3.70375e-08
 Reference value :  3.71075e-08
 Reference value :  3.71875e-08
 Reference value :  3.72575e-08
 Reference value :  3.73275e-08
 Reference value :  3.73975e-08
 Reference value :  3.74675e-08
 Reference value :  3.75125e-08
 Reference value :  3.75875e-08
 Reference value :  3.76575e-08
 Reference value :  3.77225e-08
 Reference value :  3.77975e-08
 Reference value :  3.78725e-08
 Reference value :  3.79525e-08
 Reference value :  3.80175e-08
 Reference value :  3.80875e-08
 Reference value :  3.81575e-08
 Reference value :  3.82325e-08
 Reference value :  3.83075e-08
 Reference value :  3.83775e-08
 Reference value :  3.84525e-08
 Reference value :  3.85275e-08
 Reference value :  3.86025e-08
 Reference value :  3.86775e-08
 Reference value :  3.87475e-08
 Reference value :  3.88225e-08
 Reference value :  3.88925e-08
 Reference value :  3.89675e-08
 Reference value :  3.90375e-08
 Reference value :  3.91075e-08
 Reference value :  3.91375e-08
 Reference value :  3.92125e-08
 Reference value :  3.92875e-08
 Reference value :  3.93575e-08
 Reference value :  3.94375e-08
 Reference value :  3.95075e-08
 Reference value :  3.95875e-08
 Reference value :  3.96625e-08
 Reference value :  3.97425e-08
 Reference value :  3.98175e-08
 Reference value :  3.98925e-08
 Reference value :  3.99725e-08
 Reference value :  4.00425e-08
 Reference value :  4.01175e-08
 Reference value :  4.01875e-08
 Reference value :  4.02675e-08
 Reference value :  4.03225e-08
 Reference value :  4.03775e-08
 Reference value :  4.04425e-08
 Reference value :  4.04975e-08
 Reference value :  4.05575e-08
 Reference value :  4.06225e-08
 Reference value :  4.06475e-08
 Reference value :  4.06925e-08
 Reference value :  4.07325e-08
 Reference value :  4.07875e-08
 Reference value :  4.08475e-08
 Reference value :  4.09075e-08
 Reference value :  4.09625e-08
 Reference value :  4.09925e-08
 Reference value :  4.10425e-08
 Reference value :  4.10875e-08
 Reference value :  4.11225e-08
 Reference value :  4.12025e-08
 Reference value :  4.12825e-08
 Reference value :  4.13625e-08
 Reference value :  4.14425e-08
 Reference value :  4.14875e-08
 Reference value :  4.15075e-08
 Reference value :  4.15375e-08
 Reference value :  4.15575e-08
 Reference value :  4.16025e-08
 Reference value :  4.16325e-08
 Reference value :  4.16775e-08
 Reference value :  4.17075e-08
 Reference value :  4.17325e-08
 Reference value :  4.17925e-08
 Reference value :  4.18275e-08
 Reference value :  4.19025e-08
 Reference value :  4.19825e-08
 Reference value :  4.20575e-08
 Reference value :  4.21375e-08
 Reference value :  4.22075e-08
 Reference value :  4.22875e-08
 Reference value :  4.23175e-08
 Reference value :  4.23375e-08
 Reference value :  4.23575e-08
 Reference value :  4.23975e-08
 Reference value :  4.24275e-08
 Reference value :  4.24475e-08
 Reference value :  4.24725e-08
 Reference value :  4.25275e-08
 Reference value :  4.25725e-08
 Reference value :  4.26425e-08
 Reference value :  4.27175e-08
 Reference value :  4.27925e-08
 Reference value :  4.28675e-08
 Reference value :  4.29425e-08
 Reference value :  4.30125e-08
 Reference value :  4.30825e-08
 Reference value :  4.31225e-08
 Reference value :  4.31975e-08
 Reference value :  4.32675e-08
 Reference value :  4.33475e-08
 Reference value :  4.34275e-08
 Reference value :  4.34975e-08
 Reference value :  4.35775e-08
 Reference value :  4.36425e-08
 Reference value :  4.37225e-08
 Reference value :  4.37975e-08
 Reference value :  4.38775e-08
 Reference value :  4.39575e-08
 Reference value :  4.40325e-08
 Reference value :  4.41025e-08
 Reference value :  4.41625e-08
 Reference value :  4.42175e-08
 Reference value :  4.42575e-08
 Reference value :  4.42925e-08
 Reference value :  4.43575e-08
 Reference value :  4.44325e-08
 Reference value :  4.45125e-08
 Reference value :  4.45825e-08
 Reference value :  4.46575e-08
 Reference value :  4.47275e-08
 Reference value :  4.48075e-08
 Reference value :  4.48625e-08
 Reference value :  4.49425e-08
 Reference value :  4.50225e-08
 Reference value :  4.50925e-08
 Reference value :  4.51675e-08
 Reference value :  4.52375e-08
 Reference value :  4.53175e-08
 Reference value :  4.53875e-08
 Reference value :  4.54425e-08
 Reference value :  4.55125e-08
 Reference value :  4.55875e-08
 Reference value :  4.56575e-08
 Reference value :  4.57275e-08
 Reference value :  4.57975e-08
 Reference value :  4.58675e-08
 Reference value :  4.59425e-08
 Reference value :  4.60175e-08
 Reference value :  4.60925e-08
 Reference value :  4.61725e-08
 Reference value :  4.62275e-08
 Reference value :  4.63025e-08
 Reference value :  4.63725e-08
 Reference value :  4.64475e-08
 Reference value :  4.65175e-08
 Reference value :  4.65875e-08
 Reference value :  4.66675e-08
 Reference value :  4.67375e-08
 Reference value :  4.68005e-08
 Reference value :  4.68425e-08
 Reference value :  4.69000e-08
 Reference value :  4.69375e-08
 Reference value :  4.69925e-08
 Reference value :  4.70475e-08
 Reference value :  4.71175e-08
 Reference value :  4.71775e-08
 Reference value :  4.72275e-08
 Reference value :  4.72775e-08
 Reference value :  4.73225e-08
 Reference value :  4.73775e-08
 Reference value :  4.74275e-08
 Reference value :  4.74825e-08
 Reference value :  4.75375e-08
 Reference value :  4.75875e-08
 Reference value :  4.76425e-08
 Reference value :  4.76925e-08
 Reference value :  4.77225e-08
 Reference value :  4.77325e-08
 Reference value :  4.77475e-08
 Reference value :  4.77775e-08
 Reference value :  4.78175e-08
 Reference value :  4.78475e-08
 Reference value :  4.78725e-08
 Reference value :  4.79075e-08
 Reference value :  4.79425e-08
 Reference value :  4.79825e-08
 Reference value :  4.80375e-08
 Reference value :  4.80575e-08
 Reference value :  4.81075e-08
 Reference value :  4.81625e-08
 Reference value :  4.82075e-08
 Reference value :  4.82575e-08
 Reference value :  4.83075e-08
 Reference value :  4.83425e-08
 Reference value :  4.83625e-08
 Reference value :  4.84125e-08
 Reference value :  4.84675e-08
 Reference value :  4.85175e-08
 Reference value :  4.85725e-08
 Reference value :  4.86225e-08
 Reference value :  4.86775e-08
 Reference value :  4.87225e-08
 Reference value :  4.87525e-08
 Reference value :  4.88025e-08
 Reference value :  4.88525e-08
 Reference value :  4.89075e-08
 Reference value :  4.89625e-08
 Reference value :  4.89825e-08
 Reference value :  4.90325e-08
 Reference value :  4.90875e-08
 Reference value :  4.91375e-08
 Reference value :  4.91962e-08
 Reference value :  4.92225e-08
 Reference value :  4.92725e-08
 Reference value :  4.93035e-08
 Reference value :  4.93225e-08
 Reference value :  4.93675e-08
 Reference value :  4.93925e-08
 Reference value :  4.94325e-08
 Reference value :  4.94675e-08
 Reference value :  4.95425e-08
 Reference value :  4.95925e-08
 Reference value :  4.96475e-08
 Reference value :  4.96975e-08
 Reference value :  4.97125e-08
 Reference value :  4.97525e-08
 Reference value :  4.97925e-08
 Reference value :  4.98325e-08
 Reference value :  4.98575e-08
 Reference value :  4.98885e-08
 Reference value :  4.99125e-08
 Reference value :  4.99282e-08
 Reference value :  4.99515e-08
 Reference value :  4.99765e-08
 Reference value :  5.00011e-08
 Reference value :  5.00232e-08
 Reference value :  5.00435e-08
 Reference value :  5.00825e-08
 Reference value :  5.01225e-08
 Reference value :  5.01775e-08
 Reference value :  5.02325e-08
 Reference value :  5.02875e-08
 Reference value :  5.03425e-08
 Reference value :  5.03975e-08
 Reference value :  5.04475e-08
 Reference value :  5.05025e-08
 Reference value :  5.05475e-08
 Reference value :  5.06025e-08
 Reference value :  5.06575e-08
 Reference value :  5.07125e-08
 Reference value :  5.07625e-08
 Reference value :  5.08125e-08
 Reference value :  5.08675e-08
 Reference value :  5.09175e-08
 Reference value :  5.09725e-08
 Reference value :  5.10275e-08
 Reference value :  5.10775e-08
 Reference value :  5.11275e-08
 Reference value :  5.11825e-08
 Reference value :  5.12375e-08
 Reference value :  5.12875e-08
 Reference value :  5.13425e-08
 Reference value :  5.13975e-08
 Reference value :  5.14525e-08
 Reference value :  5.15075e-08
 Reference value :  5.15625e-08
 Reference value :  5.16175e-08
 Reference value :  5.16675e-08
 Reference value :  5.17225e-08
 Reference value :  5.17725e-08
 Reference value :  5.18225e-08
 Reference value :  5.18675e-08
 Reference value :  5.19225e-08
 Reference value :  5.19725e-08
 Reference value :  5.20225e-08
 Reference value :  5.20775e-08
 Reference value :  5.21225e-08
 Reference value :  5.21775e-08
 Reference value :  5.22225e-08
 Reference value :  5.22775e-08
 Reference value :  5.23275e-08
 Reference value :  5.23775e-08
 Reference value :  5.24325e-08
 Reference value :  5.24875e-08
 Reference value :  5.25375e-08
 Reference value :  5.25875e-08
 Reference value :  5.26425e-08
 Reference value :  5.26925e-08
 Reference value :  5.27425e-08
 Reference value :  5.27975e-08
 Reference value :  5.28475e-08
 Reference value :  5.29025e-08
 Reference value :  5.29575e-08
 Reference value :  5.30125e-08
 Reference value :  5.30675e-08
 Reference value :  5.31225e-08
 Reference value :  5.31425e-08
 Reference value :  5.31575e-08
 Reference value :  5.31725e-08
 Reference value :  5.31875e-08
 Reference value :  5.32025e-08
 Reference value :  5.32175e-08
 Reference value :  5.32325e-08
 Reference value :  5.32475e-08
 Reference value :  5.32625e-08
 Reference value :  5.32775e-08
 Reference value :  5.32925e-08
 Reference value :  5.33225e-08
 Reference value :  5.33675e-08
 Reference value :  5.34075e-08
 Reference value :  5.34425e-08
 Reference value :  5.34975e-08
 Reference value :  5.35475e-08
 Reference value :  5.36025e-08
 Reference value :  5.36575e-08
 Reference value :  5.36825e-08
 Reference value :  5.37375e-08
 Reference value :  5.37725e-08
 Reference value :  5.38275e-08
 Reference value :  5.38725e-08
 Reference value :  5.39275e-08
 Reference value :  5.39825e-08
 Reference value :  5.40125e-08
 Reference value :  5.40675e-08
 Reference value :  5.41175e-08
 Reference value :  5.41675e-08
 Reference value :  5.42175e-08
 Reference value :  5.42675e-08
 Reference value :  5.43175e-08
 Reference value :  5.43725e-08
 Reference value :  5.44225e-08
 Reference value :  5.44775e-08
 Reference value :  5.45325e-08
 Reference value :  5.45625e-08
 Reference value :  5.46175e-08
 Reference value :  5.46675e-08
 Reference value :  5.47225e-08
 Reference value :  5.47725e-08
 Reference value :  5.48275e-08
 Reference value :  5.48825e-08
 Reference value :  5.49325e-08
 Reference value :  5.49875e-08
 Reference value :  5.50375e-08
 Reference value :  5.50925e-08
 Reference value :  5.51425e-08
 Reference value :  5.51925e-08
 Reference value :  5.52375e-08
 Reference value :  5.52925e-08
 Reference value :  5.53425e-08
 Reference value :  5.53925e-08
 Reference value :  5.54475e-08
 Reference value :  5.54975e-08
 Reference value :  5.55525e-08
 Reference value :  5.56025e-08
 Reference value :  5.56575e-08
 Reference value :  5.57125e-08
 Reference value :  5.57675e-08
 Reference value :  5.58175e-08
 Reference value :  5.58725e-08
 Reference value :  5.59275e-08
 Reference value :  5.59775e-08
No. of Data Rows : 11294
vp1                 =  1.98000e+00 from=  5.40000e-08 to=  5.60000e-08
vp2                 =  1.98000e+00 from=  5.40000e-08 to=  5.60000e-08
vp3                 =  1.98000e+00 from=  5.40000e-08 to=  5.60000e-08
vp4                 =  1.98000e+00 from=  5.40000e-08 to=  5.60000e-08
vp5                 =  1.98000e+00 from=  5.40000e-08 to=  5.60000e-08
vp6                 =  1.98000e+00 from=  5.40000e-08 to=  5.60000e-08
vp7                 =  1.98000e+00 from=  5.40000e-08 to=  5.60000e-08
vp8                 =  1.98000e+00 from=  5.40000e-08 to=  5.60000e-08
vp9                 =  1.98000e+00 from=  5.40000e-08 to=  5.60000e-08
vp10                =  2.37375e-05 from=  5.40000e-08 to=  5.60000e-08
vp11                =  2.37375e-05 from=  5.40000e-08 to=  5.60000e-08
vp12                =  2.37375e-05 from=  5.40000e-08 to=  5.60000e-08
vq1                 =  1.98000e+00 from=  5.40000e-08 to=  5.60000e-08
vq2                 =  1.98000e+00 from=  5.40000e-08 to=  5.60000e-08
vq3                 =  1.98000e+00 from=  5.40000e-08 to=  5.60000e-08
vq4                 =  1.98000e+00 from=  5.40000e-08 to=  5.60000e-08
vq5                 =  1.98000e+00 from=  5.40000e-08 to=  5.60000e-08
vq6                 =  1.98000e+00 from=  5.40000e-08 to=  5.60000e-08
vq7                 =  1.98000e+00 from=  5.40000e-08 to=  5.60000e-08
vq8                 =  1.98000e+00 from=  5.40000e-08 to=  5.60000e-08
vq9                 =  1.98000e+00 from=  5.40000e-08 to=  5.60000e-08
vq10                =  1.98000e+00 from=  5.40000e-08 to=  5.60000e-08
vq11                =  2.47906e-05 from=  5.40000e-08 to=  5.60000e-08
vq12                =  2.47906e-05 from=  5.40000e-08 to=  5.60000e-08
cap_pex_3200ps = 1.000000e+00
cap_pex_800ps = 1.000000e+00
cap_pex_260ps = 1.000000e+00
cap_pex_215ps = 1.000000e+00
cap_pex_180ps = 1.000000e+00
cap_pex_150ps = 1.000000e+00
cap_pex_125ps = 1.000000e+00
cap_pex_105ps = 1.000000e+00
cap_pex_88ps = 1.000000e+00
cap_pex_73ps = 1.198864e-05
cap_pex_60ps = 1.198864e-05
cap_pex_45ps = 1.198864e-05
cap_pre_3200ps = 1.000000e+00
cap_pre_800ps = 1.000000e+00
cap_pre_260ps = 1.000000e+00
cap_pre_215ps = 1.000000e+00
cap_pre_180ps = 1.000000e+00
cap_pre_150ps = 1.000000e+00
cap_pre_125ps = 1.000000e+00
cap_pre_105ps = 1.000000e+00
cap_pre_88ps = 1.000000e+00
cap_pre_73ps = 1.000000e+00
cap_pre_60ps = 1.252049e-05
cap_pre_45ps = 1.252049e-05
Note: Simulation executed from .control section 

----- stderr -----

Checking parameters for BSIM 4.5 model xlq12.xmn:nshort_model.48
Warning: Eta0 = -0.0286127 is negative.

Checking parameters for BSIM 4.5 model xlq11.xmn:nshort_model.48
Warning: Eta0 = -0.0286127 is negative.

Checking parameters for BSIM 4.5 model xlq10.xmn:nshort_model.48
Warning: Eta0 = -0.0286127 is negative.

Checking parameters for BSIM 4.5 model xlq9.xmn:nshort_model.48
Warning: Eta0 = -0.0286127 is negative.

Checking parameters for BSIM 4.5 model xlq8.xmn:nshort_model.48
Warning: Eta0 = -0.0286127 is negative.

Checking parameters for BSIM 4.5 model xlq7.xmn:nshort_model.48
Warning: Eta0 = -0.0286127 is negative.

Checking parameters for BSIM 4.5 model xlq6.xmn:nshort_model.48
Warning: Eta0 = -0.0286127 is negative.

Checking parameters for BSIM 4.5 model xlq5.xmn:nshort_model.48
Warning: Eta0 = -0.0286127 is negative.

Checking parameters for BSIM 4.5 model xlq4.xmn:nshort_model.48
Warning: Eta0 = -0.0286127 is negative.

Checking parameters for BSIM 4.5 model xlq3.xmn:nshort_model.48
Warning: Eta0 = -0.0286127 is negative.

Checking parameters for BSIM 4.5 model xlq2.xmn:nshort_model.48
Warning: Eta0 = -0.0286127 is negative.

Checking parameters for BSIM 4.5 model xlq1.xmn:nshort_model.48
Warning: Eta0 = -0.0286127 is negative.

Checking parameters for BSIM 4.5 model xlp12.xpex.xn1:nshort_model.48
Warning: Eta0 = -0.0286127 is negative.

Checking parameters for BSIM 4.5 model xlp11.xpex.xn1:nshort_model.48
Warning: Eta0 = -0.0286127 is negative.

Checking parameters for BSIM 4.5 model xlp10.xpex.xn1:nshort_model.48
Warning: Eta0 = -0.0286127 is negative.

Checking parameters for BSIM 4.5 model xlp9.xpex.xn1:nshort_model.48
Warning: Eta0 = -0.0286127 is negative.

Checking parameters for BSIM 4.5 model xlp8.xpex.xn1:nshort_model.48
Warning: Eta0 = -0.0286127 is negative.

Checking parameters for BSIM 4.5 model xlp7.xpex.xn1:nshort_model.48
Warning: Eta0 = -0.0286127 is negative.

Checking parameters for BSIM 4.5 model xlp6.xpex.xn1:nshort_model.48
Warning: Eta0 = -0.0286127 is negative.

Checking parameters for BSIM 4.5 model xlp5.xpex.xn1:nshort_model.48
Warning: Eta0 = -0.0286127 is negative.

Checking parameters for BSIM 4.5 model xlp4.xpex.xn1:nshort_model.48
Warning: Eta0 = -0.0286127 is negative.

Checking parameters for BSIM 4.5 model xlp3.xpex.xn1:nshort_model.48
Warning: Eta0 = -0.0286127 is negative.

Checking parameters for BSIM 4.5 model xlp2.xpex.xn1:nshort_model.48
Warning: Eta0 = -0.0286127 is negative.

Checking parameters for BSIM 4.5 model xlp1.xpex.xn1:nshort_model.48
Warning: Eta0 = -0.0286127 is negative.

Checking parameters for BSIM 4.5 model xq12.xmfsn:nshort_model.48
Warning: Eta0 = -0.0286127 is negative.

Checking parameters for BSIM 4.5 model xq12.xmisn:nshort_model.48
Warning: Eta0 = -0.0286127 is negative.

Checking parameters for BSIM 4.5 model xq12.xmtsn:nshort_model.48
Warning: Eta0 = -0.0286127 is negative.

Checking parameters for BSIM 4.5 model xq12.xmfmn:nshort_model.48
Warning: Eta0 = -0.0286127 is negative.

Checking parameters for BSIM 4.5 model xq12.xmim2n:nshort_model.48
Warning: Eta0 = -0.0286127 is negative.

Checking parameters for BSIM 4.5 model xq12.xmtdn:nshort_model.48
Warning: Eta0 = -0.0286127 is negative.

Checking parameters for BSIM 4.5 model xq12.xmnc:nshort_model.48
Warning: Eta0 = -0.0286127 is negative.

Checking parameters for BSIM 4.5 model xq11.xmfsn:nshort_model.48
Warning: Eta0 = -0.0286127 is negative.

Checking parameters for BSIM 4.5 model xq11.xmisn:nshort_model.48
Warning: Eta0 = -0.0286127 is negative.

Checking parameters for BSIM 4.5 model xq11.xmtsn:nshort_model.48
Warning: Eta0 = -0.0286127 is negative.

Checking parameters for BSIM 4.5 model xq11.xmfmn:nshort_model.48
Warning: Eta0 = -0.0286127 is negative.

Checking parameters for BSIM 4.5 model xq11.xmim2n:nshort_model.48
Warning: Eta0 = -0.0286127 is negative.

Checking parameters for BSIM 4.5 model xq11.xmtdn:nshort_model.48
Warning: Eta0 = -0.0286127 is negative.

Checking parameters for BSIM 4.5 model xq11.xmnc:nshort_model.48
Warning: Eta0 = -0.0286127 is negative.

Checking parameters for BSIM 4.5 model xq10.xmfsn:nshort_model.48
Warning: Eta0 = -0.0286127 is negative.

Checking parameters for BSIM 4.5 model xq10.xmisn:nshort_model.48
Warning: Eta0 = -0.0286127 is negative.

Checking parameters for BSIM 4.5 model xq10.xmtsn:nshort_model.48
Warning: Eta0 = -0.0286127 is negative.

Checking parameters for BSIM 4.5 model xq10.xmfmn:nshort_model.48
Warning: Eta0 = -0.0286127 is negative.

Checking parameters for BSIM 4.5 model xq10.xmim2n:nshort_model.48
Warning: Eta0 = -0.0286127 is negative.

Checking parameters for BSIM 4.5 model xq10.xmtdn:nshort_model.48
Warning: Eta0 = -0.0286127 is negative.

Checking parameters for BSIM 4.5 model xq10.xmnc:nshort_model.48
Warning: Eta0 = -0.0286127 is negative.

Checking parameters for BSIM 4.5 model xq9.xmfsn:nshort_model.48
Warning: Eta0 = -0.0286127 is negative.

Checking parameters for BSIM 4.5 model xq9.xmisn:nshort_model.48
Warning: Eta0 = -0.0286127 is negative.

Checking parameters for BSIM 4.5 model xq9.xmtsn:nshort_model.48
Warning: Eta0 = -0.0286127 is negative.

Checking parameters for BSIM 4.5 model xq9.xmfmn:nshort_model.48
Warning: Eta0 = -0.0286127 is negative.

Checking parameters for BSIM 4.5 model xq9.xmim2n:nshort_model.48
Warning: Eta0 = -0.0286127 is negative.

Checking parameters for BSIM 4.5 model xq9.xmtdn:nshort_model.48
Warning: Eta0 = -0.0286127 is negative.

Checking parameters for BSIM 4.5 model xq9.xmnc:nshort_model.48
Warning: Eta0 = -0.0286127 is negative.

Checking parameters for BSIM 4.5 model xq8.xmfsn:nshort_model.48
Warning: Eta0 = -0.0286127 is negative.

Checking parameters for BSIM 4.5 model xq8.xmisn:nshort_model.48
Warning: Eta0 = -0.0286127 is negative.

Checking parameters for BSIM 4.5 model xq8.xmtsn:nshort_model.48
Warning: Eta0 = -0.0286127 is negative.

Checking parameters for BSIM 4.5 model xq8.xmfmn:nshort_model.48
Warning: Eta0 = -0.0286127 is negative.

Checking parameters for BSIM 4.5 model xq8.xmim2n:nshort_model.48
Warning: Eta0 = -0.0286127 is negative.

Checking parameters for BSIM 4.5 model xq8.xmtdn:nshort_model.48
Warning: Eta0 = -0.0286127 is negative.

Checking parameters for BSIM 4.5 model xq8.xmnc:nshort_model.48
Warning: Eta0 = -0.0286127 is negative.

Checking parameters for BSIM 4.5 model xq7.xmfsn:nshort_model.48
Warning: Eta0 = -0.0286127 is negative.

Checking parameters for BSIM 4.5 model xq7.xmisn:nshort_model.48
Warning: Eta0 = -0.0286127 is negative.

Checking parameters for BSIM 4.5 model xq7.xmtsn:nshort_model.48
Warning: Eta0 = -0.0286127 is negative.

Checking parameters for BSIM 4.5 model xq7.xmfmn:nshort_model.48
Warning: Eta0 = -0.0286127 is negative.

Checking parameters for BSIM 4.5 model xq7.xmim2n:nshort_model.48
Warning: Eta0 = -0.0286127 is negative.

Checking parameters for BSIM 4.5 model xq7.xmtdn:nshort_model.48
Warning: Eta0 = -0.0286127 is negative.

Checking parameters for BSIM 4.5 model xq7.xmnc:nshort_model.48
Warning: Eta0 = -0.0286127 is negative.

Checking parameters for BSIM 4.5 model xq6.xmfsn:nshort_model.48
Warning: Eta0 = -0.0286127 is negative.

Checking parameters for BSIM 4.5 model xq6.xmisn:nshort_model.48
Warning: Eta0 = -0.0286127 is negative.

Checking parameters for BSIM 4.5 model xq6.xmtsn:nshort_model.48
Warning: Eta0 = -0.0286127 is negative.

Checking parameters for BSIM 4.5 model xq6.xmfmn:nshort_model.48
Warning: Eta0 = -0.0286127 is negative.

Checking parameters for BSIM 4.5 model xq6.xmim2n:nshort_model.48
Warning: Eta0 = -0.0286127 is negative.

Checking parameters for BSIM 4.5 model xq6.xmtdn:nshort_model.48
Warning: Eta0 = -0.0286127 is negative.

Checking parameters for BSIM 4.5 model xq6.xmnc:nshort_model.48
Warning: Eta0 = -0.0286127 is negative.

Checking parameters for BSIM 4.5 model xq5.xmfsn:nshort_model.48
Warning: Eta0 = -0.0286127 is negative.

Checking parameters for BSIM 4.5 model xq5.xmisn:nshort_model.48
Warning: Eta0 = -0.0286127 is negative.

Checking parameters for BSIM 4.5 model xq5.xmtsn:nshort_model.48
Warning: Eta0 = -0.0286127 is negative.

Checking parameters for BSIM 4.5 model xq5.xmfmn:nshort_model.48
Warning: Eta0 = -0.0286127 is negative.

Checking parameters for BSIM 4.5 model xq5.xmim2n:nshort_model.48
Warning: Eta0 = -0.0286127 is negative.

Checking parameters for BSIM 4.5 model xq5.xmtdn:nshort_model.48
Warning: Eta0 = -0.0286127 is negative.

Checking parameters for BSIM 4.5 model xq5.xmnc:nshort_model.48
Warning: Eta0 = -0.0286127 is negative.

Checking parameters for BSIM 4.5 model xq4.xmfsn:nshort_model.48
Warning: Eta0 = -0.0286127 is negative.

Checking parameters for BSIM 4.5 model xq4.xmisn:nshort_model.48
Warning: Eta0 = -0.0286127 is negative.

Checking parameters for BSIM 4.5 model xq4.xmtsn:nshort_model.48
Warning: Eta0 = -0.0286127 is negative.

Checking parameters for BSIM 4.5 model xq4.xmfmn:nshort_model.48
Warning: Eta0 = -0.0286127 is negative.

Checking parameters for BSIM 4.5 model xq4.xmim2n:nshort_model.48
Warning: Eta0 = -0.0286127 is negative.

Checking parameters for BSIM 4.5 model xq4.xmtdn:nshort_model.48
Warning: Eta0 = -0.0286127 is negative.

Checking parameters for BSIM 4.5 model xq4.xmnc:nshort_model.48
Warning: Eta0 = -0.0286127 is negative.

Checking parameters for BSIM 4.5 model xq3.xmfsn:nshort_model.48
Warning: Eta0 = -0.0286127 is negative.

Checking parameters for BSIM 4.5 model xq3.xmisn:nshort_model.48
Warning: Eta0 = -0.0286127 is negative.

Checking parameters for BSIM 4.5 model xq3.xmtsn:nshort_model.48
Warning: Eta0 = -0.0286127 is negative.

Checking parameters for BSIM 4.5 model xq3.xmfmn:nshort_model.48
Warning: Eta0 = -0.0286127 is negative.

Checking parameters for BSIM 4.5 model xq3.xmim2n:nshort_model.48
Warning: Eta0 = -0.0286127 is negative.

Checking parameters for BSIM 4.5 model xq3.xmtdn:nshort_model.48
Warning: Eta0 = -0.0286127 is negative.

Checking parameters for BSIM 4.5 model xq3.xmnc:nshort_model.48
Warning: Eta0 = -0.0286127 is negative.

Checking parameters for BSIM 4.5 model xq2.xmfsn:nshort_model.48
Warning: Eta0 = -0.0286127 is negative.

Checking parameters for BSIM 4.5 model xq2.xmisn:nshort_model.48
Warning: Eta0 = -0.0286127 is negative.

Checking parameters for BSIM 4.5 model xq2.xmtsn:nshort_model.48
Warning: Eta0 = -0.0286127 is negative.

Checking parameters for BSIM 4.5 model xq2.xmfmn:nshort_model.48
Warning: Eta0 = -0.0286127 is negative.

Checking parameters for BSIM 4.5 model xq2.xmim2n:nshort_model.48
Warning: Eta0 = -0.0286127 is negative.

Checking parameters for BSIM 4.5 model xq2.xmtdn:nshort_model.48
Warning: Eta0 = -0.0286127 is negative.

Checking parameters for BSIM 4.5 model xq2.xmnc:nshort_model.48
Warning: Eta0 = -0.0286127 is negative.

Checking parameters for BSIM 4.5 model xq1.xmfsn:nshort_model.48
Warning: Eta0 = -0.0286127 is negative.

Checking parameters for BSIM 4.5 model xq1.xmisn:nshort_model.48
Warning: Eta0 = -0.0286127 is negative.

Checking parameters for BSIM 4.5 model xq1.xmtsn:nshort_model.48
Warning: Eta0 = -0.0286127 is negative.

Checking parameters for BSIM 4.5 model xq1.xmfmn:nshort_model.48
Warning: Eta0 = -0.0286127 is negative.

Checking parameters for BSIM 4.5 model xq1.xmim2n:nshort_model.48
Warning: Eta0 = -0.0286127 is negative.

Checking parameters for BSIM 4.5 model xq1.xmtdn:nshort_model.48
Warning: Eta0 = -0.0286127 is negative.

Checking parameters for BSIM 4.5 model xq1.xmnc:nshort_model.48
Warning: Eta0 = -0.0286127 is negative.

Checking parameters for BSIM 4.5 model xp12.xtg_fbs.xpex.xn1:nshort_model.48
Warning: Eta0 = -0.0286127 is negative.

Checking parameters for BSIM 4.5 model xp12.xinv_q.xpex.xn1:nshort_model.48
Warning: Eta0 = -0.0286127 is negative.

Checking parameters for BSIM 4.5 model xp12.xtg_s.xpex.xn1:nshort_model.48
Warning: Eta0 = -0.0286127 is negative.

Checking parameters for BSIM 4.5 model xp12.xtg_fbm.xpex.xn1:nshort_model.48
Warning: Eta0 = -0.0286127 is negative.

Checking parameters for BSIM 4.5 model xp12.xinv_mc.xpex.xn1:nshort_model.48
Warning: Eta0 = -0.0286127 is negative.

Checking parameters for BSIM 4.5 model xp12.xtg_d.xpex.xn1:nshort_model.48
Warning: Eta0 = -0.0286127 is negative.

Checking parameters for BSIM 4.5 model xp12.xinv_clk.xpex.xn1:nshort_model.48
Warning: Eta0 = -0.0286127 is negative.

Checking parameters for BSIM 4.5 model xp11.xtg_fbs.xpex.xn1:nshort_model.48
Warning: Eta0 = -0.0286127 is negative.

Checking parameters for BSIM 4.5 model xp11.xinv_q.xpex.xn1:nshort_model.48
Warning: Eta0 = -0.0286127 is negative.

Checking parameters for BSIM 4.5 model xp11.xtg_s.xpex.xn1:nshort_model.48
Warning: Eta0 = -0.0286127 is negative.

Checking parameters for BSIM 4.5 model xp11.xtg_fbm.xpex.xn1:nshort_model.48
Warning: Eta0 = -0.0286127 is negative.

Checking parameters for BSIM 4.5 model xp11.xinv_mc.xpex.xn1:nshort_model.48
Warning: Eta0 = -0.0286127 is negative.

Checking parameters for BSIM 4.5 model xp11.xtg_d.xpex.xn1:nshort_model.48
Warning: Eta0 = -0.0286127 is negative.

Checking parameters for BSIM 4.5 model xp11.xinv_clk.xpex.xn1:nshort_model.48
Warning: Eta0 = -0.0286127 is negative.

Checking parameters for BSIM 4.5 model xp10.xtg_fbs.xpex.xn1:nshort_model.48
Warning: Eta0 = -0.0286127 is negative.

Checking parameters for BSIM 4.5 model xp10.xinv_q.xpex.xn1:nshort_model.48
Warning: Eta0 = -0.0286127 is negative.

Checking parameters for BSIM 4.5 model xp10.xtg_s.xpex.xn1:nshort_model.48
Warning: Eta0 = -0.0286127 is negative.

Checking parameters for BSIM 4.5 model xp10.xtg_fbm.xpex.xn1:nshort_model.48
Warning: Eta0 = -0.0286127 is negative.

Checking parameters for BSIM 4.5 model xp10.xinv_mc.xpex.xn1:nshort_model.48
Warning: Eta0 = -0.0286127 is negative.

Checking parameters for BSIM 4.5 model xp10.xtg_d.xpex.xn1:nshort_model.48
Warning: Eta0 = -0.0286127 is negative.

Checking parameters for BSIM 4.5 model xp10.xinv_clk.xpex.xn1:nshort_model.48
Warning: Eta0 = -0.0286127 is negative.

Checking parameters for BSIM 4.5 model xp9.xtg_fbs.xpex.xn1:nshort_model.48
Warning: Eta0 = -0.0286127 is negative.

Checking parameters for BSIM 4.5 model xp9.xinv_q.xpex.xn1:nshort_model.48
Warning: Eta0 = -0.0286127 is negative.

Checking parameters for BSIM 4.5 model xp9.xtg_s.xpex.xn1:nshort_model.48
Warning: Eta0 = -0.0286127 is negative.

Checking parameters for BSIM 4.5 model xp9.xtg_fbm.xpex.xn1:nshort_model.48
Warning: Eta0 = -0.0286127 is negative.

Checking parameters for BSIM 4.5 model xp9.xinv_mc.xpex.xn1:nshort_model.48
Warning: Eta0 = -0.0286127 is negative.

Checking parameters for BSIM 4.5 model xp9.xtg_d.xpex.xn1:nshort_model.48
Warning: Eta0 = -0.0286127 is negative.

Checking parameters for BSIM 4.5 model xp9.xinv_clk.xpex.xn1:nshort_model.48
Warning: Eta0 = -0.0286127 is negative.

Checking parameters for BSIM 4.5 model xp8.xtg_fbs.xpex.xn1:nshort_model.48
Warning: Eta0 = -0.0286127 is negative.

Checking parameters for BSIM 4.5 model xp8.xinv_q.xpex.xn1:nshort_model.48
Warning: Eta0 = -0.0286127 is negative.

Checking parameters for BSIM 4.5 model xp8.xtg_s.xpex.xn1:nshort_model.48
Warning: Eta0 = -0.0286127 is negative.

Checking parameters for BSIM 4.5 model xp8.xtg_fbm.xpex.xn1:nshort_model.48
Warning: Eta0 = -0.0286127 is negative.

Checking parameters for BSIM 4.5 model xp8.xinv_mc.xpex.xn1:nshort_model.48
Warning: Eta0 = -0.0286127 is negative.

Checking parameters for BSIM 4.5 model xp8.xtg_d.xpex.xn1:nshort_model.48
Warning: Eta0 = -0.0286127 is negative.

Checking parameters for BSIM 4.5 model xp8.xinv_clk.xpex.xn1:nshort_model.48
Warning: Eta0 = -0.0286127 is negative.

Checking parameters for BSIM 4.5 model xp7.xtg_fbs.xpex.xn1:nshort_model.48
Warning: Eta0 = -0.0286127 is negative.

Checking parameters for BSIM 4.5 model xp7.xinv_q.xpex.xn1:nshort_model.48
Warning: Eta0 = -0.0286127 is negative.

Checking parameters for BSIM 4.5 model xp7.xtg_s.xpex.xn1:nshort_model.48
Warning: Eta0 = -0.0286127 is negative.

Checking parameters for BSIM 4.5 model xp7.xtg_fbm.xpex.xn1:nshort_model.48
Warning: Eta0 = -0.0286127 is negative.

Checking parameters for BSIM 4.5 model xp7.xinv_mc.xpex.xn1:nshort_model.48
Warning: Eta0 = -0.0286127 is negative.

Checking parameters for BSIM 4.5 model xp7.xtg_d.xpex.xn1:nshort_model.48
Warning: Eta0 = -0.0286127 is negative.

Checking parameters for BSIM 4.5 model xp7.xinv_clk.xpex.xn1:nshort_model.48
Warning: Eta0 = -0.0286127 is negative.

Checking parameters for BSIM 4.5 model xp6.xtg_fbs.xpex.xn1:nshort_model.48
Warning: Eta0 = -0.0286127 is negative.

Checking parameters for BSIM 4.5 model xp6.xinv_q.xpex.xn1:nshort_model.48
Warning: Eta0 = -0.0286127 is negative.

Checking parameters for BSIM 4.5 model xp6.xtg_s.xpex.xn1:nshort_model.48
Warning: Eta0 = -0.0286127 is negative.

Checking parameters for BSIM 4.5 model xp6.xtg_fbm.xpex.xn1:nshort_model.48
Warning: Eta0 = -0.0286127 is negative.

Checking parameters for BSIM 4.5 model xp6.xinv_mc.xpex.xn1:nshort_model.48
Warning: Eta0 = -0.0286127 is negative.

Checking parameters for BSIM 4.5 model xp6.xtg_d.xpex.xn1:nshort_model.48
Warning: Eta0 = -0.0286127 is negative.

Checking parameters for BSIM 4.5 model xp6.xinv_clk.xpex.xn1:nshort_model.48
Warning: Eta0 = -0.0286127 is negative.

Checking parameters for BSIM 4.5 model xp5.xtg_fbs.xpex.xn1:nshort_model.48
Warning: Eta0 = -0.0286127 is negative.

Checking parameters for BSIM 4.5 model xp5.xinv_q.xpex.xn1:nshort_model.48
Warning: Eta0 = -0.0286127 is negative.

Checking parameters for BSIM 4.5 model xp5.xtg_s.xpex.xn1:nshort_model.48
Warning: Eta0 = -0.0286127 is negative.

Checking parameters for BSIM 4.5 model xp5.xtg_fbm.xpex.xn1:nshort_model.48
Warning: Eta0 = -0.0286127 is negative.

Checking parameters for BSIM 4.5 model xp5.xinv_mc.xpex.xn1:nshort_model.48
Warning: Eta0 = -0.0286127 is negative.

Checking parameters for BSIM 4.5 model xp5.xtg_d.xpex.xn1:nshort_model.48
Warning: Eta0 = -0.0286127 is negative.

Checking parameters for BSIM 4.5 model xp5.xinv_clk.xpex.xn1:nshort_model.48
Warning: Eta0 = -0.0286127 is negative.

Checking parameters for BSIM 4.5 model xp4.xtg_fbs.xpex.xn1:nshort_model.48
Warning: Eta0 = -0.0286127 is negative.

Checking parameters for BSIM 4.5 model xp4.xinv_q.xpex.xn1:nshort_model.48
Warning: Eta0 = -0.0286127 is negative.

Checking parameters for BSIM 4.5 model xp4.xtg_s.xpex.xn1:nshort_model.48
Warning: Eta0 = -0.0286127 is negative.

Checking parameters for BSIM 4.5 model xp4.xtg_fbm.xpex.xn1:nshort_model.48
Warning: Eta0 = -0.0286127 is negative.

Checking parameters for BSIM 4.5 model xp4.xinv_mc.xpex.xn1:nshort_model.48
Warning: Eta0 = -0.0286127 is negative.

Checking parameters for BSIM 4.5 model xp4.xtg_d.xpex.xn1:nshort_model.48
Warning: Eta0 = -0.0286127 is negative.

Checking parameters for BSIM 4.5 model xp4.xinv_clk.xpex.xn1:nshort_model.48
Warning: Eta0 = -0.0286127 is negative.

Checking parameters for BSIM 4.5 model xp3.xtg_fbs.xpex.xn1:nshort_model.48
Warning: Eta0 = -0.0286127 is negative.

Checking parameters for BSIM 4.5 model xp3.xinv_q.xpex.xn1:nshort_model.48
Warning: Eta0 = -0.0286127 is negative.

Checking parameters for BSIM 4.5 model xp3.xtg_s.xpex.xn1:nshort_model.48
Warning: Eta0 = -0.0286127 is negative.

Checking parameters for BSIM 4.5 model xp3.xtg_fbm.xpex.xn1:nshort_model.48
Warning: Eta0 = -0.0286127 is negative.

Checking parameters for BSIM 4.5 model xp3.xinv_mc.xpex.xn1:nshort_model.48
Warning: Eta0 = -0.0286127 is negative.

Checking parameters for BSIM 4.5 model xp3.xtg_d.xpex.xn1:nshort_model.48
Warning: Eta0 = -0.0286127 is negative.

Checking parameters for BSIM 4.5 model xp3.xinv_clk.xpex.xn1:nshort_model.48
Warning: Eta0 = -0.0286127 is negative.

Checking parameters for BSIM 4.5 model xp2.xtg_fbs.xpex.xn1:nshort_model.48
Warning: Eta0 = -0.0286127 is negative.

Checking parameters for BSIM 4.5 model xp2.xinv_q.xpex.xn1:nshort_model.48
Warning: Eta0 = -0.0286127 is negative.

Checking parameters for BSIM 4.5 model xp2.xtg_s.xpex.xn1:nshort_model.48
Warning: Eta0 = -0.0286127 is negative.

Checking parameters for BSIM 4.5 model xp2.xtg_fbm.xpex.xn1:nshort_model.48
Warning: Eta0 = -0.0286127 is negative.

Checking parameters for BSIM 4.5 model xp2.xinv_mc.xpex.xn1:nshort_model.48
Warning: Eta0 = -0.0286127 is negative.

Checking parameters for BSIM 4.5 model xp2.xtg_d.xpex.xn1:nshort_model.48
Warning: Eta0 = -0.0286127 is negative.

Checking parameters for BSIM 4.5 model xp2.xinv_clk.xpex.xn1:nshort_model.48
Warning: Eta0 = -0.0286127 is negative.

Checking parameters for BSIM 4.5 model xp1.xtg_fbs.xpex.xn1:nshort_model.48
Warning: Eta0 = -0.0286127 is negative.

Checking parameters for BSIM 4.5 model xp1.xinv_q.xpex.xn1:nshort_model.48
Warning: Eta0 = -0.0286127 is negative.

Checking parameters for BSIM 4.5 model xp1.xtg_s.xpex.xn1:nshort_model.48
Warning: Eta0 = -0.0286127 is negative.

Checking parameters for BSIM 4.5 model xp1.xtg_fbm.xpex.xn1:nshort_model.48
Warning: Eta0 = -0.0286127 is negative.

Checking parameters for BSIM 4.5 model xp1.xinv_mc.xpex.xn1:nshort_model.48
Warning: Eta0 = -0.0286127 is negative.

Checking parameters for BSIM 4.5 model xp1.xtg_d.xpex.xn1:nshort_model.48
Warning: Eta0 = -0.0286127 is negative.

Checking parameters for BSIM 4.5 model xp1.xinv_clk.xpex.xn1:nshort_model.48
Warning: Eta0 = -0.0286127 is negative.

