OpenROAD 26Q3-1510-g6cb3f2b704 
Features included (+) or not (-): +GPU +GUI +Python
This program is licensed under the BSD-3 license. See the LICENSE file for details.
Components of this program may be licensed under more restrictive licenses which must be honored.
===KLT_SPEF_NET_CHECK_BEGIN===
2374 8111
2374 2374
===KLT_SPEF_NET_CHECK_END===
[WARNING STA-1650] /home/ubuntu/GitHub/sky130-trng/.loom/worktrees/issue-236/sim/digital-electrical-repair/requests/.klt/place-and-route/trng_digital_route.spef line 131, net $10000 not found.
[WARNING STA-1650] /home/ubuntu/GitHub/sky130-trng/.loom/worktrees/issue-236/sim/digital-electrical-repair/requests/.klt/place-and-route/trng_digital_route.spef line 145, net $10001 not found.
[WARNING STA-1650] /home/ubuntu/GitHub/sky130-trng/.loom/worktrees/issue-236/sim/digital-electrical-repair/requests/.klt/place-and-route/trng_digital_route.spef line 161, net $10002 not found.
[WARNING STA-1650] /home/ubuntu/GitHub/sky130-trng/.loom/worktrees/issue-236/sim/digital-electrical-repair/requests/.klt/place-and-route/trng_digital_route.spef line 177, net $10003 not found.
[WARNING STA-1650] /home/ubuntu/GitHub/sky130-trng/.loom/worktrees/issue-236/sim/digital-electrical-repair/requests/.klt/place-and-route/trng_digital_route.spef line 191, net $10004 not found.
[WARNING STA-1650] /home/ubuntu/GitHub/sky130-trng/.loom/worktrees/issue-236/sim/digital-electrical-repair/requests/.klt/place-and-route/trng_digital_route.spef line 206, net $10005 not found.
[WARNING STA-1650] /home/ubuntu/GitHub/sky130-trng/.loom/worktrees/issue-236/sim/digital-electrical-repair/requests/.klt/place-and-route/trng_digital_route.spef line 229, net $10006 not found.
[WARNING STA-1650] /home/ubuntu/GitHub/sky130-trng/.loom/worktrees/issue-236/sim/digital-electrical-repair/requests/.klt/place-and-route/trng_digital_route.spef line 250, net $10007 not found.
[WARNING STA-1650] /home/ubuntu/GitHub/sky130-trng/.loom/worktrees/issue-236/sim/digital-electrical-repair/requests/.klt/place-and-route/trng_digital_route.spef line 262, net $10008 not found.
[WARNING STA-1650] /home/ubuntu/GitHub/sky130-trng/.loom/worktrees/issue-236/sim/digital-electrical-repair/requests/.klt/place-and-route/trng_digital_route.spef line 277, net $10009 not found.
[WARNING STA-1650] /home/ubuntu/GitHub/sky130-trng/.loom/worktrees/issue-236/sim/digital-electrical-repair/requests/.klt/place-and-route/trng_digital_route.spef line 292, net $10010 not found.
[WARNING STA-1650] /home/ubuntu/GitHub/sky130-trng/.loom/worktrees/issue-236/sim/digital-electrical-repair/requests/.klt/place-and-route/trng_digital_route.spef line 306, net $10011 not found.
[WARNING STA-1650] /home/ubuntu/GitHub/sky130-trng/.loom/worktrees/issue-236/sim/digital-electrical-repair/requests/.klt/place-and-route/trng_digital_route.spef line 321, net $10051 not found.
[WARNING STA-1650] /home/ubuntu/GitHub/sky130-trng/.loom/worktrees/issue-236/sim/digital-electrical-repair/requests/.klt/place-and-route/trng_digital_route.spef line 335, net $10052 not found.
[WARNING STA-1650] /home/ubuntu/GitHub/sky130-trng/.loom/worktrees/issue-236/sim/digital-electrical-repair/requests/.klt/place-and-route/trng_digital_route.spef line 345, net $10053 not found.
[WARNING STA-1650] /home/ubuntu/GitHub/sky130-trng/.loom/worktrees/issue-236/sim/digital-electrical-repair/requests/.klt/place-and-route/trng_digital_route.spef line 355, net $10054 not found.
[WARNING STA-1650] /home/ubuntu/GitHub/sky130-trng/.loom/worktrees/issue-236/sim/digital-electrical-repair/requests/.klt/place-and-route/trng_digital_route.spef line 366, net $10055 not found.
[WARNING STA-1650] /home/ubuntu/GitHub/sky130-trng/.loom/worktrees/issue-236/sim/digital-electrical-repair/requests/.klt/place-and-route/trng_digital_route.spef line 375, net $10056 not found.
[WARNING STA-1650] /home/ubuntu/GitHub/sky130-trng/.loom/worktrees/issue-236/sim/digital-electrical-repair/requests/.klt/place-and-route/trng_digital_route.spef line 385, net $10057 not found.
[WARNING STA-1650] /home/ubuntu/GitHub/sky130-trng/.loom/worktrees/issue-236/sim/digital-electrical-repair/requests/.klt/place-and-route/trng_digital_route.spef line 395, net $10058 not found.
[WARNING STA-1650] /home/ubuntu/GitHub/sky130-trng/.loom/worktrees/issue-236/sim/digital-electrical-repair/requests/.klt/place-and-route/trng_digital_route.spef line 406, net $10059 not found.
[WARNING STA-1650] /home/ubuntu/GitHub/sky130-trng/.loom/worktrees/issue-236/sim/digital-electrical-repair/requests/.klt/place-and-route/trng_digital_route.spef line 417, net $10060 not found.
[WARNING STA-1650] /home/ubuntu/GitHub/sky130-trng/.loom/worktrees/issue-236/sim/digital-electrical-repair/requests/.klt/place-and-route/trng_digital_route.spef line 428, net $10061 not found.
[WARNING STA-1650] /home/ubuntu/GitHub/sky130-trng/.loom/worktrees/issue-236/sim/digital-electrical-repair/requests/.klt/place-and-route/trng_digital_route.spef line 439, net $10062 not found.
[WARNING STA-1650] /home/ubuntu/GitHub/sky130-trng/.loom/worktrees/issue-236/sim/digital-electrical-repair/requests/.klt/place-and-route/trng_digital_route.spef line 448, net $10063 not found.
[WARNING STA-1650] /home/ubuntu/GitHub/sky130-trng/.loom/worktrees/issue-236/sim/digital-electrical-repair/requests/.klt/place-and-route/trng_digital_route.spef line 458, net $10065 not found.
[WARNING STA-1650] /home/ubuntu/GitHub/sky130-trng/.loom/worktrees/issue-236/sim/digital-electrical-repair/requests/.klt/place-and-route/trng_digital_route.spef line 467, net $10066 not found.
[WARNING STA-1650] /home/ubuntu/GitHub/sky130-trng/.loom/worktrees/issue-236/sim/digital-electrical-repair/requests/.klt/place-and-route/trng_digital_route.spef line 477, net $1008 not found.
[WARNING STA-1650] /home/ubuntu/GitHub/sky130-trng/.loom/worktrees/issue-236/sim/digital-electrical-repair/requests/.klt/place-and-route/trng_digital_route.spef line 487, net $10084 not found.
[WARNING STA-1650] /home/ubuntu/GitHub/sky130-trng/.loom/worktrees/issue-236/sim/digital-electrical-repair/requests/.klt/place-and-route/trng_digital_route.spef line 509, net $10085 not found.
[WARNING STA-1650] /home/ubuntu/GitHub/sky130-trng/.loom/worktrees/issue-236/sim/digital-electrical-repair/requests/.klt/place-and-route/trng_digital_route.spef line 528, net $10087 not found.
[WARNING STA-1650] /home/ubuntu/GitHub/sky130-trng/.loom/worktrees/issue-236/sim/digital-electrical-repair/requests/.klt/place-and-route/trng_digital_route.spef line 539, net $10088 not found.
[WARNING STA-1650] /home/ubuntu/GitHub/sky130-trng/.loom/worktrees/issue-236/sim/digital-electrical-repair/requests/.klt/place-and-route/trng_digital_route.spef line 552, net $10089 not found.
[WARNING STA-1650] /home/ubuntu/GitHub/sky130-trng/.loom/worktrees/issue-236/sim/digital-electrical-repair/requests/.klt/place-and-route/trng_digital_route.spef line 561, net $1009 not found.
[WARNING STA-1650] /home/ubuntu/GitHub/sky130-trng/.loom/worktrees/issue-236/sim/digital-electrical-repair/requests/.klt/place-and-route/trng_digital_route.spef line 571, net $10090 not found.
[WARNING STA-1650] /home/ubuntu/GitHub/sky130-trng/.loom/worktrees/issue-236/sim/digital-electrical-repair/requests/.klt/place-and-route/trng_digital_route.spef line 585, net $10091 not found.
[WARNING STA-1650] /home/ubuntu/GitHub/sky130-trng/.loom/worktrees/issue-236/sim/digital-electrical-repair/requests/.klt/place-and-route/trng_digital_route.spef line 599, net $10092 not found.
[WARNING STA-1650] /home/ubuntu/GitHub/sky130-trng/.loom/worktrees/issue-236/sim/digital-electrical-repair/requests/.klt/place-and-route/trng_digital_route.spef line 614, net $10094 not found.
[WARNING STA-1650] /home/ubuntu/GitHub/sky130-trng/.loom/worktrees/issue-236/sim/digital-electrical-repair/requests/.klt/place-and-route/trng_digital_route.spef line 626, net $10096 not found.
[WARNING STA-1650] /home/ubuntu/GitHub/sky130-trng/.loom/worktrees/issue-236/sim/digital-electrical-repair/requests/.klt/place-and-route/trng_digital_route.spef line 639, net $10097 not found.
[WARNING STA-1650] /home/ubuntu/GitHub/sky130-trng/.loom/worktrees/issue-236/sim/digital-electrical-repair/requests/.klt/place-and-route/trng_digital_route.spef line 650, net $10098 not found.
[WARNING STA-1650] /home/ubuntu/GitHub/sky130-trng/.loom/worktrees/issue-236/sim/digital-electrical-repair/requests/.klt/place-and-route/trng_digital_route.spef line 663, net $1010 not found.
[WARNING STA-1650] /home/ubuntu/GitHub/sky130-trng/.loom/worktrees/issue-236/sim/digital-electrical-repair/requests/.klt/place-and-route/trng_digital_route.spef line 673, net $10100 not found.
[WARNING STA-1650] /home/ubuntu/GitHub/sky130-trng/.loom/worktrees/issue-236/sim/digital-electrical-repair/requests/.klt/place-and-route/trng_digital_route.spef line 683, net $10102 not found.
[WARNING STA-1650] /home/ubuntu/GitHub/sky130-trng/.loom/worktrees/issue-236/sim/digital-electrical-repair/requests/.klt/place-and-route/trng_digital_route.spef line 694, net $10103 not found.
[WARNING STA-1650] /home/ubuntu/GitHub/sky130-trng/.loom/worktrees/issue-236/sim/digital-electrical-repair/requests/.klt/place-and-route/trng_digital_route.spef line 719, net $10104 not found.
[WARNING STA-1650] /home/ubuntu/GitHub/sky130-trng/.loom/worktrees/issue-236/sim/digital-electrical-repair/requests/.klt/place-and-route/trng_digital_route.spef line 739, net $10105 not found.
[WARNING STA-1650] /home/ubuntu/GitHub/sky130-trng/.loom/worktrees/issue-236/sim/digital-electrical-repair/requests/.klt/place-and-route/trng_digital_route.spef line 751, net $10106 not found.
[WARNING STA-1650] /home/ubuntu/GitHub/sky130-trng/.loom/worktrees/issue-236/sim/digital-electrical-repair/requests/.klt/place-and-route/trng_digital_route.spef line 767, net $10107 not found.
[WARNING STA-1650] /home/ubuntu/GitHub/sky130-trng/.loom/worktrees/issue-236/sim/digital-electrical-repair/requests/.klt/place-and-route/trng_digital_route.spef line 781, net $10108 not found.
[WARNING STA-1650] /home/ubuntu/GitHub/sky130-trng/.loom/worktrees/issue-236/sim/digital-electrical-repair/requests/.klt/place-and-route/trng_digital_route.spef line 799, net $10109 not found.
[WARNING STA-1650] /home/ubuntu/GitHub/sky130-trng/.loom/worktrees/issue-236/sim/digital-electrical-repair/requests/.klt/place-and-route/trng_digital_route.spef line 812, net $10110 not found.
[WARNING STA-1650] /home/ubuntu/GitHub/sky130-trng/.loom/worktrees/issue-236/sim/digital-electrical-repair/requests/.klt/place-and-route/trng_digital_route.spef line 825, net $10111 not found.
[WARNING STA-1650] /home/ubuntu/GitHub/sky130-trng/.loom/worktrees/issue-236/sim/digital-electrical-repair/requests/.klt/place-and-route/trng_digital_route.spef line 849, net $10112 not found.
[WARNING STA-1650] /home/ubuntu/GitHub/sky130-trng/.loom/worktrees/issue-236/sim/digital-electrical-repair/requests/.klt/place-and-route/trng_digital_route.spef line 871, net $10113 not found.
[WARNING STA-1650] /home/ubuntu/GitHub/sky130-trng/.loom/worktrees/issue-236/sim/digital-electrical-repair/requests/.klt/place-and-route/trng_digital_route.spef line 884, net $10114 not found.
[WARNING STA-1650] /home/ubuntu/GitHub/sky130-trng/.loom/worktrees/issue-236/sim/digital-electrical-repair/requests/.klt/place-and-route/trng_digital_route.spef line 899, net $10115 not found.
[WARNING STA-1650] /home/ubuntu/GitHub/sky130-trng/.loom/worktrees/issue-236/sim/digital-electrical-repair/requests/.klt/place-and-route/trng_digital_route.spef line 909, net $10116 not found.
[WARNING STA-1650] /home/ubuntu/GitHub/sky130-trng/.loom/worktrees/issue-236/sim/digital-electrical-repair/requests/.klt/place-and-route/trng_digital_route.spef line 924, net $10117 not found.
[WARNING STA-1650] /home/ubuntu/GitHub/sky130-trng/.loom/worktrees/issue-236/sim/digital-electrical-repair/requests/.klt/place-and-route/trng_digital_route.spef line 939, net $10118 not found.
[WARNING STA-1650] /home/ubuntu/GitHub/sky130-trng/.loom/worktrees/issue-236/sim/digital-electrical-repair/requests/.klt/place-and-route/trng_digital_route.spef line 955, net $10119 not found.
[WARNING STA-1650] /home/ubuntu/GitHub/sky130-trng/.loom/worktrees/issue-236/sim/digital-electrical-repair/requests/.klt/place-and-route/trng_digital_route.spef line 967, net $1012 not found.
[WARNING STA-1650] /home/ubuntu/GitHub/sky130-trng/.loom/worktrees/issue-236/sim/digital-electrical-repair/requests/.klt/place-and-route/trng_digital_route.spef line 977, net $10121 not found.
[WARNING STA-1650] /home/ubuntu/GitHub/sky130-trng/.loom/worktrees/issue-236/sim/digital-electrical-repair/requests/.klt/place-and-route/trng_digital_route.spef line 988, net $10123 not found.
[WARNING STA-1650] /home/ubuntu/GitHub/sky130-trng/.loom/worktrees/issue-236/sim/digital-electrical-repair/requests/.klt/place-and-route/trng_digital_route.spef line 1002, net $10124 not found.
[WARNING STA-1650] /home/ubuntu/GitHub/sky130-trng/.loom/worktrees/issue-236/sim/digital-electrical-repair/requests/.klt/place-and-route/trng_digital_route.spef line 1028, net $10125 not found.
[WARNING STA-1650] /home/ubuntu/GitHub/sky130-trng/.loom/worktrees/issue-236/sim/digital-electrical-repair/requests/.klt/place-and-route/trng_digital_route.spef line 1051, net $10126 not found.
[WARNING STA-1650] /home/ubuntu/GitHub/sky130-trng/.loom/worktrees/issue-236/sim/digital-electrical-repair/requests/.klt/place-and-route/trng_digital_route.spef line 1063, net $10127 not found.
[WARNING STA-1650] /home/ubuntu/GitHub/sky130-trng/.loom/worktrees/issue-236/sim/digital-electrical-repair/requests/.klt/place-and-route/trng_digital_route.spef line 1077, net $10128 not found.
[WARNING STA-1650] /home/ubuntu/GitHub/sky130-trng/.loom/worktrees/issue-236/sim/digital-electrical-repair/requests/.klt/place-and-route/trng_digital_route.spef line 1086, net $10129 not found.
[WARNING STA-1650] /home/ubuntu/GitHub/sky130-trng/.loom/worktrees/issue-236/sim/digital-electrical-repair/requests/.klt/place-and-route/trng_digital_route.spef line 1100, net $1013 not found.
[WARNING STA-1650] /home/ubuntu/GitHub/sky130-trng/.loom/worktrees/issue-236/sim/digital-electrical-repair/requests/.klt/place-and-route/trng_digital_route.spef line 1111, net $10130 not found.
[WARNING STA-1650] /home/ubuntu/GitHub/sky130-trng/.loom/worktrees/issue-236/sim/digital-electrical-repair/requests/.klt/place-and-route/trng_digital_route.spef line 1126, net $10131 not found.
[WARNING STA-1650] /home/ubuntu/GitHub/sky130-trng/.loom/worktrees/issue-236/sim/digital-electrical-repair/requests/.klt/place-and-route/trng_digital_route.spef line 1142, net $10134 not found.
[WARNING STA-1650] /home/ubuntu/GitHub/sky130-trng/.loom/worktrees/issue-236/sim/digital-electrical-repair/requests/.klt/place-and-route/trng_digital_route.spef line 1152, net $10137 not found.
[WARNING STA-1650] /home/ubuntu/GitHub/sky130-trng/.loom/worktrees/issue-236/sim/digital-electrical-repair/requests/.klt/place-and-route/trng_digital_route.spef line 1165, net $1014 not found.
[WARNING STA-1650] /home/ubuntu/GitHub/sky130-trng/.loom/worktrees/issue-236/sim/digital-electrical-repair/requests/.klt/place-and-route/trng_digital_route.spef line 1176, net $10140 not found.
[WARNING STA-1650] /home/ubuntu/GitHub/sky130-trng/.loom/worktrees/issue-236/sim/digital-electrical-repair/requests/.klt/place-and-route/trng_digital_route.spef line 1195, net $10142 not found.
[WARNING STA-1650] /home/ubuntu/GitHub/sky130-trng/.loom/worktrees/issue-236/sim/digital-electrical-repair/requests/.klt/place-and-route/trng_digital_route.spef line 1221, net $10143 not found.
[WARNING STA-1650] /home/ubuntu/GitHub/sky130-trng/.loom/worktrees/issue-236/sim/digital-electrical-repair/requests/.klt/place-and-route/trng_digital_route.spef line 1243, net $10144 not found.
[WARNING STA-1650] /home/ubuntu/GitHub/sky130-trng/.loom/worktrees/issue-236/sim/digital-electrical-repair/requests/.klt/place-and-route/trng_digital_route.spef line 1256, net $10145 not found.
[WARNING STA-1650] /home/ubuntu/GitHub/sky130-trng/.loom/worktrees/issue-236/sim/digital-electrical-repair/requests/.klt/place-and-route/trng_digital_route.spef line 1271, net $10146 not found.
[WARNING STA-1650] /home/ubuntu/GitHub/sky130-trng/.loom/worktrees/issue-236/sim/digital-electrical-repair/requests/.klt/place-and-route/trng_digital_route.spef line 1280, net $10147 not found.
[WARNING STA-1650] /home/ubuntu/GitHub/sky130-trng/.loom/worktrees/issue-236/sim/digital-electrical-repair/requests/.klt/place-and-route/trng_digital_route.spef line 1295, net $10148 not found.
[WARNING STA-1650] /home/ubuntu/GitHub/sky130-trng/.loom/worktrees/issue-236/sim/digital-electrical-repair/requests/.klt/place-and-route/trng_digital_route.spef line 1310, net $10149 not found.
[WARNING STA-1650] /home/ubuntu/GitHub/sky130-trng/.loom/worktrees/issue-236/sim/digital-electrical-repair/requests/.klt/place-and-route/trng_digital_route.spef line 1326, net $10150 not found.
[WARNING STA-1650] /home/ubuntu/GitHub/sky130-trng/.loom/worktrees/issue-236/sim/digital-electrical-repair/requests/.klt/place-and-route/trng_digital_route.spef line 1354, net $10151 not found.
[WARNING STA-1650] /home/ubuntu/GitHub/sky130-trng/.loom/worktrees/issue-236/sim/digital-electrical-repair/requests/.klt/place-and-route/trng_digital_route.spef line 1379, net $10153 not found.
[WARNING STA-1650] /home/ubuntu/GitHub/sky130-trng/.loom/worktrees/issue-236/sim/digital-electrical-repair/requests/.klt/place-and-route/trng_digital_route.spef line 1392, net $10154 not found.
[WARNING STA-1650] /home/ubuntu/GitHub/sky130-trng/.loom/worktrees/issue-236/sim/digital-electrical-repair/requests/.klt/place-and-route/trng_digital_route.spef line 1407, net $10155 not found.
[WARNING STA-1650] /home/ubuntu/GitHub/sky130-trng/.loom/worktrees/issue-236/sim/digital-electrical-repair/requests/.klt/place-and-route/trng_digital_route.spef line 1416, net $10156 not found.
[WARNING STA-1650] /home/ubuntu/GitHub/sky130-trng/.loom/worktrees/issue-236/sim/digital-electrical-repair/requests/.klt/place-and-route/trng_digital_route.spef line 1431, net $10157 not found.
[WARNING STA-1650] /home/ubuntu/GitHub/sky130-trng/.loom/worktrees/issue-236/sim/digital-electrical-repair/requests/.klt/place-and-route/trng_digital_route.spef line 1447, net $10158 not found.
[WARNING STA-1650] /home/ubuntu/GitHub/sky130-trng/.loom/worktrees/issue-236/sim/digital-electrical-repair/requests/.klt/place-and-route/trng_digital_route.spef line 1463, net $10159 not found.
[WARNING STA-1650] /home/ubuntu/GitHub/sky130-trng/.loom/worktrees/issue-236/sim/digital-electrical-repair/requests/.klt/place-and-route/trng_digital_route.spef line 1483, net $1016 not found.
[WARNING STA-1650] /home/ubuntu/GitHub/sky130-trng/.loom/worktrees/issue-236/sim/digital-electrical-repair/requests/.klt/place-and-route/trng_digital_route.spef line 1494, net $10160 not found.
[WARNING STA-1650] /home/ubuntu/GitHub/sky130-trng/.loom/worktrees/issue-236/sim/digital-electrical-repair/requests/.klt/place-and-route/trng_digital_route.spef line 1512, net $10161 not found.
[WARNING STA-1650] /home/ubuntu/GitHub/sky130-trng/.loom/worktrees/issue-236/sim/digital-electrical-repair/requests/.klt/place-and-route/trng_digital_route.spef line 1523, net $10162 not found.
[WARNING STA-1650] /home/ubuntu/GitHub/sky130-trng/.loom/worktrees/issue-236/sim/digital-electrical-repair/requests/.klt/place-and-route/trng_digital_route.spef line 1536, net $10163 not found.
[WARNING STA-1650] /home/ubuntu/GitHub/sky130-trng/.loom/worktrees/issue-236/sim/digital-electrical-repair/requests/.klt/place-and-route/trng_digital_route.spef line 1545, net $10164 not found.
[WARNING STA-1650] /home/ubuntu/GitHub/sky130-trng/.loom/worktrees/issue-236/sim/digital-electrical-repair/requests/.klt/place-and-route/trng_digital_route.spef line 1558, net $10165 not found.
[WARNING STA-1650] /home/ubuntu/GitHub/sky130-trng/.loom/worktrees/issue-236/sim/digital-electrical-repair/requests/.klt/place-and-route/trng_digital_route.spef line 1571, net $10166 not found.
[WARNING STA-1650] /home/ubuntu/GitHub/sky130-trng/.loom/worktrees/issue-236/sim/digital-electrical-repair/requests/.klt/place-and-route/trng_digital_route.spef line 1585, net $10167 not found.
[WARNING STA-1650] /home/ubuntu/GitHub/sky130-trng/.loom/worktrees/issue-236/sim/digital-electrical-repair/requests/.klt/place-and-route/trng_digital_route.spef line 1595, net $1017 not found.
[WARNING STA-1650] /home/ubuntu/GitHub/sky130-trng/.loom/worktrees/issue-236/sim/digital-electrical-repair/requests/.klt/place-and-route/trng_digital_route.spef line 1611, net $1018 not found.
[WARNING STA-1650] /home/ubuntu/GitHub/sky130-trng/.loom/worktrees/issue-236/sim/digital-electrical-repair/requests/.klt/place-and-route/trng_digital_route.spef line 1622, net $10183 not found.
[WARNING STA-1650] /home/ubuntu/GitHub/sky130-trng/.loom/worktrees/issue-236/sim/digital-electrical-repair/requests/.klt/place-and-route/trng_digital_route.spef line 1631, net $10184 not found.
[WARNING STA-1650] /home/ubuntu/GitHub/sky130-trng/.loom/worktrees/issue-236/sim/digital-electrical-repair/requests/.klt/place-and-route/trng_digital_route.spef line 1640, net $10185 not found.
[WARNING STA-1650] /home/ubuntu/GitHub/sky130-trng/.loom/worktrees/issue-236/sim/digital-electrical-repair/requests/.klt/place-and-route/trng_digital_route.spef line 1649, net $10186 not found.
[WARNING STA-1650] /home/ubuntu/GitHub/sky130-trng/.loom/worktrees/issue-236/sim/digital-electrical-repair/requests/.klt/place-and-route/trng_digital_route.spef line 1657, net $10187 not found.
[WARNING STA-1650] /home/ubuntu/GitHub/sky130-trng/.loom/worktrees/issue-236/sim/digital-electrical-repair/requests/.klt/place-and-route/trng_digital_route.spef line 1666, net $10188 not found.
[WARNING STA-1650] /home/ubuntu/GitHub/sky130-trng/.loom/worktrees/issue-236/sim/digital-electrical-repair/requests/.klt/place-and-route/trng_digital_route.spef line 1675, net $10189 not found.
[WARNING STA-1650] /home/ubuntu/GitHub/sky130-trng/.loom/worktrees/issue-236/sim/digital-electrical-repair/requests/.klt/place-and-route/trng_digital_route.spef line 1686, net $1019 not found.
[WARNING STA-1650] /home/ubuntu/GitHub/sky130-trng/.loom/worktrees/issue-236/sim/digital-electrical-repair/requests/.klt/place-and-route/trng_digital_route.spef line 1696, net $10190 not found.
[WARNING STA-1650] /home/ubuntu/GitHub/sky130-trng/.loom/worktrees/issue-236/sim/digital-electrical-repair/requests/.klt/place-and-route/trng_digital_route.spef line 1706, net $10191 not found.
[WARNING STA-1650] /home/ubuntu/GitHub/sky130-trng/.loom/worktrees/issue-236/sim/digital-electrical-repair/requests/.klt/place-and-route/trng_digital_route.spef line 1715, net $10192 not found.
[WARNING STA-1650] /home/ubuntu/GitHub/sky130-trng/.loom/worktrees/issue-236/sim/digital-electrical-repair/requests/.klt/place-and-route/trng_digital_route.spef line 1723, net $10225 not found.
[WARNING STA-1650] /home/ubuntu/GitHub/sky130-trng/.loom/worktrees/issue-236/sim/digital-electrical-repair/requests/.klt/place-and-route/trng_digital_route.spef line 1746, net $10226 not found.
[WARNING STA-1650] /home/ubuntu/GitHub/sky130-trng/.loom/worktrees/issue-236/sim/digital-electrical-repair/requests/.klt/place-and-route/trng_digital_route.spef line 1766, net $10227 not found.
[WARNING STA-1650] /home/ubuntu/GitHub/sky130-trng/.loom/worktrees/issue-236/sim/digital-electrical-repair/requests/.klt/place-and-route/trng_digital_route.spef line 1776, net $10228 not found.
[WARNING STA-1650] /home/ubuntu/GitHub/sky130-trng/.loom/worktrees/issue-236/sim/digital-electrical-repair/requests/.klt/place-and-route/trng_digital_route.spef line 1788, net $10229 not found.
[WARNING STA-1650] /home/ubuntu/GitHub/sky130-trng/.loom/worktrees/issue-236/sim/digital-electrical-repair/requests/.klt/place-and-route/trng_digital_route.spef line 1801, net $10230 not found.
[WARNING STA-1650] /home/ubuntu/GitHub/sky130-trng/.loom/worktrees/issue-236/sim/digital-electrical-repair/requests/.klt/place-and-route/trng_digital_route.spef line 1815, net $10231 not found.
[WARNING STA-1650] /home/ubuntu/GitHub/sky130-trng/.loom/worktrees/issue-236/sim/digital-electrical-repair/requests/.klt/place-and-route/trng_digital_route.spef line 1842, net $10232 not found.
[WARNING STA-1650] /home/ubuntu/GitHub/sky130-trng/.loom/worktrees/issue-236/sim/digital-electrical-repair/requests/.klt/place-and-route/trng_digital_route.spef line 1867, net $10233 not found.
[WARNING STA-1650] /home/ubuntu/GitHub/sky130-trng/.loom/worktrees/issue-236/sim/digital-electrical-repair/requests/.klt/place-and-route/trng_digital_route.spef line 1879, net $10234 not found.
[WARNING STA-1650] /home/ubuntu/GitHub/sky130-trng/.loom/worktrees/issue-236/sim/digital-electrical-repair/requests/.klt/place-and-route/trng_digital_route.spef line 1893, net $10235 not found.
[WARNING STA-1650] /home/ubuntu/GitHub/sky130-trng/.loom/worktrees/issue-236/sim/digital-electrical-repair/requests/.klt/place-and-route/trng_digital_route.spef line 1909, net $10236 not found.
[WARNING STA-1650] /home/ubuntu/GitHub/sky130-trng/.loom/worktrees/issue-236/sim/digital-electrical-repair/requests/.klt/place-and-route/trng_digital_route.spef line 1926, net $10237 not found.
[WARNING STA-1650] /home/ubuntu/GitHub/sky130-trng/.loom/worktrees/issue-236/sim/digital-electrical-repair/requests/.klt/place-and-route/trng_digital_route.spef line 1950, net $10238 not found.
[WARNING STA-1650] /home/ubuntu/GitHub/sky130-trng/.loom/worktrees/issue-236/sim/digital-electrical-repair/requests/.klt/place-and-route/trng_digital_route.spef line 1972, net $10239 not found.
[WARNING STA-1650] /home/ubuntu/GitHub/sky130-trng/.loom/worktrees/issue-236/sim/digital-electrical-repair/requests/.klt/place-and-route/trng_digital_route.spef line 1985, net $10240 not found.
[WARNING STA-1650] /home/ubuntu/GitHub/sky130-trng/.loom/worktrees/issue-236/sim/digital-electrical-repair/requests/.klt/place-and-route/trng_digital_route.spef line 1999, net $10241 not found.
[WARNING STA-1650] /home/ubuntu/GitHub/sky130-trng/.loom/worktrees/issue-236/sim/digital-electrical-repair/requests/.klt/place-and-route/trng_digital_route.spef line 2014, net $10242 not found.
[WARNING STA-1650] /home/ubuntu/GitHub/sky130-trng/.loom/worktrees/issue-236/sim/digital-electrical-repair/requests/.klt/place-and-route/trng_digital_route.spef line 2030, net $10245 not found.
[WARNING STA-1650] /home/ubuntu/GitHub/sky130-trng/.loom/worktrees/issue-236/sim/digital-electrical-repair/requests/.klt/place-and-route/trng_digital_route.spef line 2051, net $10246 not found.
[WARNING STA-1650] /home/ubuntu/GitHub/sky130-trng/.loom/worktrees/issue-236/sim/digital-electrical-repair/requests/.klt/place-and-route/trng_digital_route.spef line 2070, net $10247 not found.
[WARNING STA-1650] /home/ubuntu/GitHub/sky130-trng/.loom/worktrees/issue-236/sim/digital-electrical-repair/requests/.klt/place-and-route/trng_digital_route.spef line 2083, net $10248 not found.
[WARNING STA-1650] /home/ubuntu/GitHub/sky130-trng/.loom/worktrees/issue-236/sim/digital-electrical-repair/requests/.klt/place-and-route/trng_digital_route.spef line 2097, net $10249 not found.
[WARNING STA-1650] /home/ubuntu/GitHub/sky130-trng/.loom/worktrees/issue-236/sim/digital-electrical-repair/requests/.klt/place-and-route/trng_digital_route.spef line 2111, net $10250 not found.
[WARNING STA-1650] /home/ubuntu/GitHub/sky130-trng/.loom/worktrees/issue-236/sim/digital-electrical-repair/requests/.klt/place-and-route/trng_digital_route.spef line 2126, net $10252 not found.
[WARNING STA-1650] /home/ubuntu/GitHub/sky130-trng/.loom/worktrees/issue-236/sim/digital-electrical-repair/requests/.klt/place-and-route/trng_digital_route.spef line 2144, net $10253 not found.
[WARNING STA-1650] /home/ubuntu/GitHub/sky130-trng/.loom/worktrees/issue-236/sim/digital-electrical-repair/requests/.klt/place-and-route/trng_digital_route.spef line 2152, net $10254 not found.
[WARNING STA-1650] /home/ubuntu/GitHub/sky130-trng/.loom/worktrees/issue-236/sim/digital-electrical-repair/requests/.klt/place-and-route/trng_digital_route.spef line 2161, net $10255 not found.
[WARNING STA-1650] /home/ubuntu/GitHub/sky130-trng/.loom/worktrees/issue-236/sim/digital-electrical-repair/requests/.klt/place-and-route/trng_digital_route.spef line 2174, net $10258 not found.
[WARNING STA-1650] /home/ubuntu/GitHub/sky130-trng/.loom/worktrees/issue-236/sim/digital-electrical-repair/requests/.klt/place-and-route/trng_digital_route.spef line 2198, net $10259 not found.
[WARNING STA-1650] /home/ubuntu/GitHub/sky130-trng/.loom/worktrees/issue-236/sim/digital-electrical-repair/requests/.klt/place-and-route/trng_digital_route.spef line 2219, net $10260 not found.
[WARNING STA-1650] /home/ubuntu/GitHub/sky130-trng/.loom/worktrees/issue-236/sim/digital-electrical-repair/requests/.klt/place-and-route/trng_digital_route.spef line 2231, net $10261 not found.
[WARNING STA-1650] /home/ubuntu/GitHub/sky130-trng/.loom/worktrees/issue-236/sim/digital-electrical-repair/requests/.klt/place-and-route/trng_digital_route.spef line 2245, net $10262 not found.
[WARNING STA-1650] /home/ubuntu/GitHub/sky130-trng/.loom/worktrees/issue-236/sim/digital-electrical-repair/requests/.klt/place-and-route/trng_digital_route.spef line 2261, net $10263 not found.
[WARNING STA-1650] /home/ubuntu/GitHub/sky130-trng/.loom/worktrees/issue-236/sim/digital-electrical-repair/requests/.klt/place-and-route/trng_digital_route.spef line 2277, net $10266 not found.
[WARNING STA-1650] /home/ubuntu/GitHub/sky130-trng/.loom/worktrees/issue-236/sim/digital-electrical-repair/requests/.klt/place-and-route/trng_digital_route.spef line 2301, net $10267 not found.
[WARNING STA-1650] /home/ubuntu/GitHub/sky130-trng/.loom/worktrees/issue-236/sim/digital-electrical-repair/requests/.klt/place-and-route/trng_digital_route.spef line 2322, net $10268 not found.
[WARNING STA-1650] /home/ubuntu/GitHub/sky130-trng/.loom/worktrees/issue-236/sim/digital-electrical-repair/requests/.klt/place-and-route/trng_digital_route.spef line 2335, net $10269 not found.
[WARNING STA-1650] /home/ubuntu/GitHub/sky130-trng/.loom/worktrees/issue-236/sim/digital-electrical-repair/requests/.klt/place-and-route/trng_digital_route.spef line 2352, net $10270 not found.
[WARNING STA-1650] /home/ubuntu/GitHub/sky130-trng/.loom/worktrees/issue-236/sim/digital-electrical-repair/requests/.klt/place-and-route/trng_digital_route.spef line 2367, net $10271 not found.
[WARNING STA-1650] /home/ubuntu/GitHub/sky130-trng/.loom/worktrees/issue-236/sim/digital-electrical-repair/requests/.klt/place-and-route/trng_digital_route.spef line 2386, net $10272 not found.
[WARNING STA-1650] /home/ubuntu/GitHub/sky130-trng/.loom/worktrees/issue-236/sim/digital-electrical-repair/requests/.klt/place-and-route/trng_digital_route.spef line 2400, net $10273 not found.
[WARNING STA-1650] /home/ubuntu/GitHub/sky130-trng/.loom/worktrees/issue-236/sim/digital-electrical-repair/requests/.klt/place-and-route/trng_digital_route.spef line 2413, net $10275 not found.
[WARNING STA-1650] /home/ubuntu/GitHub/sky130-trng/.loom/worktrees/issue-236/sim/digital-electrical-repair/requests/.klt/place-and-route/trng_digital_route.spef line 2423, net $10276 not found.
[WARNING STA-1650] /home/ubuntu/GitHub/sky130-trng/.loom/worktrees/issue-236/sim/digital-electrical-repair/requests/.klt/place-and-route/trng_digital_route.spef line 2438, net $10279 not found.
[WARNING STA-1650] /home/ubuntu/GitHub/sky130-trng/.loom/worktrees/issue-236/sim/digital-electrical-repair/requests/.klt/place-and-route/trng_digital_route.spef line 2463, net $10280 not found.
[WARNING STA-1650] /home/ubuntu/GitHub/sky130-trng/.loom/worktrees/issue-236/sim/digital-electrical-repair/requests/.klt/place-and-route/trng_digital_route.spef line 2483, net $10281 not found.
[WARNING STA-1650] /home/ubuntu/GitHub/sky130-trng/.loom/worktrees/issue-236/sim/digital-electrical-repair/requests/.klt/place-and-route/trng_digital_route.spef line 2498, net $10282 not found.
[WARNING STA-1650] /home/ubuntu/GitHub/sky130-trng/.loom/worktrees/issue-236/sim/digital-electrical-repair/requests/.klt/place-and-route/trng_digital_route.spef line 2514, net $10283 not found.
[WARNING STA-1650] /home/ubuntu/GitHub/sky130-trng/.loom/worktrees/issue-236/sim/digital-electrical-repair/requests/.klt/place-and-route/trng_digital_route.spef line 2527, net $10284 not found.
[WARNING STA-1650] /home/ubuntu/GitHub/sky130-trng/.loom/worktrees/issue-236/sim/digital-electrical-repair/requests/.klt/place-and-route/trng_digital_route.spef line 2544, net $10285 not found.
[WARNING STA-1650] /home/ubuntu/GitHub/sky130-trng/.loom/worktrees/issue-236/sim/digital-electrical-repair/requests/.klt/place-and-route/trng_digital_route.spef line 2555, net $10286 not found.
[WARNING STA-1650] /home/ubuntu/GitHub/sky130-trng/.loom/worktrees/issue-236/sim/digital-electrical-repair/requests/.klt/place-and-route/trng_digital_route.spef line 2566, net $10287 not found.
[WARNING STA-1650] /home/ubuntu/GitHub/sky130-trng/.loom/worktrees/issue-236/sim/digital-electrical-repair/requests/.klt/place-and-route/trng_digital_route.spef line 2583, net $10323 not found.
[WARNING STA-1650] /home/ubuntu/GitHub/sky130-trng/.loom/worktrees/issue-236/sim/digital-electrical-repair/requests/.klt/place-and-route/trng_digital_route.spef line 2596, net $10325 not found.
[WARNING STA-1650] /home/ubuntu/GitHub/sky130-trng/.loom/worktrees/issue-236/sim/digital-electrical-repair/requests/.klt/place-and-route/trng_digital_route.spef line 2611, net $10326 not found.
[WARNING STA-1650] /home/ubuntu/GitHub/sky130-trng/.loom/worktrees/issue-236/sim/digital-electrical-repair/requests/.klt/place-and-route/trng_digital_route.spef line 2625, net $10328 not found.
[WARNING STA-1650] /home/ubuntu/GitHub/sky130-trng/.loom/worktrees/issue-236/sim/digital-electrical-repair/requests/.klt/place-and-route/trng_digital_route.spef line 2639, net $10329 not found.
[WARNING STA-1650] /home/ubuntu/GitHub/sky130-trng/.loom/worktrees/issue-236/sim/digital-electrical-repair/requests/.klt/place-and-route/trng_digital_route.spef line 2649, net $10331 not found.
[WARNING STA-1650] /home/ubuntu/GitHub/sky130-trng/.loom/worktrees/issue-236/sim/digital-electrical-repair/requests/.klt/place-and-route/trng_digital_route.spef line 2659, net $10333 not found.
[WARNING STA-1650] /home/ubuntu/GitHub/sky130-trng/.loom/worktrees/issue-236/sim/digital-electrical-repair/requests/.klt/place-and-route/trng_digital_route.spef line 2674, net $10335 not found.
[WARNING STA-1650] /home/ubuntu/GitHub/sky130-trng/.loom/worktrees/issue-236/sim/digital-electrical-repair/requests/.klt/place-and-route/trng_digital_route.spef line 2684, net $10336 not found.
[WARNING STA-1650] /home/ubuntu/GitHub/sky130-trng/.loom/worktrees/issue-236/sim/digital-electrical-repair/requests/.klt/place-and-route/trng_digital_route.spef line 2695, net $10338 not found.
[WARNING STA-1650] /home/ubuntu/GitHub/sky130-trng/.loom/worktrees/issue-236/sim/digital-electrical-repair/requests/.klt/place-and-route/trng_digital_route.spef line 2704, net $10339 not found.
[WARNING STA-1650] /home/ubuntu/GitHub/sky130-trng/.loom/worktrees/issue-236/sim/digital-electrical-repair/requests/.klt/place-and-route/trng_digital_route.spef line 2714, net $10340 not found.
[WARNING STA-1650] /home/ubuntu/GitHub/sky130-trng/.loom/worktrees/issue-236/sim/digital-electrical-repair/requests/.klt/place-and-route/trng_digital_route.spef line 2724, net $10341 not found.
[WARNING STA-1650] /home/ubuntu/GitHub/sky130-trng/.loom/worktrees/issue-236/sim/digital-electrical-repair/requests/.klt/place-and-route/trng_digital_route.spef line 2734, net $10342 not found.
[WARNING STA-1650] /home/ubuntu/GitHub/sky130-trng/.loom/worktrees/issue-236/sim/digital-electrical-repair/requests/.klt/place-and-route/trng_digital_route.spef line 2744, net $10359 not found.
[WARNING STA-1650] /home/ubuntu/GitHub/sky130-trng/.loom/worktrees/issue-236/sim/digital-electrical-repair/requests/.klt/place-and-route/trng_digital_route.spef line 2767, net $10360 not found.
[WARNING STA-1650] /home/ubuntu/GitHub/sky130-trng/.loom/worktrees/issue-236/sim/digital-electrical-repair/requests/.klt/place-and-route/trng_digital_route.spef line 2788, net $10362 not found.
[WARNING STA-1650] /home/ubuntu/GitHub/sky130-trng/.loom/worktrees/issue-236/sim/digital-electrical-repair/requests/.klt/place-and-route/trng_digital_route.spef line 2798, net $10363 not found.
[WARNING STA-1650] /home/ubuntu/GitHub/sky130-trng/.loom/worktrees/issue-236/sim/digital-electrical-repair/requests/.klt/place-and-route/trng_digital_route.spef line 2810, net $10364 not found.
[WARNING STA-1650] /home/ubuntu/GitHub/sky130-trng/.loom/worktrees/issue-236/sim/digital-electrical-repair/requests/.klt/place-and-route/trng_digital_route.spef line 2819, net $10365 not found.
[WARNING STA-1650] /home/ubuntu/GitHub/sky130-trng/.loom/worktrees/issue-236/sim/digital-electrical-repair/requests/.klt/place-and-route/trng_digital_route.spef line 2832, net $10366 not found.
[WARNING STA-1650] /home/ubuntu/GitHub/sky130-trng/.loom/worktrees/issue-236/sim/digital-electrical-repair/requests/.klt/place-and-route/trng_digital_route.spef line 2846, net $10367 not found.
[WARNING STA-1650] /home/ubuntu/GitHub/sky130-trng/.loom/worktrees/issue-236/sim/digital-electrical-repair/requests/.klt/place-and-route/trng_digital_route.spef line 2861, net $10370 not found.
[WARNING STA-1650] /home/ubuntu/GitHub/sky130-trng/.loom/worktrees/issue-236/sim/digital-electrical-repair/requests/.klt/place-and-route/trng_digital_route.spef line 2871, net $10371 not found.
[WARNING STA-1650] /home/ubuntu/GitHub/sky130-trng/.loom/worktrees/issue-236/sim/digital-electrical-repair/requests/.klt/place-and-route/trng_digital_route.spef line 2883, net $10372 not found.
[WARNING STA-1650] /home/ubuntu/GitHub/sky130-trng/.loom/worktrees/issue-236/sim/digital-electrical-repair/requests/.klt/place-and-route/trng_digital_route.spef line 2893, net $10374 not found.
[WARNING STA-1650] /home/ubuntu/GitHub/sky130-trng/.loom/worktrees/issue-236/sim/digital-electrical-repair/requests/.klt/place-and-route/trng_digital_route.spef line 2907, net $10375 not found.
[WARNING STA-1650] /home/ubuntu/GitHub/sky130-trng/.loom/worktrees/issue-236/sim/digital-electrical-repair/requests/.klt/place-and-route/trng_digital_route.spef line 2923, net $10376 not found.
[WARNING STA-1650] /home/ubuntu/GitHub/sky130-trng/.loom/worktrees/issue-236/sim/digital-electrical-repair/requests/.klt/place-and-route/trng_digital_route.spef line 2932, net $10379 not found.
[WARNING STA-1650] /home/ubuntu/GitHub/sky130-trng/.loom/worktrees/issue-236/sim/digital-electrical-repair/requests/.klt/place-and-route/trng_digital_route.spef line 2946, net $10380 not found.
[WARNING STA-1650] /home/ubuntu/GitHub/sky130-trng/.loom/worktrees/issue-236/sim/digital-electrical-repair/requests/.klt/place-and-route/trng_digital_route.spef line 2956, net $10384 not found.
[WARNING STA-1650] /home/ubuntu/GitHub/sky130-trng/.loom/worktrees/issue-236/sim/digital-electrical-repair/requests/.klt/place-and-route/trng_digital_route.spef line 2972, net $10386 not found.
[WARNING STA-1650] /home/ubuntu/GitHub/sky130-trng/.loom/worktrees/issue-236/sim/digital-electrical-repair/requests/.klt/place-and-route/trng_digital_route.spef line 2990, net $10388 not found.
[WARNING STA-1650] /home/ubuntu/GitHub/sky130-trng/.loom/worktrees/issue-236/sim/digital-electrical-repair/requests/.klt/place-and-route/trng_digital_route.spef line 3016, net $10389 not found.
[WARNING STA-1650] /home/ubuntu/GitHub/sky130-trng/.loom/worktrees/issue-236/sim/digital-electrical-repair/requests/.klt/place-and-route/trng_digital_route.spef line 3040, net $10390 not found.
[WARNING STA-1650] /home/ubuntu/GitHub/sky130-trng/.loom/worktrees/issue-236/sim/digital-electrical-repair/requests/.klt/place-and-route/trng_digital_route.spef line 3053, net $10391 not found.
[WARNING STA-1650] /home/ubuntu/GitHub/sky130-trng/.loom/worktrees/issue-236/sim/digital-electrical-repair/requests/.klt/place-and-route/trng_digital_route.spef line 3068, net $10392 not found.
[WARNING STA-1650] /home/ubuntu/GitHub/sky130-trng/.loom/worktrees/issue-236/sim/digital-electrical-repair/requests/.klt/place-and-route/trng_digital_route.spef line 3078, net $10393 not found.
[WARNING STA-1650] /home/ubuntu/GitHub/sky130-trng/.loom/worktrees/issue-236/sim/digital-electrical-repair/requests/.klt/place-and-route/trng_digital_route.spef line 3093, net $10394 not found.
[WARNING STA-1650] /home/ubuntu/GitHub/sky130-trng/.loom/worktrees/issue-236/sim/digital-electrical-repair/requests/.klt/place-and-route/trng_digital_route.spef line 3108, net $10395 not found.
[WARNING STA-1650] /home/ubuntu/GitHub/sky130-trng/.loom/worktrees/issue-236/sim/digital-electrical-repair/requests/.klt/place-and-route/trng_digital_route.spef line 3123, net $10396 not found.
[WARNING STA-1650] /home/ubuntu/GitHub/sky130-trng/.loom/worktrees/issue-236/sim/digital-electrical-repair/requests/.klt/place-and-route/trng_digital_route.spef line 3132, net $10398 not found.
[WARNING STA-1650] /home/ubuntu/GitHub/sky130-trng/.loom/worktrees/issue-236/sim/digital-electrical-repair/requests/.klt/place-and-route/trng_digital_route.spef line 3144, net $10399 not found.
[WARNING STA-1650] /home/ubuntu/GitHub/sky130-trng/.loom/worktrees/issue-236/sim/digital-electrical-repair/requests/.klt/place-and-route/trng_digital_route.spef line 3153, net $10401 not found.
[WARNING STA-1650] /home/ubuntu/GitHub/sky130-trng/.loom/worktrees/issue-236/sim/digital-electrical-repair/requests/.klt/place-and-route/trng_digital_route.spef line 3166, net $10402 not found.
[WARNING STA-1650] /home/ubuntu/GitHub/sky130-trng/.loom/worktrees/issue-236/sim/digital-electrical-repair/requests/.klt/place-and-route/trng_digital_route.spef line 3176, net $10403 not found.
[WARNING STA-1650] /home/ubuntu/GitHub/sky130-trng/.loom/worktrees/issue-236/sim/digital-electrical-repair/requests/.klt/place-and-route/trng_digital_route.spef line 3189, net $10406 not found.
[WARNING STA-1650] /home/ubuntu/GitHub/sky130-trng/.loom/worktrees/issue-236/sim/digital-electrical-repair/requests/.klt/place-and-route/trng_digital_route.spef line 3216, net $10407 not found.
[WARNING STA-1650] /home/ubuntu/GitHub/sky130-trng/.loom/worktrees/issue-236/sim/digital-electrical-repair/requests/.klt/place-and-route/trng_digital_route.spef line 3241, net $10409 not found.
[WARNING STA-1650] /home/ubuntu/GitHub/sky130-trng/.loom/worktrees/issue-236/sim/digital-electrical-repair/requests/.klt/place-and-route/trng_digital_route.spef line 3254, net $10410 not found.
[WARNING STA-1650] /home/ubuntu/GitHub/sky130-trng/.loom/worktrees/issue-236/sim/digital-electrical-repair/requests/.klt/place-and-route/trng_digital_route.spef line 3269, net $10411 not found.
[WARNING STA-1650] /home/ubuntu/GitHub/sky130-trng/.loom/worktrees/issue-236/sim/digital-electrical-repair/requests/.klt/place-and-route/trng_digital_route.spef line 3278, net $10412 not found.
[WARNING STA-1650] /home/ubuntu/GitHub/sky130-trng/.loom/worktrees/issue-236/sim/digital-electrical-repair/requests/.klt/place-and-route/trng_digital_route.spef line 3292, net $10413 not found.
[WARNING STA-1650] /home/ubuntu/GitHub/sky130-trng/.loom/worktrees/issue-236/sim/digital-electrical-repair/requests/.klt/place-and-route/trng_digital_route.spef line 3306, net $10414 not found.
[WARNING STA-1650] /home/ubuntu/GitHub/sky130-trng/.loom/worktrees/issue-236/sim/digital-electrical-repair/requests/.klt/place-and-route/trng_digital_route.spef line 3321, net $10416 not found.
[WARNING STA-1650] /home/ubuntu/GitHub/sky130-trng/.loom/worktrees/issue-236/sim/digital-electrical-repair/requests/.klt/place-and-route/trng_digital_route.spef line 3330, net $10419 not found.
[WARNING STA-1650] /home/ubuntu/GitHub/sky130-trng/.loom/worktrees/issue-236/sim/digital-electrical-repair/requests/.klt/place-and-route/trng_digital_route.spef line 3343, net $10424 not found.
[WARNING STA-1650] /home/ubuntu/GitHub/sky130-trng/.loom/worktrees/issue-236/sim/digital-electrical-repair/requests/.klt/place-and-route/trng_digital_route.spef line 3361, net $10425 not found.
[WARNING STA-1650] /home/ubuntu/GitHub/sky130-trng/.loom/worktrees/issue-236/sim/digital-electrical-repair/requests/.klt/place-and-route/trng_digital_route.spef line 3382, net $10426 not found.
[WARNING STA-1650] /home/ubuntu/GitHub/sky130-trng/.loom/worktrees/issue-236/sim/digital-electrical-repair/requests/.klt/place-and-route/trng_digital_route.spef line 3401, net $10427 not found.
[WARNING STA-1650] /home/ubuntu/GitHub/sky130-trng/.loom/worktrees/issue-236/sim/digital-electrical-repair/requests/.klt/place-and-route/trng_digital_route.spef line 3412, net $10428 not found.
[WARNING STA-1650] /home/ubuntu/GitHub/sky130-trng/.loom/worktrees/issue-236/sim/digital-electrical-repair/requests/.klt/place-and-route/trng_digital_route.spef line 3425, net $10429 not found.
[WARNING STA-1650] /home/ubuntu/GitHub/sky130-trng/.loom/worktrees/issue-236/sim/digital-electrical-repair/requests/.klt/place-and-route/trng_digital_route.spef line 3435, net $10430 not found.
[WARNING STA-1650] /home/ubuntu/GitHub/sky130-trng/.loom/worktrees/issue-236/sim/digital-electrical-repair/requests/.klt/place-and-route/trng_digital_route.spef line 3449, net $10431 not found.
[WARNING STA-1650] /home/ubuntu/GitHub/sky130-trng/.loom/worktrees/issue-236/sim/digital-electrical-repair/requests/.klt/place-and-route/trng_digital_route.spef line 3463, net $10432 not found.
[WARNING STA-1650] /home/ubuntu/GitHub/sky130-trng/.loom/worktrees/issue-236/sim/digital-electrical-repair/requests/.klt/place-and-route/trng_digital_route.spef line 3478, net $1045 not found.
[WARNING STA-1650] /home/ubuntu/GitHub/sky130-trng/.loom/worktrees/issue-236/sim/digital-electrical-repair/requests/.klt/place-and-route/trng_digital_route.spef line 3488, net $10454 not found.
[WARNING STA-1650] /home/ubuntu/GitHub/sky130-trng/.loom/worktrees/issue-236/sim/digital-electrical-repair/requests/.klt/place-and-route/trng_digital_route.spef line 3497, net $10455 not found.
[WARNING STA-1650] /home/ubuntu/GitHub/sky130-trng/.loom/worktrees/issue-236/sim/digital-electrical-repair/requests/.klt/place-and-route/trng_digital_route.spef line 3506, net $10456 not found.
[WARNING STA-1650] /home/ubuntu/GitHub/sky130-trng/.loom/worktrees/issue-236/sim/digital-electrical-repair/requests/.klt/place-and-route/trng_digital_route.spef line 3515, net $10457 not found.
[WARNING STA-1650] /home/ubuntu/GitHub/sky130-trng/.loom/worktrees/issue-236/sim/digital-electrical-repair/requests/.klt/place-and-route/trng_digital_route.spef line 3525, net $10458 not found.
[WARNING STA-1650] /home/ubuntu/GitHub/sky130-trng/.loom/worktrees/issue-236/sim/digital-electrical-repair/requests/.klt/place-and-route/trng_digital_route.spef line 3534, net $10459 not found.
[WARNING STA-1650] /home/ubuntu/GitHub/sky130-trng/.loom/worktrees/issue-236/sim/digital-electrical-repair/requests/.klt/place-and-route/trng_digital_route.spef line 3544, net $10460 not found.
[WARNING STA-1650] /home/ubuntu/GitHub/sky130-trng/.loom/worktrees/issue-236/sim/digital-electrical-repair/requests/.klt/place-and-route/trng_digital_route.spef line 3554, net $10461 not found.
[WARNING STA-1650] /home/ubuntu/GitHub/sky130-trng/.loom/worktrees/issue-236/sim/digital-electrical-repair/requests/.klt/place-and-route/trng_digital_route.spef line 3565, net $10462 not found.
[WARNING STA-1650] /home/ubuntu/GitHub/sky130-trng/.loom/worktrees/issue-236/sim/digital-electrical-repair/requests/.klt/place-and-route/trng_digital_route.spef line 3575, net $10463 not found.
[WARNING STA-1650] /home/ubuntu/GitHub/sky130-trng/.loom/worktrees/issue-236/sim/digital-electrical-repair/requests/.klt/place-and-route/trng_digital_route.spef line 3585, net $10464 not found.
[WARNING STA-1650] /home/ubuntu/GitHub/sky130-trng/.loom/worktrees/issue-236/sim/digital-electrical-repair/requests/.klt/place-and-route/trng_digital_route.spef line 3595, net $10465 not found.
[WARNING STA-1650] /home/ubuntu/GitHub/sky130-trng/.loom/worktrees/issue-236/sim/digital-electrical-repair/requests/.klt/place-and-route/trng_digital_route.spef line 3604, net $10466 not found.
[WARNING STA-1650] /home/ubuntu/GitHub/sky130-trng/.loom/worktrees/issue-236/sim/digital-electrical-repair/requests/.klt/place-and-route/trng_digital_route.spef line 3614, net $10467 not found.
[WARNING STA-1650] /home/ubuntu/GitHub/sky130-trng/.loom/worktrees/issue-236/sim/digital-electrical-repair/requests/.klt/place-and-route/trng_digital_route.spef line 3623, net $10468 not found.
[WARNING STA-1650] /home/ubuntu/GitHub/sky130-trng/.loom/worktrees/issue-236/sim/digital-electrical-repair/requests/.klt/place-and-route/trng_digital_route.spef line 3634, net $10469 not found.
[WARNING STA-1650] /home/ubuntu/GitHub/sky130-trng/.loom/worktrees/issue-236/sim/digital-electrical-repair/requests/.klt/place-and-route/trng_digital_route.spef line 3643, net $10470 not found.
[WARNING STA-1650] /home/ubuntu/GitHub/sky130-trng/.loom/worktrees/issue-236/sim/digital-electrical-repair/requests/.klt/place-and-route/trng_digital_route.spef line 3652, net $1049 not found.
[WARNING STA-1650] /home/ubuntu/GitHub/sky130-trng/.loom/worktrees/issue-236/sim/digital-electrical-repair/requests/.klt/place-and-route/trng_digital_route.spef line 3675, net $10491 not found.
[WARNING STA-1650] /home/ubuntu/GitHub/sky130-trng/.loom/worktrees/issue-236/sim/digital-electrical-repair/requests/.klt/place-and-route/trng_digital_route.spef line 3684, net $10493 not found.
[WARNING STA-1650] /home/ubuntu/GitHub/sky130-trng/.loom/worktrees/issue-236/sim/digital-electrical-repair/requests/.klt/place-and-route/trng_digital_route.spef line 3692, net $10494 not found.
[WARNING STA-1650] /home/ubuntu/GitHub/sky130-trng/.loom/worktrees/issue-236/sim/digital-electrical-repair/requests/.klt/place-and-route/trng_digital_route.spef line 3703, net $10496 not found.
[WARNING STA-1650] /home/ubuntu/GitHub/sky130-trng/.loom/worktrees/issue-236/sim/digital-electrical-repair/requests/.klt/place-and-route/trng_digital_route.spef line 3711, net $10497 not found.
[WARNING STA-1650] /home/ubuntu/GitHub/sky130-trng/.loom/worktrees/issue-236/sim/digital-electrical-repair/requests/.klt/place-and-route/trng_digital_route.spef line 3719, net $10498 not found.
[WARNING STA-1650] /home/ubuntu/GitHub/sky130-trng/.loom/worktrees/issue-236/sim/digital-electrical-repair/requests/.klt/place-and-route/trng_digital_route.spef line 3729, net $10499 not found.
[WARNING STA-1650] /home/ubuntu/GitHub/sky130-trng/.loom/worktrees/issue-236/sim/digital-electrical-repair/requests/.klt/place-and-route/trng_digital_route.spef line 3738, net $1050 not found.
[WARNING STA-1650] /home/ubuntu/GitHub/sky130-trng/.loom/worktrees/issue-236/sim/digital-electrical-repair/requests/.klt/place-and-route/trng_digital_route.spef line 3759, net $10501 not found.
[WARNING STA-1650] /home/ubuntu/GitHub/sky130-trng/.loom/worktrees/issue-236/sim/digital-electrical-repair/requests/.klt/place-and-route/trng_digital_route.spef line 3768, net $10502 not found.
[WARNING STA-1650] /home/ubuntu/GitHub/sky130-trng/.loom/worktrees/issue-236/sim/digital-electrical-repair/requests/.klt/place-and-route/trng_digital_route.spef line 3782, net $10504 not found.
[WARNING STA-1650] /home/ubuntu/GitHub/sky130-trng/.loom/worktrees/issue-236/sim/digital-electrical-repair/requests/.klt/place-and-route/trng_digital_route.spef line 3808, net $10505 not found.
[WARNING STA-1650] /home/ubuntu/GitHub/sky130-trng/.loom/worktrees/issue-236/sim/digital-electrical-repair/requests/.klt/place-and-route/trng_digital_route.spef line 3831, net $10506 not found.
[WARNING STA-1650] /home/ubuntu/GitHub/sky130-trng/.loom/worktrees/issue-236/sim/digital-electrical-repair/requests/.klt/place-and-route/trng_digital_route.spef line 3842, net $10507 not found.
[WARNING STA-1650] /home/ubuntu/GitHub/sky130-trng/.loom/worktrees/issue-236/sim/digital-electrical-repair/requests/.klt/place-and-route/trng_digital_route.spef line 3855, net $10508 not found.
[WARNING STA-1650] /home/ubuntu/GitHub/sky130-trng/.loom/worktrees/issue-236/sim/digital-electrical-repair/requests/.klt/place-and-route/trng_digital_route.spef line 3869, net $10509 not found.
[WARNING STA-1650] /home/ubuntu/GitHub/sky130-trng/.loom/worktrees/issue-236/sim/digital-electrical-repair/requests/.klt/place-and-route/trng_digital_route.spef line 3884, net $10510 not found.
[WARNING STA-1650] /home/ubuntu/GitHub/sky130-trng/.loom/worktrees/issue-236/sim/digital-electrical-repair/requests/.klt/place-and-route/trng_digital_route.spef line 3900, net $10511 not found.
[WARNING STA-1650] /home/ubuntu/GitHub/sky130-trng/.loom/worktrees/issue-236/sim/digital-electrical-repair/requests/.klt/place-and-route/trng_digital_route.spef line 3908, net $10513 not found.
[WARNING STA-1650] /home/ubuntu/GitHub/sky130-trng/.loom/worktrees/issue-236/sim/digital-electrical-repair/requests/.klt/place-and-route/trng_digital_route.spef line 3916, net $10514 not found.
[WARNING STA-1650] /home/ubuntu/GitHub/sky130-trng/.loom/worktrees/issue-236/sim/digital-electrical-repair/requests/.klt/place-and-route/trng_digital_route.spef line 3927, net $10516 not found.
[WARNING STA-1650] /home/ubuntu/GitHub/sky130-trng/.loom/worktrees/issue-236/sim/digital-electrical-repair/requests/.klt/place-and-route/trng_digital_route.spef line 3952, net $10517 not found.
[WARNING STA-1650] /home/ubuntu/GitHub/sky130-trng/.loom/worktrees/issue-236/sim/digital-electrical-repair/requests/.klt/place-and-route/trng_digital_route.spef line 3975, net $10518 not found.
[WARNING STA-1650] /home/ubuntu/GitHub/sky130-trng/.loom/worktrees/issue-236/sim/digital-electrical-repair/requests/.klt/place-and-route/trng_digital_route.spef line 3987, net $10519 not found.
[WARNING STA-1650] /home/ubuntu/GitHub/sky130-trng/.loom/worktrees/issue-236/sim/digital-electrical-repair/requests/.klt/place-and-route/trng_digital_route.spef line 4003, net $1052 not found.
[WARNING STA-1650] /home/ubuntu/GitHub/sky130-trng/.loom/worktrees/issue-236/sim/digital-electrical-repair/requests/.klt/place-and-route/trng_digital_route.spef line 4015, net $10520 not found.
[WARNING STA-1650] /home/ubuntu/GitHub/sky130-trng/.loom/worktrees/issue-236/sim/digital-electrical-repair/requests/.klt/place-and-route/trng_digital_route.spef line 4029, net $10521 not found.
[WARNING STA-1650] /home/ubuntu/GitHub/sky130-trng/.loom/worktrees/issue-236/sim/digital-electrical-repair/requests/.klt/place-and-route/trng_digital_route.spef line 4047, net $10522 not found.
[WARNING STA-1650] /home/ubuntu/GitHub/sky130-trng/.loom/worktrees/issue-236/sim/digital-electrical-repair/requests/.klt/place-and-route/trng_digital_route.spef line 4059, net $10523 not found.
[WARNING STA-1650] /home/ubuntu/GitHub/sky130-trng/.loom/worktrees/issue-236/sim/digital-electrical-repair/requests/.klt/place-and-route/trng_digital_route.spef line 4071, net $10525 not found.
[WARNING STA-1650] /home/ubuntu/GitHub/sky130-trng/.loom/worktrees/issue-236/sim/digital-electrical-repair/requests/.klt/place-and-route/trng_digital_route.spef line 4082, net $1053 not found.
[WARNING STA-1650] /home/ubuntu/GitHub/sky130-trng/.loom/worktrees/issue-236/sim/digital-electrical-repair/requests/.klt/place-and-route/trng_digital_route.spef line 4095, net $10530 not found.
[WARNING STA-1650] /home/ubuntu/GitHub/sky130-trng/.loom/worktrees/issue-236/sim/digital-electrical-repair/requests/.klt/place-and-route/trng_digital_route.spef line 4108, net $10532 not found.
[WARNING STA-1650] /home/ubuntu/GitHub/sky130-trng/.loom/worktrees/issue-236/sim/digital-electrical-repair/requests/.klt/place-and-route/trng_digital_route.spef line 4117, net $10536 not found.
[WARNING STA-1650] /home/ubuntu/GitHub/sky130-trng/.loom/worktrees/issue-236/sim/digital-electrical-repair/requests/.klt/place-and-route/trng_digital_route.spef line 4141, net $10537 not found.
[WARNING STA-1650] /home/ubuntu/GitHub/sky130-trng/.loom/worktrees/issue-236/sim/digital-electrical-repair/requests/.klt/place-and-route/trng_digital_route.spef line 4161, net $10538 not found.
[WARNING STA-1650] /home/ubuntu/GitHub/sky130-trng/.loom/worktrees/issue-236/sim/digital-electrical-repair/requests/.klt/place-and-route/trng_digital_route.spef line 4171, net $10539 not found.
[WARNING STA-1650] /home/ubuntu/GitHub/sky130-trng/.loom/worktrees/issue-236/sim/digital-electrical-repair/requests/.klt/place-and-route/trng_digital_route.spef line 4183, net $1054 not found.
[WARNING STA-1650] /home/ubuntu/GitHub/sky130-trng/.loom/worktrees/issue-236/sim/digital-electrical-repair/requests/.klt/place-and-route/trng_digital_route.spef line 4192, net $10540 not found.
[WARNING STA-1650] /home/ubuntu/GitHub/sky130-trng/.loom/worktrees/issue-236/sim/digital-electrical-repair/requests/.klt/place-and-route/trng_digital_route.spef line 4205, net $10541 not found.
[WARNING STA-1650] /home/ubuntu/GitHub/sky130-trng/.loom/worktrees/issue-236/sim/digital-electrical-repair/requests/.klt/place-and-route/trng_digital_route.spef line 4219, net $10542 not found.
[WARNING STA-1650] /home/ubuntu/GitHub/sky130-trng/.loom/worktrees/issue-236/sim/digital-electrical-repair/requests/.klt/place-and-route/trng_digital_route.spef line 4234, net $10543 not found.
[WARNING STA-1650] /home/ubuntu/GitHub/sky130-trng/.loom/worktrees/issue-236/sim/digital-electrical-repair/requests/.klt/place-and-route/trng_digital_route.spef line 4242, net $10544 not found.
[WARNING STA-1650] /home/ubuntu/GitHub/sky130-trng/.loom/worktrees/issue-236/sim/digital-electrical-repair/requests/.klt/place-and-route/trng_digital_route.spef line 4251, net $10545 not found.
[WARNING STA-1650] /home/ubuntu/GitHub/sky130-trng/.loom/worktrees/issue-236/sim/digital-electrical-repair/requests/.klt/place-and-route/trng_digital_route.spef line 4262, net $10546 not found.
[WARNING STA-1650] /home/ubuntu/GitHub/sky130-trng/.loom/worktrees/issue-236/sim/digital-electrical-repair/requests/.klt/place-and-route/trng_digital_route.spef line 4271, net $10548 not found.
[WARNING STA-1650] /home/ubuntu/GitHub/sky130-trng/.loom/worktrees/issue-236/sim/digital-electrical-repair/requests/.klt/place-and-route/trng_digital_route.spef line 4280, net $10549 not found.
[WARNING STA-1650] /home/ubuntu/GitHub/sky130-trng/.loom/worktrees/issue-236/sim/digital-electrical-repair/requests/.klt/place-and-route/trng_digital_route.spef line 4292, net $1055 not found.
[WARNING STA-1650] /home/ubuntu/GitHub/sky130-trng/.loom/worktrees/issue-236/sim/digital-electrical-repair/requests/.klt/place-and-route/trng_digital_route.spef line 4305, net $10551 not found.
[WARNING STA-1650] /home/ubuntu/GitHub/sky130-trng/.loom/worktrees/issue-236/sim/digital-electrical-repair/requests/.klt/place-and-route/trng_digital_route.spef line 4315, net $10553 not found.
[WARNING STA-1650] /home/ubuntu/GitHub/sky130-trng/.loom/worktrees/issue-236/sim/digital-electrical-repair/requests/.klt/place-and-route/trng_digital_route.spef line 4323, net $10554 not found.
[WARNING STA-1650] /home/ubuntu/GitHub/sky130-trng/.loom/worktrees/issue-236/sim/digital-electrical-repair/requests/.klt/place-and-route/trng_digital_route.spef line 4336, net $10556 not found.
[WARNING STA-1650] /home/ubuntu/GitHub/sky130-trng/.loom/worktrees/issue-236/sim/digital-electrical-repair/requests/.klt/place-and-route/trng_digital_route.spef line 4356, net $1056 not found.
[WARNING STA-1650] /home/ubuntu/GitHub/sky130-trng/.loom/worktrees/issue-236/sim/digital-electrical-repair/requests/.klt/place-and-route/trng_digital_route.spef line 4369, net $1057 not found.
[WARNING STA-1650] /home/ubuntu/GitHub/sky130-trng/.loom/worktrees/issue-236/sim/digital-electrical-repair/requests/.klt/place-and-route/trng_digital_route.spef line 4384, net $10573 not found.
[WARNING STA-1650] /home/ubuntu/GitHub/sky130-trng/.loom/worktrees/issue-236/sim/digital-electrical-repair/requests/.klt/place-and-route/trng_digital_route.spef line 4393, net $10574 not found.
[WARNING STA-1650] /home/ubuntu/GitHub/sky130-trng/.loom/worktrees/issue-236/sim/digital-electrical-repair/requests/.klt/place-and-route/trng_digital_route.spef line 4403, net $10575 not found.
[WARNING STA-1650] /home/ubuntu/GitHub/sky130-trng/.loom/worktrees/issue-236/sim/digital-electrical-repair/requests/.klt/place-and-route/trng_digital_route.spef line 4414, net $10577 not found.
[WARNING STA-1650] /home/ubuntu/GitHub/sky130-trng/.loom/worktrees/issue-236/sim/digital-electrical-repair/requests/.klt/place-and-route/trng_digital_route.spef line 4424, net $10578 not found.
[WARNING STA-1650] /home/ubuntu/GitHub/sky130-trng/.loom/worktrees/issue-236/sim/digital-electrical-repair/requests/.klt/place-and-route/trng_digital_route.spef line 4432, net $10580 not found.
[WARNING STA-1650] /home/ubuntu/GitHub/sky130-trng/.loom/worktrees/issue-236/sim/digital-electrical-repair/requests/.klt/place-and-route/trng_digital_route.spef line 4441, net $10581 not found.
[WARNING STA-1650] /home/ubuntu/GitHub/sky130-trng/.loom/worktrees/issue-236/sim/digital-electrical-repair/requests/.klt/place-and-route/trng_digital_route.spef line 4450, net $10582 not found.
[WARNING STA-1650] /home/ubuntu/GitHub/sky130-trng/.loom/worktrees/issue-236/sim/digital-electrical-repair/requests/.klt/place-and-route/trng_digital_route.spef line 4460, net $10583 not found.
[WARNING STA-1650] /home/ubuntu/GitHub/sky130-trng/.loom/worktrees/issue-236/sim/digital-electrical-repair/requests/.klt/place-and-route/trng_digital_route.spef line 4469, net $1059 not found.
[WARNING STA-1650] /home/ubuntu/GitHub/sky130-trng/.loom/worktrees/issue-236/sim/digital-electrical-repair/requests/.klt/place-and-route/trng_digital_route.spef line 4494, net $1060 not found.
[WARNING STA-1650] /home/ubuntu/GitHub/sky130-trng/.loom/worktrees/issue-236/sim/digital-electrical-repair/requests/.klt/place-and-route/trng_digital_route.spef line 4517, net $10601 not found.
[WARNING STA-1650] /home/ubuntu/GitHub/sky130-trng/.loom/worktrees/issue-236/sim/digital-electrical-repair/requests/.klt/place-and-route/trng_digital_route.spef line 4535, net $10602 not found.
[WARNING STA-1650] /home/ubuntu/GitHub/sky130-trng/.loom/worktrees/issue-236/sim/digital-electrical-repair/requests/.klt/place-and-route/trng_digital_route.spef line 4557, net $10603 not found.
[WARNING STA-1650] /home/ubuntu/GitHub/sky130-trng/.loom/worktrees/issue-236/sim/digital-electrical-repair/requests/.klt/place-and-route/trng_digital_route.spef line 4577, net $10604 not found.
[WARNING STA-1650] /home/ubuntu/GitHub/sky130-trng/.loom/worktrees/issue-236/sim/digital-electrical-repair/requests/.klt/place-and-route/trng_digital_route.spef line 4589, net $10605 not found.
[WARNING STA-1650] /home/ubuntu/GitHub/sky130-trng/.loom/worktrees/issue-236/sim/digital-electrical-repair/requests/.klt/place-and-route/trng_digital_route.spef line 4602, net $10606 not found.
[WARNING STA-1650] /home/ubuntu/GitHub/sky130-trng/.loom/worktrees/issue-236/sim/digital-electrical-repair/requests/.klt/place-and-route/trng_digital_route.spef line 4611, net $10607 not found.
[WARNING STA-1650] /home/ubuntu/GitHub/sky130-trng/.loom/worktrees/issue-236/sim/digital-electrical-repair/requests/.klt/place-and-route/trng_digital_route.spef line 4624, net $10608 not found.
[WARNING STA-1650] /home/ubuntu/GitHub/sky130-trng/.loom/worktrees/issue-236/sim/digital-electrical-repair/requests/.klt/place-and-route/trng_digital_route.spef line 4637, net $10609 not found.
[WARNING STA-1650] /home/ubuntu/GitHub/sky130-trng/.loom/worktrees/issue-236/sim/digital-electrical-repair/requests/.klt/place-and-route/trng_digital_route.spef line 4651, net $10610 not found.
[WARNING STA-1650] /home/ubuntu/GitHub/sky130-trng/.loom/worktrees/issue-236/sim/digital-electrical-repair/requests/.klt/place-and-route/trng_digital_route.spef line 4679, net $10611 not found.
[WARNING STA-1650] /home/ubuntu/GitHub/sky130-trng/.loom/worktrees/issue-236/sim/digital-electrical-repair/requests/.klt/place-and-route/trng_digital_route.spef line 4704, net $10613 not found.
[WARNING STA-1650] /home/ubuntu/GitHub/sky130-trng/.loom/worktrees/issue-236/sim/digital-electrical-repair/requests/.klt/place-and-route/trng_digital_route.spef line 4716, net $10614 not found.
[WARNING STA-1650] /home/ubuntu/GitHub/sky130-trng/.loom/worktrees/issue-236/sim/digital-electrical-repair/requests/.klt/place-and-route/trng_digital_route.spef line 4730, net $10615 not found.
[WARNING STA-1650] /home/ubuntu/GitHub/sky130-trng/.loom/worktrees/issue-236/sim/digital-electrical-repair/requests/.klt/place-and-route/trng_digital_route.spef line 4740, net $10616 not found.
[WARNING STA-1650] /home/ubuntu/GitHub/sky130-trng/.loom/worktrees/issue-236/sim/digital-electrical-repair/requests/.klt/place-and-route/trng_digital_route.spef line 4755, net $10617 not found.
[WARNING STA-1650] /home/ubuntu/GitHub/sky130-trng/.loom/worktrees/issue-236/sim/digital-electrical-repair/requests/.klt/place-and-route/trng_digital_route.spef line 4770, net $10618 not found.
[WARNING STA-1650] /home/ubuntu/GitHub/sky130-trng/.loom/worktrees/issue-236/sim/digital-electrical-repair/requests/.klt/place-and-route/trng_digital_route.spef line 4786, net $1062 not found.
[WARNING STA-1650] /home/ubuntu/GitHub/sky130-trng/.loom/worktrees/issue-236/sim/digital-electrical-repair/requests/.klt/place-and-route/trng_digital_route.spef line 4799, net $10621 not found.
[WARNING STA-1650] /home/ubuntu/GitHub/sky130-trng/.loom/worktrees/issue-236/sim/digital-electrical-repair/requests/.klt/place-and-route/trng_digital_route.spef line 4809, net $10623 not found.
[WARNING STA-1650] /home/ubuntu/GitHub/sky130-trng/.loom/worktrees/issue-236/sim/digital-electrical-repair/requests/.klt/place-and-route/trng_digital_route.spef line 4819, net $10624 not found.
[WARNING STA-1650] /home/ubuntu/GitHub/sky130-trng/.loom/worktrees/issue-236/sim/digital-electrical-repair/requests/.klt/place-and-route/trng_digital_route.spef line 4842, net $10626 not found.
[WARNING STA-1650] /home/ubuntu/GitHub/sky130-trng/.loom/worktrees/issue-236/sim/digital-electrical-repair/requests/.klt/place-and-route/trng_digital_route.spef line 4854, net $10627 not found.
[WARNING STA-1650] /home/ubuntu/GitHub/sky130-trng/.loom/worktrees/issue-236/sim/digital-electrical-repair/requests/.klt/place-and-route/trng_digital_route.spef line 4869, net $10628 not found.
[WARNING STA-1650] /home/ubuntu/GitHub/sky130-trng/.loom/worktrees/issue-236/sim/digital-electrical-repair/requests/.klt/place-and-route/trng_digital_route.spef line 4886, net $10629 not found.
[WARNING STA-1650] /home/ubuntu/GitHub/sky130-trng/.loom/worktrees/issue-236/sim/digital-electrical-repair/requests/.klt/place-and-route/trng_digital_route.spef line 4899, net $1063 not found.
[WARNING STA-1650] /home/ubuntu/GitHub/sky130-trng/.loom/worktrees/issue-236/sim/digital-electrical-repair/requests/.klt/place-and-route/trng_digital_route.spef line 4914, net $10630 not found.
[WARNING STA-1650] /home/ubuntu/GitHub/sky130-trng/.loom/worktrees/issue-236/sim/digital-electrical-repair/requests/.klt/place-and-route/trng_digital_route.spef line 4931, net $10631 not found.
[WARNING STA-1650] /home/ubuntu/GitHub/sky130-trng/.loom/worktrees/issue-236/sim/digital-electrical-repair/requests/.klt/place-and-route/trng_digital_route.spef line 4942, net $10632 not found.
[WARNING STA-1650] /home/ubuntu/GitHub/sky130-trng/.loom/worktrees/issue-236/sim/digital-electrical-repair/requests/.klt/place-and-route/trng_digital_route.spef line 4953, net $10633 not found.
[WARNING STA-1650] /home/ubuntu/GitHub/sky130-trng/.loom/worktrees/issue-236/sim/digital-electrical-repair/requests/.klt/place-and-route/trng_digital_route.spef line 4965, net $10635 not found.
[WARNING STA-1650] /home/ubuntu/GitHub/sky130-trng/.loom/worktrees/issue-236/sim/digital-electrical-repair/requests/.klt/place-and-route/trng_digital_route.spef line 4989, net $10636 not found.
[WARNING STA-1650] /home/ubuntu/GitHub/sky130-trng/.loom/worktrees/issue-236/sim/digital-electrical-repair/requests/.klt/place-and-route/trng_digital_route.spef line 5011, net $10637 not found.
[WARNING STA-1650] /home/ubuntu/GitHub/sky130-trng/.loom/worktrees/issue-236/sim/digital-electrical-repair/requests/.klt/place-and-route/trng_digital_route.spef line 5022, net $10638 not found.
[WARNING STA-1650] /home/ubuntu/GitHub/sky130-trng/.loom/worktrees/issue-236/sim/digital-electrical-repair/requests/.klt/place-and-route/trng_digital_route.spef line 5035, net $10639 not found.
[WARNING STA-1650] /home/ubuntu/GitHub/sky130-trng/.loom/worktrees/issue-236/sim/digital-electrical-repair/requests/.klt/place-and-route/trng_digital_route.spef line 5044, net $1064 not found.
[WARNING STA-1650] /home/ubuntu/GitHub/sky130-trng/.loom/worktrees/issue-236/sim/digital-electrical-repair/requests/.klt/place-and-route/trng_digital_route.spef line 5054, net $10640 not found.
[WARNING STA-1650] /home/ubuntu/GitHub/sky130-trng/.loom/worktrees/issue-236/sim/digital-electrical-repair/requests/.klt/place-and-route/trng_digital_route.spef line 5068, net $10641 not found.
[WARNING STA-1650] /home/ubuntu/GitHub/sky130-trng/.loom/worktrees/issue-236/sim/digital-electrical-repair/requests/.klt/place-and-route/trng_digital_route.spef line 5082, net $10642 not found.
[WARNING STA-1650] /home/ubuntu/GitHub/sky130-trng/.loom/worktrees/issue-236/sim/digital-electrical-repair/requests/.klt/place-and-route/trng_digital_route.spef line 5098, net $10643 not found.
[WARNING STA-1650] /home/ubuntu/GitHub/sky130-trng/.loom/worktrees/issue-236/sim/digital-electrical-repair/requests/.klt/place-and-route/trng_digital_route.spef line 5107, net $10646 not found.
[WARNING STA-1650] /home/ubuntu/GitHub/sky130-trng/.loom/worktrees/issue-236/sim/digital-electrical-repair/requests/.klt/place-and-route/trng_digital_route.spef line 5119, net $10647 not found.
[WARNING STA-1650] /home/ubuntu/GitHub/sky130-trng/.loom/worktrees/issue-236/sim/digital-electrical-repair/requests/.klt/place-and-route/trng_digital_route.spef line 5130, net $1065 not found.
[WARNING STA-1650] /home/ubuntu/GitHub/sky130-trng/.loom/worktrees/issue-236/sim/digital-electrical-repair/requests/.klt/place-and-route/trng_digital_route.spef line 5145, net $10651 not found.
[WARNING STA-1650] /home/ubuntu/GitHub/sky130-trng/.loom/worktrees/issue-236/sim/digital-electrical-repair/requests/.klt/place-and-route/trng_digital_route.spef line 5155, net $10652 not found.
[WARNING STA-1650] /home/ubuntu/GitHub/sky130-trng/.loom/worktrees/issue-236/sim/digital-electrical-repair/requests/.klt/place-and-route/trng_digital_route.spef line 5167, net $10654 not found.
[WARNING STA-1650] /home/ubuntu/GitHub/sky130-trng/.loom/worktrees/issue-236/sim/digital-electrical-repair/requests/.klt/place-and-route/trng_digital_route.spef line 5185, net $10655 not found.
[WARNING STA-1650] /home/ubuntu/GitHub/sky130-trng/.loom/worktrees/issue-236/sim/digital-electrical-repair/requests/.klt/place-and-route/trng_digital_route.spef line 5201, net $10657 not found.
[WARNING STA-1650] /home/ubuntu/GitHub/sky130-trng/.loom/worktrees/issue-236/sim/digital-electrical-repair/requests/.klt/place-and-route/trng_digital_route.spef line 5227, net $10658 not found.
[WARNING STA-1650] /home/ubuntu/GitHub/sky130-trng/.loom/worktrees/issue-236/sim/digital-electrical-repair/requests/.klt/place-and-route/trng_digital_route.spef line 5251, net $10659 not found.
[WARNING STA-1650] /home/ubuntu/GitHub/sky130-trng/.loom/worktrees/issue-236/sim/digital-electrical-repair/requests/.klt/place-and-route/trng_digital_route.spef line 5264, net $1066 not found.
[WARNING STA-1650] /home/ubuntu/GitHub/sky130-trng/.loom/worktrees/issue-236/sim/digital-electrical-repair/requests/.klt/place-and-route/trng_digital_route.spef line 5279, net $10660 not found.
[WARNING STA-1650] /home/ubuntu/GitHub/sky130-trng/.loom/worktrees/issue-236/sim/digital-electrical-repair/requests/.klt/place-and-route/trng_digital_route.spef line 5294, net $10661 not found.
[WARNING STA-1650] /home/ubuntu/GitHub/sky130-trng/.loom/worktrees/issue-236/sim/digital-electrical-repair/requests/.klt/place-and-route/trng_digital_route.spef line 5304, net $10662 not found.
[WARNING STA-1650] /home/ubuntu/GitHub/sky130-trng/.loom/worktrees/issue-236/sim/digital-electrical-repair/requests/.klt/place-and-route/trng_digital_route.spef line 5319, net $10663 not found.
[WARNING STA-1650] /home/ubuntu/GitHub/sky130-trng/.loom/worktrees/issue-236/sim/digital-electrical-repair/requests/.klt/place-and-route/trng_digital_route.spef line 5335, net $10664 not found.
[WARNING STA-1650] /home/ubuntu/GitHub/sky130-trng/.loom/worktrees/issue-236/sim/digital-electrical-repair/requests/.klt/place-and-route/trng_digital_route.spef line 5352, net $10665 not found.
[WARNING STA-1650] /home/ubuntu/GitHub/sky130-trng/.loom/worktrees/issue-236/sim/digital-electrical-repair/requests/.klt/place-and-route/trng_digital_route.spef line 5366, net $1067 not found.
[WARNING STA-1650] /home/ubuntu/GitHub/sky130-trng/.loom/worktrees/issue-236/sim/digital-electrical-repair/requests/.klt/place-and-route/trng_digital_route.spef line 5382, net $10681 not found.
[WARNING STA-1650] /home/ubuntu/GitHub/sky130-trng/.loom/worktrees/issue-236/sim/digital-electrical-repair/requests/.klt/place-and-route/trng_digital_route.spef line 5392, net $10682 not found.
[WARNING STA-1650] /home/ubuntu/GitHub/sky130-trng/.loom/worktrees/issue-236/sim/digital-electrical-repair/requests/.klt/place-and-route/trng_digital_route.spef line 5402, net $10683 not found.
[WARNING STA-1650] /home/ubuntu/GitHub/sky130-trng/.loom/worktrees/issue-236/sim/digital-electrical-repair/requests/.klt/place-and-route/trng_digital_route.spef line 5411, net $10686 not found.
[WARNING STA-1650] /home/ubuntu/GitHub/sky130-trng/.loom/worktrees/issue-236/sim/digital-electrical-repair/requests/.klt/place-and-route/trng_digital_route.spef line 5420, net $10687 not found.
[WARNING STA-1650] /home/ubuntu/GitHub/sky130-trng/.loom/worktrees/issue-236/sim/digital-electrical-repair/requests/.klt/place-and-route/trng_digital_route.spef line 5428, net $10689 not found.
[WARNING STA-1650] /home/ubuntu/GitHub/sky130-trng/.loom/worktrees/issue-236/sim/digital-electrical-repair/requests/.klt/place-and-route/trng_digital_route.spef line 5439, net $1069 not found.
[WARNING STA-1650] /home/ubuntu/GitHub/sky130-trng/.loom/worktrees/issue-236/sim/digital-electrical-repair/requests/.klt/place-and-route/trng_digital_route.spef line 5458, net $10690 not found.
[WARNING STA-1650] /home/ubuntu/GitHub/sky130-trng/.loom/worktrees/issue-236/sim/digital-electrical-repair/requests/.klt/place-and-route/trng_digital_route.spef line 5467, net $1070 not found.
[WARNING STA-1650] /home/ubuntu/GitHub/sky130-trng/.loom/worktrees/issue-236/sim/digital-electrical-repair/requests/.klt/place-and-route/trng_digital_route.spef line 5493, net $1071 not found.
[WARNING STA-1650] /home/ubuntu/GitHub/sky130-trng/.loom/worktrees/issue-236/sim/digital-electrical-repair/requests/.klt/place-and-route/trng_digital_route.spef line 5516, net $10720 not found.
[WARNING STA-1650] /home/ubuntu/GitHub/sky130-trng/.loom/worktrees/issue-236/sim/digital-electrical-repair/requests/.klt/place-and-route/trng_digital_route.spef line 5524, net $10723 not found.
[WARNING STA-1650] /home/ubuntu/GitHub/sky130-trng/.loom/worktrees/issue-236/sim/digital-electrical-repair/requests/.klt/place-and-route/trng_digital_route.spef line 5532, net $10724 not found.
[WARNING STA-1650] /home/ubuntu/GitHub/sky130-trng/.loom/worktrees/issue-236/sim/digital-electrical-repair/requests/.klt/place-and-route/trng_digital_route.spef line 5544, net $10726 not found.
[WARNING STA-1650] /home/ubuntu/GitHub/sky130-trng/.loom/worktrees/issue-236/sim/digital-electrical-repair/requests/.klt/place-and-route/trng_digital_route.spef line 5552, net $10727 not found.
[WARNING STA-1650] /home/ubuntu/GitHub/sky130-trng/.loom/worktrees/issue-236/sim/digital-electrical-repair/requests/.klt/place-and-route/trng_digital_route.spef line 5560, net $10728 not found.
[WARNING STA-1650] /home/ubuntu/GitHub/sky130-trng/.loom/worktrees/issue-236/sim/digital-electrical-repair/requests/.klt/place-and-route/trng_digital_route.spef line 5571, net $10729 not found.
[WARNING STA-1650] /home/ubuntu/GitHub/sky130-trng/.loom/worktrees/issue-236/sim/digital-electrical-repair/requests/.klt/place-and-route/trng_digital_route.spef line 5582, net $1073 not found.
[WARNING STA-1650] /home/ubuntu/GitHub/sky130-trng/.loom/worktrees/issue-236/sim/digital-electrical-repair/requests/.klt/place-and-route/trng_digital_route.spef line 5593, net $10731 not found.
[WARNING STA-1650] /home/ubuntu/GitHub/sky130-trng/.loom/worktrees/issue-236/sim/digital-electrical-repair/requests/.klt/place-and-route/trng_digital_route.spef line 5602, net $10732 not found.
[WARNING STA-1650] /home/ubuntu/GitHub/sky130-trng/.loom/worktrees/issue-236/sim/digital-electrical-repair/requests/.klt/place-and-route/trng_digital_route.spef line 5614, net $10734 not found.
[WARNING STA-1650] /home/ubuntu/GitHub/sky130-trng/.loom/worktrees/issue-236/sim/digital-electrical-repair/requests/.klt/place-and-route/trng_digital_route.spef line 5623, net $10735 not found.
[WARNING STA-1650] /home/ubuntu/GitHub/sky130-trng/.loom/worktrees/issue-236/sim/digital-electrical-repair/requests/.klt/place-and-route/trng_digital_route.spef line 5631, net $10736 not found.
[WARNING STA-1650] /home/ubuntu/GitHub/sky130-trng/.loom/worktrees/issue-236/sim/digital-electrical-repair/requests/.klt/place-and-route/trng_digital_route.spef line 5643, net $10737 not found.
[WARNING STA-1650] /home/ubuntu/GitHub/sky130-trng/.loom/worktrees/issue-236/sim/digital-electrical-repair/requests/.klt/place-and-route/trng_digital_route.spef line 5667, net $10738 not found.
[WARNING STA-1650] /home/ubuntu/GitHub/sky130-trng/.loom/worktrees/issue-236/sim/digital-electrical-repair/requests/.klt/place-and-route/trng_digital_route.spef line 5689, net $10739 not found.
[WARNING STA-1650] /home/ubuntu/GitHub/sky130-trng/.loom/worktrees/issue-236/sim/digital-electrical-repair/requests/.klt/place-and-route/trng_digital_route.spef line 5701, net $1074 not found.
[WARNING STA-1650] /home/ubuntu/GitHub/sky130-trng/.loom/worktrees/issue-236/sim/digital-electrical-repair/requests/.klt/place-and-route/trng_digital_route.spef line 5714, net $10740 not found.
[WARNING STA-1650] /home/ubuntu/GitHub/sky130-trng/.loom/worktrees/issue-236/sim/digital-electrical-repair/requests/.klt/place-and-route/trng_digital_route.spef line 5727, net $10741 not found.
[WARNING STA-1650] /home/ubuntu/GitHub/sky130-trng/.loom/worktrees/issue-236/sim/digital-electrical-repair/requests/.klt/place-and-route/trng_digital_route.spef line 5741, net $10742 not found.
[WARNING STA-1650] /home/ubuntu/GitHub/sky130-trng/.loom/worktrees/issue-236/sim/digital-electrical-repair/requests/.klt/place-and-route/trng_digital_route.spef line 5756, net $10747 not found.
[WARNING STA-1650] /home/ubuntu/GitHub/sky130-trng/.loom/worktrees/issue-236/sim/digital-electrical-repair/requests/.klt/place-and-route/trng_digital_route.spef line 5766, net $10748 not found.
[WARNING STA-1650] /home/ubuntu/GitHub/sky130-trng/.loom/worktrees/issue-236/sim/digital-electrical-repair/requests/.klt/place-and-route/trng_digital_route.spef line 5787, net $10749 not found.
[WARNING STA-1650] /home/ubuntu/GitHub/sky130-trng/.loom/worktrees/issue-236/sim/digital-electrical-repair/requests/.klt/place-and-route/trng_digital_route.spef line 5806, net $1075 not found.
[WARNING STA-1650] /home/ubuntu/GitHub/sky130-trng/.loom/worktrees/issue-236/sim/digital-electrical-repair/requests/.klt/place-and-route/trng_digital_route.spef line 5815, net $10750 not found.
[WARNING STA-1650] /home/ubuntu/GitHub/sky130-trng/.loom/worktrees/issue-236/sim/digital-electrical-repair/requests/.klt/place-and-route/trng_digital_route.spef line 5827, net $10751 not found.
[WARNING STA-1650] /home/ubuntu/GitHub/sky130-trng/.loom/worktrees/issue-236/sim/digital-electrical-repair/requests/.klt/place-and-route/trng_digital_route.spef line 5843, net $10752 not found.
[WARNING STA-1650] /home/ubuntu/GitHub/sky130-trng/.loom/worktrees/issue-236/sim/digital-electrical-repair/requests/.klt/place-and-route/trng_digital_route.spef line 5856, net $10753 not found.
[WARNING STA-1650] /home/ubuntu/GitHub/sky130-trng/.loom/worktrees/issue-236/sim/digital-electrical-repair/requests/.klt/place-and-route/trng_digital_route.spef line 5873, net $10754 not found.
[WARNING STA-1650] /home/ubuntu/GitHub/sky130-trng/.loom/worktrees/issue-236/sim/digital-electrical-repair/requests/.klt/place-and-route/trng_digital_route.spef line 5884, net $10755 not found.
[WARNING STA-1650] /home/ubuntu/GitHub/sky130-trng/.loom/worktrees/issue-236/sim/digital-electrical-repair/requests/.klt/place-and-route/trng_digital_route.spef line 5895, net $10757 not found.
[WARNING STA-1650] /home/ubuntu/GitHub/sky130-trng/.loom/worktrees/issue-236/sim/digital-electrical-repair/requests/.klt/place-and-route/trng_digital_route.spef line 5918, net $10758 not found.
[WARNING STA-1650] /home/ubuntu/GitHub/sky130-trng/.loom/worktrees/issue-236/sim/digital-electrical-repair/requests/.klt/place-and-route/trng_digital_route.spef line 5939, net $10759 not found.
[WARNING STA-1650] /home/ubuntu/GitHub/sky130-trng/.loom/worktrees/issue-236/sim/digital-electrical-repair/requests/.klt/place-and-route/trng_digital_route.spef line 5952, net $1076 not found.
[WARNING STA-1650] /home/ubuntu/GitHub/sky130-trng/.loom/worktrees/issue-236/sim/digital-electrical-repair/requests/.klt/place-and-route/trng_digital_route.spef line 5966, net $10760 not found.
[WARNING STA-1650] /home/ubuntu/GitHub/sky130-trng/.loom/worktrees/issue-236/sim/digital-electrical-repair/requests/.klt/place-and-route/trng_digital_route.spef line 5981, net $10761 not found.
[WARNING STA-1650] /home/ubuntu/GitHub/sky130-trng/.loom/worktrees/issue-236/sim/digital-electrical-repair/requests/.klt/place-and-route/trng_digital_route.spef line 5996, net $10762 not found.
[WARNING STA-1650] /home/ubuntu/GitHub/sky130-trng/.loom/worktrees/issue-236/sim/digital-electrical-repair/requests/.klt/place-and-route/trng_digital_route.spef line 6011, net $10764 not found.
[WARNING STA-1650] /home/ubuntu/GitHub/sky130-trng/.loom/worktrees/issue-236/sim/digital-electrical-repair/requests/.klt/place-and-route/trng_digital_route.spef line 6037, net $10765 not found.
[WARNING STA-1650] /home/ubuntu/GitHub/sky130-trng/.loom/worktrees/issue-236/sim/digital-electrical-repair/requests/.klt/place-and-route/trng_digital_route.spef line 6060, net $10766 not found.
[WARNING STA-1650] /home/ubuntu/GitHub/sky130-trng/.loom/worktrees/issue-236/sim/digital-electrical-repair/requests/.klt/place-and-route/trng_digital_route.spef line 6073, net $10767 not found.
[WARNING STA-1650] /home/ubuntu/GitHub/sky130-trng/.loom/worktrees/issue-236/sim/digital-electrical-repair/requests/.klt/place-and-route/trng_digital_route.spef line 6087, net $10768 not found.
[WARNING STA-1650] /home/ubuntu/GitHub/sky130-trng/.loom/worktrees/issue-236/sim/digital-electrical-repair/requests/.klt/place-and-route/trng_digital_route.spef line 6102, net $10769 not found.
[WARNING STA-1650] /home/ubuntu/GitHub/sky130-trng/.loom/worktrees/issue-236/sim/digital-electrical-repair/requests/.klt/place-and-route/trng_digital_route.spef line 6118, net $1077 not found.
[WARNING STA-1650] /home/ubuntu/GitHub/sky130-trng/.loom/worktrees/issue-236/sim/digital-electrical-repair/requests/.klt/place-and-route/trng_digital_route.spef line 6132, net $10776 not found.
[WARNING STA-1650] /home/ubuntu/GitHub/sky130-trng/.loom/worktrees/issue-236/sim/digital-electrical-repair/requests/.klt/place-and-route/trng_digital_route.spef line 6142, net $10778 not found.
[WARNING STA-1650] /home/ubuntu/GitHub/sky130-trng/.loom/worktrees/issue-236/sim/digital-electrical-repair/requests/.klt/place-and-route/trng_digital_route.spef line 6152, net $10779 not found.
[WARNING STA-1650] /home/ubuntu/GitHub/sky130-trng/.loom/worktrees/issue-236/sim/digital-electrical-repair/requests/.klt/place-and-route/trng_digital_route.spef line 6165, net $1078 not found.
[WARNING STA-1650] /home/ubuntu/GitHub/sky130-trng/.loom/worktrees/issue-236/sim/digital-electrical-repair/requests/.klt/place-and-route/trng_digital_route.spef line 6180, net $10781 not found.
[WARNING STA-1650] /home/ubuntu/GitHub/sky130-trng/.loom/worktrees/issue-236/sim/digital-electrical-repair/requests/.klt/place-and-route/trng_digital_route.spef line 6191, net $1080 not found.
[WARNING STA-1650] /home/ubuntu/GitHub/sky130-trng/.loom/worktrees/issue-236/sim/digital-electrical-repair/requests/.klt/place-and-route/trng_digital_route.spef line 6218, net $10804 not found.
[WARNING STA-1650] /home/ubuntu/GitHub/sky130-trng/.loom/worktrees/issue-236/sim/digital-electrical-repair/requests/.klt/place-and-route/trng_digital_route.spef line 6228, net $10805 not found.
[WARNING STA-1650] /home/ubuntu/GitHub/sky130-trng/.loom/worktrees/issue-236/sim/digital-electrical-repair/requests/.klt/place-and-route/trng_digital_route.spef line 6238, net $10806 not found.
[WARNING STA-1650] /home/ubuntu/GitHub/sky130-trng/.loom/worktrees/issue-236/sim/digital-electrical-repair/requests/.klt/place-and-route/trng_digital_route.spef line 6248, net $10807 not found.
[WARNING STA-1650] /home/ubuntu/GitHub/sky130-trng/.loom/worktrees/issue-236/sim/digital-electrical-repair/requests/.klt/place-and-route/trng_digital_route.spef line 6260, net $10809 not found.
[WARNING STA-1650] /home/ubuntu/GitHub/sky130-trng/.loom/worktrees/issue-236/sim/digital-electrical-repair/requests/.klt/place-and-route/trng_digital_route.spef line 6274, net $1081 not found.
[WARNING STA-1650] /home/ubuntu/GitHub/sky130-trng/.loom/worktrees/issue-236/sim/digital-electrical-repair/requests/.klt/place-and-route/trng_digital_route.spef line 6299, net $10810 not found.
[WARNING STA-1650] /home/ubuntu/GitHub/sky130-trng/.loom/worktrees/issue-236/sim/digital-electrical-repair/requests/.klt/place-and-route/trng_digital_route.spef line 6314, net $10811 not found.
[WARNING STA-1650] /home/ubuntu/GitHub/sky130-trng/.loom/worktrees/issue-236/sim/digital-electrical-repair/requests/.klt/place-and-route/trng_digital_route.spef line 6329, net $10812 not found.
[WARNING STA-1650] /home/ubuntu/GitHub/sky130-trng/.loom/worktrees/issue-236/sim/digital-electrical-repair/requests/.klt/place-and-route/trng_digital_route.spef line 6339, net $10813 not found.
[WARNING STA-1650] /home/ubuntu/GitHub/sky130-trng/.loom/worktrees/issue-236/sim/digital-electrical-repair/requests/.klt/place-and-route/trng_digital_route.spef line 6349, net $10814 not found.
[WARNING STA-1650] /home/ubuntu/GitHub/sky130-trng/.loom/worktrees/issue-236/sim/digital-electrical-repair/requests/.klt/place-and-route/trng_digital_route.spef line 6360, net $10815 not found.
[WARNING STA-1650] /home/ubuntu/GitHub/sky130-trng/.loom/worktrees/issue-236/sim/digital-electrical-repair/requests/.klt/place-and-route/trng_digital_route.spef line 6371, net $10816 not found.
[WARNING STA-1650] /home/ubuntu/GitHub/sky130-trng/.loom/worktrees/issue-236/sim/digital-electrical-repair/requests/.klt/place-and-route/trng_digital_route.spef line 6380, net $10817 not found.
[WARNING STA-1650] /home/ubuntu/GitHub/sky130-trng/.loom/worktrees/issue-236/sim/digital-electrical-repair/requests/.klt/place-and-route/trng_digital_route.spef line 6390, net $10818 not found.
[WARNING STA-1650] /home/ubuntu/GitHub/sky130-trng/.loom/worktrees/issue-236/sim/digital-electrical-repair/requests/.klt/place-and-route/trng_digital_route.spef line 6400, net $1083 not found.
[WARNING STA-1650] /home/ubuntu/GitHub/sky130-trng/.loom/worktrees/issue-236/sim/digital-electrical-repair/requests/.klt/place-and-route/trng_digital_route.spef line 6412, net $10838 not found.
[WARNING STA-1650] /home/ubuntu/GitHub/sky130-trng/.loom/worktrees/issue-236/sim/digital-electrical-repair/requests/.klt/place-and-route/trng_digital_route.spef line 6435, net $10839 not found.
[WARNING STA-1650] /home/ubuntu/GitHub/sky130-trng/.loom/worktrees/issue-236/sim/digital-electrical-repair/requests/.klt/place-and-route/trng_digital_route.spef line 6456, net $1084 not found.
[WARNING STA-1650] /home/ubuntu/GitHub/sky130-trng/.loom/worktrees/issue-236/sim/digital-electrical-repair/requests/.klt/place-and-route/trng_digital_route.spef line 6470, net $10840 not found.
[WARNING STA-1650] /home/ubuntu/GitHub/sky130-trng/.loom/worktrees/issue-236/sim/digital-electrical-repair/requests/.klt/place-and-route/trng_digital_route.spef line 6481, net $10841 not found.
[WARNING STA-1650] /home/ubuntu/GitHub/sky130-trng/.loom/worktrees/issue-236/sim/digital-electrical-repair/requests/.klt/place-and-route/trng_digital_route.spef line 6494, net $10842 not found.
[WARNING STA-1650] /home/ubuntu/GitHub/sky130-trng/.loom/worktrees/issue-236/sim/digital-electrical-repair/requests/.klt/place-and-route/trng_digital_route.spef line 6503, net $10843 not found.
[WARNING STA-1650] /home/ubuntu/GitHub/sky130-trng/.loom/worktrees/issue-236/sim/digital-electrical-repair/requests/.klt/place-and-route/trng_digital_route.spef line 6517, net $10844 not found.
[WARNING STA-1650] /home/ubuntu/GitHub/sky130-trng/.loom/worktrees/issue-236/sim/digital-electrical-repair/requests/.klt/place-and-route/trng_digital_route.spef line 6530, net $10845 not found.
[WARNING STA-1650] /home/ubuntu/GitHub/sky130-trng/.loom/worktrees/issue-236/sim/digital-electrical-repair/requests/.klt/place-and-route/trng_digital_route.spef line 6544, net $10847 not found.
[WARNING STA-1650] /home/ubuntu/GitHub/sky130-trng/.loom/worktrees/issue-236/sim/digital-electrical-repair/requests/.klt/place-and-route/trng_digital_route.spef line 6568, net $10848 not found.
[WARNING STA-1650] /home/ubuntu/GitHub/sky130-trng/.loom/worktrees/issue-236/sim/digital-electrical-repair/requests/.klt/place-and-route/trng_digital_route.spef line 6589, net $10849 not found.
[WARNING STA-1650] /home/ubuntu/GitHub/sky130-trng/.loom/worktrees/issue-236/sim/digital-electrical-repair/requests/.klt/place-and-route/trng_digital_route.spef line 6600, net $1085 not found.
[WARNING STA-1650] /home/ubuntu/GitHub/sky130-trng/.loom/worktrees/issue-236/sim/digital-electrical-repair/requests/.klt/place-and-route/trng_digital_route.spef line 6609, net $10850 not found.
[WARNING STA-1650] /home/ubuntu/GitHub/sky130-trng/.loom/worktrees/issue-236/sim/digital-electrical-repair/requests/.klt/place-and-route/trng_digital_route.spef line 6622, net $10851 not found.
[WARNING STA-1650] /home/ubuntu/GitHub/sky130-trng/.loom/worktrees/issue-236/sim/digital-electrical-repair/requests/.klt/place-and-route/trng_digital_route.spef line 6631, net $10852 not found.
[WARNING STA-1650] /home/ubuntu/GitHub/sky130-trng/.loom/worktrees/issue-236/sim/digital-electrical-repair/requests/.klt/place-and-route/trng_digital_route.spef line 6644, net $10853 not found.
[WARNING STA-1650] /home/ubuntu/GitHub/sky130-trng/.loom/worktrees/issue-236/sim/digital-electrical-repair/requests/.klt/place-and-route/trng_digital_route.spef line 6657, net $10854 not found.
[WARNING STA-1650] /home/ubuntu/GitHub/sky130-trng/.loom/worktrees/issue-236/sim/digital-electrical-repair/requests/.klt/place-and-route/trng_digital_route.spef line 6671, net $10855 not found.
[WARNING STA-1650] /home/ubuntu/GitHub/sky130-trng/.loom/worktrees/issue-236/sim/digital-electrical-repair/requests/.klt/place-and-route/trng_digital_route.spef line 6693, net $10856 not found.
[WARNING STA-1650] /home/ubuntu/GitHub/sky130-trng/.loom/worktrees/issue-236/sim/digital-electrical-repair/requests/.klt/place-and-route/trng_digital_route.spef line 6713, net $10857 not found.
[WARNING STA-1650] /home/ubuntu/GitHub/sky130-trng/.loom/worktrees/issue-236/sim/digital-electrical-repair/requests/.klt/place-and-route/trng_digital_route.spef line 6724, net $10858 not found.
[WARNING STA-1650] /home/ubuntu/GitHub/sky130-trng/.loom/worktrees/issue-236/sim/digital-electrical-repair/requests/.klt/place-and-route/trng_digital_route.spef line 6737, net $10859 not found.
[WARNING STA-1650] /home/ubuntu/GitHub/sky130-trng/.loom/worktrees/issue-236/sim/digital-electrical-repair/requests/.klt/place-and-route/trng_digital_route.spef line 6746, net $1086 not found.
[WARNING STA-1650] /home/ubuntu/GitHub/sky130-trng/.loom/worktrees/issue-236/sim/digital-electrical-repair/requests/.klt/place-and-route/trng_digital_route.spef line 6762, net $10860 not found.
[WARNING STA-1650] /home/ubuntu/GitHub/sky130-trng/.loom/worktrees/issue-236/sim/digital-electrical-repair/requests/.klt/place-and-route/trng_digital_route.spef line 6776, net $10861 not found.
[WARNING STA-1650] /home/ubuntu/GitHub/sky130-trng/.loom/worktrees/issue-236/sim/digital-electrical-repair/requests/.klt/place-and-route/trng_digital_route.spef line 6792, net $10862 not found.
[WARNING STA-1650] /home/ubuntu/GitHub/sky130-trng/.loom/worktrees/issue-236/sim/digital-electrical-repair/requests/.klt/place-and-route/trng_digital_route.spef line 6809, net $10864 not found.
[WARNING STA-1650] /home/ubuntu/GitHub/sky130-trng/.loom/worktrees/issue-236/sim/digital-electrical-repair/requests/.klt/place-and-route/trng_digital_route.spef line 6835, net $10865 not found.
[WARNING STA-1650] /home/ubuntu/GitHub/sky130-trng/.loom/worktrees/issue-236/sim/digital-electrical-repair/requests/.klt/place-and-route/trng_digital_route.spef line 6858, net $10866 not found.
[WARNING STA-1650] /home/ubuntu/GitHub/sky130-trng/.loom/worktrees/issue-236/sim/digital-electrical-repair/requests/.klt/place-and-route/trng_digital_route.spef line 6871, net $10867 not found.
[WARNING STA-1650] /home/ubuntu/GitHub/sky130-trng/.loom/worktrees/issue-236/sim/digital-electrical-repair/requests/.klt/place-and-route/trng_digital_route.spef line 6886, net $10868 not found.
[WARNING STA-1650] /home/ubuntu/GitHub/sky130-trng/.loom/worktrees/issue-236/sim/digital-electrical-repair/requests/.klt/place-and-route/trng_digital_route.spef line 6896, net $10869 not found.
[WARNING STA-1650] /home/ubuntu/GitHub/sky130-trng/.loom/worktrees/issue-236/sim/digital-electrical-repair/requests/.klt/place-and-route/trng_digital_route.spef line 6910, net $10870 not found.
[WARNING STA-1650] /home/ubuntu/GitHub/sky130-trng/.loom/worktrees/issue-236/sim/digital-electrical-repair/requests/.klt/place-and-route/trng_digital_route.spef line 6924, net $10871 not found.
[WARNING STA-1650] /home/ubuntu/GitHub/sky130-trng/.loom/worktrees/issue-236/sim/digital-electrical-repair/requests/.klt/place-and-route/trng_digital_route.spef line 6939, net $10872 not found.
[WARNING STA-1650] /home/ubuntu/GitHub/sky130-trng/.loom/worktrees/issue-236/sim/digital-electrical-repair/requests/.klt/place-and-route/trng_digital_route.spef line 6949, net $10874 not found.
[WARNING STA-1650] /home/ubuntu/GitHub/sky130-trng/.loom/worktrees/issue-236/sim/digital-electrical-repair/requests/.klt/place-and-route/trng_digital_route.spef line 6962, net $10875 not found.
[WARNING STA-1650] /home/ubuntu/GitHub/sky130-trng/.loom/worktrees/issue-236/sim/digital-electrical-repair/requests/.klt/place-and-route/trng_digital_route.spef line 6971, net $10876 not found.
[WARNING STA-1650] /home/ubuntu/GitHub/sky130-trng/.loom/worktrees/issue-236/sim/digital-electrical-repair/requests/.klt/place-and-route/trng_digital_route.spef line 6984, net $1088 not found.
[WARNING STA-1650] /home/ubuntu/GitHub/sky130-trng/.loom/worktrees/issue-236/sim/digital-electrical-repair/requests/.klt/place-and-route/trng_digital_route.spef line 7000, net $10881 not found.
[WARNING STA-1650] /home/ubuntu/GitHub/sky130-trng/.loom/worktrees/issue-236/sim/digital-electrical-repair/requests/.klt/place-and-route/trng_digital_route.spef line 7014, net $10882 not found.
[WARNING STA-1650] /home/ubuntu/GitHub/sky130-trng/.loom/worktrees/issue-236/sim/digital-electrical-repair/requests/.klt/place-and-route/trng_digital_route.spef line 7028, net $10884 not found.
[WARNING STA-1650] /home/ubuntu/GitHub/sky130-trng/.loom/worktrees/issue-236/sim/digital-electrical-repair/requests/.klt/place-and-route/trng_digital_route.spef line 7042, net $10886 not found.
[WARNING STA-1650] /home/ubuntu/GitHub/sky130-trng/.loom/worktrees/issue-236/sim/digital-electrical-repair/requests/.klt/place-and-route/trng_digital_route.spef line 7068, net $10887 not found.
[WARNING STA-1650] /home/ubuntu/GitHub/sky130-trng/.loom/worktrees/issue-236/sim/digital-electrical-repair/requests/.klt/place-and-route/trng_digital_route.spef line 7091, net $10889 not found.
[WARNING STA-1650] /home/ubuntu/GitHub/sky130-trng/.loom/worktrees/issue-236/sim/digital-electrical-repair/requests/.klt/place-and-route/trng_digital_route.spef line 7102, net $1089 not found.
[WARNING STA-1650] /home/ubuntu/GitHub/sky130-trng/.loom/worktrees/issue-236/sim/digital-electrical-repair/requests/.klt/place-and-route/trng_digital_route.spef line 7119, net $10890 not found.
[WARNING STA-1650] /home/ubuntu/GitHub/sky130-trng/.loom/worktrees/issue-236/sim/digital-electrical-repair/requests/.klt/place-and-route/trng_digital_route.spef line 7132, net $10891 not found.
[WARNING STA-1650] /home/ubuntu/GitHub/sky130-trng/.loom/worktrees/issue-236/sim/digital-electrical-repair/requests/.klt/place-and-route/trng_digital_route.spef line 7142, net $10892 not found.
[WARNING STA-1650] /home/ubuntu/GitHub/sky130-trng/.loom/worktrees/issue-236/sim/digital-electrical-repair/requests/.klt/place-and-route/trng_digital_route.spef line 7157, net $10893 not found.
[WARNING STA-1650] /home/ubuntu/GitHub/sky130-trng/.loom/worktrees/issue-236/sim/digital-electrical-repair/requests/.klt/place-and-route/trng_digital_route.spef line 7171, net $10894 not found.
[WARNING STA-1650] /home/ubuntu/GitHub/sky130-trng/.loom/worktrees/issue-236/sim/digital-electrical-repair/requests/.klt/place-and-route/trng_digital_route.spef line 7186, net $10895 not found.
[WARNING STA-1650] /home/ubuntu/GitHub/sky130-trng/.loom/worktrees/issue-236/sim/digital-electrical-repair/requests/.klt/place-and-route/trng_digital_route.spef line 7212, net $10896 not found.
[WARNING STA-1650] /home/ubuntu/GitHub/sky130-trng/.loom/worktrees/issue-236/sim/digital-electrical-repair/requests/.klt/place-and-route/trng_digital_route.spef line 7235, net $10897 not found.
[WARNING STA-1650] /home/ubuntu/GitHub/sky130-trng/.loom/worktrees/issue-236/sim/digital-electrical-repair/requests/.klt/place-and-route/trng_digital_route.spef line 7245, net $10898 not found.
[WARNING STA-1650] /home/ubuntu/GitHub/sky130-trng/.loom/worktrees/issue-236/sim/digital-electrical-repair/requests/.klt/place-and-route/trng_digital_route.spef line 7257, net $10899 not found.
[WARNING STA-1650] /home/ubuntu/GitHub/sky130-trng/.loom/worktrees/issue-236/sim/digital-electrical-repair/requests/.klt/place-and-route/trng_digital_route.spef line 7266, net $1090 not found.
[WARNING STA-1650] /home/ubuntu/GitHub/sky130-trng/.loom/worktrees/issue-236/sim/digital-electrical-repair/requests/.klt/place-and-route/trng_digital_route.spef line 7288, net $10900 not found.
[WARNING STA-1650] /home/ubuntu/GitHub/sky130-trng/.loom/worktrees/issue-236/sim/digital-electrical-repair/requests/.klt/place-and-route/trng_digital_route.spef line 7301, net $10901 not found.
[WARNING STA-1650] /home/ubuntu/GitHub/sky130-trng/.loom/worktrees/issue-236/sim/digital-electrical-repair/requests/.klt/place-and-route/trng_digital_route.spef line 7314, net $10902 not found.
[WARNING STA-1650] /home/ubuntu/GitHub/sky130-trng/.loom/worktrees/issue-236/sim/digital-electrical-repair/requests/.klt/place-and-route/trng_digital_route.spef line 7328, net $10903 not found.
[WARNING STA-1650] /home/ubuntu/GitHub/sky130-trng/.loom/worktrees/issue-236/sim/digital-electrical-repair/requests/.klt/place-and-route/trng_digital_route.spef line 7354, net $10904 not found.
[WARNING STA-1650] /home/ubuntu/GitHub/sky130-trng/.loom/worktrees/issue-236/sim/digital-electrical-repair/requests/.klt/place-and-route/trng_digital_route.spef line 7378, net $10905 not found.
[WARNING STA-1650] /home/ubuntu/GitHub/sky130-trng/.loom/worktrees/issue-236/sim/digital-electrical-repair/requests/.klt/place-and-route/trng_digital_route.spef line 7390, net $10906 not found.
[WARNING STA-1650] /home/ubuntu/GitHub/sky130-trng/.loom/worktrees/issue-236/sim/digital-electrical-repair/requests/.klt/place-and-route/trng_digital_route.spef line 7404, net $10907 not found.
[WARNING STA-1650] /home/ubuntu/GitHub/sky130-trng/.loom/worktrees/issue-236/sim/digital-electrical-repair/requests/.klt/place-and-route/trng_digital_route.spef line 7414, net $10908 not found.
[WARNING STA-1650] /home/ubuntu/GitHub/sky130-trng/.loom/worktrees/issue-236/sim/digital-electrical-repair/requests/.klt/place-and-route/trng_digital_route.spef line 7427, net $10909 not found.
[WARNING STA-1650] /home/ubuntu/GitHub/sky130-trng/.loom/worktrees/issue-236/sim/digital-electrical-repair/requests/.klt/place-and-route/trng_digital_route.spef line 7441, net $1091 not found.
[WARNING STA-1650] /home/ubuntu/GitHub/sky130-trng/.loom/worktrees/issue-236/sim/digital-electrical-repair/requests/.klt/place-and-route/trng_digital_route.spef line 7461, net $10910 not found.
[WARNING STA-1650] /home/ubuntu/GitHub/sky130-trng/.loom/worktrees/issue-236/sim/digital-electrical-repair/requests/.klt/place-and-route/trng_digital_route.spef line 7476, net $1092 not found.
[WARNING STA-1650] /home/ubuntu/GitHub/sky130-trng/.loom/worktrees/issue-236/sim/digital-electrical-repair/requests/.klt/place-and-route/trng_digital_route.spef line 7488, net $10927 not found.
[WARNING STA-1650] /home/ubuntu/GitHub/sky130-trng/.loom/worktrees/issue-236/sim/digital-electrical-repair/requests/.klt/place-and-route/trng_digital_route.spef line 7498, net $10928 not found.
[WARNING STA-1650] /home/ubuntu/GitHub/sky130-trng/.loom/worktrees/issue-236/sim/digital-electrical-repair/requests/.klt/place-and-route/trng_digital_route.spef line 7508, net $10929 not found.
[WARNING STA-1650] /home/ubuntu/GitHub/sky130-trng/.loom/worktrees/issue-236/sim/digital-electrical-repair/requests/.klt/place-and-route/trng_digital_route.spef line 7518, net $1093 not found.
[WARNING STA-1650] /home/ubuntu/GitHub/sky130-trng/.loom/worktrees/issue-236/sim/digital-electrical-repair/requests/.klt/place-and-route/trng_digital_route.spef line 7532, net $10930 not found.
[WARNING STA-1650] /home/ubuntu/GitHub/sky130-trng/.loom/worktrees/issue-236/sim/digital-electrical-repair/requests/.klt/place-and-route/trng_digital_route.spef line 7542, net $10931 not found.
[WARNING STA-1650] /home/ubuntu/GitHub/sky130-trng/.loom/worktrees/issue-236/sim/digital-electrical-repair/requests/.klt/place-and-route/trng_digital_route.spef line 7552, net $10932 not found.
[WARNING STA-1650] /home/ubuntu/GitHub/sky130-trng/.loom/worktrees/issue-236/sim/digital-electrical-repair/requests/.klt/place-and-route/trng_digital_route.spef line 7561, net $10933 not found.
[WARNING STA-1650] /home/ubuntu/GitHub/sky130-trng/.loom/worktrees/issue-236/sim/digital-electrical-repair/requests/.klt/place-and-route/trng_digital_route.spef line 7570, net $10935 not found.
[WARNING STA-1650] /home/ubuntu/GitHub/sky130-trng/.loom/worktrees/issue-236/sim/digital-electrical-repair/requests/.klt/place-and-route/trng_digital_route.spef line 7580, net $1094 not found.
[WARNING STA-1650] /home/ubuntu/GitHub/sky130-trng/.loom/worktrees/issue-236/sim/digital-electrical-repair/requests/.klt/place-and-route/trng_digital_route.spef line 7589, net $1095 not found.
[WARNING STA-1650] /home/ubuntu/GitHub/sky130-trng/.loom/worktrees/issue-236/sim/digital-electrical-repair/requests/.klt/place-and-route/trng_digital_route.spef line 7604, net $1096 not found.
[WARNING STA-1650] /home/ubuntu/GitHub/sky130-trng/.loom/worktrees/issue-236/sim/digital-electrical-repair/requests/.klt/place-and-route/trng_digital_route.spef line 7619, net $10965 not found.
[WARNING STA-1650] /home/ubuntu/GitHub/sky130-trng/.loom/worktrees/issue-236/sim/digital-electrical-repair/requests/.klt/place-and-route/trng_digital_route.spef line 7627, net $10967 not found.
[WARNING STA-1650] /home/ubuntu/GitHub/sky130-trng/.loom/worktrees/issue-236/sim/digital-electrical-repair/requests/.klt/place-and-route/trng_digital_route.spef line 7635, net $10968 not found.
[WARNING STA-1650] /home/ubuntu/GitHub/sky130-trng/.loom/worktrees/issue-236/sim/digital-electrical-repair/requests/.klt/place-and-route/trng_digital_route.spef line 7647, net $10969 not found.
[WARNING STA-1650] /home/ubuntu/GitHub/sky130-trng/.loom/worktrees/issue-236/sim/digital-electrical-repair/requests/.klt/place-and-route/trng_digital_route.spef line 7656, net $1097 not found.
[WARNING STA-1650] /home/ubuntu/GitHub/sky130-trng/.loom/worktrees/issue-236/sim/digital-electrical-repair/requests/.klt/place-and-route/trng_digital_route.spef line 7672, net $10971 not found.
[WARNING STA-1650] /home/ubuntu/GitHub/sky130-trng/.loom/worktrees/issue-236/sim/digital-electrical-repair/requests/.klt/place-and-route/trng_digital_route.spef line 7681, net $10972 not found.
[WARNING STA-1650] /home/ubuntu/GitHub/sky130-trng/.loom/worktrees/issue-236/sim/digital-electrical-repair/requests/.klt/place-and-route/trng_digital_route.spef line 7692, net $10973 not found.
[WARNING STA-1650] /home/ubuntu/GitHub/sky130-trng/.loom/worktrees/issue-236/sim/digital-electrical-repair/requests/.klt/place-and-route/trng_digital_route.spef line 7702, net $10975 not found.
[WARNING STA-1650] /home/ubuntu/GitHub/sky130-trng/.loom/worktrees/issue-236/sim/digital-electrical-repair/requests/.klt/place-and-route/trng_digital_route.spef line 7711, net $10976 not found.
[WARNING STA-1650] /home/ubuntu/GitHub/sky130-trng/.loom/worktrees/issue-236/sim/digital-electrical-repair/requests/.klt/place-and-route/trng_digital_route.spef line 7724, net $10977 not found.
[WARNING STA-1650] /home/ubuntu/GitHub/sky130-trng/.loom/worktrees/issue-236/sim/digital-electrical-repair/requests/.klt/place-and-route/trng_digital_route.spef line 7734, net $10978 not found.
[WARNING STA-1650] /home/ubuntu/GitHub/sky130-trng/.loom/worktrees/issue-236/sim/digital-electrical-repair/requests/.klt/place-and-route/trng_digital_route.spef line 7744, net $10979 not found.
[WARNING STA-1650] /home/ubuntu/GitHub/sky130-trng/.loom/worktrees/issue-236/sim/digital-electrical-repair/requests/.klt/place-and-route/trng_digital_route.spef line 7757, net $1098 not found.
[WARNING STA-1650] /home/ubuntu/GitHub/sky130-trng/.loom/worktrees/issue-236/sim/digital-electrical-repair/requests/.klt/place-and-route/trng_digital_route.spef line 7775, net $10980 not found.
[WARNING STA-1650] /home/ubuntu/GitHub/sky130-trng/.loom/worktrees/issue-236/sim/digital-electrical-repair/requests/.klt/place-and-route/trng_digital_route.spef line 7784, net $10981 not found.
[WARNING STA-1650] /home/ubuntu/GitHub/sky130-trng/.loom/worktrees/issue-236/sim/digital-electrical-repair/requests/.klt/place-and-route/trng_digital_route.spef line 7794, net $10982 not found.
[WARNING STA-1650] /home/ubuntu/GitHub/sky130-trng/.loom/worktrees/issue-236/sim/digital-electrical-repair/requests/.klt/place-and-route/trng_digital_route.spef line 7808, net $10983 not found.
[WARNING STA-1650] /home/ubuntu/GitHub/sky130-trng/.loom/worktrees/issue-236/sim/digital-electrical-repair/requests/.klt/place-and-route/trng_digital_route.spef line 7818, net $10986 not found.
[WARNING STA-1650] /home/ubuntu/GitHub/sky130-trng/.loom/worktrees/issue-236/sim/digital-electrical-repair/requests/.klt/place-and-route/trng_digital_route.spef line 7828, net $10987 not found.
[WARNING STA-1650] /home/ubuntu/GitHub/sky130-trng/.loom/worktrees/issue-236/sim/digital-electrical-repair/requests/.klt/place-and-route/trng_digital_route.spef line 7843, net $10989 not found.
[WARNING STA-1650] /home/ubuntu/GitHub/sky130-trng/.loom/worktrees/issue-236/sim/digital-electrical-repair/requests/.klt/place-and-route/trng_digital_route.spef line 7853, net $10992 not found.
[WARNING STA-1650] /home/ubuntu/GitHub/sky130-trng/.loom/worktrees/issue-236/sim/digital-electrical-repair/requests/.klt/place-and-route/trng_digital_route.spef line 7864, net $10994 not found.
[WARNING STA-1650] /home/ubuntu/GitHub/sky130-trng/.loom/worktrees/issue-236/sim/digital-electrical-repair/requests/.klt/place-and-route/trng_digital_route.spef line 7882, net $10997 not found.
[WARNING STA-1650] /home/ubuntu/GitHub/sky130-trng/.loom/worktrees/issue-236/sim/digital-electrical-repair/requests/.klt/place-and-route/trng_digital_route.spef line 7901, net $10998 not found.
[WARNING STA-1650] /home/ubuntu/GitHub/sky130-trng/.loom/worktrees/issue-236/sim/digital-electrical-repair/requests/.klt/place-and-route/trng_digital_route.spef line 7925, net $10999 not found.
[WARNING STA-1650] /home/ubuntu/GitHub/sky130-trng/.loom/worktrees/issue-236/sim/digital-electrical-repair/requests/.klt/place-and-route/trng_digital_route.spef line 7946, net $1100 not found.
[WARNING STA-1650] /home/ubuntu/GitHub/sky130-trng/.loom/worktrees/issue-236/sim/digital-electrical-repair/requests/.klt/place-and-route/trng_digital_route.spef line 7958, net $11000 not found.
[WARNING STA-1650] /home/ubuntu/GitHub/sky130-trng/.loom/worktrees/issue-236/sim/digital-electrical-repair/requests/.klt/place-and-route/trng_digital_route.spef line 7969, net $11001 not found.
[WARNING STA-1650] /home/ubuntu/GitHub/sky130-trng/.loom/worktrees/issue-236/sim/digital-electrical-repair/requests/.klt/place-and-route/trng_digital_route.spef line 7983, net $11002 not found.
[WARNING STA-1650] /home/ubuntu/GitHub/sky130-trng/.loom/worktrees/issue-236/sim/digital-electrical-repair/requests/.klt/place-and-route/trng_digital_route.spef line 7995, net $11003 not found.
[WARNING STA-1650] /home/ubuntu/GitHub/sky130-trng/.loom/worktrees/issue-236/sim/digital-electrical-repair/requests/.klt/place-and-route/trng_digital_route.spef line 8011, net $11004 not found.
[WARNING STA-1650] /home/ubuntu/GitHub/sky130-trng/.loom/worktrees/issue-236/sim/digital-electrical-repair/requests/.klt/place-and-route/trng_digital_route.spef line 8021, net $11005 not found.
[WARNING STA-1650] /home/ubuntu/GitHub/sky130-trng/.loom/worktrees/issue-236/sim/digital-electrical-repair/requests/.klt/place-and-route/trng_digital_route.spef line 8031, net $11006 not found.
[WARNING STA-1650] /home/ubuntu/GitHub/sky130-trng/.loom/worktrees/issue-236/sim/digital-electrical-repair/requests/.klt/place-and-route/trng_digital_route.spef line 8053, net $11007 not found.
[WARNING STA-1650] /home/ubuntu/GitHub/sky130-trng/.loom/worktrees/issue-236/sim/digital-electrical-repair/requests/.klt/place-and-route/trng_digital_route.spef line 8073, net $11008 not found.
[WARNING STA-1650] /home/ubuntu/GitHub/sky130-trng/.loom/worktrees/issue-236/sim/digital-electrical-repair/requests/.klt/place-and-route/trng_digital_route.spef line 8084, net $11009 not found.
[WARNING STA-1650] /home/ubuntu/GitHub/sky130-trng/.loom/worktrees/issue-236/sim/digital-electrical-repair/requests/.klt/place-and-route/trng_digital_route.spef line 8097, net $1101 not found.
[WARNING STA-1650] /home/ubuntu/GitHub/sky130-trng/.loom/worktrees/issue-236/sim/digital-electrical-repair/requests/.klt/place-and-route/trng_digital_route.spef line 8108, net $11010 not found.
[WARNING STA-1650] /home/ubuntu/GitHub/sky130-trng/.loom/worktrees/issue-236/sim/digital-electrical-repair/requests/.klt/place-and-route/trng_digital_route.spef line 8121, net $11011 not found.
[WARNING STA-1650] /home/ubuntu/GitHub/sky130-trng/.loom/worktrees/issue-236/sim/digital-electrical-repair/requests/.klt/place-and-route/trng_digital_route.spef line 8135, net $11015 not found.
[WARNING STA-1650] /home/ubuntu/GitHub/sky130-trng/.loom/worktrees/issue-236/sim/digital-electrical-repair/requests/.klt/place-and-route/trng_digital_route.spef line 8159, net $11016 not found.
[WARNING STA-1650] /home/ubuntu/GitHub/sky130-trng/.loom/worktrees/issue-236/sim/digital-electrical-repair/requests/.klt/place-and-route/trng_digital_route.spef line 8178, net $11018 not found.
[WARNING STA-1650] /home/ubuntu/GitHub/sky130-trng/.loom/worktrees/issue-236/sim/digital-electrical-repair/requests/.klt/place-and-route/trng_digital_route.spef line 8188, net $11019 not found.
[WARNING STA-1650] /home/ubuntu/GitHub/sky130-trng/.loom/worktrees/issue-236/sim/digital-electrical-repair/requests/.klt/place-and-route/trng_digital_route.spef line 8203, net $1102 not found.
[WARNING STA-1650] /home/ubuntu/GitHub/sky130-trng/.loom/worktrees/issue-236/sim/digital-electrical-repair/requests/.klt/place-and-route/trng_digital_route.spef line 8214, net $11020 not found.
[WARNING STA-1650] /home/ubuntu/GitHub/sky130-trng/.loom/worktrees/issue-236/sim/digital-electrical-repair/requests/.klt/place-and-route/trng_digital_route.spef line 8227, net $11021 not found.
[WARNING STA-1650] /home/ubuntu/GitHub/sky130-trng/.loom/worktrees/issue-236/sim/digital-electrical-repair/requests/.klt/place-and-route/trng_digital_route.spef line 8243, net $11022 not found.
[WARNING STA-1650] /home/ubuntu/GitHub/sky130-trng/.loom/worktrees/issue-236/sim/digital-electrical-repair/requests/.klt/place-and-route/trng_digital_route.spef line 8255, net $11023 not found.
[WARNING STA-1650] /home/ubuntu/GitHub/sky130-trng/.loom/worktrees/issue-236/sim/digital-electrical-repair/requests/.klt/place-and-route/trng_digital_route.spef line 8267, net $11025 not found.
[WARNING STA-1650] /home/ubuntu/GitHub/sky130-trng/.loom/worktrees/issue-236/sim/digital-electrical-repair/requests/.klt/place-and-route/trng_digital_route.spef line 8292, net $11026 not found.
[WARNING STA-1650] /home/ubuntu/GitHub/sky130-trng/.loom/worktrees/issue-236/sim/digital-electrical-repair/requests/.klt/place-and-route/trng_digital_route.spef line 8315, net $11027 not found.
[WARNING STA-1650] /home/ubuntu/GitHub/sky130-trng/.loom/worktrees/issue-236/sim/digital-electrical-repair/requests/.klt/place-and-route/trng_digital_route.spef line 8327, net $11028 not found.
[WARNING STA-1650] /home/ubuntu/GitHub/sky130-trng/.loom/worktrees/issue-236/sim/digital-electrical-repair/requests/.klt/place-and-route/trng_digital_route.spef line 8340, net $11029 not found.
[WARNING STA-1650] /home/ubuntu/GitHub/sky130-trng/.loom/worktrees/issue-236/sim/digital-electrical-repair/requests/.klt/place-and-route/trng_digital_route.spef line 8354, net $11030 not found.
[WARNING STA-1650] /home/ubuntu/GitHub/sky130-trng/.loom/worktrees/issue-236/sim/digital-electrical-repair/requests/.klt/place-and-route/trng_digital_route.spef line 8369, net $11032 not found.
[WARNING STA-1650] /home/ubuntu/GitHub/sky130-trng/.loom/worktrees/issue-236/sim/digital-electrical-repair/requests/.klt/place-and-route/trng_digital_route.spef line 8383, net $11034 not found.
[WARNING STA-1650] /home/ubuntu/GitHub/sky130-trng/.loom/worktrees/issue-236/sim/digital-electrical-repair/requests/.klt/place-and-route/trng_digital_route.spef line 8394, net $1106 not found.
[WARNING STA-1650] /home/ubuntu/GitHub/sky130-trng/.loom/worktrees/issue-236/sim/digital-electrical-repair/requests/.klt/place-and-route/trng_digital_route.spef line 8408, net $11061 not found.
[WARNING STA-1650] /home/ubuntu/GitHub/sky130-trng/.loom/worktrees/issue-236/sim/digital-electrical-repair/requests/.klt/place-and-route/trng_digital_route.spef line 8418, net $11062 not found.
[WARNING STA-1650] /home/ubuntu/GitHub/sky130-trng/.loom/worktrees/issue-236/sim/digital-electrical-repair/requests/.klt/place-and-route/trng_digital_route.spef line 8428, net $11063 not found.
[WARNING STA-1650] /home/ubuntu/GitHub/sky130-trng/.loom/worktrees/issue-236/sim/digital-electrical-repair/requests/.klt/place-and-route/trng_digital_route.spef line 8437, net $11064 not found.
[WARNING STA-1650] /home/ubuntu/GitHub/sky130-trng/.loom/worktrees/issue-236/sim/digital-electrical-repair/requests/.klt/place-and-route/trng_digital_route.spef line 8447, net $11065 not found.
[WARNING STA-1650] /home/ubuntu/GitHub/sky130-trng/.loom/worktrees/issue-236/sim/digital-electrical-repair/requests/.klt/place-and-route/trng_digital_route.spef line 8457, net $11066 not found.
[WARNING STA-1650] /home/ubuntu/GitHub/sky130-trng/.loom/worktrees/issue-236/sim/digital-electrical-repair/requests/.klt/place-and-route/trng_digital_route.spef line 8467, net $11067 not found.
[WARNING STA-1650] /home/ubuntu/GitHub/sky130-trng/.loom/worktrees/issue-236/sim/digital-electrical-repair/requests/.klt/place-and-route/trng_digital_route.spef line 8478, net $11068 not found.
[WARNING STA-1650] /home/ubuntu/GitHub/sky130-trng/.loom/worktrees/issue-236/sim/digital-electrical-repair/requests/.klt/place-and-route/trng_digital_route.spef line 8491, net $1107 not found.
[WARNING STA-1650] /home/ubuntu/GitHub/sky130-trng/.loom/worktrees/issue-236/sim/digital-electrical-repair/requests/.klt/place-and-route/trng_digital_route.spef line 8506, net $11070 not found.
[WARNING STA-1650] /home/ubuntu/GitHub/sky130-trng/.loom/worktrees/issue-236/sim/digital-electrical-repair/requests/.klt/place-and-route/trng_digital_route.spef line 8519, net $11071 not found.
[WARNING STA-1650] /home/ubuntu/GitHub/sky130-trng/.loom/worktrees/issue-236/sim/digital-electrical-repair/requests/.klt/place-and-route/trng_digital_route.spef line 8528, net $11072 not found.
[WARNING STA-1650] /home/ubuntu/GitHub/sky130-trng/.loom/worktrees/issue-236/sim/digital-electrical-repair/requests/.klt/place-and-route/trng_digital_route.spef line 8537, net $1108 not found.
[WARNING STA-1650] /home/ubuntu/GitHub/sky130-trng/.loom/worktrees/issue-236/sim/digital-electrical-repair/requests/.klt/place-and-route/trng_digital_route.spef line 8552, net $1109 not found.
[WARNING STA-1650] /home/ubuntu/GitHub/sky130-trng/.loom/worktrees/issue-236/sim/digital-electrical-repair/requests/.klt/place-and-route/trng_digital_route.spef line 8566, net $11093 not found.
[WARNING STA-1650] /home/ubuntu/GitHub/sky130-trng/.loom/worktrees/issue-236/sim/digital-electrical-repair/requests/.klt/place-and-route/trng_digital_route.spef line 8575, net $11095 not found.
[WARNING STA-1650] /home/ubuntu/GitHub/sky130-trng/.loom/worktrees/issue-236/sim/digital-electrical-repair/requests/.klt/place-and-route/trng_digital_route.spef line 8587, net $11096 not found.
[WARNING STA-1650] /home/ubuntu/GitHub/sky130-trng/.loom/worktrees/issue-236/sim/digital-electrical-repair/requests/.klt/place-and-route/trng_digital_route.spef line 8612, net $11097 not found.
[WARNING STA-1650] /home/ubuntu/GitHub/sky130-trng/.loom/worktrees/issue-236/sim/digital-electrical-repair/requests/.klt/place-and-route/trng_digital_route.spef line 8634, net $11099 not found.
[WARNING STA-1650] /home/ubuntu/GitHub/sky130-trng/.loom/worktrees/issue-236/sim/digital-electrical-repair/requests/.klt/place-and-route/trng_digital_route.spef line 8646, net $11100 not found.
[WARNING STA-1650] /home/ubuntu/GitHub/sky130-trng/.loom/worktrees/issue-236/sim/digital-electrical-repair/requests/.klt/place-and-route/trng_digital_route.spef line 8659, net $11101 not found.
[WARNING STA-1650] /home/ubuntu/GitHub/sky130-trng/.loom/worktrees/issue-236/sim/digital-electrical-repair/requests/.klt/place-and-route/trng_digital_route.spef line 8668, net $11102 not found.
[WARNING STA-1650] /home/ubuntu/GitHub/sky130-trng/.loom/worktrees/issue-236/sim/digital-electrical-repair/requests/.klt/place-and-route/trng_digital_route.spef line 8682, net $11103 not found.
[WARNING STA-1650] /home/ubuntu/GitHub/sky130-trng/.loom/worktrees/issue-236/sim/digital-electrical-repair/requests/.klt/place-and-route/trng_digital_route.spef line 8697, net $11104 not found.
[WARNING STA-1650] /home/ubuntu/GitHub/sky130-trng/.loom/worktrees/issue-236/sim/digital-electrical-repair/requests/.klt/place-and-route/trng_digital_route.spef line 8713, net $11106 not found.
[WARNING STA-1650] /home/ubuntu/GitHub/sky130-trng/.loom/worktrees/issue-236/sim/digital-electrical-repair/requests/.klt/place-and-route/trng_digital_route.spef line 8722, net $11108 not found.
[WARNING STA-1650] /home/ubuntu/GitHub/sky130-trng/.loom/worktrees/issue-236/sim/digital-electrical-repair/requests/.klt/place-and-route/trng_digital_route.spef line 8734, net $11109 not found.
[WARNING STA-1650] /home/ubuntu/GitHub/sky130-trng/.loom/worktrees/issue-236/sim/digital-electrical-repair/requests/.klt/place-and-route/trng_digital_route.spef line 8744, net $1111 not found.
[WARNING STA-1650] /home/ubuntu/GitHub/sky130-trng/.loom/worktrees/issue-236/sim/digital-electrical-repair/requests/.klt/place-and-route/trng_digital_route.spef line 8754, net $11111 not found.
[WARNING STA-1650] /home/ubuntu/GitHub/sky130-trng/.loom/worktrees/issue-236/sim/digital-electrical-repair/requests/.klt/place-and-route/trng_digital_route.spef line 8768, net $11112 not found.
[WARNING STA-1650] /home/ubuntu/GitHub/sky130-trng/.loom/worktrees/issue-236/sim/digital-electrical-repair/requests/.klt/place-and-route/trng_digital_route.spef line 8792, net $11113 not found.
[WARNING STA-1650] /home/ubuntu/GitHub/sky130-trng/.loom/worktrees/issue-236/sim/digital-electrical-repair/requests/.klt/place-and-route/trng_digital_route.spef line 8813, net $11114 not found.
[WARNING STA-1650] /home/ubuntu/GitHub/sky130-trng/.loom/worktrees/issue-236/sim/digital-electrical-repair/requests/.klt/place-and-route/trng_digital_route.spef line 8825, net $11115 not found.
[WARNING STA-1650] /home/ubuntu/GitHub/sky130-trng/.loom/worktrees/issue-236/sim/digital-electrical-repair/requests/.klt/place-and-route/trng_digital_route.spef line 8839, net $11116 not found.
[WARNING STA-1650] /home/ubuntu/GitHub/sky130-trng/.loom/worktrees/issue-236/sim/digital-electrical-repair/requests/.klt/place-and-route/trng_digital_route.spef line 8849, net $11117 not found.
[WARNING STA-1650] /home/ubuntu/GitHub/sky130-trng/.loom/worktrees/issue-236/sim/digital-electrical-repair/requests/.klt/place-and-route/trng_digital_route.spef line 8864, net $11118 not found.
[WARNING STA-1650] /home/ubuntu/GitHub/sky130-trng/.loom/worktrees/issue-236/sim/digital-electrical-repair/requests/.klt/place-and-route/trng_digital_route.spef line 8879, net $11119 not found.
[WARNING STA-1650] /home/ubuntu/GitHub/sky130-trng/.loom/worktrees/issue-236/sim/digital-electrical-repair/requests/.klt/place-and-route/trng_digital_route.spef line 8896, net $11121 not found.
[WARNING STA-1650] /home/ubuntu/GitHub/sky130-trng/.loom/worktrees/issue-236/sim/digital-electrical-repair/requests/.klt/place-and-route/trng_digital_route.spef line 8920, net $11122 not found.
[WARNING STA-1650] /home/ubuntu/GitHub/sky130-trng/.loom/worktrees/issue-236/sim/digital-electrical-repair/requests/.klt/place-and-route/trng_digital_route.spef line 8940, net $11124 not found.
[WARNING STA-1650] /home/ubuntu/GitHub/sky130-trng/.loom/worktrees/issue-236/sim/digital-electrical-repair/requests/.klt/place-and-route/trng_digital_route.spef line 8951, net $11125 not found.
[WARNING STA-1650] /home/ubuntu/GitHub/sky130-trng/.loom/worktrees/issue-236/sim/digital-electrical-repair/requests/.klt/place-and-route/trng_digital_route.spef line 8966, net $11126 not found.
[WARNING STA-1650] /home/ubuntu/GitHub/sky130-trng/.loom/worktrees/issue-236/sim/digital-electrical-repair/requests/.klt/place-and-route/trng_digital_route.spef line 8979, net $11127 not found.
[WARNING STA-1650] /home/ubuntu/GitHub/sky130-trng/.loom/worktrees/issue-236/sim/digital-electrical-repair/requests/.klt/place-and-route/trng_digital_route.spef line 8996, net $11128 not found.
[WARNING STA-1650] /home/ubuntu/GitHub/sky130-trng/.loom/worktrees/issue-236/sim/digital-electrical-repair/requests/.klt/place-and-route/trng_digital_route.spef line 9007, net $11129 not found.
[WARNING STA-1650] /home/ubuntu/GitHub/sky130-trng/.loom/worktrees/issue-236/sim/digital-electrical-repair/requests/.klt/place-and-route/trng_digital_route.spef line 9018, net $11132 not found.
[WARNING STA-1650] /home/ubuntu/GitHub/sky130-trng/.loom/worktrees/issue-236/sim/digital-electrical-repair/requests/.klt/place-and-route/trng_digital_route.spef line 9031, net $11134 not found.
[WARNING STA-1650] /home/ubuntu/GitHub/sky130-trng/.loom/worktrees/issue-236/sim/digital-electrical-repair/requests/.klt/place-and-route/trng_digital_route.spef line 9056, net $11135 not found.
[WARNING STA-1650] /home/ubuntu/GitHub/sky130-trng/.loom/worktrees/issue-236/sim/digital-electrical-repair/requests/.klt/place-and-route/trng_digital_route.spef line 9079, net $11137 not found.
[WARNING STA-1650] /home/ubuntu/GitHub/sky130-trng/.loom/worktrees/issue-236/sim/digital-electrical-repair/requests/.klt/place-and-route/trng_digital_route.spef line 9091, net $11138 not found.
[WARNING STA-1650] /home/ubuntu/GitHub/sky130-trng/.loom/worktrees/issue-236/sim/digital-electrical-repair/requests/.klt/place-and-route/trng_digital_route.spef line 9103, net $11139 not found.
[WARNING STA-1650] /home/ubuntu/GitHub/sky130-trng/.loom/worktrees/issue-236/sim/digital-electrical-repair/requests/.klt/place-and-route/trng_digital_route.spef line 9112, net $11140 not found.
[WARNING STA-1650] /home/ubuntu/GitHub/sky130-trng/.loom/worktrees/issue-236/sim/digital-electrical-repair/requests/.klt/place-and-route/trng_digital_route.spef line 9125, net $11141 not found.
[WARNING STA-1650] /home/ubuntu/GitHub/sky130-trng/.loom/worktrees/issue-236/sim/digital-electrical-repair/requests/.klt/place-and-route/trng_digital_route.spef line 9138, net $11142 not found.
[WARNING STA-1650] /home/ubuntu/GitHub/sky130-trng/.loom/worktrees/issue-236/sim/digital-electrical-repair/requests/.klt/place-and-route/trng_digital_route.spef line 9153, net $11143 not found.
[WARNING STA-1650] /home/ubuntu/GitHub/sky130-trng/.loom/worktrees/issue-236/sim/digital-electrical-repair/requests/.klt/place-and-route/trng_digital_route.spef line 9177, net $11144 not found.
[WARNING STA-1650] /home/ubuntu/GitHub/sky130-trng/.loom/worktrees/issue-236/sim/digital-electrical-repair/requests/.klt/place-and-route/trng_digital_route.spef line 9199, net $11146 not found.
[WARNING STA-1650] /home/ubuntu/GitHub/sky130-trng/.loom/worktrees/issue-236/sim/digital-electrical-repair/requests/.klt/place-and-route/trng_digital_route.spef line 9212, net $11147 not found.
[WARNING STA-1650] /home/ubuntu/GitHub/sky130-trng/.loom/worktrees/issue-236/sim/digital-electrical-repair/requests/.klt/place-and-route/trng_digital_route.spef line 9227, net $11148 not found.
[WARNING STA-1650] /home/ubuntu/GitHub/sky130-trng/.loom/worktrees/issue-236/sim/digital-electrical-repair/requests/.klt/place-and-route/trng_digital_route.spef line 9236, net $11149 not found.
[WARNING STA-1650] /home/ubuntu/GitHub/sky130-trng/.loom/worktrees/issue-236/sim/digital-electrical-repair/requests/.klt/place-and-route/trng_digital_route.spef line 9252, net $11150 not found.
[WARNING STA-1650] /home/ubuntu/GitHub/sky130-trng/.loom/worktrees/issue-236/sim/digital-electrical-repair/requests/.klt/place-and-route/trng_digital_route.spef line 9267, net $11151 not found.
[WARNING STA-1650] /home/ubuntu/GitHub/sky130-trng/.loom/worktrees/issue-236/sim/digital-electrical-repair/requests/.klt/place-and-route/trng_digital_route.spef line 9282, net $11152 not found.
[WARNING STA-1650] /home/ubuntu/GitHub/sky130-trng/.loom/worktrees/issue-236/sim/digital-electrical-repair/requests/.klt/place-and-route/trng_digital_route.spef line 9292, net $11153 not found.
[WARNING STA-1650] /home/ubuntu/GitHub/sky130-trng/.loom/worktrees/issue-236/sim/digital-electrical-repair/requests/.klt/place-and-route/trng_digital_route.spef line 9304, net $11154 not found.
[WARNING STA-1650] /home/ubuntu/GitHub/sky130-trng/.loom/worktrees/issue-236/sim/digital-electrical-repair/requests/.klt/place-and-route/trng_digital_route.spef line 9331, net $11155 not found.
[WARNING STA-1650] /home/ubuntu/GitHub/sky130-trng/.loom/worktrees/issue-236/sim/digital-electrical-repair/requests/.klt/place-and-route/trng_digital_route.spef line 9354, net $11157 not found.
[WARNING STA-1650] /home/ubuntu/GitHub/sky130-trng/.loom/worktrees/issue-236/sim/digital-electrical-repair/requests/.klt/place-and-route/trng_digital_route.spef line 9365, net $11158 not found.
[WARNING STA-1650] /home/ubuntu/GitHub/sky130-trng/.loom/worktrees/issue-236/sim/digital-electrical-repair/requests/.klt/place-and-route/trng_digital_route.spef line 9378, net $11159 not found.
[WARNING STA-1650] /home/ubuntu/GitHub/sky130-trng/.loom/worktrees/issue-236/sim/digital-electrical-repair/requests/.klt/place-and-route/trng_digital_route.spef line 9387, net $11160 not found.
[WARNING STA-1650] /home/ubuntu/GitHub/sky130-trng/.loom/worktrees/issue-236/sim/digital-electrical-repair/requests/.klt/place-and-route/trng_digital_route.spef line 9400, net $11161 not found.
[WARNING STA-1650] /home/ubuntu/GitHub/sky130-trng/.loom/worktrees/issue-236/sim/digital-electrical-repair/requests/.klt/place-and-route/trng_digital_route.spef line 9413, net $11162 not found.
[WARNING STA-1650] /home/ubuntu/GitHub/sky130-trng/.loom/worktrees/issue-236/sim/digital-electrical-repair/requests/.klt/place-and-route/trng_digital_route.spef line 9429, net $11163 not found.
[WARNING STA-1650] /home/ubuntu/GitHub/sky130-trng/.loom/worktrees/issue-236/sim/digital-electrical-repair/requests/.klt/place-and-route/trng_digital_route.spef line 9439, net $11164 not found.
[WARNING STA-1650] /home/ubuntu/GitHub/sky130-trng/.loom/worktrees/issue-236/sim/digital-electrical-repair/requests/.klt/place-and-route/trng_digital_route.spef line 9451, net $11165 not found.
[WARNING STA-1650] /home/ubuntu/GitHub/sky130-trng/.loom/worktrees/issue-236/sim/digital-electrical-repair/requests/.klt/place-and-route/trng_digital_route.spef line 9472, net $11166 not found.
[WARNING STA-1650] /home/ubuntu/GitHub/sky130-trng/.loom/worktrees/issue-236/sim/digital-electrical-repair/requests/.klt/place-and-route/trng_digital_route.spef line 9491, net $11168 not found.
[WARNING STA-1650] /home/ubuntu/GitHub/sky130-trng/.loom/worktrees/issue-236/sim/digital-electrical-repair/requests/.klt/place-and-route/trng_digital_route.spef line 9502, net $11169 not found.
[WARNING STA-1650] /home/ubuntu/GitHub/sky130-trng/.loom/worktrees/issue-236/sim/digital-electrical-repair/requests/.klt/place-and-route/trng_digital_route.spef line 9515, net $11170 not found.
[WARNING STA-1650] /home/ubuntu/GitHub/sky130-trng/.loom/worktrees/issue-236/sim/digital-electrical-repair/requests/.klt/place-and-route/trng_digital_route.spef line 9524, net $11171 not found.
[WARNING STA-1650] /home/ubuntu/GitHub/sky130-trng/.loom/worktrees/issue-236/sim/digital-electrical-repair/requests/.klt/place-and-route/trng_digital_route.spef line 9537, net $11172 not found.
[WARNING STA-1650] /home/ubuntu/GitHub/sky130-trng/.loom/worktrees/issue-236/sim/digital-electrical-repair/requests/.klt/place-and-route/trng_digital_route.spef line 9550, net $11173 not found.
[WARNING STA-1650] /home/ubuntu/GitHub/sky130-trng/.loom/worktrees/issue-236/sim/digital-electrical-repair/requests/.klt/place-and-route/trng_digital_route.spef line 9564, net $11175 not found.
[WARNING STA-1650] /home/ubuntu/GitHub/sky130-trng/.loom/worktrees/issue-236/sim/digital-electrical-repair/requests/.klt/place-and-route/trng_digital_route.spef line 9589, net $11176 not found.
[WARNING STA-1650] /home/ubuntu/GitHub/sky130-trng/.loom/worktrees/issue-236/sim/digital-electrical-repair/requests/.klt/place-and-route/trng_digital_route.spef line 9612, net $11177 not found.
[WARNING STA-1650] /home/ubuntu/GitHub/sky130-trng/.loom/worktrees/issue-236/sim/digital-electrical-repair/requests/.klt/place-and-route/trng_digital_route.spef line 9623, net $11178 not found.
[WARNING STA-1650] /home/ubuntu/GitHub/sky130-trng/.loom/worktrees/issue-236/sim/digital-electrical-repair/requests/.klt/place-and-route/trng_digital_route.spef line 9636, net $11179 not found.
[WARNING STA-1650] /home/ubuntu/GitHub/sky130-trng/.loom/worktrees/issue-236/sim/digital-electrical-repair/requests/.klt/place-and-route/trng_digital_route.spef line 9645, net $11180 not found.
[WARNING STA-1650] /home/ubuntu/GitHub/sky130-trng/.loom/worktrees/issue-236/sim/digital-electrical-repair/requests/.klt/place-and-route/trng_digital_route.spef line 9658, net $11181 not found.
[WARNING STA-1650] /home/ubuntu/GitHub/sky130-trng/.loom/worktrees/issue-236/sim/digital-electrical-repair/requests/.klt/place-and-route/trng_digital_route.spef line 9672, net $11182 not found.
[WARNING STA-1650] /home/ubuntu/GitHub/sky130-trng/.loom/worktrees/issue-236/sim/digital-electrical-repair/requests/.klt/place-and-route/trng_digital_route.spef line 9687, net $11201 not found.
[WARNING STA-1650] /home/ubuntu/GitHub/sky130-trng/.loom/worktrees/issue-236/sim/digital-electrical-repair/requests/.klt/place-and-route/trng_digital_route.spef line 9696, net $11202 not found.
[WARNING STA-1650] /home/ubuntu/GitHub/sky130-trng/.loom/worktrees/issue-236/sim/digital-electrical-repair/requests/.klt/place-and-route/trng_digital_route.spef line 9704, net $11203 not found.
[WARNING STA-1650] /home/ubuntu/GitHub/sky130-trng/.loom/worktrees/issue-236/sim/digital-electrical-repair/requests/.klt/place-and-route/trng_digital_route.spef line 9713, net $11204 not found.
[WARNING STA-1650] /home/ubuntu/GitHub/sky130-trng/.loom/worktrees/issue-236/sim/digital-electrical-repair/requests/.klt/place-and-route/trng_digital_route.spef line 9722, net $11205 not found.
[WARNING STA-1650] /home/ubuntu/GitHub/sky130-trng/.loom/worktrees/issue-236/sim/digital-electrical-repair/requests/.klt/place-and-route/trng_digital_route.spef line 9731, net $11206 not found.
[WARNING STA-1650] /home/ubuntu/GitHub/sky130-trng/.loom/worktrees/issue-236/sim/digital-electrical-repair/requests/.klt/place-and-route/trng_digital_route.spef line 9740, net $11207 not found.
[WARNING STA-1650] /home/ubuntu/GitHub/sky130-trng/.loom/worktrees/issue-236/sim/digital-electrical-repair/requests/.klt/place-and-route/trng_digital_route.spef line 9751, net $11208 not found.
[WARNING STA-1650] /home/ubuntu/GitHub/sky130-trng/.loom/worktrees/issue-236/sim/digital-electrical-repair/requests/.klt/place-and-route/trng_digital_route.spef line 9759, net $11209 not found.
[WARNING STA-1650] /home/ubuntu/GitHub/sky130-trng/.loom/worktrees/issue-236/sim/digital-electrical-repair/requests/.klt/place-and-route/trng_digital_route.spef line 9767, net $11210 not found.
[WARNING STA-1650] /home/ubuntu/GitHub/sky130-trng/.loom/worktrees/issue-236/sim/digital-electrical-repair/requests/.klt/place-and-route/trng_digital_route.spef line 9776, net $11211 not found.
[WARNING STA-1650] /home/ubuntu/GitHub/sky130-trng/.loom/worktrees/issue-236/sim/digital-electrical-repair/requests/.klt/place-and-route/trng_digital_route.spef line 9785, net $11246 not found.
[WARNING STA-1650] /home/ubuntu/GitHub/sky130-trng/.loom/worktrees/issue-236/sim/digital-electrical-repair/requests/.klt/place-and-route/trng_digital_route.spef line 9808, net $11247 not found.
[WARNING STA-1650] /home/ubuntu/GitHub/sky130-trng/.loom/worktrees/issue-236/sim/digital-electrical-repair/requests/.klt/place-and-route/trng_digital_route.spef line 9828, net $11248 not found.
[WARNING STA-1650] /home/ubuntu/GitHub/sky130-trng/.loom/worktrees/issue-236/sim/digital-electrical-repair/requests/.klt/place-and-route/trng_digital_route.spef line 9838, net $11249 not found.
[WARNING STA-1650] /home/ubuntu/GitHub/sky130-trng/.loom/worktrees/issue-236/sim/digital-electrical-repair/requests/.klt/place-and-route/trng_digital_route.spef line 9850, net $11250 not found.
[WARNING STA-1650] /home/ubuntu/GitHub/sky130-trng/.loom/worktrees/issue-236/sim/digital-electrical-repair/requests/.klt/place-and-route/trng_digital_route.spef line 9863, net $11251 not found.
[WARNING STA-1650] /home/ubuntu/GitHub/sky130-trng/.loom/worktrees/issue-236/sim/digital-electrical-repair/requests/.klt/place-and-route/trng_digital_route.spef line 9878, net $11252 not found.
[WARNING STA-1650] /home/ubuntu/GitHub/sky130-trng/.loom/worktrees/issue-236/sim/digital-electrical-repair/requests/.klt/place-and-route/trng_digital_route.spef line 9894, net $11253 not found.
[WARNING STA-1650] /home/ubuntu/GitHub/sky130-trng/.loom/worktrees/issue-236/sim/digital-electrical-repair/requests/.klt/place-and-route/trng_digital_route.spef line 9904, net $11255 not found.
[WARNING STA-1650] /home/ubuntu/GitHub/sky130-trng/.loom/worktrees/issue-236/sim/digital-electrical-repair/requests/.klt/place-and-route/trng_digital_route.spef line 9914, net $11256 not found.
[WARNING STA-1650] /home/ubuntu/GitHub/sky130-trng/.loom/worktrees/issue-236/sim/digital-electrical-repair/requests/.klt/place-and-route/trng_digital_route.spef line 9927, net $11258 not found.
[WARNING STA-1650] /home/ubuntu/GitHub/sky130-trng/.loom/worktrees/issue-236/sim/digital-electrical-repair/requests/.klt/place-and-route/trng_digital_route.spef line 9936, net $11259 not found.
[WARNING STA-1650] /home/ubuntu/GitHub/sky130-trng/.loom/worktrees/issue-236/sim/digital-electrical-repair/requests/.klt/place-and-route/trng_digital_route.spef line 9945, net $1126 not found.
[WARNING STA-1650] /home/ubuntu/GitHub/sky130-trng/.loom/worktrees/issue-236/sim/digital-electrical-repair/requests/.klt/place-and-route/trng_digital_route.spef line 9955, net $11260 not found.
[WARNING STA-1650] /home/ubuntu/GitHub/sky130-trng/.loom/worktrees/issue-236/sim/digital-electrical-repair/requests/.klt/place-and-route/trng_digital_route.spef line 9968, net $11261 not found.
[WARNING STA-1650] /home/ubuntu/GitHub/sky130-trng/.loom/worktrees/issue-236/sim/digital-electrical-repair/requests/.klt/place-and-route/trng_digital_route.spef line 9977, net $11263 not found.
[WARNING STA-1650] /home/ubuntu/GitHub/sky130-trng/.loom/worktrees/issue-236/sim/digital-electrical-repair/requests/.klt/place-and-route/trng_digital_route.spef line 9986, net $11264 not found.
[WARNING STA-1650] /home/ubuntu/GitHub/sky130-trng/.loom/worktrees/issue-236/sim/digital-electrical-repair/requests/.klt/place-and-route/trng_digital_route.spef line 10000, net $11267 not found.
[WARNING STA-1650] /home/ubuntu/GitHub/sky130-trng/.loom/worktrees/issue-236/sim/digital-electrical-repair/requests/.klt/place-and-route/trng_digital_route.spef line 10027, net $11268 not found.
[WARNING STA-1650] /home/ubuntu/GitHub/sky130-trng/.loom/worktrees/issue-236/sim/digital-electrical-repair/requests/.klt/place-and-route/trng_digital_route.spef line 10048, net $1127 not found.
[WARNING STA-1650] /home/ubuntu/GitHub/sky130-trng/.loom/worktrees/issue-236/sim/digital-electrical-repair/requests/.klt/place-and-route/trng_digital_route.spef line 10060, net $11270 not found.
[WARNING STA-1650] /home/ubuntu/GitHub/sky130-trng/.loom/worktrees/issue-236/sim/digital-electrical-repair/requests/.klt/place-and-route/trng_digital_route.spef line 10071, net $11271 not found.
[WARNING STA-1650] /home/ubuntu/GitHub/sky130-trng/.loom/worktrees/issue-236/sim/digital-electrical-repair/requests/.klt/place-and-route/trng_digital_route.spef line 10086, net $11272 not found.
[WARNING STA-1650] /home/ubuntu/GitHub/sky130-trng/.loom/worktrees/issue-236/sim/digital-electrical-repair/requests/.klt/place-and-route/trng_digital_route.spef line 10099, net $11273 not found.
[WARNING STA-1650] /home/ubuntu/GitHub/sky130-trng/.loom/worktrees/issue-236/sim/digital-electrical-repair/requests/.klt/place-and-route/trng_digital_route.spef line 10116, net $11274 not found.
[WARNING STA-1650] /home/ubuntu/GitHub/sky130-trng/.loom/worktrees/issue-236/sim/digital-electrical-repair/requests/.klt/place-and-route/trng_digital_route.spef line 10129, net $11275 not found.
[WARNING STA-1650] /home/ubuntu/GitHub/sky130-trng/.loom/worktrees/issue-236/sim/digital-electrical-repair/requests/.klt/place-and-route/trng_digital_route.spef line 10142, net $11276 not found.
[WARNING STA-1650] /home/ubuntu/GitHub/sky130-trng/.loom/worktrees/issue-236/sim/digital-electrical-repair/requests/.klt/place-and-route/trng_digital_route.spef line 10167, net $11277 not found.
[WARNING STA-1650] /home/ubuntu/GitHub/sky130-trng/.loom/worktrees/issue-236/sim/digital-electrical-repair/requests/.klt/place-and-route/trng_digital_route.spef line 10190, net $11278 not found.
[WARNING STA-1650] /home/ubuntu/GitHub/sky130-trng/.loom/worktrees/issue-236/sim/digital-electrical-repair/requests/.klt/place-and-route/trng_digital_route.spef line 10203, net $11279 not found.
[WARNING STA-1650] /home/ubuntu/GitHub/sky130-trng/.loom/worktrees/issue-236/sim/digital-electrical-repair/requests/.klt/place-and-route/trng_digital_route.spef line 10217, net $11280 not found.
[WARNING STA-1650] /home/ubuntu/GitHub/sky130-trng/.loom/worktrees/issue-236/sim/digital-electrical-repair/requests/.klt/place-and-route/trng_digital_route.spef line 10231, net $11281 not found.
[WARNING STA-1650] /home/ubuntu/GitHub/sky130-trng/.loom/worktrees/issue-236/sim/digital-electrical-repair/requests/.klt/place-and-route/trng_digital_route.spef line 10246, net $11282 not found.
[WARNING STA-1650] /home/ubuntu/GitHub/sky130-trng/.loom/worktrees/issue-236/sim/digital-electrical-repair/requests/.klt/place-and-route/trng_digital_route.spef line 10254, net $11284 not found.
[WARNING STA-1650] /home/ubuntu/GitHub/sky130-trng/.loom/worktrees/issue-236/sim/digital-electrical-repair/requests/.klt/place-and-route/trng_digital_route.spef line 10262, net $11285 not found.
[WARNING STA-1650] /home/ubuntu/GitHub/sky130-trng/.loom/worktrees/issue-236/sim/digital-electrical-repair/requests/.klt/place-and-route/trng_digital_route.spef line 10273, net $11288 not found.
[WARNING STA-1650] /home/ubuntu/GitHub/sky130-trng/.loom/worktrees/issue-236/sim/digital-electrical-repair/requests/.klt/place-and-route/trng_digital_route.spef line 10282, net $11292 not found.
[WARNING STA-1650] /home/ubuntu/GitHub/sky130-trng/.loom/worktrees/issue-236/sim/digital-electrical-repair/requests/.klt/place-and-route/trng_digital_route.spef line 10293, net $11293 not found.
[WARNING STA-1650] /home/ubuntu/GitHub/sky130-trng/.loom/worktrees/issue-236/sim/digital-electrical-repair/requests/.klt/place-and-route/trng_digital_route.spef line 10310, net $11294 not found.
[WARNING STA-1650] /home/ubuntu/GitHub/sky130-trng/.loom/worktrees/issue-236/sim/digital-electrical-repair/requests/.klt/place-and-route/trng_digital_route.spef line 10335, net $11295 not found.
[WARNING STA-1650] /home/ubuntu/GitHub/sky130-trng/.loom/worktrees/issue-236/sim/digital-electrical-repair/requests/.klt/place-and-route/trng_digital_route.spef line 10356, net $11296 not found.
[WARNING STA-1650] /home/ubuntu/GitHub/sky130-trng/.loom/worktrees/issue-236/sim/digital-electrical-repair/requests/.klt/place-and-route/trng_digital_route.spef line 10369, net $11297 not found.
[WARNING STA-1650] /home/ubuntu/GitHub/sky130-trng/.loom/worktrees/issue-236/sim/digital-electrical-repair/requests/.klt/place-and-route/trng_digital_route.spef line 10384, net $11298 not found.
[WARNING STA-1650] /home/ubuntu/GitHub/sky130-trng/.loom/worktrees/issue-236/sim/digital-electrical-repair/requests/.klt/place-and-route/trng_digital_route.spef line 10397, net $11299 not found.
[WARNING STA-1650] /home/ubuntu/GitHub/sky130-trng/.loom/worktrees/issue-236/sim/digital-electrical-repair/requests/.klt/place-and-route/trng_digital_route.spef line 10411, net $113 not found.
[WARNING STA-1650] /home/ubuntu/GitHub/sky130-trng/.loom/worktrees/issue-236/sim/digital-electrical-repair/requests/.klt/place-and-route/trng_digital_route.spef line 10420, net $11301 not found.
[WARNING STA-1650] /home/ubuntu/GitHub/sky130-trng/.loom/worktrees/issue-236/sim/digital-electrical-repair/requests/.klt/place-and-route/trng_digital_route.spef line 10429, net $11302 not found.
[WARNING STA-1650] /home/ubuntu/GitHub/sky130-trng/.loom/worktrees/issue-236/sim/digital-electrical-repair/requests/.klt/place-and-route/trng_digital_route.spef line 10438, net $11303 not found.
[WARNING STA-1650] /home/ubuntu/GitHub/sky130-trng/.loom/worktrees/issue-236/sim/digital-electrical-repair/requests/.klt/place-and-route/trng_digital_route.spef line 10451, net $11304 not found.
[WARNING STA-1650] /home/ubuntu/GitHub/sky130-trng/.loom/worktrees/issue-236/sim/digital-electrical-repair/requests/.klt/place-and-route/trng_digital_route.spef line 10460, net $11306 not found.
[WARNING STA-1650] /home/ubuntu/GitHub/sky130-trng/.loom/worktrees/issue-236/sim/digital-electrical-repair/requests/.klt/place-and-route/trng_digital_route.spef line 10468, net $11307 not found.
[WARNING STA-1650] /home/ubuntu/GitHub/sky130-trng/.loom/worktrees/issue-236/sim/digital-electrical-repair/requests/.klt/place-and-route/trng_digital_route.spef line 10481, net $11310 not found.
[WARNING STA-1650] /home/ubuntu/GitHub/sky130-trng/.loom/worktrees/issue-236/sim/digital-electrical-repair/requests/.klt/place-and-route/trng_digital_route.spef line 10492, net $11311 not found.
[WARNING STA-1650] /home/ubuntu/GitHub/sky130-trng/.loom/worktrees/issue-236/sim/digital-electrical-repair/requests/.klt/place-and-route/trng_digital_route.spef line 10506, net $11314 not found.
[WARNING STA-1650] /home/ubuntu/GitHub/sky130-trng/.loom/worktrees/issue-236/sim/digital-electrical-repair/requests/.klt/place-and-route/trng_digital_route.spef line 10517, net $11317 not found.
[WARNING STA-1650] /home/ubuntu/GitHub/sky130-trng/.loom/worktrees/issue-236/sim/digital-electrical-repair/requests/.klt/place-and-route/trng_digital_route.spef line 10526, net $11318 not found.
[WARNING STA-1650] /home/ubuntu/GitHub/sky130-trng/.loom/worktrees/issue-236/sim/digital-electrical-repair/requests/.klt/place-and-route/trng_digital_route.spef line 10539, net $11344 not found.
[WARNING STA-1650] /home/ubuntu/GitHub/sky130-trng/.loom/worktrees/issue-236/sim/digital-electrical-repair/requests/.klt/place-and-route/trng_digital_route.spef line 10552, net $11346 not found.
[WARNING STA-1650] /home/ubuntu/GitHub/sky130-trng/.loom/worktrees/issue-236/sim/digital-electrical-repair/requests/.klt/place-and-route/trng_digital_route.spef line 10562, net $11347 not found.
[WARNING STA-1650] /home/ubuntu/GitHub/sky130-trng/.loom/worktrees/issue-236/sim/digital-electrical-repair/requests/.klt/place-and-route/trng_digital_route.spef line 10572, net $11349 not found.
[WARNING STA-1650] /home/ubuntu/GitHub/sky130-trng/.loom/worktrees/issue-236/sim/digital-electrical-repair/requests/.klt/place-and-route/trng_digital_route.spef line 10583, net $11350 not found.
[WARNING STA-1650] /home/ubuntu/GitHub/sky130-trng/.loom/worktrees/issue-236/sim/digital-electrical-repair/requests/.klt/place-and-route/trng_digital_route.spef line 10593, net $11351 not found.
[WARNING STA-1650] /home/ubuntu/GitHub/sky130-trng/.loom/worktrees/issue-236/sim/digital-electrical-repair/requests/.klt/place-and-route/trng_digital_route.spef line 10607, net $11352 not found.
[WARNING STA-1650] /home/ubuntu/GitHub/sky130-trng/.loom/worktrees/issue-236/sim/digital-electrical-repair/requests/.klt/place-and-route/trng_digital_route.spef line 10616, net $11353 not found.
[WARNING STA-1650] /home/ubuntu/GitHub/sky130-trng/.loom/worktrees/issue-236/sim/digital-electrical-repair/requests/.klt/place-and-route/trng_digital_route.spef line 10630, net $11354 not found.
[WARNING STA-1650] /home/ubuntu/GitHub/sky130-trng/.loom/worktrees/issue-236/sim/digital-electrical-repair/requests/.klt/place-and-route/trng_digital_route.spef line 10638, net $11355 not found.
[WARNING STA-1650] /home/ubuntu/GitHub/sky130-trng/.loom/worktrees/issue-236/sim/digital-electrical-repair/requests/.klt/place-and-route/trng_digital_route.spef line 10648, net $11356 not found.
[WARNING STA-1650] /home/ubuntu/GitHub/sky130-trng/.loom/worktrees/issue-236/sim/digital-electrical-repair/requests/.klt/place-and-route/trng_digital_route.spef line 10660, net $11357 not found.
[WARNING STA-1650] /home/ubuntu/GitHub/sky130-trng/.loom/worktrees/issue-236/sim/digital-electrical-repair/requests/.klt/place-and-route/trng_digital_route.spef line 10669, net $11358 not found.
[WARNING STA-1650] /home/ubuntu/GitHub/sky130-trng/.loom/worktrees/issue-236/sim/digital-electrical-repair/requests/.klt/place-and-route/trng_digital_route.spef line 10678, net $11359 not found.
[WARNING STA-1650] /home/ubuntu/GitHub/sky130-trng/.loom/worktrees/issue-236/sim/digital-electrical-repair/requests/.klt/place-and-route/trng_digital_route.spef line 10687, net $11381 not found.
[WARNING STA-1650] /home/ubuntu/GitHub/sky130-trng/.loom/worktrees/issue-236/sim/digital-electrical-repair/requests/.klt/place-and-route/trng_digital_route.spef line 10710, net $11382 not found.
[WARNING STA-1650] /home/ubuntu/GitHub/sky130-trng/.loom/worktrees/issue-236/sim/digital-electrical-repair/requests/.klt/place-and-route/trng_digital_route.spef line 10731, net $11383 not found.
[WARNING STA-1650] /home/ubuntu/GitHub/sky130-trng/.loom/worktrees/issue-236/sim/digital-electrical-repair/requests/.klt/place-and-route/trng_digital_route.spef line 10742, net $11384 not found.
[WARNING STA-1650] /home/ubuntu/GitHub/sky130-trng/.loom/worktrees/issue-236/sim/digital-electrical-repair/requests/.klt/place-and-route/trng_digital_route.spef line 10755, net $11385 not found.
[WARNING STA-1650] /home/ubuntu/GitHub/sky130-trng/.loom/worktrees/issue-236/sim/digital-electrical-repair/requests/.klt/place-and-route/trng_digital_route.spef line 10764, net $11386 not found.
[WARNING STA-1650] /home/ubuntu/GitHub/sky130-trng/.loom/worktrees/issue-236/sim/digital-electrical-repair/requests/.klt/place-and-route/trng_digital_route.spef line 10778, net $11387 not found.
[WARNING STA-1650] /home/ubuntu/GitHub/sky130-trng/.loom/worktrees/issue-236/sim/digital-electrical-repair/requests/.klt/place-and-route/trng_digital_route.spef line 10792, net $11388 not found.
[WARNING STA-1650] /home/ubuntu/GitHub/sky130-trng/.loom/worktrees/issue-236/sim/digital-electrical-repair/requests/.klt/place-and-route/trng_digital_route.spef line 10807, net $11389 not found.
[WARNING STA-1650] /home/ubuntu/GitHub/sky130-trng/.loom/worktrees/issue-236/sim/digital-electrical-repair/requests/.klt/place-and-route/trng_digital_route.spef line 10832, net $11390 not found.
[WARNING STA-1650] /home/ubuntu/GitHub/sky130-trng/.loom/worktrees/issue-236/sim/digital-electrical-repair/requests/.klt/place-and-route/trng_digital_route.spef line 10855, net $11392 not found.
[WARNING STA-1650] /home/ubuntu/GitHub/sky130-trng/.loom/worktrees/issue-236/sim/digital-electrical-repair/requests/.klt/place-and-route/trng_digital_route.spef line 10868, net $11393 not found.
[WARNING STA-1650] /home/ubuntu/GitHub/sky130-trng/.loom/worktrees/issue-236/sim/digital-electrical-repair/requests/.klt/place-and-route/trng_digital_route.spef line 10882, net $11394 not found.
[WARNING STA-1650] /home/ubuntu/GitHub/sky130-trng/.loom/worktrees/issue-236/sim/digital-electrical-repair/requests/.klt/place-and-route/trng_digital_route.spef line 10891, net $11395 not found.
[WARNING STA-1650] /home/ubuntu/GitHub/sky130-trng/.loom/worktrees/issue-236/sim/digital-electrical-repair/requests/.klt/place-and-route/trng_digital_route.spef line 10906, net $11396 not found.
[WARNING STA-1650] /home/ubuntu/GitHub/sky130-trng/.loom/worktrees/issue-236/sim/digital-electrical-repair/requests/.klt/place-and-route/trng_digital_route.spef line 10920, net $11397 not found.
[WARNING STA-1650] /home/ubuntu/GitHub/sky130-trng/.loom/worktrees/issue-236/sim/digital-electrical-repair/requests/.klt/place-and-route/trng_digital_route.spef line 10935, net $11399 not found.
[WARNING STA-1650] /home/ubuntu/GitHub/sky130-trng/.loom/worktrees/issue-236/sim/digital-electrical-repair/requests/.klt/place-and-route/trng_digital_route.spef line 10945, net $114 not found.
[WARNING STA-1650] /home/ubuntu/GitHub/sky130-trng/.loom/worktrees/issue-236/sim/digital-electrical-repair/requests/.klt/place-and-route/trng_digital_route.spef line 10954, net $11402 not found.
[WARNING STA-1650] /home/ubuntu/GitHub/sky130-trng/.loom/worktrees/issue-236/sim/digital-electrical-repair/requests/.klt/place-and-route/trng_digital_route.spef line 10966, net $11404 not found.
[WARNING STA-1650] /home/ubuntu/GitHub/sky130-trng/.loom/worktrees/issue-236/sim/digital-electrical-repair/requests/.klt/place-and-route/trng_digital_route.spef line 10976, net $11405 not found.
[WARNING STA-1650] /home/ubuntu/GitHub/sky130-trng/.loom/worktrees/issue-236/sim/digital-electrical-repair/requests/.klt/place-and-route/trng_digital_route.spef line 10989, net $11407 not found.
[WARNING STA-1650] /home/ubuntu/GitHub/sky130-trng/.loom/worktrees/issue-236/sim/digital-electrical-repair/requests/.klt/place-and-route/trng_digital_route.spef line 11002, net $11409 not found.
[WARNING STA-1650] /home/ubuntu/GitHub/sky130-trng/.loom/worktrees/issue-236/sim/digital-electrical-repair/requests/.klt/place-and-route/trng_digital_route.spef line 11022, net $11410 not found.
[WARNING STA-1650] /home/ubuntu/GitHub/sky130-trng/.loom/worktrees/issue-236/sim/digital-electrical-repair/requests/.klt/place-and-route/trng_digital_route.spef line 11038, net $11414 not found.
[WARNING STA-1650] /home/ubuntu/GitHub/sky130-trng/.loom/worktrees/issue-236/sim/digital-electrical-repair/requests/.klt/place-and-route/trng_digital_route.spef line 11064, net $11415 not found.
[WARNING STA-1650] /home/ubuntu/GitHub/sky130-trng/.loom/worktrees/issue-236/sim/digital-electrical-repair/requests/.klt/place-and-route/trng_digital_route.spef line 11086, net $11417 not found.
[WARNING STA-1650] /home/ubuntu/GitHub/sky130-trng/.loom/worktrees/issue-236/sim/digital-electrical-repair/requests/.klt/place-and-route/trng_digital_route.spef line 11098, net $11418 not found.
[WARNING STA-1650] /home/ubuntu/GitHub/sky130-trng/.loom/worktrees/issue-236/sim/digital-electrical-repair/requests/.klt/place-and-route/trng_digital_route.spef line 11111, net $11419 not found.
[WARNING STA-1650] /home/ubuntu/GitHub/sky130-trng/.loom/worktrees/issue-236/sim/digital-electrical-repair/requests/.klt/place-and-route/trng_digital_route.spef line 11120, net $11420 not found.
[WARNING STA-1650] /home/ubuntu/GitHub/sky130-trng/.loom/worktrees/issue-236/sim/digital-electrical-repair/requests/.klt/place-and-route/trng_digital_route.spef line 11134, net $11421 not found.
[WARNING STA-1650] /home/ubuntu/GitHub/sky130-trng/.loom/worktrees/issue-236/sim/digital-electrical-repair/requests/.klt/place-and-route/trng_digital_route.spef line 11148, net $11422 not found.
[WARNING STA-1650] /home/ubuntu/GitHub/sky130-trng/.loom/worktrees/issue-236/sim/digital-electrical-repair/requests/.klt/place-and-route/trng_digital_route.spef line 11163, net $11424 not found.
[WARNING STA-1650] /home/ubuntu/GitHub/sky130-trng/.loom/worktrees/issue-236/sim/digital-electrical-repair/requests/.klt/place-and-route/trng_digital_route.spef line 11190, net $11425 not found.
[WARNING STA-1650] /home/ubuntu/GitHub/sky130-trng/.loom/worktrees/issue-236/sim/digital-electrical-repair/requests/.klt/place-and-route/trng_digital_route.spef line 11212, net $11426 not found.
[WARNING STA-1650] /home/ubuntu/GitHub/sky130-trng/.loom/worktrees/issue-236/sim/digital-electrical-repair/requests/.klt/place-and-route/trng_digital_route.spef line 11225, net $11427 not found.
[WARNING STA-1650] /home/ubuntu/GitHub/sky130-trng/.loom/worktrees/issue-236/sim/digital-electrical-repair/requests/.klt/place-and-route/trng_digital_route.spef line 11241, net $11428 not found.
[WARNING STA-1650] /home/ubuntu/GitHub/sky130-trng/.loom/worktrees/issue-236/sim/digital-electrical-repair/requests/.klt/place-and-route/trng_digital_route.spef line 11255, net $11429 not found.
[WARNING STA-1650] /home/ubuntu/GitHub/sky130-trng/.loom/worktrees/issue-236/sim/digital-electrical-repair/requests/.klt/place-and-route/trng_digital_route.spef line 11273, net $11430 not found.
[WARNING STA-1650] /home/ubuntu/GitHub/sky130-trng/.loom/worktrees/issue-236/sim/digital-electrical-repair/requests/.klt/place-and-route/trng_digital_route.spef line 11286, net $11431 not found.
[WARNING STA-1650] /home/ubuntu/GitHub/sky130-trng/.loom/worktrees/issue-236/sim/digital-electrical-repair/requests/.klt/place-and-route/trng_digital_route.spef line 11299, net $11432 not found.
[WARNING STA-1650] /home/ubuntu/GitHub/sky130-trng/.loom/worktrees/issue-236/sim/digital-electrical-repair/requests/.klt/place-and-route/trng_digital_route.spef line 11322, net $11433 not found.
[WARNING STA-1650] /home/ubuntu/GitHub/sky130-trng/.loom/worktrees/issue-236/sim/digital-electrical-repair/requests/.klt/place-and-route/trng_digital_route.spef line 11343, net $11435 not found.
[WARNING STA-1650] /home/ubuntu/GitHub/sky130-trng/.loom/worktrees/issue-236/sim/digital-electrical-repair/requests/.klt/place-and-route/trng_digital_route.spef line 11354, net $11436 not found.
[WARNING STA-1650] /home/ubuntu/GitHub/sky130-trng/.loom/worktrees/issue-236/sim/digital-electrical-repair/requests/.klt/place-and-route/trng_digital_route.spef line 11367, net $11437 not found.
[WARNING STA-1650] /home/ubuntu/GitHub/sky130-trng/.loom/worktrees/issue-236/sim/digital-electrical-repair/requests/.klt/place-and-route/trng_digital_route.spef line 11376, net $11438 not found.
[WARNING STA-1650] /home/ubuntu/GitHub/sky130-trng/.loom/worktrees/issue-236/sim/digital-electrical-repair/requests/.klt/place-and-route/trng_digital_route.spef line 11391, net $11439 not found.
[WARNING STA-1650] /home/ubuntu/GitHub/sky130-trng/.loom/worktrees/issue-236/sim/digital-electrical-repair/requests/.klt/place-and-route/trng_digital_route.spef line 11407, net $11440 not found.
[WARNING STA-1650] /home/ubuntu/GitHub/sky130-trng/.loom/worktrees/issue-236/sim/digital-electrical-repair/requests/.klt/place-and-route/trng_digital_route.spef line 11424, net $11441 not found.
[WARNING STA-1650] /home/ubuntu/GitHub/sky130-trng/.loom/worktrees/issue-236/sim/digital-electrical-repair/requests/.klt/place-and-route/trng_digital_route.spef line 11435, net $11442 not found.
[WARNING STA-1650] /home/ubuntu/GitHub/sky130-trng/.loom/worktrees/issue-236/sim/digital-electrical-repair/requests/.klt/place-and-route/trng_digital_route.spef line 11448, net $11444 not found.
[WARNING STA-1650] /home/ubuntu/GitHub/sky130-trng/.loom/worktrees/issue-236/sim/digital-electrical-repair/requests/.klt/place-and-route/trng_digital_route.spef line 11459, net $11447 not found.
[WARNING STA-1650] /home/ubuntu/GitHub/sky130-trng/.loom/worktrees/issue-236/sim/digital-electrical-repair/requests/.klt/place-and-route/trng_digital_route.spef line 11473, net $11451 not found.
[WARNING STA-1650] /home/ubuntu/GitHub/sky130-trng/.loom/worktrees/issue-236/sim/digital-electrical-repair/requests/.klt/place-and-route/trng_digital_route.spef line 11492, net $11472 not found.
[WARNING STA-1650] /home/ubuntu/GitHub/sky130-trng/.loom/worktrees/issue-236/sim/digital-electrical-repair/requests/.klt/place-and-route/trng_digital_route.spef line 11501, net $11473 not found.
[WARNING STA-1650] /home/ubuntu/GitHub/sky130-trng/.loom/worktrees/issue-236/sim/digital-electrical-repair/requests/.klt/place-and-route/trng_digital_route.spef line 11510, net $11474 not found.
[WARNING STA-1650] /home/ubuntu/GitHub/sky130-trng/.loom/worktrees/issue-236/sim/digital-electrical-repair/requests/.klt/place-and-route/trng_digital_route.spef line 11520, net $11475 not found.
[WARNING STA-1650] /home/ubuntu/GitHub/sky130-trng/.loom/worktrees/issue-236/sim/digital-electrical-repair/requests/.klt/place-and-route/trng_digital_route.spef line 11529, net $11476 not found.
[WARNING STA-1650] /home/ubuntu/GitHub/sky130-trng/.loom/worktrees/issue-236/sim/digital-electrical-repair/requests/.klt/place-and-route/trng_digital_route.spef line 11539, net $11477 not found.
[WARNING STA-1650] /home/ubuntu/GitHub/sky130-trng/.loom/worktrees/issue-236/sim/digital-electrical-repair/requests/.klt/place-and-route/trng_digital_route.spef line 11549, net $11478 not found.
[WARNING STA-1650] /home/ubuntu/GitHub/sky130-trng/.loom/worktrees/issue-236/sim/digital-electrical-repair/requests/.klt/place-and-route/trng_digital_route.spef line 11558, net $11479 not found.
[WARNING STA-1650] /home/ubuntu/GitHub/sky130-trng/.loom/worktrees/issue-236/sim/digital-electrical-repair/requests/.klt/place-and-route/trng_digital_route.spef line 11569, net $11480 not found.
[WARNING STA-1650] /home/ubuntu/GitHub/sky130-trng/.loom/worktrees/issue-236/sim/digital-electrical-repair/requests/.klt/place-and-route/trng_digital_route.spef line 11578, net $11481 not found.
[WARNING STA-1650] /home/ubuntu/GitHub/sky130-trng/.loom/worktrees/issue-236/sim/digital-electrical-repair/requests/.klt/place-and-route/trng_digital_route.spef line 11587, net $11482 not found.
[WARNING STA-1650] /home/ubuntu/GitHub/sky130-trng/.loom/worktrees/issue-236/sim/digital-electrical-repair/requests/.klt/place-and-route/trng_digital_route.spef line 11598, net $11484 not found.
[WARNING STA-1650] /home/ubuntu/GitHub/sky130-trng/.loom/worktrees/issue-236/sim/digital-electrical-repair/requests/.klt/place-and-route/trng_digital_route.spef line 11607, net $11485 not found.
[WARNING STA-1650] /home/ubuntu/GitHub/sky130-trng/.loom/worktrees/issue-236/sim/digital-electrical-repair/requests/.klt/place-and-route/trng_digital_route.spef line 11617, net $11509 not found.
[WARNING STA-1650] /home/ubuntu/GitHub/sky130-trng/.loom/worktrees/issue-236/sim/digital-electrical-repair/requests/.klt/place-and-route/trng_digital_route.spef line 11637, net $11510 not found.
[WARNING STA-1650] /home/ubuntu/GitHub/sky130-trng/.loom/worktrees/issue-236/sim/digital-electrical-repair/requests/.klt/place-and-route/trng_digital_route.spef line 11655, net $11511 not found.
[WARNING STA-1650] /home/ubuntu/GitHub/sky130-trng/.loom/worktrees/issue-236/sim/digital-electrical-repair/requests/.klt/place-and-route/trng_digital_route.spef line 11666, net $11512 not found.
[WARNING STA-1650] /home/ubuntu/GitHub/sky130-trng/.loom/worktrees/issue-236/sim/digital-electrical-repair/requests/.klt/place-and-route/trng_digital_route.spef line 11679, net $11513 not found.
[WARNING STA-1650] /home/ubuntu/GitHub/sky130-trng/.loom/worktrees/issue-236/sim/digital-electrical-repair/requests/.klt/place-and-route/trng_digital_route.spef line 11692, net $11514 not found.
[WARNING STA-1650] /home/ubuntu/GitHub/sky130-trng/.loom/worktrees/issue-236/sim/digital-electrical-repair/requests/.klt/place-and-route/trng_digital_route.spef line 11706, net $11515 not found.
[WARNING STA-1650] /home/ubuntu/GitHub/sky130-trng/.loom/worktrees/issue-236/sim/digital-electrical-repair/requests/.klt/place-and-route/trng_digital_route.spef line 11730, net $11516 not found.
[WARNING STA-1650] /home/ubuntu/GitHub/sky130-trng/.loom/worktrees/issue-236/sim/digital-electrical-repair/requests/.klt/place-and-route/trng_digital_route.spef line 11752, net $11517 not found.
[WARNING STA-1650] /home/ubuntu/GitHub/sky130-trng/.loom/worktrees/issue-236/sim/digital-electrical-repair/requests/.klt/place-and-route/trng_digital_route.spef line 11764, net $11518 not found.
[WARNING STA-1650] /home/ubuntu/GitHub/sky130-trng/.loom/worktrees/issue-236/sim/digital-electrical-repair/requests/.klt/place-and-route/trng_digital_route.spef line 11778, net $11519 not found.
[WARNING STA-1650] /home/ubuntu/GitHub/sky130-trng/.loom/worktrees/issue-236/sim/digital-electrical-repair/requests/.klt/place-and-route/trng_digital_route.spef line 11792, net $11520 not found.
[WARNING STA-1650] /home/ubuntu/GitHub/sky130-trng/.loom/worktrees/issue-236/sim/digital-electrical-repair/requests/.klt/place-and-route/trng_digital_route.spef line 11807, net $11522 not found.
[WARNING STA-1650] /home/ubuntu/GitHub/sky130-trng/.loom/worktrees/issue-236/sim/digital-electrical-repair/requests/.klt/place-and-route/trng_digital_route.spef line 11815, net $11523 not found.
[WARNING STA-1650] /home/ubuntu/GitHub/sky130-trng/.loom/worktrees/issue-236/sim/digital-electrical-repair/requests/.klt/place-and-route/trng_digital_route.spef line 11823, net $11524 not found.
[WARNING STA-1650] /home/ubuntu/GitHub/sky130-trng/.loom/worktrees/issue-236/sim/digital-electrical-repair/requests/.klt/place-and-route/trng_digital_route.spef line 11835, net $11525 not found.
[WARNING STA-1650] /home/ubuntu/GitHub/sky130-trng/.loom/worktrees/issue-236/sim/digital-electrical-repair/requests/.klt/place-and-route/trng_digital_route.spef line 11860, net $11526 not found.
[WARNING STA-1650] /home/ubuntu/GitHub/sky130-trng/.loom/worktrees/issue-236/sim/digital-electrical-repair/requests/.klt/place-and-route/trng_digital_route.spef line 11882, net $11527 not found.
[WARNING STA-1650] /home/ubuntu/GitHub/sky130-trng/.loom/worktrees/issue-236/sim/digital-electrical-repair/requests/.klt/place-and-route/trng_digital_route.spef line 11894, net $11528 not found.
[WARNING STA-1650] /home/ubuntu/GitHub/sky130-trng/.loom/worktrees/issue-236/sim/digital-electrical-repair/requests/.klt/place-and-route/trng_digital_route.spef line 11908, net $11529 not found.
[WARNING STA-1650] /home/ubuntu/GitHub/sky130-trng/.loom/worktrees/issue-236/sim/digital-electrical-repair/requests/.klt/place-and-route/trng_digital_route.spef line 11922, net $11530 not found.
[WARNING STA-1650] /home/ubuntu/GitHub/sky130-trng/.loom/worktrees/issue-236/sim/digital-electrical-repair/requests/.klt/place-and-route/trng_digital_route.spef line 11938, net $11534 not found.
[WARNING STA-1650] /home/ubuntu/GitHub/sky130-trng/.loom/worktrees/issue-236/sim/digital-electrical-repair/requests/.klt/place-and-route/trng_digital_route.spef line 11963, net $11535 not found.
[WARNING STA-1650] /home/ubuntu/GitHub/sky130-trng/.loom/worktrees/issue-236/sim/digital-electrical-repair/requests/.klt/place-and-route/trng_digital_route.spef line 11984, net $11536 not found.
[WARNING STA-1650] /home/ubuntu/GitHub/sky130-trng/.loom/worktrees/issue-236/sim/digital-electrical-repair/requests/.klt/place-and-route/trng_digital_route.spef line 11997, net $11537 not found.
[WARNING STA-1650] /home/ubuntu/GitHub/sky130-trng/.loom/worktrees/issue-236/sim/digital-electrical-repair/requests/.klt/place-and-route/trng_digital_route.spef line 12013, net $11538 not found.
[WARNING STA-1650] /home/ubuntu/GitHub/sky130-trng/.loom/worktrees/issue-236/sim/digital-electrical-repair/requests/.klt/place-and-route/trng_digital_route.spef line 12026, net $11539 not found.
[WARNING STA-1650] /home/ubuntu/GitHub/sky130-trng/.loom/worktrees/issue-236/sim/digital-electrical-repair/requests/.klt/place-and-route/trng_digital_route.spef line 12043, net $11540 not found.
[WARNING STA-1650] /home/ubuntu/GitHub/sky130-trng/.loom/worktrees/issue-236/sim/digital-electrical-repair/requests/.klt/place-and-route/trng_digital_route.spef line 12055, net $11541 not found.
[WARNING STA-1650] /home/ubuntu/GitHub/sky130-trng/.loom/worktrees/issue-236/sim/digital-electrical-repair/requests/.klt/place-and-route/trng_digital_route.spef line 12067, net $11544 not found.
[WARNING STA-1650] /home/ubuntu/GitHub/sky130-trng/.loom/worktrees/issue-236/sim/digital-electrical-repair/requests/.klt/place-and-route/trng_digital_route.spef line 12077, net $11548 not found.
[WARNING STA-1650] /home/ubuntu/GitHub/sky130-trng/.loom/worktrees/issue-236/sim/digital-electrical-repair/requests/.klt/place-and-route/trng_digital_route.spef line 12087, net $11549 not found.
[WARNING STA-1650] /home/ubuntu/GitHub/sky130-trng/.loom/worktrees/issue-236/sim/digital-electrical-repair/requests/.klt/place-and-route/trng_digital_route.spef line 12097, net $11550 not found.
[WARNING STA-1650] /home/ubuntu/GitHub/sky130-trng/.loom/worktrees/issue-236/sim/digital-electrical-repair/requests/.klt/place-and-route/trng_digital_route.spef line 12111, net $11551 not found.
[WARNING STA-1650] /home/ubuntu/GitHub/sky130-trng/.loom/worktrees/issue-236/sim/digital-electrical-repair/requests/.klt/place-and-route/trng_digital_route.spef line 12121, net $11552 not found.
[WARNING STA-1650] /home/ubuntu/GitHub/sky130-trng/.loom/worktrees/issue-236/sim/digital-electrical-repair/requests/.klt/place-and-route/trng_digital_route.spef line 12130, net $11553 not found.
[WARNING STA-1650] /home/ubuntu/GitHub/sky130-trng/.loom/worktrees/issue-236/sim/digital-electrical-repair/requests/.klt/place-and-route/trng_digital_route.spef line 12143, net $11554 not found.
[WARNING STA-1650] /home/ubuntu/GitHub/sky130-trng/.loom/worktrees/issue-236/sim/digital-electrical-repair/requests/.klt/place-and-route/trng_digital_route.spef line 12152, net $11555 not found.
[WARNING STA-1650] /home/ubuntu/GitHub/sky130-trng/.loom/worktrees/issue-236/sim/digital-electrical-repair/requests/.klt/place-and-route/trng_digital_route.spef line 12161, net $11556 not found.
[WARNING STA-1650] /home/ubuntu/GitHub/sky130-trng/.loom/worktrees/issue-236/sim/digital-electrical-repair/requests/.klt/place-and-route/trng_digital_route.spef line 12173, net $11557 not found.
[WARNING STA-1650] /home/ubuntu/GitHub/sky130-trng/.loom/worktrees/issue-236/sim/digital-electrical-repair/requests/.klt/place-and-route/trng_digital_route.spef line 12191, net $11558 not found.
[WARNING STA-1650] /home/ubuntu/GitHub/sky130-trng/.loom/worktrees/issue-236/sim/digital-electrical-repair/requests/.klt/place-and-route/trng_digital_route.spef line 12200, net $11560 not found.
[WARNING STA-1650] /home/ubuntu/GitHub/sky130-trng/.loom/worktrees/issue-236/sim/digital-electrical-repair/requests/.klt/place-and-route/trng_digital_route.spef line 12209, net $11561 not found.
[WARNING STA-1650] /home/ubuntu/GitHub/sky130-trng/.loom/worktrees/issue-236/sim/digital-electrical-repair/requests/.klt/place-and-route/trng_digital_route.spef line 12223, net $11563 not found.
[WARNING STA-1650] /home/ubuntu/GitHub/sky130-trng/.loom/worktrees/issue-236/sim/digital-electrical-repair/requests/.klt/place-and-route/trng_digital_route.spef line 12247, net $11564 not found.
[WARNING STA-1650] /home/ubuntu/GitHub/sky130-trng/.loom/worktrees/issue-236/sim/digital-electrical-repair/requests/.klt/place-and-route/trng_digital_route.spef line 12268, net $11565 not found.
[WARNING STA-1650] /home/ubuntu/GitHub/sky130-trng/.loom/worktrees/issue-236/sim/digital-electrical-repair/requests/.klt/place-and-route/trng_digital_route.spef line 12280, net $11566 not found.
[WARNING STA-1650] /home/ubuntu/GitHub/sky130-trng/.loom/worktrees/issue-236/sim/digital-electrical-repair/requests/.klt/place-and-route/trng_digital_route.spef line 12296, net $11567 not found.
[WARNING STA-1650] /home/ubuntu/GitHub/sky130-trng/.loom/worktrees/issue-236/sim/digital-electrical-repair/requests/.klt/place-and-route/trng_digital_route.spef line 12309, net $11568 not found.
[WARNING STA-1650] /home/ubuntu/GitHub/sky130-trng/.loom/worktrees/issue-236/sim/digital-electrical-repair/requests/.klt/place-and-route/trng_digital_route.spef line 12327, net $11569 not found.
[WARNING STA-1650] /home/ubuntu/GitHub/sky130-trng/.loom/worktrees/issue-236/sim/digital-electrical-repair/requests/.klt/place-and-route/trng_digital_route.spef line 12338, net $11570 not found.
[WARNING STA-1650] /home/ubuntu/GitHub/sky130-trng/.loom/worktrees/issue-236/sim/digital-electrical-repair/requests/.klt/place-and-route/trng_digital_route.spef line 12349, net $11571 not found.
[WARNING STA-1650] /home/ubuntu/GitHub/sky130-trng/.loom/worktrees/issue-236/sim/digital-electrical-repair/requests/.klt/place-and-route/trng_digital_route.spef line 12373, net $11572 not found.
[WARNING STA-1650] /home/ubuntu/GitHub/sky130-trng/.loom/worktrees/issue-236/sim/digital-electrical-repair/requests/.klt/place-and-route/trng_digital_route.spef line 12394, net $11573 not found.
[WARNING STA-1650] /home/ubuntu/GitHub/sky130-trng/.loom/worktrees/issue-236/sim/digital-electrical-repair/requests/.klt/place-and-route/trng_digital_route.spef line 12405, net $11574 not found.
[WARNING STA-1650] /home/ubuntu/GitHub/sky130-trng/.loom/worktrees/issue-236/sim/digital-electrical-repair/requests/.klt/place-and-route/trng_digital_route.spef line 12421, net $11575 not found.
[WARNING STA-1650] /home/ubuntu/GitHub/sky130-trng/.loom/worktrees/issue-236/sim/digital-electrical-repair/requests/.klt/place-and-route/trng_digital_route.spef line 12435, net $11576 not found.
[WARNING STA-1650] /home/ubuntu/GitHub/sky130-trng/.loom/worktrees/issue-236/sim/digital-electrical-repair/requests/.klt/place-and-route/trng_digital_route.spef line 12453, net $11577 not found.
[WARNING STA-1650] /home/ubuntu/GitHub/sky130-trng/.loom/worktrees/issue-236/sim/digital-electrical-repair/requests/.klt/place-and-route/trng_digital_route.spef line 12465, net $11578 not found.
[WARNING STA-1650] /home/ubuntu/GitHub/sky130-trng/.loom/worktrees/issue-236/sim/digital-electrical-repair/requests/.klt/place-and-route/trng_digital_route.spef line 12477, net $1158 not found.
[WARNING STA-1650] /home/ubuntu/GitHub/sky130-trng/.loom/worktrees/issue-236/sim/digital-electrical-repair/requests/.klt/place-and-route/trng_digital_route.spef line 12486, net $1159 not found.
[WARNING STA-1650] /home/ubuntu/GitHub/sky130-trng/.loom/worktrees/issue-236/sim/digital-electrical-repair/requests/.klt/place-and-route/trng_digital_route.spef line 12495, net $116 not found.
[WARNING STA-1650] /home/ubuntu/GitHub/sky130-trng/.loom/worktrees/issue-236/sim/digital-electrical-repair/requests/.klt/place-and-route/trng_digital_route.spef line 12505, net $1160 not found.
[WARNING STA-1650] /home/ubuntu/GitHub/sky130-trng/.loom/worktrees/issue-236/sim/digital-electrical-repair/requests/.klt/place-and-route/trng_digital_route.spef line 12517, net $11609 not found.
[WARNING STA-1650] /home/ubuntu/GitHub/sky130-trng/.loom/worktrees/issue-236/sim/digital-electrical-repair/requests/.klt/place-and-route/trng_digital_route.spef line 12530, net $1161 not found.
[WARNING STA-1650] /home/ubuntu/GitHub/sky130-trng/.loom/worktrees/issue-236/sim/digital-electrical-repair/requests/.klt/place-and-route/trng_digital_route.spef line 12548, net $11610 not found.
[WARNING STA-1650] /home/ubuntu/GitHub/sky130-trng/.loom/worktrees/issue-236/sim/digital-electrical-repair/requests/.klt/place-and-route/trng_digital_route.spef line 12562, net $11611 not found.
[WARNING STA-1650] /home/ubuntu/GitHub/sky130-trng/.loom/worktrees/issue-236/sim/digital-electrical-repair/requests/.klt/place-and-route/trng_digital_route.spef line 12573, net $11612 not found.
[WARNING STA-1650] /home/ubuntu/GitHub/sky130-trng/.loom/worktrees/issue-236/sim/digital-electrical-repair/requests/.klt/place-and-route/trng_digital_route.spef line 12587, net $11614 not found.
[WARNING STA-1650] /home/ubuntu/GitHub/sky130-trng/.loom/worktrees/issue-236/sim/digital-electrical-repair/requests/.klt/place-and-route/trng_digital_route.spef line 12598, net $11615 not found.
[WARNING STA-1650] /home/ubuntu/GitHub/sky130-trng/.loom/worktrees/issue-236/sim/digital-electrical-repair/requests/.klt/place-and-route/trng_digital_route.spef line 12609, net $11617 not found.
[WARNING STA-1650] /home/ubuntu/GitHub/sky130-trng/.loom/worktrees/issue-236/sim/digital-electrical-repair/requests/.klt/place-and-route/trng_digital_route.spef line 12621, net $11618 not found.
[WARNING STA-1650] /home/ubuntu/GitHub/sky130-trng/.loom/worktrees/issue-236/sim/digital-electrical-repair/requests/.klt/place-and-route/trng_digital_route.spef line 12631, net $11619 not found.
[WARNING STA-1650] /home/ubuntu/GitHub/sky130-trng/.loom/worktrees/issue-236/sim/digital-electrical-repair/requests/.klt/place-and-route/trng_digital_route.spef line 12641, net $1162 not found.
[WARNING STA-1650] /home/ubuntu/GitHub/sky130-trng/.loom/worktrees/issue-236/sim/digital-electrical-repair/requests/.klt/place-and-route/trng_digital_route.spef line 12668, net $11620 not found.
[WARNING STA-1650] /home/ubuntu/GitHub/sky130-trng/.loom/worktrees/issue-236/sim/digital-electrical-repair/requests/.klt/place-and-route/trng_digital_route.spef line 12678, net $11621 not found.
[WARNING STA-1650] /home/ubuntu/GitHub/sky130-trng/.loom/worktrees/issue-236/sim/digital-electrical-repair/requests/.klt/place-and-route/trng_digital_route.spef line 12688, net $1163 not found.
[WARNING STA-1650] /home/ubuntu/GitHub/sky130-trng/.loom/worktrees/issue-236/sim/digital-electrical-repair/requests/.klt/place-and-route/trng_digital_route.spef line 12712, net $1164 not found.
[WARNING STA-1650] /home/ubuntu/GitHub/sky130-trng/.loom/worktrees/issue-236/sim/digital-electrical-repair/requests/.klt/place-and-route/trng_digital_route.spef line 12723, net $11646 not found.
[WARNING STA-1650] /home/ubuntu/GitHub/sky130-trng/.loom/worktrees/issue-236/sim/digital-electrical-repair/requests/.klt/place-and-route/trng_digital_route.spef line 12732, net $11649 not found.
[WARNING STA-1650] /home/ubuntu/GitHub/sky130-trng/.loom/worktrees/issue-236/sim/digital-electrical-repair/requests/.klt/place-and-route/trng_digital_route.spef line 12742, net $1165 not found.
[WARNING STA-1650] /home/ubuntu/GitHub/sky130-trng/.loom/worktrees/issue-236/sim/digital-electrical-repair/requests/.klt/place-and-route/trng_digital_route.spef line 12755, net $11650 not found.
[WARNING STA-1650] /home/ubuntu/GitHub/sky130-trng/.loom/worktrees/issue-236/sim/digital-electrical-repair/requests/.klt/place-and-route/trng_digital_route.spef line 12765, net $11651 not found.
[WARNING STA-1650] /home/ubuntu/GitHub/sky130-trng/.loom/worktrees/issue-236/sim/digital-electrical-repair/requests/.klt/place-and-route/trng_digital_route.spef line 12791, net $11652 not found.
[WARNING STA-1650] /home/ubuntu/GitHub/sky130-trng/.loom/worktrees/issue-236/sim/digital-electrical-repair/requests/.klt/place-and-route/trng_digital_route.spef line 12814, net $11653 not found.
[WARNING STA-1650] /home/ubuntu/GitHub/sky130-trng/.loom/worktrees/issue-236/sim/digital-electrical-repair/requests/.klt/place-and-route/trng_digital_route.spef line 12826, net $11654 not found.
[WARNING STA-1650] /home/ubuntu/GitHub/sky130-trng/.loom/worktrees/issue-236/sim/digital-electrical-repair/requests/.klt/place-and-route/trng_digital_route.spef line 12839, net $11655 not found.
[WARNING STA-1650] /home/ubuntu/GitHub/sky130-trng/.loom/worktrees/issue-236/sim/digital-electrical-repair/requests/.klt/place-and-route/trng_digital_route.spef line 12848, net $11656 not found.
[WARNING STA-1650] /home/ubuntu/GitHub/sky130-trng/.loom/worktrees/issue-236/sim/digital-electrical-repair/requests/.klt/place-and-route/trng_digital_route.spef line 12862, net $11657 not found.
[WARNING STA-1650] /home/ubuntu/GitHub/sky130-trng/.loom/worktrees/issue-236/sim/digital-electrical-repair/requests/.klt/place-and-route/trng_digital_route.spef line 12877, net $11659 not found.
[WARNING STA-1650] /home/ubuntu/GitHub/sky130-trng/.loom/worktrees/issue-236/sim/digital-electrical-repair/requests/.klt/place-and-route/trng_digital_route.spef line 12893, net $1166 not found.
[WARNING STA-1650] /home/ubuntu/GitHub/sky130-trng/.loom/worktrees/issue-236/sim/digital-electrical-repair/requests/.klt/place-and-route/trng_digital_route.spef line 12907, net $11660 not found.
[WARNING STA-1650] /home/ubuntu/GitHub/sky130-trng/.loom/worktrees/issue-236/sim/digital-electrical-repair/requests/.klt/place-and-route/trng_digital_route.spef line 12931, net $11661 not found.
[WARNING STA-1650] /home/ubuntu/GitHub/sky130-trng/.loom/worktrees/issue-236/sim/digital-electrical-repair/requests/.klt/place-and-route/trng_digital_route.spef line 12953, net $11662 not found.
[WARNING STA-1650] /home/ubuntu/GitHub/sky130-trng/.loom/worktrees/issue-236/sim/digital-electrical-repair/requests/.klt/place-and-route/trng_digital_route.spef line 12964, net $11663 not found.
[WARNING STA-1650] /home/ubuntu/GitHub/sky130-trng/.loom/worktrees/issue-236/sim/digital-electrical-repair/requests/.klt/place-and-route/trng_digital_route.spef line 12977, net $11664 not found.
[WARNING STA-1650] /home/ubuntu/GitHub/sky130-trng/.loom/worktrees/issue-236/sim/digital-electrical-repair/requests/.klt/place-and-route/trng_digital_route.spef line 12987, net $11665 not found.
[WARNING STA-1650] /home/ubuntu/GitHub/sky130-trng/.loom/worktrees/issue-236/sim/digital-electrical-repair/requests/.klt/place-and-route/trng_digital_route.spef line 13001, net $11666 not found.
[WARNING STA-1650] /home/ubuntu/GitHub/sky130-trng/.loom/worktrees/issue-236/sim/digital-electrical-repair/requests/.klt/place-and-route/trng_digital_route.spef line 13015, net $11667 not found.
[WARNING STA-1650] /home/ubuntu/GitHub/sky130-trng/.loom/worktrees/issue-236/sim/digital-electrical-repair/requests/.klt/place-and-route/trng_digital_route.spef line 13032, net $1167 not found.
[WARNING STA-1650] /home/ubuntu/GitHub/sky130-trng/.loom/worktrees/issue-236/sim/digital-electrical-repair/requests/.klt/place-and-route/trng_digital_route.spef line 13047, net $11670 not found.
[WARNING STA-1650] /home/ubuntu/GitHub/sky130-trng/.loom/worktrees/issue-236/sim/digital-electrical-repair/requests/.klt/place-and-route/trng_digital_route.spef line 13065, net $11673 not found.
[WARNING STA-1650] /home/ubuntu/GitHub/sky130-trng/.loom/worktrees/issue-236/sim/digital-electrical-repair/requests/.klt/place-and-route/trng_digital_route.spef line 13074, net $11674 not found.
[WARNING STA-1650] /home/ubuntu/GitHub/sky130-trng/.loom/worktrees/issue-236/sim/digital-electrical-repair/requests/.klt/place-and-route/trng_digital_route.spef line 13100, net $11675 not found.
[WARNING STA-1650] /home/ubuntu/GitHub/sky130-trng/.loom/worktrees/issue-236/sim/digital-electrical-repair/requests/.klt/place-and-route/trng_digital_route.spef line 13122, net $11677 not found.
[WARNING STA-1650] /home/ubuntu/GitHub/sky130-trng/.loom/worktrees/issue-236/sim/digital-electrical-repair/requests/.klt/place-and-route/trng_digital_route.spef line 13133, net $11678 not found.
[WARNING STA-1650] /home/ubuntu/GitHub/sky130-trng/.loom/worktrees/issue-236/sim/digital-electrical-repair/requests/.klt/place-and-route/trng_digital_route.spef line 13146, net $11679 not found.
[WARNING STA-1650] /home/ubuntu/GitHub/sky130-trng/.loom/worktrees/issue-236/sim/digital-electrical-repair/requests/.klt/place-and-route/trng_digital_route.spef line 13156, net $11680 not found.
[WARNING STA-1650] /home/ubuntu/GitHub/sky130-trng/.loom/worktrees/issue-236/sim/digital-electrical-repair/requests/.klt/place-and-route/trng_digital_route.spef line 13170, net $11681 not found.
[WARNING STA-1650] /home/ubuntu/GitHub/sky130-trng/.loom/worktrees/issue-236/sim/digital-electrical-repair/requests/.klt/place-and-route/trng_digital_route.spef line 13184, net $11682 not found.
[WARNING STA-1650] /home/ubuntu/GitHub/sky130-trng/.loom/worktrees/issue-236/sim/digital-electrical-repair/requests/.klt/place-and-route/trng_digital_route.spef line 13199, net $11683 not found.
[WARNING STA-1650] /home/ubuntu/GitHub/sky130-trng/.loom/worktrees/issue-236/sim/digital-electrical-repair/requests/.klt/place-and-route/trng_digital_route.spef line 13223, net $11684 not found.
[WARNING STA-1650] /home/ubuntu/GitHub/sky130-trng/.loom/worktrees/issue-236/sim/digital-electrical-repair/requests/.klt/place-and-route/trng_digital_route.spef line 13244, net $11686 not found.
[WARNING STA-1650] /home/ubuntu/GitHub/sky130-trng/.loom/worktrees/issue-236/sim/digital-electrical-repair/requests/.klt/place-and-route/trng_digital_route.spef line 13257, net $11687 not found.
[WARNING STA-1650] /home/ubuntu/GitHub/sky130-trng/.loom/worktrees/issue-236/sim/digital-electrical-repair/requests/.klt/place-and-route/trng_digital_route.spef line 13274, net $11688 not found.
[WARNING STA-1650] /home/ubuntu/GitHub/sky130-trng/.loom/worktrees/issue-236/sim/digital-electrical-repair/requests/.klt/place-and-route/trng_digital_route.spef line 13289, net $11689 not found.
[WARNING STA-1650] /home/ubuntu/GitHub/sky130-trng/.loom/worktrees/issue-236/sim/digital-electrical-repair/requests/.klt/place-and-route/trng_digital_route.spef line 13308, net $1169 not found.
[WARNING STA-1650] /home/ubuntu/GitHub/sky130-trng/.loom/worktrees/issue-236/sim/digital-electrical-repair/requests/.klt/place-and-route/trng_digital_route.spef line 13319, net $11690 not found.
[WARNING STA-1650] /home/ubuntu/GitHub/sky130-trng/.loom/worktrees/issue-236/sim/digital-electrical-repair/requests/.klt/place-and-route/trng_digital_route.spef line 13332, net $11691 not found.
[WARNING STA-1650] /home/ubuntu/GitHub/sky130-trng/.loom/worktrees/issue-236/sim/digital-electrical-repair/requests/.klt/place-and-route/trng_digital_route.spef line 13345, net $11693 not found.
[WARNING STA-1650] /home/ubuntu/GitHub/sky130-trng/.loom/worktrees/issue-236/sim/digital-electrical-repair/requests/.klt/place-and-route/trng_digital_route.spef line 13370, net $11694 not found.
[WARNING STA-1650] /home/ubuntu/GitHub/sky130-trng/.loom/worktrees/issue-236/sim/digital-electrical-repair/requests/.klt/place-and-route/trng_digital_route.spef line 13390, net $11695 not found.
[WARNING STA-1650] /home/ubuntu/GitHub/sky130-trng/.loom/worktrees/issue-236/sim/digital-electrical-repair/requests/.klt/place-and-route/trng_digital_route.spef line 13403, net $11696 not found.
[WARNING STA-1650] /home/ubuntu/GitHub/sky130-trng/.loom/worktrees/issue-236/sim/digital-electrical-repair/requests/.klt/place-and-route/trng_digital_route.spef line 13418, net $11697 not found.
[WARNING STA-1650] /home/ubuntu/GitHub/sky130-trng/.loom/worktrees/issue-236/sim/digital-electrical-repair/requests/.klt/place-and-route/trng_digital_route.spef line 13431, net $11698 not found.
[WARNING STA-1650] /home/ubuntu/GitHub/sky130-trng/.loom/worktrees/issue-236/sim/digital-electrical-repair/requests/.klt/place-and-route/trng_digital_route.spef line 13448, net $11699 not found.
[WARNING STA-1650] /home/ubuntu/GitHub/sky130-trng/.loom/worktrees/issue-236/sim/digital-electrical-repair/requests/.klt/place-and-route/trng_digital_route.spef line 13460, net $117 not found.
[WARNING STA-1650] /home/ubuntu/GitHub/sky130-trng/.loom/worktrees/issue-236/sim/digital-electrical-repair/requests/.klt/place-and-route/trng_digital_route.spef line 13470, net $11700 not found.
[WARNING STA-1650] /home/ubuntu/GitHub/sky130-trng/.loom/worktrees/issue-236/sim/digital-electrical-repair/requests/.klt/place-and-route/trng_digital_route.spef line 13483, net $11703 not found.
[WARNING STA-1650] /home/ubuntu/GitHub/sky130-trng/.loom/worktrees/issue-236/sim/digital-electrical-repair/requests/.klt/place-and-route/trng_digital_route.spef line 13508, net $11704 not found.
[WARNING STA-1650] /home/ubuntu/GitHub/sky130-trng/.loom/worktrees/issue-236/sim/digital-electrical-repair/requests/.klt/place-and-route/trng_digital_route.spef line 13530, net $11705 not found.
[WARNING STA-1650] /home/ubuntu/GitHub/sky130-trng/.loom/worktrees/issue-236/sim/digital-electrical-repair/requests/.klt/place-and-route/trng_digital_route.spef line 13541, net $11706 not found.
[WARNING STA-1650] /home/ubuntu/GitHub/sky130-trng/.loom/worktrees/issue-236/sim/digital-electrical-repair/requests/.klt/place-and-route/trng_digital_route.spef line 13554, net $11707 not found.
[WARNING STA-1650] /home/ubuntu/GitHub/sky130-trng/.loom/worktrees/issue-236/sim/digital-electrical-repair/requests/.klt/place-and-route/trng_digital_route.spef line 13563, net $11708 not found.
[WARNING STA-1650] /home/ubuntu/GitHub/sky130-trng/.loom/worktrees/issue-236/sim/digital-electrical-repair/requests/.klt/place-and-route/trng_digital_route.spef line 13577, net $11709 not found.
[WARNING STA-1650] /home/ubuntu/GitHub/sky130-trng/.loom/worktrees/issue-236/sim/digital-electrical-repair/requests/.klt/place-and-route/trng_digital_route.spef line 13591, net $11710 not found.
[WARNING STA-1650] /home/ubuntu/GitHub/sky130-trng/.loom/worktrees/issue-236/sim/digital-electrical-repair/requests/.klt/place-and-route/trng_digital_route.spef line 13607, net $11711 not found.
[WARNING STA-1650] /home/ubuntu/GitHub/sky130-trng/.loom/worktrees/issue-236/sim/digital-electrical-repair/requests/.klt/place-and-route/trng_digital_route.spef line 13618, net $11713 not found.
[WARNING STA-1650] /home/ubuntu/GitHub/sky130-trng/.loom/worktrees/issue-236/sim/digital-electrical-repair/requests/.klt/place-and-route/trng_digital_route.spef line 13627, net $11726 not found.
[WARNING STA-1650] /home/ubuntu/GitHub/sky130-trng/.loom/worktrees/issue-236/sim/digital-electrical-repair/requests/.klt/place-and-route/trng_digital_route.spef line 13635, net $11727 not found.
[WARNING STA-1650] /home/ubuntu/GitHub/sky130-trng/.loom/worktrees/issue-236/sim/digital-electrical-repair/requests/.klt/place-and-route/trng_digital_route.spef line 13648, net $11728 not found.
[WARNING STA-1650] /home/ubuntu/GitHub/sky130-trng/.loom/worktrees/issue-236/sim/digital-electrical-repair/requests/.klt/place-and-route/trng_digital_route.spef line 13657, net $11729 not found.
[WARNING STA-1650] /home/ubuntu/GitHub/sky130-trng/.loom/worktrees/issue-236/sim/digital-electrical-repair/requests/.klt/place-and-route/trng_digital_route.spef line 13671, net $11730 not found.
[WARNING STA-1650] /home/ubuntu/GitHub/sky130-trng/.loom/worktrees/issue-236/sim/digital-electrical-repair/requests/.klt/place-and-route/trng_digital_route.spef line 13681, net $11731 not found.
[WARNING STA-1650] /home/ubuntu/GitHub/sky130-trng/.loom/worktrees/issue-236/sim/digital-electrical-repair/requests/.klt/place-and-route/trng_digital_route.spef line 13695, net $11733 not found.
[WARNING STA-1650] /home/ubuntu/GitHub/sky130-trng/.loom/worktrees/issue-236/sim/digital-electrical-repair/requests/.klt/place-and-route/trng_digital_route.spef line 13705, net $11734 not found.
[WARNING STA-1650] /home/ubuntu/GitHub/sky130-trng/.loom/worktrees/issue-236/sim/digital-electrical-repair/requests/.klt/place-and-route/trng_digital_route.spef line 13719, net $11737 not found.
[WARNING STA-1650] /home/ubuntu/GitHub/sky130-trng/.loom/worktrees/issue-236/sim/digital-electrical-repair/requests/.klt/place-and-route/trng_digital_route.spef line 13728, net $11738 not found.
[WARNING STA-1650] /home/ubuntu/GitHub/sky130-trng/.loom/worktrees/issue-236/sim/digital-electrical-repair/requests/.klt/place-and-route/trng_digital_route.spef line 13741, net $11739 not found.
[WARNING STA-1650] /home/ubuntu/GitHub/sky130-trng/.loom/worktrees/issue-236/sim/digital-electrical-repair/requests/.klt/place-and-route/trng_digital_route.spef line 13749, net $11740 not found.
[WARNING STA-1650] /home/ubuntu/GitHub/sky130-trng/.loom/worktrees/issue-236/sim/digital-electrical-repair/requests/.klt/place-and-route/trng_digital_route.spef line 13760, net $1175 not found.
[WARNING STA-1650] /home/ubuntu/GitHub/sky130-trng/.loom/worktrees/issue-236/sim/digital-electrical-repair/requests/.klt/place-and-route/trng_digital_route.spef line 13770, net $11757 not found.
[WARNING STA-1650] /home/ubuntu/GitHub/sky130-trng/.loom/worktrees/issue-236/sim/digital-electrical-repair/requests/.klt/place-and-route/trng_digital_route.spef line 13779, net $11758 not found.
[WARNING STA-1650] /home/ubuntu/GitHub/sky130-trng/.loom/worktrees/issue-236/sim/digital-electrical-repair/requests/.klt/place-and-route/trng_digital_route.spef line 13788, net $11759 not found.
[WARNING STA-1650] /home/ubuntu/GitHub/sky130-trng/.loom/worktrees/issue-236/sim/digital-electrical-repair/requests/.klt/place-and-route/trng_digital_route.spef line 13797, net $11760 not found.
[WARNING STA-1650] /home/ubuntu/GitHub/sky130-trng/.loom/worktrees/issue-236/sim/digital-electrical-repair/requests/.klt/place-and-route/trng_digital_route.spef line 13808, net $11761 not found.
[WARNING STA-1650] /home/ubuntu/GitHub/sky130-trng/.loom/worktrees/issue-236/sim/digital-electrical-repair/requests/.klt/place-and-route/trng_digital_route.spef line 13818, net $11762 not found.
[WARNING STA-1650] /home/ubuntu/GitHub/sky130-trng/.loom/worktrees/issue-236/sim/digital-electrical-repair/requests/.klt/place-and-route/trng_digital_route.spef line 13829, net $11763 not found.
[WARNING STA-1650] /home/ubuntu/GitHub/sky130-trng/.loom/worktrees/issue-236/sim/digital-electrical-repair/requests/.klt/place-and-route/trng_digital_route.spef line 13838, net $11764 not found.
[WARNING STA-1650] /home/ubuntu/GitHub/sky130-trng/.loom/worktrees/issue-236/sim/digital-electrical-repair/requests/.klt/place-and-route/trng_digital_route.spef line 13847, net $1179 not found.
[WARNING STA-1650] /home/ubuntu/GitHub/sky130-trng/.loom/worktrees/issue-236/sim/digital-electrical-repair/requests/.klt/place-and-route/trng_digital_route.spef line 13859, net $11791 not found.
[WARNING STA-1650] /home/ubuntu/GitHub/sky130-trng/.loom/worktrees/issue-236/sim/digital-electrical-repair/requests/.klt/place-and-route/trng_digital_route.spef line 13880, net $11792 not found.
[WARNING STA-1650] /home/ubuntu/GitHub/sky130-trng/.loom/worktrees/issue-236/sim/digital-electrical-repair/requests/.klt/place-and-route/trng_digital_route.spef line 13899, net $11793 not found.
[WARNING STA-1650] /home/ubuntu/GitHub/sky130-trng/.loom/worktrees/issue-236/sim/digital-electrical-repair/requests/.klt/place-and-route/trng_digital_route.spef line 13909, net $11794 not found.
[WARNING STA-1650] /home/ubuntu/GitHub/sky130-trng/.loom/worktrees/issue-236/sim/digital-electrical-repair/requests/.klt/place-and-route/trng_digital_route.spef line 13921, net $11795 not found.
[WARNING STA-1650] /home/ubuntu/GitHub/sky130-trng/.loom/worktrees/issue-236/sim/digital-electrical-repair/requests/.klt/place-and-route/trng_digital_route.spef line 13936, net $11796 not found.
[WARNING STA-1650] /home/ubuntu/GitHub/sky130-trng/.loom/worktrees/issue-236/sim/digital-electrical-repair/requests/.klt/place-and-route/trng_digital_route.spef line 13952, net $11798 not found.
[WARNING STA-1650] /home/ubuntu/GitHub/sky130-trng/.loom/worktrees/issue-236/sim/digital-electrical-repair/requests/.klt/place-and-route/trng_digital_route.spef line 13961, net $11799 not found.
[WARNING STA-1650] /home/ubuntu/GitHub/sky130-trng/.loom/worktrees/issue-236/sim/digital-electrical-repair/requests/.klt/place-and-route/trng_digital_route.spef line 13969, net $118 not found.
[WARNING STA-1650] /home/ubuntu/GitHub/sky130-trng/.loom/worktrees/issue-236/sim/digital-electrical-repair/requests/.klt/place-and-route/trng_digital_route.spef line 13979, net $11800 not found.
[WARNING STA-1650] message limit (1000) reached. This message will no longer print.
[WARNING STA-1656] /home/ubuntu/GitHub/sky130-trng/.loom/worktrees/issue-236/sim/digital-electrical-repair/requests/.klt/place-and-route/trng_digital_route.spef line 83152, pin bus_rdata_r[0] not found.
[WARNING STA-1656] /home/ubuntu/GitHub/sky130-trng/.loom/worktrees/issue-236/sim/digital-electrical-repair/requests/.klt/place-and-route/trng_digital_route.spef line 83153, pin bus_rdata_r[10] not found.
[WARNING STA-1656] /home/ubuntu/GitHub/sky130-trng/.loom/worktrees/issue-236/sim/digital-electrical-repair/requests/.klt/place-and-route/trng_digital_route.spef line 83154, pin bus_rdata_r[11] not found.
[WARNING STA-1656] /home/ubuntu/GitHub/sky130-trng/.loom/worktrees/issue-236/sim/digital-electrical-repair/requests/.klt/place-and-route/trng_digital_route.spef line 83155, pin bus_rdata_r[12] not found.
[WARNING STA-1656] /home/ubuntu/GitHub/sky130-trng/.loom/worktrees/issue-236/sim/digital-electrical-repair/requests/.klt/place-and-route/trng_digital_route.spef line 83156, pin bus_rdata_r[13] not found.
[WARNING STA-1656] /home/ubuntu/GitHub/sky130-trng/.loom/worktrees/issue-236/sim/digital-electrical-repair/requests/.klt/place-and-route/trng_digital_route.spef line 83157, pin bus_rdata_r[14] not found.
[WARNING STA-1656] /home/ubuntu/GitHub/sky130-trng/.loom/worktrees/issue-236/sim/digital-electrical-repair/requests/.klt/place-and-route/trng_digital_route.spef line 83158, pin bus_rdata_r[15] not found.
[WARNING STA-1656] /home/ubuntu/GitHub/sky130-trng/.loom/worktrees/issue-236/sim/digital-electrical-repair/requests/.klt/place-and-route/trng_digital_route.spef line 83159, pin bus_rdata_r[16] not found.
[WARNING STA-1656] /home/ubuntu/GitHub/sky130-trng/.loom/worktrees/issue-236/sim/digital-electrical-repair/requests/.klt/place-and-route/trng_digital_route.spef line 83160, pin bus_rdata_r[17] not found.
[WARNING STA-1656] /home/ubuntu/GitHub/sky130-trng/.loom/worktrees/issue-236/sim/digital-electrical-repair/requests/.klt/place-and-route/trng_digital_route.spef line 83161, pin bus_rdata_r[18] not found.
[WARNING STA-1656] /home/ubuntu/GitHub/sky130-trng/.loom/worktrees/issue-236/sim/digital-electrical-repair/requests/.klt/place-and-route/trng_digital_route.spef line 83162, pin bus_rdata_r[19] not found.
[WARNING STA-1656] /home/ubuntu/GitHub/sky130-trng/.loom/worktrees/issue-236/sim/digital-electrical-repair/requests/.klt/place-and-route/trng_digital_route.spef line 83163, pin bus_rdata_r[1] not found.
[WARNING STA-1656] /home/ubuntu/GitHub/sky130-trng/.loom/worktrees/issue-236/sim/digital-electrical-repair/requests/.klt/place-and-route/trng_digital_route.spef line 83164, pin bus_rdata_r[20] not found.
[WARNING STA-1656] /home/ubuntu/GitHub/sky130-trng/.loom/worktrees/issue-236/sim/digital-electrical-repair/requests/.klt/place-and-route/trng_digital_route.spef line 83165, pin bus_rdata_r[21] not found.
[WARNING STA-1656] /home/ubuntu/GitHub/sky130-trng/.loom/worktrees/issue-236/sim/digital-electrical-repair/requests/.klt/place-and-route/trng_digital_route.spef line 83166, pin bus_rdata_r[22] not found.
[WARNING STA-1656] /home/ubuntu/GitHub/sky130-trng/.loom/worktrees/issue-236/sim/digital-electrical-repair/requests/.klt/place-and-route/trng_digital_route.spef line 83167, pin bus_rdata_r[23] not found.
[WARNING STA-1656] /home/ubuntu/GitHub/sky130-trng/.loom/worktrees/issue-236/sim/digital-electrical-repair/requests/.klt/place-and-route/trng_digital_route.spef line 83168, pin bus_rdata_r[24] not found.
[WARNING STA-1656] /home/ubuntu/GitHub/sky130-trng/.loom/worktrees/issue-236/sim/digital-electrical-repair/requests/.klt/place-and-route/trng_digital_route.spef line 83169, pin bus_rdata_r[25] not found.
[WARNING STA-1656] /home/ubuntu/GitHub/sky130-trng/.loom/worktrees/issue-236/sim/digital-electrical-repair/requests/.klt/place-and-route/trng_digital_route.spef line 83170, pin bus_rdata_r[26] not found.
[WARNING STA-1656] /home/ubuntu/GitHub/sky130-trng/.loom/worktrees/issue-236/sim/digital-electrical-repair/requests/.klt/place-and-route/trng_digital_route.spef line 83171, pin bus_rdata_r[27] not found.
[WARNING STA-1656] /home/ubuntu/GitHub/sky130-trng/.loom/worktrees/issue-236/sim/digital-electrical-repair/requests/.klt/place-and-route/trng_digital_route.spef line 83172, pin bus_rdata_r[28] not found.
[WARNING STA-1656] /home/ubuntu/GitHub/sky130-trng/.loom/worktrees/issue-236/sim/digital-electrical-repair/requests/.klt/place-and-route/trng_digital_route.spef line 83173, pin bus_rdata_r[29] not found.
[WARNING STA-1656] /home/ubuntu/GitHub/sky130-trng/.loom/worktrees/issue-236/sim/digital-electrical-repair/requests/.klt/place-and-route/trng_digital_route.spef line 83174, pin bus_rdata_r[2] not found.
[WARNING STA-1656] /home/ubuntu/GitHub/sky130-trng/.loom/worktrees/issue-236/sim/digital-electrical-repair/requests/.klt/place-and-route/trng_digital_route.spef line 83175, pin bus_rdata_r[30] not found.
[WARNING STA-1656] /home/ubuntu/GitHub/sky130-trng/.loom/worktrees/issue-236/sim/digital-electrical-repair/requests/.klt/place-and-route/trng_digital_route.spef line 83176, pin bus_rdata_r[3] not found.
[WARNING STA-1656] /home/ubuntu/GitHub/sky130-trng/.loom/worktrees/issue-236/sim/digital-electrical-repair/requests/.klt/place-and-route/trng_digital_route.spef line 83177, pin bus_rdata_r[4] not found.
[WARNING STA-1656] /home/ubuntu/GitHub/sky130-trng/.loom/worktrees/issue-236/sim/digital-electrical-repair/requests/.klt/place-and-route/trng_digital_route.spef line 83178, pin bus_rdata_r[5] not found.
[WARNING STA-1656] /home/ubuntu/GitHub/sky130-trng/.loom/worktrees/issue-236/sim/digital-electrical-repair/requests/.klt/place-and-route/trng_digital_route.spef line 83179, pin bus_rdata_r[6] not found.
[WARNING STA-1656] /home/ubuntu/GitHub/sky130-trng/.loom/worktrees/issue-236/sim/digital-electrical-repair/requests/.klt/place-and-route/trng_digital_route.spef line 83180, pin bus_rdata_r[7] not found.
[WARNING STA-1656] /home/ubuntu/GitHub/sky130-trng/.loom/worktrees/issue-236/sim/digital-electrical-repair/requests/.klt/place-and-route/trng_digital_route.spef line 83181, pin bus_rdata_r[8] not found.
[WARNING STA-1656] /home/ubuntu/GitHub/sky130-trng/.loom/worktrees/issue-236/sim/digital-electrical-repair/requests/.klt/place-and-route/trng_digital_route.spef line 83182, pin bus_rdata_r[9] not found.
[WARNING STA-1656] /home/ubuntu/GitHub/sky130-trng/.loom/worktrees/issue-236/sim/digital-electrical-repair/requests/.klt/place-and-route/trng_digital_route.spef line 83710, pin startup_done152 not found.
[WARNING STA-1656] /home/ubuntu/GitHub/sky130-trng/.loom/worktrees/issue-236/sim/digital-electrical-repair/requests/.klt/place-and-route/trng_digital_route.spef line 106522, pin bus_rdata_r[0] not found.
[WARNING STA-1656] /home/ubuntu/GitHub/sky130-trng/.loom/worktrees/issue-236/sim/digital-electrical-repair/requests/.klt/place-and-route/trng_digital_route.spef line 106523, pin bus_rdata_r[10] not found.
[WARNING STA-1656] /home/ubuntu/GitHub/sky130-trng/.loom/worktrees/issue-236/sim/digital-electrical-repair/requests/.klt/place-and-route/trng_digital_route.spef line 106524, pin bus_rdata_r[11] not found.
[WARNING STA-1656] /home/ubuntu/GitHub/sky130-trng/.loom/worktrees/issue-236/sim/digital-electrical-repair/requests/.klt/place-and-route/trng_digital_route.spef line 106525, pin bus_rdata_r[12] not found.
[WARNING STA-1656] /home/ubuntu/GitHub/sky130-trng/.loom/worktrees/issue-236/sim/digital-electrical-repair/requests/.klt/place-and-route/trng_digital_route.spef line 106526, pin bus_rdata_r[13] not found.
[WARNING STA-1656] /home/ubuntu/GitHub/sky130-trng/.loom/worktrees/issue-236/sim/digital-electrical-repair/requests/.klt/place-and-route/trng_digital_route.spef line 106527, pin bus_rdata_r[14] not found.
[WARNING STA-1656] /home/ubuntu/GitHub/sky130-trng/.loom/worktrees/issue-236/sim/digital-electrical-repair/requests/.klt/place-and-route/trng_digital_route.spef line 106528, pin bus_rdata_r[15] not found.
[WARNING STA-1656] /home/ubuntu/GitHub/sky130-trng/.loom/worktrees/issue-236/sim/digital-electrical-repair/requests/.klt/place-and-route/trng_digital_route.spef line 106529, pin bus_rdata_r[16] not found.
[WARNING STA-1656] /home/ubuntu/GitHub/sky130-trng/.loom/worktrees/issue-236/sim/digital-electrical-repair/requests/.klt/place-and-route/trng_digital_route.spef line 106530, pin bus_rdata_r[17] not found.
[WARNING STA-1656] /home/ubuntu/GitHub/sky130-trng/.loom/worktrees/issue-236/sim/digital-electrical-repair/requests/.klt/place-and-route/trng_digital_route.spef line 106531, pin bus_rdata_r[18] not found.
[WARNING STA-1656] /home/ubuntu/GitHub/sky130-trng/.loom/worktrees/issue-236/sim/digital-electrical-repair/requests/.klt/place-and-route/trng_digital_route.spef line 106532, pin bus_rdata_r[19] not found.
[WARNING STA-1656] /home/ubuntu/GitHub/sky130-trng/.loom/worktrees/issue-236/sim/digital-electrical-repair/requests/.klt/place-and-route/trng_digital_route.spef line 106533, pin bus_rdata_r[1] not found.
[WARNING STA-1656] /home/ubuntu/GitHub/sky130-trng/.loom/worktrees/issue-236/sim/digital-electrical-repair/requests/.klt/place-and-route/trng_digital_route.spef line 106534, pin bus_rdata_r[20] not found.
[WARNING STA-1656] /home/ubuntu/GitHub/sky130-trng/.loom/worktrees/issue-236/sim/digital-electrical-repair/requests/.klt/place-and-route/trng_digital_route.spef line 106535, pin bus_rdata_r[21] not found.
[WARNING STA-1656] /home/ubuntu/GitHub/sky130-trng/.loom/worktrees/issue-236/sim/digital-electrical-repair/requests/.klt/place-and-route/trng_digital_route.spef line 106536, pin bus_rdata_r[22] not found.
[WARNING STA-1656] /home/ubuntu/GitHub/sky130-trng/.loom/worktrees/issue-236/sim/digital-electrical-repair/requests/.klt/place-and-route/trng_digital_route.spef line 106537, pin bus_rdata_r[23] not found.
[WARNING STA-1656] /home/ubuntu/GitHub/sky130-trng/.loom/worktrees/issue-236/sim/digital-electrical-repair/requests/.klt/place-and-route/trng_digital_route.spef line 106538, pin bus_rdata_r[24] not found.
[WARNING STA-1656] /home/ubuntu/GitHub/sky130-trng/.loom/worktrees/issue-236/sim/digital-electrical-repair/requests/.klt/place-and-route/trng_digital_route.spef line 106539, pin bus_rdata_r[25] not found.
[WARNING STA-1656] /home/ubuntu/GitHub/sky130-trng/.loom/worktrees/issue-236/sim/digital-electrical-repair/requests/.klt/place-and-route/trng_digital_route.spef line 106540, pin bus_rdata_r[26] not found.
[WARNING STA-1656] /home/ubuntu/GitHub/sky130-trng/.loom/worktrees/issue-236/sim/digital-electrical-repair/requests/.klt/place-and-route/trng_digital_route.spef line 106541, pin bus_rdata_r[27] not found.
[WARNING STA-1656] /home/ubuntu/GitHub/sky130-trng/.loom/worktrees/issue-236/sim/digital-electrical-repair/requests/.klt/place-and-route/trng_digital_route.spef line 106542, pin bus_rdata_r[28] not found.
[WARNING STA-1656] /home/ubuntu/GitHub/sky130-trng/.loom/worktrees/issue-236/sim/digital-electrical-repair/requests/.klt/place-and-route/trng_digital_route.spef line 106543, pin bus_rdata_r[29] not found.
[WARNING STA-1656] /home/ubuntu/GitHub/sky130-trng/.loom/worktrees/issue-236/sim/digital-electrical-repair/requests/.klt/place-and-route/trng_digital_route.spef line 106544, pin bus_rdata_r[2] not found.
[WARNING STA-1656] /home/ubuntu/GitHub/sky130-trng/.loom/worktrees/issue-236/sim/digital-electrical-repair/requests/.klt/place-and-route/trng_digital_route.spef line 106545, pin bus_rdata_r[30] not found.
[WARNING STA-1656] /home/ubuntu/GitHub/sky130-trng/.loom/worktrees/issue-236/sim/digital-electrical-repair/requests/.klt/place-and-route/trng_digital_route.spef line 106546, pin bus_rdata_r[31] not found.
[WARNING STA-1656] /home/ubuntu/GitHub/sky130-trng/.loom/worktrees/issue-236/sim/digital-electrical-repair/requests/.klt/place-and-route/trng_digital_route.spef line 106547, pin bus_rdata_r[3] not found.
[WARNING STA-1656] /home/ubuntu/GitHub/sky130-trng/.loom/worktrees/issue-236/sim/digital-electrical-repair/requests/.klt/place-and-route/trng_digital_route.spef line 106548, pin bus_rdata_r[4] not found.
[WARNING STA-1656] /home/ubuntu/GitHub/sky130-trng/.loom/worktrees/issue-236/sim/digital-electrical-repair/requests/.klt/place-and-route/trng_digital_route.spef line 106549, pin bus_rdata_r[5] not found.
[WARNING STA-1656] /home/ubuntu/GitHub/sky130-trng/.loom/worktrees/issue-236/sim/digital-electrical-repair/requests/.klt/place-and-route/trng_digital_route.spef line 106550, pin bus_rdata_r[6] not found.
[WARNING STA-1656] /home/ubuntu/GitHub/sky130-trng/.loom/worktrees/issue-236/sim/digital-electrical-repair/requests/.klt/place-and-route/trng_digital_route.spef line 106551, pin bus_rdata_r[7] not found.
[WARNING STA-1656] /home/ubuntu/GitHub/sky130-trng/.loom/worktrees/issue-236/sim/digital-electrical-repair/requests/.klt/place-and-route/trng_digital_route.spef line 106552, pin bus_rdata_r[8] not found.
[WARNING STA-1656] /home/ubuntu/GitHub/sky130-trng/.loom/worktrees/issue-236/sim/digital-electrical-repair/requests/.klt/place-and-route/trng_digital_route.spef line 106553, pin bus_rdata_r[9] not found.
[WARNING STA-1656] /home/ubuntu/GitHub/sky130-trng/.loom/worktrees/issue-236/sim/digital-electrical-repair/requests/.klt/place-and-route/trng_digital_route.spef line 107086, pin startup_done152 not found.
[WARNING STA-1656] /home/ubuntu/GitHub/sky130-trng/.loom/worktrees/issue-236/sim/digital-electrical-repair/requests/.klt/place-and-route/trng_digital_route.spef line 137827, pin startup_done152 not found.
[WARNING STA-1656] /home/ubuntu/GitHub/sky130-trng/.loom/worktrees/issue-236/sim/digital-electrical-repair/requests/.klt/place-and-route/trng_digital_route.spef line 138947, pin bus_rdata_r[14] not found.
[WARNING STA-1656] /home/ubuntu/GitHub/sky130-trng/.loom/worktrees/issue-236/sim/digital-electrical-repair/requests/.klt/place-and-route/trng_digital_route.spef line 138948, pin bus_rdata_r[15] not found.
[WARNING STA-1656] /home/ubuntu/GitHub/sky130-trng/.loom/worktrees/issue-236/sim/digital-electrical-repair/requests/.klt/place-and-route/trng_digital_route.spef line 139009, pin bus_rdata_r[14] not found.
[WARNING STA-1656] /home/ubuntu/GitHub/sky130-trng/.loom/worktrees/issue-236/sim/digital-electrical-repair/requests/.klt/place-and-route/trng_digital_route.spef line 139010, pin bus_rdata_r[15] not found.
[WARNING STA-1656] /home/ubuntu/GitHub/sky130-trng/.loom/worktrees/issue-236/sim/digital-electrical-repair/requests/.klt/place-and-route/trng_digital_route.spef line 139011, pin bus_rdata_r[23] not found.
[WARNING STA-1656] /home/ubuntu/GitHub/sky130-trng/.loom/worktrees/issue-236/sim/digital-electrical-repair/requests/.klt/place-and-route/trng_digital_route.spef line 139548, pin bus_rdata_r[21] not found.
[WARNING STA-1656] /home/ubuntu/GitHub/sky130-trng/.loom/worktrees/issue-236/sim/digital-electrical-repair/requests/.klt/place-and-route/trng_digital_route.spef line 139549, pin bus_rdata_r[23] not found.
[WARNING STA-1656] /home/ubuntu/GitHub/sky130-trng/.loom/worktrees/issue-236/sim/digital-electrical-repair/requests/.klt/place-and-route/trng_digital_route.spef line 139550, pin bus_rdata_r[5] not found.
[WARNING STA-1656] /home/ubuntu/GitHub/sky130-trng/.loom/worktrees/issue-236/sim/digital-electrical-repair/requests/.klt/place-and-route/trng_digital_route.spef line 139575, pin bus_rdata_r[29] not found.
[WARNING STA-1656] /home/ubuntu/GitHub/sky130-trng/.loom/worktrees/issue-236/sim/digital-electrical-repair/requests/.klt/place-and-route/trng_digital_route.spef line 139718, pin bus_rdata_r[21] not found.
[WARNING STA-1656] /home/ubuntu/GitHub/sky130-trng/.loom/worktrees/issue-236/sim/digital-electrical-repair/requests/.klt/place-and-route/trng_digital_route.spef line 139719, pin bus_rdata_r[23] not found.
[WARNING STA-1656] /home/ubuntu/GitHub/sky130-trng/.loom/worktrees/issue-236/sim/digital-electrical-repair/requests/.klt/place-and-route/trng_digital_route.spef line 142759, pin bus_rdata_r[3] not found.
[WARNING STA-1656] /home/ubuntu/GitHub/sky130-trng/.loom/worktrees/issue-236/sim/digital-electrical-repair/requests/.klt/place-and-route/trng_digital_route.spef line 142760, pin bus_rdata_r[7] not found.
[WARNING STA-1656] /home/ubuntu/GitHub/sky130-trng/.loom/worktrees/issue-236/sim/digital-electrical-repair/requests/.klt/place-and-route/trng_digital_route.spef line 142826, pin startup_done152 not found.
[WARNING STA-1656] /home/ubuntu/GitHub/sky130-trng/.loom/worktrees/issue-236/sim/digital-electrical-repair/requests/.klt/place-and-route/trng_digital_route.spef line 143047, pin bus_rdata_r[17] not found.
[WARNING STA-1656] /home/ubuntu/GitHub/sky130-trng/.loom/worktrees/issue-236/sim/digital-electrical-repair/requests/.klt/place-and-route/trng_digital_route.spef line 143333, pin bus_rdata_r[1] not found.
[WARNING STA-1656] /home/ubuntu/GitHub/sky130-trng/.loom/worktrees/issue-236/sim/digital-electrical-repair/requests/.klt/place-and-route/trng_digital_route.spef line 143334, pin bus_rdata_r[9] not found.
[WARNING STA-1656] /home/ubuntu/GitHub/sky130-trng/.loom/worktrees/issue-236/sim/digital-electrical-repair/requests/.klt/place-and-route/trng_digital_route.spef line 143359, pin bus_rdata_r[17] not found.
[WARNING STA-1656] /home/ubuntu/GitHub/sky130-trng/.loom/worktrees/issue-236/sim/digital-electrical-repair/requests/.klt/place-and-route/trng_digital_route.spef line 143360, pin bus_rdata_r[30] not found.
[WARNING STA-1656] /home/ubuntu/GitHub/sky130-trng/.loom/worktrees/issue-236/sim/digital-electrical-repair/requests/.klt/place-and-route/trng_digital_route.spef line 143408, pin startup_done152 not found.
[WARNING STA-1656] /home/ubuntu/GitHub/sky130-trng/.loom/worktrees/issue-236/sim/digital-electrical-repair/requests/.klt/place-and-route/trng_digital_route.spef line 143511, pin bus_rdata_r[6] not found.
[WARNING STA-1656] /home/ubuntu/GitHub/sky130-trng/.loom/worktrees/issue-236/sim/digital-electrical-repair/requests/.klt/place-and-route/trng_digital_route.spef line 143538, pin startup_done152 not found.
[WARNING STA-1656] /home/ubuntu/GitHub/sky130-trng/.loom/worktrees/issue-236/sim/digital-electrical-repair/requests/.klt/place-and-route/trng_digital_route.spef line 144156, pin startup_done152 not found.
[WARNING STA-1656] /home/ubuntu/GitHub/sky130-trng/.loom/worktrees/issue-236/sim/digital-electrical-repair/requests/.klt/place-and-route/trng_digital_route.spef line 144209, pin startup_done152 not found.
[WARNING STA-1656] /home/ubuntu/GitHub/sky130-trng/.loom/worktrees/issue-236/sim/digital-electrical-repair/requests/.klt/place-and-route/trng_digital_route.spef line 144233, pin startup_done152 not found.
[WARNING STA-1656] /home/ubuntu/GitHub/sky130-trng/.loom/worktrees/issue-236/sim/digital-electrical-repair/requests/.klt/place-and-route/trng_digital_route.spef line 144274, pin bus_rdata_r[17] not found.
[WARNING STA-1656] /home/ubuntu/GitHub/sky130-trng/.loom/worktrees/issue-236/sim/digital-electrical-repair/requests/.klt/place-and-route/trng_digital_route.spef line 144907, pin startup_done152 not found.
[WARNING STA-1656] /home/ubuntu/GitHub/sky130-trng/.loom/worktrees/issue-236/sim/digital-electrical-repair/requests/.klt/place-and-route/trng_digital_route.spef line 144957, pin startup_done152 not found.
[WARNING STA-1656] /home/ubuntu/GitHub/sky130-trng/.loom/worktrees/issue-236/sim/digital-electrical-repair/requests/.klt/place-and-route/trng_digital_route.spef line 145024, pin bus_rdata_r[17] not found.
[WARNING STA-1656] /home/ubuntu/GitHub/sky130-trng/.loom/worktrees/issue-236/sim/digital-electrical-repair/requests/.klt/place-and-route/trng_digital_route.spef line 145105, pin bus_rdata_r[16] not found.
[WARNING STA-1656] /home/ubuntu/GitHub/sky130-trng/.loom/worktrees/issue-236/sim/digital-electrical-repair/requests/.klt/place-and-route/trng_digital_route.spef line 145622, pin startup_done152 not found.
[WARNING STA-1656] /home/ubuntu/GitHub/sky130-trng/.loom/worktrees/issue-236/sim/digital-electrical-repair/requests/.klt/place-and-route/trng_digital_route.spef line 147028, pin startup_done152 not found.
[WARNING STA-1656] /home/ubuntu/GitHub/sky130-trng/.loom/worktrees/issue-236/sim/digital-electrical-repair/requests/.klt/place-and-route/trng_digital_route.spef line 147165, pin startup_done152 not found.
[WARNING STA-1656] /home/ubuntu/GitHub/sky130-trng/.loom/worktrees/issue-236/sim/digital-electrical-repair/requests/.klt/place-and-route/trng_digital_route.spef line 147497, pin startup_done152 not found.
[WARNING STA-1656] /home/ubuntu/GitHub/sky130-trng/.loom/worktrees/issue-236/sim/digital-electrical-repair/requests/.klt/place-and-route/trng_digital_route.spef line 147605, pin startup_done152 not found.
[WARNING STA-1656] /home/ubuntu/GitHub/sky130-trng/.loom/worktrees/issue-236/sim/digital-electrical-repair/requests/.klt/place-and-route/trng_digital_route.spef line 147754, pin bus_rdata_r[28] not found.
[WARNING STA-1656] /home/ubuntu/GitHub/sky130-trng/.loom/worktrees/issue-236/sim/digital-electrical-repair/requests/.klt/place-and-route/trng_digital_route.spef line 147755, pin bus_rdata_r[29] not found.
[WARNING STA-1656] /home/ubuntu/GitHub/sky130-trng/.loom/worktrees/issue-236/sim/digital-electrical-repair/requests/.klt/place-and-route/trng_digital_route.spef line 147756, pin bus_rdata_r[31] not found.
[WARNING STA-1656] /home/ubuntu/GitHub/sky130-trng/.loom/worktrees/issue-236/sim/digital-electrical-repair/requests/.klt/place-and-route/trng_digital_route.spef line 147789, pin bus_rdata_r[25] not found.
[WARNING STA-1656] /home/ubuntu/GitHub/sky130-trng/.loom/worktrees/issue-236/sim/digital-electrical-repair/requests/.klt/place-and-route/trng_digital_route.spef line 147790, pin bus_rdata_r[30] not found.
[WARNING STA-1656] /home/ubuntu/GitHub/sky130-trng/.loom/worktrees/issue-236/sim/digital-electrical-repair/requests/.klt/place-and-route/trng_digital_route.spef line 147791, pin bus_rdata_r[6] not found.
[WARNING STA-1656] /home/ubuntu/GitHub/sky130-trng/.loom/worktrees/issue-236/sim/digital-electrical-repair/requests/.klt/place-and-route/trng_digital_route.spef line 147816, pin bus_rdata_r[29] not found.
[WARNING STA-1656] /home/ubuntu/GitHub/sky130-trng/.loom/worktrees/issue-236/sim/digital-electrical-repair/requests/.klt/place-and-route/trng_digital_route.spef line 147842, pin bus_rdata_r[14] not found.
[WARNING STA-1656] /home/ubuntu/GitHub/sky130-trng/.loom/worktrees/issue-236/sim/digital-electrical-repair/requests/.klt/place-and-route/trng_digital_route.spef line 147843, pin bus_rdata_r[18] not found.
[WARNING STA-1656] /home/ubuntu/GitHub/sky130-trng/.loom/worktrees/issue-236/sim/digital-electrical-repair/requests/.klt/place-and-route/trng_digital_route.spef line 147844, pin bus_rdata_r[28] not found.
[WARNING STA-1656] /home/ubuntu/GitHub/sky130-trng/.loom/worktrees/issue-236/sim/digital-electrical-repair/requests/.klt/place-and-route/trng_digital_route.spef line 147866, pin bus_rdata_r[27] not found.
[WARNING STA-1656] /home/ubuntu/GitHub/sky130-trng/.loom/worktrees/issue-236/sim/digital-electrical-repair/requests/.klt/place-and-route/trng_digital_route.spef line 147889, pin bus_rdata_r[22] not found.
[WARNING STA-1656] /home/ubuntu/GitHub/sky130-trng/.loom/worktrees/issue-236/sim/digital-electrical-repair/requests/.klt/place-and-route/trng_digital_route.spef line 147890, pin bus_rdata_r[26] not found.
[WARNING STA-1656] /home/ubuntu/GitHub/sky130-trng/.loom/worktrees/issue-236/sim/digital-electrical-repair/requests/.klt/place-and-route/trng_digital_route.spef line 147910, pin bus_rdata_r[16] not found.
[WARNING STA-1656] /home/ubuntu/GitHub/sky130-trng/.loom/worktrees/issue-236/sim/digital-electrical-repair/requests/.klt/place-and-route/trng_digital_route.spef line 147934, pin bus_rdata_r[23] not found.
[WARNING STA-1656] /home/ubuntu/GitHub/sky130-trng/.loom/worktrees/issue-236/sim/digital-electrical-repair/requests/.klt/place-and-route/trng_digital_route.spef line 147935, pin bus_rdata_r[24] not found.
[WARNING STA-1656] /home/ubuntu/GitHub/sky130-trng/.loom/worktrees/issue-236/sim/digital-electrical-repair/requests/.klt/place-and-route/trng_digital_route.spef line 147936, pin bus_rdata_r[27] not found.
[WARNING STA-1656] /home/ubuntu/GitHub/sky130-trng/.loom/worktrees/issue-236/sim/digital-electrical-repair/requests/.klt/place-and-route/trng_digital_route.spef line 147937, pin bus_rdata_r[28] not found.
[WARNING STA-1656] /home/ubuntu/GitHub/sky130-trng/.loom/worktrees/issue-236/sim/digital-electrical-repair/requests/.klt/place-and-route/trng_digital_route.spef line 147961, pin bus_rdata_r[23] not found.
[WARNING STA-1656] /home/ubuntu/GitHub/sky130-trng/.loom/worktrees/issue-236/sim/digital-electrical-repair/requests/.klt/place-and-route/trng_digital_route.spef line 147989, pin bus_rdata_r[22] not found.
[WARNING STA-1656] /home/ubuntu/GitHub/sky130-trng/.loom/worktrees/issue-236/sim/digital-electrical-repair/requests/.klt/place-and-route/trng_digital_route.spef line 148039, pin bus_rdata_r[10] not found.
[WARNING STA-1656] /home/ubuntu/GitHub/sky130-trng/.loom/worktrees/issue-236/sim/digital-electrical-repair/requests/.klt/place-and-route/trng_digital_route.spef line 148040, pin bus_rdata_r[20] not found.
[WARNING STA-1656] /home/ubuntu/GitHub/sky130-trng/.loom/worktrees/issue-236/sim/digital-electrical-repair/requests/.klt/place-and-route/trng_digital_route.spef line 148041, pin bus_rdata_r[4] not found.
[WARNING STA-1656] /home/ubuntu/GitHub/sky130-trng/.loom/worktrees/issue-236/sim/digital-electrical-repair/requests/.klt/place-and-route/trng_digital_route.spef line 148042, pin bus_rdata_r[8] not found.
[WARNING STA-1656] /home/ubuntu/GitHub/sky130-trng/.loom/worktrees/issue-236/sim/digital-electrical-repair/requests/.klt/place-and-route/trng_digital_route.spef line 148073, pin bus_rdata_r[11] not found.
[WARNING STA-1656] /home/ubuntu/GitHub/sky130-trng/.loom/worktrees/issue-236/sim/digital-electrical-repair/requests/.klt/place-and-route/trng_digital_route.spef line 148074, pin bus_rdata_r[16] not found.
[WARNING STA-1656] /home/ubuntu/GitHub/sky130-trng/.loom/worktrees/issue-236/sim/digital-electrical-repair/requests/.klt/place-and-route/trng_digital_route.spef line 148075, pin bus_rdata_r[19] not found.
[WARNING STA-1656] /home/ubuntu/GitHub/sky130-trng/.loom/worktrees/issue-236/sim/digital-electrical-repair/requests/.klt/place-and-route/trng_digital_route.spef line 148076, pin bus_rdata_r[30] not found.
[WARNING STA-1656] /home/ubuntu/GitHub/sky130-trng/.loom/worktrees/issue-236/sim/digital-electrical-repair/requests/.klt/place-and-route/trng_digital_route.spef line 148105, pin bus_rdata_r[12] not found.
[WARNING STA-1656] /home/ubuntu/GitHub/sky130-trng/.loom/worktrees/issue-236/sim/digital-electrical-repair/requests/.klt/place-and-route/trng_digital_route.spef line 148106, pin bus_rdata_r[13] not found.
[WARNING STA-1656] /home/ubuntu/GitHub/sky130-trng/.loom/worktrees/issue-236/sim/digital-electrical-repair/requests/.klt/place-and-route/trng_digital_route.spef line 148107, pin bus_rdata_r[14] not found.
[WARNING STA-1656] /home/ubuntu/GitHub/sky130-trng/.loom/worktrees/issue-236/sim/digital-electrical-repair/requests/.klt/place-and-route/trng_digital_route.spef line 148108, pin bus_rdata_r[18] not found.
[WARNING STA-1656] /home/ubuntu/GitHub/sky130-trng/.loom/worktrees/issue-236/sim/digital-electrical-repair/requests/.klt/place-and-route/trng_digital_route.spef line 148109, pin bus_rdata_r[28] not found.
[WARNING STA-1656] /home/ubuntu/GitHub/sky130-trng/.loom/worktrees/issue-236/sim/digital-electrical-repair/requests/.klt/place-and-route/trng_digital_route.spef line 148110, pin bus_rdata_r[9] not found.
[WARNING STA-1656] /home/ubuntu/GitHub/sky130-trng/.loom/worktrees/issue-236/sim/digital-electrical-repair/requests/.klt/place-and-route/trng_digital_route.spef line 148168, pin bus_rdata_r[16] not found.
[WARNING STA-1656] /home/ubuntu/GitHub/sky130-trng/.loom/worktrees/issue-236/sim/digital-electrical-repair/requests/.klt/place-and-route/trng_digital_route.spef line 148191, pin bus_rdata_r[15] not found.
[WARNING STA-1656] /home/ubuntu/GitHub/sky130-trng/.loom/worktrees/issue-236/sim/digital-electrical-repair/requests/.klt/place-and-route/trng_digital_route.spef line 148218, pin bus_rdata_r[15] not found.
[WARNING STA-1656] /home/ubuntu/GitHub/sky130-trng/.loom/worktrees/issue-236/sim/digital-electrical-repair/requests/.klt/place-and-route/trng_digital_route.spef line 148248, pin bus_rdata_r[14] not found.
[WARNING STA-1656] /home/ubuntu/GitHub/sky130-trng/.loom/worktrees/issue-236/sim/digital-electrical-repair/requests/.klt/place-and-route/trng_digital_route.spef line 148249, pin bus_rdata_r[1] not found.
[WARNING STA-1656] /home/ubuntu/GitHub/sky130-trng/.loom/worktrees/issue-236/sim/digital-electrical-repair/requests/.klt/place-and-route/trng_digital_route.spef line 148250, pin bus_rdata_r[21] not found.
[WARNING STA-1656] /home/ubuntu/GitHub/sky130-trng/.loom/worktrees/issue-236/sim/digital-electrical-repair/requests/.klt/place-and-route/trng_digital_route.spef line 148251, pin bus_rdata_r[27] not found.
[WARNING STA-1656] /home/ubuntu/GitHub/sky130-trng/.loom/worktrees/issue-236/sim/digital-electrical-repair/requests/.klt/place-and-route/trng_digital_route.spef line 148252, pin bus_rdata_r[9] not found.
[WARNING STA-1656] /home/ubuntu/GitHub/sky130-trng/.loom/worktrees/issue-236/sim/digital-electrical-repair/requests/.klt/place-and-route/trng_digital_route.spef line 148279, pin bus_rdata_r[14] not found.
[WARNING STA-1656] /home/ubuntu/GitHub/sky130-trng/.loom/worktrees/issue-236/sim/digital-electrical-repair/requests/.klt/place-and-route/trng_digital_route.spef line 148280, pin bus_rdata_r[4] not found.
[WARNING STA-1656] /home/ubuntu/GitHub/sky130-trng/.loom/worktrees/issue-236/sim/digital-electrical-repair/requests/.klt/place-and-route/trng_digital_route.spef line 148306, pin bus_rdata_r[11] not found.
[WARNING STA-1656] /home/ubuntu/GitHub/sky130-trng/.loom/worktrees/issue-236/sim/digital-electrical-repair/requests/.klt/place-and-route/trng_digital_route.spef line 148307, pin bus_rdata_r[20] not found.
[WARNING STA-1656] /home/ubuntu/GitHub/sky130-trng/.loom/worktrees/issue-236/sim/digital-electrical-repair/requests/.klt/place-and-route/trng_digital_route.spef line 148334, pin bus_rdata_r[10] not found.
[WARNING STA-1656] /home/ubuntu/GitHub/sky130-trng/.loom/worktrees/issue-236/sim/digital-electrical-repair/requests/.klt/place-and-route/trng_digital_route.spef line 148335, pin bus_rdata_r[20] not found.
[WARNING STA-1656] /home/ubuntu/GitHub/sky130-trng/.loom/worktrees/issue-236/sim/digital-electrical-repair/requests/.klt/place-and-route/trng_digital_route.spef line 148336, pin bus_rdata_r[8] not found.
[WARNING STA-1656] /home/ubuntu/GitHub/sky130-trng/.loom/worktrees/issue-236/sim/digital-electrical-repair/requests/.klt/place-and-route/trng_digital_route.spef line 148406, pin bus_rdata_r[17] not found.
[WARNING STA-1656] /home/ubuntu/GitHub/sky130-trng/.loom/worktrees/issue-236/sim/digital-electrical-repair/requests/.klt/place-and-route/trng_digital_route.spef line 148433, pin bus_rdata_r[6] not found.
[WARNING STA-1656] /home/ubuntu/GitHub/sky130-trng/.loom/worktrees/issue-236/sim/digital-electrical-repair/requests/.klt/place-and-route/trng_digital_route.spef line 148464, pin bus_rdata_r[21] not found.
[WARNING STA-1656] /home/ubuntu/GitHub/sky130-trng/.loom/worktrees/issue-236/sim/digital-electrical-repair/requests/.klt/place-and-route/trng_digital_route.spef line 148535, pin bus_rdata_r[8] not found.
[WARNING STA-1656] /home/ubuntu/GitHub/sky130-trng/.loom/worktrees/issue-236/sim/digital-electrical-repair/requests/.klt/place-and-route/trng_digital_route.spef line 148586, pin bus_rdata_r[0] not found.
[WARNING STA-1656] /home/ubuntu/GitHub/sky130-trng/.loom/worktrees/issue-236/sim/digital-electrical-repair/requests/.klt/place-and-route/trng_digital_route.spef line 148587, pin bus_rdata_r[15] not found.
[WARNING STA-1656] /home/ubuntu/GitHub/sky130-trng/.loom/worktrees/issue-236/sim/digital-electrical-repair/requests/.klt/place-and-route/trng_digital_route.spef line 148816, pin bus_rdata_r[16] not found.
[WARNING STA-1656] /home/ubuntu/GitHub/sky130-trng/.loom/worktrees/issue-236/sim/digital-electrical-repair/requests/.klt/place-and-route/trng_digital_route.spef line 148817, pin bus_rdata_r[17] not found.
[WARNING STA-1656] /home/ubuntu/GitHub/sky130-trng/.loom/worktrees/issue-236/sim/digital-electrical-repair/requests/.klt/place-and-route/trng_digital_route.spef line 148818, pin bus_rdata_r[25] not found.
[WARNING STA-1656] /home/ubuntu/GitHub/sky130-trng/.loom/worktrees/issue-236/sim/digital-electrical-repair/requests/.klt/place-and-route/trng_digital_route.spef line 148819, pin bus_rdata_r[2] not found.
[WARNING STA-1656] /home/ubuntu/GitHub/sky130-trng/.loom/worktrees/issue-236/sim/digital-electrical-repair/requests/.klt/place-and-route/trng_digital_route.spef line 148820, pin bus_rdata_r[6] not found.
[WARNING STA-1656] /home/ubuntu/GitHub/sky130-trng/.loom/worktrees/issue-236/sim/digital-electrical-repair/requests/.klt/place-and-route/trng_digital_route.spef line 148866, pin startup_done152 not found.
[WARNING STA-1656] /home/ubuntu/GitHub/sky130-trng/.loom/worktrees/issue-236/sim/digital-electrical-repair/requests/.klt/place-and-route/trng_digital_route.spef line 149084, pin startup_done152 not found.
[WARNING STA-1656] /home/ubuntu/GitHub/sky130-trng/.loom/worktrees/issue-236/sim/digital-electrical-repair/requests/.klt/place-and-route/trng_digital_route.spef line 150825, pin bus_rdata_r[2] not found.
[WARNING STA-1656] /home/ubuntu/GitHub/sky130-trng/.loom/worktrees/issue-236/sim/digital-electrical-repair/requests/.klt/place-and-route/trng_digital_route.spef line 150863, pin startup_done152 not found.
[WARNING STA-1656] /home/ubuntu/GitHub/sky130-trng/.loom/worktrees/issue-236/sim/digital-electrical-repair/requests/.klt/place-and-route/trng_digital_route.spef line 152921, pin bus_rdata_r[17] not found.
[WARNING STA-1656] /home/ubuntu/GitHub/sky130-trng/.loom/worktrees/issue-236/sim/digital-electrical-repair/requests/.klt/place-and-route/trng_digital_route.spef line 152958, pin startup_done152 not found.
[WARNING STA-1656] /home/ubuntu/GitHub/sky130-trng/.loom/worktrees/issue-236/sim/digital-electrical-repair/requests/.klt/place-and-route/trng_digital_route.spef line 155618, pin bus_rdata_r[17] not found.
[WARNING STA-1656] /home/ubuntu/GitHub/sky130-trng/.loom/worktrees/issue-236/sim/digital-electrical-repair/requests/.klt/place-and-route/trng_digital_route.spef line 155619, pin bus_rdata_r[3] not found.
[WARNING STA-1656] /home/ubuntu/GitHub/sky130-trng/.loom/worktrees/issue-236/sim/digital-electrical-repair/requests/.klt/place-and-route/trng_digital_route.spef line 155705, pin bus_rdata_r[14] not found.
[WARNING STA-1656] /home/ubuntu/GitHub/sky130-trng/.loom/worktrees/issue-236/sim/digital-electrical-repair/requests/.klt/place-and-route/trng_digital_route.spef line 155706, pin bus_rdata_r[16] not found.
[WARNING STA-1656] /home/ubuntu/GitHub/sky130-trng/.loom/worktrees/issue-236/sim/digital-electrical-repair/requests/.klt/place-and-route/trng_digital_route.spef line 155707, pin bus_rdata_r[3] not found.
[WARNING STA-1656] /home/ubuntu/GitHub/sky130-trng/.loom/worktrees/issue-236/sim/digital-electrical-repair/requests/.klt/place-and-route/trng_digital_route.spef line 155708, pin bus_rdata_r[7] not found.
[WARNING STA-1656] /home/ubuntu/GitHub/sky130-trng/.loom/worktrees/issue-236/sim/digital-electrical-repair/requests/.klt/place-and-route/trng_digital_route.spef line 155730, pin startup_done152 not found.
[WARNING STA-1656] /home/ubuntu/GitHub/sky130-trng/.loom/worktrees/issue-236/sim/digital-electrical-repair/requests/.klt/place-and-route/trng_digital_route.spef line 155811, pin bus_rdata_r[16] not found.
[WARNING STA-1656] /home/ubuntu/GitHub/sky130-trng/.loom/worktrees/issue-236/sim/digital-electrical-repair/requests/.klt/place-and-route/trng_digital_route.spef line 155812, pin bus_rdata_r[17] not found.
[WARNING STA-1656] /home/ubuntu/GitHub/sky130-trng/.loom/worktrees/issue-236/sim/digital-electrical-repair/requests/.klt/place-and-route/trng_digital_route.spef line 155813, pin bus_rdata_r[3] not found.
[WARNING STA-1656] /home/ubuntu/GitHub/sky130-trng/.loom/worktrees/issue-236/sim/digital-electrical-repair/requests/.klt/place-and-route/trng_digital_route.spef line 155881, pin startup_done152 not found.
[WARNING STA-1656] /home/ubuntu/GitHub/sky130-trng/.loom/worktrees/issue-236/sim/digital-electrical-repair/requests/.klt/place-and-route/trng_digital_route.spef line 155943, pin bus_rdata_r[4] not found.
[WARNING STA-1656] /home/ubuntu/GitHub/sky130-trng/.loom/worktrees/issue-236/sim/digital-electrical-repair/requests/.klt/place-and-route/trng_digital_route.spef line 156663, pin startup_done152 not found.
[WARNING STA-1656] /home/ubuntu/GitHub/sky130-trng/.loom/worktrees/issue-236/sim/digital-electrical-repair/requests/.klt/place-and-route/trng_digital_route.spef line 158629, pin startup_done152 not found.
[WARNING STA-1656] /home/ubuntu/GitHub/sky130-trng/.loom/worktrees/issue-236/sim/digital-electrical-repair/requests/.klt/place-and-route/trng_digital_route.spef line 158650, pin startup_done152 not found.
[WARNING STA-1656] /home/ubuntu/GitHub/sky130-trng/.loom/worktrees/issue-236/sim/digital-electrical-repair/requests/.klt/place-and-route/trng_digital_route.spef line 158792, pin bus_rdata_r[17] not found.
[WARNING STA-1656] /home/ubuntu/GitHub/sky130-trng/.loom/worktrees/issue-236/sim/digital-electrical-repair/requests/.klt/place-and-route/trng_digital_route.spef line 158834, pin startup_done152 not found.
[WARNING STA-1656] /home/ubuntu/GitHub/sky130-trng/.loom/worktrees/issue-236/sim/digital-electrical-repair/requests/.klt/place-and-route/trng_digital_route.spef line 158899, pin bus_rdata_r[17] not found.
[WARNING STA-1656] /home/ubuntu/GitHub/sky130-trng/.loom/worktrees/issue-236/sim/digital-electrical-repair/requests/.klt/place-and-route/trng_digital_route.spef line 158952, pin startup_done152 not found.
[WARNING STA-1656] /home/ubuntu/GitHub/sky130-trng/.loom/worktrees/issue-236/sim/digital-electrical-repair/requests/.klt/place-and-route/trng_digital_route.spef line 160422, pin startup_done152 not found.
[WARNING STA-1656] /home/ubuntu/GitHub/sky130-trng/.loom/worktrees/issue-236/sim/digital-electrical-repair/requests/.klt/place-and-route/trng_digital_route.spef line 160631, pin startup_done152 not found.
[WARNING STA-1656] /home/ubuntu/GitHub/sky130-trng/.loom/worktrees/issue-236/sim/digital-electrical-repair/requests/.klt/place-and-route/trng_digital_route.spef line 160703, pin startup_done152 not found.
[WARNING STA-1656] /home/ubuntu/GitHub/sky130-trng/.loom/worktrees/issue-236/sim/digital-electrical-repair/requests/.klt/place-and-route/trng_digital_route.spef line 160727, pin startup_done152 not found.
[WARNING STA-1656] /home/ubuntu/GitHub/sky130-trng/.loom/worktrees/issue-236/sim/digital-electrical-repair/requests/.klt/place-and-route/trng_digital_route.spef line 160750, pin startup_done152 not found.
[WARNING STA-1656] /home/ubuntu/GitHub/sky130-trng/.loom/worktrees/issue-236/sim/digital-electrical-repair/requests/.klt/place-and-route/trng_digital_route.spef line 160769, pin startup_done152 not found.
[WARNING STA-1656] /home/ubuntu/GitHub/sky130-trng/.loom/worktrees/issue-236/sim/digital-electrical-repair/requests/.klt/place-and-route/trng_digital_route.spef line 160801, pin startup_done152 not found.
[WARNING STA-1656] /home/ubuntu/GitHub/sky130-trng/.loom/worktrees/issue-236/sim/digital-electrical-repair/requests/.klt/place-and-route/trng_digital_route.spef line 160833, pin startup_done152 not found.
[WARNING STA-1656] /home/ubuntu/GitHub/sky130-trng/.loom/worktrees/issue-236/sim/digital-electrical-repair/requests/.klt/place-and-route/trng_digital_route.spef line 160861, pin startup_done152 not found.
[WARNING STA-1656] /home/ubuntu/GitHub/sky130-trng/.loom/worktrees/issue-236/sim/digital-electrical-repair/requests/.klt/place-and-route/trng_digital_route.spef line 160887, pin startup_done152 not found.
[WARNING STA-1656] /home/ubuntu/GitHub/sky130-trng/.loom/worktrees/issue-236/sim/digital-electrical-repair/requests/.klt/place-and-route/trng_digital_route.spef line 160909, pin startup_done152 not found.
[WARNING STA-1656] /home/ubuntu/GitHub/sky130-trng/.loom/worktrees/issue-236/sim/digital-electrical-repair/requests/.klt/place-and-route/trng_digital_route.spef line 160931, pin startup_done152 not found.
[WARNING STA-1656] /home/ubuntu/GitHub/sky130-trng/.loom/worktrees/issue-236/sim/digital-electrical-repair/requests/.klt/place-and-route/trng_digital_route.spef line 160974, pin startup_done152 not found.
[WARNING STA-1656] /home/ubuntu/GitHub/sky130-trng/.loom/worktrees/issue-236/sim/digital-electrical-repair/requests/.klt/place-and-route/trng_digital_route.spef line 161005, pin startup_done152 not found.
[WARNING STA-1656] /home/ubuntu/GitHub/sky130-trng/.loom/worktrees/issue-236/sim/digital-electrical-repair/requests/.klt/place-and-route/trng_digital_route.spef line 161033, pin startup_done152 not found.
[WARNING STA-1656] /home/ubuntu/GitHub/sky130-trng/.loom/worktrees/issue-236/sim/digital-electrical-repair/requests/.klt/place-and-route/trng_digital_route.spef line 161053, pin startup_done152 not found.
[WARNING STA-1656] /home/ubuntu/GitHub/sky130-trng/.loom/worktrees/issue-236/sim/digital-electrical-repair/requests/.klt/place-and-route/trng_digital_route.spef line 161077, pin startup_done152 not found.
[WARNING STA-1656] /home/ubuntu/GitHub/sky130-trng/.loom/worktrees/issue-236/sim/digital-electrical-repair/requests/.klt/place-and-route/trng_digital_route.spef line 161099, pin startup_done152 not found.
[WARNING STA-1656] /home/ubuntu/GitHub/sky130-trng/.loom/worktrees/issue-236/sim/digital-electrical-repair/requests/.klt/place-and-route/trng_digital_route.spef line 161122, pin startup_done152 not found.
[WARNING STA-1656] /home/ubuntu/GitHub/sky130-trng/.loom/worktrees/issue-236/sim/digital-electrical-repair/requests/.klt/place-and-route/trng_digital_route.spef line 161167, pin startup_done152 not found.
[WARNING STA-1656] /home/ubuntu/GitHub/sky130-trng/.loom/worktrees/issue-236/sim/digital-electrical-repair/requests/.klt/place-and-route/trng_digital_route.spef line 161208, pin startup_done152 not found.
[WARNING STA-1656] /home/ubuntu/GitHub/sky130-trng/.loom/worktrees/issue-236/sim/digital-electrical-repair/requests/.klt/place-and-route/trng_digital_route.spef line 161274, pin startup_done152 not found.
[WARNING STA-1656] /home/ubuntu/GitHub/sky130-trng/.loom/worktrees/issue-236/sim/digital-electrical-repair/requests/.klt/place-and-route/trng_digital_route.spef line 161316, pin startup_done152 not found.
[WARNING STA-1656] /home/ubuntu/GitHub/sky130-trng/.loom/worktrees/issue-236/sim/digital-electrical-repair/requests/.klt/place-and-route/trng_digital_route.spef line 161352, pin startup_done152 not found.
[WARNING STA-1656] /home/ubuntu/GitHub/sky130-trng/.loom/worktrees/issue-236/sim/digital-electrical-repair/requests/.klt/place-and-route/trng_digital_route.spef line 161527, pin startup_done152 not found.
[WARNING STA-1656] /home/ubuntu/GitHub/sky130-trng/.loom/worktrees/issue-236/sim/digital-electrical-repair/requests/.klt/place-and-route/trng_digital_route.spef line 161565, pin startup_done152 not found.
[WARNING STA-1656] /home/ubuntu/GitHub/sky130-trng/.loom/worktrees/issue-236/sim/digital-electrical-repair/requests/.klt/place-and-route/trng_digital_route.spef line 161981, pin startup_done152 not found.
[WARNING STA-1656] /home/ubuntu/GitHub/sky130-trng/.loom/worktrees/issue-236/sim/digital-electrical-repair/requests/.klt/place-and-route/trng_digital_route.spef line 162005, pin bus_rdata_r[3] not found.
[WARNING STA-1656] /home/ubuntu/GitHub/sky130-trng/.loom/worktrees/issue-236/sim/digital-electrical-repair/requests/.klt/place-and-route/trng_digital_route.spef line 162048, pin bus_rdata_r[16] not found.
[WARNING STA-1656] /home/ubuntu/GitHub/sky130-trng/.loom/worktrees/issue-236/sim/digital-electrical-repair/requests/.klt/place-and-route/trng_digital_route.spef line 162049, pin bus_rdata_r[17] not found.
[WARNING STA-1656] /home/ubuntu/GitHub/sky130-trng/.loom/worktrees/issue-236/sim/digital-electrical-repair/requests/.klt/place-and-route/trng_digital_route.spef line 162050, pin bus_rdata_r[3] not found.
[WARNING STA-1656] /home/ubuntu/GitHub/sky130-trng/.loom/worktrees/issue-236/sim/digital-electrical-repair/requests/.klt/place-and-route/trng_digital_route.spef line 165232, pin bus_rdata_r[14] not found.
[WARNING STA-1656] /home/ubuntu/GitHub/sky130-trng/.loom/worktrees/issue-236/sim/digital-electrical-repair/requests/.klt/place-and-route/trng_digital_route.spef line 165233, pin bus_rdata_r[15] not found.
[WARNING STA-1656] /home/ubuntu/GitHub/sky130-trng/.loom/worktrees/issue-236/sim/digital-electrical-repair/requests/.klt/place-and-route/trng_digital_route.spef line 165234, pin bus_rdata_r[16] not found.
[WARNING STA-1656] /home/ubuntu/GitHub/sky130-trng/.loom/worktrees/issue-236/sim/digital-electrical-repair/requests/.klt/place-and-route/trng_digital_route.spef line 165235, pin bus_rdata_r[17] not found.
[WARNING STA-1656] /home/ubuntu/GitHub/sky130-trng/.loom/worktrees/issue-236/sim/digital-electrical-repair/requests/.klt/place-and-route/trng_digital_route.spef line 165236, pin bus_rdata_r[7] not found.
[WARNING STA-1656] /home/ubuntu/GitHub/sky130-trng/.loom/worktrees/issue-236/sim/digital-electrical-repair/requests/.klt/place-and-route/trng_digital_route.spef line 165302, pin startup_done152 not found.
[WARNING STA-1656] /home/ubuntu/GitHub/sky130-trng/.loom/worktrees/issue-236/sim/digital-electrical-repair/requests/.klt/place-and-route/trng_digital_route.spef line 165848, pin startup_done152 not found.
[WARNING STA-1656] /home/ubuntu/GitHub/sky130-trng/.loom/worktrees/issue-236/sim/digital-electrical-repair/requests/.klt/place-and-route/trng_digital_route.spef line 165923, pin bus_rdata_r[16] not found.
[WARNING STA-1656] /home/ubuntu/GitHub/sky130-trng/.loom/worktrees/issue-236/sim/digital-electrical-repair/requests/.klt/place-and-route/trng_digital_route.spef line 165924, pin bus_rdata_r[3] not found.
[WARNING STA-1656] /home/ubuntu/GitHub/sky130-trng/.loom/worktrees/issue-236/sim/digital-electrical-repair/requests/.klt/place-and-route/trng_digital_route.spef line 165925, pin bus_rdata_r[7] not found.
[WARNING STA-1656] /home/ubuntu/GitHub/sky130-trng/.loom/worktrees/issue-236/sim/digital-electrical-repair/requests/.klt/place-and-route/trng_digital_route.spef line 165994, pin bus_rdata_r[3] not found.
[WARNING STA-1656] /home/ubuntu/GitHub/sky130-trng/.loom/worktrees/issue-236/sim/digital-electrical-repair/requests/.klt/place-and-route/trng_digital_route.spef line 165995, pin bus_rdata_r[7] not found.
[WARNING STA-1656] /home/ubuntu/GitHub/sky130-trng/.loom/worktrees/issue-236/sim/digital-electrical-repair/requests/.klt/place-and-route/trng_digital_route.spef line 166127, pin bus_rdata_r[7] not found.
[WARNING STA-1656] /home/ubuntu/GitHub/sky130-trng/.loom/worktrees/issue-236/sim/digital-electrical-repair/requests/.klt/place-and-route/trng_digital_route.spef line 166249, pin startup_done152 not found.
[WARNING STA-1656] /home/ubuntu/GitHub/sky130-trng/.loom/worktrees/issue-236/sim/digital-electrical-repair/requests/.klt/place-and-route/trng_digital_route.spef line 166275, pin startup_done152 not found.
[WARNING STA-1656] /home/ubuntu/GitHub/sky130-trng/.loom/worktrees/issue-236/sim/digital-electrical-repair/requests/.klt/place-and-route/trng_digital_route.spef line 166296, pin startup_done152 not found.
[WARNING STA-1656] /home/ubuntu/GitHub/sky130-trng/.loom/worktrees/issue-236/sim/digital-electrical-repair/requests/.klt/place-and-route/trng_digital_route.spef line 166327, pin startup_done152 not found.
[WARNING STA-1656] /home/ubuntu/GitHub/sky130-trng/.loom/worktrees/issue-236/sim/digital-electrical-repair/requests/.klt/place-and-route/trng_digital_route.spef line 166395, pin bus_rdata_r[17] not found.
[WARNING STA-1656] /home/ubuntu/GitHub/sky130-trng/.loom/worktrees/issue-236/sim/digital-electrical-repair/requests/.klt/place-and-route/trng_digital_route.spef line 166447, pin startup_done152 not found.
[WARNING STA-1656] /home/ubuntu/GitHub/sky130-trng/.loom/worktrees/issue-236/sim/digital-electrical-repair/requests/.klt/place-and-route/trng_digital_route.spef line 166522, pin bus_rdata_r[15] not found.
[WARNING STA-1656] /home/ubuntu/GitHub/sky130-trng/.loom/worktrees/issue-236/sim/digital-electrical-repair/requests/.klt/place-and-route/trng_digital_route.spef line 166603, pin bus_rdata_r[16] not found.
[WARNING STA-1656] /home/ubuntu/GitHub/sky130-trng/.loom/worktrees/issue-236/sim/digital-electrical-repair/requests/.klt/place-and-route/trng_digital_route.spef line 166660, pin bus_rdata_r[17] not found.
[WARNING STA-1656] /home/ubuntu/GitHub/sky130-trng/.loom/worktrees/issue-236/sim/digital-electrical-repair/requests/.klt/place-and-route/trng_digital_route.spef line 166734, pin bus_rdata_r[17] not found.
[WARNING STA-1656] /home/ubuntu/GitHub/sky130-trng/.loom/worktrees/issue-236/sim/digital-electrical-repair/requests/.klt/place-and-route/trng_digital_route.spef line 166800, pin bus_rdata_r[16] not found.
[WARNING STA-1656] /home/ubuntu/GitHub/sky130-trng/.loom/worktrees/issue-236/sim/digital-electrical-repair/requests/.klt/place-and-route/trng_digital_route.spef line 166801, pin bus_rdata_r[3] not found.
[WARNING STA-1656] /home/ubuntu/GitHub/sky130-trng/.loom/worktrees/issue-236/sim/digital-electrical-repair/requests/.klt/place-and-route/trng_digital_route.spef line 166802, pin bus_rdata_r[7] not found.
[WARNING STA-1656] /home/ubuntu/GitHub/sky130-trng/.loom/worktrees/issue-236/sim/digital-electrical-repair/requests/.klt/place-and-route/trng_digital_route.spef line 166824, pin startup_done152 not found.
[WARNING STA-1656] /home/ubuntu/GitHub/sky130-trng/.loom/worktrees/issue-236/sim/digital-electrical-repair/requests/.klt/place-and-route/trng_digital_route.spef line 166903, pin bus_rdata_r[17] not found.
[WARNING STA-1656] /home/ubuntu/GitHub/sky130-trng/.loom/worktrees/issue-236/sim/digital-electrical-repair/requests/.klt/place-and-route/trng_digital_route.spef line 166923, pin startup_done152 not found.
[WARNING STA-1656] /home/ubuntu/GitHub/sky130-trng/.loom/worktrees/issue-236/sim/digital-electrical-repair/requests/.klt/place-and-route/trng_digital_route.spef line 166961, pin bus_rdata_r[5] not found.
[WARNING STA-1656] /home/ubuntu/GitHub/sky130-trng/.loom/worktrees/issue-236/sim/digital-electrical-repair/requests/.klt/place-and-route/trng_digital_route.spef line 167003, pin bus_rdata_r[3] not found.
[WARNING STA-1656] /home/ubuntu/GitHub/sky130-trng/.loom/worktrees/issue-236/sim/digital-electrical-repair/requests/.klt/place-and-route/trng_digital_route.spef line 167004, pin bus_rdata_r[7] not found.
[WARNING STA-1656] /home/ubuntu/GitHub/sky130-trng/.loom/worktrees/issue-236/sim/digital-electrical-repair/requests/.klt/place-and-route/trng_digital_route.spef line 167052, pin bus_rdata_r[16] not found.
[WARNING STA-1656] /home/ubuntu/GitHub/sky130-trng/.loom/worktrees/issue-236/sim/digital-electrical-repair/requests/.klt/place-and-route/trng_digital_route.spef line 167090, pin bus_rdata_r[16] not found.
[WARNING STA-1656] /home/ubuntu/GitHub/sky130-trng/.loom/worktrees/issue-236/sim/digital-electrical-repair/requests/.klt/place-and-route/trng_digital_route.spef line 167144, pin startup_done152 not found.
[WARNING STA-1656] /home/ubuntu/GitHub/sky130-trng/.loom/worktrees/issue-236/sim/digital-electrical-repair/requests/.klt/place-and-route/trng_digital_route.spef line 167189, pin startup_done152 not found.
[WARNING STA-1656] /home/ubuntu/GitHub/sky130-trng/.loom/worktrees/issue-236/sim/digital-electrical-repair/requests/.klt/place-and-route/trng_digital_route.spef line 167269, pin bus_rdata_r[15] not found.
[WARNING STA-1656] /home/ubuntu/GitHub/sky130-trng/.loom/worktrees/issue-236/sim/digital-electrical-repair/requests/.klt/place-and-route/trng_digital_route.spef line 167270, pin bus_rdata_r[16] not found.
[WARNING STA-1656] /home/ubuntu/GitHub/sky130-trng/.loom/worktrees/issue-236/sim/digital-electrical-repair/requests/.klt/place-and-route/trng_digital_route.spef line 167271, pin bus_rdata_r[3] not found.
[WARNING STA-1656] /home/ubuntu/GitHub/sky130-trng/.loom/worktrees/issue-236/sim/digital-electrical-repair/requests/.klt/place-and-route/trng_digital_route.spef line 167272, pin bus_rdata_r[4] not found.
[WARNING STA-1656] /home/ubuntu/GitHub/sky130-trng/.loom/worktrees/issue-236/sim/digital-electrical-repair/requests/.klt/place-and-route/trng_digital_route.spef line 167273, pin bus_rdata_r[7] not found.
[WARNING STA-1656] /home/ubuntu/GitHub/sky130-trng/.loom/worktrees/issue-236/sim/digital-electrical-repair/requests/.klt/place-and-route/trng_digital_route.spef line 167340, pin startup_done152 not found.
[WARNING STA-1656] /home/ubuntu/GitHub/sky130-trng/.loom/worktrees/issue-236/sim/digital-electrical-repair/requests/.klt/place-and-route/trng_digital_route.spef line 167395, pin bus_rdata_r[16] not found.
[WARNING STA-1656] /home/ubuntu/GitHub/sky130-trng/.loom/worktrees/issue-236/sim/digital-electrical-repair/requests/.klt/place-and-route/trng_digital_route.spef line 167396, pin bus_rdata_r[17] not found.
[WARNING STA-1656] /home/ubuntu/GitHub/sky130-trng/.loom/worktrees/issue-236/sim/digital-electrical-repair/requests/.klt/place-and-route/trng_digital_route.spef line 167411, pin startup_done152 not found.
[WARNING STA-1656] /home/ubuntu/GitHub/sky130-trng/.loom/worktrees/issue-236/sim/digital-electrical-repair/requests/.klt/place-and-route/trng_digital_route.spef line 167449, pin startup_done152 not found.
[WARNING STA-1656] /home/ubuntu/GitHub/sky130-trng/.loom/worktrees/issue-236/sim/digital-electrical-repair/requests/.klt/place-and-route/trng_digital_route.spef line 167471, pin bus_rdata_r[16] not found.
[WARNING STA-1656] /home/ubuntu/GitHub/sky130-trng/.loom/worktrees/issue-236/sim/digital-electrical-repair/requests/.klt/place-and-route/trng_digital_route.spef line 167476, pin startup_done152 not found.
[WARNING STA-1656] /home/ubuntu/GitHub/sky130-trng/.loom/worktrees/issue-236/sim/digital-electrical-repair/requests/.klt/place-and-route/trng_digital_route.spef line 167505, pin startup_done152 not found.
[WARNING STA-1656] /home/ubuntu/GitHub/sky130-trng/.loom/worktrees/issue-236/sim/digital-electrical-repair/requests/.klt/place-and-route/trng_digital_route.spef line 167543, pin startup_done152 not found.
[WARNING STA-1656] /home/ubuntu/GitHub/sky130-trng/.loom/worktrees/issue-236/sim/digital-electrical-repair/requests/.klt/place-and-route/trng_digital_route.spef line 167653, pin bus_rdata_r[14] not found.
[WARNING STA-1656] /home/ubuntu/GitHub/sky130-trng/.loom/worktrees/issue-236/sim/digital-electrical-repair/requests/.klt/place-and-route/trng_digital_route.spef line 167654, pin bus_rdata_r[15] not found.
[WARNING STA-1656] /home/ubuntu/GitHub/sky130-trng/.loom/worktrees/issue-236/sim/digital-electrical-repair/requests/.klt/place-and-route/trng_digital_route.spef line 167728, pin bus_rdata_r[14] not found.
[WARNING STA-1656] /home/ubuntu/GitHub/sky130-trng/.loom/worktrees/issue-236/sim/digital-electrical-repair/requests/.klt/place-and-route/trng_digital_route.spef line 167729, pin bus_rdata_r[15] not found.
[WARNING STA-1656] /home/ubuntu/GitHub/sky130-trng/.loom/worktrees/issue-236/sim/digital-electrical-repair/requests/.klt/place-and-route/trng_digital_route.spef line 167730, pin bus_rdata_r[1] not found.
[WARNING STA-1656] /home/ubuntu/GitHub/sky130-trng/.loom/worktrees/issue-236/sim/digital-electrical-repair/requests/.klt/place-and-route/trng_digital_route.spef line 167731, pin bus_rdata_r[21] not found.
[WARNING STA-1656] /home/ubuntu/GitHub/sky130-trng/.loom/worktrees/issue-236/sim/digital-electrical-repair/requests/.klt/place-and-route/trng_digital_route.spef line 167732, pin bus_rdata_r[4] not found.
[WARNING STA-1656] /home/ubuntu/GitHub/sky130-trng/.loom/worktrees/issue-236/sim/digital-electrical-repair/requests/.klt/place-and-route/trng_digital_route.spef line 167873, pin bus_rdata_r[14] not found.
[WARNING STA-1656] /home/ubuntu/GitHub/sky130-trng/.loom/worktrees/issue-236/sim/digital-electrical-repair/requests/.klt/place-and-route/trng_digital_route.spef line 167874, pin bus_rdata_r[1] not found.
[WARNING STA-1656] /home/ubuntu/GitHub/sky130-trng/.loom/worktrees/issue-236/sim/digital-electrical-repair/requests/.klt/place-and-route/trng_digital_route.spef line 167949, pin bus_rdata_r[17] not found.
[WARNING STA-1656] /home/ubuntu/GitHub/sky130-trng/.loom/worktrees/issue-236/sim/digital-electrical-repair/requests/.klt/place-and-route/trng_digital_route.spef line 168028, pin bus_rdata_r[14] not found.
[WARNING STA-1656] /home/ubuntu/GitHub/sky130-trng/.loom/worktrees/issue-236/sim/digital-electrical-repair/requests/.klt/place-and-route/trng_digital_route.spef line 168029, pin bus_rdata_r[15] not found.
[WARNING STA-1656] /home/ubuntu/GitHub/sky130-trng/.loom/worktrees/issue-236/sim/digital-electrical-repair/requests/.klt/place-and-route/trng_digital_route.spef line 168088, pin bus_rdata_r[1] not found.
[WARNING STA-1656] /home/ubuntu/GitHub/sky130-trng/.loom/worktrees/issue-236/sim/digital-electrical-repair/requests/.klt/place-and-route/trng_digital_route.spef line 168183, pin bus_rdata_r[16] not found.
[WARNING STA-1656] /home/ubuntu/GitHub/sky130-trng/.loom/worktrees/issue-236/sim/digital-electrical-repair/requests/.klt/place-and-route/trng_digital_route.spef line 168184, pin bus_rdata_r[3] not found.
[WARNING STA-1656] /home/ubuntu/GitHub/sky130-trng/.loom/worktrees/issue-236/sim/digital-electrical-repair/requests/.klt/place-and-route/trng_digital_route.spef line 168185, pin bus_rdata_r[7] not found.
[WARNING STA-1656] /home/ubuntu/GitHub/sky130-trng/.loom/worktrees/issue-236/sim/digital-electrical-repair/requests/.klt/place-and-route/trng_digital_route.spef line 168275, pin bus_rdata_r[14] not found.
[WARNING STA-1656] /home/ubuntu/GitHub/sky130-trng/.loom/worktrees/issue-236/sim/digital-electrical-repair/requests/.klt/place-and-route/trng_digital_route.spef line 168276, pin bus_rdata_r[1] not found.
[WARNING STA-1656] /home/ubuntu/GitHub/sky130-trng/.loom/worktrees/issue-236/sim/digital-electrical-repair/requests/.klt/place-and-route/trng_digital_route.spef line 168332, pin bus_rdata_r[14] not found.
[WARNING STA-1656] /home/ubuntu/GitHub/sky130-trng/.loom/worktrees/issue-236/sim/digital-electrical-repair/requests/.klt/place-and-route/trng_digital_route.spef line 168333, pin bus_rdata_r[15] not found.
[WARNING STA-1656] /home/ubuntu/GitHub/sky130-trng/.loom/worktrees/issue-236/sim/digital-electrical-repair/requests/.klt/place-and-route/trng_digital_route.spef line 168364, pin bus_rdata_r[14] not found.
[WARNING STA-1656] /home/ubuntu/GitHub/sky130-trng/.loom/worktrees/issue-236/sim/digital-electrical-repair/requests/.klt/place-and-route/trng_digital_route.spef line 168365, pin bus_rdata_r[15] not found.
[WARNING STA-1656] /home/ubuntu/GitHub/sky130-trng/.loom/worktrees/issue-236/sim/digital-electrical-repair/requests/.klt/place-and-route/trng_digital_route.spef line 168413, pin bus_rdata_r[14] not found.
[WARNING STA-1656] /home/ubuntu/GitHub/sky130-trng/.loom/worktrees/issue-236/sim/digital-electrical-repair/requests/.klt/place-and-route/trng_digital_route.spef line 168414, pin bus_rdata_r[15] not found.
[WARNING STA-1656] /home/ubuntu/GitHub/sky130-trng/.loom/worktrees/issue-236/sim/digital-electrical-repair/requests/.klt/place-and-route/trng_digital_route.spef line 168444, pin bus_rdata_r[14] not found.
[WARNING STA-1656] /home/ubuntu/GitHub/sky130-trng/.loom/worktrees/issue-236/sim/digital-electrical-repair/requests/.klt/place-and-route/trng_digital_route.spef line 168445, pin bus_rdata_r[15] not found.
[WARNING STA-1656] /home/ubuntu/GitHub/sky130-trng/.loom/worktrees/issue-236/sim/digital-electrical-repair/requests/.klt/place-and-route/trng_digital_route.spef line 168471, pin bus_rdata_r[14] not found.
[WARNING STA-1656] /home/ubuntu/GitHub/sky130-trng/.loom/worktrees/issue-236/sim/digital-electrical-repair/requests/.klt/place-and-route/trng_digital_route.spef line 168472, pin bus_rdata_r[15] not found.
[WARNING STA-1656] /home/ubuntu/GitHub/sky130-trng/.loom/worktrees/issue-236/sim/digital-electrical-repair/requests/.klt/place-and-route/trng_digital_route.spef line 168498, pin bus_rdata_r[15] not found.
[WARNING STA-1656] /home/ubuntu/GitHub/sky130-trng/.loom/worktrees/issue-236/sim/digital-electrical-repair/requests/.klt/place-and-route/trng_digital_route.spef line 168530, pin bus_rdata_r[14] not found.
[WARNING STA-1656] /home/ubuntu/GitHub/sky130-trng/.loom/worktrees/issue-236/sim/digital-electrical-repair/requests/.klt/place-and-route/trng_digital_route.spef line 168654, pin bus_rdata_r[16] not found.
[WARNING STA-1656] /home/ubuntu/GitHub/sky130-trng/.loom/worktrees/issue-236/sim/digital-electrical-repair/requests/.klt/place-and-route/trng_digital_route.spef line 168782, pin bus_rdata_r[16] not found.
[WARNING STA-1656] /home/ubuntu/GitHub/sky130-trng/.loom/worktrees/issue-236/sim/digital-electrical-repair/requests/.klt/place-and-route/trng_digital_route.spef line 168787, pin startup_done152 not found.
[WARNING STA-1656] /home/ubuntu/GitHub/sky130-trng/.loom/worktrees/issue-236/sim/digital-electrical-repair/requests/.klt/place-and-route/trng_digital_route.spef line 168832, pin bus_rdata_r[16] not found.
[WARNING STA-1656] /home/ubuntu/GitHub/sky130-trng/.loom/worktrees/issue-236/sim/digital-electrical-repair/requests/.klt/place-and-route/trng_digital_route.spef line 168876, pin startup_done152 not found.
[WARNING STA-1656] /home/ubuntu/GitHub/sky130-trng/.loom/worktrees/issue-236/sim/digital-electrical-repair/requests/.klt/place-and-route/trng_digital_route.spef line 168901, pin bus_rdata_r[17] not found.
[WARNING STA-1656] /home/ubuntu/GitHub/sky130-trng/.loom/worktrees/issue-236/sim/digital-electrical-repair/requests/.klt/place-and-route/trng_digital_route.spef line 168993, pin bus_rdata_r[10] not found.
[WARNING STA-1656] /home/ubuntu/GitHub/sky130-trng/.loom/worktrees/issue-236/sim/digital-electrical-repair/requests/.klt/place-and-route/trng_digital_route.spef line 168994, pin bus_rdata_r[12] not found.
[WARNING STA-1656] /home/ubuntu/GitHub/sky130-trng/.loom/worktrees/issue-236/sim/digital-electrical-repair/requests/.klt/place-and-route/trng_digital_route.spef line 168995, pin bus_rdata_r[13] not found.
[WARNING STA-1656] /home/ubuntu/GitHub/sky130-trng/.loom/worktrees/issue-236/sim/digital-electrical-repair/requests/.klt/place-and-route/trng_digital_route.spef line 168996, pin bus_rdata_r[14] not found.
[WARNING STA-1656] /home/ubuntu/GitHub/sky130-trng/.loom/worktrees/issue-236/sim/digital-electrical-repair/requests/.klt/place-and-route/trng_digital_route.spef line 168997, pin bus_rdata_r[15] not found.
[WARNING STA-1656] /home/ubuntu/GitHub/sky130-trng/.loom/worktrees/issue-236/sim/digital-electrical-repair/requests/.klt/place-and-route/trng_digital_route.spef line 168998, pin bus_rdata_r[1] not found.
[WARNING STA-1656] /home/ubuntu/GitHub/sky130-trng/.loom/worktrees/issue-236/sim/digital-electrical-repair/requests/.klt/place-and-route/trng_digital_route.spef line 168999, pin bus_rdata_r[20] not found.
[WARNING STA-1656] /home/ubuntu/GitHub/sky130-trng/.loom/worktrees/issue-236/sim/digital-electrical-repair/requests/.klt/place-and-route/trng_digital_route.spef line 169000, pin bus_rdata_r[21] not found.
[WARNING STA-1656] /home/ubuntu/GitHub/sky130-trng/.loom/worktrees/issue-236/sim/digital-electrical-repair/requests/.klt/place-and-route/trng_digital_route.spef line 169001, pin bus_rdata_r[22] not found.
[WARNING STA-1656] /home/ubuntu/GitHub/sky130-trng/.loom/worktrees/issue-236/sim/digital-electrical-repair/requests/.klt/place-and-route/trng_digital_route.spef line 169002, pin bus_rdata_r[23] not found.
[WARNING STA-1656] /home/ubuntu/GitHub/sky130-trng/.loom/worktrees/issue-236/sim/digital-electrical-repair/requests/.klt/place-and-route/trng_digital_route.spef line 169003, pin bus_rdata_r[27] not found.
[WARNING STA-1656] /home/ubuntu/GitHub/sky130-trng/.loom/worktrees/issue-236/sim/digital-electrical-repair/requests/.klt/place-and-route/trng_digital_route.spef line 169004, pin bus_rdata_r[3] not found.
[WARNING STA-1656] /home/ubuntu/GitHub/sky130-trng/.loom/worktrees/issue-236/sim/digital-electrical-repair/requests/.klt/place-and-route/trng_digital_route.spef line 169005, pin bus_rdata_r[4] not found.
[WARNING STA-1656] /home/ubuntu/GitHub/sky130-trng/.loom/worktrees/issue-236/sim/digital-electrical-repair/requests/.klt/place-and-route/trng_digital_route.spef line 169006, pin bus_rdata_r[7] not found.
[WARNING STA-1656] /home/ubuntu/GitHub/sky130-trng/.loom/worktrees/issue-236/sim/digital-electrical-repair/requests/.klt/place-and-route/trng_digital_route.spef line 169007, pin bus_rdata_r[8] not found.
[WARNING STA-1656] /home/ubuntu/GitHub/sky130-trng/.loom/worktrees/issue-236/sim/digital-electrical-repair/requests/.klt/place-and-route/trng_digital_route.spef line 169008, pin bus_rdata_r[9] not found.
[WARNING STA-1656] /home/ubuntu/GitHub/sky130-trng/.loom/worktrees/issue-236/sim/digital-electrical-repair/requests/.klt/place-and-route/trng_digital_route.spef line 169078, pin bus_rdata_r[16] not found.
[WARNING STA-1656] /home/ubuntu/GitHub/sky130-trng/.loom/worktrees/issue-236/sim/digital-electrical-repair/requests/.klt/place-and-route/trng_digital_route.spef line 169079, pin bus_rdata_r[17] not found.
[WARNING STA-1656] /home/ubuntu/GitHub/sky130-trng/.loom/worktrees/issue-236/sim/digital-electrical-repair/requests/.klt/place-and-route/trng_digital_route.spef line 169080, pin bus_rdata_r[25] not found.
[WARNING STA-1656] /home/ubuntu/GitHub/sky130-trng/.loom/worktrees/issue-236/sim/digital-electrical-repair/requests/.klt/place-and-route/trng_digital_route.spef line 169081, pin bus_rdata_r[2] not found.
[WARNING STA-1656] /home/ubuntu/GitHub/sky130-trng/.loom/worktrees/issue-236/sim/digital-electrical-repair/requests/.klt/place-and-route/trng_digital_route.spef line 169082, pin bus_rdata_r[6] not found.
[WARNING STA-1656] /home/ubuntu/GitHub/sky130-trng/.loom/worktrees/issue-236/sim/digital-electrical-repair/requests/.klt/place-and-route/trng_digital_route.spef line 169098, pin startup_done152 not found.
[WARNING STA-1656] /home/ubuntu/GitHub/sky130-trng/.loom/worktrees/issue-236/sim/digital-electrical-repair/requests/.klt/place-and-route/trng_digital_route.spef line 169124, pin bus_rdata_r[17] not found.
[WARNING STA-1656] /home/ubuntu/GitHub/sky130-trng/.loom/worktrees/issue-236/sim/digital-electrical-repair/requests/.klt/place-and-route/trng_digital_route.spef line 169129, pin startup_done152 not found.
[WARNING STA-1656] /home/ubuntu/GitHub/sky130-trng/.loom/worktrees/issue-236/sim/digital-electrical-repair/requests/.klt/place-and-route/trng_digital_route.spef line 169170, pin bus_rdata_r[17] not found.
[WARNING STA-1656] /home/ubuntu/GitHub/sky130-trng/.loom/worktrees/issue-236/sim/digital-electrical-repair/requests/.klt/place-and-route/trng_digital_route.spef line 169171, pin bus_rdata_r[1] not found.
[WARNING STA-1656] /home/ubuntu/GitHub/sky130-trng/.loom/worktrees/issue-236/sim/digital-electrical-repair/requests/.klt/place-and-route/trng_digital_route.spef line 169218, pin startup_done152 not found.
[WARNING STA-1656] /home/ubuntu/GitHub/sky130-trng/.loom/worktrees/issue-236/sim/digital-electrical-repair/requests/.klt/place-and-route/trng_digital_route.spef line 169240, pin bus_rdata_r[17] not found.
[WARNING STA-1656] /home/ubuntu/GitHub/sky130-trng/.loom/worktrees/issue-236/sim/digital-electrical-repair/requests/.klt/place-and-route/trng_digital_route.spef line 169347, pin bus_rdata_r[12] not found.
[WARNING STA-1656] /home/ubuntu/GitHub/sky130-trng/.loom/worktrees/issue-236/sim/digital-electrical-repair/requests/.klt/place-and-route/trng_digital_route.spef line 169348, pin bus_rdata_r[13] not found.
[WARNING STA-1656] /home/ubuntu/GitHub/sky130-trng/.loom/worktrees/issue-236/sim/digital-electrical-repair/requests/.klt/place-and-route/trng_digital_route.spef line 169349, pin bus_rdata_r[14] not found.
[WARNING STA-1656] /home/ubuntu/GitHub/sky130-trng/.loom/worktrees/issue-236/sim/digital-electrical-repair/requests/.klt/place-and-route/trng_digital_route.spef line 169350, pin bus_rdata_r[15] not found.
[WARNING STA-1656] /home/ubuntu/GitHub/sky130-trng/.loom/worktrees/issue-236/sim/digital-electrical-repair/requests/.klt/place-and-route/trng_digital_route.spef line 169351, pin bus_rdata_r[1] not found.
[WARNING STA-1656] /home/ubuntu/GitHub/sky130-trng/.loom/worktrees/issue-236/sim/digital-electrical-repair/requests/.klt/place-and-route/trng_digital_route.spef line 169352, pin bus_rdata_r[4] not found.
[WARNING STA-1656] /home/ubuntu/GitHub/sky130-trng/.loom/worktrees/issue-236/sim/digital-electrical-repair/requests/.klt/place-and-route/trng_digital_route.spef line 169353, pin bus_rdata_r[9] not found.
[WARNING STA-1656] /home/ubuntu/GitHub/sky130-trng/.loom/worktrees/issue-236/sim/digital-electrical-repair/requests/.klt/place-and-route/trng_digital_route.spef line 169407, pin startup_done152 not found.
[WARNING STA-1656] /home/ubuntu/GitHub/sky130-trng/.loom/worktrees/issue-236/sim/digital-electrical-repair/requests/.klt/place-and-route/trng_digital_route.spef line 169484, pin startup_done152 not found.
[WARNING STA-1656] /home/ubuntu/GitHub/sky130-trng/.loom/worktrees/issue-236/sim/digital-electrical-repair/requests/.klt/place-and-route/trng_digital_route.spef line 169532, pin bus_rdata_r[16] not found.
[WARNING STA-1656] /home/ubuntu/GitHub/sky130-trng/.loom/worktrees/issue-236/sim/digital-electrical-repair/requests/.klt/place-and-route/trng_digital_route.spef line 169533, pin bus_rdata_r[3] not found.
[WARNING STA-1656] /home/ubuntu/GitHub/sky130-trng/.loom/worktrees/issue-236/sim/digital-electrical-repair/requests/.klt/place-and-route/trng_digital_route.spef line 169534, pin bus_rdata_r[7] not found.
[WARNING STA-1656] /home/ubuntu/GitHub/sky130-trng/.loom/worktrees/issue-236/sim/digital-electrical-repair/requests/.klt/place-and-route/trng_digital_route.spef line 169552, pin startup_done152 not found.
[WARNING STA-1656] /home/ubuntu/GitHub/sky130-trng/.loom/worktrees/issue-236/sim/digital-electrical-repair/requests/.klt/place-and-route/trng_digital_route.spef line 169575, pin bus_rdata_r[17] not found.
[WARNING STA-1656] /home/ubuntu/GitHub/sky130-trng/.loom/worktrees/issue-236/sim/digital-electrical-repair/requests/.klt/place-and-route/trng_digital_route.spef line 169600, pin bus_rdata_r[17] not found.
[WARNING STA-1656] /home/ubuntu/GitHub/sky130-trng/.loom/worktrees/issue-236/sim/digital-electrical-repair/requests/.klt/place-and-route/trng_digital_route.spef line 169611, pin startup_done152 not found.
[WARNING STA-1656] /home/ubuntu/GitHub/sky130-trng/.loom/worktrees/issue-236/sim/digital-electrical-repair/requests/.klt/place-and-route/trng_digital_route.spef line 169636, pin bus_rdata_r[2] not found.
[WARNING STA-1656] /home/ubuntu/GitHub/sky130-trng/.loom/worktrees/issue-236/sim/digital-electrical-repair/requests/.klt/place-and-route/trng_digital_route.spef line 169665, pin bus_rdata_r[16] not found.
[WARNING STA-1656] /home/ubuntu/GitHub/sky130-trng/.loom/worktrees/issue-236/sim/digital-electrical-repair/requests/.klt/place-and-route/trng_digital_route.spef line 169666, pin bus_rdata_r[25] not found.
[WARNING STA-1656] /home/ubuntu/GitHub/sky130-trng/.loom/worktrees/issue-236/sim/digital-electrical-repair/requests/.klt/place-and-route/trng_digital_route.spef line 169667, pin bus_rdata_r[6] not found.
[WARNING STA-1656] /home/ubuntu/GitHub/sky130-trng/.loom/worktrees/issue-236/sim/digital-electrical-repair/requests/.klt/place-and-route/trng_digital_route.spef line 169697, pin bus_rdata_r[2] not found.
[WARNING STA-1656] /home/ubuntu/GitHub/sky130-trng/.loom/worktrees/issue-236/sim/digital-electrical-repair/requests/.klt/place-and-route/trng_digital_route.spef line 169721, pin bus_rdata_r[17] not found.
[WARNING STA-1656] /home/ubuntu/GitHub/sky130-trng/.loom/worktrees/issue-236/sim/digital-electrical-repair/requests/.klt/place-and-route/trng_digital_route.spef line 169801, pin bus_rdata_r[0] not found.
[WARNING STA-1656] /home/ubuntu/GitHub/sky130-trng/.loom/worktrees/issue-236/sim/digital-electrical-repair/requests/.klt/place-and-route/trng_digital_route.spef line 169802, pin bus_rdata_r[10] not found.
[WARNING STA-1656] /home/ubuntu/GitHub/sky130-trng/.loom/worktrees/issue-236/sim/digital-electrical-repair/requests/.klt/place-and-route/trng_digital_route.spef line 169803, pin bus_rdata_r[11] not found.
[WARNING STA-1656] /home/ubuntu/GitHub/sky130-trng/.loom/worktrees/issue-236/sim/digital-electrical-repair/requests/.klt/place-and-route/trng_digital_route.spef line 169804, pin bus_rdata_r[12] not found.
[WARNING STA-1656] /home/ubuntu/GitHub/sky130-trng/.loom/worktrees/issue-236/sim/digital-electrical-repair/requests/.klt/place-and-route/trng_digital_route.spef line 169805, pin bus_rdata_r[13] not found.
[WARNING STA-1656] /home/ubuntu/GitHub/sky130-trng/.loom/worktrees/issue-236/sim/digital-electrical-repair/requests/.klt/place-and-route/trng_digital_route.spef line 169806, pin bus_rdata_r[14] not found.
[WARNING STA-1656] /home/ubuntu/GitHub/sky130-trng/.loom/worktrees/issue-236/sim/digital-electrical-repair/requests/.klt/place-and-route/trng_digital_route.spef line 169807, pin bus_rdata_r[15] not found.
[WARNING STA-1656] /home/ubuntu/GitHub/sky130-trng/.loom/worktrees/issue-236/sim/digital-electrical-repair/requests/.klt/place-and-route/trng_digital_route.spef line 169808, pin bus_rdata_r[16] not found.
[WARNING STA-1656] /home/ubuntu/GitHub/sky130-trng/.loom/worktrees/issue-236/sim/digital-electrical-repair/requests/.klt/place-and-route/trng_digital_route.spef line 169809, pin bus_rdata_r[17] not found.
[WARNING STA-1656] /home/ubuntu/GitHub/sky130-trng/.loom/worktrees/issue-236/sim/digital-electrical-repair/requests/.klt/place-and-route/trng_digital_route.spef line 169810, pin bus_rdata_r[18] not found.
[WARNING STA-1656] /home/ubuntu/GitHub/sky130-trng/.loom/worktrees/issue-236/sim/digital-electrical-repair/requests/.klt/place-and-route/trng_digital_route.spef line 169811, pin bus_rdata_r[19] not found.
[WARNING STA-1656] /home/ubuntu/GitHub/sky130-trng/.loom/worktrees/issue-236/sim/digital-electrical-repair/requests/.klt/place-and-route/trng_digital_route.spef line 169812, pin bus_rdata_r[1] not found.
[WARNING STA-1656] /home/ubuntu/GitHub/sky130-trng/.loom/worktrees/issue-236/sim/digital-electrical-repair/requests/.klt/place-and-route/trng_digital_route.spef line 169813, pin bus_rdata_r[20] not found.
[WARNING STA-1656] /home/ubuntu/GitHub/sky130-trng/.loom/worktrees/issue-236/sim/digital-electrical-repair/requests/.klt/place-and-route/trng_digital_route.spef line 169814, pin bus_rdata_r[21] not found.
[WARNING STA-1656] /home/ubuntu/GitHub/sky130-trng/.loom/worktrees/issue-236/sim/digital-electrical-repair/requests/.klt/place-and-route/trng_digital_route.spef line 169815, pin bus_rdata_r[22] not found.
[WARNING STA-1656] /home/ubuntu/GitHub/sky130-trng/.loom/worktrees/issue-236/sim/digital-electrical-repair/requests/.klt/place-and-route/trng_digital_route.spef line 169816, pin bus_rdata_r[23] not found.
[WARNING STA-1656] /home/ubuntu/GitHub/sky130-trng/.loom/worktrees/issue-236/sim/digital-electrical-repair/requests/.klt/place-and-route/trng_digital_route.spef line 169817, pin bus_rdata_r[24] not found.
[WARNING STA-1656] /home/ubuntu/GitHub/sky130-trng/.loom/worktrees/issue-236/sim/digital-electrical-repair/requests/.klt/place-and-route/trng_digital_route.spef line 169818, pin bus_rdata_r[25] not found.
[WARNING STA-1656] /home/ubuntu/GitHub/sky130-trng/.loom/worktrees/issue-236/sim/digital-electrical-repair/requests/.klt/place-and-route/trng_digital_route.spef line 169819, pin bus_rdata_r[26] not found.
[WARNING STA-1656] /home/ubuntu/GitHub/sky130-trng/.loom/worktrees/issue-236/sim/digital-electrical-repair/requests/.klt/place-and-route/trng_digital_route.spef line 169820, pin bus_rdata_r[27] not found.
[WARNING STA-1656] /home/ubuntu/GitHub/sky130-trng/.loom/worktrees/issue-236/sim/digital-electrical-repair/requests/.klt/place-and-route/trng_digital_route.spef line 169821, pin bus_rdata_r[28] not found.
[WARNING STA-1656] /home/ubuntu/GitHub/sky130-trng/.loom/worktrees/issue-236/sim/digital-electrical-repair/requests/.klt/place-and-route/trng_digital_route.spef line 169822, pin bus_rdata_r[2] not found.
[WARNING STA-1656] /home/ubuntu/GitHub/sky130-trng/.loom/worktrees/issue-236/sim/digital-electrical-repair/requests/.klt/place-and-route/trng_digital_route.spef line 169823, pin bus_rdata_r[30] not found.
[WARNING STA-1656] /home/ubuntu/GitHub/sky130-trng/.loom/worktrees/issue-236/sim/digital-electrical-repair/requests/.klt/place-and-route/trng_digital_route.spef line 169824, pin bus_rdata_r[3] not found.
[WARNING STA-1656] /home/ubuntu/GitHub/sky130-trng/.loom/worktrees/issue-236/sim/digital-electrical-repair/requests/.klt/place-and-route/trng_digital_route.spef line 169825, pin bus_rdata_r[4] not found.
[WARNING STA-1656] /home/ubuntu/GitHub/sky130-trng/.loom/worktrees/issue-236/sim/digital-electrical-repair/requests/.klt/place-and-route/trng_digital_route.spef line 169826, pin bus_rdata_r[6] not found.
[WARNING STA-1656] /home/ubuntu/GitHub/sky130-trng/.loom/worktrees/issue-236/sim/digital-electrical-repair/requests/.klt/place-and-route/trng_digital_route.spef line 169827, pin bus_rdata_r[7] not found.
[WARNING STA-1656] /home/ubuntu/GitHub/sky130-trng/.loom/worktrees/issue-236/sim/digital-electrical-repair/requests/.klt/place-and-route/trng_digital_route.spef line 169828, pin bus_rdata_r[8] not found.
[WARNING STA-1656] /home/ubuntu/GitHub/sky130-trng/.loom/worktrees/issue-236/sim/digital-electrical-repair/requests/.klt/place-and-route/trng_digital_route.spef line 169829, pin bus_rdata_r[9] not found.
[WARNING STA-1656] /home/ubuntu/GitHub/sky130-trng/.loom/worktrees/issue-236/sim/digital-electrical-repair/requests/.klt/place-and-route/trng_digital_route.spef line 169853, pin startup_done152 not found.
[WARNING STA-1656] /home/ubuntu/GitHub/sky130-trng/.loom/worktrees/issue-236/sim/digital-electrical-repair/requests/.klt/place-and-route/trng_digital_route.spef line 169932, pin startup_done152 not found.
[WARNING STA-1656] /home/ubuntu/GitHub/sky130-trng/.loom/worktrees/issue-236/sim/digital-electrical-repair/requests/.klt/place-and-route/trng_digital_route.spef line 169991, pin startup_done152 not found.
[WARNING STA-1656] /home/ubuntu/GitHub/sky130-trng/.loom/worktrees/issue-236/sim/digital-electrical-repair/requests/.klt/place-and-route/trng_digital_route.spef line 170044, pin startup_done152 not found.
[WARNING STA-1656] /home/ubuntu/GitHub/sky130-trng/.loom/worktrees/issue-236/sim/digital-electrical-repair/requests/.klt/place-and-route/trng_digital_route.spef line 170352, pin startup_done152 not found.
[WARNING STA-1656] /home/ubuntu/GitHub/sky130-trng/.loom/worktrees/issue-236/sim/digital-electrical-repair/requests/.klt/place-and-route/trng_digital_route.spef line 170402, pin startup_done152 not found.
[WARNING STA-1656] /home/ubuntu/GitHub/sky130-trng/.loom/worktrees/issue-236/sim/digital-electrical-repair/requests/.klt/place-and-route/trng_digital_route.spef line 170427, pin bus_rdata_r[17] not found.
[WARNING STA-1656] /home/ubuntu/GitHub/sky130-trng/.loom/worktrees/issue-236/sim/digital-electrical-repair/requests/.klt/place-and-route/trng_digital_route.spef line 170428, pin bus_rdata_r[30] not found.
[WARNING STA-1656] /home/ubuntu/GitHub/sky130-trng/.loom/worktrees/issue-236/sim/digital-electrical-repair/requests/.klt/place-and-route/trng_digital_route.spef line 170429, pin bus_rdata_r[6] not found.
[WARNING STA-1656] /home/ubuntu/GitHub/sky130-trng/.loom/worktrees/issue-236/sim/digital-electrical-repair/requests/.klt/place-and-route/trng_digital_route.spef line 170456, pin bus_rdata_r[17] not found.
[WARNING STA-1656] /home/ubuntu/GitHub/sky130-trng/.loom/worktrees/issue-236/sim/digital-electrical-repair/requests/.klt/place-and-route/trng_digital_route.spef line 170457, pin bus_rdata_r[25] not found.
[WARNING STA-1656] /home/ubuntu/GitHub/sky130-trng/.loom/worktrees/issue-236/sim/digital-electrical-repair/requests/.klt/place-and-route/trng_digital_route.spef line 170458, pin bus_rdata_r[30] not found.
[WARNING STA-1656] /home/ubuntu/GitHub/sky130-trng/.loom/worktrees/issue-236/sim/digital-electrical-repair/requests/.klt/place-and-route/trng_digital_route.spef line 170459, pin bus_rdata_r[6] not found.
[WARNING STA-1656] /home/ubuntu/GitHub/sky130-trng/.loom/worktrees/issue-236/sim/digital-electrical-repair/requests/.klt/place-and-route/trng_digital_route.spef line 170508, pin bus_rdata_r[17] not found.
[WARNING STA-1656] /home/ubuntu/GitHub/sky130-trng/.loom/worktrees/issue-236/sim/digital-electrical-repair/requests/.klt/place-and-route/trng_digital_route.spef line 170509, pin bus_rdata_r[2] not found.
[WARNING STA-1656] /home/ubuntu/GitHub/sky130-trng/.loom/worktrees/issue-236/sim/digital-electrical-repair/requests/.klt/place-and-route/trng_digital_route.spef line 170514, pin startup_done152 not found.
[WARNING STA-1656] /home/ubuntu/GitHub/sky130-trng/.loom/worktrees/issue-236/sim/digital-electrical-repair/requests/.klt/place-and-route/trng_digital_route.spef line 170559, pin bus_rdata_r[12] not found.
[WARNING STA-1656] /home/ubuntu/GitHub/sky130-trng/.loom/worktrees/issue-236/sim/digital-electrical-repair/requests/.klt/place-and-route/trng_digital_route.spef line 170560, pin bus_rdata_r[13] not found.
[WARNING STA-1656] /home/ubuntu/GitHub/sky130-trng/.loom/worktrees/issue-236/sim/digital-electrical-repair/requests/.klt/place-and-route/trng_digital_route.spef line 170561, pin bus_rdata_r[14] not found.
[WARNING STA-1656] /home/ubuntu/GitHub/sky130-trng/.loom/worktrees/issue-236/sim/digital-electrical-repair/requests/.klt/place-and-route/trng_digital_route.spef line 170562, pin bus_rdata_r[1] not found.
[WARNING STA-1656] /home/ubuntu/GitHub/sky130-trng/.loom/worktrees/issue-236/sim/digital-electrical-repair/requests/.klt/place-and-route/trng_digital_route.spef line 170563, pin bus_rdata_r[9] not found.
[WARNING STA-1656] /home/ubuntu/GitHub/sky130-trng/.loom/worktrees/issue-236/sim/digital-electrical-repair/requests/.klt/place-and-route/trng_digital_route.spef line 170640, pin bus_rdata_r[12] not found.
[WARNING STA-1656] /home/ubuntu/GitHub/sky130-trng/.loom/worktrees/issue-236/sim/digital-electrical-repair/requests/.klt/place-and-route/trng_digital_route.spef line 170641, pin bus_rdata_r[13] not found.
[WARNING STA-1656] /home/ubuntu/GitHub/sky130-trng/.loom/worktrees/issue-236/sim/digital-electrical-repair/requests/.klt/place-and-route/trng_digital_route.spef line 170642, pin bus_rdata_r[14] not found.
[WARNING STA-1656] /home/ubuntu/GitHub/sky130-trng/.loom/worktrees/issue-236/sim/digital-electrical-repair/requests/.klt/place-and-route/trng_digital_route.spef line 170643, pin bus_rdata_r[15] not found.
[WARNING STA-1656] /home/ubuntu/GitHub/sky130-trng/.loom/worktrees/issue-236/sim/digital-electrical-repair/requests/.klt/place-and-route/trng_digital_route.spef line 170644, pin bus_rdata_r[17] not found.
[WARNING STA-1656] /home/ubuntu/GitHub/sky130-trng/.loom/worktrees/issue-236/sim/digital-electrical-repair/requests/.klt/place-and-route/trng_digital_route.spef line 170645, pin bus_rdata_r[1] not found.
[WARNING STA-1656] /home/ubuntu/GitHub/sky130-trng/.loom/worktrees/issue-236/sim/digital-electrical-repair/requests/.klt/place-and-route/trng_digital_route.spef line 170646, pin bus_rdata_r[4] not found.
[WARNING STA-1656] /home/ubuntu/GitHub/sky130-trng/.loom/worktrees/issue-236/sim/digital-electrical-repair/requests/.klt/place-and-route/trng_digital_route.spef line 170647, pin bus_rdata_r[9] not found.
[WARNING STA-1656] /home/ubuntu/GitHub/sky130-trng/.loom/worktrees/issue-236/sim/digital-electrical-repair/requests/.klt/place-and-route/trng_digital_route.spef line 171237, pin bus_rdata_r[15] not found.
[WARNING STA-1656] /home/ubuntu/GitHub/sky130-trng/.loom/worktrees/issue-236/sim/digital-electrical-repair/requests/.klt/place-and-route/trng_digital_route.spef line 171238, pin bus_rdata_r[16] not found.
[WARNING STA-1656] /home/ubuntu/GitHub/sky130-trng/.loom/worktrees/issue-236/sim/digital-electrical-repair/requests/.klt/place-and-route/trng_digital_route.spef line 171239, pin bus_rdata_r[17] not found.
[WARNING STA-1656] /home/ubuntu/GitHub/sky130-trng/.loom/worktrees/issue-236/sim/digital-electrical-repair/requests/.klt/place-and-route/trng_digital_route.spef line 171240, pin bus_rdata_r[3] not found.
[WARNING STA-1656] /home/ubuntu/GitHub/sky130-trng/.loom/worktrees/issue-236/sim/digital-electrical-repair/requests/.klt/place-and-route/trng_digital_route.spef line 171241, pin bus_rdata_r[4] not found.
[WARNING STA-1656] /home/ubuntu/GitHub/sky130-trng/.loom/worktrees/issue-236/sim/digital-electrical-repair/requests/.klt/place-and-route/trng_digital_route.spef line 171242, pin bus_rdata_r[6] not found.
[WARNING STA-1656] /home/ubuntu/GitHub/sky130-trng/.loom/worktrees/issue-236/sim/digital-electrical-repair/requests/.klt/place-and-route/trng_digital_route.spef line 171243, pin bus_rdata_r[7] not found.
[WARNING STA-1656] /home/ubuntu/GitHub/sky130-trng/.loom/worktrees/issue-236/sim/digital-electrical-repair/requests/.klt/place-and-route/trng_digital_route.spef line 171283, pin startup_done152 not found.
[WARNING STA-1656] /home/ubuntu/GitHub/sky130-trng/.loom/worktrees/issue-236/sim/digital-electrical-repair/requests/.klt/place-and-route/trng_digital_route.spef line 171414, pin bus_rdata_r[16] not found.
[WARNING STA-1656] /home/ubuntu/GitHub/sky130-trng/.loom/worktrees/issue-236/sim/digital-electrical-repair/requests/.klt/place-and-route/trng_digital_route.spef line 171415, pin bus_rdata_r[17] not found.
[WARNING STA-1656] /home/ubuntu/GitHub/sky130-trng/.loom/worktrees/issue-236/sim/digital-electrical-repair/requests/.klt/place-and-route/trng_digital_route.spef line 171416, pin bus_rdata_r[3] not found.
[WARNING STA-1656] /home/ubuntu/GitHub/sky130-trng/.loom/worktrees/issue-236/sim/digital-electrical-repair/requests/.klt/place-and-route/trng_digital_route.spef line 171417, pin bus_rdata_r[7] not found.
[WARNING STA-1656] /home/ubuntu/GitHub/sky130-trng/.loom/worktrees/issue-236/sim/digital-electrical-repair/requests/.klt/place-and-route/trng_digital_route.spef line 171453, pin startup_done152 not found.
[WARNING STA-1656] /home/ubuntu/GitHub/sky130-trng/.loom/worktrees/issue-236/sim/digital-electrical-repair/requests/.klt/place-and-route/trng_digital_route.spef line 171793, pin bus_rdata_r[16] not found.
[WARNING STA-1656] /home/ubuntu/GitHub/sky130-trng/.loom/worktrees/issue-236/sim/digital-electrical-repair/requests/.klt/place-and-route/trng_digital_route.spef line 171794, pin bus_rdata_r[17] not found.
[WARNING STA-1656] /home/ubuntu/GitHub/sky130-trng/.loom/worktrees/issue-236/sim/digital-electrical-repair/requests/.klt/place-and-route/trng_digital_route.spef line 171795, pin bus_rdata_r[3] not found.
[WARNING STA-1656] /home/ubuntu/GitHub/sky130-trng/.loom/worktrees/issue-236/sim/digital-electrical-repair/requests/.klt/place-and-route/trng_digital_route.spef line 171796, pin bus_rdata_r[4] not found.
[WARNING STA-1656] /home/ubuntu/GitHub/sky130-trng/.loom/worktrees/issue-236/sim/digital-electrical-repair/requests/.klt/place-and-route/trng_digital_route.spef line 171797, pin bus_rdata_r[7] not found.
[WARNING STA-1656] /home/ubuntu/GitHub/sky130-trng/.loom/worktrees/issue-236/sim/digital-electrical-repair/requests/.klt/place-and-route/trng_digital_route.spef line 171832, pin startup_done152 not found.
[WARNING STA-1656] /home/ubuntu/GitHub/sky130-trng/.loom/worktrees/issue-236/sim/digital-electrical-repair/requests/.klt/place-and-route/trng_digital_route.spef line 171903, pin bus_rdata_r[16] not found.
[WARNING STA-1656] /home/ubuntu/GitHub/sky130-trng/.loom/worktrees/issue-236/sim/digital-electrical-repair/requests/.klt/place-and-route/trng_digital_route.spef line 171904, pin bus_rdata_r[17] not found.
[WARNING STA-1656] /home/ubuntu/GitHub/sky130-trng/.loom/worktrees/issue-236/sim/digital-electrical-repair/requests/.klt/place-and-route/trng_digital_route.spef line 171905, pin bus_rdata_r[6] not found.
[WARNING STA-1656] /home/ubuntu/GitHub/sky130-trng/.loom/worktrees/issue-236/sim/digital-electrical-repair/requests/.klt/place-and-route/trng_digital_route.spef line 171930, pin startup_done152 not found.
[WARNING STA-1656] /home/ubuntu/GitHub/sky130-trng/.loom/worktrees/issue-236/sim/digital-electrical-repair/requests/.klt/place-and-route/trng_digital_route.spef line 172032, pin bus_rdata_r[16] not found.
[WARNING STA-1656] /home/ubuntu/GitHub/sky130-trng/.loom/worktrees/issue-236/sim/digital-electrical-repair/requests/.klt/place-and-route/trng_digital_route.spef line 172033, pin bus_rdata_r[17] not found.
[WARNING STA-1656] /home/ubuntu/GitHub/sky130-trng/.loom/worktrees/issue-236/sim/digital-electrical-repair/requests/.klt/place-and-route/trng_digital_route.spef line 172067, pin startup_done152 not found.
[WARNING STA-1656] /home/ubuntu/GitHub/sky130-trng/.loom/worktrees/issue-236/sim/digital-electrical-repair/requests/.klt/place-and-route/trng_digital_route.spef line 172299, pin bus_rdata_r[17] not found.
[WARNING STA-1656] /home/ubuntu/GitHub/sky130-trng/.loom/worktrees/issue-236/sim/digital-electrical-repair/requests/.klt/place-and-route/trng_digital_route.spef line 172324, pin startup_done152 not found.
[WARNING STA-1656] /home/ubuntu/GitHub/sky130-trng/.loom/worktrees/issue-236/sim/digital-electrical-repair/requests/.klt/place-and-route/trng_digital_route.spef line 172440, pin bus_rdata_r[16] not found.
[WARNING STA-1656] /home/ubuntu/GitHub/sky130-trng/.loom/worktrees/issue-236/sim/digital-electrical-repair/requests/.klt/place-and-route/trng_digital_route.spef line 172441, pin bus_rdata_r[17] not found.
[WARNING STA-1656] /home/ubuntu/GitHub/sky130-trng/.loom/worktrees/issue-236/sim/digital-electrical-repair/requests/.klt/place-and-route/trng_digital_route.spef line 172467, pin startup_done152 not found.
[WARNING STA-1656] /home/ubuntu/GitHub/sky130-trng/.loom/worktrees/issue-236/sim/digital-electrical-repair/requests/.klt/place-and-route/trng_digital_route.spef line 172600, pin bus_rdata_r[16] not found.
[WARNING STA-1656] /home/ubuntu/GitHub/sky130-trng/.loom/worktrees/issue-236/sim/digital-electrical-repair/requests/.klt/place-and-route/trng_digital_route.spef line 172601, pin bus_rdata_r[17] not found.
[WARNING STA-1656] /home/ubuntu/GitHub/sky130-trng/.loom/worktrees/issue-236/sim/digital-electrical-repair/requests/.klt/place-and-route/trng_digital_route.spef line 172602, pin bus_rdata_r[2] not found.
[WARNING STA-1656] /home/ubuntu/GitHub/sky130-trng/.loom/worktrees/issue-236/sim/digital-electrical-repair/requests/.klt/place-and-route/trng_digital_route.spef line 172603, pin bus_rdata_r[6] not found.
[WARNING STA-1656] /home/ubuntu/GitHub/sky130-trng/.loom/worktrees/issue-236/sim/digital-electrical-repair/requests/.klt/place-and-route/trng_digital_route.spef line 172633, pin startup_done152 not found.
[WARNING STA-1656] /home/ubuntu/GitHub/sky130-trng/.loom/worktrees/issue-236/sim/digital-electrical-repair/requests/.klt/place-and-route/trng_digital_route.spef line 172890, pin bus_rdata_r[16] not found.
[WARNING STA-1656] /home/ubuntu/GitHub/sky130-trng/.loom/worktrees/issue-236/sim/digital-electrical-repair/requests/.klt/place-and-route/trng_digital_route.spef line 172891, pin bus_rdata_r[17] not found.
[WARNING STA-1656] /home/ubuntu/GitHub/sky130-trng/.loom/worktrees/issue-236/sim/digital-electrical-repair/requests/.klt/place-and-route/trng_digital_route.spef line 172914, pin startup_done152 not found.
[WARNING STA-1656] /home/ubuntu/GitHub/sky130-trng/.loom/worktrees/issue-236/sim/digital-electrical-repair/requests/.klt/place-and-route/trng_digital_route.spef line 172986, pin bus_rdata_r[16] not found.
[WARNING STA-1656] /home/ubuntu/GitHub/sky130-trng/.loom/worktrees/issue-236/sim/digital-electrical-repair/requests/.klt/place-and-route/trng_digital_route.spef line 172987, pin bus_rdata_r[17] not found.
[WARNING STA-1656] /home/ubuntu/GitHub/sky130-trng/.loom/worktrees/issue-236/sim/digital-electrical-repair/requests/.klt/place-and-route/trng_digital_route.spef line 172988, pin bus_rdata_r[3] not found.
[WARNING STA-1656] /home/ubuntu/GitHub/sky130-trng/.loom/worktrees/issue-236/sim/digital-electrical-repair/requests/.klt/place-and-route/trng_digital_route.spef line 173151, pin bus_rdata_r[16] not found.
[WARNING STA-1656] /home/ubuntu/GitHub/sky130-trng/.loom/worktrees/issue-236/sim/digital-electrical-repair/requests/.klt/place-and-route/trng_digital_route.spef line 173152, pin bus_rdata_r[17] not found.
[WARNING STA-1656] /home/ubuntu/GitHub/sky130-trng/.loom/worktrees/issue-236/sim/digital-electrical-repair/requests/.klt/place-and-route/trng_digital_route.spef line 173176, pin startup_done152 not found.
[WARNING STA-1656] /home/ubuntu/GitHub/sky130-trng/.loom/worktrees/issue-236/sim/digital-electrical-repair/requests/.klt/place-and-route/trng_digital_route.spef line 173559, pin bus_rdata_r[2] not found.
[WARNING STA-1656] /home/ubuntu/GitHub/sky130-trng/.loom/worktrees/issue-236/sim/digital-electrical-repair/requests/.klt/place-and-route/trng_digital_route.spef line 173565, pin startup_done152 not found.
[WARNING STA-1656] /home/ubuntu/GitHub/sky130-trng/.loom/worktrees/issue-236/sim/digital-electrical-repair/requests/.klt/place-and-route/trng_digital_route.spef line 173665, pin startup_done152 not found.
[WARNING STA-1656] /home/ubuntu/GitHub/sky130-trng/.loom/worktrees/issue-236/sim/digital-electrical-repair/requests/.klt/place-and-route/trng_digital_route.spef line 173690, pin startup_done152 not found.
[WARNING STA-1656] /home/ubuntu/GitHub/sky130-trng/.loom/worktrees/issue-236/sim/digital-electrical-repair/requests/.klt/place-and-route/trng_digital_route.spef line 173715, pin startup_done152 not found.
[WARNING STA-1656] /home/ubuntu/GitHub/sky130-trng/.loom/worktrees/issue-236/sim/digital-electrical-repair/requests/.klt/place-and-route/trng_digital_route.spef line 173963, pin startup_done152 not found.
[WARNING STA-1656] /home/ubuntu/GitHub/sky130-trng/.loom/worktrees/issue-236/sim/digital-electrical-repair/requests/.klt/place-and-route/trng_digital_route.spef line 175021, pin startup_done152 not found.
[WARNING STA-1656] /home/ubuntu/GitHub/sky130-trng/.loom/worktrees/issue-236/sim/digital-electrical-repair/requests/.klt/place-and-route/trng_digital_route.spef line 175074, pin bus_rdata_r[2] not found.
[WARNING STA-1656] /home/ubuntu/GitHub/sky130-trng/.loom/worktrees/issue-236/sim/digital-electrical-repair/requests/.klt/place-and-route/trng_digital_route.spef line 175131, pin startup_done152 not found.
[WARNING STA-1656] /home/ubuntu/GitHub/sky130-trng/.loom/worktrees/issue-236/sim/digital-electrical-repair/requests/.klt/place-and-route/trng_digital_route.spef line 175419, pin bus_rdata_r[14] not found.
[WARNING STA-1656] /home/ubuntu/GitHub/sky130-trng/.loom/worktrees/issue-236/sim/digital-electrical-repair/requests/.klt/place-and-route/trng_digital_route.spef line 175420, pin bus_rdata_r[15] not found.
[WARNING STA-1656] /home/ubuntu/GitHub/sky130-trng/.loom/worktrees/issue-236/sim/digital-electrical-repair/requests/.klt/place-and-route/trng_digital_route.spef line 175421, pin bus_rdata_r[16] not found.
[WARNING STA-1656] /home/ubuntu/GitHub/sky130-trng/.loom/worktrees/issue-236/sim/digital-electrical-repair/requests/.klt/place-and-route/trng_digital_route.spef line 175422, pin bus_rdata_r[17] not found.
[WARNING STA-1656] /home/ubuntu/GitHub/sky130-trng/.loom/worktrees/issue-236/sim/digital-electrical-repair/requests/.klt/place-and-route/trng_digital_route.spef line 175423, pin bus_rdata_r[23] not found.
[WARNING STA-1656] /home/ubuntu/GitHub/sky130-trng/.loom/worktrees/issue-236/sim/digital-electrical-repair/requests/.klt/place-and-route/trng_digital_route.spef line 175424, pin bus_rdata_r[7] not found.
[WARNING STA-1656] /home/ubuntu/GitHub/sky130-trng/.loom/worktrees/issue-236/sim/digital-electrical-repair/requests/.klt/place-and-route/trng_digital_route.spef line 175467, pin startup_done152 not found.
[WARNING STA-1656] /home/ubuntu/GitHub/sky130-trng/.loom/worktrees/issue-236/sim/digital-electrical-repair/requests/.klt/place-and-route/trng_digital_route.spef line 175541, pin bus_rdata_r[14] not found.
[WARNING STA-1656] /home/ubuntu/GitHub/sky130-trng/.loom/worktrees/issue-236/sim/digital-electrical-repair/requests/.klt/place-and-route/trng_digital_route.spef line 175542, pin bus_rdata_r[15] not found.
[WARNING STA-1656] /home/ubuntu/GitHub/sky130-trng/.loom/worktrees/issue-236/sim/digital-electrical-repair/requests/.klt/place-and-route/trng_digital_route.spef line 175543, pin bus_rdata_r[17] not found.
[WARNING STA-1656] /home/ubuntu/GitHub/sky130-trng/.loom/worktrees/issue-236/sim/digital-electrical-repair/requests/.klt/place-and-route/trng_digital_route.spef line 175544, pin bus_rdata_r[21] not found.
[WARNING STA-1656] /home/ubuntu/GitHub/sky130-trng/.loom/worktrees/issue-236/sim/digital-electrical-repair/requests/.klt/place-and-route/trng_digital_route.spef line 175545, pin bus_rdata_r[23] not found.
[WARNING STA-1656] /home/ubuntu/GitHub/sky130-trng/.loom/worktrees/issue-236/sim/digital-electrical-repair/requests/.klt/place-and-route/trng_digital_route.spef line 175546, pin bus_rdata_r[7] not found.
[WARNING STA-1656] /home/ubuntu/GitHub/sky130-trng/.loom/worktrees/issue-236/sim/digital-electrical-repair/requests/.klt/place-and-route/trng_digital_route.spef line 175579, pin startup_done152 not found.
[WARNING STA-1656] /home/ubuntu/GitHub/sky130-trng/.loom/worktrees/issue-236/sim/digital-electrical-repair/requests/.klt/place-and-route/trng_digital_route.spef line 175660, pin bus_rdata_r[14] not found.
[WARNING STA-1656] /home/ubuntu/GitHub/sky130-trng/.loom/worktrees/issue-236/sim/digital-electrical-repair/requests/.klt/place-and-route/trng_digital_route.spef line 175682, pin bus_rdata_r[14] not found.
[WARNING STA-1656] /home/ubuntu/GitHub/sky130-trng/.loom/worktrees/issue-236/sim/digital-electrical-repair/requests/.klt/place-and-route/trng_digital_route.spef line 175708, pin bus_rdata_r[29] not found.
[WARNING STA-1656] /home/ubuntu/GitHub/sky130-trng/.loom/worktrees/issue-236/sim/digital-electrical-repair/requests/.klt/place-and-route/trng_digital_route.spef line 175742, pin bus_rdata_r[5] not found.
[WARNING STA-1656] /home/ubuntu/GitHub/sky130-trng/.loom/worktrees/issue-236/sim/digital-electrical-repair/requests/.klt/place-and-route/trng_digital_route.spef line 175780, pin bus_rdata_r[12] not found.
[WARNING STA-1656] /home/ubuntu/GitHub/sky130-trng/.loom/worktrees/issue-236/sim/digital-electrical-repair/requests/.klt/place-and-route/trng_digital_route.spef line 175781, pin bus_rdata_r[14] not found.
[WARNING STA-1656] /home/ubuntu/GitHub/sky130-trng/.loom/worktrees/issue-236/sim/digital-electrical-repair/requests/.klt/place-and-route/trng_digital_route.spef line 175782, pin bus_rdata_r[15] not found.
[WARNING STA-1656] /home/ubuntu/GitHub/sky130-trng/.loom/worktrees/issue-236/sim/digital-electrical-repair/requests/.klt/place-and-route/trng_digital_route.spef line 175783, pin bus_rdata_r[1] not found.
[WARNING STA-1656] /home/ubuntu/GitHub/sky130-trng/.loom/worktrees/issue-236/sim/digital-electrical-repair/requests/.klt/place-and-route/trng_digital_route.spef line 175784, pin bus_rdata_r[21] not found.
[WARNING STA-1656] /home/ubuntu/GitHub/sky130-trng/.loom/worktrees/issue-236/sim/digital-electrical-repair/requests/.klt/place-and-route/trng_digital_route.spef line 175785, pin bus_rdata_r[23] not found.
[WARNING STA-1656] /home/ubuntu/GitHub/sky130-trng/.loom/worktrees/issue-236/sim/digital-electrical-repair/requests/.klt/place-and-route/trng_digital_route.spef line 175786, pin bus_rdata_r[4] not found.
[WARNING STA-1656] /home/ubuntu/GitHub/sky130-trng/.loom/worktrees/issue-236/sim/digital-electrical-repair/requests/.klt/place-and-route/trng_digital_route.spef line 175821, pin bus_rdata_r[21] not found.
[WARNING STA-1656] /home/ubuntu/GitHub/sky130-trng/.loom/worktrees/issue-236/sim/digital-electrical-repair/requests/.klt/place-and-route/trng_digital_route.spef line 175822, pin bus_rdata_r[23] not found.
[WARNING STA-1656] /home/ubuntu/GitHub/sky130-trng/.loom/worktrees/issue-236/sim/digital-electrical-repair/requests/.klt/place-and-route/trng_digital_route.spef line 175863, pin bus_rdata_r[21] not found.
[WARNING STA-1656] /home/ubuntu/GitHub/sky130-trng/.loom/worktrees/issue-236/sim/digital-electrical-repair/requests/.klt/place-and-route/trng_digital_route.spef line 175864, pin bus_rdata_r[23] not found.
[WARNING STA-1656] /home/ubuntu/GitHub/sky130-trng/.loom/worktrees/issue-236/sim/digital-electrical-repair/requests/.klt/place-and-route/trng_digital_route.spef line 175865, pin bus_rdata_r[27] not found.
[WARNING STA-1656] /home/ubuntu/GitHub/sky130-trng/.loom/worktrees/issue-236/sim/digital-electrical-repair/requests/.klt/place-and-route/trng_digital_route.spef line 175866, pin bus_rdata_r[5] not found.
[WARNING STA-1656] /home/ubuntu/GitHub/sky130-trng/.loom/worktrees/issue-236/sim/digital-electrical-repair/requests/.klt/place-and-route/trng_digital_route.spef line 175991, pin bus_rdata_r[12] not found.
[WARNING STA-1656] /home/ubuntu/GitHub/sky130-trng/.loom/worktrees/issue-236/sim/digital-electrical-repair/requests/.klt/place-and-route/trng_digital_route.spef line 175992, pin bus_rdata_r[14] not found.
[WARNING STA-1656] /home/ubuntu/GitHub/sky130-trng/.loom/worktrees/issue-236/sim/digital-electrical-repair/requests/.klt/place-and-route/trng_digital_route.spef line 175993, pin bus_rdata_r[15] not found.
[WARNING STA-1656] /home/ubuntu/GitHub/sky130-trng/.loom/worktrees/issue-236/sim/digital-electrical-repair/requests/.klt/place-and-route/trng_digital_route.spef line 175994, pin bus_rdata_r[1] not found.
[WARNING STA-1656] /home/ubuntu/GitHub/sky130-trng/.loom/worktrees/issue-236/sim/digital-electrical-repair/requests/.klt/place-and-route/trng_digital_route.spef line 175995, pin bus_rdata_r[21] not found.
[WARNING STA-1656] /home/ubuntu/GitHub/sky130-trng/.loom/worktrees/issue-236/sim/digital-electrical-repair/requests/.klt/place-and-route/trng_digital_route.spef line 175996, pin bus_rdata_r[23] not found.
[WARNING STA-1656] /home/ubuntu/GitHub/sky130-trng/.loom/worktrees/issue-236/sim/digital-electrical-repair/requests/.klt/place-and-route/trng_digital_route.spef line 175997, pin bus_rdata_r[4] not found.
[WARNING STA-1656] /home/ubuntu/GitHub/sky130-trng/.loom/worktrees/issue-236/sim/digital-electrical-repair/requests/.klt/place-and-route/trng_digital_route.spef line 175998, pin bus_rdata_r[5] not found.
[WARNING STA-1656] /home/ubuntu/GitHub/sky130-trng/.loom/worktrees/issue-236/sim/digital-electrical-repair/requests/.klt/place-and-route/trng_digital_route.spef line 176133, pin bus_rdata_r[12] not found.
[WARNING STA-1656] /home/ubuntu/GitHub/sky130-trng/.loom/worktrees/issue-236/sim/digital-electrical-repair/requests/.klt/place-and-route/trng_digital_route.spef line 176134, pin bus_rdata_r[13] not found.
[WARNING STA-1656] /home/ubuntu/GitHub/sky130-trng/.loom/worktrees/issue-236/sim/digital-electrical-repair/requests/.klt/place-and-route/trng_digital_route.spef line 176135, pin bus_rdata_r[14] not found.
[WARNING STA-1656] /home/ubuntu/GitHub/sky130-trng/.loom/worktrees/issue-236/sim/digital-electrical-repair/requests/.klt/place-and-route/trng_digital_route.spef line 176136, pin bus_rdata_r[15] not found.
[WARNING STA-1656] /home/ubuntu/GitHub/sky130-trng/.loom/worktrees/issue-236/sim/digital-electrical-repair/requests/.klt/place-and-route/trng_digital_route.spef line 176137, pin bus_rdata_r[1] not found.
[WARNING STA-1656] /home/ubuntu/GitHub/sky130-trng/.loom/worktrees/issue-236/sim/digital-electrical-repair/requests/.klt/place-and-route/trng_digital_route.spef line 176138, pin bus_rdata_r[21] not found.
[WARNING STA-1656] /home/ubuntu/GitHub/sky130-trng/.loom/worktrees/issue-236/sim/digital-electrical-repair/requests/.klt/place-and-route/trng_digital_route.spef line 176139, pin bus_rdata_r[22] not found.
[WARNING STA-1656] /home/ubuntu/GitHub/sky130-trng/.loom/worktrees/issue-236/sim/digital-electrical-repair/requests/.klt/place-and-route/trng_digital_route.spef line 176140, pin bus_rdata_r[23] not found.
[WARNING STA-1656] /home/ubuntu/GitHub/sky130-trng/.loom/worktrees/issue-236/sim/digital-electrical-repair/requests/.klt/place-and-route/trng_digital_route.spef line 176141, pin bus_rdata_r[27] not found.
[WARNING STA-1656] /home/ubuntu/GitHub/sky130-trng/.loom/worktrees/issue-236/sim/digital-electrical-repair/requests/.klt/place-and-route/trng_digital_route.spef line 176142, pin bus_rdata_r[29] not found.
[WARNING STA-1656] /home/ubuntu/GitHub/sky130-trng/.loom/worktrees/issue-236/sim/digital-electrical-repair/requests/.klt/place-and-route/trng_digital_route.spef line 176143, pin bus_rdata_r[3] not found.
[WARNING STA-1656] /home/ubuntu/GitHub/sky130-trng/.loom/worktrees/issue-236/sim/digital-electrical-repair/requests/.klt/place-and-route/trng_digital_route.spef line 176144, pin bus_rdata_r[4] not found.
[WARNING STA-1656] /home/ubuntu/GitHub/sky130-trng/.loom/worktrees/issue-236/sim/digital-electrical-repair/requests/.klt/place-and-route/trng_digital_route.spef line 176145, pin bus_rdata_r[5] not found.
[WARNING STA-1656] /home/ubuntu/GitHub/sky130-trng/.loom/worktrees/issue-236/sim/digital-electrical-repair/requests/.klt/place-and-route/trng_digital_route.spef line 176146, pin bus_rdata_r[7] not found.
[WARNING STA-1656] /home/ubuntu/GitHub/sky130-trng/.loom/worktrees/issue-236/sim/digital-electrical-repair/requests/.klt/place-and-route/trng_digital_route.spef line 176147, pin bus_rdata_r[8] not found.
[WARNING STA-1656] /home/ubuntu/GitHub/sky130-trng/.loom/worktrees/issue-236/sim/digital-electrical-repair/requests/.klt/place-and-route/trng_digital_route.spef line 176148, pin bus_rdata_r[9] not found.
[WARNING STA-1656] /home/ubuntu/GitHub/sky130-trng/.loom/worktrees/issue-236/sim/digital-electrical-repair/requests/.klt/place-and-route/trng_digital_route.spef line 176253, pin bus_rdata_r[24] not found.
[WARNING STA-1656] /home/ubuntu/GitHub/sky130-trng/.loom/worktrees/issue-236/sim/digital-electrical-repair/requests/.klt/place-and-route/trng_digital_route.spef line 176254, pin bus_rdata_r[27] not found.
[WARNING STA-1656] /home/ubuntu/GitHub/sky130-trng/.loom/worktrees/issue-236/sim/digital-electrical-repair/requests/.klt/place-and-route/trng_digital_route.spef line 176255, pin bus_rdata_r[28] not found.
[WARNING STA-1656] /home/ubuntu/GitHub/sky130-trng/.loom/worktrees/issue-236/sim/digital-electrical-repair/requests/.klt/place-and-route/trng_digital_route.spef line 176256, pin bus_rdata_r[29] not found.
[WARNING STA-1656] /home/ubuntu/GitHub/sky130-trng/.loom/worktrees/issue-236/sim/digital-electrical-repair/requests/.klt/place-and-route/trng_digital_route.spef line 176257, pin bus_rdata_r[31] not found.
[WARNING STA-1656] /home/ubuntu/GitHub/sky130-trng/.loom/worktrees/issue-236/sim/digital-electrical-repair/requests/.klt/place-and-route/trng_digital_route.spef line 176258, pin bus_rdata_r[5] not found.
[WARNING STA-1656] /home/ubuntu/GitHub/sky130-trng/.loom/worktrees/issue-236/sim/digital-electrical-repair/requests/.klt/place-and-route/trng_digital_route.spef line 176367, pin bus_rdata_r[21] not found.
[WARNING STA-1656] /home/ubuntu/GitHub/sky130-trng/.loom/worktrees/issue-236/sim/digital-electrical-repair/requests/.klt/place-and-route/trng_digital_route.spef line 176751, pin startup_done152 not found.
[WARNING STA-1656] /home/ubuntu/GitHub/sky130-trng/.loom/worktrees/issue-236/sim/digital-electrical-repair/requests/.klt/place-and-route/trng_digital_route.spef line 176813, pin bus_rdata_r[0] not found.
[WARNING STA-1656] /home/ubuntu/GitHub/sky130-trng/.loom/worktrees/issue-236/sim/digital-electrical-repair/requests/.klt/place-and-route/trng_digital_route.spef line 176814, pin bus_rdata_r[10] not found.
[WARNING STA-1656] /home/ubuntu/GitHub/sky130-trng/.loom/worktrees/issue-236/sim/digital-electrical-repair/requests/.klt/place-and-route/trng_digital_route.spef line 176815, pin bus_rdata_r[11] not found.
[WARNING STA-1656] /home/ubuntu/GitHub/sky130-trng/.loom/worktrees/issue-236/sim/digital-electrical-repair/requests/.klt/place-and-route/trng_digital_route.spef line 176816, pin bus_rdata_r[12] not found.
[WARNING STA-1656] /home/ubuntu/GitHub/sky130-trng/.loom/worktrees/issue-236/sim/digital-electrical-repair/requests/.klt/place-and-route/trng_digital_route.spef line 176817, pin bus_rdata_r[13] not found.
[WARNING STA-1656] /home/ubuntu/GitHub/sky130-trng/.loom/worktrees/issue-236/sim/digital-electrical-repair/requests/.klt/place-and-route/trng_digital_route.spef line 176818, pin bus_rdata_r[14] not found.
[WARNING STA-1656] /home/ubuntu/GitHub/sky130-trng/.loom/worktrees/issue-236/sim/digital-electrical-repair/requests/.klt/place-and-route/trng_digital_route.spef line 176819, pin bus_rdata_r[15] not found.
[WARNING STA-1656] /home/ubuntu/GitHub/sky130-trng/.loom/worktrees/issue-236/sim/digital-electrical-repair/requests/.klt/place-and-route/trng_digital_route.spef line 176820, pin bus_rdata_r[16] not found.
[WARNING STA-1656] /home/ubuntu/GitHub/sky130-trng/.loom/worktrees/issue-236/sim/digital-electrical-repair/requests/.klt/place-and-route/trng_digital_route.spef line 176821, pin bus_rdata_r[18] not found.
[WARNING STA-1656] /home/ubuntu/GitHub/sky130-trng/.loom/worktrees/issue-236/sim/digital-electrical-repair/requests/.klt/place-and-route/trng_digital_route.spef line 176822, pin bus_rdata_r[19] not found.
[WARNING STA-1656] /home/ubuntu/GitHub/sky130-trng/.loom/worktrees/issue-236/sim/digital-electrical-repair/requests/.klt/place-and-route/trng_digital_route.spef line 176823, pin bus_rdata_r[1] not found.
[WARNING STA-1656] /home/ubuntu/GitHub/sky130-trng/.loom/worktrees/issue-236/sim/digital-electrical-repair/requests/.klt/place-and-route/trng_digital_route.spef line 176824, pin bus_rdata_r[20] not found.
[WARNING STA-1656] /home/ubuntu/GitHub/sky130-trng/.loom/worktrees/issue-236/sim/digital-electrical-repair/requests/.klt/place-and-route/trng_digital_route.spef line 176825, pin bus_rdata_r[21] not found.
[WARNING STA-1656] /home/ubuntu/GitHub/sky130-trng/.loom/worktrees/issue-236/sim/digital-electrical-repair/requests/.klt/place-and-route/trng_digital_route.spef line 176826, pin bus_rdata_r[22] not found.
[WARNING STA-1656] /home/ubuntu/GitHub/sky130-trng/.loom/worktrees/issue-236/sim/digital-electrical-repair/requests/.klt/place-and-route/trng_digital_route.spef line 176827, pin bus_rdata_r[23] not found.
[WARNING STA-1656] /home/ubuntu/GitHub/sky130-trng/.loom/worktrees/issue-236/sim/digital-electrical-repair/requests/.klt/place-and-route/trng_digital_route.spef line 176828, pin bus_rdata_r[24] not found.
[WARNING STA-1656] /home/ubuntu/GitHub/sky130-trng/.loom/worktrees/issue-236/sim/digital-electrical-repair/requests/.klt/place-and-route/trng_digital_route.spef line 176829, pin bus_rdata_r[25] not found.
[WARNING STA-1656] /home/ubuntu/GitHub/sky130-trng/.loom/worktrees/issue-236/sim/digital-electrical-repair/requests/.klt/place-and-route/trng_digital_route.spef line 176830, pin bus_rdata_r[26] not found.
[WARNING STA-1656] /home/ubuntu/GitHub/sky130-trng/.loom/worktrees/issue-236/sim/digital-electrical-repair/requests/.klt/place-and-route/trng_digital_route.spef line 176831, pin bus_rdata_r[27] not found.
[WARNING STA-1656] /home/ubuntu/GitHub/sky130-trng/.loom/worktrees/issue-236/sim/digital-electrical-repair/requests/.klt/place-and-route/trng_digital_route.spef line 176832, pin bus_rdata_r[28] not found.
[WARNING STA-1656] /home/ubuntu/GitHub/sky130-trng/.loom/worktrees/issue-236/sim/digital-electrical-repair/requests/.klt/place-and-route/trng_digital_route.spef line 176833, pin bus_rdata_r[29] not found.
[WARNING STA-1656] /home/ubuntu/GitHub/sky130-trng/.loom/worktrees/issue-236/sim/digital-electrical-repair/requests/.klt/place-and-route/trng_digital_route.spef line 176834, pin bus_rdata_r[30] not found.
[WARNING STA-1656] /home/ubuntu/GitHub/sky130-trng/.loom/worktrees/issue-236/sim/digital-electrical-repair/requests/.klt/place-and-route/trng_digital_route.spef line 176835, pin bus_rdata_r[31] not found.
[WARNING STA-1656] /home/ubuntu/GitHub/sky130-trng/.loom/worktrees/issue-236/sim/digital-electrical-repair/requests/.klt/place-and-route/trng_digital_route.spef line 176836, pin bus_rdata_r[3] not found.
[WARNING STA-1656] /home/ubuntu/GitHub/sky130-trng/.loom/worktrees/issue-236/sim/digital-electrical-repair/requests/.klt/place-and-route/trng_digital_route.spef line 176837, pin bus_rdata_r[4] not found.
[WARNING STA-1656] /home/ubuntu/GitHub/sky130-trng/.loom/worktrees/issue-236/sim/digital-electrical-repair/requests/.klt/place-and-route/trng_digital_route.spef line 176838, pin bus_rdata_r[5] not found.
[WARNING STA-1656] /home/ubuntu/GitHub/sky130-trng/.loom/worktrees/issue-236/sim/digital-electrical-repair/requests/.klt/place-and-route/trng_digital_route.spef line 176839, pin bus_rdata_r[7] not found.
[WARNING STA-1656] /home/ubuntu/GitHub/sky130-trng/.loom/worktrees/issue-236/sim/digital-electrical-repair/requests/.klt/place-and-route/trng_digital_route.spef line 176840, pin bus_rdata_r[8] not found.
[WARNING STA-1656] /home/ubuntu/GitHub/sky130-trng/.loom/worktrees/issue-236/sim/digital-electrical-repair/requests/.klt/place-and-route/trng_digital_route.spef line 176841, pin bus_rdata_r[9] not found.
[WARNING STA-1656] /home/ubuntu/GitHub/sky130-trng/.loom/worktrees/issue-236/sim/digital-electrical-repair/requests/.klt/place-and-route/trng_digital_route.spef line 176954, pin bus_rdata_r[1] not found.
[WARNING STA-1656] /home/ubuntu/GitHub/sky130-trng/.loom/worktrees/issue-236/sim/digital-electrical-repair/requests/.klt/place-and-route/trng_digital_route.spef line 176955, pin bus_rdata_r[21] not found.
[WARNING STA-1656] /home/ubuntu/GitHub/sky130-trng/.loom/worktrees/issue-236/sim/digital-electrical-repair/requests/.klt/place-and-route/trng_digital_route.spef line 176956, pin bus_rdata_r[23] not found.
[WARNING STA-1656] /home/ubuntu/GitHub/sky130-trng/.loom/worktrees/issue-236/sim/digital-electrical-repair/requests/.klt/place-and-route/trng_digital_route.spef line 176957, pin bus_rdata_r[24] not found.
[WARNING STA-1656] /home/ubuntu/GitHub/sky130-trng/.loom/worktrees/issue-236/sim/digital-electrical-repair/requests/.klt/place-and-route/trng_digital_route.spef line 176958, pin bus_rdata_r[27] not found.
[WARNING STA-1656] /home/ubuntu/GitHub/sky130-trng/.loom/worktrees/issue-236/sim/digital-electrical-repair/requests/.klt/place-and-route/trng_digital_route.spef line 176959, pin bus_rdata_r[28] not found.
[WARNING STA-1656] /home/ubuntu/GitHub/sky130-trng/.loom/worktrees/issue-236/sim/digital-electrical-repair/requests/.klt/place-and-route/trng_digital_route.spef line 176960, pin bus_rdata_r[29] not found.
[WARNING STA-1656] /home/ubuntu/GitHub/sky130-trng/.loom/worktrees/issue-236/sim/digital-electrical-repair/requests/.klt/place-and-route/trng_digital_route.spef line 176961, pin bus_rdata_r[31] not found.
[WARNING STA-1656] /home/ubuntu/GitHub/sky130-trng/.loom/worktrees/issue-236/sim/digital-electrical-repair/requests/.klt/place-and-route/trng_digital_route.spef line 176962, pin bus_rdata_r[5] not found.
[WARNING STA-1656] /home/ubuntu/GitHub/sky130-trng/.loom/worktrees/issue-236/sim/digital-electrical-repair/requests/.klt/place-and-route/trng_digital_route.spef line 177054, pin bus_rdata_r[14] not found.
[WARNING STA-1656] /home/ubuntu/GitHub/sky130-trng/.loom/worktrees/issue-236/sim/digital-electrical-repair/requests/.klt/place-and-route/trng_digital_route.spef line 177055, pin bus_rdata_r[15] not found.
[WARNING STA-1656] /home/ubuntu/GitHub/sky130-trng/.loom/worktrees/issue-236/sim/digital-electrical-repair/requests/.klt/place-and-route/trng_digital_route.spef line 177056, pin bus_rdata_r[21] not found.
[WARNING STA-1656] /home/ubuntu/GitHub/sky130-trng/.loom/worktrees/issue-236/sim/digital-electrical-repair/requests/.klt/place-and-route/trng_digital_route.spef line 177057, pin bus_rdata_r[23] not found.
[WARNING STA-1656] /home/ubuntu/GitHub/sky130-trng/.loom/worktrees/issue-236/sim/digital-electrical-repair/requests/.klt/place-and-route/trng_digital_route.spef line 177196, pin bus_rdata_r[15] not found.
[WARNING STA-1656] /home/ubuntu/GitHub/sky130-trng/.loom/worktrees/issue-236/sim/digital-electrical-repair/requests/.klt/place-and-route/trng_digital_route.spef line 177197, pin bus_rdata_r[16] not found.
[WARNING STA-1656] /home/ubuntu/GitHub/sky130-trng/.loom/worktrees/issue-236/sim/digital-electrical-repair/requests/.klt/place-and-route/trng_digital_route.spef line 177198, pin bus_rdata_r[21] not found.
[WARNING STA-1656] /home/ubuntu/GitHub/sky130-trng/.loom/worktrees/issue-236/sim/digital-electrical-repair/requests/.klt/place-and-route/trng_digital_route.spef line 177199, pin bus_rdata_r[23] not found.
[WARNING STA-1656] /home/ubuntu/GitHub/sky130-trng/.loom/worktrees/issue-236/sim/digital-electrical-repair/requests/.klt/place-and-route/trng_digital_route.spef line 177237, pin startup_done152 not found.
[WARNING STA-1656] /home/ubuntu/GitHub/sky130-trng/.loom/worktrees/issue-236/sim/digital-electrical-repair/requests/.klt/place-and-route/trng_digital_route.spef line 177409, pin bus_rdata_r[21] not found.
[WARNING STA-1656] /home/ubuntu/GitHub/sky130-trng/.loom/worktrees/issue-236/sim/digital-electrical-repair/requests/.klt/place-and-route/trng_digital_route.spef line 177410, pin bus_rdata_r[23] not found.
[WARNING STA-1656] /home/ubuntu/GitHub/sky130-trng/.loom/worktrees/issue-236/sim/digital-electrical-repair/requests/.klt/place-and-route/trng_digital_route.spef line 177493, pin bus_rdata_r[23] not found.
[WARNING STA-1656] /home/ubuntu/GitHub/sky130-trng/.loom/worktrees/issue-236/sim/digital-electrical-repair/requests/.klt/place-and-route/trng_digital_route.spef line 177494, pin bus_rdata_r[5] not found.
[WARNING STA-1656] /home/ubuntu/GitHub/sky130-trng/.loom/worktrees/issue-236/sim/digital-electrical-repair/requests/.klt/place-and-route/trng_digital_route.spef line 177611, pin bus_rdata_r[15] not found.
[WARNING STA-1656] /home/ubuntu/GitHub/sky130-trng/.loom/worktrees/issue-236/sim/digital-electrical-repair/requests/.klt/place-and-route/trng_digital_route.spef line 177612, pin bus_rdata_r[1] not found.
[WARNING STA-1656] /home/ubuntu/GitHub/sky130-trng/.loom/worktrees/issue-236/sim/digital-electrical-repair/requests/.klt/place-and-route/trng_digital_route.spef line 177613, pin bus_rdata_r[21] not found.
[WARNING STA-1656] /home/ubuntu/GitHub/sky130-trng/.loom/worktrees/issue-236/sim/digital-electrical-repair/requests/.klt/place-and-route/trng_digital_route.spef line 177614, pin bus_rdata_r[23] not found.
[WARNING STA-1656] /home/ubuntu/GitHub/sky130-trng/.loom/worktrees/issue-236/sim/digital-electrical-repair/requests/.klt/place-and-route/trng_digital_route.spef line 177814, pin startup_done152 not found.
[WARNING STA-1656] /home/ubuntu/GitHub/sky130-trng/.loom/worktrees/issue-236/sim/digital-electrical-repair/requests/.klt/place-and-route/trng_digital_route.spef line 177949, pin startup_done152 not found.
[WARNING STA-1656] /home/ubuntu/GitHub/sky130-trng/.loom/worktrees/issue-236/sim/digital-electrical-repair/requests/.klt/place-and-route/trng_digital_route.spef line 178037, pin bus_rdata_r[12] not found.
[WARNING STA-1656] /home/ubuntu/GitHub/sky130-trng/.loom/worktrees/issue-236/sim/digital-electrical-repair/requests/.klt/place-and-route/trng_digital_route.spef line 178038, pin bus_rdata_r[13] not found.
[WARNING STA-1656] /home/ubuntu/GitHub/sky130-trng/.loom/worktrees/issue-236/sim/digital-electrical-repair/requests/.klt/place-and-route/trng_digital_route.spef line 178039, pin bus_rdata_r[14] not found.
[WARNING STA-1656] /home/ubuntu/GitHub/sky130-trng/.loom/worktrees/issue-236/sim/digital-electrical-repair/requests/.klt/place-and-route/trng_digital_route.spef line 178040, pin bus_rdata_r[1] not found.
[WARNING STA-1656] /home/ubuntu/GitHub/sky130-trng/.loom/worktrees/issue-236/sim/digital-electrical-repair/requests/.klt/place-and-route/trng_digital_route.spef line 178041, pin bus_rdata_r[21] not found.
[WARNING STA-1656] /home/ubuntu/GitHub/sky130-trng/.loom/worktrees/issue-236/sim/digital-electrical-repair/requests/.klt/place-and-route/trng_digital_route.spef line 178042, pin bus_rdata_r[23] not found.
[WARNING STA-1656] /home/ubuntu/GitHub/sky130-trng/.loom/worktrees/issue-236/sim/digital-electrical-repair/requests/.klt/place-and-route/trng_digital_route.spef line 178043, pin bus_rdata_r[27] not found.
[WARNING STA-1656] /home/ubuntu/GitHub/sky130-trng/.loom/worktrees/issue-236/sim/digital-electrical-repair/requests/.klt/place-and-route/trng_digital_route.spef line 178044, pin bus_rdata_r[5] not found.
[WARNING STA-1656] /home/ubuntu/GitHub/sky130-trng/.loom/worktrees/issue-236/sim/digital-electrical-repair/requests/.klt/place-and-route/trng_digital_route.spef line 178045, pin bus_rdata_r[9] not found.
[WARNING STA-1656] /home/ubuntu/GitHub/sky130-trng/.loom/worktrees/issue-236/sim/digital-electrical-repair/requests/.klt/place-and-route/trng_digital_route.spef line 178168, pin bus_rdata_r[12] not found.
[WARNING STA-1656] /home/ubuntu/GitHub/sky130-trng/.loom/worktrees/issue-236/sim/digital-electrical-repair/requests/.klt/place-and-route/trng_digital_route.spef line 178169, pin bus_rdata_r[13] not found.
[WARNING STA-1656] /home/ubuntu/GitHub/sky130-trng/.loom/worktrees/issue-236/sim/digital-electrical-repair/requests/.klt/place-and-route/trng_digital_route.spef line 178170, pin bus_rdata_r[14] not found.
[WARNING STA-1656] /home/ubuntu/GitHub/sky130-trng/.loom/worktrees/issue-236/sim/digital-electrical-repair/requests/.klt/place-and-route/trng_digital_route.spef line 178171, pin bus_rdata_r[15] not found.
[WARNING STA-1656] /home/ubuntu/GitHub/sky130-trng/.loom/worktrees/issue-236/sim/digital-electrical-repair/requests/.klt/place-and-route/trng_digital_route.spef line 178172, pin bus_rdata_r[1] not found.
[WARNING STA-1656] /home/ubuntu/GitHub/sky130-trng/.loom/worktrees/issue-236/sim/digital-electrical-repair/requests/.klt/place-and-route/trng_digital_route.spef line 178173, pin bus_rdata_r[21] not found.
[WARNING STA-1656] /home/ubuntu/GitHub/sky130-trng/.loom/worktrees/issue-236/sim/digital-electrical-repair/requests/.klt/place-and-route/trng_digital_route.spef line 178174, pin bus_rdata_r[22] not found.
[WARNING STA-1656] /home/ubuntu/GitHub/sky130-trng/.loom/worktrees/issue-236/sim/digital-electrical-repair/requests/.klt/place-and-route/trng_digital_route.spef line 178175, pin bus_rdata_r[23] not found.
[WARNING STA-1656] /home/ubuntu/GitHub/sky130-trng/.loom/worktrees/issue-236/sim/digital-electrical-repair/requests/.klt/place-and-route/trng_digital_route.spef line 178176, pin bus_rdata_r[27] not found.
[WARNING STA-1656] /home/ubuntu/GitHub/sky130-trng/.loom/worktrees/issue-236/sim/digital-electrical-repair/requests/.klt/place-and-route/trng_digital_route.spef line 178177, pin bus_rdata_r[5] not found.
[WARNING STA-1656] /home/ubuntu/GitHub/sky130-trng/.loom/worktrees/issue-236/sim/digital-electrical-repair/requests/.klt/place-and-route/trng_digital_route.spef line 178178, pin bus_rdata_r[9] not found.
[WARNING STA-1656] /home/ubuntu/GitHub/sky130-trng/.loom/worktrees/issue-236/sim/digital-electrical-repair/requests/.klt/place-and-route/trng_digital_route.spef line 178329, pin bus_rdata_r[14] not found.
[WARNING STA-1656] /home/ubuntu/GitHub/sky130-trng/.loom/worktrees/issue-236/sim/digital-electrical-repair/requests/.klt/place-and-route/trng_digital_route.spef line 178330, pin bus_rdata_r[15] not found.
[WARNING STA-1656] /home/ubuntu/GitHub/sky130-trng/.loom/worktrees/issue-236/sim/digital-electrical-repair/requests/.klt/place-and-route/trng_digital_route.spef line 178331, pin bus_rdata_r[21] not found.
[WARNING STA-1656] /home/ubuntu/GitHub/sky130-trng/.loom/worktrees/issue-236/sim/digital-electrical-repair/requests/.klt/place-and-route/trng_digital_route.spef line 178332, pin bus_rdata_r[23] not found.
[WARNING STA-1656] /home/ubuntu/GitHub/sky130-trng/.loom/worktrees/issue-236/sim/digital-electrical-repair/requests/.klt/place-and-route/trng_digital_route.spef line 178350, pin startup_done152 not found.
[WARNING STA-1656] /home/ubuntu/GitHub/sky130-trng/.loom/worktrees/issue-236/sim/digital-electrical-repair/requests/.klt/place-and-route/trng_digital_route.spef line 178473, pin bus_rdata_r[12] not found.
[WARNING STA-1656] /home/ubuntu/GitHub/sky130-trng/.loom/worktrees/issue-236/sim/digital-electrical-repair/requests/.klt/place-and-route/trng_digital_route.spef line 178474, pin bus_rdata_r[13] not found.
[WARNING STA-1656] /home/ubuntu/GitHub/sky130-trng/.loom/worktrees/issue-236/sim/digital-electrical-repair/requests/.klt/place-and-route/trng_digital_route.spef line 178475, pin bus_rdata_r[14] not found.
[WARNING STA-1656] /home/ubuntu/GitHub/sky130-trng/.loom/worktrees/issue-236/sim/digital-electrical-repair/requests/.klt/place-and-route/trng_digital_route.spef line 178476, pin bus_rdata_r[15] not found.
[WARNING STA-1656] /home/ubuntu/GitHub/sky130-trng/.loom/worktrees/issue-236/sim/digital-electrical-repair/requests/.klt/place-and-route/trng_digital_route.spef line 178477, pin bus_rdata_r[16] not found.
[WARNING STA-1656] /home/ubuntu/GitHub/sky130-trng/.loom/worktrees/issue-236/sim/digital-electrical-repair/requests/.klt/place-and-route/trng_digital_route.spef line 178478, pin bus_rdata_r[1] not found.
[WARNING STA-1656] /home/ubuntu/GitHub/sky130-trng/.loom/worktrees/issue-236/sim/digital-electrical-repair/requests/.klt/place-and-route/trng_digital_route.spef line 178479, pin bus_rdata_r[21] not found.
[WARNING STA-1656] /home/ubuntu/GitHub/sky130-trng/.loom/worktrees/issue-236/sim/digital-electrical-repair/requests/.klt/place-and-route/trng_digital_route.spef line 178480, pin bus_rdata_r[23] not found.
[WARNING STA-1656] /home/ubuntu/GitHub/sky130-trng/.loom/worktrees/issue-236/sim/digital-electrical-repair/requests/.klt/place-and-route/trng_digital_route.spef line 178481, pin bus_rdata_r[27] not found.
[WARNING STA-1656] /home/ubuntu/GitHub/sky130-trng/.loom/worktrees/issue-236/sim/digital-electrical-repair/requests/.klt/place-and-route/trng_digital_route.spef line 178482, pin bus_rdata_r[3] not found.
[WARNING STA-1656] /home/ubuntu/GitHub/sky130-trng/.loom/worktrees/issue-236/sim/digital-electrical-repair/requests/.klt/place-and-route/trng_digital_route.spef line 178483, pin bus_rdata_r[4] not found.
[WARNING STA-1656] /home/ubuntu/GitHub/sky130-trng/.loom/worktrees/issue-236/sim/digital-electrical-repair/requests/.klt/place-and-route/trng_digital_route.spef line 178484, pin bus_rdata_r[5] not found.
[WARNING STA-1656] /home/ubuntu/GitHub/sky130-trng/.loom/worktrees/issue-236/sim/digital-electrical-repair/requests/.klt/place-and-route/trng_digital_route.spef line 178485, pin bus_rdata_r[7] not found.
[WARNING STA-1656] /home/ubuntu/GitHub/sky130-trng/.loom/worktrees/issue-236/sim/digital-electrical-repair/requests/.klt/place-and-route/trng_digital_route.spef line 178486, pin bus_rdata_r[9] not found.
[WARNING STA-1656] /home/ubuntu/GitHub/sky130-trng/.loom/worktrees/issue-236/sim/digital-electrical-repair/requests/.klt/place-and-route/trng_digital_route.spef line 178598, pin bus_rdata_r[5] not found.
[WARNING STA-1656] /home/ubuntu/GitHub/sky130-trng/.loom/worktrees/issue-236/sim/digital-electrical-repair/requests/.klt/place-and-route/trng_digital_route.spef line 178742, pin bus_rdata_r[14] not found.
[WARNING STA-1656] /home/ubuntu/GitHub/sky130-trng/.loom/worktrees/issue-236/sim/digital-electrical-repair/requests/.klt/place-and-route/trng_digital_route.spef line 178743, pin bus_rdata_r[1] not found.
[WARNING STA-1656] /home/ubuntu/GitHub/sky130-trng/.loom/worktrees/issue-236/sim/digital-electrical-repair/requests/.klt/place-and-route/trng_digital_route.spef line 178744, pin bus_rdata_r[21] not found.
[WARNING STA-1656] /home/ubuntu/GitHub/sky130-trng/.loom/worktrees/issue-236/sim/digital-electrical-repair/requests/.klt/place-and-route/trng_digital_route.spef line 178745, pin bus_rdata_r[23] not found.
[WARNING STA-1656] /home/ubuntu/GitHub/sky130-trng/.loom/worktrees/issue-236/sim/digital-electrical-repair/requests/.klt/place-and-route/trng_digital_route.spef line 178746, pin bus_rdata_r[5] not found.
[WARNING STA-1656] /home/ubuntu/GitHub/sky130-trng/.loom/worktrees/issue-236/sim/digital-electrical-repair/requests/.klt/place-and-route/trng_digital_route.spef line 178866, pin bus_rdata_r[16] not found.
[WARNING STA-1656] /home/ubuntu/GitHub/sky130-trng/.loom/worktrees/issue-236/sim/digital-electrical-repair/requests/.klt/place-and-route/trng_digital_route.spef line 178905, pin startup_done152 not found.
[WARNING STA-1656] /home/ubuntu/GitHub/sky130-trng/.loom/worktrees/issue-236/sim/digital-electrical-repair/requests/.klt/place-and-route/trng_digital_route.spef line 178996, pin bus_rdata_r[12] not found.
[WARNING STA-1656] /home/ubuntu/GitHub/sky130-trng/.loom/worktrees/issue-236/sim/digital-electrical-repair/requests/.klt/place-and-route/trng_digital_route.spef line 178997, pin bus_rdata_r[13] not found.
[WARNING STA-1656] /home/ubuntu/GitHub/sky130-trng/.loom/worktrees/issue-236/sim/digital-electrical-repair/requests/.klt/place-and-route/trng_digital_route.spef line 178998, pin bus_rdata_r[14] not found.
[WARNING STA-1656] /home/ubuntu/GitHub/sky130-trng/.loom/worktrees/issue-236/sim/digital-electrical-repair/requests/.klt/place-and-route/trng_digital_route.spef line 178999, pin bus_rdata_r[15] not found.
[WARNING STA-1656] /home/ubuntu/GitHub/sky130-trng/.loom/worktrees/issue-236/sim/digital-electrical-repair/requests/.klt/place-and-route/trng_digital_route.spef line 179000, pin bus_rdata_r[1] not found.
[WARNING STA-1656] /home/ubuntu/GitHub/sky130-trng/.loom/worktrees/issue-236/sim/digital-electrical-repair/requests/.klt/place-and-route/trng_digital_route.spef line 179001, pin bus_rdata_r[21] not found.
[WARNING STA-1656] /home/ubuntu/GitHub/sky130-trng/.loom/worktrees/issue-236/sim/digital-electrical-repair/requests/.klt/place-and-route/trng_digital_route.spef line 179002, pin bus_rdata_r[22] not found.
[WARNING STA-1656] /home/ubuntu/GitHub/sky130-trng/.loom/worktrees/issue-236/sim/digital-electrical-repair/requests/.klt/place-and-route/trng_digital_route.spef line 179003, pin bus_rdata_r[23] not found.
[WARNING STA-1656] /home/ubuntu/GitHub/sky130-trng/.loom/worktrees/issue-236/sim/digital-electrical-repair/requests/.klt/place-and-route/trng_digital_route.spef line 179004, pin bus_rdata_r[27] not found.
[WARNING STA-1656] /home/ubuntu/GitHub/sky130-trng/.loom/worktrees/issue-236/sim/digital-electrical-repair/requests/.klt/place-and-route/trng_digital_route.spef line 179005, pin bus_rdata_r[5] not found.
[WARNING STA-1656] /home/ubuntu/GitHub/sky130-trng/.loom/worktrees/issue-236/sim/digital-electrical-repair/requests/.klt/place-and-route/trng_digital_route.spef line 179006, pin bus_rdata_r[9] not found.
[WARNING STA-1656] /home/ubuntu/GitHub/sky130-trng/.loom/worktrees/issue-236/sim/digital-electrical-repair/requests/.klt/place-and-route/trng_digital_route.spef line 179143, pin bus_rdata_r[15] not found.
[WARNING STA-1656] /home/ubuntu/GitHub/sky130-trng/.loom/worktrees/issue-236/sim/digital-electrical-repair/requests/.klt/place-and-route/trng_digital_route.spef line 179144, pin bus_rdata_r[1] not found.
[WARNING STA-1656] /home/ubuntu/GitHub/sky130-trng/.loom/worktrees/issue-236/sim/digital-electrical-repair/requests/.klt/place-and-route/trng_digital_route.spef line 179145, pin bus_rdata_r[21] not found.
[WARNING STA-1656] /home/ubuntu/GitHub/sky130-trng/.loom/worktrees/issue-236/sim/digital-electrical-repair/requests/.klt/place-and-route/trng_digital_route.spef line 179146, pin bus_rdata_r[23] not found.
[WARNING STA-1656] /home/ubuntu/GitHub/sky130-trng/.loom/worktrees/issue-236/sim/digital-electrical-repair/requests/.klt/place-and-route/trng_digital_route.spef line 179266, pin bus_rdata_r[14] not found.
[WARNING STA-1656] /home/ubuntu/GitHub/sky130-trng/.loom/worktrees/issue-236/sim/digital-electrical-repair/requests/.klt/place-and-route/trng_digital_route.spef line 179267, pin bus_rdata_r[15] not found.
[WARNING STA-1656] /home/ubuntu/GitHub/sky130-trng/.loom/worktrees/issue-236/sim/digital-electrical-repair/requests/.klt/place-and-route/trng_digital_route.spef line 179268, pin bus_rdata_r[1] not found.
[WARNING STA-1656] /home/ubuntu/GitHub/sky130-trng/.loom/worktrees/issue-236/sim/digital-electrical-repair/requests/.klt/place-and-route/trng_digital_route.spef line 179269, pin bus_rdata_r[21] not found.
[WARNING STA-1656] /home/ubuntu/GitHub/sky130-trng/.loom/worktrees/issue-236/sim/digital-electrical-repair/requests/.klt/place-and-route/trng_digital_route.spef line 179270, pin bus_rdata_r[23] not found.
[WARNING STA-1656] /home/ubuntu/GitHub/sky130-trng/.loom/worktrees/issue-236/sim/digital-electrical-repair/requests/.klt/place-and-route/trng_digital_route.spef line 180519, pin bus_rdata_r[17] not found.
[WARNING STA-1656] /home/ubuntu/GitHub/sky130-trng/.loom/worktrees/issue-236/sim/digital-electrical-repair/requests/.klt/place-and-route/trng_digital_route.spef line 180520, pin bus_rdata_r[19] not found.
[WARNING STA-1656] /home/ubuntu/GitHub/sky130-trng/.loom/worktrees/issue-236/sim/digital-electrical-repair/requests/.klt/place-and-route/trng_digital_route.spef line 180521, pin bus_rdata_r[25] not found.
[WARNING STA-1656] /home/ubuntu/GitHub/sky130-trng/.loom/worktrees/issue-236/sim/digital-electrical-repair/requests/.klt/place-and-route/trng_digital_route.spef line 180522, pin bus_rdata_r[2] not found.
[WARNING STA-1656] /home/ubuntu/GitHub/sky130-trng/.loom/worktrees/issue-236/sim/digital-electrical-repair/requests/.klt/place-and-route/trng_digital_route.spef line 180523, pin bus_rdata_r[30] not found.
[WARNING STA-1656] /home/ubuntu/GitHub/sky130-trng/.loom/worktrees/issue-236/sim/digital-electrical-repair/requests/.klt/place-and-route/trng_digital_route.spef line 180555, pin startup_done152 not found.
[WARNING STA-1656] /home/ubuntu/GitHub/sky130-trng/.loom/worktrees/issue-236/sim/digital-electrical-repair/requests/.klt/place-and-route/trng_digital_route.spef line 180575, pin bus_rdata_r[29] not found.
[WARNING STA-1656] /home/ubuntu/GitHub/sky130-trng/.loom/worktrees/issue-236/sim/digital-electrical-repair/requests/.klt/place-and-route/trng_digital_route.spef line 180576, pin bus_rdata_r[31] not found.
[WARNING STA-1656] /home/ubuntu/GitHub/sky130-trng/.loom/worktrees/issue-236/sim/digital-electrical-repair/requests/.klt/place-and-route/trng_digital_route.spef line 180626, pin bus_rdata_r[16] not found.
[WARNING STA-1656] /home/ubuntu/GitHub/sky130-trng/.loom/worktrees/issue-236/sim/digital-electrical-repair/requests/.klt/place-and-route/trng_digital_route.spef line 180627, pin bus_rdata_r[19] not found.
[WARNING STA-1656] /home/ubuntu/GitHub/sky130-trng/.loom/worktrees/issue-236/sim/digital-electrical-repair/requests/.klt/place-and-route/trng_digital_route.spef line 180628, pin bus_rdata_r[25] not found.
[WARNING STA-1656] /home/ubuntu/GitHub/sky130-trng/.loom/worktrees/issue-236/sim/digital-electrical-repair/requests/.klt/place-and-route/trng_digital_route.spef line 180629, pin bus_rdata_r[3] not found.
[WARNING STA-1656] /home/ubuntu/GitHub/sky130-trng/.loom/worktrees/issue-236/sim/digital-electrical-repair/requests/.klt/place-and-route/trng_digital_route.spef line 180630, pin bus_rdata_r[4] not found.
[WARNING STA-1656] /home/ubuntu/GitHub/sky130-trng/.loom/worktrees/issue-236/sim/digital-electrical-repair/requests/.klt/place-and-route/trng_digital_route.spef line 180631, pin bus_rdata_r[6] not found.
[WARNING STA-1656] /home/ubuntu/GitHub/sky130-trng/.loom/worktrees/issue-236/sim/digital-electrical-repair/requests/.klt/place-and-route/trng_digital_route.spef line 180632, pin bus_rdata_r[7] not found.
[WARNING STA-1656] /home/ubuntu/GitHub/sky130-trng/.loom/worktrees/issue-236/sim/digital-electrical-repair/requests/.klt/place-and-route/trng_digital_route.spef line 180633, pin bus_rdata_r[8] not found.
[WARNING STA-1656] /home/ubuntu/GitHub/sky130-trng/.loom/worktrees/issue-236/sim/digital-electrical-repair/requests/.klt/place-and-route/trng_digital_route.spef line 180682, pin bus_rdata_r[3] not found.
[WARNING STA-1656] /home/ubuntu/GitHub/sky130-trng/.loom/worktrees/issue-236/sim/digital-electrical-repair/requests/.klt/place-and-route/trng_digital_route.spef line 180719, pin bus_rdata_r[22] not found.
[WARNING STA-1656] /home/ubuntu/GitHub/sky130-trng/.loom/worktrees/issue-236/sim/digital-electrical-repair/requests/.klt/place-and-route/trng_digital_route.spef line 180720, pin bus_rdata_r[4] not found.
[WARNING STA-1656] /home/ubuntu/GitHub/sky130-trng/.loom/worktrees/issue-236/sim/digital-electrical-repair/requests/.klt/place-and-route/trng_digital_route.spef line 180836, pin bus_rdata_r[17] not found.
[WARNING STA-1656] /home/ubuntu/GitHub/sky130-trng/.loom/worktrees/issue-236/sim/digital-electrical-repair/requests/.klt/place-and-route/trng_digital_route.spef line 180837, pin bus_rdata_r[20] not found.
[WARNING STA-1656] /home/ubuntu/GitHub/sky130-trng/.loom/worktrees/issue-236/sim/digital-electrical-repair/requests/.klt/place-and-route/trng_digital_route.spef line 180838, pin bus_rdata_r[2] not found.
[WARNING STA-1656] /home/ubuntu/GitHub/sky130-trng/.loom/worktrees/issue-236/sim/digital-electrical-repair/requests/.klt/place-and-route/trng_digital_route.spef line 180886, pin startup_done152 not found.
[WARNING STA-1656] /home/ubuntu/GitHub/sky130-trng/.loom/worktrees/issue-236/sim/digital-electrical-repair/requests/.klt/place-and-route/trng_digital_route.spef line 181126, pin bus_rdata_r[0] not found.
[WARNING STA-1656] /home/ubuntu/GitHub/sky130-trng/.loom/worktrees/issue-236/sim/digital-electrical-repair/requests/.klt/place-and-route/trng_digital_route.spef line 181239, pin bus_rdata_r[17] not found.
[WARNING STA-1656] /home/ubuntu/GitHub/sky130-trng/.loom/worktrees/issue-236/sim/digital-electrical-repair/requests/.klt/place-and-route/trng_digital_route.spef line 181240, pin bus_rdata_r[2] not found.
[WARNING STA-1656] /home/ubuntu/GitHub/sky130-trng/.loom/worktrees/issue-236/sim/digital-electrical-repair/requests/.klt/place-and-route/trng_digital_route.spef line 181241, pin bus_rdata_r[30] not found.
[WARNING STA-1656] /home/ubuntu/GitHub/sky130-trng/.loom/worktrees/issue-236/sim/digital-electrical-repair/requests/.klt/place-and-route/trng_digital_route.spef line 181242, pin bus_rdata_r[6] not found.
[WARNING STA-1656] /home/ubuntu/GitHub/sky130-trng/.loom/worktrees/issue-236/sim/digital-electrical-repair/requests/.klt/place-and-route/trng_digital_route.spef line 181276, pin startup_done152 not found.
[WARNING STA-1656] /home/ubuntu/GitHub/sky130-trng/.loom/worktrees/issue-236/sim/digital-electrical-repair/requests/.klt/place-and-route/trng_digital_route.spef line 181298, pin bus_rdata_r[13] not found.
[WARNING STA-1656] /home/ubuntu/GitHub/sky130-trng/.loom/worktrees/issue-236/sim/digital-electrical-repair/requests/.klt/place-and-route/trng_digital_route.spef line 181299, pin bus_rdata_r[14] not found.
[WARNING STA-1656] /home/ubuntu/GitHub/sky130-trng/.loom/worktrees/issue-236/sim/digital-electrical-repair/requests/.klt/place-and-route/trng_digital_route.spef line 181300, pin bus_rdata_r[15] not found.
[WARNING STA-1656] /home/ubuntu/GitHub/sky130-trng/.loom/worktrees/issue-236/sim/digital-electrical-repair/requests/.klt/place-and-route/trng_digital_route.spef line 181301, pin bus_rdata_r[18] not found.
[WARNING STA-1656] /home/ubuntu/GitHub/sky130-trng/.loom/worktrees/issue-236/sim/digital-electrical-repair/requests/.klt/place-and-route/trng_digital_route.spef line 181302, pin bus_rdata_r[1] not found.
[WARNING STA-1656] /home/ubuntu/GitHub/sky130-trng/.loom/worktrees/issue-236/sim/digital-electrical-repair/requests/.klt/place-and-route/trng_digital_route.spef line 181303, pin bus_rdata_r[23] not found.
[WARNING STA-1656] /home/ubuntu/GitHub/sky130-trng/.loom/worktrees/issue-236/sim/digital-electrical-repair/requests/.klt/place-and-route/trng_digital_route.spef line 181304, pin bus_rdata_r[28] not found.
[WARNING STA-1656] /home/ubuntu/GitHub/sky130-trng/.loom/worktrees/issue-236/sim/digital-electrical-repair/requests/.klt/place-and-route/trng_digital_route.spef line 181305, pin bus_rdata_r[4] not found.
[WARNING STA-1656] /home/ubuntu/GitHub/sky130-trng/.loom/worktrees/issue-236/sim/digital-electrical-repair/requests/.klt/place-and-route/trng_digital_route.spef line 181427, pin bus_rdata_r[1] not found.
[WARNING STA-1656] /home/ubuntu/GitHub/sky130-trng/.loom/worktrees/issue-236/sim/digital-electrical-repair/requests/.klt/place-and-route/trng_digital_route.spef line 181428, pin bus_rdata_r[28] not found.
[WARNING STA-1656] /home/ubuntu/GitHub/sky130-trng/.loom/worktrees/issue-236/sim/digital-electrical-repair/requests/.klt/place-and-route/trng_digital_route.spef line 181475, pin bus_rdata_r[20] not found.
[WARNING STA-1656] /home/ubuntu/GitHub/sky130-trng/.loom/worktrees/issue-236/sim/digital-electrical-repair/requests/.klt/place-and-route/trng_digital_route.spef line 181476, pin bus_rdata_r[2] not found.
[WARNING STA-1656] /home/ubuntu/GitHub/sky130-trng/.loom/worktrees/issue-236/sim/digital-electrical-repair/requests/.klt/place-and-route/trng_digital_route.spef line 181592, pin bus_rdata_r[21] not found.
[WARNING STA-1656] /home/ubuntu/GitHub/sky130-trng/.loom/worktrees/issue-236/sim/digital-electrical-repair/requests/.klt/place-and-route/trng_digital_route.spef line 181593, pin bus_rdata_r[23] not found.
[WARNING STA-1656] /home/ubuntu/GitHub/sky130-trng/.loom/worktrees/issue-236/sim/digital-electrical-repair/requests/.klt/place-and-route/trng_digital_route.spef line 181594, pin bus_rdata_r[27] not found.
[WARNING STA-1656] /home/ubuntu/GitHub/sky130-trng/.loom/worktrees/issue-236/sim/digital-electrical-repair/requests/.klt/place-and-route/trng_digital_route.spef line 181595, pin bus_rdata_r[28] not found.
[WARNING STA-1656] /home/ubuntu/GitHub/sky130-trng/.loom/worktrees/issue-236/sim/digital-electrical-repair/requests/.klt/place-and-route/trng_digital_route.spef line 181596, pin bus_rdata_r[5] not found.
[WARNING STA-1656] /home/ubuntu/GitHub/sky130-trng/.loom/worktrees/issue-236/sim/digital-electrical-repair/requests/.klt/place-and-route/trng_digital_route.spef line 181661, pin bus_rdata_r[11] not found.
[WARNING STA-1656] /home/ubuntu/GitHub/sky130-trng/.loom/worktrees/issue-236/sim/digital-electrical-repair/requests/.klt/place-and-route/trng_digital_route.spef line 181662, pin bus_rdata_r[25] not found.
[WARNING STA-1656] /home/ubuntu/GitHub/sky130-trng/.loom/worktrees/issue-236/sim/digital-electrical-repair/requests/.klt/place-and-route/trng_digital_route.spef line 181663, pin bus_rdata_r[2] not found.
[WARNING STA-1656] /home/ubuntu/GitHub/sky130-trng/.loom/worktrees/issue-236/sim/digital-electrical-repair/requests/.klt/place-and-route/trng_digital_route.spef line 181749, pin bus_rdata_r[0] not found.
[WARNING STA-1656] /home/ubuntu/GitHub/sky130-trng/.loom/worktrees/issue-236/sim/digital-electrical-repair/requests/.klt/place-and-route/trng_digital_route.spef line 181750, pin bus_rdata_r[1] not found.
[WARNING STA-1656] /home/ubuntu/GitHub/sky130-trng/.loom/worktrees/issue-236/sim/digital-electrical-repair/requests/.klt/place-and-route/trng_digital_route.spef line 181751, pin bus_rdata_r[4] not found.
[WARNING STA-1656] /home/ubuntu/GitHub/sky130-trng/.loom/worktrees/issue-236/sim/digital-electrical-repair/requests/.klt/place-and-route/trng_digital_route.spef line 181752, pin bus_rdata_r[9] not found.
[WARNING STA-1656] /home/ubuntu/GitHub/sky130-trng/.loom/worktrees/issue-236/sim/digital-electrical-repair/requests/.klt/place-and-route/trng_digital_route.spef line 181807, pin bus_rdata_r[17] not found.
[WARNING STA-1656] /home/ubuntu/GitHub/sky130-trng/.loom/worktrees/issue-236/sim/digital-electrical-repair/requests/.klt/place-and-route/trng_digital_route.spef line 181808, pin bus_rdata_r[2] not found.
[WARNING STA-1656] /home/ubuntu/GitHub/sky130-trng/.loom/worktrees/issue-236/sim/digital-electrical-repair/requests/.klt/place-and-route/trng_digital_route.spef line 181809, pin bus_rdata_r[30] not found.
[WARNING STA-1656] /home/ubuntu/GitHub/sky130-trng/.loom/worktrees/issue-236/sim/digital-electrical-repair/requests/.klt/place-and-route/trng_digital_route.spef line 181825, pin startup_done152 not found.
[WARNING STA-1656] /home/ubuntu/GitHub/sky130-trng/.loom/worktrees/issue-236/sim/digital-electrical-repair/requests/.klt/place-and-route/trng_digital_route.spef line 181864, pin bus_rdata_r[11] not found.
[WARNING STA-1656] /home/ubuntu/GitHub/sky130-trng/.loom/worktrees/issue-236/sim/digital-electrical-repair/requests/.klt/place-and-route/trng_digital_route.spef line 181865, pin bus_rdata_r[2] not found.
[WARNING STA-1656] /home/ubuntu/GitHub/sky130-trng/.loom/worktrees/issue-236/sim/digital-electrical-repair/requests/.klt/place-and-route/trng_digital_route.spef line 181933, pin bus_rdata_r[29] not found.
[WARNING STA-1656] /home/ubuntu/GitHub/sky130-trng/.loom/worktrees/issue-236/sim/digital-electrical-repair/requests/.klt/place-and-route/trng_digital_route.spef line 181934, pin bus_rdata_r[31] not found.
[WARNING STA-1656] /home/ubuntu/GitHub/sky130-trng/.loom/worktrees/issue-236/sim/digital-electrical-repair/requests/.klt/place-and-route/trng_digital_route.spef line 181935, pin bus_rdata_r[5] not found.
[WARNING STA-1656] /home/ubuntu/GitHub/sky130-trng/.loom/worktrees/issue-236/sim/digital-electrical-repair/requests/.klt/place-and-route/trng_digital_route.spef line 181989, pin bus_rdata_r[5] not found.
[WARNING STA-1656] /home/ubuntu/GitHub/sky130-trng/.loom/worktrees/issue-236/sim/digital-electrical-repair/requests/.klt/place-and-route/trng_digital_route.spef line 182040, pin bus_rdata_r[2] not found.
[WARNING STA-1656] /home/ubuntu/GitHub/sky130-trng/.loom/worktrees/issue-236/sim/digital-electrical-repair/requests/.klt/place-and-route/trng_digital_route.spef line 182068, pin startup_done152 not found.
[WARNING STA-1656] /home/ubuntu/GitHub/sky130-trng/.loom/worktrees/issue-236/sim/digital-electrical-repair/requests/.klt/place-and-route/trng_digital_route.spef line 182089, pin bus_rdata_r[2] not found.
[WARNING STA-1656] /home/ubuntu/GitHub/sky130-trng/.loom/worktrees/issue-236/sim/digital-electrical-repair/requests/.klt/place-and-route/trng_digital_route.spef line 182110, pin startup_done152 not found.
[WARNING STA-1656] /home/ubuntu/GitHub/sky130-trng/.loom/worktrees/issue-236/sim/digital-electrical-repair/requests/.klt/place-and-route/trng_digital_route.spef line 182324, pin startup_done152 not found.
[WARNING STA-1656] /home/ubuntu/GitHub/sky130-trng/.loom/worktrees/issue-236/sim/digital-electrical-repair/requests/.klt/place-and-route/trng_digital_route.spef line 182531, pin bus_rdata_r[17] not found.
[WARNING STA-1656] /home/ubuntu/GitHub/sky130-trng/.loom/worktrees/issue-236/sim/digital-electrical-repair/requests/.klt/place-and-route/trng_digital_route.spef line 182532, pin bus_rdata_r[2] not found.
[WARNING STA-1656] /home/ubuntu/GitHub/sky130-trng/.loom/worktrees/issue-236/sim/digital-electrical-repair/requests/.klt/place-and-route/trng_digital_route.spef line 182569, pin startup_done152 not found.
[WARNING STA-1656] /home/ubuntu/GitHub/sky130-trng/.loom/worktrees/issue-236/sim/digital-electrical-repair/requests/.klt/place-and-route/trng_digital_route.spef line 182614, pin bus_rdata_r[17] not found.
[WARNING STA-1656] /home/ubuntu/GitHub/sky130-trng/.loom/worktrees/issue-236/sim/digital-electrical-repair/requests/.klt/place-and-route/trng_digital_route.spef line 182640, pin bus_rdata_r[17] not found.
[WARNING STA-1656] /home/ubuntu/GitHub/sky130-trng/.loom/worktrees/issue-236/sim/digital-electrical-repair/requests/.klt/place-and-route/trng_digital_route.spef line 182652, pin startup_done152 not found.
[WARNING STA-1656] /home/ubuntu/GitHub/sky130-trng/.loom/worktrees/issue-236/sim/digital-electrical-repair/requests/.klt/place-and-route/trng_digital_route.spef line 182681, pin bus_rdata_r[10] not found.
[WARNING STA-1656] /home/ubuntu/GitHub/sky130-trng/.loom/worktrees/issue-236/sim/digital-electrical-repair/requests/.klt/place-and-route/trng_digital_route.spef line 182682, pin bus_rdata_r[16] not found.
[WARNING STA-1656] /home/ubuntu/GitHub/sky130-trng/.loom/worktrees/issue-236/sim/digital-electrical-repair/requests/.klt/place-and-route/trng_digital_route.spef line 182683, pin bus_rdata_r[20] not found.
[WARNING STA-1656] /home/ubuntu/GitHub/sky130-trng/.loom/worktrees/issue-236/sim/digital-electrical-repair/requests/.klt/place-and-route/trng_digital_route.spef line 182684, pin bus_rdata_r[22] not found.
[WARNING STA-1656] /home/ubuntu/GitHub/sky130-trng/.loom/worktrees/issue-236/sim/digital-electrical-repair/requests/.klt/place-and-route/trng_digital_route.spef line 182685, pin bus_rdata_r[25] not found.
[WARNING STA-1656] /home/ubuntu/GitHub/sky130-trng/.loom/worktrees/issue-236/sim/digital-electrical-repair/requests/.klt/place-and-route/trng_digital_route.spef line 182686, pin bus_rdata_r[30] not found.
[WARNING STA-1656] /home/ubuntu/GitHub/sky130-trng/.loom/worktrees/issue-236/sim/digital-electrical-repair/requests/.klt/place-and-route/trng_digital_route.spef line 182687, pin bus_rdata_r[3] not found.
[WARNING STA-1656] /home/ubuntu/GitHub/sky130-trng/.loom/worktrees/issue-236/sim/digital-electrical-repair/requests/.klt/place-and-route/trng_digital_route.spef line 182688, pin bus_rdata_r[4] not found.
[WARNING STA-1656] /home/ubuntu/GitHub/sky130-trng/.loom/worktrees/issue-236/sim/digital-electrical-repair/requests/.klt/place-and-route/trng_digital_route.spef line 182689, pin bus_rdata_r[6] not found.
[WARNING STA-1656] /home/ubuntu/GitHub/sky130-trng/.loom/worktrees/issue-236/sim/digital-electrical-repair/requests/.klt/place-and-route/trng_digital_route.spef line 182690, pin bus_rdata_r[7] not found.
[WARNING STA-1656] /home/ubuntu/GitHub/sky130-trng/.loom/worktrees/issue-236/sim/digital-electrical-repair/requests/.klt/place-and-route/trng_digital_route.spef line 182691, pin bus_rdata_r[8] not found.
[WARNING STA-1656] /home/ubuntu/GitHub/sky130-trng/.loom/worktrees/issue-236/sim/digital-electrical-repair/requests/.klt/place-and-route/trng_digital_route.spef line 182730, pin bus_rdata_r[12] not found.
[WARNING STA-1656] /home/ubuntu/GitHub/sky130-trng/.loom/worktrees/issue-236/sim/digital-electrical-repair/requests/.klt/place-and-route/trng_digital_route.spef line 182731, pin bus_rdata_r[13] not found.
[WARNING STA-1656] /home/ubuntu/GitHub/sky130-trng/.loom/worktrees/issue-236/sim/digital-electrical-repair/requests/.klt/place-and-route/trng_digital_route.spef line 182732, pin bus_rdata_r[14] not found.
[WARNING STA-1656] /home/ubuntu/GitHub/sky130-trng/.loom/worktrees/issue-236/sim/digital-electrical-repair/requests/.klt/place-and-route/trng_digital_route.spef line 182733, pin bus_rdata_r[15] not found.
[WARNING STA-1656] /home/ubuntu/GitHub/sky130-trng/.loom/worktrees/issue-236/sim/digital-electrical-repair/requests/.klt/place-and-route/trng_digital_route.spef line 182734, pin bus_rdata_r[18] not found.
[WARNING STA-1656] /home/ubuntu/GitHub/sky130-trng/.loom/worktrees/issue-236/sim/digital-electrical-repair/requests/.klt/place-and-route/trng_digital_route.spef line 182735, pin bus_rdata_r[1] not found.
[WARNING STA-1656] /home/ubuntu/GitHub/sky130-trng/.loom/worktrees/issue-236/sim/digital-electrical-repair/requests/.klt/place-and-route/trng_digital_route.spef line 182736, pin bus_rdata_r[21] not found.
[WARNING STA-1656] /home/ubuntu/GitHub/sky130-trng/.loom/worktrees/issue-236/sim/digital-electrical-repair/requests/.klt/place-and-route/trng_digital_route.spef line 182737, pin bus_rdata_r[23] not found.
[WARNING STA-1656] /home/ubuntu/GitHub/sky130-trng/.loom/worktrees/issue-236/sim/digital-electrical-repair/requests/.klt/place-and-route/trng_digital_route.spef line 182738, pin bus_rdata_r[27] not found.
[WARNING STA-1656] /home/ubuntu/GitHub/sky130-trng/.loom/worktrees/issue-236/sim/digital-electrical-repair/requests/.klt/place-and-route/trng_digital_route.spef line 182739, pin bus_rdata_r[28] not found.
[WARNING STA-1656] /home/ubuntu/GitHub/sky130-trng/.loom/worktrees/issue-236/sim/digital-electrical-repair/requests/.klt/place-and-route/trng_digital_route.spef line 182740, pin bus_rdata_r[9] not found.
[WARNING STA-1656] /home/ubuntu/GitHub/sky130-trng/.loom/worktrees/issue-236/sim/digital-electrical-repair/requests/.klt/place-and-route/trng_digital_route.spef line 182801, pin bus_rdata_r[10] not found.
[WARNING STA-1656] /home/ubuntu/GitHub/sky130-trng/.loom/worktrees/issue-236/sim/digital-electrical-repair/requests/.klt/place-and-route/trng_digital_route.spef line 182802, pin bus_rdata_r[16] not found.
[WARNING STA-1656] /home/ubuntu/GitHub/sky130-trng/.loom/worktrees/issue-236/sim/digital-electrical-repair/requests/.klt/place-and-route/trng_digital_route.spef line 182803, pin bus_rdata_r[17] not found.
[WARNING STA-1656] /home/ubuntu/GitHub/sky130-trng/.loom/worktrees/issue-236/sim/digital-electrical-repair/requests/.klt/place-and-route/trng_digital_route.spef line 182804, pin bus_rdata_r[19] not found.
[WARNING STA-1656] /home/ubuntu/GitHub/sky130-trng/.loom/worktrees/issue-236/sim/digital-electrical-repair/requests/.klt/place-and-route/trng_digital_route.spef line 182805, pin bus_rdata_r[20] not found.
[WARNING STA-1656] /home/ubuntu/GitHub/sky130-trng/.loom/worktrees/issue-236/sim/digital-electrical-repair/requests/.klt/place-and-route/trng_digital_route.spef line 182806, pin bus_rdata_r[22] not found.
[WARNING STA-1656] /home/ubuntu/GitHub/sky130-trng/.loom/worktrees/issue-236/sim/digital-electrical-repair/requests/.klt/place-and-route/trng_digital_route.spef line 182807, pin bus_rdata_r[25] not found.
[WARNING STA-1656] /home/ubuntu/GitHub/sky130-trng/.loom/worktrees/issue-236/sim/digital-electrical-repair/requests/.klt/place-and-route/trng_digital_route.spef line 182808, pin bus_rdata_r[2] not found.
[WARNING STA-1656] /home/ubuntu/GitHub/sky130-trng/.loom/worktrees/issue-236/sim/digital-electrical-repair/requests/.klt/place-and-route/trng_digital_route.spef line 182809, pin bus_rdata_r[30] not found.
[WARNING STA-1656] /home/ubuntu/GitHub/sky130-trng/.loom/worktrees/issue-236/sim/digital-electrical-repair/requests/.klt/place-and-route/trng_digital_route.spef line 182810, pin bus_rdata_r[3] not found.
[WARNING STA-1656] /home/ubuntu/GitHub/sky130-trng/.loom/worktrees/issue-236/sim/digital-electrical-repair/requests/.klt/place-and-route/trng_digital_route.spef line 182811, pin bus_rdata_r[4] not found.
[WARNING STA-1656] /home/ubuntu/GitHub/sky130-trng/.loom/worktrees/issue-236/sim/digital-electrical-repair/requests/.klt/place-and-route/trng_digital_route.spef line 182812, pin bus_rdata_r[6] not found.
[WARNING STA-1656] /home/ubuntu/GitHub/sky130-trng/.loom/worktrees/issue-236/sim/digital-electrical-repair/requests/.klt/place-and-route/trng_digital_route.spef line 182813, pin bus_rdata_r[7] not found.
[WARNING STA-1656] /home/ubuntu/GitHub/sky130-trng/.loom/worktrees/issue-236/sim/digital-electrical-repair/requests/.klt/place-and-route/trng_digital_route.spef line 182814, pin bus_rdata_r[8] not found.
[WARNING STA-1656] /home/ubuntu/GitHub/sky130-trng/.loom/worktrees/issue-236/sim/digital-electrical-repair/requests/.klt/place-and-route/trng_digital_route.spef line 182842, pin startup_done152 not found.
[WARNING STA-1656] /home/ubuntu/GitHub/sky130-trng/.loom/worktrees/issue-236/sim/digital-electrical-repair/requests/.klt/place-and-route/trng_digital_route.spef line 182927, pin bus_rdata_r[29] not found.
[WARNING STA-1656] /home/ubuntu/GitHub/sky130-trng/.loom/worktrees/issue-236/sim/digital-electrical-repair/requests/.klt/place-and-route/trng_digital_route.spef line 182928, pin bus_rdata_r[31] not found.
[WARNING STA-1656] /home/ubuntu/GitHub/sky130-trng/.loom/worktrees/issue-236/sim/digital-electrical-repair/requests/.klt/place-and-route/trng_digital_route.spef line 182929, pin bus_rdata_r[5] not found.
[WARNING STA-1656] /home/ubuntu/GitHub/sky130-trng/.loom/worktrees/issue-236/sim/digital-electrical-repair/requests/.klt/place-and-route/trng_digital_route.spef line 183047, pin bus_rdata_r[15] not found.
[WARNING STA-1656] /home/ubuntu/GitHub/sky130-trng/.loom/worktrees/issue-236/sim/digital-electrical-repair/requests/.klt/place-and-route/trng_digital_route.spef line 183125, pin bus_rdata_r[16] not found.
[WARNING STA-1656] /home/ubuntu/GitHub/sky130-trng/.loom/worktrees/issue-236/sim/digital-electrical-repair/requests/.klt/place-and-route/trng_digital_route.spef line 183126, pin bus_rdata_r[17] not found.
[WARNING STA-1656] /home/ubuntu/GitHub/sky130-trng/.loom/worktrees/issue-236/sim/digital-electrical-repair/requests/.klt/place-and-route/trng_digital_route.spef line 183127, pin bus_rdata_r[3] not found.
[WARNING STA-1656] /home/ubuntu/GitHub/sky130-trng/.loom/worktrees/issue-236/sim/digital-electrical-repair/requests/.klt/place-and-route/trng_digital_route.spef line 183128, pin bus_rdata_r[7] not found.
[WARNING STA-1656] /home/ubuntu/GitHub/sky130-trng/.loom/worktrees/issue-236/sim/digital-electrical-repair/requests/.klt/place-and-route/trng_digital_route.spef line 183177, pin startup_done152 not found.
[WARNING STA-1656] /home/ubuntu/GitHub/sky130-trng/.loom/worktrees/issue-236/sim/digital-electrical-repair/requests/.klt/place-and-route/trng_digital_route.spef line 183256, pin bus_rdata_r[16] not found.
[WARNING STA-1656] /home/ubuntu/GitHub/sky130-trng/.loom/worktrees/issue-236/sim/digital-electrical-repair/requests/.klt/place-and-route/trng_digital_route.spef line 183257, pin bus_rdata_r[17] not found.
[WARNING STA-1656] /home/ubuntu/GitHub/sky130-trng/.loom/worktrees/issue-236/sim/digital-electrical-repair/requests/.klt/place-and-route/trng_digital_route.spef line 183258, pin bus_rdata_r[7] not found.
[WARNING STA-1656] /home/ubuntu/GitHub/sky130-trng/.loom/worktrees/issue-236/sim/digital-electrical-repair/requests/.klt/place-and-route/trng_digital_route.spef line 183303, pin startup_done152 not found.
[WARNING STA-1656] /home/ubuntu/GitHub/sky130-trng/.loom/worktrees/issue-236/sim/digital-electrical-repair/requests/.klt/place-and-route/trng_digital_route.spef line 183362, pin bus_rdata_r[16] not found.
[WARNING STA-1656] /home/ubuntu/GitHub/sky130-trng/.loom/worktrees/issue-236/sim/digital-electrical-repair/requests/.klt/place-and-route/trng_digital_route.spef line 183363, pin bus_rdata_r[3] not found.
[WARNING STA-1656] /home/ubuntu/GitHub/sky130-trng/.loom/worktrees/issue-236/sim/digital-electrical-repair/requests/.klt/place-and-route/trng_digital_route.spef line 183430, pin bus_rdata_r[17] not found.
[WARNING STA-1656] /home/ubuntu/GitHub/sky130-trng/.loom/worktrees/issue-236/sim/digital-electrical-repair/requests/.klt/place-and-route/trng_digital_route.spef line 183431, pin bus_rdata_r[3] not found.
[WARNING STA-1656] /home/ubuntu/GitHub/sky130-trng/.loom/worktrees/issue-236/sim/digital-electrical-repair/requests/.klt/place-and-route/trng_digital_route.spef line 183432, pin bus_rdata_r[7] not found.
[WARNING STA-1656] /home/ubuntu/GitHub/sky130-trng/.loom/worktrees/issue-236/sim/digital-electrical-repair/requests/.klt/place-and-route/trng_digital_route.spef line 183484, pin startup_done152 not found.
[WARNING STA-1656] /home/ubuntu/GitHub/sky130-trng/.loom/worktrees/issue-236/sim/digital-electrical-repair/requests/.klt/place-and-route/trng_digital_route.spef line 183547, pin bus_rdata_r[16] not found.
[WARNING STA-1656] /home/ubuntu/GitHub/sky130-trng/.loom/worktrees/issue-236/sim/digital-electrical-repair/requests/.klt/place-and-route/trng_digital_route.spef line 183548, pin bus_rdata_r[17] not found.
[WARNING STA-1656] /home/ubuntu/GitHub/sky130-trng/.loom/worktrees/issue-236/sim/digital-electrical-repair/requests/.klt/place-and-route/trng_digital_route.spef line 183549, pin bus_rdata_r[19] not found.
[WARNING STA-1656] /home/ubuntu/GitHub/sky130-trng/.loom/worktrees/issue-236/sim/digital-electrical-repair/requests/.klt/place-and-route/trng_digital_route.spef line 183550, pin bus_rdata_r[25] not found.
[WARNING STA-1656] /home/ubuntu/GitHub/sky130-trng/.loom/worktrees/issue-236/sim/digital-electrical-repair/requests/.klt/place-and-route/trng_digital_route.spef line 183551, pin bus_rdata_r[2] not found.
[WARNING STA-1656] /home/ubuntu/GitHub/sky130-trng/.loom/worktrees/issue-236/sim/digital-electrical-repair/requests/.klt/place-and-route/trng_digital_route.spef line 183552, pin bus_rdata_r[30] not found.
[WARNING STA-1656] /home/ubuntu/GitHub/sky130-trng/.loom/worktrees/issue-236/sim/digital-electrical-repair/requests/.klt/place-and-route/trng_digital_route.spef line 183553, pin bus_rdata_r[3] not found.
[WARNING STA-1656] /home/ubuntu/GitHub/sky130-trng/.loom/worktrees/issue-236/sim/digital-electrical-repair/requests/.klt/place-and-route/trng_digital_route.spef line 183584, pin startup_done152 not found.
[WARNING STA-1656] /home/ubuntu/GitHub/sky130-trng/.loom/worktrees/issue-236/sim/digital-electrical-repair/requests/.klt/place-and-route/trng_digital_route.spef line 183602, pin bus_rdata_r[29] not found.
[WARNING STA-1656] /home/ubuntu/GitHub/sky130-trng/.loom/worktrees/issue-236/sim/digital-electrical-repair/requests/.klt/place-and-route/trng_digital_route.spef line 183625, pin bus_rdata_r[12] not found.
[WARNING STA-1656] /home/ubuntu/GitHub/sky130-trng/.loom/worktrees/issue-236/sim/digital-electrical-repair/requests/.klt/place-and-route/trng_digital_route.spef line 183626, pin bus_rdata_r[13] not found.
[WARNING STA-1656] /home/ubuntu/GitHub/sky130-trng/.loom/worktrees/issue-236/sim/digital-electrical-repair/requests/.klt/place-and-route/trng_digital_route.spef line 183627, pin bus_rdata_r[14] not found.
[WARNING STA-1656] /home/ubuntu/GitHub/sky130-trng/.loom/worktrees/issue-236/sim/digital-electrical-repair/requests/.klt/place-and-route/trng_digital_route.spef line 183628, pin bus_rdata_r[15] not found.
[WARNING STA-1656] /home/ubuntu/GitHub/sky130-trng/.loom/worktrees/issue-236/sim/digital-electrical-repair/requests/.klt/place-and-route/trng_digital_route.spef line 183629, pin bus_rdata_r[28] not found.
[WARNING STA-1656] /home/ubuntu/GitHub/sky130-trng/.loom/worktrees/issue-236/sim/digital-electrical-repair/requests/.klt/place-and-route/trng_digital_route.spef line 183630, pin bus_rdata_r[4] not found.
[WARNING STA-1656] /home/ubuntu/GitHub/sky130-trng/.loom/worktrees/issue-236/sim/digital-electrical-repair/requests/.klt/place-and-route/trng_digital_route.spef line 183631, pin bus_rdata_r[9] not found.
[WARNING STA-1656] /home/ubuntu/GitHub/sky130-trng/.loom/worktrees/issue-236/sim/digital-electrical-repair/requests/.klt/place-and-route/trng_digital_route.spef line 183669, pin bus_rdata_r[1] not found.
[WARNING STA-1656] /home/ubuntu/GitHub/sky130-trng/.loom/worktrees/issue-236/sim/digital-electrical-repair/requests/.klt/place-and-route/trng_digital_route.spef line 183670, pin bus_rdata_r[21] not found.
[WARNING STA-1656] /home/ubuntu/GitHub/sky130-trng/.loom/worktrees/issue-236/sim/digital-electrical-repair/requests/.klt/place-and-route/trng_digital_route.spef line 183671, pin bus_rdata_r[27] not found.
[WARNING STA-1656] /home/ubuntu/GitHub/sky130-trng/.loom/worktrees/issue-236/sim/digital-electrical-repair/requests/.klt/place-and-route/trng_digital_route.spef line 183695, pin bus_rdata_r[22] not found.
[WARNING STA-1656] /home/ubuntu/GitHub/sky130-trng/.loom/worktrees/issue-236/sim/digital-electrical-repair/requests/.klt/place-and-route/trng_digital_route.spef line 183696, pin bus_rdata_r[26] not found.
[WARNING STA-1656] /home/ubuntu/GitHub/sky130-trng/.loom/worktrees/issue-236/sim/digital-electrical-repair/requests/.klt/place-and-route/trng_digital_route.spef line 183697, pin bus_rdata_r[4] not found.
[WARNING STA-1656] /home/ubuntu/GitHub/sky130-trng/.loom/worktrees/issue-236/sim/digital-electrical-repair/requests/.klt/place-and-route/trng_digital_route.spef line 183756, pin bus_rdata_r[24] not found.
[WARNING STA-1656] /home/ubuntu/GitHub/sky130-trng/.loom/worktrees/issue-236/sim/digital-electrical-repair/requests/.klt/place-and-route/trng_digital_route.spef line 183757, pin bus_rdata_r[27] not found.
[WARNING STA-1656] /home/ubuntu/GitHub/sky130-trng/.loom/worktrees/issue-236/sim/digital-electrical-repair/requests/.klt/place-and-route/trng_digital_route.spef line 183758, pin bus_rdata_r[28] not found.
[WARNING STA-1656] /home/ubuntu/GitHub/sky130-trng/.loom/worktrees/issue-236/sim/digital-electrical-repair/requests/.klt/place-and-route/trng_digital_route.spef line 183777, pin bus_rdata_r[23] not found.
[WARNING STA-1656] /home/ubuntu/GitHub/sky130-trng/.loom/worktrees/issue-236/sim/digital-electrical-repair/requests/.klt/place-and-route/trng_digital_route.spef line 183806, pin bus_rdata_r[17] not found.
[WARNING STA-1656] /home/ubuntu/GitHub/sky130-trng/.loom/worktrees/issue-236/sim/digital-electrical-repair/requests/.klt/place-and-route/trng_digital_route.spef line 183807, pin bus_rdata_r[1] not found.
[WARNING STA-1656] /home/ubuntu/GitHub/sky130-trng/.loom/worktrees/issue-236/sim/digital-electrical-repair/requests/.klt/place-and-route/trng_digital_route.spef line 183808, pin bus_rdata_r[4] not found.
[WARNING STA-1656] /home/ubuntu/GitHub/sky130-trng/.loom/worktrees/issue-236/sim/digital-electrical-repair/requests/.klt/place-and-route/trng_digital_route.spef line 183858, pin bus_rdata_r[23] not found.
[WARNING STA-1656] /home/ubuntu/GitHub/sky130-trng/.loom/worktrees/issue-236/sim/digital-electrical-repair/requests/.klt/place-and-route/trng_digital_route.spef line 183890, pin bus_rdata_r[10] not found.
[WARNING STA-1656] /home/ubuntu/GitHub/sky130-trng/.loom/worktrees/issue-236/sim/digital-electrical-repair/requests/.klt/place-and-route/trng_digital_route.spef line 183891, pin bus_rdata_r[17] not found.
[WARNING STA-1656] /home/ubuntu/GitHub/sky130-trng/.loom/worktrees/issue-236/sim/digital-electrical-repair/requests/.klt/place-and-route/trng_digital_route.spef line 183892, pin bus_rdata_r[20] not found.
[WARNING STA-1656] /home/ubuntu/GitHub/sky130-trng/.loom/worktrees/issue-236/sim/digital-electrical-repair/requests/.klt/place-and-route/trng_digital_route.spef line 183893, pin bus_rdata_r[4] not found.
[WARNING STA-1656] /home/ubuntu/GitHub/sky130-trng/.loom/worktrees/issue-236/sim/digital-electrical-repair/requests/.klt/place-and-route/trng_digital_route.spef line 183894, pin bus_rdata_r[7] not found.
[WARNING STA-1656] /home/ubuntu/GitHub/sky130-trng/.loom/worktrees/issue-236/sim/digital-electrical-repair/requests/.klt/place-and-route/trng_digital_route.spef line 183895, pin bus_rdata_r[8] not found.
[WARNING STA-1656] /home/ubuntu/GitHub/sky130-trng/.loom/worktrees/issue-236/sim/digital-electrical-repair/requests/.klt/place-and-route/trng_digital_route.spef line 183938, pin startup_done152 not found.
[WARNING STA-1656] /home/ubuntu/GitHub/sky130-trng/.loom/worktrees/issue-236/sim/digital-electrical-repair/requests/.klt/place-and-route/trng_digital_route.spef line 183956, pin bus_rdata_r[19] not found.
[WARNING STA-1656] /home/ubuntu/GitHub/sky130-trng/.loom/worktrees/issue-236/sim/digital-electrical-repair/requests/.klt/place-and-route/trng_digital_route.spef line 183957, pin bus_rdata_r[25] not found.
[WARNING STA-1656] /home/ubuntu/GitHub/sky130-trng/.loom/worktrees/issue-236/sim/digital-electrical-repair/requests/.klt/place-and-route/trng_digital_route.spef line 183958, pin bus_rdata_r[30] not found.
[WARNING STA-1656] /home/ubuntu/GitHub/sky130-trng/.loom/worktrees/issue-236/sim/digital-electrical-repair/requests/.klt/place-and-route/trng_digital_route.spef line 183977, pin bus_rdata_r[0] not found.
[WARNING STA-1656] /home/ubuntu/GitHub/sky130-trng/.loom/worktrees/issue-236/sim/digital-electrical-repair/requests/.klt/place-and-route/trng_digital_route.spef line 183978, pin bus_rdata_r[12] not found.
[WARNING STA-1656] /home/ubuntu/GitHub/sky130-trng/.loom/worktrees/issue-236/sim/digital-electrical-repair/requests/.klt/place-and-route/trng_digital_route.spef line 183979, pin bus_rdata_r[13] not found.
[WARNING STA-1656] /home/ubuntu/GitHub/sky130-trng/.loom/worktrees/issue-236/sim/digital-electrical-repair/requests/.klt/place-and-route/trng_digital_route.spef line 183980, pin bus_rdata_r[14] not found.
[WARNING STA-1656] /home/ubuntu/GitHub/sky130-trng/.loom/worktrees/issue-236/sim/digital-electrical-repair/requests/.klt/place-and-route/trng_digital_route.spef line 183981, pin bus_rdata_r[15] not found.
[WARNING STA-1656] /home/ubuntu/GitHub/sky130-trng/.loom/worktrees/issue-236/sim/digital-electrical-repair/requests/.klt/place-and-route/trng_digital_route.spef line 183982, pin bus_rdata_r[18] not found.
[WARNING STA-1656] /home/ubuntu/GitHub/sky130-trng/.loom/worktrees/issue-236/sim/digital-electrical-repair/requests/.klt/place-and-route/trng_digital_route.spef line 183983, pin bus_rdata_r[28] not found.
[WARNING STA-1656] /home/ubuntu/GitHub/sky130-trng/.loom/worktrees/issue-236/sim/digital-electrical-repair/requests/.klt/place-and-route/trng_digital_route.spef line 183984, pin bus_rdata_r[9] not found.
[WARNING STA-1656] /home/ubuntu/GitHub/sky130-trng/.loom/worktrees/issue-236/sim/digital-electrical-repair/requests/.klt/place-and-route/trng_digital_route.spef line 184018, pin bus_rdata_r[16] not found.
[WARNING STA-1656] /home/ubuntu/GitHub/sky130-trng/.loom/worktrees/issue-236/sim/digital-electrical-repair/requests/.klt/place-and-route/trng_digital_route.spef line 184075, pin bus_rdata_r[16] not found.
[WARNING STA-1656] /home/ubuntu/GitHub/sky130-trng/.loom/worktrees/issue-236/sim/digital-electrical-repair/requests/.klt/place-and-route/trng_digital_route.spef line 184076, pin bus_rdata_r[17] not found.
[WARNING STA-1656] /home/ubuntu/GitHub/sky130-trng/.loom/worktrees/issue-236/sim/digital-electrical-repair/requests/.klt/place-and-route/trng_digital_route.spef line 184077, pin bus_rdata_r[1] not found.
[WARNING STA-1656] /home/ubuntu/GitHub/sky130-trng/.loom/worktrees/issue-236/sim/digital-electrical-repair/requests/.klt/place-and-route/trng_digital_route.spef line 184078, pin bus_rdata_r[3] not found.
[WARNING STA-1656] /home/ubuntu/GitHub/sky130-trng/.loom/worktrees/issue-236/sim/digital-electrical-repair/requests/.klt/place-and-route/trng_digital_route.spef line 184079, pin bus_rdata_r[7] not found.
[WARNING STA-1656] /home/ubuntu/GitHub/sky130-trng/.loom/worktrees/issue-236/sim/digital-electrical-repair/requests/.klt/place-and-route/trng_digital_route.spef line 184180, pin bus_rdata_r[17] not found.
[WARNING STA-1656] /home/ubuntu/GitHub/sky130-trng/.loom/worktrees/issue-236/sim/digital-electrical-repair/requests/.klt/place-and-route/trng_digital_route.spef line 184198, pin bus_rdata_r[17] not found.
[WARNING STA-1656] /home/ubuntu/GitHub/sky130-trng/.loom/worktrees/issue-236/sim/digital-electrical-repair/requests/.klt/place-and-route/trng_digital_route.spef line 184216, pin bus_rdata_r[16] not found.
[WARNING STA-1656] /home/ubuntu/GitHub/sky130-trng/.loom/worktrees/issue-236/sim/digital-electrical-repair/requests/.klt/place-and-route/trng_digital_route.spef line 184244, pin bus_rdata_r[3] not found.
[WARNING STA-1656] /home/ubuntu/GitHub/sky130-trng/.loom/worktrees/issue-236/sim/digital-electrical-repair/requests/.klt/place-and-route/trng_digital_route.spef line 184289, pin bus_rdata_r[14] not found.
[WARNING STA-1656] /home/ubuntu/GitHub/sky130-trng/.loom/worktrees/issue-236/sim/digital-electrical-repair/requests/.klt/place-and-route/trng_digital_route.spef line 184290, pin bus_rdata_r[16] not found.
[WARNING STA-1656] /home/ubuntu/GitHub/sky130-trng/.loom/worktrees/issue-236/sim/digital-electrical-repair/requests/.klt/place-and-route/trng_digital_route.spef line 184291, pin bus_rdata_r[17] not found.
[WARNING STA-1656] /home/ubuntu/GitHub/sky130-trng/.loom/worktrees/issue-236/sim/digital-electrical-repair/requests/.klt/place-and-route/trng_digital_route.spef line 184292, pin bus_rdata_r[3] not found.
[WARNING STA-1656] /home/ubuntu/GitHub/sky130-trng/.loom/worktrees/issue-236/sim/digital-electrical-repair/requests/.klt/place-and-route/trng_digital_route.spef line 184293, pin bus_rdata_r[7] not found.
[WARNING STA-1656] /home/ubuntu/GitHub/sky130-trng/.loom/worktrees/issue-236/sim/digital-electrical-repair/requests/.klt/place-and-route/trng_digital_route.spef line 184322, pin startup_done152 not found.
[WARNING STA-1656] /home/ubuntu/GitHub/sky130-trng/.loom/worktrees/issue-236/sim/digital-electrical-repair/requests/.klt/place-and-route/trng_digital_route.spef line 184366, pin bus_rdata_r[15] not found.
[WARNING STA-1656] /home/ubuntu/GitHub/sky130-trng/.loom/worktrees/issue-236/sim/digital-electrical-repair/requests/.klt/place-and-route/trng_digital_route.spef line 184386, pin bus_rdata_r[14] not found.
[WARNING STA-1656] /home/ubuntu/GitHub/sky130-trng/.loom/worktrees/issue-236/sim/digital-electrical-repair/requests/.klt/place-and-route/trng_digital_route.spef line 184387, pin bus_rdata_r[17] not found.
[WARNING STA-1656] /home/ubuntu/GitHub/sky130-trng/.loom/worktrees/issue-236/sim/digital-electrical-repair/requests/.klt/place-and-route/trng_digital_route.spef line 184408, pin bus_rdata_r[14] not found.
[WARNING STA-1656] /home/ubuntu/GitHub/sky130-trng/.loom/worktrees/issue-236/sim/digital-electrical-repair/requests/.klt/place-and-route/trng_digital_route.spef line 184430, pin bus_rdata_r[13] not found.
[WARNING STA-1656] /home/ubuntu/GitHub/sky130-trng/.loom/worktrees/issue-236/sim/digital-electrical-repair/requests/.klt/place-and-route/trng_digital_route.spef line 184431, pin bus_rdata_r[14] not found.
[WARNING STA-1656] /home/ubuntu/GitHub/sky130-trng/.loom/worktrees/issue-236/sim/digital-electrical-repair/requests/.klt/place-and-route/trng_digital_route.spef line 184432, pin bus_rdata_r[9] not found.
[WARNING STA-1656] /home/ubuntu/GitHub/sky130-trng/.loom/worktrees/issue-236/sim/digital-electrical-repair/requests/.klt/place-and-route/trng_digital_route.spef line 184451, pin bus_rdata_r[1] not found.
[WARNING STA-1656] /home/ubuntu/GitHub/sky130-trng/.loom/worktrees/issue-236/sim/digital-electrical-repair/requests/.klt/place-and-route/trng_digital_route.spef line 184452, pin bus_rdata_r[21] not found.
[WARNING STA-1656] /home/ubuntu/GitHub/sky130-trng/.loom/worktrees/issue-236/sim/digital-electrical-repair/requests/.klt/place-and-route/trng_digital_route.spef line 184453, pin bus_rdata_r[23] not found.
[WARNING STA-1656] /home/ubuntu/GitHub/sky130-trng/.loom/worktrees/issue-236/sim/digital-electrical-repair/requests/.klt/place-and-route/trng_digital_route.spef line 184454, pin bus_rdata_r[27] not found.
[WARNING STA-1656] /home/ubuntu/GitHub/sky130-trng/.loom/worktrees/issue-236/sim/digital-electrical-repair/requests/.klt/place-and-route/trng_digital_route.spef line 184455, pin bus_rdata_r[9] not found.
[WARNING STA-1656] /home/ubuntu/GitHub/sky130-trng/.loom/worktrees/issue-236/sim/digital-electrical-repair/requests/.klt/place-and-route/trng_digital_route.spef line 184479, pin bus_rdata_r[12] not found.
[WARNING STA-1656] /home/ubuntu/GitHub/sky130-trng/.loom/worktrees/issue-236/sim/digital-electrical-repair/requests/.klt/place-and-route/trng_digital_route.spef line 184500, pin bus_rdata_r[14] not found.
[WARNING STA-1656] /home/ubuntu/GitHub/sky130-trng/.loom/worktrees/issue-236/sim/digital-electrical-repair/requests/.klt/place-and-route/trng_digital_route.spef line 184534, pin bus_rdata_r[11] not found.
[WARNING STA-1656] /home/ubuntu/GitHub/sky130-trng/.loom/worktrees/issue-236/sim/digital-electrical-repair/requests/.klt/place-and-route/trng_digital_route.spef line 184535, pin bus_rdata_r[16] not found.
[WARNING STA-1656] /home/ubuntu/GitHub/sky130-trng/.loom/worktrees/issue-236/sim/digital-electrical-repair/requests/.klt/place-and-route/trng_digital_route.spef line 184536, pin bus_rdata_r[17] not found.
[WARNING STA-1656] /home/ubuntu/GitHub/sky130-trng/.loom/worktrees/issue-236/sim/digital-electrical-repair/requests/.klt/place-and-route/trng_digital_route.spef line 184537, pin bus_rdata_r[2] not found.
[WARNING STA-1656] /home/ubuntu/GitHub/sky130-trng/.loom/worktrees/issue-236/sim/digital-electrical-repair/requests/.klt/place-and-route/trng_digital_route.spef line 184538, pin bus_rdata_r[3] not found.
[WARNING STA-1656] /home/ubuntu/GitHub/sky130-trng/.loom/worktrees/issue-236/sim/digital-electrical-repair/requests/.klt/place-and-route/trng_digital_route.spef line 184584, pin startup_done152 not found.
[WARNING STA-1656] /home/ubuntu/GitHub/sky130-trng/.loom/worktrees/issue-236/sim/digital-electrical-repair/requests/.klt/place-and-route/trng_digital_route.spef line 184610, pin bus_rdata_r[16] not found.
[WARNING STA-1656] /home/ubuntu/GitHub/sky130-trng/.loom/worktrees/issue-236/sim/digital-electrical-repair/requests/.klt/place-and-route/trng_digital_route.spef line 184642, pin bus_rdata_r[17] not found.
[WARNING STA-1656] /home/ubuntu/GitHub/sky130-trng/.loom/worktrees/issue-236/sim/digital-electrical-repair/requests/.klt/place-and-route/trng_digital_route.spef line 184643, pin bus_rdata_r[7] not found.
[WARNING STA-1656] /home/ubuntu/GitHub/sky130-trng/.loom/worktrees/issue-236/sim/digital-electrical-repair/requests/.klt/place-and-route/trng_digital_route.spef line 184704, pin bus_rdata_r[17] not found.
[WARNING STA-1656] /home/ubuntu/GitHub/sky130-trng/.loom/worktrees/issue-236/sim/digital-electrical-repair/requests/.klt/place-and-route/trng_digital_route.spef line 184705, pin bus_rdata_r[20] not found.
[WARNING STA-1656] /home/ubuntu/GitHub/sky130-trng/.loom/worktrees/issue-236/sim/digital-electrical-repair/requests/.klt/place-and-route/trng_digital_route.spef line 184706, pin bus_rdata_r[2] not found.
[WARNING STA-1656] /home/ubuntu/GitHub/sky130-trng/.loom/worktrees/issue-236/sim/digital-electrical-repair/requests/.klt/place-and-route/trng_digital_route.spef line 184707, pin bus_rdata_r[3] not found.
[WARNING STA-1656] /home/ubuntu/GitHub/sky130-trng/.loom/worktrees/issue-236/sim/digital-electrical-repair/requests/.klt/place-and-route/trng_digital_route.spef line 184708, pin bus_rdata_r[7] not found.
[WARNING STA-1656] /home/ubuntu/GitHub/sky130-trng/.loom/worktrees/issue-236/sim/digital-electrical-repair/requests/.klt/place-and-route/trng_digital_route.spef line 184772, pin bus_rdata_r[4] not found.
[WARNING STA-1656] /home/ubuntu/GitHub/sky130-trng/.loom/worktrees/issue-236/sim/digital-electrical-repair/requests/.klt/place-and-route/trng_digital_route.spef line 184806, pin bus_rdata_r[16] not found.
[WARNING STA-1656] /home/ubuntu/GitHub/sky130-trng/.loom/worktrees/issue-236/sim/digital-electrical-repair/requests/.klt/place-and-route/trng_digital_route.spef line 184807, pin bus_rdata_r[17] not found.
[WARNING STA-1656] /home/ubuntu/GitHub/sky130-trng/.loom/worktrees/issue-236/sim/digital-electrical-repair/requests/.klt/place-and-route/trng_digital_route.spef line 184808, pin bus_rdata_r[3] not found.
[WARNING STA-1656] /home/ubuntu/GitHub/sky130-trng/.loom/worktrees/issue-236/sim/digital-electrical-repair/requests/.klt/place-and-route/trng_digital_route.spef line 184809, pin bus_rdata_r[4] not found.
[WARNING STA-1656] /home/ubuntu/GitHub/sky130-trng/.loom/worktrees/issue-236/sim/digital-electrical-repair/requests/.klt/place-and-route/trng_digital_route.spef line 184810, pin bus_rdata_r[7] not found.
[WARNING STA-1656] /home/ubuntu/GitHub/sky130-trng/.loom/worktrees/issue-236/sim/digital-electrical-repair/requests/.klt/place-and-route/trng_digital_route.spef line 184834, pin startup_done152 not found.
[WARNING STA-1656] /home/ubuntu/GitHub/sky130-trng/.loom/worktrees/issue-236/sim/digital-electrical-repair/requests/.klt/place-and-route/trng_digital_route.spef line 184862, pin bus_rdata_r[9] not found.
[WARNING STA-1656] /home/ubuntu/GitHub/sky130-trng/.loom/worktrees/issue-236/sim/digital-electrical-repair/requests/.klt/place-and-route/trng_digital_route.spef line 184885, pin bus_rdata_r[4] not found.
[WARNING STA-1656] /home/ubuntu/GitHub/sky130-trng/.loom/worktrees/issue-236/sim/digital-electrical-repair/requests/.klt/place-and-route/trng_digital_route.spef line 184906, pin bus_rdata_r[15] not found.
[WARNING STA-1656] /home/ubuntu/GitHub/sky130-trng/.loom/worktrees/issue-236/sim/digital-electrical-repair/requests/.klt/place-and-route/trng_digital_route.spef line 184907, pin bus_rdata_r[9] not found.
[WARNING STA-1656] /home/ubuntu/GitHub/sky130-trng/.loom/worktrees/issue-236/sim/digital-electrical-repair/requests/.klt/place-and-route/trng_digital_route.spef line 184935, pin bus_rdata_r[16] not found.
[WARNING STA-1656] /home/ubuntu/GitHub/sky130-trng/.loom/worktrees/issue-236/sim/digital-electrical-repair/requests/.klt/place-and-route/trng_digital_route.spef line 184980, pin bus_rdata_r[2] not found.
[WARNING STA-1656] /home/ubuntu/GitHub/sky130-trng/.loom/worktrees/issue-236/sim/digital-electrical-repair/requests/.klt/place-and-route/trng_digital_route.spef line 184981, pin bus_rdata_r[3] not found.
[WARNING STA-1656] /home/ubuntu/GitHub/sky130-trng/.loom/worktrees/issue-236/sim/digital-electrical-repair/requests/.klt/place-and-route/trng_digital_route.spef line 184982, pin bus_rdata_r[7] not found.
[WARNING STA-1656] /home/ubuntu/GitHub/sky130-trng/.loom/worktrees/issue-236/sim/digital-electrical-repair/requests/.klt/place-and-route/trng_digital_route.spef line 185010, pin bus_rdata_r[4] not found.
[WARNING STA-1656] /home/ubuntu/GitHub/sky130-trng/.loom/worktrees/issue-236/sim/digital-electrical-repair/requests/.klt/place-and-route/trng_digital_route.spef line 185011, pin bus_rdata_r[8] not found.
[WARNING STA-1656] /home/ubuntu/GitHub/sky130-trng/.loom/worktrees/issue-236/sim/digital-electrical-repair/requests/.klt/place-and-route/trng_digital_route.spef line 185029, pin bus_rdata_r[17] not found.
[WARNING STA-1656] /home/ubuntu/GitHub/sky130-trng/.loom/worktrees/issue-236/sim/digital-electrical-repair/requests/.klt/place-and-route/trng_digital_route.spef line 185030, pin bus_rdata_r[7] not found.
[WARNING STA-1656] /home/ubuntu/GitHub/sky130-trng/.loom/worktrees/issue-236/sim/digital-electrical-repair/requests/.klt/place-and-route/trng_digital_route.spef line 185035, pin startup_done152 not found.
[WARNING STA-1656] /home/ubuntu/GitHub/sky130-trng/.loom/worktrees/issue-236/sim/digital-electrical-repair/requests/.klt/place-and-route/trng_digital_route.spef line 185064, pin bus_rdata_r[16] not found.
[WARNING STA-1656] /home/ubuntu/GitHub/sky130-trng/.loom/worktrees/issue-236/sim/digital-electrical-repair/requests/.klt/place-and-route/trng_digital_route.spef line 185109, pin bus_rdata_r[6] not found.
[WARNING STA-1656] /home/ubuntu/GitHub/sky130-trng/.loom/worktrees/issue-236/sim/digital-electrical-repair/requests/.klt/place-and-route/trng_digital_route.spef line 185111, pin startup_done152 not found.
[WARNING STA-1656] /home/ubuntu/GitHub/sky130-trng/.loom/worktrees/issue-236/sim/digital-electrical-repair/requests/.klt/place-and-route/trng_digital_route.spef line 185150, pin bus_rdata_r[3] not found.
[WARNING STA-1656] /home/ubuntu/GitHub/sky130-trng/.loom/worktrees/issue-236/sim/digital-electrical-repair/requests/.klt/place-and-route/trng_digital_route.spef line 185151, pin bus_rdata_r[7] not found.
[WARNING STA-1656] /home/ubuntu/GitHub/sky130-trng/.loom/worktrees/issue-236/sim/digital-electrical-repair/requests/.klt/place-and-route/trng_digital_route.spef line 185189, pin bus_rdata_r[12] not found.
[WARNING STA-1656] /home/ubuntu/GitHub/sky130-trng/.loom/worktrees/issue-236/sim/digital-electrical-repair/requests/.klt/place-and-route/trng_digital_route.spef line 185190, pin bus_rdata_r[14] not found.
[WARNING STA-1656] /home/ubuntu/GitHub/sky130-trng/.loom/worktrees/issue-236/sim/digital-electrical-repair/requests/.klt/place-and-route/trng_digital_route.spef line 185191, pin bus_rdata_r[15] not found.
[WARNING STA-1656] /home/ubuntu/GitHub/sky130-trng/.loom/worktrees/issue-236/sim/digital-electrical-repair/requests/.klt/place-and-route/trng_digital_route.spef line 185192, pin bus_rdata_r[1] not found.
[WARNING STA-1656] /home/ubuntu/GitHub/sky130-trng/.loom/worktrees/issue-236/sim/digital-electrical-repair/requests/.klt/place-and-route/trng_digital_route.spef line 185193, pin bus_rdata_r[21] not found.
[WARNING STA-1656] /home/ubuntu/GitHub/sky130-trng/.loom/worktrees/issue-236/sim/digital-electrical-repair/requests/.klt/place-and-route/trng_digital_route.spef line 185194, pin bus_rdata_r[5] not found.
[WARNING STA-1656] /home/ubuntu/GitHub/sky130-trng/.loom/worktrees/issue-236/sim/digital-electrical-repair/requests/.klt/place-and-route/trng_digital_route.spef line 185224, pin bus_rdata_r[21] not found.
[WARNING STA-1656] /home/ubuntu/GitHub/sky130-trng/.loom/worktrees/issue-236/sim/digital-electrical-repair/requests/.klt/place-and-route/trng_digital_route.spef line 185225, pin bus_rdata_r[23] not found.
[WARNING STA-1656] /home/ubuntu/GitHub/sky130-trng/.loom/worktrees/issue-236/sim/digital-electrical-repair/requests/.klt/place-and-route/trng_digital_route.spef line 185289, pin bus_rdata_r[3] not found.
[WARNING STA-1656] /home/ubuntu/GitHub/sky130-trng/.loom/worktrees/issue-236/sim/digital-electrical-repair/requests/.klt/place-and-route/trng_digital_route.spef line 185290, pin bus_rdata_r[7] not found.
[WARNING STA-1656] /home/ubuntu/GitHub/sky130-trng/.loom/worktrees/issue-236/sim/digital-electrical-repair/requests/.klt/place-and-route/trng_digital_route.spef line 185321, pin bus_rdata_r[12] not found.
[WARNING STA-1656] /home/ubuntu/GitHub/sky130-trng/.loom/worktrees/issue-236/sim/digital-electrical-repair/requests/.klt/place-and-route/trng_digital_route.spef line 185322, pin bus_rdata_r[4] not found.
[WARNING STA-1656] /home/ubuntu/GitHub/sky130-trng/.loom/worktrees/issue-236/sim/digital-electrical-repair/requests/.klt/place-and-route/trng_digital_route.spef line 185343, pin bus_rdata_r[12] not found.
[WARNING STA-1656] /home/ubuntu/GitHub/sky130-trng/.loom/worktrees/issue-236/sim/digital-electrical-repair/requests/.klt/place-and-route/trng_digital_route.spef line 185344, pin bus_rdata_r[14] not found.
[WARNING STA-1656] /home/ubuntu/GitHub/sky130-trng/.loom/worktrees/issue-236/sim/digital-electrical-repair/requests/.klt/place-and-route/trng_digital_route.spef line 185369, pin bus_rdata_r[17] not found.
[WARNING STA-1656] /home/ubuntu/GitHub/sky130-trng/.loom/worktrees/issue-236/sim/digital-electrical-repair/requests/.klt/place-and-route/trng_digital_route.spef line 185392, pin bus_rdata_r[16] not found.
[WARNING STA-1656] /home/ubuntu/GitHub/sky130-trng/.loom/worktrees/issue-236/sim/digital-electrical-repair/requests/.klt/place-and-route/trng_digital_route.spef line 185433, pin bus_rdata_r[3] not found.
[WARNING STA-1656] /home/ubuntu/GitHub/sky130-trng/.loom/worktrees/issue-236/sim/digital-electrical-repair/requests/.klt/place-and-route/trng_digital_route.spef line 185434, pin bus_rdata_r[7] not found.
[WARNING STA-1656] /home/ubuntu/GitHub/sky130-trng/.loom/worktrees/issue-236/sim/digital-electrical-repair/requests/.klt/place-and-route/trng_digital_route.spef line 185463, pin bus_rdata_r[2] not found.
[WARNING STA-1656] /home/ubuntu/GitHub/sky130-trng/.loom/worktrees/issue-236/sim/digital-electrical-repair/requests/.klt/place-and-route/trng_digital_route.spef line 185492, pin bus_rdata_r[4] not found.
[WARNING STA-1656] /home/ubuntu/GitHub/sky130-trng/.loom/worktrees/issue-236/sim/digital-electrical-repair/requests/.klt/place-and-route/trng_digital_route.spef line 185512, pin bus_rdata_r[14] not found.
[WARNING STA-1656] /home/ubuntu/GitHub/sky130-trng/.loom/worktrees/issue-236/sim/digital-electrical-repair/requests/.klt/place-and-route/trng_digital_route.spef line 185539, pin bus_rdata_r[3] not found.
[WARNING STA-1656] /home/ubuntu/GitHub/sky130-trng/.loom/worktrees/issue-236/sim/digital-electrical-repair/requests/.klt/place-and-route/trng_digital_route.spef line 185540, pin bus_rdata_r[7] not found.
[WARNING STA-1656] /home/ubuntu/GitHub/sky130-trng/.loom/worktrees/issue-236/sim/digital-electrical-repair/requests/.klt/place-and-route/trng_digital_route.spef line 185606, pin bus_rdata_r[1] not found.
[WARNING STA-1656] /home/ubuntu/GitHub/sky130-trng/.loom/worktrees/issue-236/sim/digital-electrical-repair/requests/.klt/place-and-route/trng_digital_route.spef line 185631, pin bus_rdata_r[3] not found.
[WARNING STA-1656] /home/ubuntu/GitHub/sky130-trng/.loom/worktrees/issue-236/sim/digital-electrical-repair/requests/.klt/place-and-route/trng_digital_route.spef line 185672, pin bus_rdata_r[3] not found.
[WARNING STA-1656] /home/ubuntu/GitHub/sky130-trng/.loom/worktrees/issue-236/sim/digital-electrical-repair/requests/.klt/place-and-route/trng_digital_route.spef line 185673, pin bus_rdata_r[7] not found.
[WARNING STA-1656] /home/ubuntu/GitHub/sky130-trng/.loom/worktrees/issue-236/sim/digital-electrical-repair/requests/.klt/place-and-route/trng_digital_route.spef line 185703, pin bus_rdata_r[0] not found.
[WARNING STA-1656] /home/ubuntu/GitHub/sky130-trng/.loom/worktrees/issue-236/sim/digital-electrical-repair/requests/.klt/place-and-route/trng_digital_route.spef line 185704, pin bus_rdata_r[4] not found.
[WARNING STA-1656] /home/ubuntu/GitHub/sky130-trng/.loom/worktrees/issue-236/sim/digital-electrical-repair/requests/.klt/place-and-route/trng_digital_route.spef line 185705, pin bus_rdata_r[9] not found.
[WARNING STA-1656] /home/ubuntu/GitHub/sky130-trng/.loom/worktrees/issue-236/sim/digital-electrical-repair/requests/.klt/place-and-route/trng_digital_route.spef line 185745, pin bus_rdata_r[16] not found.
[WARNING STA-1656] /home/ubuntu/GitHub/sky130-trng/.loom/worktrees/issue-236/sim/digital-electrical-repair/requests/.klt/place-and-route/trng_digital_route.spef line 186442, pin startup_done152 not found.
[WARNING STA-1656] /home/ubuntu/GitHub/sky130-trng/.loom/worktrees/issue-236/sim/digital-electrical-repair/requests/.klt/place-and-route/trng_digital_route.spef line 186469, pin startup_done152 not found.
[WARNING STA-1656] /home/ubuntu/GitHub/sky130-trng/.loom/worktrees/issue-236/sim/digital-electrical-repair/requests/.klt/place-and-route/trng_digital_route.spef line 186489, pin bus_rdata_r[1] not found.
[WARNING STA-1656] /home/ubuntu/GitHub/sky130-trng/.loom/worktrees/issue-236/sim/digital-electrical-repair/requests/.klt/place-and-route/trng_digital_route.spef line 186515, pin bus_rdata_r[2] not found.
[WARNING STA-1656] /home/ubuntu/GitHub/sky130-trng/.loom/worktrees/issue-236/sim/digital-electrical-repair/requests/.klt/place-and-route/trng_digital_route.spef line 187698, pin bus_rdata_r[16] not found.
[WARNING STA-1656] /home/ubuntu/GitHub/sky130-trng/.loom/worktrees/issue-236/sim/digital-electrical-repair/requests/.klt/place-and-route/trng_digital_route.spef line 187699, pin bus_rdata_r[2] not found.
[WARNING STA-1656] /home/ubuntu/GitHub/sky130-trng/.loom/worktrees/issue-236/sim/digital-electrical-repair/requests/.klt/place-and-route/trng_digital_route.spef line 187700, pin bus_rdata_r[30] not found.
[WARNING STA-1656] /home/ubuntu/GitHub/sky130-trng/.loom/worktrees/issue-236/sim/digital-electrical-repair/requests/.klt/place-and-route/trng_digital_route.spef line 187701, pin bus_rdata_r[6] not found.
[WARNING STA-1656] /home/ubuntu/GitHub/sky130-trng/.loom/worktrees/issue-236/sim/digital-electrical-repair/requests/.klt/place-and-route/trng_digital_route.spef line 187769, pin bus_rdata_r[11] not found.
[WARNING STA-1656] /home/ubuntu/GitHub/sky130-trng/.loom/worktrees/issue-236/sim/digital-electrical-repair/requests/.klt/place-and-route/trng_digital_route.spef line 187770, pin bus_rdata_r[20] not found.
[WARNING STA-1656] /home/ubuntu/GitHub/sky130-trng/.loom/worktrees/issue-236/sim/digital-electrical-repair/requests/.klt/place-and-route/trng_digital_route.spef line 187771, pin bus_rdata_r[25] not found.
[WARNING STA-1656] /home/ubuntu/GitHub/sky130-trng/.loom/worktrees/issue-236/sim/digital-electrical-repair/requests/.klt/place-and-route/trng_digital_route.spef line 187772, pin bus_rdata_r[2] not found.
[WARNING STA-1656] /home/ubuntu/GitHub/sky130-trng/.loom/worktrees/issue-236/sim/digital-electrical-repair/requests/.klt/place-and-route/trng_digital_route.spef line 187773, pin bus_rdata_r[3] not found.
[WARNING STA-1656] /home/ubuntu/GitHub/sky130-trng/.loom/worktrees/issue-236/sim/digital-electrical-repair/requests/.klt/place-and-route/trng_digital_route.spef line 187834, pin bus_rdata_r[0] not found.
[WARNING STA-1656] /home/ubuntu/GitHub/sky130-trng/.loom/worktrees/issue-236/sim/digital-electrical-repair/requests/.klt/place-and-route/trng_digital_route.spef line 187835, pin bus_rdata_r[10] not found.
[WARNING STA-1656] /home/ubuntu/GitHub/sky130-trng/.loom/worktrees/issue-236/sim/digital-electrical-repair/requests/.klt/place-and-route/trng_digital_route.spef line 187836, pin bus_rdata_r[15] not found.
[WARNING STA-1656] /home/ubuntu/GitHub/sky130-trng/.loom/worktrees/issue-236/sim/digital-electrical-repair/requests/.klt/place-and-route/trng_digital_route.spef line 187837, pin bus_rdata_r[3] not found.
[WARNING STA-1656] /home/ubuntu/GitHub/sky130-trng/.loom/worktrees/issue-236/sim/digital-electrical-repair/requests/.klt/place-and-route/trng_digital_route.spef line 187838, pin bus_rdata_r[4] not found.
[WARNING STA-1656] /home/ubuntu/GitHub/sky130-trng/.loom/worktrees/issue-236/sim/digital-electrical-repair/requests/.klt/place-and-route/trng_digital_route.spef line 187839, pin bus_rdata_r[7] not found.
[WARNING STA-1656] /home/ubuntu/GitHub/sky130-trng/.loom/worktrees/issue-236/sim/digital-electrical-repair/requests/.klt/place-and-route/trng_digital_route.spef line 187840, pin bus_rdata_r[9] not found.
[WARNING STA-1656] /home/ubuntu/GitHub/sky130-trng/.loom/worktrees/issue-236/sim/digital-electrical-repair/requests/.klt/place-and-route/trng_digital_route.spef line 187917, pin bus_rdata_r[10] not found.
[WARNING STA-1656] /home/ubuntu/GitHub/sky130-trng/.loom/worktrees/issue-236/sim/digital-electrical-repair/requests/.klt/place-and-route/trng_digital_route.spef line 187918, pin bus_rdata_r[3] not found.
[WARNING STA-1656] /home/ubuntu/GitHub/sky130-trng/.loom/worktrees/issue-236/sim/digital-electrical-repair/requests/.klt/place-and-route/trng_digital_route.spef line 187919, pin bus_rdata_r[4] not found.
[WARNING STA-1656] /home/ubuntu/GitHub/sky130-trng/.loom/worktrees/issue-236/sim/digital-electrical-repair/requests/.klt/place-and-route/trng_digital_route.spef line 187920, pin bus_rdata_r[7] not found.
[WARNING STA-1656] /home/ubuntu/GitHub/sky130-trng/.loom/worktrees/issue-236/sim/digital-electrical-repair/requests/.klt/place-and-route/trng_digital_route.spef line 187921, pin bus_rdata_r[8] not found.
[WARNING STA-1656] /home/ubuntu/GitHub/sky130-trng/.loom/worktrees/issue-236/sim/digital-electrical-repair/requests/.klt/place-and-route/trng_digital_route.spef line 187987, pin bus_rdata_r[0] not found.
[WARNING STA-1656] /home/ubuntu/GitHub/sky130-trng/.loom/worktrees/issue-236/sim/digital-electrical-repair/requests/.klt/place-and-route/trng_digital_route.spef line 187988, pin bus_rdata_r[0] not found.
[WARNING STA-1656] /home/ubuntu/GitHub/sky130-trng/.loom/worktrees/issue-236/sim/digital-electrical-repair/requests/.klt/place-and-route/trng_digital_route.spef line 187988, pin bus_rdata_r[10] not found.
[WARNING STA-1656] /home/ubuntu/GitHub/sky130-trng/.loom/worktrees/issue-236/sim/digital-electrical-repair/requests/.klt/place-and-route/trng_digital_route.spef line 187989, pin bus_rdata_r[0] not found.
[WARNING STA-1656] /home/ubuntu/GitHub/sky130-trng/.loom/worktrees/issue-236/sim/digital-electrical-repair/requests/.klt/place-and-route/trng_digital_route.spef line 187989, pin bus_rdata_r[15] not found.
[WARNING STA-1656] /home/ubuntu/GitHub/sky130-trng/.loom/worktrees/issue-236/sim/digital-electrical-repair/requests/.klt/place-and-route/trng_digital_route.spef line 187990, pin bus_rdata_r[0] not found.
[WARNING STA-1656] /home/ubuntu/GitHub/sky130-trng/.loom/worktrees/issue-236/sim/digital-electrical-repair/requests/.klt/place-and-route/trng_digital_route.spef line 187990, pin bus_rdata_r[18] not found.
[WARNING STA-1656] /home/ubuntu/GitHub/sky130-trng/.loom/worktrees/issue-236/sim/digital-electrical-repair/requests/.klt/place-and-route/trng_digital_route.spef line 187991, pin bus_rdata_r[0] not found.
[WARNING STA-1656] /home/ubuntu/GitHub/sky130-trng/.loom/worktrees/issue-236/sim/digital-electrical-repair/requests/.klt/place-and-route/trng_digital_route.spef line 187992, pin bus_rdata_r[0] not found.
[WARNING STA-1656] /home/ubuntu/GitHub/sky130-trng/.loom/worktrees/issue-236/sim/digital-electrical-repair/requests/.klt/place-and-route/trng_digital_route.spef line 187993, pin bus_rdata_r[0] not found.
[WARNING STA-1656] /home/ubuntu/GitHub/sky130-trng/.loom/worktrees/issue-236/sim/digital-electrical-repair/requests/.klt/place-and-route/trng_digital_route.spef line 187994, pin bus_rdata_r[0] not found.
[WARNING STA-1656] /home/ubuntu/GitHub/sky130-trng/.loom/worktrees/issue-236/sim/digital-electrical-repair/requests/.klt/place-and-route/trng_digital_route.spef line 187995, pin bus_rdata_r[0] not found.
[WARNING STA-1656] /home/ubuntu/GitHub/sky130-trng/.loom/worktrees/issue-236/sim/digital-electrical-repair/requests/.klt/place-and-route/trng_digital_route.spef line 187996, pin bus_rdata_r[0] not found.
[WARNING STA-1656] /home/ubuntu/GitHub/sky130-trng/.loom/worktrees/issue-236/sim/digital-electrical-repair/requests/.klt/place-and-route/trng_digital_route.spef line 187997, pin bus_rdata_r[0] not found.
[WARNING STA-1656] /home/ubuntu/GitHub/sky130-trng/.loom/worktrees/issue-236/sim/digital-electrical-repair/requests/.klt/place-and-route/trng_digital_route.spef line 187998, pin bus_rdata_r[0] not found.
[WARNING STA-1656] /home/ubuntu/GitHub/sky130-trng/.loom/worktrees/issue-236/sim/digital-electrical-repair/requests/.klt/place-and-route/trng_digital_route.spef line 188000, pin bus_rdata_r[0] not found.
[WARNING STA-1656] /home/ubuntu/GitHub/sky130-trng/.loom/worktrees/issue-236/sim/digital-electrical-repair/requests/.klt/place-and-route/trng_digital_route.spef line 188001, pin bus_rdata_r[0] not found.
[WARNING STA-1656] /home/ubuntu/GitHub/sky130-trng/.loom/worktrees/issue-236/sim/digital-electrical-repair/requests/.klt/place-and-route/trng_digital_route.spef line 188002, pin bus_rdata_r[0] not found.
[WARNING STA-1656] /home/ubuntu/GitHub/sky130-trng/.loom/worktrees/issue-236/sim/digital-electrical-repair/requests/.klt/place-and-route/trng_digital_route.spef line 188003, pin bus_rdata_r[0] not found.
[WARNING STA-1656] /home/ubuntu/GitHub/sky130-trng/.loom/worktrees/issue-236/sim/digital-electrical-repair/requests/.klt/place-and-route/trng_digital_route.spef line 188004, pin bus_rdata_r[0] not found.
[WARNING STA-1656] /home/ubuntu/GitHub/sky130-trng/.loom/worktrees/issue-236/sim/digital-electrical-repair/requests/.klt/place-and-route/trng_digital_route.spef line 188005, pin bus_rdata_r[0] not found.
[WARNING STA-1656] /home/ubuntu/GitHub/sky130-trng/.loom/worktrees/issue-236/sim/digital-electrical-repair/requests/.klt/place-and-route/trng_digital_route.spef line 188014, pin bus_rdata_r[10] not found.
[WARNING STA-1656] /home/ubuntu/GitHub/sky130-trng/.loom/worktrees/issue-236/sim/digital-electrical-repair/requests/.klt/place-and-route/trng_digital_route.spef line 188015, pin bus_rdata_r[10] not found.
[WARNING STA-1656] /home/ubuntu/GitHub/sky130-trng/.loom/worktrees/issue-236/sim/digital-electrical-repair/requests/.klt/place-and-route/trng_digital_route.spef line 188015, pin bus_rdata_r[15] not found.
[WARNING STA-1656] /home/ubuntu/GitHub/sky130-trng/.loom/worktrees/issue-236/sim/digital-electrical-repair/requests/.klt/place-and-route/trng_digital_route.spef line 188016, pin bus_rdata_r[10] not found.
[WARNING STA-1656] /home/ubuntu/GitHub/sky130-trng/.loom/worktrees/issue-236/sim/digital-electrical-repair/requests/.klt/place-and-route/trng_digital_route.spef line 188016, pin bus_rdata_r[20] not found.
[WARNING STA-1656] /home/ubuntu/GitHub/sky130-trng/.loom/worktrees/issue-236/sim/digital-electrical-repair/requests/.klt/place-and-route/trng_digital_route.spef line 188017, pin bus_rdata_r[10] not found.
[WARNING STA-1656] /home/ubuntu/GitHub/sky130-trng/.loom/worktrees/issue-236/sim/digital-electrical-repair/requests/.klt/place-and-route/trng_digital_route.spef line 188017, pin bus_rdata_r[22] not found.
[WARNING STA-1656] /home/ubuntu/GitHub/sky130-trng/.loom/worktrees/issue-236/sim/digital-electrical-repair/requests/.klt/place-and-route/trng_digital_route.spef line 188018, pin bus_rdata_r[10] not found.
[WARNING STA-1656] /home/ubuntu/GitHub/sky130-trng/.loom/worktrees/issue-236/sim/digital-electrical-repair/requests/.klt/place-and-route/trng_digital_route.spef line 188018, pin bus_rdata_r[26] not found.
[WARNING STA-1656] /home/ubuntu/GitHub/sky130-trng/.loom/worktrees/issue-236/sim/digital-electrical-repair/requests/.klt/place-and-route/trng_digital_route.spef line 188019, pin bus_rdata_r[10] not found.
[WARNING STA-1656] /home/ubuntu/GitHub/sky130-trng/.loom/worktrees/issue-236/sim/digital-electrical-repair/requests/.klt/place-and-route/trng_digital_route.spef line 188019, pin bus_rdata_r[4] not found.
[WARNING STA-1656] /home/ubuntu/GitHub/sky130-trng/.loom/worktrees/issue-236/sim/digital-electrical-repair/requests/.klt/place-and-route/trng_digital_route.spef line 188020, pin bus_rdata_r[10] not found.
[WARNING STA-1656] /home/ubuntu/GitHub/sky130-trng/.loom/worktrees/issue-236/sim/digital-electrical-repair/requests/.klt/place-and-route/trng_digital_route.spef line 188020, pin bus_rdata_r[8] not found.
[WARNING STA-1656] /home/ubuntu/GitHub/sky130-trng/.loom/worktrees/issue-236/sim/digital-electrical-repair/requests/.klt/place-and-route/trng_digital_route.spef line 188021, pin bus_rdata_r[10] not found.
[WARNING STA-1656] /home/ubuntu/GitHub/sky130-trng/.loom/worktrees/issue-236/sim/digital-electrical-repair/requests/.klt/place-and-route/trng_digital_route.spef line 188022, pin bus_rdata_r[10] not found.
[WARNING STA-1656] /home/ubuntu/GitHub/sky130-trng/.loom/worktrees/issue-236/sim/digital-electrical-repair/requests/.klt/place-and-route/trng_digital_route.spef line 188023, pin bus_rdata_r[10] not found.
[WARNING STA-1656] /home/ubuntu/GitHub/sky130-trng/.loom/worktrees/issue-236/sim/digital-electrical-repair/requests/.klt/place-and-route/trng_digital_route.spef line 188024, pin bus_rdata_r[10] not found.
[WARNING STA-1656] /home/ubuntu/GitHub/sky130-trng/.loom/worktrees/issue-236/sim/digital-electrical-repair/requests/.klt/place-and-route/trng_digital_route.spef line 188025, pin bus_rdata_r[10] not found.
[WARNING STA-1656] /home/ubuntu/GitHub/sky130-trng/.loom/worktrees/issue-236/sim/digital-electrical-repair/requests/.klt/place-and-route/trng_digital_route.spef line 188026, pin bus_rdata_r[10] not found.
[WARNING STA-1656] /home/ubuntu/GitHub/sky130-trng/.loom/worktrees/issue-236/sim/digital-electrical-repair/requests/.klt/place-and-route/trng_digital_route.spef line 188027, pin bus_rdata_r[10] not found.
[WARNING STA-1656] /home/ubuntu/GitHub/sky130-trng/.loom/worktrees/issue-236/sim/digital-electrical-repair/requests/.klt/place-and-route/trng_digital_route.spef line 188028, pin bus_rdata_r[10] not found.
[WARNING STA-1656] /home/ubuntu/GitHub/sky130-trng/.loom/worktrees/issue-236/sim/digital-electrical-repair/requests/.klt/place-and-route/trng_digital_route.spef line 188029, pin bus_rdata_r[10] not found.
[WARNING STA-1656] /home/ubuntu/GitHub/sky130-trng/.loom/worktrees/issue-236/sim/digital-electrical-repair/requests/.klt/place-and-route/trng_digital_route.spef line 188030, pin bus_rdata_r[10] not found.
[WARNING STA-1656] /home/ubuntu/GitHub/sky130-trng/.loom/worktrees/issue-236/sim/digital-electrical-repair/requests/.klt/place-and-route/trng_digital_route.spef line 188031, pin bus_rdata_r[10] not found.
[WARNING STA-1656] message limit (1000) reached. This message will no longer print.
===KLT_SETUP_VIOLATIONS_BEGIN===
No paths found.

===KLT_SETUP_VIOLATIONS_END===
===KLT_HOLD_VIOLATIONS_BEGIN===
No paths found.

===KLT_HOLD_VIOLATIONS_END===
